onset	duration	nwb_table	treelevel
8.211999893188477	0.09999999999999964	epochs	0.0
8.211999893188477	0.04499999999999993	epochs	1.0
8.256999893188476	0.009999999999999787	epochs	1.0
8.266999893188476	0.04499999999999993	epochs	1.0
8.311999893188476	0.7049950000000003	epochs	0.0
8.311999893188476	0.5	epochs	-1.0
8.311999893188476	0.5	epochs	-1.0
8.311999893188476	0.5	epochs	1.0
8.811999893188476	0.0600000000000005	epochs	-1.0
8.811999893188476	0.025000000000000355	epochs	-1.0
8.811999893188476	0.025000000000000355	epochs	1.0
8.836999893188477	0.009999999999999787	epochs	-1.0
8.836999893188477	0.009999999999999787	epochs	1.0
8.846999893188476	0.025000000000000355	epochs	-1.0
8.846999893188476	0.025000000000000355	epochs	1.0
8.871999893188477	0.0600000000000005	epochs	-1.0
8.871999893188477	0.025000000000000355	epochs	-1.0
8.871999893188477	0.025000000000000355	epochs	1.0
8.896999893188477	0.009999999999999787	epochs	-1.0
8.896999893188477	0.009999999999999787	epochs	1.0
8.906999893188477	0.025000000000000355	epochs	-1.0
8.906999893188477	0.025000000000000355	epochs	1.0
8.931999893188477	0.05999999999999872	epochs	-1.0
8.931999893188477	0.02499999999999858	epochs	-1.0
8.931999893188477	0.02499999999999858	epochs	1.0
8.956999893188476	0.010000000000001563	epochs	-1.0
8.956999893188476	0.010000000000001563	epochs	1.0
8.966999893188477	0.02499999999999858	epochs	-1.0
8.966999893188477	0.02499999999999858	epochs	1.0
8.991999893188476	0.024995000000000545	epochs	1.0
9.25600004196167	0.09999999999999964	epochs	0.0
9.25600004196167	0.04499999999999993	epochs	1.0
9.30100004196167	0.009999999999999787	epochs	1.0
9.31100004196167	0.04499999999999993	epochs	1.0
9.35600004196167	0.7049950000000003	epochs	0.0
9.35600004196167	0.5	epochs	-1.0
9.35600004196167	0.5	epochs	-1.0
9.35600004196167	0.5	epochs	1.0
9.85600004196167	0.0600000000000005	epochs	-1.0
9.85600004196167	0.025000000000000355	epochs	-1.0
9.85600004196167	0.025000000000000355	epochs	1.0
9.88100004196167	0.009999999999999787	epochs	-1.0
9.88100004196167	0.009999999999999787	epochs	1.0
9.89100004196167	0.025000000000000355	epochs	-1.0
9.89100004196167	0.025000000000000355	epochs	1.0
9.91600004196167	0.0600000000000005	epochs	-1.0
9.91600004196167	0.025000000000000355	epochs	-1.0
9.91600004196167	0.025000000000000355	epochs	1.0
9.94100004196167	0.009999999999999787	epochs	-1.0
9.94100004196167	0.009999999999999787	epochs	1.0
9.95100004196167	0.025000000000000355	epochs	-1.0
9.95100004196167	0.025000000000000355	epochs	1.0
9.97600004196167	0.05999999999999872	epochs	-1.0
9.97600004196167	0.02499999999999858	epochs	-1.0
9.97600004196167	0.02499999999999858	epochs	1.0
10.00100004196167	0.010000000000001563	epochs	-1.0
10.00100004196167	0.010000000000001563	epochs	1.0
10.01100004196167	0.02499999999999858	epochs	-1.0
10.01100004196167	0.02499999999999858	epochs	1.0
10.03600004196167	0.024995000000000545	epochs	1.0
10.342999935150146	0.09999999999999964	epochs	0.0
10.342999935150146	0.04499999999999993	epochs	1.0
10.387999935150146	0.009999999999999787	epochs	1.0
10.397999935150146	0.04499999999999993	epochs	1.0
10.442999935150146	0.7049950000000003	epochs	0.0
10.442999935150146	0.5	epochs	-1.0
10.442999935150146	0.5	epochs	-1.0
10.442999935150146	0.5	epochs	1.0
10.942999935150146	0.0600000000000005	epochs	-1.0
10.942999935150146	0.025000000000000355	epochs	-1.0
10.942999935150146	0.025000000000000355	epochs	1.0
10.967999935150146	0.009999999999999787	epochs	-1.0
10.967999935150146	0.009999999999999787	epochs	1.0
10.977999935150146	0.025000000000000355	epochs	-1.0
10.977999935150146	0.025000000000000355	epochs	1.0
11.002999935150147	0.0600000000000005	epochs	-1.0
11.002999935150147	0.025000000000000355	epochs	-1.0
11.002999935150147	0.025000000000000355	epochs	1.0
11.027999935150147	0.009999999999999787	epochs	-1.0
11.027999935150147	0.009999999999999787	epochs	1.0
11.037999935150147	0.025000000000000355	epochs	-1.0
11.037999935150147	0.025000000000000355	epochs	1.0
11.062999935150147	0.05999999999999872	epochs	-1.0
11.062999935150147	0.02499999999999858	epochs	-1.0
11.062999935150147	0.02499999999999858	epochs	1.0
11.087999935150146	0.010000000000001563	epochs	-1.0
11.087999935150146	0.010000000000001563	epochs	1.0
11.097999935150147	0.02499999999999858	epochs	-1.0
11.097999935150147	0.02499999999999858	epochs	1.0
11.122999935150146	0.024995000000000545	epochs	1.0
731.9019999504089	0.10000000000002274	epochs	0.0
731.9019999504089	0.04499999999995907	epochs	1.0
731.9469999504089	0.009999999999990905	epochs	1.0
731.9569999504089	0.04500000000007276	epochs	1.0
732.001999950409	0.7049949999999399	epochs	0.0
732.001999950409	0.5	epochs	-1.0
732.001999950409	0.5	epochs	1.0
732.501999950409	0.05999999999994543	epochs	-1.0
732.501999950409	0.024999999999977263	epochs	-1.0
732.501999950409	0.024999999999977263	epochs	1.0
732.5269999504089	0.009999999999990905	epochs	-1.0
732.5269999504089	0.009999999999990905	epochs	1.0
732.5369999504089	0.024999999999977263	epochs	-1.0
732.5369999504089	0.024999999999977263	epochs	1.0
732.5619999504089	0.06000000000005912	epochs	-1.0
732.5619999504089	0.024999999999977263	epochs	-1.0
732.5619999504089	0.024999999999977263	epochs	1.0
732.5869999504089	0.010000000000104592	epochs	-1.0
732.5869999504089	0.010000000000104592	epochs	1.0
732.596999950409	0.024999999999977263	epochs	-1.0
732.596999950409	0.024999999999977263	epochs	1.0
732.621999950409	0.05999999999994543	epochs	-1.0
732.621999950409	0.024999999999977263	epochs	-1.0
732.621999950409	0.024999999999977263	epochs	1.0
732.6469999504089	0.009999999999990905	epochs	-1.0
732.6469999504089	0.009999999999990905	epochs	1.0
732.6569999504089	0.024999999999977263	epochs	-1.0
732.6569999504089	0.024999999999977263	epochs	1.0
732.6819999504089	0.024994999999989886	epochs	1.0
836.2109999656677	0.10000000000002274	epochs	0.0
836.2109999656677	0.04499999999995907	epochs	1.0
836.2559999656677	0.009999999999990905	epochs	1.0
836.2659999656677	0.04500000000007276	epochs	1.0
836.3109999656677	61.384995	epochs	0.0
836.3109999656677	0.5	epochs	-1.0
836.3109999656677	0.5	epochs	-1.0
836.3109999656677	0.5	epochs	1.0
836.8109999656677	0.05999999999994543	epochs	-1.0
836.8109999656677	0.024999999999977263	epochs	-1.0
836.8109999656677	0.024999999999977263	epochs	1.0
836.8359999656677	0.009999999999990905	epochs	-1.0
836.8359999656677	0.009999999999990905	epochs	1.0
836.8459999656677	0.024999999999977263	epochs	-1.0
836.8459999656677	0.024999999999977263	epochs	1.0
836.8709999656677	0.06000000000005912	epochs	-1.0
836.8709999656677	0.024999999999977263	epochs	-1.0
836.8709999656677	0.024999999999977263	epochs	1.0
836.8959999656677	0.010000000000104592	epochs	-1.0
836.8959999656677	0.010000000000104592	epochs	1.0
836.9059999656678	0.024999999999977263	epochs	-1.0
836.9059999656678	0.024999999999977263	epochs	1.0
836.9309999656678	0.05999999999994543	epochs	-1.0
836.9309999656678	0.024999999999977263	epochs	-1.0
836.9309999656678	0.024999999999977263	epochs	1.0
836.9559999656677	0.009999999999990905	epochs	-1.0
836.9559999656677	0.009999999999990905	epochs	1.0
836.9659999656677	0.024999999999977263	epochs	-1.0
836.9659999656677	0.024999999999977263	epochs	1.0
836.9909999656677	60.0	epochs	1.0
896.9909999656677	0.5	epochs	-1.0
896.9909999656677	0.5	epochs	-1.0
896.9909999656677	0.5	epochs	1.0
897.4909999656677	0.06000000000005912	epochs	-1.0
897.4909999656677	0.024999999999977263	epochs	-1.0
897.4909999656677	0.024999999999977263	epochs	1.0
897.5159999656677	0.010000000000104592	epochs	-1.0
897.5159999656677	0.010000000000104592	epochs	1.0
897.5259999656678	0.024999999999977263	epochs	-1.0
897.5259999656678	0.024999999999977263	epochs	1.0
897.5509999656678	0.05999999999994543	epochs	-1.0
897.5509999656678	0.024999999999977263	epochs	-1.0
897.5509999656678	0.024999999999977263	epochs	1.0
897.5759999656677	0.009999999999990905	epochs	-1.0
897.5759999656677	0.009999999999990905	epochs	1.0
897.5859999656677	0.024999999999977263	epochs	-1.0
897.5859999656677	0.024999999999977263	epochs	1.0
897.6109999656677	0.06000000000005912	epochs	-1.0
897.6109999656677	0.024999999999977263	epochs	-1.0
897.6109999656677	0.024999999999977263	epochs	1.0
897.6359999656677	0.009999999999990905	epochs	-1.0
897.6359999656677	0.009999999999990905	epochs	1.0
897.6459999656677	0.02500000000009095	epochs	-1.0
897.6459999656677	0.02500000000009095	epochs	1.0
897.6709999656678	0.024994999999989886	epochs	1.0
984.3550000190735	0.10000000000002274	epochs	0.0
984.3550000190735	0.04499999999995907	epochs	1.0
984.4000000190734	0.009999999999990905	epochs	1.0
984.4100000190734	0.04500000000007276	epochs	1.0
984.4550000190735	0.7049949999999399	epochs	0.0
984.4550000190735	0.5	epochs	-1.0
984.4550000190735	0.5	epochs	-1.0
984.4550000190735	0.5	epochs	1.0
984.9550000190735	0.05999999999994543	epochs	-1.0
984.9550000190735	0.024999999999977263	epochs	-1.0
984.9550000190735	0.024999999999977263	epochs	1.0
984.9800000190735	0.009999999999990905	epochs	-1.0
984.9800000190735	0.009999999999990905	epochs	1.0
984.9900000190735	0.024999999999977263	epochs	-1.0
984.9900000190735	0.024999999999977263	epochs	1.0
985.0150000190735	0.06000000000005912	epochs	-1.0
985.0150000190735	0.024999999999977263	epochs	-1.0
985.0150000190735	0.024999999999977263	epochs	1.0
985.0400000190734	0.010000000000104592	epochs	-1.0
985.0400000190734	0.010000000000104592	epochs	1.0
985.0500000190735	0.024999999999977263	epochs	-1.0
985.0500000190735	0.024999999999977263	epochs	1.0
985.0750000190735	0.05999999999994543	epochs	-1.0
985.0750000190735	0.024999999999977263	epochs	-1.0
985.0750000190735	0.024999999999977263	epochs	1.0
985.1000000190735	0.009999999999990905	epochs	-1.0
985.1000000190735	0.009999999999990905	epochs	1.0
985.1100000190735	0.024999999999977263	epochs	-1.0
985.1100000190735	0.024999999999977263	epochs	1.0
985.1350000190735	0.024994999999989886	epochs	1.0
1013.8189997673035	0.03247999999996409	epochs	0.0
1013.8189997673035	0.011241300000051524	epochs	1.0
1013.8302410673035	0.009997399999974732	epochs	1.0
1013.8402384673035	0.011241299999937837	epochs	1.0
1013.8514797673034	5.9999800000000505	epochs	0.0
1013.8514797673034	0.5	epochs	1.0
1013.8514883673034	0.5	epochs	-1.0
1013.8514883673034	0.5	epochs	-1.0
1014.3514797673034	5.0	epochs	1.0
1019.3514797673034	0.4999800000000505	epochs	1.0
1019.3514883673034	0.49997140000004947	epochs	-1.0
1033.1429996490479	0.03248000000007778	epochs	0.0
1033.1429996490479	0.011241299999937837	epochs	1.0
1033.1542409490478	0.009997399999974732	epochs	1.0
1033.1642383490478	0.01124130000016521	epochs	1.0
1033.175479649048	2.5272999999999683	epochs	0.0
1033.175479649048	0.5	epochs	1.0
1033.175488249048	0.5	epochs	-1.0
1033.675479649048	1.0	epochs	1.0
1034.675479649048	1.0272999999999683	epochs	1.0
1035.175488249048	0.5	epochs	-1.0
1035.702779649048	0.9726799999998548	epochs	0.0
1035.9409999847412	0.03248000000007778	epochs	0.0
1035.9409999847412	0.011241299999937837	epochs	1.0
1035.9522412847411	0.009997399999974732	epochs	1.0
1035.9622386847411	0.01124130000016521	epochs	1.0
1035.9734799847413	2.526779999999917	epochs	0.0
1035.9734799847413	0.5	epochs	1.0
1035.9734885847413	0.5	epochs	-1.0
1036.4734799847413	1.0	epochs	1.0
1037.4734799847413	1.026779999999917	epochs	1.0
1037.9734885847413	0.5	epochs	-1.0
1038.5002599847412	0.9731999999999061	epochs	0.0
1038.7119998931885	0.03248000000007778	epochs	0.0
1038.7119998931885	0.011241299999937837	epochs	1.0
1038.7232411931884	0.009997399999974732	epochs	1.0
1038.7332385931884	0.01124130000016521	epochs	1.0
1038.7444798931886	2.5061799999998584	epochs	0.0
1038.7444798931886	0.5	epochs	1.0
1038.7444884931886	0.5	epochs	-1.0
1039.2444798931886	1.0	epochs	1.0
1040.2444798931886	1.0061799999998584	epochs	1.0
1040.7444884931886	0.5	epochs	-1.0
1041.2506598931884	0.9937999999999647	epochs	0.0
1041.490999698639	0.03248000000007778	epochs	0.0
1041.490999698639	0.011241299999937837	epochs	1.0
1041.5022409986389	0.009997399999974732	epochs	1.0
1041.5122383986388	0.01124130000016521	epochs	1.0
1041.523479698639	2.5272999999999683	epochs	0.0
1041.523479698639	0.5	epochs	1.0
1041.523488298639	0.5	epochs	-1.0
1042.023479698639	1.0	epochs	1.0
1043.023479698639	1.0272999999999683	epochs	1.0
1043.523488298639	0.5	epochs	-1.0
1044.050779698639	0.9726799999998548	epochs	0.0
1044.2739996910095	0.03248000000007778	epochs	0.0
1044.2739996910095	0.011241299999937837	epochs	1.0
1044.2852409910095	0.009997399999974732	epochs	1.0
1044.2952383910094	0.01124130000016521	epochs	1.0
1044.3064796910096	2.5271799999998166	epochs	0.0
1044.3064796910096	0.5	epochs	1.0
1044.3064882910096	0.5	epochs	-1.0
1044.8064796910096	1.0	epochs	1.0
1045.8064796910096	1.0271799999998166	epochs	1.0
1046.3064882910096	0.5	epochs	-1.0
1046.8336596910094	0.9728000000000065	epochs	0.0
1047.0729999542236	0.6499799999999141	epochs	0.0
1047.0729999542236	0.049999999999954525	epochs	1.0
1047.1229999542236	0.5	epochs	1.0
1047.6229999542236	0.09997999999995955	epochs	1.0
1048.0069999694824	0.6499799999999141	epochs	0.0
1048.0069999694824	0.049999999999954525	epochs	1.0
1048.0569999694824	0.5	epochs	1.0
1048.5569999694824	0.09997999999995955	epochs	1.0
1048.9140000343323	0.6499799999999141	epochs	0.0
1048.9140000343323	0.049999999999954525	epochs	1.0
1048.9640000343322	0.5	epochs	1.0
1049.4640000343322	0.09997999999995955	epochs	1.0
1049.8269996643066	0.6499799999999141	epochs	0.0
1049.8269996643066	0.049999999999954525	epochs	1.0
1049.8769996643066	0.5	epochs	1.0
1050.3769996643066	0.09997999999995955	epochs	1.0
1050.744999885559	0.6499799999999141	epochs	0.0
1050.744999885559	0.049999999999954525	epochs	1.0
1050.794999885559	0.5	epochs	1.0
1051.294999885559	0.09997999999995955	epochs	1.0
1051.6589999198914	0.6499799999999141	epochs	0.0
1051.6589999198914	0.049999999999954525	epochs	1.0
1051.7089999198913	0.5	epochs	1.0
1052.2089999198913	0.09997999999995955	epochs	1.0
1052.5959997177124	0.6499799999999141	epochs	0.0
1052.5959997177124	0.049999999999954525	epochs	1.0
1052.6459997177124	0.5	epochs	1.0
1053.1459997177124	0.09997999999995955	epochs	1.0
1053.545000076294	0.03248000000007778	epochs	0.0
1053.545000076294	0.011241299999937837	epochs	1.0
1053.5562413762939	0.009997399999974732	epochs	1.0
1053.5662387762939	0.01124130000016521	epochs	1.0
1053.577480076294	2.5267999999998665	epochs	0.0
1053.577480076294	0.5	epochs	1.0
1053.577488676294	0.5	epochs	-1.0
1054.077480076294	1.0	epochs	1.0
1055.077480076294	1.0267999999998665	epochs	1.0
1055.577488676294	0.5	epochs	-1.0
1056.104280076294	2.9731799999999566	epochs	0.0
1058.700999736786	0.03248000000007778	epochs	0.0
1058.700999736786	0.011241299999937837	epochs	1.0
1058.7122410367858	0.009997399999974732	epochs	1.0
1058.7222384367858	0.01124130000016521	epochs	1.0
1058.733479736786	2.5269200000000183	epochs	0.0
1058.733479736786	0.5	epochs	1.0
1058.733488336786	0.5	epochs	-1.0
1059.233479736786	1.0	epochs	1.0
1060.233479736786	1.0269200000000183	epochs	1.0
1060.733488336786	0.5	epochs	-1.0
1061.260399736786	2.973059999999805	epochs	0.0
1063.950999736786	0.03248000000007778	epochs	0.0
1063.950999736786	0.011241299999937837	epochs	1.0
1063.9622410367858	0.009997399999974732	epochs	1.0
1063.9722384367858	0.01124130000016521	epochs	1.0
1063.983479736786	2.526679999999942	epochs	0.0
1063.983479736786	0.5	epochs	1.0
1063.983488336786	0.5	epochs	-1.0
1064.483479736786	1.0	epochs	1.0
1065.483479736786	1.026679999999942	epochs	1.0
1065.983488336786	0.5	epochs	-1.0
1066.510159736786	3.973299999999881	epochs	0.0
1066.7799997329712	0.03248000000007778	epochs	0.0
1066.7799997329712	0.011241299999937837	epochs	1.0
1066.7912410329711	0.009997399999974732	epochs	1.0
1066.801238432971	0.01124130000016521	epochs	1.0
1066.8124797329713	2.5274199999998928	epochs	0.0
1066.8124797329713	0.5	epochs	1.0
1066.8124883329713	0.5	epochs	-1.0
1067.3124797329713	1.0	epochs	1.0
1068.3124797329713	1.0274199999998928	epochs	1.0
1068.8124883329713	0.5	epochs	-1.0
1069.3398997329712	3.9725599999999304	epochs	0.0
1069.6029996871948	0.03248000000007778	epochs	0.0
1069.6029996871948	0.011241299999937837	epochs	1.0
1069.6142409871948	0.009997399999974732	epochs	1.0
1069.6242383871947	0.01124130000016521	epochs	1.0
1069.635479687195	2.527559999999994	epochs	0.0
1069.635479687195	0.5	epochs	1.0
1069.635488287195	0.5	epochs	-1.0
1070.135479687195	1.0	epochs	1.0
1071.135479687195	1.027559999999994	epochs	1.0
1071.635488287195	0.5	epochs	-1.0
1072.163039687195	3.972419999999829	epochs	0.0
1072.4270000457764	0.03248000000007778	epochs	0.0
1072.4270000457764	0.011241299999937837	epochs	1.0
1072.4382413457763	0.009997399999974732	epochs	1.0
1072.4482387457763	0.01124130000016521	epochs	1.0
1072.4594800457764	2.5272999999999683	epochs	0.0
1072.4594800457764	0.5	epochs	1.0
1072.4594886457764	0.5	epochs	-1.0
1072.9594800457764	1.0	epochs	1.0
1073.9594800457764	1.0272999999999683	epochs	1.0
1074.4594886457764	0.5	epochs	-1.0
1074.9867800457764	3.9726799999998548	epochs	0.0
1075.2569999694824	0.03248000000007778	epochs	0.0
1075.2569999694824	0.011241299999937837	epochs	1.0
1075.2682412694824	0.009997399999974732	epochs	1.0
1075.2782386694823	0.01124130000016521	epochs	1.0
1075.2894799694825	2.5271799999998166	epochs	0.0
1075.2894799694825	0.5	epochs	1.0
1075.2894885694825	0.5	epochs	-1.0
1075.7894799694825	1.0	epochs	1.0
1076.7894799694825	1.0271799999998166	epochs	1.0
1077.2894885694825	0.5	epochs	-1.0
1077.8166599694823	3.9728000000000065	epochs	0.0
1078.0869998931885	0.03248000000007778	epochs	0.0
1078.0869998931885	0.011241299999937837	epochs	1.0
1078.0982411931884	0.009997399999974732	epochs	1.0
1078.1082385931884	0.01124130000016521	epochs	1.0
1078.1194798931886	2.5267999999998665	epochs	0.0
1078.1194798931886	0.5	epochs	1.0
1078.1194884931886	0.5	epochs	-1.0
1078.6194798931886	1.0	epochs	1.0
1079.6194798931886	1.0267999999998665	epochs	1.0
1080.1194884931886	0.5	epochs	-1.0
1080.6462798931884	3.9731799999999566	epochs	0.0
1080.9319996833801	0.1529800000000705	epochs	0.0
1080.9319996833801	0.049999999999954525	epochs	1.0
1080.98199968338	0.003000000000156433	epochs	1.0
1080.9849996833802	0.09997999999995955	epochs	1.0
1081.4179997444153	0.1529800000000705	epochs	0.0
1081.4179997444153	0.049999999999954525	epochs	1.0
1081.4679997444152	0.003000000000156433	epochs	1.0
1081.4709997444154	0.09997999999995955	epochs	1.0
1081.8449997901917	0.1529800000000705	epochs	0.0
1081.8449997901917	0.049999999999954525	epochs	1.0
1081.8949997901916	0.003000000000156433	epochs	1.0
1081.8979997901918	0.09997999999995955	epochs	1.0
1082.2969999313354	0.1529800000000705	epochs	0.0
1082.2969999313354	0.049999999999954525	epochs	1.0
1082.3469999313354	0.003000000000156433	epochs	1.0
1082.3499999313356	0.09997999999995955	epochs	1.0
1082.7679996490479	0.1529800000000705	epochs	0.0
1082.7679996490479	0.049999999999954525	epochs	1.0
1082.8179996490478	0.003000000000156433	epochs	1.0
1082.820999649048	0.09997999999995955	epochs	1.0
1083.1999998092651	0.1529800000000705	epochs	0.0
1083.1999998092651	0.049999999999954525	epochs	1.0
1083.249999809265	0.003000000000156433	epochs	1.0
1083.2529998092652	0.09997999999995955	epochs	1.0
1083.6579999923706	0.1529800000000705	epochs	0.0
1083.6579999923706	0.049999999999954525	epochs	1.0
1083.7079999923706	0.003000000000156433	epochs	1.0
1083.7109999923707	0.09997999999995955	epochs	1.0
1084.1009998321533	0.1529800000000705	epochs	0.0
1084.1009998321533	0.049999999999954525	epochs	1.0
1084.1509998321533	0.003000000000156433	epochs	1.0
1084.1539998321534	0.09997999999995955	epochs	1.0
1084.5460000038147	0.1529800000000705	epochs	0.0
1084.5460000038147	0.049999999999954525	epochs	1.0
1084.5960000038147	0.003000000000156433	epochs	1.0
1084.5990000038148	0.09997999999995955	epochs	1.0
1084.9990000724792	0.1529800000000705	epochs	0.0
1084.9990000724792	0.049999999999954525	epochs	1.0
1085.0490000724792	0.003000000000156433	epochs	1.0
1085.0520000724794	0.09997999999995955	epochs	1.0
1085.4739999771118	0.1529800000000705	epochs	0.0
1085.4739999771118	0.049999999999954525	epochs	1.0
1085.5239999771118	0.003000000000156433	epochs	1.0
1085.526999977112	0.09997999999995955	epochs	1.0
1085.9340000152588	0.1529800000000705	epochs	0.0
1085.9340000152588	0.049999999999954525	epochs	1.0
1085.9840000152587	0.003000000000156433	epochs	1.0
1085.987000015259	0.09997999999995955	epochs	1.0
1086.3989996910095	0.1529800000000705	epochs	0.0
1086.3989996910095	0.049999999999954525	epochs	1.0
1086.4489996910095	0.003000000000156433	epochs	1.0
1086.4519996910096	0.09997999999995955	epochs	1.0
1086.8740000724792	0.1529800000000705	epochs	0.0
1086.8740000724792	0.049999999999954525	epochs	1.0
1086.9240000724792	0.003000000000156433	epochs	1.0
1086.9270000724794	0.09997999999995955	epochs	1.0
1087.3639998435974	0.1529800000000705	epochs	0.0
1087.3639998435974	0.049999999999954525	epochs	1.0
1087.4139998435974	0.003000000000156433	epochs	1.0
1087.4169998435975	0.09997999999995955	epochs	1.0
1087.8379998207092	0.1529800000000705	epochs	0.0
1087.8379998207092	0.049999999999954525	epochs	1.0
1087.8879998207092	0.003000000000156433	epochs	1.0
1087.8909998207093	0.09997999999995955	epochs	1.0
1088.3229999542236	0.1529800000000705	epochs	0.0
1088.3229999542236	0.049999999999954525	epochs	1.0
1088.3729999542236	0.003000000000156433	epochs	1.0
1088.3759999542237	0.09997999999995955	epochs	1.0
1088.789999961853	0.1529800000000705	epochs	0.0
1088.789999961853	0.049999999999954525	epochs	1.0
1088.839999961853	0.003000000000156433	epochs	1.0
1088.8429999618531	0.09997999999995955	epochs	1.0
1089.298999786377	0.1529800000000705	epochs	0.0
1089.298999786377	0.049999999999954525	epochs	1.0
1089.348999786377	0.003000000000156433	epochs	1.0
1089.351999786377	0.09997999999995955	epochs	1.0
1089.7579998970032	0.1529800000000705	epochs	0.0
1089.7579998970032	0.049999999999954525	epochs	1.0
1089.8079998970031	0.003000000000156433	epochs	1.0
1089.8109998970033	0.09997999999995955	epochs	1.0
1090.2569999694824	0.1529800000000705	epochs	0.0
1090.2569999694824	0.049999999999954525	epochs	1.0
1090.3069999694824	0.003000000000156433	epochs	1.0
1090.3099999694825	0.09997999999995955	epochs	1.0
1090.7430000305176	0.1529800000000705	epochs	0.0
1090.7430000305176	0.049999999999954525	epochs	1.0
1090.7930000305175	0.003000000000156433	epochs	1.0
1090.7960000305177	0.09997999999995955	epochs	1.0
1091.2209997177124	0.1529800000000705	epochs	0.0
1091.2209997177124	0.049999999999954525	epochs	1.0
1091.2709997177124	0.003000000000156433	epochs	1.0
1091.2739997177125	0.09997999999995955	epochs	1.0
1091.740999698639	0.03248000000007778	epochs	0.0
1091.740999698639	0.011241299999937837	epochs	1.0
1091.7522409986389	0.009997399999974732	epochs	1.0
1091.7622383986388	0.01124130000016521	epochs	1.0
1091.773479698639	0.5061200000000099	epochs	0.0
1091.773479698639	0.5	epochs	1.0
1091.773488298639	0.5	epochs	-1.0
1092.273479698639	0.0029999999999290594	epochs	1.0
1092.276479698639	0.003120000000080836	epochs	1.0
1092.279599698639	1.0968599999998787	epochs	0.0
1105.0639996528625	0.03248000000007778	epochs	0.0
1105.0639996528625	0.011241299999937837	epochs	1.0
1105.0752409528625	0.009997399999974732	epochs	1.0
1105.0852383528625	0.01124130000016521	epochs	1.0
1105.0964796528626	1.5077799999999115	epochs	0.0
1105.0964796528626	0.5	epochs	1.0
1105.0964882528626	0.5	epochs	-1.0
1105.5964796528626	0.0029999999999290594	epochs	1.0
1105.5994796528626	1.0047799999999825	epochs	1.0
1106.0994882528626	0.5	epochs	-1.0
1106.6042596528625	0.09519999999997708	epochs	0.0
1107.2579998970032	0.03248000000007778	epochs	0.0
1107.2579998970032	0.011241299999937837	epochs	1.0
1107.269241197003	0.009997399999974732	epochs	1.0
1107.279238597003	0.01124130000016521	epochs	1.0
1107.2904798970033	1.5076599999999871	epochs	0.0
1107.2904798970033	0.5	epochs	1.0
1107.2904884970033	0.5	epochs	-1.0
1107.7904798970033	0.0029999999999290594	epochs	1.0
1107.7934798970032	1.004660000000058	epochs	1.0
1108.2934884970032	0.5	epochs	-1.0
1108.7981398970032	0.09531999999990148	epochs	0.0
1109.4979996681213	0.03248000000007778	epochs	0.0
1109.4979996681213	0.011241299999937837	epochs	1.0
1109.5092409681213	0.009997399999974732	epochs	1.0
1109.5192383681213	0.01124130000016521	epochs	1.0
1109.5304796681214	1.527659999999969	epochs	0.0
1109.5304796681214	0.5	epochs	1.0
1109.5304882681214	0.5	epochs	-1.0
1110.0304796681214	0.0029999999999290594	epochs	1.0
1110.0334796681213	1.0246600000000399	epochs	1.0
1110.5334882681213	0.5	epochs	-1.0
1111.0581396681214	0.07531999999991967	epochs	0.0
1111.7199997901917	0.03248000000007778	epochs	0.0
1111.7199997901917	0.011241299999937837	epochs	1.0
1111.7312410901916	0.009997399999974732	epochs	1.0
1111.7412384901916	0.01124130000016521	epochs	1.0
1111.7524797901917	1.5071599999998853	epochs	0.0
1111.7524797901917	0.5	epochs	1.0
1111.7524883901917	0.5	epochs	-1.0
1112.2524797901917	0.0029999999999290594	epochs	1.0
1112.2554797901917	1.0041599999999562	epochs	1.0
1112.7554883901917	0.5	epochs	-1.0
1113.2596397901916	0.09582000000000335	epochs	0.0
1113.9319996833801	0.03248000000007778	epochs	0.0
1113.9319996833801	0.011241299999937837	epochs	1.0
1113.94324098338	0.009997399999974732	epochs	1.0
1113.95323838338	0.01124130000016521	epochs	1.0
1113.9644796833802	1.5275399999998172	epochs	0.0
1113.9644796833802	0.5	epochs	1.0
1113.9644882833802	0.5	epochs	-1.0
1114.4644796833802	0.0029999999999290594	epochs	1.0
1114.4674796833801	1.024539999999888	epochs	1.0
1114.9674882833801	0.5	epochs	-1.0
1115.49201968338	0.07544000000007145	epochs	0.0
1116.1629996299744	0.03248000000007778	epochs	0.0
1116.1629996299744	0.011241299999937837	epochs	1.0
1116.1742409299743	0.009997399999974732	epochs	1.0
1116.1842383299743	0.01124130000016521	epochs	1.0
1116.1954796299744	1.5077799999999115	epochs	0.0
1116.1954796299744	0.5	epochs	1.0
1116.1954882299744	0.5	epochs	-1.0
1116.6954796299744	0.0029999999999290594	epochs	1.0
1116.6984796299744	1.0047799999999825	epochs	1.0
1117.1984882299744	0.5	epochs	-1.0
1117.7032596299744	0.09519999999997708	epochs	0.0
1118.4279999732971	0.03248000000007778	epochs	0.0
1118.4279999732971	0.011241299999937837	epochs	1.0
1118.439241273297	0.009997399999974732	epochs	1.0
1118.449238673297	0.01124130000016521	epochs	1.0
1118.4604799732972	1.5073999999999614	epochs	0.0
1118.4604799732972	0.5	epochs	1.0
1118.4604885732972	0.5	epochs	-1.0
1118.9604799732972	0.0029999999999290594	epochs	1.0
1118.9634799732971	1.0044000000000324	epochs	1.0
1119.4634885732971	0.5	epochs	-1.0
1119.9678799732972	0.09557999999992717	epochs	0.0
1120.6979999542236	0.03248000000007778	epochs	0.0
1120.6979999542236	0.011241299999937837	epochs	1.0
1120.7092412542236	0.009997399999974732	epochs	1.0
1120.7192386542235	0.01124130000016521	epochs	1.0
1120.7304799542237	1.507899999999836	epochs	0.0
1120.7304799542237	0.5	epochs	1.0
1120.7304885542237	0.5	epochs	-1.0
1121.2304799542237	0.0029999999999290594	epochs	1.0
1121.2334799542236	1.0048999999999069	epochs	1.0
1121.7334885542236	0.5	epochs	-1.0
1122.2383799542235	0.09508000000005268	epochs	0.0
1122.9029998779297	0.03248000000007778	epochs	0.0
1122.9029998779297	0.011241299999937837	epochs	1.0
1122.9142411779296	0.009997399999974732	epochs	1.0
1122.9242385779296	0.01124130000016521	epochs	1.0
1122.9354798779298	17.526859999999942	epochs	0.0
1122.9354798779298	0.5	epochs	1.0
1122.9354884779298	0.5	epochs	-1.0
1123.4354798779298	16.0	epochs	1.0
1139.4354798779298	1.0268599999999424	epochs	1.0
1139.9329684779298	0.5	epochs	-1.0
1140.4623398779297	1.9731199999998807	epochs	0.0
1141.008999824524	0.03248000000007778	epochs	0.0
1141.008999824524	0.011241299999937837	epochs	1.0
1141.0202411245239	0.009997399999974732	epochs	1.0
1141.0302385245238	0.01124130000016521	epochs	1.0
1141.041479824524	19.499979999999823	epochs	0.0
1141.041479824524	0.5	epochs	1.0
1141.041488424524	0.5	epochs	-1.0
1141.541479824524	16.0	epochs	1.0
1157.541479824524	2.999979999999823	epochs	1.0
1158.038968424524	0.5	epochs	-1.0
1158.538968424524	0.5	epochs	-1.0
1159.038968424524	0.5	epochs	-1.0
1159.538968424524	0.5	epochs	-1.0
1160.038968424524	0.5	epochs	-1.0
1161.0879998207092	0.03248000000007778	epochs	0.0
1161.0879998207092	0.011241299999937837	epochs	1.0
1161.0992411207092	0.009997399999974732	epochs	1.0
1161.1092385207091	0.01124130000016521	epochs	1.0
1161.1204798207093	0.5069999999998345	epochs	0.0
1161.1204798207093	0.5	epochs	1.0
1161.1204884207093	0.5	epochs	-1.0
1161.6204798207093	0.006999999999834472	epochs	1.0
1161.6274798207091	18.99297999999999	epochs	0.0
1190.3079996109009	0.03248000000007778	epochs	0.0
1190.3079996109009	0.011241299999937837	epochs	1.0
1190.3192409109008	0.009997399999974732	epochs	1.0
1190.3292383109008	0.01124130000016521	epochs	1.0
1190.340479610901	17.50723999999991	epochs	0.0
1190.340479610901	0.5	epochs	1.0
1190.340488210901	0.5	epochs	-1.0
1190.840479610901	16.0	epochs	1.0
1206.840479610901	1.0072399999999107	epochs	1.0
1207.337968210901	0.5	epochs	-1.0
1207.8477196109009	1.9927399999999125	epochs	0.0
1208.1989998817444	0.03248000000007778	epochs	0.0
1208.1989998817444	0.011241299999937837	epochs	1.0
1208.2102411817443	0.009997399999974732	epochs	1.0
1208.2202385817443	0.01124130000016521	epochs	1.0
1208.2314798817445	17.526259999999866	epochs	0.0
1208.2314798817445	0.5	epochs	1.0
1208.2314884817445	0.5	epochs	-1.0
1208.7314798817445	16.0	epochs	1.0
1224.7314798817445	1.0262599999998656	epochs	1.0
1225.2289684817445	0.5	epochs	-1.0
1225.7577398817443	1.9737199999999575	epochs	0.0
1249.9809999465942	0.03248000000007778	epochs	0.0
1249.9809999465942	0.011241299999937837	epochs	1.0
1249.9922412465942	0.009997399999974732	epochs	1.0
1250.0022386465942	0.01124130000016521	epochs	1.0
1250.0134799465943	2.0	epochs	0.0
1252.0134799465943	21.526639999999816	epochs	0.0
1252.0134799465943	1.0	epochs	1.0
1252.0134885465943	0.5	epochs	-1.0
1252.5134885465943	19.999759999999924	epochs	-1.0
1253.0134799465943	20.0	epochs	1.0
1253.0134799465943	4.3567538999998305	epochs	-1.0
1253.0134799465943	1.9745871999998599	epochs	2.0
1253.0134799465943	1.098562199999833	epochs	3.0
1254.1120421465941	0.8760250000000269	epochs	3.0
1254.9880671465942	1.3524075000000266	epochs	2.0
1254.9880671465942	0.7286355000001095	epochs	3.0
1255.7167026465943	0.6237719999999172	epochs	3.0
1256.3404746465942	1.029759199999944	epochs	2.0
1256.3404746465942	0.5453293000000485	epochs	3.0
1256.8858039465943	0.4844298999998955	epochs	3.0
1257.3702338465941	0.8317862000001242	epochs	2.0
1257.3702338465941	0.4357763000000432	epochs	3.0
1257.8060101465942	0.39600990000008096	epochs	3.0
1258.2020200465943	0.6977970000000369	epochs	2.0
1258.2020200465943	0.3628982000000178	epochs	3.0
1258.5649182465943	0.33489880000001904	epochs	3.0
1258.8998170465943	0.601045699999986	epochs	2.0
1258.8998170465943	0.3109122999999272	epochs	3.0
1259.2107293465942	0.2901334000000588	epochs	3.0
1259.5008627465943	0.5278859000000011	epochs	2.0
1259.5008627465943	0.2719585999998344	epochs	3.0
1259.7728213465941	0.2559273000001667	epochs	3.0
1260.0287486465943	0.470619299999953	epochs	2.0
1260.0287486465943	0.241681299999982	epochs	3.0
1260.2704299465943	0.228937999999971	epochs	3.0
1260.4993679465942	0.42457039999999324	epochs	2.0
1260.4993679465942	0.21747140000002219	epochs	3.0
1260.7168393465943	0.20709899999997106	epochs	3.0
1260.9239383465942	0.3867353999999068	epochs	2.0
1260.9239383465942	0.19767109999997956	epochs	3.0
1261.1216094465942	0.18906429999992724	epochs	3.0
1261.3106737465941	0.35509530000013	epochs	2.0
1261.3106737465941	0.18117590000019845	epochs	3.0
1261.4918496465943	0.17391939999993156	epochs	3.0
1261.6657690465943	0.3282431000000088	epochs	2.0
1261.6657690465943	0.16722189999995862	epochs	3.0
1261.8329909465942	0.16102120000005016	epochs	3.0
1261.9940121465943	0.3051679999998669	epochs	2.0
1261.9940121465943	0.15526389999990897	epochs	3.0
1262.1492760465942	0.1499040999999579	epochs	3.0
1262.2991801465942	0.28512530000011793	epochs	2.0
1262.2991801465942	0.1449021000000812	epochs	3.0
1262.4440822465942	0.14022320000003674	epochs	3.0
1262.5843054465943	0.2675537999998596	epochs	2.0
1262.5843054465943	0.1358368999999584	epochs	3.0
1262.7201423465942	0.13171689999990122	epochs	3.0
1262.8518592465941	0.25202290000015637	epochs	2.0
1262.8518592465941	0.1278393000000051	epochs	3.0
1262.9796985465941	0.12418360000015127	epochs	3.0
1263.1038821465943	0.23819649999995818	epochs	2.0
1263.1038821465943	0.12073110000005727	epochs	3.0
1263.2246132465943	0.11746539999990091	epochs	3.0
1263.3420786465942	0.2258088000000953	epochs	2.0
1263.3420786465942	0.1143718999999237	epochs	3.0
1263.4564505465942	0.11143690000017159	epochs	3.0
1263.5678874465943	0.21464599999990241	epochs	2.0
1263.5678874465943	0.10864889999993466	epochs	3.0
1263.6765363465943	0.10599709999996776	epochs	3.0
1263.7825334465942	0.20453500000007807	epochs	2.0
1263.7825334465942	0.10347150000006877	epochs	3.0
1263.8860049465943	0.1010635000000093	epochs	3.0
1263.9870684465943	0.19533400000000256	epochs	2.0
1263.9870684465943	0.09876509999980954	epochs	3.0
1264.0858335465941	0.09656890000019303	epochs	3.0
1264.1824024465943	0.18692529999998442	epochs	2.0
1264.1824024465943	0.09446830000001682	epochs	3.0
1264.2768707465943	0.09245699999996759	epochs	3.0
1264.3693277465943	0.17921069999988504	epochs	2.0
1264.3693277465943	0.09052959999985433	epochs	3.0
1264.4598573465942	0.08868110000003071	epochs	3.0
1264.5485384465942	0.17210769999996955	epochs	2.0
1264.5485384465942	0.08690630000000965	epochs	3.0
1264.6354447465942	0.0852013999999599	epochs	3.0
1264.7206461465942	0.16554640000003928	epochs	2.0
1264.7206461465942	0.08356190000017705	epochs	3.0
1264.8042080465943	0.08198449999986224	epochs	3.0
1264.8861925465942	0.15946710000002895	epochs	2.0
1264.8861925465942	0.08046540000009372	epochs	3.0
1264.9666579465943	0.07900169999993523	epochs	3.0
1265.0456596465942	0.15381840000009106	epochs	2.0
1265.0456596465942	0.07759009999995214	epochs	3.0
1265.1232497465942	0.07622830000013892	epochs	3.0
1265.1994780465943	0.14855639999996129	epochs	2.0
1265.1994780465943	0.07491329999993468	epochs	3.0
1265.2743913465943	0.0736431000000266	epochs	3.0
1265.3480344465943	0.1436423999998624	epochs	2.0
1265.3480344465943	0.07241499999986445	epochs	3.0
1265.4204494465941	0.07122739999999794	epochs	3.0
1265.4916768465941	0.13904309999998077	epochs	2.0
1265.4916768465941	0.07007800000019415	epochs	3.0
1265.5617548465943	0.06896509999978662	epochs	3.0
1265.6307199465941	0.1347293000001173	epochs	2.0
1265.6307199465941	0.0678871000000072	epochs	3.0
1265.6986070465941	0.0668422000001101	epochs	3.0
1265.7654492465942	0.1306752000000415	epochs	2.0
1265.7654492465942	0.06582909999997355	epochs	3.0
1265.8312783465942	0.06484610000006796	epochs	3.0
1265.8961244465943	0.1268577999999252	epochs	2.0
1265.8961244465943	0.06389199999989614	epochs	3.0
1265.9600164465942	0.06296580000002905	epochs	3.0
1266.0229822465942	0.12325720000012552	epochs	2.0
1266.0229822465942	0.06206580000002759	epochs	3.0
1266.0850480465942	0.06119140000009793	epochs	3.0
1266.1462394465943	0.11985540000000583	epochs	2.0
1266.1462394465943	0.060341099999959624	epochs	3.0
1266.2065805465943	0.059514300000046205	epochs	3.0
1266.2660948465943	0.1166361999999026	epochs	2.0
1266.2660948465943	0.058709599999929196	epochs	3.0
1266.3248044465943	0.057926599999973405	epochs	3.0
1266.3827310465942	0.11358560000007856	epochs	2.0
1266.3827310465942	0.05716419999998834	epochs	3.0
1266.4398952465942	0.056421400000090216	epochs	3.0
1266.4963166465943	0.11069049999991876	epochs	2.0
1266.4963166465943	0.05569789999981367	epochs	3.0
1266.5520145465941	0.054992600000105085	epochs	3.0
1266.6070071465942	0.1079391000000669	epochs	2.0
1266.6070071465942	0.05430490000003374	epochs	3.0
1266.6613120465943	0.05363420000003316	epochs	3.0
1266.7149462465943	0.10532149999994544	epochs	2.0
1266.7149462465943	0.05297999999993408	epochs	3.0
1266.7679262465942	0.052341500000011365	epochs	3.0
1266.8202677465943	0.10282759999995505	epochs	2.0
1266.8202677465943	0.05171810000001642	epochs	3.0
1266.8719858465943	0.051109499999938635	epochs	3.0
1266.9230953465942	0.10044910000010532	epochs	2.0
1266.9230953465942	0.050514900000052876	epochs	3.0
1266.9736102465943	0.04993420000005244	epochs	3.0
1267.0235444465943	0.0981782999999723	epochs	2.0
1267.0235444465943	0.04936659999998483	epochs	3.0
1267.0729110465943	0.04881169999998747	epochs	3.0
1267.1217227465943	0.09600780000005216	epochs	2.0
1267.1217227465943	0.04826920000004975	epochs	3.0
1267.1699919465943	0.04773860000000241	epochs	3.0
1267.2177305465943	0.09393119999981536	epochs	2.0
1267.2177305465943	0.04721949999998287	epochs	3.0
1267.2649500465943	0.04671169999983249	epochs	3.0
1267.3116617465942	0.09194260000003851	epochs	2.0
1267.3116617465942	0.046214599999984785	epochs	3.0
1267.3578763465941	0.045728000000053726	epochs	3.0
1267.4036043465942	0.09003630000006524	epochs	2.0
1267.4036043465942	0.045251499999949374	epochs	3.0
1267.4488558465941	0.044784800000115865	epochs	3.0
1267.4936406465943	0.08820760000003247	epochs	2.0
1267.4936406465943	0.044327800000019124	epochs	3.0
1267.5379684465943	0.04387980000001335	epochs	3.0
1267.5818482465943	0.0864516999999978	epochs	2.0
1267.5818482465943	0.04344100000002982	epochs	3.0
1267.6252892465943	0.04301069999996798	epochs	3.0
1267.6682999465943	0.08476429999996071	epochs	2.0
1267.6682999465943	0.04258899999990717	epochs	3.0
1267.7108889465942	0.04217530000005354	epochs	3.0
1267.7530642465942	0.08314150000001064	epochs	2.0
1267.7530642465942	0.04176970000003166	epochs	3.0
1267.7948339465943	0.041371799999978975	epochs	3.0
1267.8362057465943	0.08157970000002024	epochs	2.0
1267.8362057465943	0.040981399999964196	epochs	3.0
1267.8771871465942	0.04059830000005604	epochs	3.0
1267.9177854465943	0.08007550000002084	epochs	2.0
1267.9177854465943	0.04022229999986848	epochs	3.0
1267.9580077465941	0.039853200000152356	epochs	3.0
1267.9978609465943	0.07862569999997504	epochs	2.0
1267.9978609465943	0.03949079999983951	epochs	3.0
1268.0373517465941	0.03913490000013553	epochs	3.0
1268.0764866465943	0.07722760000001472	epochs	2.0
1268.0764866465943	0.038785400000051595	epochs	3.0
1268.1152720465943	0.03844219999996312	epochs	3.0
1268.1537142465943	0.07587820000003376	epochs	2.0
1268.1537142465943	0.03810479999992822	epochs	3.0
1268.1918190465942	0.03777340000010554	epochs	3.0
1268.2295924465943	0.07457519999979922	epochs	2.0
1268.2295924465943	0.03744769999980235	epochs	3.0
1268.2670401465941	0.03712749999999687	epochs	3.0
1268.3041676465941	0.07331630000021505	epochs	2.0
1268.3041676465941	0.0368129000000863	epochs	3.0
1268.3409805465942	0.03650340000012875	epochs	3.0
1268.3774839465943	0.07209899999998015	epochs	2.0
1268.3774839465943	0.03619909999997617	epochs	3.0
1268.4136830465943	0.03589990000000398	epochs	3.0
1268.4495829465943	0.07092169999987163	epochs	2.0
1268.4495829465943	0.035605599999826154	epochs	3.0
1268.4851885465941	0.03531610000004548	epochs	3.0
1268.5205046465942	0.06978200000003199	epochs	2.0
1268.5205046465942	0.03503120000004856	epochs	3.0
1268.5555358465942	0.03475079999998343	epochs	3.0
1268.5902866465942	0.06867860000011206	epochs	2.0
1268.5902866465942	0.03447510000000875	epochs	3.0
1268.6247617465942	0.034203500000103304	epochs	3.0
1268.6589652465943	0.06760929999995824	epochs	2.0
1268.6589652465943	0.033936199999970995	epochs	3.0
1268.6929014465943	0.033673099999987244	epochs	3.0
1268.7265745465943	0.06657289999998284	epochs	2.0
1268.7265745465943	0.03341399999999339	epochs	3.0
1268.7599885465943	0.033158899999989444	epochs	3.0
1268.7931474465943	0.06556780000005347	epochs	2.0
1268.7931474465943	0.03290769999989607	epochs	3.0
1268.8260551465942	0.0326601000001574	epochs	3.0
1268.8587152465943	0.06459259999996902	epochs	2.0
1268.8587152465943	0.03241639999987456	epochs	3.0
1268.8911316465942	0.03217620000009447	epochs	3.0
1268.9233078465943	0.06364599999983511	epochs	2.0
1268.9233078465943	0.03193959999998697	epochs	3.0
1268.9552474465943	0.031706399999848145	epochs	3.0
1268.9869538465941	0.06272670000021208	epochs	2.0
1268.9869538465941	0.03147660000013275	epochs	3.0
1269.0184304465943	0.03125010000007933	epochs	3.0
1269.0496805465943	0.06183359999999993	epochs	2.0
1269.0496805465943	0.03102689999991526	epochs	3.0
1269.0807074465943	0.030806700000084675	epochs	3.0
1269.1115141465943	0.060965599999917686	epochs	2.0
1269.1115141465943	0.030589799999916067	epochs	3.0
1269.1421039465943	0.030375800000001618	epochs	3.0
1269.1724797465943	0.06012160000000222	epochs	2.0
1269.1724797465943	0.030164900000045236	epochs	3.0
1269.2026446465943	0.02995669999995698	epochs	3.0
1269.2326013465943	0.05930069999999432	epochs	2.0
1269.2326013465943	0.029751600000054168	epochs	3.0
1269.2623529465943	0.029549099999940154	epochs	3.0
1269.2919020465943	0.05850179999993088	epochs	2.0
1269.2919020465943	0.02934940000000097	epochs	3.0
1269.3212514465943	0.029152399999929912	epochs	3.0
1269.3504038465942	0.05772419999993872	epochs	2.0
1269.3504038465942	0.028958000000102402	epochs	3.0
1269.3793618465943	0.028766199999836317	epochs	3.0
1269.4081280465941	0.05696710000006533	epochs	2.0
1269.4081280465941	0.028577000000041153	epochs	3.0
1269.4367050465942	0.028390100000024177	epochs	3.0
1269.4650951465942	0.05622949999997218	epochs	2.0
1269.4650951465942	0.028205699999944045	epochs	3.0
1269.4933008465941	0.028023800000028132	epochs	3.0
1269.5213246465942	0.05551070000001346	epochs	2.0
1269.5213246465942	0.027844000000186497	epochs	3.0
1269.5491686465944	0.02766669999982696	epochs	3.0
1269.5768353465942	0.054810200000019904	epochs	2.0
1269.5768353465942	0.02749149999999645	epochs	3.0
1269.6043268465942	0.027318700000023455	epochs	3.0
1269.6316455465942	0.05412700000010773	epochs	2.0
1269.6316455465942	0.027147799999966082	epochs	3.0
1269.6587933465942	0.026979200000141645	epochs	3.0
1269.6857725465943	0.053460699999959616	epochs	2.0
1269.6857725465943	0.02681259999985741	epochs	3.0
1269.7125851465942	0.026648100000102204	epochs	3.0
1269.7392332465943	0.05281070000000909	epochs	2.0
1269.7392332465943	0.0264855999998872	epochs	3.0
1269.7657188465942	0.026325100000121893	epochs	3.0
1269.7920439465943	0.052176199999848905	epochs	2.0
1269.7920439465943	0.026166399999965506	epochs	3.0
1269.8182103465942	0.0260097999998834	epochs	3.0
1269.8442201465941	0.05155670000021928	epochs	2.0
1269.8442201465941	0.02585480000016105	epochs	3.0
1269.8700749465943	0.02570190000005823	epochs	3.0
1269.8957768465943	0.05095189999997274	epochs	2.0
1269.8957768465943	0.025550699999939752	epochs	3.0
1269.9213275465943	0.025401200000032986	epochs	3.0
1269.9467287465943	0.050360999999838896	epochs	2.0
1269.9467287465943	0.025253499999962514	epochs	3.0
1269.9719822465943	0.02510749999987638	epochs	3.0
1269.9970897465942	0.04978380000011384	epochs	2.0
1269.9970897465942	0.02496320000000196	epochs	3.0
1270.0220529465942	0.02482060000011188	epochs	3.0
1270.0468735465943	0.04921949999993558	epochs	2.0
1270.0468735465943	0.024679399999968155	epochs	3.0
1270.0715529465942	0.024540099999967424	epochs	3.0
1270.0960930465942	0.04866790000005494	epochs	2.0
1270.0960930465942	0.024402100000088467	epochs	3.0
1270.1204951465943	0.024265799999966475	epochs	3.0
1270.1447609465943	0.048128599999927246	epochs	2.0
1270.1447609465943	0.02413099999989754	epochs	3.0
1270.1688919465942	0.023997600000029706	epochs	3.0
1270.1928895465942	0.047601100000065344	epochs	2.0
1270.1928895465942	0.023865800000066884	epochs	3.0
1270.2167553465943	0.02373529999999846	epochs	3.0
1270.2404906465943	0.04708499999992455	epochs	2.0
1270.2404906465943	0.023606299999983094	epochs	3.0
1270.2640969465942	0.023478699999941455	epochs	3.0
1270.2875756465942	0.046579999999948996	epochs	2.0
1270.2875756465942	0.023352500000100918	epochs	3.0
1270.3109281465943	0.023227499999848078	epochs	3.0
1270.3341556465941	0.046085700000048746	epochs	2.0
1270.3341556465941	0.023104000000103042	epochs	3.0
1270.3572596465942	0.022981699999945704	epochs	3.0
1270.3802413465942	0.045601799999985815	epochs	2.0
1270.3802413465942	0.022860700000137513	epochs	3.0
1270.4031020465943	0.022741099999848302	epochs	3.0
1270.4258431465942	0.04512790000012501	epochs	2.0
1270.4258431465942	0.022622500000125	epochs	3.0
1270.4484656465943	0.02250540000000001	epochs	3.0
1270.4709710465943	0.04466379999985293	epochs	2.0
1270.4709710465943	0.02238929999998618	epochs	3.0
1270.4933603465943	0.022274499999866748	epochs	3.0
1270.5156348465941	0.04420920000006845	epochs	2.0
1270.5156348465941	0.02216080000016518	epochs	3.0
1270.5377956465943	0.022048399999903268	epochs	3.0
1270.5598440465942	0.04376359999992019	epochs	2.0
1270.5598440465942	0.021936900000127935	epochs	3.0
1270.5817809465943	0.021826699999792254	epochs	3.0
1270.6036076465941	0.043327100000169594	epochs	2.0
1270.6036076465941	0.02171760000010181	epochs	3.0
1270.6253252465942	0.021609500000067783	epochs	3.0
1270.6469347465943	0.04289900000003399	epochs	2.0
1270.6469347465943	0.02150249999999687	epochs	3.0
1270.6684372465943	0.021396500000037122	epochs	3.0
1270.6898337465943	0.04247949999989942	epochs	2.0
1270.6898337465943	0.021291699999892444	epochs	3.0
1270.7111254465942	0.021187800000006973	epochs	3.0
1270.7323132465942	0.04206790000012006	epochs	2.0
1270.7323132465942	0.02108490000000529	epochs	3.0
1270.7533981465942	0.02098300000011477	epochs	3.0
1270.7743811465944	0.04166439999994509	epochs	2.0
1270.7743811465944	0.020882199999959994	epochs	3.0
1270.7952633465943	0.020782199999985096	epochs	3.0
1270.8160455465943	0.041268499999887354	epochs	2.0
1270.8160455465943	0.020683299999973315	epochs	3.0
1270.8367288465943	0.02058519999991404	epochs	3.0
1270.8573140465942	0.04088000000001557	epochs	2.0
1270.8573140465942	0.020488099999965925	epochs	3.0
1270.8778021465941	0.020391900000049645	epochs	3.0
1270.8981940465942	0.04049880000002304	epochs	2.0
1270.8981940465942	0.020296599999937825	epochs	3.0
1270.9184906465941	0.020202200000085213	epochs	3.0
1270.9386928465942	0.04012460000012652	epochs	2.0
1270.9386928465942	0.02010870000003706	epochs	3.0
1270.9588015465943	0.02001590000008946	epochs	3.0
1270.9788174465943	0.03975729999979194	epochs	2.0
1270.9788174465943	0.0199241999998776	epochs	3.0
1270.9987416465942	0.01983309999991434	epochs	3.0
1271.0185747465941	0.03939669999999751	epochs	2.0
1271.0185747465941	0.01974300000006224	epochs	3.0
1271.0383177465942	0.01965369999993527	epochs	3.0
1271.0579714465941	0.03904240000019854	epochs	2.0
1271.0579714465941	0.019565100000136226	epochs	3.0
1271.0775365465943	0.019477300000062314	epochs	3.0
1271.0970138465943	0.03869459999987157	epochs	2.0
1271.0970138465943	0.019390399999792862	epochs	3.0
1271.1164042465941	0.01930420000007871	epochs	3.0
1271.1357084465942	0.03835290000006353	epochs	2.0
1271.1357084465942	0.019218800000089686	epochs	3.0
1271.1549272465943	0.01913409999997384	epochs	3.0
1271.1740613465943	0.03801720000001296	epochs	2.0
1271.1740613465943	0.019050200000037876	epochs	3.0
1271.1931115465943	0.018966999999975087	epochs	3.0
1271.2120785465943	0.03768719999993664	epochs	2.0
1271.2120785465943	0.01888450000001285	epochs	3.0
1271.2309630465943	0.01880269999992379	epochs	3.0
1271.2497657465942	0.03736309999999321	epochs	2.0
1271.2497657465942	0.018721700000014607	epochs	3.0
1271.2684874465942	0.018641399999978603	epochs	3.0
1271.2871288465942	0.03704429999993408	epochs	2.0
1271.2871288465942	0.018561600000111866	epochs	3.0
1271.3056904465943	0.018482699999822216	epochs	3.0
1271.3241731465941	0.036731000000145286	epochs	2.0
1271.3241731465941	0.01840430000015658	epochs	3.0
1271.3425774465943	0.018326699999988705	epochs	3.0
1271.3609041465943	0.03642289999993409	epochs	2.0
1271.3609041465943	0.018249599999990096	epochs	3.0
1271.3791537465943	0.018173299999943993	epochs	3.0
1271.3973270465942	0.03612010000006194	epochs	2.0
1271.3973270465942	0.01809759999991911	epochs	3.0
1271.4154246465941	0.018022500000142827	epochs	3.0
1271.4334471465943	0.03582209999990482	epochs	2.0
1271.4334471465943	0.01794789999985369	epochs	3.0
1271.4513950465941	0.017874200000051133	epochs	3.0
1271.4692692465942	0.03552899999999681	epochs	2.0
1271.4692692465942	0.017800800000031813	epochs	3.0
1271.4870700465942	0.017728199999965	epochs	3.0
1271.5047982465942	0.03524070000003121	epochs	2.0
1271.5047982465942	0.017656100000067454	epochs	3.0
1271.5224543465943	0.017584599999963757	epochs	3.0
1271.5400389465942	0.03495709999992869	epochs	2.0
1271.5400389465942	0.017513700000108656	epochs	3.0
1271.5575526465943	0.01744339999982003	epochs	3.0
1271.5749960465942	0.03467790000013338	epochs	2.0
1271.5749960465942	0.01737360000015542	epochs	3.0
1271.5923696465943	0.017304299999977957	epochs	3.0
1271.6096739465943	0.03440329999989444	epochs	2.0
1271.6096739465943	0.017235699999901044	epochs	3.0
1271.6269096465942	0.0171675999999934	epochs	3.0
1271.6440772465942	0.03413279999995211	epochs	2.0
1271.6440772465942	0.01709989999994832	epochs	3.0
1271.6611771465941	0.017032900000003792	epochs	3.0
1271.6782100465941	0.03386670000008962	epochs	2.0
1271.6782100465941	0.01696640000000116	epochs	3.0
1271.6951764465941	0.016900300000088464	epochs	3.0
1271.7120767465942	0.03360459999998966	epochs	2.0
1271.7120767465942	0.01683479999996962	epochs	3.0
1271.7289115465942	0.01676980000002004	epochs	3.0
1271.7456813465942	0.033346599999958926	epochs	2.0
1271.7456813465942	0.016705300000012357	epochs	3.0
1271.7623866465942	0.01664129999994657	epochs	3.0
1271.7790279465942	0.03309250000006614	epochs	2.0
1271.7790279465942	0.016577800000050047	epochs	3.0
1271.7956057465942	0.01651470000001609	epochs	3.0
1271.8121204465942	0.032842300000083924	epochs	2.0
1271.8121204465942	0.01645220000000336	epochs	3.0
1271.8285726465942	0.016390100000080565	epochs	3.0
1271.8449627465943	0.03259570000000167	epochs	2.0
1271.8449627465943	0.016328400000020338	epochs	3.0
1271.8612911465943	0.016267299999981333	epochs	3.0
1271.8775584465943	0.032352899999978035	epochs	2.0
1271.8775584465943	0.016206599999804894	epochs	3.0
1271.8937650465941	0.01614630000017314	epochs	3.0
1271.9099113465943	0.03211369999985436	epochs	2.0
1271.9099113465943	0.01608659999988049	epochs	3.0
1271.9259979465942	0.01602709999997387	epochs	3.0
1271.9420250465942	0.03187800000000607	epochs	2.0
1271.9420250465942	0.015968200000088473	epochs	3.0
1271.9579932465942	0.015909799999917595	epochs	3.0
1271.9739030465942	0.03164570000012645	epochs	2.0
1271.9739030465942	0.01585160000013275	epochs	3.0
1271.9897546465943	0.015794099999993705	epochs	3.0
1272.0055487465943	0.031416699999908815	epochs	2.0
1272.0055487465943	0.01573669999993399	epochs	3.0
1272.0212854465942	0.015679999999974825	epochs	3.0
1272.0369654465942	0.031191100000114602	epochs	2.0
1272.0369654465942	0.015623600000026272	epochs	3.0
1272.0525890465942	0.01556750000008833	epochs	3.0
1272.0681565465943	0.030968699999903038	epochs	2.0
1272.0681565465943	0.015511999999944237	epochs	3.0
1272.0836685465943	0.0154566999999588	epochs	3.0
1272.0991252465942	0.030749499999956242	epochs	2.0
1272.0991252465942	0.015401999999994587	epochs	3.0
1272.1145272465942	0.015347499999961656	epochs	3.0
1272.1298747465942	0.03053320000003623	epochs	2.0
1272.1298747465942	0.015293400000018664	epochs	3.0
1272.1451681465942	0.015239800000017567	epochs	3.0
1272.1604079465942	0.030320099999926242	epochs	2.0
1272.1604079465942	0.015186500000027081	epochs	3.0
1272.1755944465942	0.015133599999899161	epochs	3.0
1272.1907280465941	0.03010990000007041	epochs	2.0
1272.1907280465941	0.015081000000009226	epochs	3.0
1272.2058090465941	0.015028900000061185	epochs	3.0
1272.2208379465942	0.029902499999934662	epochs	2.0
1272.2208379465942	0.014977000000044427	epochs	3.0
1272.2358149465942	0.014925499999890235	epochs	3.0
1272.2507404465941	0.0296981000001324	epochs	2.0
1272.2507404465941	0.014874400000053356	epochs	3.0
1272.2656148465942	0.014823700000079043	epochs	3.0
1272.2804385465943	0.029496299999891562	epochs	2.0
1272.2804385465943	0.014773200000036013	epochs	3.0
1272.2952117465943	0.014723099999855549	epochs	3.0
1272.3099348465942	0.029297400000132257	epochs	2.0
1272.3099348465942	0.014673399999992398	epochs	3.0
1272.3246082465942	0.014624000000139858	epochs	3.0
1272.3392322465943	0.029101099999934377	epochs	2.0
1272.3392322465943	0.014574899999843183	epochs	3.0
1272.3538071465941	0.014526200000091194	epochs	3.0
1272.3683333465942	0.028907399999980044	epochs	2.0
1272.3683333465942	0.014477700000043114	epochs	3.0
1272.3828110465943	0.014429699999936929	epochs	3.0
1272.3972407465942	0.028716199999962555	epochs	2.0
1272.3972407465942	0.014381800000137446	epochs	3.0
1272.4116225465943	0.01433439999982511	epochs	3.0
1272.4259569465942	0.02852759999996124	epochs	2.0
1272.4259569465942	0.014287200000126177	epochs	3.0
1272.4402441465943	0.014240399999835063	epochs	3.0
1272.4544845465941	0.028341400000044814	epochs	2.0
1272.4544845465941	0.014193800000157353	epochs	3.0
1272.4686783465943	0.014147599999887461	epochs	3.0
1272.4828259465942	0.028157700000065233	epochs	2.0
1272.4828259465942	0.014101700000082928	epochs	3.0
1272.4969276465943	0.014055999999982305	epochs	3.0
1272.5109836465942	0.027976300000091214	epochs	2.0
1272.5109836465942	0.014010599999892293	epochs	3.0
1272.5249942465941	0.013965700000198922	epochs	3.0
1272.5389599465943	0.027797199999895383	epochs	2.0
1272.5389599465943	0.01392079999982343	epochs	3.0
1272.5528807465942	0.013876400000071953	epochs	3.0
1272.5667571465942	0.027620399999932488	epochs	2.0
1272.5667571465942	0.013832200000024386	epochs	3.0
1272.5805893465943	0.013788199999908102	epochs	3.0
1272.5943775465942	0.027445899999975154	epochs	2.0
1272.5943775465942	0.01374460000010913	epochs	3.0
1272.6081221465943	0.013701299999866023	epochs	3.0
1272.6218234465941	0.0272735000000921	epochs	2.0
1272.6218234465941	0.013658200000008947	epochs	3.0
1272.6354816465941	0.013615300000083153	epochs	3.0
1272.6490969465942	0.027103399999987232	epochs	2.0
1272.6490969465942	0.013572800000019924	epochs	3.0
1272.6626697465942	0.013530599999967308	epochs	3.0
1272.6762003465942	0.02693520000002536	epochs	2.0
1272.6762003465942	0.01348839999991469	epochs	3.0
1272.6896887465941	0.01344680000011067	epochs	3.0
1272.7031355465942	0.026769199999989723	epochs	2.0
1272.7031355465942	0.013405200000079276	epochs	3.0
1272.7165407465943	0.013363999999910448	epochs	3.0
1272.7299047465942	0.026605199999949036	epochs	2.0
1272.7299047465942	0.013322900000048321	epochs	3.0
1272.7432276465943	0.013282299999900715	epochs	3.0
1272.7565099465942	0.026443200000130673	epochs	2.0
1272.7565099465942	0.013241699999980483	epochs	3.0
1272.7697516465942	0.01320150000015019	epochs	3.0
1272.7829531465943	0.026283199999852513	epochs	2.0
1272.7829531465943	0.013161500000023807	epochs	3.0
1272.7961146465943	0.013121699999828706	epochs	3.0
1272.8092363465942	0.02612500000009277	epochs	2.0
1272.8092363465942	0.013082100000019636	epochs	3.0
1272.8223184465942	0.013042900000073132	epochs	3.0
1272.8353613465943	0.025968899999952555	epochs	2.0
1272.8353613465943	0.01300390000005791	epochs	3.0
1272.8483652465943	0.012964999999894644	epochs	3.0
1272.8613302465942	0.025814500000024054	epochs	2.0
1272.8613302465942	0.012926399999969362	epochs	3.0
1272.8742566465942	0.012888100000054692	epochs	3.0
1272.8871447465942	0.025661899999931848	epochs	2.0
1272.8871447465942	0.012849899999991976	epochs	3.0
1272.8999946465942	0.012811999999939871	epochs	3.0
1272.9128066465942	0.025511199999982637	epochs	2.0
1272.9128066465942	0.012774400000125752	epochs	3.0
1272.9255810465943	0.012736799999856885	epochs	3.0
1272.9383178465941	0.025362300000097093	epochs	2.0
1272.9383178465941	0.01269969999998466	epochs	3.0
1272.9510175465941	0.012662600000112434	epochs	3.0
1272.9636801465942	0.025214999999889187	epochs	2.0
1272.9636801465942	0.012625800000023446	epochs	3.0
1272.9763059465943	0.012589199999865741	epochs	3.0
1272.9888951465941	0.02458480000018426	epochs	2.0
1273.0132485465942	0.5	epochs	-1.0
1273.0134799465943	0.5266399999998157	epochs	1.0
1273.5401199465941	0.4732800000001589	epochs	0.0
1274.125	0.03248000000007778	epochs	0.0
1274.125	0.011241299999937837	epochs	1.0
1274.1362413	0.009997399999974732	epochs	1.0
1274.1462387	0.01124130000016521	epochs	1.0
1274.15748	2.0	epochs	0.0
1276.15748	21.505840000000035	epochs	0.0
1276.15748	1.0	epochs	1.0
1276.1574886	0.5	epochs	-1.0
1276.6574886	19.999759999999924	epochs	-1.0
1277.15748	20.0	epochs	1.0
1277.15748	4.3567538999998305	epochs	-1.0
1277.15748	1.9745871999998599	epochs	2.0
1277.15748	1.098562199999833	epochs	3.0
1278.2560422	0.8760250000000269	epochs	3.0
1279.1320672	1.3524075000000266	epochs	2.0
1279.1320672	0.7286355000001095	epochs	3.0
1279.8607027	0.6237719999999172	epochs	3.0
1280.4844747	1.029759199999944	epochs	2.0
1280.4844747	0.5453293000000485	epochs	3.0
1281.029804	0.4844298999998955	epochs	3.0
1281.5142339	0.8317862000001242	epochs	2.0
1281.5142339	0.4357763000000432	epochs	3.0
1281.9500102	0.39600990000008096	epochs	3.0
1282.3460201	0.6977970000000369	epochs	2.0
1282.3460201	0.3628982000000178	epochs	3.0
1282.7089183	0.33489880000001904	epochs	3.0
1283.0438171	0.601045699999986	epochs	2.0
1283.0438171	0.3109122999999272	epochs	3.0
1283.3547294	0.2901334000000588	epochs	3.0
1283.6448628	0.5278859000000011	epochs	2.0
1283.6448628	0.2719585999998344	epochs	3.0
1283.9168214	0.2559273000001667	epochs	3.0
1284.1727487	0.470619299999953	epochs	2.0
1284.1727487	0.241681299999982	epochs	3.0
1284.41443	0.228937999999971	epochs	3.0
1284.643368	0.42457039999999324	epochs	2.0
1284.643368	0.21747140000002219	epochs	3.0
1284.8608394	0.20709899999997106	epochs	3.0
1285.0679384	0.3867353999999068	epochs	2.0
1285.0679384	0.19767109999997956	epochs	3.0
1285.2656095	0.18906429999992724	epochs	3.0
1285.4546738	0.35509530000013	epochs	2.0
1285.4546738	0.18117590000019845	epochs	3.0
1285.6358497	0.17391939999993156	epochs	3.0
1285.8097691	0.3282431000000088	epochs	2.0
1285.8097691	0.16722189999995862	epochs	3.0
1285.976991	0.16102120000005016	epochs	3.0
1286.1380122	0.3051679999998669	epochs	2.0
1286.1380122	0.15526389999990897	epochs	3.0
1286.2932761	0.1499040999999579	epochs	3.0
1286.4431802	0.28512530000011793	epochs	2.0
1286.4431802	0.1449021000000812	epochs	3.0
1286.5880823	0.14022320000003674	epochs	3.0
1286.7283055	0.2675537999998596	epochs	2.0
1286.7283055	0.1358368999999584	epochs	3.0
1286.8641424	0.13171689999990122	epochs	3.0
1286.9958593	0.25202290000015637	epochs	2.0
1286.9958593	0.1278393000000051	epochs	3.0
1287.1236986	0.12418360000015127	epochs	3.0
1287.2478822	0.23819649999995818	epochs	2.0
1287.2478822	0.12073110000005727	epochs	3.0
1287.3686133	0.11746539999990091	epochs	3.0
1287.4860787	0.2258088000000953	epochs	2.0
1287.4860787	0.1143718999999237	epochs	3.0
1287.6004506	0.11143690000017159	epochs	3.0
1287.7118875	0.21464599999990241	epochs	2.0
1287.7118875	0.10864889999993466	epochs	3.0
1287.8205364	0.10599709999996776	epochs	3.0
1287.9265335	0.20453500000007807	epochs	2.0
1287.9265335	0.10347150000006877	epochs	3.0
1288.030005	0.1010635000000093	epochs	3.0
1288.1310685	0.19533400000000256	epochs	2.0
1288.1310685	0.09876509999980954	epochs	3.0
1288.2298336	0.09656890000019303	epochs	3.0
1288.3264025	0.18692529999998442	epochs	2.0
1288.3264025	0.09446830000001682	epochs	3.0
1288.4208708	0.09245699999996759	epochs	3.0
1288.5133278	0.17921069999988504	epochs	2.0
1288.5133278	0.09052959999985433	epochs	3.0
1288.6038574	0.08868110000003071	epochs	3.0
1288.6925385	0.17210769999996955	epochs	2.0
1288.6925385	0.08690630000000965	epochs	3.0
1288.7794448	0.0852013999999599	epochs	3.0
1288.8646462	0.16554640000003928	epochs	2.0
1288.8646462	0.08356190000017705	epochs	3.0
1288.9482081	0.08198449999986224	epochs	3.0
1289.0301926	0.15946710000002895	epochs	2.0
1289.0301926	0.08046540000009372	epochs	3.0
1289.110658	0.07900169999993523	epochs	3.0
1289.1896597	0.15381840000009106	epochs	2.0
1289.1896597	0.07759009999995214	epochs	3.0
1289.2672498	0.07622830000013892	epochs	3.0
1289.3434781	0.14855639999996129	epochs	2.0
1289.3434781	0.07491329999993468	epochs	3.0
1289.4183914	0.0736431000000266	epochs	3.0
1289.4920345	0.1436423999998624	epochs	2.0
1289.4920345	0.07241499999986445	epochs	3.0
1289.5644495	0.07122739999999794	epochs	3.0
1289.6356769	0.13904309999998077	epochs	2.0
1289.6356769	0.07007800000019415	epochs	3.0
1289.7057549	0.06896509999978662	epochs	3.0
1289.77472	0.1347293000001173	epochs	2.0
1289.77472	0.0678871000000072	epochs	3.0
1289.8426071	0.0668422000001101	epochs	3.0
1289.9094493	0.1306752000000415	epochs	2.0
1289.9094493	0.06582909999997355	epochs	3.0
1289.9752784	0.06484610000006796	epochs	3.0
1290.0401245	0.1268577999999252	epochs	2.0
1290.0401245	0.06389199999989614	epochs	3.0
1290.1040165	0.06296580000002905	epochs	3.0
1290.1669823	0.12325720000012552	epochs	2.0
1290.1669823	0.06206580000002759	epochs	3.0
1290.2290481	0.06119140000009793	epochs	3.0
1290.2902395	0.11985540000000583	epochs	2.0
1290.2902395	0.060341099999959624	epochs	3.0
1290.3505806	0.059514300000046205	epochs	3.0
1290.4100949	0.1166361999999026	epochs	2.0
1290.4100949	0.058709599999929196	epochs	3.0
1290.4688045	0.057926599999973405	epochs	3.0
1290.5267311	0.11358560000007856	epochs	2.0
1290.5267311	0.05716419999998834	epochs	3.0
1290.5838953	0.056421400000090216	epochs	3.0
1290.6403167	0.11069049999991876	epochs	2.0
1290.6403167	0.05569789999981367	epochs	3.0
1290.6960146	0.054992600000105085	epochs	3.0
1290.7510072	0.1079391000000669	epochs	2.0
1290.7510072	0.05430490000003374	epochs	3.0
1290.8053121	0.05363420000003316	epochs	3.0
1290.8589463	0.10532149999994544	epochs	2.0
1290.8589463	0.05297999999993408	epochs	3.0
1290.9119263	0.052341500000011365	epochs	3.0
1290.9642678	0.10282759999995505	epochs	2.0
1290.9642678	0.05171810000001642	epochs	3.0
1291.0159859	0.051109499999938635	epochs	3.0
1291.0670954	0.10044910000010532	epochs	2.0
1291.0670954	0.050514900000052876	epochs	3.0
1291.1176103	0.04993420000005244	epochs	3.0
1291.1675445	0.0981782999999723	epochs	2.0
1291.1675445	0.04936659999998483	epochs	3.0
1291.2169111	0.04881169999998747	epochs	3.0
1291.2657228	0.09600780000005216	epochs	2.0
1291.2657228	0.04826920000004975	epochs	3.0
1291.313992	0.04773860000000241	epochs	3.0
1291.3617306	0.09393119999981536	epochs	2.0
1291.3617306	0.04721949999998287	epochs	3.0
1291.4089501	0.04671169999983249	epochs	3.0
1291.4556618	0.09194260000003851	epochs	2.0
1291.4556618	0.046214599999984785	epochs	3.0
1291.5018764	0.045728000000053726	epochs	3.0
1291.5476044	0.09003630000006524	epochs	2.0
1291.5476044	0.045251499999949374	epochs	3.0
1291.5928559	0.044784800000115865	epochs	3.0
1291.6376407	0.08820760000003247	epochs	2.0
1291.6376407	0.044327800000019124	epochs	3.0
1291.6819685	0.04387980000001335	epochs	3.0
1291.7258483	0.0864516999999978	epochs	2.0
1291.7258483	0.04344100000002982	epochs	3.0
1291.7692893	0.04301069999996798	epochs	3.0
1291.8123	0.08476429999996071	epochs	2.0
1291.8123	0.04258899999990717	epochs	3.0
1291.854889	0.04217530000005354	epochs	3.0
1291.8970643	0.08314150000001064	epochs	2.0
1291.8970643	0.04176970000003166	epochs	3.0
1291.938834	0.041371799999978975	epochs	3.0
1291.9802058	0.08157970000002024	epochs	2.0
1291.9802058	0.040981399999964196	epochs	3.0
1292.0211872	0.04059830000005604	epochs	3.0
1292.0617855	0.08007550000002084	epochs	2.0
1292.0617855	0.04022229999986848	epochs	3.0
1292.1020078	0.039853200000152356	epochs	3.0
1292.141861	0.07862569999997504	epochs	2.0
1292.141861	0.03949079999983951	epochs	3.0
1292.1813518	0.03913490000013553	epochs	3.0
1292.2204867	0.07722760000001472	epochs	2.0
1292.2204867	0.038785400000051595	epochs	3.0
1292.2592721	0.03844219999996312	epochs	3.0
1292.2977143	0.07587820000003376	epochs	2.0
1292.2977143	0.03810479999992822	epochs	3.0
1292.3358191	0.03777340000010554	epochs	3.0
1292.3735925	0.07457519999979922	epochs	2.0
1292.3735925	0.03744769999980235	epochs	3.0
1292.4110402	0.03712749999999687	epochs	3.0
1292.4481676999999	0.07331630000021505	epochs	2.0
1292.4481676999999	0.0368129000000863	epochs	3.0
1292.4849806	0.03650340000012875	epochs	3.0
1292.521484	0.07209899999998015	epochs	2.0
1292.521484	0.03619909999997617	epochs	3.0
1292.5576831	0.03589990000000398	epochs	3.0
1292.593583	0.07092169999987163	epochs	2.0
1292.593583	0.035605599999826154	epochs	3.0
1292.6291886	0.03531610000004548	epochs	3.0
1292.6645047	0.06978200000003199	epochs	2.0
1292.6645047	0.03503120000004856	epochs	3.0
1292.6995359	0.03475079999998343	epochs	3.0
1292.7342867	0.06867860000011206	epochs	2.0
1292.7342867	0.03447510000000875	epochs	3.0
1292.7687618	0.034203500000103304	epochs	3.0
1292.8029653	0.06760929999995824	epochs	2.0
1292.8029653	0.033936199999970995	epochs	3.0
1292.8369015	0.033673099999987244	epochs	3.0
1292.8705746	0.06657289999998284	epochs	2.0
1292.8705746	0.03341399999999339	epochs	3.0
1292.9039886	0.033158899999989444	epochs	3.0
1292.9371475	0.06556780000005347	epochs	2.0
1292.9371475	0.03290769999989607	epochs	3.0
1292.9700552	0.0326601000001574	epochs	3.0
1293.0027153	0.06459259999996902	epochs	2.0
1293.0027153	0.03241639999987456	epochs	3.0
1293.0351317	0.03217620000009447	epochs	3.0
1293.0673079	0.06364599999983511	epochs	2.0
1293.0673079	0.03193959999998697	epochs	3.0
1293.0992475	0.031706399999848145	epochs	3.0
1293.1309539	0.06272670000021208	epochs	2.0
1293.1309539	0.03147660000013275	epochs	3.0
1293.1624305	0.03125010000007933	epochs	3.0
1293.1936806	0.06183359999999993	epochs	2.0
1293.1936806	0.03102689999991526	epochs	3.0
1293.2247075	0.030806700000084675	epochs	3.0
1293.2555142	0.060965599999917686	epochs	2.0
1293.2555142	0.030589799999916067	epochs	3.0
1293.286104	0.030375800000001618	epochs	3.0
1293.3164798	0.06012160000000222	epochs	2.0
1293.3164798	0.030164900000045236	epochs	3.0
1293.3466447	0.02995669999995698	epochs	3.0
1293.3766014	0.05930069999999432	epochs	2.0
1293.3766014	0.029751600000054168	epochs	3.0
1293.406353	0.029549099999940154	epochs	3.0
1293.4359021	0.05850179999993088	epochs	2.0
1293.4359021	0.02934940000000097	epochs	3.0
1293.4652515	0.029152399999929912	epochs	3.0
1293.4944039	0.05772419999993872	epochs	2.0
1293.4944039	0.028958000000102402	epochs	3.0
1293.5233619	0.028766199999836317	epochs	3.0
1293.5521281	0.05696710000006533	epochs	2.0
1293.5521281	0.028577000000041153	epochs	3.0
1293.5807051	0.028390100000024177	epochs	3.0
1293.6090952	0.05622949999997218	epochs	2.0
1293.6090952	0.028205699999944045	epochs	3.0
1293.6373009	0.028023800000028132	epochs	3.0
1293.6653247	0.05551070000001346	epochs	2.0
1293.6653247	0.027844000000186497	epochs	3.0
1293.6931687000001	0.02766669999982696	epochs	3.0
1293.7208354	0.054810200000019904	epochs	2.0
1293.7208354	0.02749149999999645	epochs	3.0
1293.7483269	0.027318700000023455	epochs	3.0
1293.7756456	0.05412700000010773	epochs	2.0
1293.7756456	0.027147799999966082	epochs	3.0
1293.8027934	0.026979200000141645	epochs	3.0
1293.8297726	0.053460699999959616	epochs	2.0
1293.8297726	0.02681259999985741	epochs	3.0
1293.8565852	0.026648100000102204	epochs	3.0
1293.8832333	0.05281070000000909	epochs	2.0
1293.8832333	0.0264855999998872	epochs	3.0
1293.9097189	0.026325100000121893	epochs	3.0
1293.936044	0.052176199999848905	epochs	2.0
1293.936044	0.026166399999965506	epochs	3.0
1293.9622104	0.0260097999998834	epochs	3.0
1293.9882202	0.05155670000021928	epochs	2.0
1293.9882202	0.02585480000016105	epochs	3.0
1294.014075	0.02570190000005823	epochs	3.0
1294.0397769	0.05095189999997274	epochs	2.0
1294.0397769	0.025550699999939752	epochs	3.0
1294.0653276	0.025401200000032986	epochs	3.0
1294.0907288	0.050360999999838896	epochs	2.0
1294.0907288	0.025253499999962514	epochs	3.0
1294.1159823	0.02510749999987638	epochs	3.0
1294.1410898	0.04978380000011384	epochs	2.0
1294.1410898	0.02496320000000196	epochs	3.0
1294.166053	0.02482060000011188	epochs	3.0
1294.1908736	0.04921949999993558	epochs	2.0
1294.1908736	0.024679399999968155	epochs	3.0
1294.215553	0.024540099999967424	epochs	3.0
1294.2400931	0.04866790000005494	epochs	2.0
1294.2400931	0.024402100000088467	epochs	3.0
1294.2644952	0.024265799999966475	epochs	3.0
1294.288761	0.048128599999927246	epochs	2.0
1294.288761	0.02413099999989754	epochs	3.0
1294.312892	0.023997600000029706	epochs	3.0
1294.3368896	0.047601100000065344	epochs	2.0
1294.3368896	0.023865800000066884	epochs	3.0
1294.3607554	0.02373529999999846	epochs	3.0
1294.3844907	0.04708499999992455	epochs	2.0
1294.3844907	0.023606299999983094	epochs	3.0
1294.408097	0.023478699999941455	epochs	3.0
1294.4315757	0.046579999999948996	epochs	2.0
1294.4315757	0.023352500000100918	epochs	3.0
1294.4549282	0.023227499999848078	epochs	3.0
1294.4781557	0.046085700000048746	epochs	2.0
1294.4781557	0.023104000000103042	epochs	3.0
1294.5012597	0.022981699999945704	epochs	3.0
1294.5242414	0.045601799999985815	epochs	2.0
1294.5242414	0.022860700000137513	epochs	3.0
1294.5471021	0.022741099999848302	epochs	3.0
1294.5698432	0.04512790000012501	epochs	2.0
1294.5698432	0.022622500000125	epochs	3.0
1294.5924657	0.02250540000000001	epochs	3.0
1294.6149711	0.04466379999985293	epochs	2.0
1294.6149711	0.02238929999998618	epochs	3.0
1294.6373604	0.022274499999866748	epochs	3.0
1294.6596349	0.04420920000006845	epochs	2.0
1294.6596349	0.02216080000016518	epochs	3.0
1294.6817957	0.022048399999903268	epochs	3.0
1294.7038441	0.04376359999992019	epochs	2.0
1294.7038441	0.021936900000127935	epochs	3.0
1294.725781	0.021826699999792254	epochs	3.0
1294.7476077	0.043327100000169594	epochs	2.0
1294.7476077	0.02171760000010181	epochs	3.0
1294.7693253	0.021609500000067783	epochs	3.0
1294.7909348	0.04289900000003399	epochs	2.0
1294.7909348	0.02150249999999687	epochs	3.0
1294.8124373	0.021396500000037122	epochs	3.0
1294.8338338	0.04247949999989942	epochs	2.0
1294.8338338	0.021291699999892444	epochs	3.0
1294.8551255	0.021187800000006973	epochs	3.0
1294.8763133	0.04206790000012006	epochs	2.0
1294.8763133	0.02108490000000529	epochs	3.0
1294.8973982	0.02098300000011477	epochs	3.0
1294.9183812	0.04166439999994509	epochs	2.0
1294.9183812	0.020882199999959994	epochs	3.0
1294.9392634	0.020782199999985096	epochs	3.0
1294.9600456	0.041268499999887354	epochs	2.0
1294.9600456	0.020683299999973315	epochs	3.0
1294.9807289	0.02058519999991404	epochs	3.0
1295.0013141	0.04088000000001557	epochs	2.0
1295.0013141	0.020488099999965925	epochs	3.0
1295.0218022	0.020391900000049645	epochs	3.0
1295.0421941	0.04049880000002304	epochs	2.0
1295.0421941	0.020296599999937825	epochs	3.0
1295.0624907	0.020202200000085213	epochs	3.0
1295.0826929	0.04012460000012652	epochs	2.0
1295.0826929	0.02010870000003706	epochs	3.0
1295.1028016	0.02001590000008946	epochs	3.0
1295.1228175	0.03975729999979194	epochs	2.0
1295.1228175	0.0199241999998776	epochs	3.0
1295.1427417	0.01983309999991434	epochs	3.0
1295.1625748	0.03939669999999751	epochs	2.0
1295.1625748	0.01974300000006224	epochs	3.0
1295.1823178	0.01965369999993527	epochs	3.0
1295.2019715	0.03904240000019854	epochs	2.0
1295.2019715	0.019565100000136226	epochs	3.0
1295.2215366	0.019477300000062314	epochs	3.0
1295.2410139	0.03869459999987157	epochs	2.0
1295.2410139	0.019390399999792862	epochs	3.0
1295.2604043	0.01930420000007871	epochs	3.0
1295.2797085	0.03835290000006353	epochs	2.0
1295.2797085	0.019218800000089686	epochs	3.0
1295.2989273	0.01913409999997384	epochs	3.0
1295.3180614	0.03801720000001296	epochs	2.0
1295.3180614	0.019050200000037876	epochs	3.0
1295.3371116	0.018966999999975087	epochs	3.0
1295.3560786	0.03768719999993664	epochs	2.0
1295.3560786	0.01888450000001285	epochs	3.0
1295.3749631	0.01880269999992379	epochs	3.0
1295.3937658	0.03736309999999321	epochs	2.0
1295.3937658	0.018721700000014607	epochs	3.0
1295.4124875	0.018641399999978603	epochs	3.0
1295.4311289	0.03704429999993408	epochs	2.0
1295.4311289	0.018561600000111866	epochs	3.0
1295.4496905	0.018482699999822216	epochs	3.0
1295.4681732	0.036731000000145286	epochs	2.0
1295.4681732	0.01840430000015658	epochs	3.0
1295.4865775	0.018326699999988705	epochs	3.0
1295.5049042	0.03642289999993409	epochs	2.0
1295.5049042	0.018249599999990096	epochs	3.0
1295.5231538	0.018173299999943993	epochs	3.0
1295.5413271	0.03612010000006194	epochs	2.0
1295.5413271	0.01809759999991911	epochs	3.0
1295.5594247	0.018022500000142827	epochs	3.0
1295.5774472	0.03582209999990482	epochs	2.0
1295.5774472	0.01794789999985369	epochs	3.0
1295.5953951	0.017874200000051133	epochs	3.0
1295.6132693	0.03552899999999681	epochs	2.0
1295.6132693	0.017800800000031813	epochs	3.0
1295.6310701	0.017728199999965	epochs	3.0
1295.6487983	0.03524070000003121	epochs	2.0
1295.6487983	0.017656100000067454	epochs	3.0
1295.6664544	0.017584599999963757	epochs	3.0
1295.684039	0.03495709999992869	epochs	2.0
1295.684039	0.017513700000108656	epochs	3.0
1295.7015527	0.01744339999982003	epochs	3.0
1295.7189961	0.03467790000013338	epochs	2.0
1295.7189961	0.01737360000015542	epochs	3.0
1295.7363697	0.017304299999977957	epochs	3.0
1295.753674	0.03440329999989444	epochs	2.0
1295.753674	0.017235699999901044	epochs	3.0
1295.7709097	0.0171675999999934	epochs	3.0
1295.7880773	0.03413279999995211	epochs	2.0
1295.7880773	0.01709989999994832	epochs	3.0
1295.8051772	0.017032900000003792	epochs	3.0
1295.8222101	0.03386670000008962	epochs	2.0
1295.8222101	0.01696640000000116	epochs	3.0
1295.8391765	0.016900300000088464	epochs	3.0
1295.8560768	0.03360459999998966	epochs	2.0
1295.8560768	0.01683479999996962	epochs	3.0
1295.8729116	0.01676980000002004	epochs	3.0
1295.8896814	0.033346599999958926	epochs	2.0
1295.8896814	0.016705300000012357	epochs	3.0
1295.9063867	0.01664129999994657	epochs	3.0
1295.923028	0.03309250000006614	epochs	2.0
1295.923028	0.016577800000050047	epochs	3.0
1295.9396058	0.01651470000001609	epochs	3.0
1295.9561205	0.032842300000083924	epochs	2.0
1295.9561205	0.01645220000000336	epochs	3.0
1295.9725727	0.016390100000080565	epochs	3.0
1295.9889628	0.03259570000000167	epochs	2.0
1295.9889628	0.016328400000020338	epochs	3.0
1296.0052912	0.016267299999981333	epochs	3.0
1296.0215585	0.032352899999978035	epochs	2.0
1296.0215585	0.016206599999804894	epochs	3.0
1296.0377651	0.01614630000017314	epochs	3.0
1296.0539114	0.03211369999985436	epochs	2.0
1296.0539114	0.01608659999988049	epochs	3.0
1296.069998	0.01602709999997387	epochs	3.0
1296.0860251	0.03187800000000607	epochs	2.0
1296.0860251	0.015968200000088473	epochs	3.0
1296.1019933	0.015909799999917595	epochs	3.0
1296.1179031	0.03164570000012645	epochs	2.0
1296.1179031	0.01585160000013275	epochs	3.0
1296.1337547	0.015794099999993705	epochs	3.0
1296.1495488	0.031416699999908815	epochs	2.0
1296.1495488	0.01573669999993399	epochs	3.0
1296.1652855	0.015679999999974825	epochs	3.0
1296.1809655	0.031191100000114602	epochs	2.0
1296.1809655	0.015623600000026272	epochs	3.0
1296.1965891	0.01556750000008833	epochs	3.0
1296.2121566	0.030968699999903038	epochs	2.0
1296.2121566	0.015511999999944237	epochs	3.0
1296.2276686	0.0154566999999588	epochs	3.0
1296.2431253	0.030749499999956242	epochs	2.0
1296.2431253	0.015401999999994587	epochs	3.0
1296.2585273	0.015347499999961656	epochs	3.0
1296.2738748	0.03053320000003623	epochs	2.0
1296.2738748	0.015293400000018664	epochs	3.0
1296.2891682	0.015239800000017567	epochs	3.0
1296.304408	0.030320099999926242	epochs	2.0
1296.304408	0.015186500000027081	epochs	3.0
1296.3195945	0.015133599999899161	epochs	3.0
1296.3347281	0.03010990000007041	epochs	2.0
1296.3347281	0.015081000000009226	epochs	3.0
1296.3498091	0.015028900000061185	epochs	3.0
1296.364838	0.029902499999934662	epochs	2.0
1296.364838	0.014977000000044427	epochs	3.0
1296.379815	0.014925499999890235	epochs	3.0
1296.3947405	0.0296981000001324	epochs	2.0
1296.3947405	0.014874400000053356	epochs	3.0
1296.4096149	0.014823700000079043	epochs	3.0
1296.4244386	0.029496299999891562	epochs	2.0
1296.4244386	0.014773200000036013	epochs	3.0
1296.4392118	0.014723099999855549	epochs	3.0
1296.4539349	0.029297400000132257	epochs	2.0
1296.4539349	0.014673399999992398	epochs	3.0
1296.4686083	0.014624000000139858	epochs	3.0
1296.4832323	0.029101099999934377	epochs	2.0
1296.4832323	0.014574899999843183	epochs	3.0
1296.4978072	0.014526200000091194	epochs	3.0
1296.5123334	0.028907399999980044	epochs	2.0
1296.5123334	0.014477700000043114	epochs	3.0
1296.5268111	0.014429699999936929	epochs	3.0
1296.5412408	0.028716199999962555	epochs	2.0
1296.5412408	0.014381800000137446	epochs	3.0
1296.5556226	0.01433439999982511	epochs	3.0
1296.569957	0.02852759999996124	epochs	2.0
1296.569957	0.014287200000126177	epochs	3.0
1296.5842442	0.014240399999835063	epochs	3.0
1296.5984846	0.028341400000044814	epochs	2.0
1296.5984846	0.014193800000157353	epochs	3.0
1296.6126784	0.014147599999887461	epochs	3.0
1296.626826	0.028157700000065233	epochs	2.0
1296.626826	0.014101700000082928	epochs	3.0
1296.6409277	0.014055999999982305	epochs	3.0
1296.6549837	0.027976300000091214	epochs	2.0
1296.6549837	0.014010599999892293	epochs	3.0
1296.6689943	0.013965700000198922	epochs	3.0
1296.68296	0.027797199999895383	epochs	2.0
1296.68296	0.01392079999982343	epochs	3.0
1296.6968808	0.013876400000071953	epochs	3.0
1296.7107572	0.027620399999932488	epochs	2.0
1296.7107572	0.013832200000024386	epochs	3.0
1296.7245894	0.013788199999908102	epochs	3.0
1296.7383776	0.027445899999975154	epochs	2.0
1296.7383776	0.01374460000010913	epochs	3.0
1296.7521222	0.013701299999866023	epochs	3.0
1296.7658235	0.0272735000000921	epochs	2.0
1296.7658235	0.013658200000008947	epochs	3.0
1296.7794817	0.013615300000083153	epochs	3.0
1296.793097	0.027103399999987232	epochs	2.0
1296.793097	0.013572800000019924	epochs	3.0
1296.8066698	0.013530599999967308	epochs	3.0
1296.8202004	0.02693520000002536	epochs	2.0
1296.8202004	0.01348839999991469	epochs	3.0
1296.8336888	0.01344680000011067	epochs	3.0
1296.8471356	0.026769199999989723	epochs	2.0
1296.8471356	0.013405200000079276	epochs	3.0
1296.8605408	0.013363999999910448	epochs	3.0
1296.8739048	0.026605199999949036	epochs	2.0
1296.8739048	0.013322900000048321	epochs	3.0
1296.8872277	0.013282299999900715	epochs	3.0
1296.90051	0.026443200000130673	epochs	2.0
1296.90051	0.013241699999980483	epochs	3.0
1296.9137517	0.01320150000015019	epochs	3.0
1296.9269532	0.026283199999852513	epochs	2.0
1296.9269532	0.013161500000023807	epochs	3.0
1296.9401147	0.013121699999828706	epochs	3.0
1296.9532364	0.02612500000009277	epochs	2.0
1296.9532364	0.013082100000019636	epochs	3.0
1296.9663185	0.013042900000073132	epochs	3.0
1296.9793614	0.025968899999952555	epochs	2.0
1296.9793614	0.01300390000005791	epochs	3.0
1296.9923653	0.012964999999894644	epochs	3.0
1297.0053303	0.025814500000024054	epochs	2.0
1297.0053303	0.012926399999969362	epochs	3.0
1297.0182567	0.012888100000054692	epochs	3.0
1297.0311448	0.025661899999931848	epochs	2.0
1297.0311448	0.012849899999991976	epochs	3.0
1297.0439947	0.012811999999939871	epochs	3.0
1297.0568067	0.025511199999982637	epochs	2.0
1297.0568067	0.012774400000125752	epochs	3.0
1297.0695811	0.012736799999856885	epochs	3.0
1297.0823179	0.025362300000097093	epochs	2.0
1297.0823179	0.01269969999998466	epochs	3.0
1297.0950176	0.012662600000112434	epochs	3.0
1297.1076802	0.025214999999889187	epochs	2.0
1297.1076802	0.012625800000023446	epochs	3.0
1297.120306	0.012589199999865741	epochs	3.0
1297.1328952	0.02458480000018426	epochs	2.0
1297.1572486	0.5	epochs	-1.0
1297.15748	0.5058400000000347	epochs	1.0
1297.66332	0.4940799999999399	epochs	0.0
1298.0199999809265	0.03248000000007778	epochs	0.0
1298.0199999809265	0.011241299999937837	epochs	1.0
1298.0312412809265	0.009997399999974732	epochs	1.0
1298.0412386809264	0.01124130000016521	epochs	1.0
1298.0524799809266	2.0	epochs	0.0
1300.0524799809266	21.526479999999992	epochs	0.0
1300.0524799809266	1.0	epochs	1.0
1300.0524885809266	0.5	epochs	-1.0
1300.5524885809266	19.999759999999924	epochs	-1.0
1301.0524799809266	20.0	epochs	1.0
1301.0524799809266	4.3567538999998305	epochs	-1.0
1301.0524799809266	1.9745871999998599	epochs	2.0
1301.0524799809266	1.098562199999833	epochs	3.0
1302.1510421809264	0.8760250000000269	epochs	3.0
1303.0270671809265	1.3524075000000266	epochs	2.0
1303.0270671809265	0.7286355000001095	epochs	3.0
1303.7557026809266	0.6237719999999172	epochs	3.0
1304.3794746809265	1.029759199999944	epochs	2.0
1304.3794746809265	0.5453293000000485	epochs	3.0
1304.9248039809265	0.4844298999998955	epochs	3.0
1305.4092338809264	0.8317862000001242	epochs	2.0
1305.4092338809264	0.4357763000000432	epochs	3.0
1305.8450101809265	0.39600990000008096	epochs	3.0
1306.2410200809265	0.6977970000000369	epochs	2.0
1306.2410200809265	0.3628982000000178	epochs	3.0
1306.6039182809266	0.33489880000001904	epochs	3.0
1306.9388170809266	0.601045699999986	epochs	2.0
1306.9388170809266	0.3109122999999272	epochs	3.0
1307.2497293809265	0.2901334000000588	epochs	3.0
1307.5398627809266	0.5278859000000011	epochs	2.0
1307.5398627809266	0.2719585999998344	epochs	3.0
1307.8118213809264	0.2559273000001667	epochs	3.0
1308.0677486809266	0.470619299999953	epochs	2.0
1308.0677486809266	0.241681299999982	epochs	3.0
1308.3094299809266	0.228937999999971	epochs	3.0
1308.5383679809265	0.42457039999999324	epochs	2.0
1308.5383679809265	0.21747140000002219	epochs	3.0
1308.7558393809265	0.20709899999997106	epochs	3.0
1308.9629383809265	0.3867353999999068	epochs	2.0
1308.9629383809265	0.19767109999997956	epochs	3.0
1309.1606094809265	0.18906429999992724	epochs	3.0
1309.3496737809264	0.35509530000013	epochs	2.0
1309.3496737809264	0.18117590000019845	epochs	3.0
1309.5308496809266	0.17391939999993156	epochs	3.0
1309.7047690809266	0.3282431000000088	epochs	2.0
1309.7047690809266	0.16722189999995862	epochs	3.0
1309.8719909809265	0.16102120000005016	epochs	3.0
1310.0330121809266	0.3051679999998669	epochs	2.0
1310.0330121809266	0.15526389999990897	epochs	3.0
1310.1882760809265	0.1499040999999579	epochs	3.0
1310.3381801809264	0.28512530000011793	epochs	2.0
1310.3381801809264	0.1449021000000812	epochs	3.0
1310.4830822809265	0.14022320000003674	epochs	3.0
1310.6233054809265	0.2675537999998596	epochs	2.0
1310.6233054809265	0.1358368999999584	epochs	3.0
1310.7591423809265	0.13171689999990122	epochs	3.0
1310.8908592809264	0.25202290000015637	epochs	2.0
1310.8908592809264	0.1278393000000051	epochs	3.0
1311.0186985809264	0.12418360000015127	epochs	3.0
1311.1428821809266	0.23819649999995818	epochs	2.0
1311.1428821809266	0.12073110000005727	epochs	3.0
1311.2636132809266	0.11746539999990091	epochs	3.0
1311.3810786809265	0.2258088000000953	epochs	2.0
1311.3810786809265	0.1143718999999237	epochs	3.0
1311.4954505809264	0.11143690000017159	epochs	3.0
1311.6068874809266	0.21464599999990241	epochs	2.0
1311.6068874809266	0.10864889999993466	epochs	3.0
1311.7155363809266	0.10599709999996776	epochs	3.0
1311.8215334809265	0.20453500000007807	epochs	2.0
1311.8215334809265	0.10347150000006877	epochs	3.0
1311.9250049809266	0.1010635000000093	epochs	3.0
1312.0260684809266	0.19533400000000256	epochs	2.0
1312.0260684809266	0.09876509999980954	epochs	3.0
1312.1248335809264	0.09656890000019303	epochs	3.0
1312.2214024809266	0.18692529999998442	epochs	2.0
1312.2214024809266	0.09446830000001682	epochs	3.0
1312.3158707809266	0.09245699999996759	epochs	3.0
1312.4083277809266	0.17921069999988504	epochs	2.0
1312.4083277809266	0.09052959999985433	epochs	3.0
1312.4988573809264	0.08868110000003071	epochs	3.0
1312.5875384809265	0.17210769999996955	epochs	2.0
1312.5875384809265	0.08690630000000965	epochs	3.0
1312.6744447809265	0.0852013999999599	epochs	3.0
1312.7596461809264	0.16554640000003928	epochs	2.0
1312.7596461809264	0.08356190000017705	epochs	3.0
1312.8432080809266	0.08198449999986224	epochs	3.0
1312.9251925809265	0.15946710000002895	epochs	2.0
1312.9251925809265	0.08046540000009372	epochs	3.0
1313.0056579809266	0.07900169999993523	epochs	3.0
1313.0846596809265	0.15381840000009106	epochs	2.0
1313.0846596809265	0.07759009999995214	epochs	3.0
1313.1622497809265	0.07622830000013892	epochs	3.0
1313.2384780809266	0.14855639999996129	epochs	2.0
1313.2384780809266	0.07491329999993468	epochs	3.0
1313.3133913809265	0.0736431000000266	epochs	3.0
1313.3870344809266	0.1436423999998624	epochs	2.0
1313.3870344809266	0.07241499999986445	epochs	3.0
1313.4594494809264	0.07122739999999794	epochs	3.0
1313.5306768809264	0.13904309999998077	epochs	2.0
1313.5306768809264	0.07007800000019415	epochs	3.0
1313.6007548809266	0.06896509999978662	epochs	3.0
1313.6697199809264	0.1347293000001173	epochs	2.0
1313.6697199809264	0.0678871000000072	epochs	3.0
1313.7376070809264	0.0668422000001101	epochs	3.0
1313.8044492809265	0.1306752000000415	epochs	2.0
1313.8044492809265	0.06582909999997355	epochs	3.0
1313.8702783809265	0.06484610000006796	epochs	3.0
1313.9351244809266	0.1268577999999252	epochs	2.0
1313.9351244809266	0.06389199999989614	epochs	3.0
1313.9990164809265	0.06296580000002905	epochs	3.0
1314.0619822809265	0.12325720000012552	epochs	2.0
1314.0619822809265	0.06206580000002759	epochs	3.0
1314.1240480809265	0.06119140000009793	epochs	3.0
1314.1852394809266	0.11985540000000583	epochs	2.0
1314.1852394809266	0.060341099999959624	epochs	3.0
1314.2455805809266	0.059514300000046205	epochs	3.0
1314.3050948809266	0.1166361999999026	epochs	2.0
1314.3050948809266	0.058709599999929196	epochs	3.0
1314.3638044809265	0.057926599999973405	epochs	3.0
1314.4217310809265	0.11358560000007856	epochs	2.0
1314.4217310809265	0.05716419999998834	epochs	3.0
1314.4788952809265	0.056421400000090216	epochs	3.0
1314.5353166809266	0.11069049999991876	epochs	2.0
1314.5353166809266	0.05569789999981367	epochs	3.0
1314.5910145809264	0.054992600000105085	epochs	3.0
1314.6460071809265	0.1079391000000669	epochs	2.0
1314.6460071809265	0.05430490000003374	epochs	3.0
1314.7003120809266	0.05363420000003316	epochs	3.0
1314.7539462809266	0.10532149999994544	epochs	2.0
1314.7539462809266	0.05297999999993408	epochs	3.0
1314.8069262809265	0.052341500000011365	epochs	3.0
1314.8592677809265	0.10282759999995505	epochs	2.0
1314.8592677809265	0.05171810000001642	epochs	3.0
1314.9109858809265	0.051109499999938635	epochs	3.0
1314.9620953809265	0.10044910000010532	epochs	2.0
1314.9620953809265	0.050514900000052876	epochs	3.0
1315.0126102809265	0.04993420000005244	epochs	3.0
1315.0625444809266	0.0981782999999723	epochs	2.0
1315.0625444809266	0.04936659999998483	epochs	3.0
1315.1119110809266	0.04881169999998747	epochs	3.0
1315.1607227809266	0.09600780000005216	epochs	2.0
1315.1607227809266	0.04826920000004975	epochs	3.0
1315.2089919809266	0.04773860000000241	epochs	3.0
1315.2567305809266	0.09393119999981536	epochs	2.0
1315.2567305809266	0.04721949999998287	epochs	3.0
1315.3039500809266	0.04671169999983249	epochs	3.0
1315.3506617809264	0.09194260000003851	epochs	2.0
1315.3506617809264	0.046214599999984785	epochs	3.0
1315.3968763809264	0.045728000000053726	epochs	3.0
1315.4426043809265	0.09003630000006524	epochs	2.0
1315.4426043809265	0.045251499999949374	epochs	3.0
1315.4878558809264	0.044784800000115865	epochs	3.0
1315.5326406809265	0.08820760000003247	epochs	2.0
1315.5326406809265	0.044327800000019124	epochs	3.0
1315.5769684809266	0.04387980000001335	epochs	3.0
1315.6208482809266	0.0864516999999978	epochs	2.0
1315.6208482809266	0.04344100000002982	epochs	3.0
1315.6642892809266	0.04301069999996798	epochs	3.0
1315.7072999809266	0.08476429999996071	epochs	2.0
1315.7072999809266	0.04258899999990717	epochs	3.0
1315.7498889809265	0.04217530000005354	epochs	3.0
1315.7920642809265	0.08314150000001064	epochs	2.0
1315.7920642809265	0.04176970000003166	epochs	3.0
1315.8338339809266	0.041371799999978975	epochs	3.0
1315.8752057809265	0.08157970000002024	epochs	2.0
1315.8752057809265	0.040981399999964196	epochs	3.0
1315.9161871809265	0.04059830000005604	epochs	3.0
1315.9567854809266	0.08007550000002084	epochs	2.0
1315.9567854809266	0.04022229999986848	epochs	3.0
1315.9970077809264	0.039853200000152356	epochs	3.0
1316.0368609809266	0.07862569999997504	epochs	2.0
1316.0368609809266	0.03949079999983951	epochs	3.0
1316.0763517809264	0.03913490000013553	epochs	3.0
1316.1154866809266	0.07722760000001472	epochs	2.0
1316.1154866809266	0.038785400000051595	epochs	3.0
1316.1542720809266	0.03844219999996312	epochs	3.0
1316.1927142809266	0.07587820000003376	epochs	2.0
1316.1927142809266	0.03810479999992822	epochs	3.0
1316.2308190809265	0.03777340000010554	epochs	3.0
1316.2685924809266	0.07457519999979922	epochs	2.0
1316.2685924809266	0.03744769999980235	epochs	3.0
1316.3060401809264	0.03712749999999687	epochs	3.0
1316.3431676809264	0.07331630000021505	epochs	2.0
1316.3431676809264	0.0368129000000863	epochs	3.0
1316.3799805809265	0.03650340000012875	epochs	3.0
1316.4164839809266	0.07209899999998015	epochs	2.0
1316.4164839809266	0.03619909999997617	epochs	3.0
1316.4526830809266	0.03589990000000398	epochs	3.0
1316.4885829809266	0.07092169999987163	epochs	2.0
1316.4885829809266	0.035605599999826154	epochs	3.0
1316.5241885809264	0.03531610000004548	epochs	3.0
1316.5595046809265	0.06978200000003199	epochs	2.0
1316.5595046809265	0.03503120000004856	epochs	3.0
1316.5945358809265	0.03475079999998343	epochs	3.0
1316.6292866809265	0.06867860000011206	epochs	2.0
1316.6292866809265	0.03447510000000875	epochs	3.0
1316.6637617809265	0.034203500000103304	epochs	3.0
1316.6979652809266	0.06760929999995824	epochs	2.0
1316.6979652809266	0.033936199999970995	epochs	3.0
1316.7319014809266	0.033673099999987244	epochs	3.0
1316.7655745809266	0.06657289999998284	epochs	2.0
1316.7655745809266	0.03341399999999339	epochs	3.0
1316.7989885809266	0.033158899999989444	epochs	3.0
1316.8321474809266	0.06556780000005347	epochs	2.0
1316.8321474809266	0.03290769999989607	epochs	3.0
1316.8650551809264	0.0326601000001574	epochs	3.0
1316.8977152809266	0.06459259999996902	epochs	2.0
1316.8977152809266	0.03241639999987456	epochs	3.0
1316.9301316809265	0.03217620000009447	epochs	3.0
1316.9623078809266	0.06364599999983511	epochs	2.0
1316.9623078809266	0.03193959999998697	epochs	3.0
1316.9942474809266	0.031706399999848145	epochs	3.0
1317.0259538809264	0.06272670000021208	epochs	2.0
1317.0259538809264	0.03147660000013275	epochs	3.0
1317.0574304809265	0.03125010000007933	epochs	3.0
1317.0886805809266	0.06183359999999993	epochs	2.0
1317.0886805809266	0.03102689999991526	epochs	3.0
1317.1197074809265	0.030806700000084675	epochs	3.0
1317.1505141809266	0.060965599999917686	epochs	2.0
1317.1505141809266	0.030589799999916067	epochs	3.0
1317.1811039809265	0.030375800000001618	epochs	3.0
1317.2114797809265	0.06012160000000222	epochs	2.0
1317.2114797809265	0.030164900000045236	epochs	3.0
1317.2416446809266	0.02995669999995698	epochs	3.0
1317.2716013809265	0.05930069999999432	epochs	2.0
1317.2716013809265	0.029751600000054168	epochs	3.0
1317.3013529809266	0.029549099999940154	epochs	3.0
1317.3309020809265	0.05850179999993088	epochs	2.0
1317.3309020809265	0.02934940000000097	epochs	3.0
1317.3602514809265	0.029152399999929912	epochs	3.0
1317.3894038809265	0.05772419999993872	epochs	2.0
1317.3894038809265	0.028958000000102402	epochs	3.0
1317.4183618809266	0.028766199999836317	epochs	3.0
1317.4471280809264	0.05696710000006533	epochs	2.0
1317.4471280809264	0.028577000000041153	epochs	3.0
1317.4757050809264	0.028390100000024177	epochs	3.0
1317.5040951809265	0.05622949999997218	epochs	2.0
1317.5040951809265	0.028205699999944045	epochs	3.0
1317.5323008809264	0.028023800000028132	epochs	3.0
1317.5603246809264	0.05551070000001346	epochs	2.0
1317.5603246809264	0.027844000000186497	epochs	3.0
1317.5881686809266	0.02766669999982696	epochs	3.0
1317.6158353809265	0.054810200000019904	epochs	2.0
1317.6158353809265	0.02749149999999645	epochs	3.0
1317.6433268809265	0.027318700000023455	epochs	3.0
1317.6706455809265	0.05412700000010773	epochs	2.0
1317.6706455809265	0.027147799999966082	epochs	3.0
1317.6977933809264	0.026979200000141645	epochs	3.0
1317.7247725809266	0.053460699999959616	epochs	2.0
1317.7247725809266	0.02681259999985741	epochs	3.0
1317.7515851809264	0.026648100000102204	epochs	3.0
1317.7782332809265	0.05281070000000909	epochs	2.0
1317.7782332809265	0.0264855999998872	epochs	3.0
1317.8047188809264	0.026325100000121893	epochs	3.0
1317.8310439809266	0.052176199999848905	epochs	2.0
1317.8310439809266	0.026166399999965506	epochs	3.0
1317.8572103809265	0.0260097999998834	epochs	3.0
1317.8832201809264	0.05155670000021928	epochs	2.0
1317.8832201809264	0.02585480000016105	epochs	3.0
1317.9090749809266	0.02570190000005823	epochs	3.0
1317.9347768809266	0.05095189999997274	epochs	2.0
1317.9347768809266	0.025550699999939752	epochs	3.0
1317.9603275809266	0.025401200000032986	epochs	3.0
1317.9857287809266	0.050360999999838896	epochs	2.0
1317.9857287809266	0.025253499999962514	epochs	3.0
1318.0109822809266	0.02510749999987638	epochs	3.0
1318.0360897809264	0.04978380000011384	epochs	2.0
1318.0360897809264	0.02496320000000196	epochs	3.0
1318.0610529809264	0.02482060000011188	epochs	3.0
1318.0858735809265	0.04921949999993558	epochs	2.0
1318.0858735809265	0.024679399999968155	epochs	3.0
1318.1105529809265	0.024540099999967424	epochs	3.0
1318.1350930809265	0.04866790000005494	epochs	2.0
1318.1350930809265	0.024402100000088467	epochs	3.0
1318.1594951809266	0.024265799999966475	epochs	3.0
1318.1837609809265	0.048128599999927246	epochs	2.0
1318.1837609809265	0.02413099999989754	epochs	3.0
1318.2078919809264	0.023997600000029706	epochs	3.0
1318.2318895809265	0.047601100000065344	epochs	2.0
1318.2318895809265	0.023865800000066884	epochs	3.0
1318.2557553809265	0.02373529999999846	epochs	3.0
1318.2794906809265	0.04708499999992455	epochs	2.0
1318.2794906809265	0.023606299999983094	epochs	3.0
1318.3030969809265	0.023478699999941455	epochs	3.0
1318.3265756809265	0.046579999999948996	epochs	2.0
1318.3265756809265	0.023352500000100918	epochs	3.0
1318.3499281809266	0.023227499999848078	epochs	3.0
1318.3731556809264	0.046085700000048746	epochs	2.0
1318.3731556809264	0.023104000000103042	epochs	3.0
1318.3962596809265	0.022981699999945704	epochs	3.0
1318.4192413809265	0.045601799999985815	epochs	2.0
1318.4192413809265	0.022860700000137513	epochs	3.0
1318.4421020809266	0.022741099999848302	epochs	3.0
1318.4648431809264	0.04512790000012501	epochs	2.0
1318.4648431809264	0.022622500000125	epochs	3.0
1318.4874656809266	0.02250540000000001	epochs	3.0
1318.5099710809266	0.04466379999985293	epochs	2.0
1318.5099710809266	0.02238929999998618	epochs	3.0
1318.5323603809265	0.022274499999866748	epochs	3.0
1318.5546348809264	0.04420920000006845	epochs	2.0
1318.5546348809264	0.02216080000016518	epochs	3.0
1318.5767956809266	0.022048399999903268	epochs	3.0
1318.5988440809265	0.04376359999992019	epochs	2.0
1318.5988440809265	0.021936900000127935	epochs	3.0
1318.6207809809266	0.021826699999792254	epochs	3.0
1318.6426076809264	0.043327100000169594	epochs	2.0
1318.6426076809264	0.02171760000010181	epochs	3.0
1318.6643252809265	0.021609500000067783	epochs	3.0
1318.6859347809266	0.04289900000003399	epochs	2.0
1318.6859347809266	0.02150249999999687	epochs	3.0
1318.7074372809266	0.021396500000037122	epochs	3.0
1318.7288337809266	0.04247949999989942	epochs	2.0
1318.7288337809266	0.021291699999892444	epochs	3.0
1318.7501254809265	0.021187800000006973	epochs	3.0
1318.7713132809265	0.04206790000012006	epochs	2.0
1318.7713132809265	0.02108490000000529	epochs	3.0
1318.7923981809265	0.02098300000011477	epochs	3.0
1318.8133811809266	0.04166439999994509	epochs	2.0
1318.8133811809266	0.020882199999959994	epochs	3.0
1318.8342633809266	0.020782199999985096	epochs	3.0
1318.8550455809266	0.041268499999887354	epochs	2.0
1318.8550455809266	0.020683299999973315	epochs	3.0
1318.8757288809265	0.02058519999991404	epochs	3.0
1318.8963140809265	0.04088000000001557	epochs	2.0
1318.8963140809265	0.020488099999965925	epochs	3.0
1318.9168021809264	0.020391900000049645	epochs	3.0
1318.9371940809265	0.04049880000002304	epochs	2.0
1318.9371940809265	0.020296599999937825	epochs	3.0
1318.9574906809264	0.020202200000085213	epochs	3.0
1318.9776928809265	0.04012460000012652	epochs	2.0
1318.9776928809265	0.02010870000003706	epochs	3.0
1318.9978015809265	0.02001590000008946	epochs	3.0
1319.0178174809266	0.03975729999979194	epochs	2.0
1319.0178174809266	0.0199241999998776	epochs	3.0
1319.0377416809265	0.01983309999991434	epochs	3.0
1319.0575747809264	0.03939669999999751	epochs	2.0
1319.0575747809264	0.01974300000006224	epochs	3.0
1319.0773177809265	0.01965369999993527	epochs	3.0
1319.0969714809264	0.03904240000019854	epochs	2.0
1319.0969714809264	0.019565100000136226	epochs	3.0
1319.1165365809265	0.019477300000062314	epochs	3.0
1319.1360138809266	0.03869459999987157	epochs	2.0
1319.1360138809266	0.019390399999792862	epochs	3.0
1319.1554042809264	0.01930420000007871	epochs	3.0
1319.1747084809265	0.03835290000006353	epochs	2.0
1319.1747084809265	0.019218800000089686	epochs	3.0
1319.1939272809266	0.01913409999997384	epochs	3.0
1319.2130613809265	0.03801720000001296	epochs	2.0
1319.2130613809265	0.019050200000037876	epochs	3.0
1319.2321115809266	0.018966999999975087	epochs	3.0
1319.2510785809266	0.03768719999993664	epochs	2.0
1319.2510785809266	0.01888450000001285	epochs	3.0
1319.2699630809266	0.01880269999992379	epochs	3.0
1319.2887657809265	0.03736309999999321	epochs	2.0
1319.2887657809265	0.018721700000014607	epochs	3.0
1319.3074874809265	0.018641399999978603	epochs	3.0
1319.3261288809265	0.03704429999993408	epochs	2.0
1319.3261288809265	0.018561600000111866	epochs	3.0
1319.3446904809266	0.018482699999822216	epochs	3.0
1319.3631731809264	0.036731000000145286	epochs	2.0
1319.3631731809264	0.01840430000015658	epochs	3.0
1319.3815774809266	0.018326699999988705	epochs	3.0
1319.3999041809266	0.03642289999993409	epochs	2.0
1319.3999041809266	0.018249599999990096	epochs	3.0
1319.4181537809266	0.018173299999943993	epochs	3.0
1319.4363270809265	0.03612010000006194	epochs	2.0
1319.4363270809265	0.01809759999991911	epochs	3.0
1319.4544246809264	0.018022500000142827	epochs	3.0
1319.4724471809266	0.03582209999990482	epochs	2.0
1319.4724471809266	0.01794789999985369	epochs	3.0
1319.4903950809264	0.017874200000051133	epochs	3.0
1319.5082692809265	0.03552899999999681	epochs	2.0
1319.5082692809265	0.017800800000031813	epochs	3.0
1319.5260700809265	0.017728199999965	epochs	3.0
1319.5437982809265	0.03524070000003121	epochs	2.0
1319.5437982809265	0.017656100000067454	epochs	3.0
1319.5614543809265	0.017584599999963757	epochs	3.0
1319.5790389809265	0.03495709999992869	epochs	2.0
1319.5790389809265	0.017513700000108656	epochs	3.0
1319.5965526809266	0.01744339999982003	epochs	3.0
1319.6139960809264	0.03467790000013338	epochs	2.0
1319.6139960809264	0.01737360000015542	epochs	3.0
1319.6313696809266	0.017304299999977957	epochs	3.0
1319.6486739809266	0.03440329999989444	epochs	2.0
1319.6486739809266	0.017235699999901044	epochs	3.0
1319.6659096809265	0.0171675999999934	epochs	3.0
1319.6830772809265	0.03413279999995211	epochs	2.0
1319.6830772809265	0.01709989999994832	epochs	3.0
1319.7001771809264	0.017032900000003792	epochs	3.0
1319.7172100809264	0.03386670000008962	epochs	2.0
1319.7172100809264	0.01696640000000116	epochs	3.0
1319.7341764809264	0.016900300000088464	epochs	3.0
1319.7510767809265	0.03360459999998966	epochs	2.0
1319.7510767809265	0.01683479999996962	epochs	3.0
1319.7679115809265	0.01676980000002004	epochs	3.0
1319.7846813809265	0.033346599999958926	epochs	2.0
1319.7846813809265	0.016705300000012357	epochs	3.0
1319.8013866809265	0.01664129999994657	epochs	3.0
1319.8180279809264	0.03309250000006614	epochs	2.0
1319.8180279809264	0.016577800000050047	epochs	3.0
1319.8346057809265	0.01651470000001609	epochs	3.0
1319.8511204809265	0.032842300000083924	epochs	2.0
1319.8511204809265	0.01645220000000336	epochs	3.0
1319.8675726809265	0.016390100000080565	epochs	3.0
1319.8839627809266	0.03259570000000167	epochs	2.0
1319.8839627809266	0.016328400000020338	epochs	3.0
1319.9002911809266	0.016267299999981333	epochs	3.0
1319.9165584809266	0.032352899999978035	epochs	2.0
1319.9165584809266	0.016206599999804894	epochs	3.0
1319.9327650809264	0.01614630000017314	epochs	3.0
1319.9489113809266	0.03211369999985436	epochs	2.0
1319.9489113809266	0.01608659999988049	epochs	3.0
1319.9649979809265	0.01602709999997387	epochs	3.0
1319.9810250809264	0.03187800000000607	epochs	2.0
1319.9810250809264	0.015968200000088473	epochs	3.0
1319.9969932809265	0.015909799999917595	epochs	3.0
1320.0129030809264	0.03164570000012645	epochs	2.0
1320.0129030809264	0.01585160000013275	epochs	3.0
1320.0287546809266	0.015794099999993705	epochs	3.0
1320.0445487809266	0.031416699999908815	epochs	2.0
1320.0445487809266	0.01573669999993399	epochs	3.0
1320.0602854809265	0.015679999999974825	epochs	3.0
1320.0759654809265	0.031191100000114602	epochs	2.0
1320.0759654809265	0.015623600000026272	epochs	3.0
1320.0915890809265	0.01556750000008833	epochs	3.0
1320.1071565809266	0.030968699999903038	epochs	2.0
1320.1071565809266	0.015511999999944237	epochs	3.0
1320.1226685809265	0.0154566999999588	epochs	3.0
1320.1381252809265	0.030749499999956242	epochs	2.0
1320.1381252809265	0.015401999999994587	epochs	3.0
1320.1535272809265	0.015347499999961656	epochs	3.0
1320.1688747809264	0.03053320000003623	epochs	2.0
1320.1688747809264	0.015293400000018664	epochs	3.0
1320.1841681809265	0.015239800000017567	epochs	3.0
1320.1994079809265	0.030320099999926242	epochs	2.0
1320.1994079809265	0.015186500000027081	epochs	3.0
1320.2145944809265	0.015133599999899161	epochs	3.0
1320.2297280809264	0.03010990000007041	epochs	2.0
1320.2297280809264	0.015081000000009226	epochs	3.0
1320.2448090809264	0.015028900000061185	epochs	3.0
1320.2598379809265	0.029902499999934662	epochs	2.0
1320.2598379809265	0.014977000000044427	epochs	3.0
1320.2748149809265	0.014925499999890235	epochs	3.0
1320.2897404809264	0.0296981000001324	epochs	2.0
1320.2897404809264	0.014874400000053356	epochs	3.0
1320.3046148809265	0.014823700000079043	epochs	3.0
1320.3194385809265	0.029496299999891562	epochs	2.0
1320.3194385809265	0.014773200000036013	epochs	3.0
1320.3342117809266	0.014723099999855549	epochs	3.0
1320.3489348809264	0.029297400000132257	epochs	2.0
1320.3489348809264	0.014673399999992398	epochs	3.0
1320.3636082809264	0.014624000000139858	epochs	3.0
1320.3782322809266	0.029101099999934377	epochs	2.0
1320.3782322809266	0.014574899999843183	epochs	3.0
1320.3928071809264	0.014526200000091194	epochs	3.0
1320.4073333809265	0.028907399999980044	epochs	2.0
1320.4073333809265	0.014477700000043114	epochs	3.0
1320.4218110809265	0.014429699999936929	epochs	3.0
1320.4362407809265	0.028716199999962555	epochs	2.0
1320.4362407809265	0.014381800000137446	epochs	3.0
1320.4506225809266	0.01433439999982511	epochs	3.0
1320.4649569809264	0.02852759999996124	epochs	2.0
1320.4649569809264	0.014287200000126177	epochs	3.0
1320.4792441809266	0.014240399999835063	epochs	3.0
1320.4934845809264	0.028341400000044814	epochs	2.0
1320.4934845809264	0.014193800000157353	epochs	3.0
1320.5076783809266	0.014147599999887461	epochs	3.0
1320.5218259809265	0.028157700000065233	epochs	2.0
1320.5218259809265	0.014101700000082928	epochs	3.0
1320.5359276809265	0.014055999999982305	epochs	3.0
1320.5499836809265	0.027976300000091214	epochs	2.0
1320.5499836809265	0.014010599999892293	epochs	3.0
1320.5639942809264	0.013965700000198922	epochs	3.0
1320.5779599809266	0.027797199999895383	epochs	2.0
1320.5779599809266	0.01392079999982343	epochs	3.0
1320.5918807809264	0.013876400000071953	epochs	3.0
1320.6057571809265	0.027620399999932488	epochs	2.0
1320.6057571809265	0.013832200000024386	epochs	3.0
1320.6195893809265	0.013788199999908102	epochs	3.0
1320.6333775809264	0.027445899999975154	epochs	2.0
1320.6333775809264	0.01374460000010913	epochs	3.0
1320.6471221809265	0.013701299999866023	epochs	3.0
1320.6608234809264	0.0272735000000921	epochs	2.0
1320.6608234809264	0.013658200000008947	epochs	3.0
1320.6744816809264	0.013615300000083153	epochs	3.0
1320.6880969809265	0.027103399999987232	epochs	2.0
1320.6880969809265	0.013572800000019924	epochs	3.0
1320.7016697809265	0.013530599999967308	epochs	3.0
1320.7152003809265	0.02693520000002536	epochs	2.0
1320.7152003809265	0.01348839999991469	epochs	3.0
1320.7286887809264	0.01344680000011067	epochs	3.0
1320.7421355809265	0.026769199999989723	epochs	2.0
1320.7421355809265	0.013405200000079276	epochs	3.0
1320.7555407809266	0.013363999999910448	epochs	3.0
1320.7689047809265	0.026605199999949036	epochs	2.0
1320.7689047809265	0.013322900000048321	epochs	3.0
1320.7822276809266	0.013282299999900715	epochs	3.0
1320.7955099809265	0.026443200000130673	epochs	2.0
1320.7955099809265	0.013241699999980483	epochs	3.0
1320.8087516809264	0.01320150000015019	epochs	3.0
1320.8219531809266	0.026283199999852513	epochs	2.0
1320.8219531809266	0.013161500000023807	epochs	3.0
1320.8351146809266	0.013121699999828706	epochs	3.0
1320.8482363809264	0.02612500000009277	epochs	2.0
1320.8482363809264	0.013082100000019636	epochs	3.0
1320.8613184809265	0.013042900000073132	epochs	3.0
1320.8743613809265	0.025968899999952555	epochs	2.0
1320.8743613809265	0.01300390000005791	epochs	3.0
1320.8873652809266	0.012964999999894644	epochs	3.0
1320.9003302809265	0.025814500000024054	epochs	2.0
1320.9003302809265	0.012926399999969362	epochs	3.0
1320.9132566809265	0.012888100000054692	epochs	3.0
1320.9261447809265	0.025661899999931848	epochs	2.0
1320.9261447809265	0.012849899999991976	epochs	3.0
1320.9389946809265	0.012811999999939871	epochs	3.0
1320.9518066809264	0.025511199999982637	epochs	2.0
1320.9518066809264	0.012774400000125752	epochs	3.0
1320.9645810809266	0.012736799999856885	epochs	3.0
1320.9773178809264	0.025362300000097093	epochs	2.0
1320.9773178809264	0.01269969999998466	epochs	3.0
1320.9900175809264	0.012662600000112434	epochs	3.0
1321.0026801809265	0.025214999999889187	epochs	2.0
1321.0026801809265	0.012625800000023446	epochs	3.0
1321.0153059809265	0.012589199999865741	epochs	3.0
1321.0278951809264	0.02458480000018426	epochs	2.0
1321.0522485809265	0.5	epochs	-1.0
1321.0524799809266	0.5264799999999923	epochs	1.0
1321.5789599809266	0.4734399999999823	epochs	0.0
1335.8359999656677	0.03248000000007778	epochs	0.0
1335.8359999656677	0.011241299999937837	epochs	1.0
1335.8472412656677	0.009997399999974732	epochs	1.0
1335.8572386656676	0.01124130000016521	epochs	1.0
1335.8684799656678	0.2299199999999928	epochs	0.0
1335.8684799656678	0.049999999999954525	epochs	1.0
1335.9184799656678	0.009999999999990905	epochs	1.0
1335.9284799656677	0.049999999999954525	epochs	1.0
1335.9784799656677	0.009999999999990905	epochs	1.0
1335.9884799656677	0.049999999999954525	epochs	1.0
1336.0384799656676	0.009999999999990905	epochs	1.0
1336.0484799656676	0.049920000000156506	epochs	1.0
1986.7329998016357	0.03248000000007778	epochs	0.0
1986.7329998016357	0.011241299999937837	epochs	1.0
1986.7442411016357	0.009997399999974732	epochs	1.0
1986.7542385016357	0.01124130000016521	epochs	1.0
1986.7654798016358	0.2299199999999928	epochs	0.0
1986.7654798016358	0.049999999999954525	epochs	1.0
1986.8154798016358	0.009999999999990905	epochs	1.0
1986.8254798016358	0.049999999999954525	epochs	1.0
1986.8754798016357	0.009999999999990905	epochs	1.0
1986.8854798016357	0.049999999999954525	epochs	1.0
1986.9354798016357	0.009999999999990905	epochs	1.0
1986.9454798016357	0.049920000000156506	epochs	1.0
