onset	duration	nwb_table	treelevel
12.458000183105469	0.09999999999999964	epochs	0.0
12.458000183105469	0.04499999999999993	epochs	1.0
12.503000183105469	0.009999999999999787	epochs	1.0
12.513000183105468	0.04499999999999993	epochs	1.0
12.558000183105468	0.7049950000000003	epochs	0.0
12.558000183105468	0.5	epochs	-1.0
12.558000183105468	0.5	epochs	-1.0
12.558000183105468	0.5	epochs	1.0
13.058000183105468	0.0600000000000005	epochs	-1.0
13.058000183105468	0.025000000000000355	epochs	-1.0
13.058000183105468	0.025000000000000355	epochs	1.0
13.083000183105469	0.009999999999999787	epochs	-1.0
13.083000183105469	0.009999999999999787	epochs	1.0
13.093000183105469	0.025000000000000355	epochs	-1.0
13.093000183105469	0.025000000000000355	epochs	1.0
13.118000183105469	0.0600000000000005	epochs	-1.0
13.118000183105469	0.025000000000000355	epochs	-1.0
13.118000183105469	0.025000000000000355	epochs	1.0
13.14300018310547	0.009999999999999787	epochs	-1.0
13.14300018310547	0.009999999999999787	epochs	1.0
13.153000183105469	0.025000000000000355	epochs	-1.0
13.153000183105469	0.025000000000000355	epochs	1.0
13.17800018310547	0.05999999999999872	epochs	-1.0
13.17800018310547	0.02499999999999858	epochs	-1.0
13.17800018310547	0.02499999999999858	epochs	1.0
13.203000183105468	0.010000000000001563	epochs	-1.0
13.203000183105468	0.010000000000001563	epochs	1.0
13.21300018310547	0.02499999999999858	epochs	-1.0
13.21300018310547	0.02499999999999858	epochs	1.0
13.238000183105468	0.024995000000000545	epochs	1.0
590.2720003128052	0.10000000000002274	epochs	0.0
590.2720003128052	0.04499999999995907	epochs	1.0
590.3170003128051	0.009999999999990905	epochs	1.0
590.3270003128051	0.04500000000007276	epochs	1.0
590.3720003128052	0.7049949999999399	epochs	0.0
590.3720003128052	0.5	epochs	-1.0
590.3720003128052	0.5	epochs	1.0
590.8720003128052	0.05999999999994543	epochs	-1.0
590.8720003128052	0.024999999999977263	epochs	-1.0
590.8720003128052	0.024999999999977263	epochs	1.0
590.8970003128052	0.009999999999990905	epochs	-1.0
590.8970003128052	0.009999999999990905	epochs	1.0
590.9070003128052	0.024999999999977263	epochs	-1.0
590.9070003128052	0.024999999999977263	epochs	1.0
590.9320003128051	0.06000000000005912	epochs	-1.0
590.9320003128051	0.024999999999977263	epochs	-1.0
590.9320003128051	0.024999999999977263	epochs	1.0
590.9570003128051	0.010000000000104592	epochs	-1.0
590.9570003128051	0.010000000000104592	epochs	1.0
590.9670003128052	0.024999999999977263	epochs	-1.0
590.9670003128052	0.024999999999977263	epochs	1.0
590.9920003128052	0.05999999999994543	epochs	-1.0
590.9920003128052	0.024999999999977263	epochs	-1.0
590.9920003128052	0.024999999999977263	epochs	1.0
591.0170003128052	0.009999999999990905	epochs	-1.0
591.0170003128052	0.009999999999990905	epochs	1.0
591.0270003128052	0.024999999999977263	epochs	-1.0
591.0270003128052	0.024999999999977263	epochs	1.0
591.0520003128051	0.024994999999989886	epochs	1.0
697.9539999961853	0.10000000000002274	epochs	0.0
697.9539999961853	0.04499999999995907	epochs	1.0
697.9989999961853	0.009999999999990905	epochs	1.0
698.0089999961853	0.04500000000007276	epochs	1.0
698.0539999961853	61.384995	epochs	0.0
698.0539999961853	0.5	epochs	-1.0
698.0539999961853	0.5	epochs	-1.0
698.0539999961853	0.5	epochs	1.0
698.5539999961853	0.05999999999994543	epochs	-1.0
698.5539999961853	0.024999999999977263	epochs	-1.0
698.5539999961853	0.024999999999977263	epochs	1.0
698.5789999961853	0.009999999999990905	epochs	-1.0
698.5789999961853	0.009999999999990905	epochs	1.0
698.5889999961853	0.024999999999977263	epochs	-1.0
698.5889999961853	0.024999999999977263	epochs	1.0
698.6139999961853	0.06000000000005912	epochs	-1.0
698.6139999961853	0.024999999999977263	epochs	-1.0
698.6139999961853	0.024999999999977263	epochs	1.0
698.6389999961852	0.010000000000104592	epochs	-1.0
698.6389999961852	0.010000000000104592	epochs	1.0
698.6489999961854	0.024999999999977263	epochs	-1.0
698.6489999961854	0.024999999999977263	epochs	1.0
698.6739999961853	0.05999999999994543	epochs	-1.0
698.6739999961853	0.024999999999977263	epochs	-1.0
698.6739999961853	0.024999999999977263	epochs	1.0
698.6989999961853	0.009999999999990905	epochs	-1.0
698.6989999961853	0.009999999999990905	epochs	1.0
698.7089999961853	0.024999999999977263	epochs	-1.0
698.7089999961853	0.024999999999977263	epochs	1.0
698.7339999961853	60.0	epochs	1.0
758.7339999961853	0.5	epochs	-1.0
758.7339999961853	0.5	epochs	-1.0
758.7339999961853	0.5	epochs	1.0
759.2339999961853	0.06000000000005912	epochs	-1.0
759.2339999961853	0.024999999999977263	epochs	-1.0
759.2339999961853	0.024999999999977263	epochs	1.0
759.2589999961853	0.010000000000104592	epochs	-1.0
759.2589999961853	0.010000000000104592	epochs	1.0
759.2689999961854	0.024999999999977263	epochs	-1.0
759.2689999961854	0.024999999999977263	epochs	1.0
759.2939999961853	0.05999999999994543	epochs	-1.0
759.2939999961853	0.024999999999977263	epochs	-1.0
759.2939999961853	0.024999999999977263	epochs	1.0
759.3189999961853	0.009999999999990905	epochs	-1.0
759.3189999961853	0.009999999999990905	epochs	1.0
759.3289999961853	0.024999999999977263	epochs	-1.0
759.3289999961853	0.024999999999977263	epochs	1.0
759.3539999961853	0.06000000000005912	epochs	-1.0
759.3539999961853	0.024999999999977263	epochs	-1.0
759.3539999961853	0.024999999999977263	epochs	1.0
759.3789999961853	0.009999999999990905	epochs	-1.0
759.3789999961853	0.009999999999990905	epochs	1.0
759.3889999961852	0.02500000000009095	epochs	-1.0
759.3889999961852	0.02500000000009095	epochs	1.0
759.4139999961853	0.024994999999989886	epochs	1.0
800.2430000305176	0.10000000000002274	epochs	0.0
800.2430000305176	0.04499999999995907	epochs	1.0
800.2880000305175	0.009999999999990905	epochs	1.0
800.2980000305175	0.04500000000007276	epochs	1.0
800.3430000305176	0.7049949999999399	epochs	0.0
800.3430000305176	0.5	epochs	-1.0
800.3430000305176	0.5	epochs	-1.0
800.3430000305176	0.5	epochs	1.0
800.8430000305176	0.05999999999994543	epochs	-1.0
800.8430000305176	0.024999999999977263	epochs	-1.0
800.8430000305176	0.024999999999977263	epochs	1.0
800.8680000305176	0.009999999999990905	epochs	-1.0
800.8680000305176	0.009999999999990905	epochs	1.0
800.8780000305176	0.024999999999977263	epochs	-1.0
800.8780000305176	0.024999999999977263	epochs	1.0
800.9030000305175	0.06000000000005912	epochs	-1.0
800.9030000305175	0.024999999999977263	epochs	-1.0
800.9030000305175	0.024999999999977263	epochs	1.0
800.9280000305175	0.010000000000104592	epochs	-1.0
800.9280000305175	0.010000000000104592	epochs	1.0
800.9380000305176	0.024999999999977263	epochs	-1.0
800.9380000305176	0.024999999999977263	epochs	1.0
800.9630000305176	0.05999999999994543	epochs	-1.0
800.9630000305176	0.024999999999977263	epochs	-1.0
800.9630000305176	0.024999999999977263	epochs	1.0
800.9880000305176	0.009999999999990905	epochs	-1.0
800.9880000305176	0.009999999999990905	epochs	1.0
800.9980000305176	0.024999999999977263	epochs	-1.0
800.9980000305176	0.024999999999977263	epochs	1.0
801.0230000305176	0.024994999999989886	epochs	1.0
801.4520001411438	0.10000000000002274	epochs	0.0
801.4520001411438	0.04499999999995907	epochs	1.0
801.4970001411438	0.009999999999990905	epochs	1.0
801.5070001411437	0.04500000000007276	epochs	1.0
801.5520001411438	0.7049949999999399	epochs	0.0
801.5520001411438	0.5	epochs	-1.0
801.5520001411438	0.5	epochs	-1.0
801.5520001411438	0.5	epochs	1.0
802.0520001411438	0.05999999999994543	epochs	-1.0
802.0520001411438	0.024999999999977263	epochs	-1.0
802.0520001411438	0.024999999999977263	epochs	1.0
802.0770001411438	0.009999999999990905	epochs	-1.0
802.0770001411438	0.009999999999990905	epochs	1.0
802.0870001411438	0.024999999999977263	epochs	-1.0
802.0870001411438	0.024999999999977263	epochs	1.0
802.1120001411438	0.06000000000005912	epochs	-1.0
802.1120001411438	0.024999999999977263	epochs	-1.0
802.1120001411438	0.024999999999977263	epochs	1.0
802.1370001411437	0.010000000000104592	epochs	-1.0
802.1370001411437	0.010000000000104592	epochs	1.0
802.1470001411438	0.024999999999977263	epochs	-1.0
802.1470001411438	0.024999999999977263	epochs	1.0
802.1720001411438	0.05999999999994543	epochs	-1.0
802.1720001411438	0.024999999999977263	epochs	-1.0
802.1720001411438	0.024999999999977263	epochs	1.0
802.1970001411438	0.009999999999990905	epochs	-1.0
802.1970001411438	0.009999999999990905	epochs	1.0
802.2070001411438	0.024999999999977263	epochs	-1.0
802.2070001411438	0.024999999999977263	epochs	1.0
802.2320001411438	0.024994999999989886	epochs	1.0
893.6490001678467	0.17855999999994765	epochs	0.0
893.6490001678467	0.08428030000004583	epochs	1.0
893.7332804678467	0.009999399999969683	epochs	1.0
893.7432798678467	0.08428029999993214	epochs	1.0
893.8275601678466	5.9999800000000505	epochs	0.0
893.8275601678466	0.5	epochs	1.0
893.8275715678467	0.5	epochs	-1.0
893.8275715678467	0.5	epochs	-1.0
894.3275601678466	5.0	epochs	1.0
899.3275601678466	0.4999800000000505	epochs	1.0
899.3275715678467	0.49996859999998833	epochs	-1.0
920.4120001792908	0.17855999999994765	epochs	0.0
920.4120001792908	0.08428030000004583	epochs	1.0
920.4962804792908	0.009999399999969683	epochs	1.0
920.5062798792908	0.08428029999993214	epochs	1.0
920.5905601792907	2.5223400000000993	epochs	0.0
920.5905601792907	0.5	epochs	1.0
920.5905715792908	0.5	epochs	-1.0
921.0905601792907	1.0	epochs	1.0
922.0905601792907	1.0223400000000993	epochs	1.0
922.5905715792908	0.5	epochs	-1.0
923.1129001792908	0.9776399999999512	epochs	0.0
923.4750003814697	0.17855999999994765	epochs	0.0
923.4750003814697	0.08428030000004583	epochs	1.0
923.5592806814698	0.009999399999969683	epochs	1.0
923.5692800814697	0.08428029999993214	epochs	1.0
923.6535603814697	2.5213400000000092	epochs	0.0
923.6535603814697	0.5	epochs	1.0
923.6535717814697	0.5	epochs	-1.0
924.1535603814697	1.0	epochs	1.0
925.1535603814697	1.0213400000000092	epochs	1.0
925.6535717814697	0.5	epochs	-1.0
926.1749003814697	0.9786400000000413	epochs	0.0
926.5190000534058	0.17855999999994765	epochs	0.0
926.5190000534058	0.08428030000004583	epochs	1.0
926.6032803534058	0.009999399999969683	epochs	1.0
926.6132797534058	0.08428029999993214	epochs	1.0
926.6975600534057	3.4999800000000505	epochs	0.0
926.6975600534057	0.5	epochs	1.0
926.6975714534058	0.5	epochs	-1.0
927.1975600534057	1.0	epochs	1.0
928.1975600534057	1.9999800000000505	epochs	1.0
928.6975714534058	0.5	epochs	-1.0
929.1975714534058	0.5	epochs	-1.0
930.6380000114441	0.17855999999994765	epochs	0.0
930.6380000114441	0.08428030000004583	epochs	1.0
930.7222803114441	0.009999399999969683	epochs	1.0
930.7322797114441	0.08428029999993214	epochs	1.0
930.816560011444	0.5213200000000597	epochs	0.0
930.816560011444	0.5	epochs	1.0
930.8165714114441	0.5	epochs	-1.0
931.316560011444	0.021320000000059736	epochs	1.0
931.3378800114441	2.9786599999999908	epochs	0.0
943.8880000114441	0.17855999999994765	epochs	0.0
943.8880000114441	0.08428030000004583	epochs	1.0
943.9722803114441	0.009999399999969683	epochs	1.0
943.9822797114441	0.08428029999993214	epochs	1.0
944.066560011444	2.5213200000000597	epochs	0.0
944.066560011444	0.5	epochs	1.0
944.0665714114441	0.5	epochs	-1.0
944.566560011444	1.0	epochs	1.0
945.566560011444	1.0213200000000597	epochs	1.0
946.0665714114441	0.5	epochs	-1.0
946.5878800114441	0.9786599999999908	epochs	0.0
946.9700002670288	0.17855999999994765	epochs	0.0
946.9700002670288	0.08428030000004583	epochs	1.0
947.0542805670289	0.009999399999969683	epochs	1.0
947.0642799670288	0.08428029999993214	epochs	1.0
947.1485602670288	2.5213200000000597	epochs	0.0
947.1485602670288	0.5	epochs	1.0
947.1485716670288	0.5	epochs	-1.0
947.6485602670288	1.0	epochs	1.0
948.6485602670288	1.0213200000000597	epochs	1.0
949.1485716670288	0.5	epochs	-1.0
949.6698802670288	0.9786599999999908	epochs	0.0
950.0610003471375	0.17855999999994765	epochs	0.0
950.0610003471375	0.08428030000004583	epochs	1.0
950.1452806471375	0.009999399999969683	epochs	1.0
950.1552800471375	0.08428029999993214	epochs	1.0
950.2395603471374	0.5223200000000361	epochs	0.0
950.2395603471374	0.5	epochs	1.0
950.2395717471375	0.5	epochs	-1.0
950.7395603471374	0.02232000000003609	epochs	1.0
950.7618803471374	2.9776600000000144	epochs	0.0
963.2870001792908	0.17855999999994765	epochs	0.0
963.2870001792908	0.08428030000004583	epochs	1.0
963.3712804792908	0.009999399999969683	epochs	1.0
963.3812798792908	0.08428029999993214	epochs	1.0
963.4655601792907	2.5413200000000415	epochs	0.0
963.4655601792907	0.5	epochs	1.0
963.4655715792908	0.5	epochs	-1.0
963.9655601792907	1.0	epochs	1.0
964.9655601792907	1.0413200000000415	epochs	1.0
965.4655715792908	0.5	epochs	-1.0
966.0068801792908	0.958660000000009	epochs	0.0
966.4390001296997	0.6499800000000278	epochs	0.0
966.4390001296997	0.049999999999954525	epochs	1.0
966.4890001296997	0.5	epochs	1.0
966.9890001296997	0.09998000000007323	epochs	1.0
967.5240001678467	0.6499800000000278	epochs	0.0
967.5240001678467	0.049999999999954525	epochs	1.0
967.5740001678466	0.5	epochs	1.0
968.0740001678466	0.09998000000007323	epochs	1.0
968.599000453949	0.6499800000000278	epochs	0.0
968.599000453949	0.049999999999954525	epochs	1.0
968.6490004539489	0.5	epochs	1.0
969.1490004539489	0.09998000000007323	epochs	1.0
969.6720004081726	0.6499800000000278	epochs	0.0
969.6720004081726	0.049999999999954525	epochs	1.0
969.7220004081726	0.5	epochs	1.0
970.2220004081726	0.09998000000007323	epochs	1.0
970.7720003128052	0.6499800000000278	epochs	0.0
970.7720003128052	0.049999999999954525	epochs	1.0
970.8220003128051	0.5	epochs	1.0
971.3220003128051	0.09998000000007323	epochs	1.0
971.9050002098083	0.17855999999994765	epochs	0.0
971.9050002098083	0.08428030000004583	epochs	1.0
971.9892805098084	0.009999399999969683	epochs	1.0
971.9992799098084	0.08428029999993214	epochs	1.0
972.0835602098083	0.5213200000000597	epochs	0.0
972.0835602098083	0.5	epochs	1.0
972.0835716098084	0.5	epochs	-1.0
972.5835602098083	0.021320000000059736	epochs	1.0
972.6048802098084	4.978659999999991	epochs	0.0
977.1119999885559	0.17855999999994765	epochs	0.0
977.1119999885559	0.08428030000004583	epochs	1.0
977.196280288556	0.009999399999969683	epochs	1.0
977.2062796885559	0.08428029999993214	epochs	1.0
977.2905599885559	4.541340000000105	epochs	0.0
977.2905599885559	0.5	epochs	1.0
977.2905713885559	0.5	epochs	-1.0
977.7905599885559	1.0	epochs	1.0
978.7905599885559	3.0413400000001047	epochs	1.0
979.2905713885559	0.5	epochs	-1.0
979.7905713885559	0.5	epochs	-1.0
980.2905713885559	0.5	epochs	-1.0
980.7905713885559	0.5	epochs	-1.0
981.2905713885559	0.5	epochs	-1.0
981.831899988556	0.9586399999999458	epochs	0.0
982.3820004463196	0.17855999999994765	epochs	0.0
982.3820004463196	0.08428030000004583	epochs	1.0
982.4662807463196	0.009999399999969683	epochs	1.0
982.4762801463196	0.08428029999993214	epochs	1.0
982.5605604463195	2.5213200000000597	epochs	0.0
982.5605604463195	0.5	epochs	1.0
982.5605718463196	0.5	epochs	-1.0
983.0605604463195	1.0	epochs	1.0
984.0605604463195	1.0213200000000597	epochs	1.0
984.5605718463196	0.5	epochs	-1.0
985.0818804463196	2.9786599999999908	epochs	0.0
987.6130003929138	0.17855999999994765	epochs	0.0
987.6130003929138	0.08428030000004583	epochs	1.0
987.6972806929139	0.009999399999969683	epochs	1.0
987.7072800929138	0.08428029999993214	epochs	1.0
987.7915603929138	2.5213400000000092	epochs	0.0
987.7915603929138	0.5	epochs	1.0
987.7915717929138	0.5	epochs	-1.0
988.2915603929138	1.0	epochs	1.0
989.2915603929138	1.0213400000000092	epochs	1.0
989.7915717929138	0.5	epochs	-1.0
990.3129003929138	2.9786400000000413	epochs	0.0
992.831000328064	0.17855999999994765	epochs	0.0
992.831000328064	0.08428030000004583	epochs	1.0
992.915280628064	0.009999399999969683	epochs	1.0
992.925280028064	0.08428029999993214	epochs	1.0
993.0095603280639	2.5213200000000597	epochs	0.0
993.0095603280639	0.5	epochs	1.0
993.009571728064	0.5	epochs	-1.0
993.5095603280639	1.0	epochs	1.0
994.5095603280639	1.0213200000000597	epochs	1.0
995.009571728064	0.5	epochs	-1.0
995.530880328064	2.9786599999999908	epochs	0.0
998.045000076294	0.17855999999994765	epochs	0.0
998.045000076294	0.08428030000004583	epochs	1.0
998.129280376294	0.009999399999969683	epochs	1.0
998.139279776294	0.08428029999993214	epochs	1.0
998.2235600762939	2.5413400000001047	epochs	0.0
998.2235600762939	0.5	epochs	1.0
998.223571476294	0.5	epochs	-1.0
998.7235600762939	1.0	epochs	1.0
999.7235600762939	1.0413400000001047	epochs	1.0
1000.223571476294	0.5	epochs	-1.0
1000.764900076294	3.9586399999999458	epochs	0.0
1001.308000087738	0.17855999999994765	epochs	0.0
1001.308000087738	0.08428030000004583	epochs	1.0
1001.3922803877381	0.009999399999969683	epochs	1.0
1001.402279787738	0.08428029999993214	epochs	1.0
1001.486560087738	0.5213200000000597	epochs	0.0
1001.486560087738	0.5	epochs	1.0
1001.486571487738	0.5	epochs	-1.0
1001.986560087738	0.021320000000059736	epochs	1.0
1002.007880087738	5.978659999999991	epochs	0.0
1017.4830002784729	0.17855999999994765	epochs	0.0
1017.4830002784729	0.08428030000004583	epochs	1.0
1017.567280578473	0.009999399999969683	epochs	1.0
1017.5772799784729	0.08428029999993214	epochs	1.0
1017.6615602784728	2.5213200000000597	epochs	0.0
1017.6615602784728	0.5	epochs	1.0
1017.6615716784729	0.5	epochs	-1.0
1018.1615602784728	1.0	epochs	1.0
1019.1615602784728	1.0213200000000597	epochs	1.0
1019.6615716784729	0.5	epochs	-1.0
1020.1828802784729	3.9786600000001044	epochs	0.0
1020.7330002784729	0.17855999999994765	epochs	0.0
1020.7330002784729	0.08428030000004583	epochs	1.0
1020.817280578473	0.009999399999969683	epochs	1.0
1020.8272799784729	0.08428029999993214	epochs	1.0
1020.9115602784728	2.5213200000000597	epochs	0.0
1020.9115602784728	0.5	epochs	1.0
1020.9115716784729	0.5	epochs	-1.0
1021.4115602784728	1.0	epochs	1.0
1022.4115602784728	1.0213200000000597	epochs	1.0
1022.9115716784729	0.5	epochs	-1.0
1023.4328802784729	3.9786600000001044	epochs	0.0
1023.9830002784729	0.17856000000006134	epochs	0.0
1023.9830002784729	0.08428030000004583	epochs	1.0
1024.067280578473	0.009999399999969683	epochs	1.0
1024.077279978473	0.08428030000004583	epochs	1.0
1024.161560278473	6.4999800000000505	epochs	0.0
1024.161560278473	0.5	epochs	1.0
1024.161571678473	0.5	epochs	-1.0
1024.661560278473	1.0	epochs	1.0
1025.661560278473	4.9999800000000505	epochs	1.0
1026.161571678473	0.5	epochs	-1.0
1026.661571678473	0.5	epochs	-1.0
1027.161571678473	0.5	epochs	-1.0
1027.661571678473	0.5	epochs	-1.0
1028.161571678473	0.5	epochs	-1.0
1028.661571678473	0.5	epochs	-1.0
1029.161571678473	0.5	epochs	-1.0
1029.661571678473	0.5	epochs	-1.0
1031.3240003585815	0.17856000000006134	epochs	0.0
1031.3240003585815	0.08428030000004583	epochs	1.0
1031.4082806585816	0.009999399999969683	epochs	1.0
1031.4182800585816	0.08428030000004583	epochs	1.0
1031.5025603585816	0.5223200000000361	epochs	0.0
1031.5025603585816	0.5	epochs	1.0
1031.5025717585816	0.5	epochs	-1.0
1032.0025603585816	0.02232000000003609	epochs	1.0
1032.0248803585816	5.977660000000014	epochs	0.0
1047.545000076294	0.17856000000006134	epochs	0.0
1047.545000076294	0.08428030000004583	epochs	1.0
1047.629280376294	0.009999399999969683	epochs	1.0
1047.639279776294	0.08428030000004583	epochs	1.0
1047.723560076294	6.4999800000000505	epochs	0.0
1047.723560076294	0.5	epochs	1.0
1047.723571476294	0.5	epochs	-1.0
1048.223560076294	1.0	epochs	1.0
1049.223560076294	4.9999800000000505	epochs	1.0
1049.723571476294	0.5	epochs	-1.0
1050.223571476294	0.5	epochs	-1.0
1050.723571476294	0.5	epochs	-1.0
1051.223571476294	0.5	epochs	-1.0
1051.723571476294	0.5	epochs	-1.0
1052.223571476294	0.5	epochs	-1.0
1052.723571476294	0.5	epochs	-1.0
1053.223571476294	0.5	epochs	-1.0
1054.9310002326965	0.17856000000006134	epochs	0.0
1054.9310002326965	0.08428030000004583	epochs	1.0
1055.0152805326966	0.009999399999969683	epochs	1.0
1055.0252799326965	0.08428030000004583	epochs	1.0
1055.1095602326966	0.5213199999998324	epochs	0.0
1055.1095602326966	0.5	epochs	1.0
1055.1095716326965	0.5	epochs	-1.0
1055.6095602326966	0.021319999999832362	epochs	1.0
1055.6308802326964	5.978660000000218	epochs	0.0
1056.2690000534058	0.17856000000006134	epochs	0.0
1056.2690000534058	0.08428030000004583	epochs	1.0
1056.3532803534058	0.009999399999969683	epochs	1.0
1056.3632797534058	0.08428030000004583	epochs	1.0
1056.4475600534058	3.541339999999991	epochs	0.0
1056.4475600534058	0.5	epochs	1.0
1056.4475714534058	0.5	epochs	-1.0
1056.9475600534058	1.0	epochs	1.0
1057.9475600534058	2.041339999999991	epochs	1.0
1058.4475714534058	0.5	epochs	-1.0
1058.9475714534058	0.5	epochs	-1.0
1059.4475714534058	0.5	epochs	-1.0
1059.9889000534058	2.9586400000000594	epochs	0.0
1060.6510000228882	0.17856000000006134	epochs	0.0
1060.6510000228882	0.08428030000004583	epochs	1.0
1060.7352803228882	0.009999399999969683	epochs	1.0
1060.7452797228882	0.08428030000004583	epochs	1.0
1060.8295600228882	6.4999800000000505	epochs	0.0
1060.8295600228882	0.5	epochs	1.0
1060.8295714228882	0.5	epochs	-1.0
1061.3295600228882	1.0	epochs	1.0
1062.3295600228882	4.9999800000000505	epochs	1.0
1062.8295714228882	0.5	epochs	-1.0
1063.3295714228882	0.5	epochs	-1.0
1063.8295714228882	0.5	epochs	-1.0
1064.3295714228882	0.5	epochs	-1.0
1064.8295714228882	0.5	epochs	-1.0
1065.3295714228882	0.5	epochs	-1.0
1065.8295714228882	0.5	epochs	-1.0
1066.3295714228882	0.5	epochs	-1.0
1068.098000049591	0.17856000000006134	epochs	0.0
1068.098000049591	0.08428030000004583	epochs	1.0
1068.182280349591	0.009999399999969683	epochs	1.0
1068.192279749591	0.08428030000004583	epochs	1.0
1068.2765600495911	0.5212999999998829	epochs	0.0
1068.2765600495911	0.5	epochs	1.0
1068.276571449591	0.5	epochs	-1.0
1068.7765600495911	0.021299999999882857	epochs	1.0
1068.797860049591	5.978680000000168	epochs	0.0
1084.402000427246	0.17856000000006134	epochs	0.0
1084.402000427246	0.08428030000004583	epochs	1.0
1084.4862807272461	0.009999399999969683	epochs	1.0
1084.496280127246	0.08428030000004583	epochs	1.0
1084.5805604272462	2.5213199999998324	epochs	0.0
1084.5805604272462	0.5	epochs	1.0
1084.580571827246	0.5	epochs	-1.0
1085.0805604272462	1.0	epochs	1.0
1086.0805604272462	1.0213199999998324	epochs	1.0
1086.580571827246	0.5	epochs	-1.0
1087.101880427246	3.978660000000218	epochs	0.0
1087.804000377655	0.17856000000006134	epochs	0.0
1087.804000377655	0.08428030000004583	epochs	1.0
1087.888280677655	0.009999399999969683	epochs	1.0
1087.898280077655	0.08428030000004583	epochs	1.0
1087.982560377655	6.4999800000000505	epochs	0.0
1087.982560377655	0.5	epochs	1.0
1087.982571777655	0.5	epochs	-1.0
1088.482560377655	1.0	epochs	1.0
1089.482560377655	4.9999800000000505	epochs	1.0
1089.982571777655	0.5	epochs	-1.0
1090.482571777655	0.5	epochs	-1.0
1090.982571777655	0.5	epochs	-1.0
1091.482571777655	0.5	epochs	-1.0
1091.982571777655	0.5	epochs	-1.0
1092.482571777655	0.5	epochs	-1.0
1092.982571777655	0.5	epochs	-1.0
1093.482571777655	0.5	epochs	-1.0
1095.2740001678467	0.17856000000006134	epochs	0.0
1095.2740001678467	0.08428030000004583	epochs	1.0
1095.3582804678467	0.009999399999969683	epochs	1.0
1095.3682798678467	0.08428030000004583	epochs	1.0
1095.4525601678467	0.5213199999998324	epochs	0.0
1095.4525601678467	0.5	epochs	1.0
1095.4525715678467	0.5	epochs	-1.0
1095.9525601678467	0.021319999999832362	epochs	1.0
1095.9738801678466	5.978660000000218	epochs	0.0
1111.4710001945496	0.17856000000006134	epochs	0.0
1111.4710001945496	0.08428030000004583	epochs	1.0
1111.5552804945496	0.009999399999969683	epochs	1.0
1111.5652798945496	0.08428030000004583	epochs	1.0
1111.6495601945496	2.5213199999998324	epochs	0.0
1111.6495601945496	0.5	epochs	1.0
1111.6495715945496	0.5	epochs	-1.0
1112.1495601945496	1.0	epochs	1.0
1113.1495601945496	1.0213199999998324	epochs	1.0
1113.6495715945496	0.5	epochs	-1.0
1114.1708801945495	3.978660000000218	epochs	0.0
1114.951000213623	0.1529800000000705	epochs	0.0
1114.951000213623	0.049999999999954525	epochs	1.0
1115.001000213623	0.003000000000156433	epochs	1.0
1115.0040002136232	0.09997999999995955	epochs	1.0
1115.791000366211	0.1529800000000705	epochs	0.0
1115.791000366211	0.049999999999954525	epochs	1.0
1115.841000366211	0.003000000000156433	epochs	1.0
1115.844000366211	0.09997999999995955	epochs	1.0
1116.6420001983643	0.1529800000000705	epochs	0.0
1116.6420001983643	0.049999999999954525	epochs	1.0
1116.6920001983642	0.003000000000156433	epochs	1.0
1116.6950001983644	0.09997999999995955	epochs	1.0
1117.4920001029968	0.1529800000000705	epochs	0.0
1117.4920001029968	0.049999999999954525	epochs	1.0
1117.5420001029968	0.003000000000156433	epochs	1.0
1117.545000102997	0.09997999999995955	epochs	1.0
1118.3560004234314	0.1529800000000705	epochs	0.0
1118.3560004234314	0.049999999999954525	epochs	1.0
1118.4060004234314	0.003000000000156433	epochs	1.0
1118.4090004234315	0.09997999999995955	epochs	1.0
1119.2600002288818	0.1529800000000705	epochs	0.0
1119.2600002288818	0.049999999999954525	epochs	1.0
1119.3100002288818	0.003000000000156433	epochs	1.0
1119.313000228882	0.09997999999995955	epochs	1.0
1120.1090002059937	0.1529800000000705	epochs	0.0
1120.1090002059937	0.049999999999954525	epochs	1.0
1120.1590002059936	0.003000000000156433	epochs	1.0
1120.1620002059938	0.09997999999995955	epochs	1.0
1120.974000453949	0.1529800000000705	epochs	0.0
1120.974000453949	0.049999999999954525	epochs	1.0
1121.024000453949	0.003000000000156433	epochs	1.0
1121.027000453949	0.09997999999995955	epochs	1.0
1121.8740000724792	0.1529800000000705	epochs	0.0
1121.8740000724792	0.049999999999954525	epochs	1.0
1121.9240000724792	0.003000000000156433	epochs	1.0
1121.9270000724794	0.09997999999995955	epochs	1.0
1122.7829999923706	0.1529800000000705	epochs	0.0
1122.7829999923706	0.049999999999954525	epochs	1.0
1122.8329999923706	0.003000000000156433	epochs	1.0
1122.8359999923707	0.09997999999995955	epochs	1.0
1123.6870002746582	0.1529800000000705	epochs	0.0
1123.6870002746582	0.049999999999954525	epochs	1.0
1123.7370002746582	0.003000000000156433	epochs	1.0
1123.7400002746583	0.09997999999995955	epochs	1.0
1124.594000339508	0.1529800000000705	epochs	0.0
1124.594000339508	0.049999999999954525	epochs	1.0
1124.644000339508	0.003000000000156433	epochs	1.0
1124.6470003395082	0.09997999999995955	epochs	1.0
1125.563000202179	0.17856000000006134	epochs	0.0
1125.563000202179	0.08428030000004583	epochs	1.0
1125.647280502179	0.009999399999969683	epochs	1.0
1125.657279902179	0.08428030000004583	epochs	1.0
1125.741560202179	0.5213199999998324	epochs	0.0
1125.741560202179	0.5	epochs	1.0
1125.741571602179	0.5	epochs	-1.0
1126.241560202179	0.0029999999999290594	epochs	1.0
1126.244560202179	0.018319999999903303	epochs	1.0
1126.2628802021788	1.0816600000000562	epochs	0.0
1127.7890000343323	0.17856000000006134	epochs	0.0
1127.7890000343323	0.08428030000004583	epochs	1.0
1127.8732803343323	0.009999399999969683	epochs	1.0
1127.8832797343323	0.08428030000004583	epochs	1.0
1127.9675600343323	0.5213199999998324	epochs	0.0
1127.9675600343323	0.5	epochs	1.0
1127.9675714343323	0.5	epochs	-1.0
1128.4675600343323	0.0029999999999290594	epochs	1.0
1128.4705600343323	0.018319999999903303	epochs	1.0
1128.4888800343322	1.0816600000000562	epochs	0.0
1141.1110000610352	0.17856000000006134	epochs	0.0
1141.1110000610352	0.08428030000004583	epochs	1.0
1141.1952803610352	0.009999399999969683	epochs	1.0
1141.2052797610352	0.08428030000004583	epochs	1.0
1141.2895600610352	0.5213199999998324	epochs	0.0
1141.2895600610352	0.5	epochs	1.0
1141.2895714610352	0.5	epochs	-1.0
1141.7895600610352	0.0029999999999290594	epochs	1.0
1141.7925600610351	0.018319999999903303	epochs	1.0
1141.810880061035	1.0816600000000562	epochs	0.0
1154.4850001335144	0.17856000000006134	epochs	0.0
1154.4850001335144	0.08428030000004583	epochs	1.0
1154.5692804335145	0.009999399999969683	epochs	1.0
1154.5792798335144	0.08428030000004583	epochs	1.0
1154.6635601335145	1.6029799999998886	epochs	0.0
1154.6635601335145	0.5	epochs	1.0
1154.6635715335144	0.5	epochs	-1.0
1155.1635601335145	0.0029999999999290594	epochs	1.0
1155.1665601335144	1.0999799999999595	epochs	1.0
1155.6665715335143	0.5	epochs	-1.0
1157.0720000267029	0.17856000000006134	epochs	0.0
1157.0720000267029	0.08428030000004583	epochs	1.0
1157.156280326703	0.009999399999969683	epochs	1.0
1157.166279726703	0.08428030000004583	epochs	1.0
1157.250560026703	1.5213199999998324	epochs	0.0
1157.250560026703	0.5	epochs	1.0
1157.250571426703	0.5	epochs	-1.0
1157.750560026703	0.0029999999999290594	epochs	1.0
1157.7535600267029	1.0183199999999033	epochs	1.0
1158.2535714267028	0.5	epochs	-1.0
1158.7718800267028	0.08166000000005624	epochs	0.0
1159.5420002937317	0.17856000000006134	epochs	0.0
1159.5420002937317	0.08428030000004583	epochs	1.0
1159.6262805937317	0.009999399999969683	epochs	1.0
1159.6362799937317	0.08428030000004583	epochs	1.0
1159.7205602937318	0.5213199999998324	epochs	0.0
1159.7205602937318	0.5	epochs	1.0
1159.7205716937317	0.5	epochs	-1.0
1160.2205602937318	0.0029999999999290594	epochs	1.0
1160.2235602937317	0.018319999999903303	epochs	1.0
1160.2418802937316	1.0816600000000562	epochs	0.0
1172.8570003509521	0.17856000000006134	epochs	0.0
1172.8570003509521	0.08428030000004583	epochs	1.0
1172.9412806509522	0.009999399999969683	epochs	1.0
1172.9512800509522	0.08428030000004583	epochs	1.0
1173.0355603509522	1.5214200000000346	epochs	0.0
1173.0355603509522	0.5	epochs	1.0
1173.0355717509522	0.5	epochs	-1.0
1173.5355603509522	0.0029999999999290594	epochs	1.0
1173.5385603509521	1.0184200000001056	epochs	1.0
1174.038571750952	0.5	epochs	-1.0
1174.5569803509522	0.08155999999985397	epochs	0.0
1175.3720002174377	0.17856000000006134	epochs	0.0
1175.3720002174377	0.08428030000004583	epochs	1.0
1175.4562805174378	0.009999399999969683	epochs	1.0
1175.4662799174378	0.08428030000004583	epochs	1.0
1175.5505602174378	0.5223200000000361	epochs	0.0
1175.5505602174378	0.5	epochs	1.0
1175.5505716174378	0.5	epochs	-1.0
1176.0505602174378	0.0029999999999290594	epochs	1.0
1176.0535602174377	0.01932000000010703	epochs	1.0
1176.0728802174378	1.0806599999998525	epochs	0.0
1188.6579999923706	0.17856000000006134	epochs	0.0
1188.6579999923706	0.08428030000004583	epochs	1.0
1188.7422802923707	0.009999399999969683	epochs	1.0
1188.7522796923706	0.08428030000004583	epochs	1.0
1188.8365599923707	0.5213199999998324	epochs	0.0
1188.8365599923707	0.5	epochs	1.0
1188.8365713923706	0.5	epochs	-1.0
1189.3365599923707	0.0029999999999290594	epochs	1.0
1189.3395599923706	0.018319999999903303	epochs	1.0
1189.3578799923705	1.0816600000000562	epochs	0.0
1190.8570003509521	0.17856000000006134	epochs	0.0
1190.8570003509521	0.08428030000004583	epochs	1.0
1190.9412806509522	0.009999399999969683	epochs	1.0
1190.9512800509522	0.08428030000004583	epochs	1.0
1191.0355603509522	1.522320000000036	epochs	0.0
1191.0355603509522	0.5	epochs	1.0
1191.0355717509522	0.5	epochs	-1.0
1191.5355603509522	0.0029999999999290594	epochs	1.0
1191.5385603509521	1.019320000000107	epochs	1.0
1192.038571750952	0.5	epochs	-1.0
1192.5578803509522	0.08065999999985252	epochs	0.0
1206.1220002174377	0.1529800000000705	epochs	0.0
1206.1220002174377	0.049999999999954525	epochs	1.0
1206.1720002174377	0.003000000000156433	epochs	1.0
1206.1750002174379	0.09997999999995955	epochs	1.0
1207.130000114441	0.1529800000000705	epochs	0.0
1207.130000114441	0.049999999999954525	epochs	1.0
1207.1800001144409	0.003000000000156433	epochs	1.0
1207.183000114441	0.09997999999995955	epochs	1.0
1208.134000301361	0.1529800000000705	epochs	0.0
1208.134000301361	0.049999999999954525	epochs	1.0
1208.184000301361	0.003000000000156433	epochs	1.0
1208.1870003013612	0.09997999999995955	epochs	1.0
1209.1270003318787	0.1529800000000705	epochs	0.0
1209.1270003318787	0.049999999999954525	epochs	1.0
1209.1770003318786	0.003000000000156433	epochs	1.0
1209.1800003318788	0.09997999999995955	epochs	1.0
1210.1350002288818	0.1529800000000705	epochs	0.0
1210.1350002288818	0.049999999999954525	epochs	1.0
1210.1850002288818	0.003000000000156433	epochs	1.0
1210.188000228882	0.09997999999995955	epochs	1.0
1211.1510000228882	0.1529800000000705	epochs	0.0
1211.1510000228882	0.049999999999954525	epochs	1.0
1211.2010000228881	0.003000000000156433	epochs	1.0
1211.2040000228883	0.09997999999995955	epochs	1.0
1212.1780004501343	0.1529800000000705	epochs	0.0
1212.1780004501343	0.049999999999954525	epochs	1.0
1212.2280004501342	0.003000000000156433	epochs	1.0
1212.2310004501344	0.09997999999995955	epochs	1.0
1213.206000328064	0.1529800000000705	epochs	0.0
1213.206000328064	0.049999999999954525	epochs	1.0
1213.256000328064	0.003000000000156433	epochs	1.0
1213.259000328064	0.09997999999995955	epochs	1.0
1214.2530002593994	0.1529800000000705	epochs	0.0
1214.2530002593994	0.049999999999954525	epochs	1.0
1214.3030002593994	0.003000000000156433	epochs	1.0
1214.3060002593995	0.09997999999995955	epochs	1.0
1215.2930002212524	0.1529800000000705	epochs	0.0
1215.2930002212524	0.049999999999954525	epochs	1.0
1215.3430002212524	0.003000000000156433	epochs	1.0
1215.3460002212526	0.09997999999995955	epochs	1.0
1216.3540000915527	0.1529800000000705	epochs	0.0
1216.3540000915527	0.049999999999954525	epochs	1.0
1216.4040000915527	0.003000000000156433	epochs	1.0
1216.4070000915528	0.09997999999995955	epochs	1.0
1217.406000137329	0.1529800000000705	epochs	0.0
1217.406000137329	0.049999999999954525	epochs	1.0
1217.456000137329	0.003000000000156433	epochs	1.0
1217.4590001373292	0.09997999999995955	epochs	1.0
1218.4700002670288	0.1529800000000705	epochs	0.0
1218.4700002670288	0.049999999999954525	epochs	1.0
1218.5200002670288	0.003000000000156433	epochs	1.0
1218.523000267029	0.09997999999995955	epochs	1.0
1219.554000377655	0.1529800000000705	epochs	0.0
1219.554000377655	0.049999999999954525	epochs	1.0
1219.604000377655	0.003000000000156433	epochs	1.0
1219.6070003776551	0.09997999999995955	epochs	1.0
1220.626000404358	0.1529800000000705	epochs	0.0
1220.626000404358	0.049999999999954525	epochs	1.0
1220.6760004043579	0.003000000000156433	epochs	1.0
1220.679000404358	0.09997999999995955	epochs	1.0
1221.7050004005432	0.1529800000000705	epochs	0.0
1221.7050004005432	0.049999999999954525	epochs	1.0
1221.7550004005432	0.003000000000156433	epochs	1.0
1221.7580004005433	0.09997999999995955	epochs	1.0
1222.7980003356934	0.1529800000000705	epochs	0.0
1222.7980003356934	0.049999999999954525	epochs	1.0
1222.8480003356933	0.003000000000156433	epochs	1.0
1222.8510003356935	0.09997999999995955	epochs	1.0
1223.9050002098083	0.1529800000000705	epochs	0.0
1223.9050002098083	0.049999999999954525	epochs	1.0
1223.9550002098083	0.003000000000156433	epochs	1.0
1223.9580002098085	0.09997999999995955	epochs	1.0
1225.027000427246	0.1529800000000705	epochs	0.0
1225.027000427246	0.049999999999954525	epochs	1.0
1225.077000427246	0.003000000000156433	epochs	1.0
1225.0800004272462	0.09997999999995955	epochs	1.0
1226.1720004081726	0.1529800000000705	epochs	0.0
1226.1720004081726	0.049999999999954525	epochs	1.0
1226.2220004081726	0.003000000000156433	epochs	1.0
1226.2250004081727	0.09997999999995955	epochs	1.0
1227.3300004005432	0.1529800000000705	epochs	0.0
1227.3300004005432	0.049999999999954525	epochs	1.0
1227.3800004005432	0.003000000000156433	epochs	1.0
1227.3830004005433	0.09997999999995955	epochs	1.0
1228.5720000267029	0.17856000000006134	epochs	0.0
1228.5720000267029	0.08428030000004583	epochs	1.0
1228.656280326703	0.009999399999969683	epochs	1.0
1228.666279726703	0.08428030000004583	epochs	1.0
1228.750560026703	1.522320000000036	epochs	0.0
1228.750560026703	0.5	epochs	1.0
1228.750571426703	0.5	epochs	-1.0
1229.250560026703	0.0029999999999290594	epochs	1.0
1229.2535600267029	1.019320000000107	epochs	1.0
1229.7535714267028	0.5	epochs	-1.0
1230.272880026703	0.08065999999985252	epochs	0.0
1231.1550002098083	0.17856000000006134	epochs	0.0
1231.1550002098083	0.08428030000004583	epochs	1.0
1231.2392805098084	0.009999399999969683	epochs	1.0
1231.2492799098084	0.08428030000004583	epochs	1.0
1231.3335602098084	0.5213400000000092	epochs	0.0
1231.3335602098084	0.5	epochs	1.0
1231.3335716098084	0.5	epochs	-1.0
1231.8335602098084	0.0029999999999290594	epochs	1.0
1231.8365602098083	0.01834000000008018	epochs	1.0
1231.8549002098084	1.0816399999998794	epochs	0.0
1233.3570003509521	0.17856000000006134	epochs	0.0
1233.3570003509521	0.08428030000004583	epochs	1.0
1233.4412806509522	0.009999399999969683	epochs	1.0
1233.4512800509522	0.08428030000004583	epochs	1.0
1233.5355603509522	1.6029799999998886	epochs	0.0
1233.5355603509522	0.5	epochs	1.0
1233.5355717509522	0.5	epochs	-1.0
1234.0355603509522	0.0029999999999290594	epochs	1.0
1234.0385603509521	1.0999799999999595	epochs	1.0
1234.538571750952	0.5	epochs	-1.0
1236.1180000305176	0.17856000000006134	epochs	0.0
1236.1180000305176	0.08428030000004583	epochs	1.0
1236.2022803305176	0.009999399999969683	epochs	1.0
1236.2122797305176	0.08428030000004583	epochs	1.0
1236.2965600305176	0.5213199999998324	epochs	0.0
1236.2965600305176	0.5	epochs	1.0
1236.2965714305176	0.5	epochs	-1.0
1236.7965600305176	0.0029999999999290594	epochs	1.0
1236.7995600305176	0.018319999999903303	epochs	1.0
1236.8178800305175	1.0816600000000562	epochs	0.0
1249.4310002326965	0.17856000000006134	epochs	0.0
1249.4310002326965	0.08428030000004583	epochs	1.0
1249.5152805326966	0.009999399999969683	epochs	1.0
1249.5252799326965	0.08428030000004583	epochs	1.0
1249.6095602326966	1.522320000000036	epochs	0.0
1249.6095602326966	0.5	epochs	1.0
1249.6095716326965	0.5	epochs	-1.0
1250.1095602326966	0.0029999999999290594	epochs	1.0
1250.1125602326965	1.019320000000107	epochs	1.0
1250.6125716326965	0.5	epochs	-1.0
1251.1318802326966	0.08065999999985252	epochs	0.0
1252.0830001831055	0.17856000000006134	epochs	0.0
1252.0830001831055	0.08428030000004583	epochs	1.0
1252.1672804831055	0.009999399999969683	epochs	1.0
1252.1772798831055	0.08428030000004583	epochs	1.0
1252.2615601831055	1.5213199999998324	epochs	0.0
1252.2615601831055	0.5	epochs	1.0
1252.2615715831055	0.5	epochs	-1.0
1252.7615601831055	0.0029999999999290594	epochs	1.0
1252.7645601831055	1.0183199999999033	epochs	1.0
1253.2645715831054	0.5	epochs	-1.0
1253.7828801831054	0.08166000000005624	epochs	0.0
1254.7490000724792	0.17856000000006134	epochs	0.0
1254.7490000724792	0.08428030000004583	epochs	1.0
1254.8332803724793	0.009999399999969683	epochs	1.0
1254.8432797724793	0.08428030000004583	epochs	1.0
1254.9275600724793	1.5813799999998537	epochs	0.0
1254.9275600724793	0.5	epochs	1.0
1254.9275714724793	0.5	epochs	-1.0
1255.4275600724793	0.0029999999999290594	epochs	1.0
1255.4305600724792	1.0783799999999246	epochs	1.0
1255.9305714724792	0.5	epochs	-1.0
1256.5089400724792	0.021600000000034925	epochs	0.0
1257.6780004501343	0.17856000000006134	epochs	0.0
1257.6780004501343	0.08428030000004583	epochs	1.0
1257.7622807501343	0.009999399999969683	epochs	1.0
1257.7722801501343	0.08428030000004583	epochs	1.0
1257.8565604501343	6.642239999999902	epochs	0.0
1257.8565604501343	0.5	epochs	1.0
1257.8565718501343	0.5	epochs	-1.0
1258.3565604501343	6.142239999999902	epochs	1.0
1262.9989204501342	1.4998800000000756	epochs	-1.0
1262.9989204501342	0.03988000000003922	epochs	-1.0
1263.4964118501343	0.5	epochs	-1.0
1263.9964118501343	0.5	epochs	-1.0
1264.4988004501342	12.857740000000149	epochs	0.0
1266.0690002441406	0.17856000000006134	epochs	0.0
1266.0690002441406	0.08428030000004583	epochs	1.0
1266.1532805441407	0.009999399999969683	epochs	1.0
1266.1632799441406	0.08428030000004583	epochs	1.0
1266.2475602441407	0.5213199999998324	epochs	0.0
1266.2475602441407	0.5	epochs	1.0
1266.2475716441406	0.5	epochs	-1.0
1266.7475602441407	0.021319999999832362	epochs	1.0
1266.7688802441405	18.978660000000218	epochs	0.0
1295.3250002861023	0.17856000000006134	epochs	0.0
1295.3250002861023	0.08428030000004583	epochs	1.0
1295.4092805861023	0.009999399999969683	epochs	1.0
1295.4192799861023	0.08428030000004583	epochs	1.0
1295.5035602861024	6.502240000000029	epochs	0.0
1295.5035602861024	0.5	epochs	1.0
1295.5035716861023	0.5	epochs	-1.0
1296.0035602861024	6.002240000000029	epochs	1.0
1300.5049202861023	1.500880000000052	epochs	-1.0
1300.5049202861023	0.03996000000006461	epochs	-1.0
1301.0024116861023	0.5	epochs	-1.0
1301.5024116861023	0.5	epochs	-1.0
1302.0058002861024	12.997740000000022	epochs	0.0
1303.1060004234314	0.17856000000006134	epochs	0.0
1303.1060004234314	0.08428030000004583	epochs	1.0
1303.1902807234314	0.009999399999969683	epochs	1.0
1303.2002801234314	0.08428030000004583	epochs	1.0
1303.2845604234315	6.4612399999998615	epochs	0.0
1303.2845604234315	0.5	epochs	1.0
1303.2845718234314	0.5	epochs	-1.0
1303.7845604234315	5.9612399999998615	epochs	1.0
1308.2459204234315	1.4998799999998482	epochs	-1.0
1308.2459204234315	0.03993999999988773	epochs	-1.0
1308.7434118234314	0.5	epochs	-1.0
1309.2434118234314	0.5	epochs	-1.0
1309.7458004234313	13.038740000000189	epochs	0.0
1330.4450001716614	0.17856000000006134	epochs	0.0
1330.4450001716614	0.08428030000004583	epochs	1.0
1330.5292804716614	0.009999399999969683	epochs	1.0
1330.5392798716614	0.08428030000004583	epochs	1.0
1330.6235601716614	2.0	epochs	0.0
1332.6235601716614	5.361120000000028	epochs	0.0
1332.6235601716614	1.0	epochs	1.0
1332.6235715716614	0.5	epochs	-1.0
1333.1235715716614	4.86110860000008	epochs	-1.0
1333.6235601716614	4.361120000000028	epochs	1.0
1333.6235601716614	4.3567538999998305	epochs	-1.0
1333.6235601716614	1.9745871999998599	epochs	2.0
1333.6235601716614	1.098562199999833	epochs	3.0
1334.7221223716613	0.8760250000000269	epochs	3.0
1335.5981473716613	1.3524075000000266	epochs	2.0
1335.5981473716613	0.7286355000001095	epochs	3.0
1336.3267828716614	0.6237719999999172	epochs	3.0
1336.9505548716613	1.029759199999944	epochs	2.0
1336.9505548716613	0.5453293000000485	epochs	3.0
1337.4958841716614	0.4844298999998955	epochs	3.0
1337.9803140716613	0.004366100000197548	epochs	2.0
1337.9803140716613	0.004366100000197548	epochs	3.0
1337.9846801716615	16.638799999999947	epochs	0.0
1339.4300003051758	0.17856000000006134	epochs	0.0
1339.4300003051758	0.08428030000004583	epochs	1.0
1339.5142806051758	0.009999399999969683	epochs	1.0
1339.5242800051758	0.08428030000004583	epochs	1.0
1339.6085603051758	2.0	epochs	0.0
1341.6085603051758	0.5210399999998572	epochs	0.0
1341.6085603051758	0.5210399999998572	epochs	1.0
1341.6085717051758	0.5	epochs	-1.0
1342.1085717051758	0.021028599999908693	epochs	-1.0
1342.1296003051757	21.478880000000117	epochs	0.0
1343.3159999847412	0.17856000000006134	epochs	0.0
1343.3159999847412	0.08428030000004583	epochs	1.0
1343.4002802847413	0.009999399999969683	epochs	1.0
1343.4102796847412	0.08428030000004583	epochs	1.0
1343.4945599847413	2.0	epochs	0.0
1345.4945599847413	21.999919999999975	epochs	0.0
1345.4945599847413	1.0	epochs	1.0
1345.4945713847412	0.5	epochs	-1.0
1345.9945713847412	19.99872000000005	epochs	-1.0
1346.4945599847413	20.0	epochs	1.0
1346.4945599847413	4.3567538999998305	epochs	-1.0
1346.4945599847413	1.9745871999998599	epochs	2.0
1346.4945599847413	1.098562199999833	epochs	3.0
1347.593122184741	0.8760250000000269	epochs	3.0
1348.4691471847411	1.3524075000000266	epochs	2.0
1348.4691471847411	0.7286355000001095	epochs	3.0
1349.1977826847412	0.6237719999999172	epochs	3.0
1349.8215546847412	1.029759199999944	epochs	2.0
1349.8215546847412	0.5453293000000485	epochs	3.0
1350.3668839847412	0.4844298999998955	epochs	3.0
1350.851313884741	0.8317862000001242	epochs	2.0
1350.851313884741	0.4357763000000432	epochs	3.0
1351.2870901847411	0.39600990000008096	epochs	3.0
1351.6831000847412	0.6977970000000369	epochs	2.0
1351.6831000847412	0.3628982000000178	epochs	3.0
1352.0459982847412	0.33489880000001904	epochs	3.0
1352.3808970847413	0.601045699999986	epochs	2.0
1352.3808970847413	0.3109122999999272	epochs	3.0
1352.6918093847412	0.2901334000000588	epochs	3.0
1352.9819427847412	0.5278859000000011	epochs	2.0
1352.9819427847412	0.2719586000000618	epochs	3.0
1353.2539013847413	0.25592729999993935	epochs	3.0
1353.5098286847413	0.470619299999953	epochs	2.0
1353.5098286847413	0.241681299999982	epochs	3.0
1353.7515099847412	0.228937999999971	epochs	3.0
1353.9804479847412	0.42457039999999324	epochs	2.0
1353.9804479847412	0.21747140000002219	epochs	3.0
1354.1979193847412	0.20709899999997106	epochs	3.0
1354.4050183847412	0.3867353999999068	epochs	2.0
1354.4050183847412	0.19767109999997956	epochs	3.0
1354.6026894847412	0.18906429999992724	epochs	3.0
1354.791753784741	0.35509530000013	epochs	2.0
1354.791753784741	0.18117590000019845	epochs	3.0
1354.9729296847413	0.17391939999993156	epochs	3.0
1355.1468490847412	0.3282431000000088	epochs	2.0
1355.1468490847412	0.16722189999995862	epochs	3.0
1355.3140709847412	0.16102120000005016	epochs	3.0
1355.4750921847412	0.3051679999998669	epochs	2.0
1355.4750921847412	0.15526389999990897	epochs	3.0
1355.6303560847412	0.1499040999999579	epochs	3.0
1355.780260184741	0.28512530000011793	epochs	2.0
1355.780260184741	0.1449021000000812	epochs	3.0
1355.9251622847412	0.14022320000003674	epochs	3.0
1356.0653854847412	0.267553800000087	epochs	2.0
1356.0653854847412	0.1358368999999584	epochs	3.0
1356.2012223847412	0.1317169000001286	epochs	3.0
1356.3329392847413	0.252022899999929	epochs	2.0
1356.3329392847413	0.1278393000000051	epochs	3.0
1356.4607785847413	0.1241835999999239	epochs	3.0
1356.5849621847412	0.23819649999995818	epochs	2.0
1356.5849621847412	0.12073110000005727	epochs	3.0
1356.7056932847413	0.11746539999990091	epochs	3.0
1356.8231586847412	0.2258088000000953	epochs	2.0
1356.8231586847412	0.1143718999999237	epochs	3.0
1356.9375305847411	0.11143690000017159	epochs	3.0
1357.0489674847413	0.21464599999990241	epochs	2.0
1357.0489674847413	0.10864889999993466	epochs	3.0
1357.1576163847412	0.10599709999996776	epochs	3.0
1357.2636134847412	0.20453500000007807	epochs	2.0
1357.2636134847412	0.10347150000006877	epochs	3.0
1357.3670849847413	0.1010635000000093	epochs	3.0
1357.4681484847413	0.19533400000000256	epochs	2.0
1357.4681484847413	0.09876510000003691	epochs	3.0
1357.5669135847413	0.09656889999996565	epochs	3.0
1357.6634824847413	0.18692529999998442	epochs	2.0
1357.6634824847413	0.09446830000001682	epochs	3.0
1357.7579507847413	0.09245699999996759	epochs	3.0
1357.8504077847413	0.17921069999988504	epochs	2.0
1357.8504077847413	0.09052959999985433	epochs	3.0
1357.9409373847411	0.08868110000003071	epochs	3.0
1358.0296184847411	0.17210769999996955	epochs	2.0
1358.0296184847411	0.08690630000000965	epochs	3.0
1358.1165247847412	0.0852013999999599	epochs	3.0
1358.2017261847411	0.16554640000003928	epochs	2.0
1358.2017261847411	0.08356190000017705	epochs	3.0
1358.2852880847413	0.08198449999986224	epochs	3.0
1358.3672725847412	0.15946710000002895	epochs	2.0
1358.3672725847412	0.08046540000009372	epochs	3.0
1358.4477379847413	0.07900169999993523	epochs	3.0
1358.5267396847412	0.15381840000009106	epochs	2.0
1358.5267396847412	0.07759009999995214	epochs	3.0
1358.6043297847411	0.07622830000013892	epochs	3.0
1358.6805580847413	0.14855639999996129	epochs	2.0
1358.6805580847413	0.07491329999993468	epochs	3.0
1358.7554713847412	0.0736431000000266	epochs	3.0
1358.8291144847412	0.1436423999998624	epochs	2.0
1358.8291144847412	0.07241499999986445	epochs	3.0
1358.901529484741	0.07122739999999794	epochs	3.0
1358.972756884741	0.13904310000020814	epochs	2.0
1358.972756884741	0.07007800000019415	epochs	3.0
1359.0428348847413	0.06896510000001399	epochs	3.0
1359.1117999847413	0.13472929999988992	epochs	2.0
1359.1117999847413	0.0678871000000072	epochs	3.0
1359.1796870847413	0.06684219999988272	epochs	3.0
1359.2465292847412	0.1306752000000415	epochs	2.0
1359.2465292847412	0.06582909999997355	epochs	3.0
1359.3123583847412	0.06484610000006796	epochs	3.0
1359.3772044847412	0.1268577999999252	epochs	2.0
1359.3772044847412	0.06389199999989614	epochs	3.0
1359.4410964847411	0.06296580000002905	epochs	3.0
1359.5040622847412	0.12325720000012552	epochs	2.0
1359.5040622847412	0.06206580000002759	epochs	3.0
1359.5661280847412	0.06119140000009793	epochs	3.0
1359.6273194847413	0.11985540000000583	epochs	2.0
1359.6273194847413	0.060341099999959624	epochs	3.0
1359.6876605847413	0.059514300000046205	epochs	3.0
1359.7471748847413	0.1166361999999026	epochs	2.0
1359.7471748847413	0.058709599999929196	epochs	3.0
1359.8058844847412	0.057926599999973405	epochs	3.0
1359.8638110847412	0.11358560000007856	epochs	2.0
1359.8638110847412	0.05716419999998834	epochs	3.0
1359.9209752847412	0.056421400000090216	epochs	3.0
1359.9773966847413	0.11069049999991876	epochs	2.0
1359.9773966847413	0.055697900000041045	epochs	3.0
1360.0330945847413	0.05499259999987771	epochs	3.0
1360.0880871847412	0.1079391000000669	epochs	2.0
1360.0880871847412	0.05430490000003374	epochs	3.0
1360.1423920847412	0.05363420000003316	epochs	3.0
1360.1960262847413	0.10532149999994544	epochs	2.0
1360.1960262847413	0.05297999999993408	epochs	3.0
1360.2490062847412	0.052341500000011365	epochs	3.0
1360.3013477847412	0.10282759999995505	epochs	2.0
1360.3013477847412	0.05171810000001642	epochs	3.0
1360.3530658847412	0.051109499999938635	epochs	3.0
1360.4041753847412	0.10044910000010532	epochs	2.0
1360.4041753847412	0.050514900000052876	epochs	3.0
1360.4546902847412	0.04993420000005244	epochs	3.0
1360.5046244847413	0.0981782999999723	epochs	2.0
1360.5046244847413	0.04936659999998483	epochs	3.0
1360.5539910847413	0.04881169999998747	epochs	3.0
1360.6028027847412	0.09600780000005216	epochs	2.0
1360.6028027847412	0.04826920000004975	epochs	3.0
1360.6510719847413	0.04773860000000241	epochs	3.0
1360.6988105847413	0.09393119999981536	epochs	2.0
1360.6988105847413	0.04721949999998287	epochs	3.0
1360.7460300847413	0.04671169999983249	epochs	3.0
1360.792741784741	0.09194260000003851	epochs	2.0
1360.792741784741	0.04621460000021216	epochs	3.0
1360.8389563847413	0.04572799999982635	epochs	3.0
1360.8846843847411	0.09003630000006524	epochs	2.0
1360.8846843847411	0.045251499999949374	epochs	3.0
1360.929935884741	0.044784800000115865	epochs	3.0
1360.9747206847412	0.08820760000003247	epochs	2.0
1360.9747206847412	0.044327800000019124	epochs	3.0
1361.0190484847412	0.04387980000001335	epochs	3.0
1361.0629282847412	0.0864516999999978	epochs	2.0
1361.0629282847412	0.04344100000002982	epochs	3.0
1361.1063692847413	0.04301069999996798	epochs	3.0
1361.1493799847412	0.08476429999996071	epochs	2.0
1361.1493799847412	0.04258899999990717	epochs	3.0
1361.1919689847412	0.04217530000005354	epochs	3.0
1361.2341442847412	0.08314150000001064	epochs	2.0
1361.2341442847412	0.04176970000003166	epochs	3.0
1361.2759139847412	0.041371799999978975	epochs	3.0
1361.3172857847412	0.08157970000002024	epochs	2.0
1361.3172857847412	0.040981399999964196	epochs	3.0
1361.3582671847412	0.04059830000005604	epochs	3.0
1361.3988654847412	0.08007550000002084	epochs	2.0
1361.3988654847412	0.04022229999986848	epochs	3.0
1361.439087784741	0.039853200000152356	epochs	3.0
1361.4789409847413	0.07862569999997504	epochs	2.0
1361.4789409847413	0.03949079999983951	epochs	3.0
1361.518431784741	0.03913490000013553	epochs	3.0
1361.5575666847412	0.07722760000001472	epochs	2.0
1361.5575666847412	0.038785400000051595	epochs	3.0
1361.5963520847413	0.03844219999996312	epochs	3.0
1361.6347942847412	0.07587820000003376	epochs	2.0
1361.6347942847412	0.03810479999992822	epochs	3.0
1361.6728990847412	0.03777340000010554	epochs	3.0
1361.7106724847413	0.0745752000000266	epochs	2.0
1361.7106724847413	0.03744770000002973	epochs	3.0
1361.7481201847413	0.03712749999999687	epochs	3.0
1361.7852476847413	0.07331629999998768	epochs	2.0
1361.7852476847413	0.03681289999985893	epochs	3.0
1361.8220605847412	0.03650340000012875	epochs	3.0
1361.8585639847413	0.07209899999998015	epochs	2.0
1361.8585639847413	0.03619909999997617	epochs	3.0
1361.8947630847413	0.03589990000000398	epochs	3.0
1361.9306629847413	0.07092169999987163	epochs	2.0
1361.9306629847413	0.035605599999826154	epochs	3.0
1361.966268584741	0.03531610000004548	epochs	3.0
1362.0015846847411	0.06978200000003199	epochs	2.0
1362.0015846847411	0.03503120000004856	epochs	3.0
1362.0366158847412	0.03475079999998343	epochs	3.0
1362.0713666847412	0.06867860000011206	epochs	2.0
1362.0713666847412	0.03447510000000875	epochs	3.0
1362.1058417847412	0.034203500000103304	epochs	3.0
1362.1400452847413	0.06760929999995824	epochs	2.0
1362.1400452847413	0.033936199999970995	epochs	3.0
1362.1739814847413	0.033673099999987244	epochs	3.0
1362.2076545847412	0.06657289999998284	epochs	2.0
1362.2076545847412	0.03341399999999339	epochs	3.0
1362.2410685847412	0.033158899999989444	epochs	3.0
1362.2742274847412	0.06556780000005347	epochs	2.0
1362.2742274847412	0.03290769999989607	epochs	3.0
1362.3071351847411	0.0326601000001574	epochs	3.0
1362.3397952847413	0.06459259999996902	epochs	2.0
1362.3397952847413	0.03241639999987456	epochs	3.0
1362.3722116847412	0.03217620000009447	epochs	3.0
1362.4043878847413	0.06364600000006249	epochs	2.0
1362.4043878847413	0.03193959999998697	epochs	3.0
1362.4363274847412	0.03170640000007552	epochs	3.0
1362.4680338847413	0.0627266999999847	epochs	2.0
1362.4680338847413	0.031476599999905375	epochs	3.0
1362.4995104847412	0.03125010000007933	epochs	3.0
1362.5307605847413	0.06183359999999993	epochs	2.0
1362.5307605847413	0.03102689999991526	epochs	3.0
1362.5617874847412	0.030806700000084675	epochs	3.0
1362.5925941847413	0.060965599999917686	epochs	2.0
1362.5925941847413	0.030589799999916067	epochs	3.0
1362.6231839847412	0.030375800000001618	epochs	3.0
1362.6535597847412	0.06012160000000222	epochs	2.0
1362.6535597847412	0.030164900000045236	epochs	3.0
1362.6837246847413	0.02995669999995698	epochs	3.0
1362.7136813847412	0.05930069999999432	epochs	2.0
1362.7136813847412	0.029751600000054168	epochs	3.0
1362.7434329847413	0.029549099999940154	epochs	3.0
1362.7729820847412	0.05850179999993088	epochs	2.0
1362.7729820847412	0.02934940000000097	epochs	3.0
1362.8023314847412	0.029152399999929912	epochs	3.0
1362.8314838847411	0.05772420000016609	epochs	2.0
1362.8314838847411	0.028958000000102402	epochs	3.0
1362.8604418847412	0.02876620000006369	epochs	3.0
1362.8892080847413	0.056967099999837956	epochs	2.0
1362.8892080847413	0.02857699999981378	epochs	3.0
1362.9177850847411	0.028390100000024177	epochs	3.0
1362.9461751847412	0.05622949999997218	epochs	2.0
1362.9461751847412	0.02820570000017142	epochs	3.0
1362.9743808847413	0.028023799999800758	epochs	3.0
1363.0024046847411	0.05551070000001346	epochs	2.0
1363.0024046847411	0.027844000000186497	epochs	3.0
1363.0302486847413	0.02766669999982696	epochs	3.0
1363.0579153847411	0.054810200000019904	epochs	2.0
1363.0579153847411	0.02749149999999645	epochs	3.0
1363.0854068847411	0.027318700000023455	epochs	3.0
1363.1127255847412	0.05412700000010773	epochs	2.0
1363.1127255847412	0.027147799999966082	epochs	3.0
1363.1398733847411	0.026979200000141645	epochs	3.0
1363.1668525847413	0.053460699999959616	epochs	2.0
1363.1668525847413	0.02681259999985741	epochs	3.0
1363.1936651847411	0.026648100000102204	epochs	3.0
1363.2203132847412	0.05281070000000909	epochs	2.0
1363.2203132847412	0.0264855999998872	epochs	3.0
1363.246798884741	0.026325100000121893	epochs	3.0
1363.2731239847412	0.05217620000007628	epochs	2.0
1363.2731239847412	0.026166399999965506	epochs	3.0
1363.2992903847412	0.026009800000110772	epochs	3.0
1363.3253001847413	0.051556699999991906	epochs	2.0
1363.3253001847413	0.025854799999933675	epochs	3.0
1363.3511549847412	0.02570190000005823	epochs	3.0
1363.3768568847413	0.05095189999997274	epochs	2.0
1363.3768568847413	0.025550699999939752	epochs	3.0
1363.4024075847412	0.025401200000032986	epochs	3.0
1363.4278087847413	0.050360999999838896	epochs	2.0
1363.4278087847413	0.025253499999962514	epochs	3.0
1363.4530622847412	0.02510749999987638	epochs	3.0
1363.478169784741	0.04978380000011384	epochs	2.0
1363.478169784741	0.02496320000000196	epochs	3.0
1363.5031329847411	0.02482060000011188	epochs	3.0
1363.5279535847412	0.04921949999993558	epochs	2.0
1363.5279535847412	0.024679399999968155	epochs	3.0
1363.5526329847412	0.024540099999967424	epochs	3.0
1363.5771730847412	0.04866790000005494	epochs	2.0
1363.5771730847412	0.024402100000088467	epochs	3.0
1363.6015751847413	0.024265799999966475	epochs	3.0
1363.6258409847412	0.048128599999927246	epochs	2.0
1363.6258409847412	0.02413099999989754	epochs	3.0
1363.6499719847411	0.023997600000029706	epochs	3.0
1363.6739695847411	0.047601100000065344	epochs	2.0
1363.6739695847411	0.023865800000066884	epochs	3.0
1363.6978353847412	0.02373529999999846	epochs	3.0
1363.7215706847412	0.04708499999992455	epochs	2.0
1363.7215706847412	0.023606299999983094	epochs	3.0
1363.7451769847412	0.023478699999941455	epochs	3.0
1363.7686556847411	0.04658000000017637	epochs	2.0
1363.7686556847411	0.023352500000100918	epochs	3.0
1363.7920081847412	0.02322750000007545	epochs	3.0
1363.8152356847413	0.04608569999982137	epochs	2.0
1363.8152356847413	0.02310399999987567	epochs	3.0
1363.8383396847412	0.022981699999945704	epochs	3.0
1363.8613213847411	0.045601799999985815	epochs	2.0
1363.8613213847411	0.022860700000137513	epochs	3.0
1363.8841820847413	0.022741099999848302	epochs	3.0
1363.9069231847411	0.04512790000012501	epochs	2.0
1363.9069231847411	0.022622500000125	epochs	3.0
1363.9295456847412	0.02250540000000001	epochs	3.0
1363.9520510847412	0.0446638000000803	epochs	2.0
1363.9520510847412	0.02238929999998618	epochs	3.0
1363.9744403847412	0.022274500000094122	epochs	3.0
1363.9967148847413	0.044209199999841076	epochs	2.0
1363.9967148847413	0.022160799999937808	epochs	3.0
1364.0188756847413	0.022048399999903268	epochs	3.0
1364.0409240847412	0.04376360000014756	epochs	2.0
1364.0409240847412	0.021936900000127935	epochs	3.0
1364.0628609847413	0.021826700000019628	epochs	3.0
1364.0846876847413	0.04332709999994222	epochs	2.0
1364.0846876847413	0.021717599999874437	epochs	3.0
1364.1064052847412	0.021609500000067783	epochs	3.0
1364.1280147847413	0.04289900000003399	epochs	2.0
1364.1280147847413	0.02150249999999687	epochs	3.0
1364.1495172847413	0.021396500000037122	epochs	3.0
1364.1709137847413	0.04247949999989942	epochs	2.0
1364.1709137847413	0.021291699999892444	epochs	3.0
1364.1922054847412	0.021187800000006973	epochs	3.0
1364.2133932847412	0.04206790000012006	epochs	2.0
1364.2133932847412	0.02108490000000529	epochs	3.0
1364.2344781847412	0.02098300000011477	epochs	3.0
1364.2554611847413	0.04166439999994509	epochs	2.0
1364.2554611847413	0.020882199999959994	epochs	3.0
1364.2763433847413	0.020782199999985096	epochs	3.0
1364.2971255847413	0.041268499999887354	epochs	2.0
1364.2971255847413	0.020683299999973315	epochs	3.0
1364.3178088847412	0.02058519999991404	epochs	3.0
1364.3383940847411	0.04088000000001557	epochs	2.0
1364.3383940847411	0.020488099999965925	epochs	3.0
1364.358882184741	0.020391900000049645	epochs	3.0
1364.3792740847412	0.04049880000002304	epochs	2.0
1364.3792740847412	0.0202966000001652	epochs	3.0
1364.3995706847413	0.02020219999985784	epochs	3.0
1364.4197728847412	0.04012460000012652	epochs	2.0
1364.4197728847412	0.02010870000003706	epochs	3.0
1364.4398815847412	0.02001590000008946	epochs	3.0
1364.4598974847413	0.03975730000001931	epochs	2.0
1364.4598974847413	0.0199241999998776	epochs	3.0
1364.4798216847412	0.019833100000141712	epochs	3.0
1364.4996547847413	0.03939669999999751	epochs	2.0
1364.4996547847413	0.019742999999834865	epochs	3.0
1364.5193977847412	0.019653700000162644	epochs	3.0
1364.5390514847413	0.03904239999997117	epochs	2.0
1364.5390514847413	0.019565099999908853	epochs	3.0
1364.5586165847412	0.019477300000062314	epochs	3.0
1364.5780938847413	0.03869459999987157	epochs	2.0
1364.5780938847413	0.019390400000020236	epochs	3.0
1364.5974842847413	0.019304199999851335	epochs	3.0
1364.6167884847412	0.03835290000006353	epochs	2.0
1364.6167884847412	0.019218800000089686	epochs	3.0
1364.6360072847413	0.01913409999997384	epochs	3.0
1364.6551413847412	0.03801720000001296	epochs	2.0
1364.6551413847412	0.019050200000037876	epochs	3.0
1364.6741915847413	0.018966999999975087	epochs	3.0
1364.6931585847412	0.03768719999993664	epochs	2.0
1364.6931585847412	0.01888450000001285	epochs	3.0
1364.7120430847413	0.01880269999992379	epochs	3.0
1364.7308457847412	0.03736309999999321	epochs	2.0
1364.7308457847412	0.018721700000014607	epochs	3.0
1364.7495674847412	0.018641399999978603	epochs	3.0
1364.7682088847412	0.03704429999993408	epochs	2.0
1364.7682088847412	0.018561600000111866	epochs	3.0
1364.7867704847413	0.018482699999822216	epochs	3.0
1364.805253184741	0.036731000000145286	epochs	2.0
1364.805253184741	0.01840430000015658	epochs	3.0
1364.8236574847413	0.018326699999988705	epochs	3.0
1364.8419841847412	0.03642289999993409	epochs	2.0
1364.8419841847412	0.018249599999990096	epochs	3.0
1364.8602337847412	0.018173299999943993	epochs	3.0
1364.8784070847412	0.03612010000006194	epochs	2.0
1364.8784070847412	0.01809759999991911	epochs	3.0
1364.896504684741	0.018022500000142827	epochs	3.0
1364.9145271847412	0.03582209999990482	epochs	2.0
1364.9145271847412	0.01794789999985369	epochs	3.0
1364.932475084741	0.017874200000051133	epochs	3.0
1364.9503492847412	0.03552899999999681	epochs	2.0
1364.9503492847412	0.017800800000031813	epochs	3.0
1364.9681500847412	0.017728199999965	epochs	3.0
1364.9858782847411	0.03524070000003121	epochs	2.0
1364.9858782847411	0.017656100000067454	epochs	3.0
1365.0035343847412	0.017584599999963757	epochs	3.0
1365.0211189847412	0.03495709999992869	epochs	2.0
1365.0211189847412	0.017513700000108656	epochs	3.0
1365.0386326847413	0.01744339999982003	epochs	3.0
1365.056076084741	0.03467790000013338	epochs	2.0
1365.056076084741	0.01737360000015542	epochs	3.0
1365.0734496847413	0.017304299999977957	epochs	3.0
1365.0907539847412	0.03440329999989444	epochs	2.0
1365.0907539847412	0.017235699999901044	epochs	3.0
1365.1079896847411	0.0171675999999934	epochs	3.0
1365.1251572847411	0.034132800000179486	epochs	2.0
1365.1251572847411	0.017099900000175694	epochs	3.0
1365.1422571847413	0.017032900000003792	epochs	3.0
1365.1592900847413	0.03386669999986225	epochs	2.0
1365.1592900847413	0.01696640000000116	epochs	3.0
1365.1762564847413	0.01690029999986109	epochs	3.0
1365.1931567847412	0.03360459999998966	epochs	2.0
1365.1931567847412	0.01683479999996962	epochs	3.0
1365.2099915847411	0.01676980000002004	epochs	3.0
1365.2267613847412	0.033346599999958926	epochs	2.0
1365.2267613847412	0.016705300000012357	epochs	3.0
1365.2434666847412	0.01664129999994657	epochs	3.0
1365.2601079847411	0.03309250000006614	epochs	2.0
1365.2601079847411	0.016577800000050047	epochs	3.0
1365.2766857847412	0.01651470000001609	epochs	3.0
1365.2932004847412	0.032842300000083924	epochs	2.0
1365.2932004847412	0.01645220000000336	epochs	3.0
1365.3096526847412	0.016390100000080565	epochs	3.0
1365.3260427847413	0.03259570000000167	epochs	2.0
1365.3260427847413	0.016328400000020338	epochs	3.0
1365.3423711847413	0.016267299999981333	epochs	3.0
1365.3586384847413	0.032352899999978035	epochs	2.0
1365.3586384847413	0.016206600000032267	epochs	3.0
1365.3748450847413	0.016146299999945768	epochs	3.0
1365.3909913847413	0.03211369999985436	epochs	2.0
1365.3909913847413	0.01608659999988049	epochs	3.0
1365.4070779847411	0.01602709999997387	epochs	3.0
1365.423105084741	0.03187800000000607	epochs	2.0
1365.423105084741	0.015968200000088473	epochs	3.0
1365.4390732847412	0.015909799999917595	epochs	3.0
1365.4549830847411	0.03164570000012645	epochs	2.0
1365.4549830847411	0.01585160000013275	epochs	3.0
1365.4708346847412	0.015794099999993705	epochs	3.0
1365.4866287847412	0.031416699999908815	epochs	2.0
1365.4866287847412	0.01573669999993399	epochs	3.0
1365.5023654847412	0.015679999999974825	epochs	3.0
1365.5180454847412	0.031191100000114602	epochs	2.0
1365.5180454847412	0.015623600000026272	epochs	3.0
1365.5336690847412	0.01556750000008833	epochs	3.0
1365.5492365847413	0.030968699999903038	epochs	2.0
1365.5492365847413	0.015511999999944237	epochs	3.0
1365.5647485847412	0.0154566999999588	epochs	3.0
1365.5802052847412	0.030749499999956242	epochs	2.0
1365.5802052847412	0.015401999999994587	epochs	3.0
1365.5956072847412	0.015347499999961656	epochs	3.0
1365.6109547847411	0.03053320000003623	epochs	2.0
1365.6109547847411	0.015293400000018664	epochs	3.0
1365.6262481847411	0.015239800000017567	epochs	3.0
1365.6414879847412	0.030320100000153616	epochs	2.0
1365.6414879847412	0.015186500000027081	epochs	3.0
1365.6566744847412	0.015133600000126535	epochs	3.0
1365.6718080847413	0.030109899999843037	epochs	2.0
1365.6718080847413	0.015081000000009226	epochs	3.0
1365.6868890847413	0.015028899999833811	epochs	3.0
1365.7019179847412	0.029902500000162036	epochs	2.0
1365.7019179847412	0.014977000000044427	epochs	3.0
1365.7168949847412	0.014925500000117609	epochs	3.0
1365.7318204847413	0.029698099999905025	epochs	2.0
1365.7318204847413	0.014874399999825982	epochs	3.0
1365.7466948847411	0.014823700000079043	epochs	3.0
1365.7615185847412	0.029496299999891562	epochs	2.0
1365.7615185847412	0.014773200000036013	epochs	3.0
1365.7762917847413	0.014723099999855549	epochs	3.0
1365.7910148847411	0.029297400000132257	epochs	2.0
1365.7910148847411	0.014673399999992398	epochs	3.0
1365.805688284741	0.014624000000139858	epochs	3.0
1365.8203122847412	0.029101099999934377	epochs	2.0
1365.8203122847412	0.014574900000070556	epochs	3.0
1365.8348871847413	0.01452619999986382	epochs	3.0
1365.8494133847412	0.028907399999980044	epochs	2.0
1365.8494133847412	0.014477700000043114	epochs	3.0
1365.8638910847412	0.014429699999936929	epochs	3.0
1365.8783207847412	0.028716199999962555	epochs	2.0
1365.8783207847412	0.014381800000137446	epochs	3.0
1365.8927025847413	0.01433439999982511	epochs	3.0
1365.9070369847411	0.028527600000188613	epochs	2.0
1365.9070369847411	0.014287200000126177	epochs	3.0
1365.9213241847413	0.014240400000062436	epochs	3.0
1365.9355645847413	0.02834139999981744	epochs	2.0
1365.9355645847413	0.014193799999929979	epochs	3.0
1365.9497583847412	0.014147599999887461	epochs	3.0
1365.9639059847411	0.028157700000065233	epochs	2.0
1365.9639059847411	0.014101700000082928	epochs	3.0
1365.9780076847412	0.014055999999982305	epochs	3.0
1365.9920636847412	0.027976300000091214	epochs	2.0
1365.9920636847412	0.014010600000119666	epochs	3.0
1366.0060742847413	0.013965699999971548	epochs	3.0
1366.0200399847413	0.027797199999895383	epochs	2.0
1366.0200399847413	0.01392079999982343	epochs	3.0
1366.033960784741	0.013876400000071953	epochs	3.0
1366.0478371847412	0.027620399999932488	epochs	2.0
1366.0478371847412	0.013832200000024386	epochs	3.0
1366.0616693847412	0.013788199999908102	epochs	3.0
1366.0754575847411	0.027445900000202528	epochs	2.0
1366.0754575847411	0.01374460000010913	epochs	3.0
1366.0892021847412	0.013701300000093397	epochs	3.0
1366.1029034847413	0.027273499999864725	epochs	2.0
1366.1029034847413	0.013658199999781573	epochs	3.0
1366.116561684741	0.013615300000083153	epochs	3.0
1366.1301769847412	0.027103399999987232	epochs	2.0
1366.1301769847412	0.013572800000019924	epochs	3.0
1366.1437497847412	0.013530599999967308	epochs	3.0
1366.1572803847412	0.02693520000002536	epochs	2.0
1366.1572803847412	0.013488400000142065	epochs	3.0
1366.1707687847413	0.013446799999883297	epochs	3.0
1366.1842155847412	0.026769199999989723	epochs	2.0
1366.1842155847412	0.013405200000079276	epochs	3.0
1366.1976207847413	0.013363999999910448	epochs	3.0
1366.2109847847412	0.026605199999949036	epochs	2.0
1366.2109847847412	0.013322900000048321	epochs	3.0
1366.2243076847412	0.013282299999900715	epochs	3.0
1366.2375899847411	0.026443200000130673	epochs	2.0
1366.2375899847411	0.013241699999980483	epochs	3.0
1366.2508316847411	0.01320150000015019	epochs	3.0
1366.2640331847413	0.026283199999852513	epochs	2.0
1366.2640331847413	0.013161500000023807	epochs	3.0
1366.2771946847413	0.013121699999828706	epochs	3.0
1366.2903163847411	0.02612500000009277	epochs	2.0
1366.2903163847411	0.013082100000019636	epochs	3.0
1366.3033984847411	0.013042900000073132	epochs	3.0
1366.3164413847412	0.025968899999952555	epochs	2.0
1366.3164413847412	0.01300390000005791	epochs	3.0
1366.3294452847413	0.012964999999894644	epochs	3.0
1366.3424102847412	0.025814500000024054	epochs	2.0
1366.3424102847412	0.012926399999969362	epochs	3.0
1366.3553366847411	0.012888100000054692	epochs	3.0
1366.3682247847412	0.025661899999931848	epochs	2.0
1366.3682247847412	0.012849899999991976	epochs	3.0
1366.3810746847412	0.012811999999939871	epochs	3.0
1366.3938866847411	0.025511199999982637	epochs	2.0
1366.3938866847411	0.012774400000125752	epochs	3.0
1366.4066610847412	0.012736799999856885	epochs	3.0
1366.419397884741	0.025362300000097093	epochs	2.0
1366.419397884741	0.012699700000212033	epochs	3.0
1366.4320975847413	0.01266259999988506	epochs	3.0
1366.4447601847412	0.02521500000011656	epochs	2.0
1366.4447601847412	0.012625800000023446	epochs	3.0
1366.4573859847412	0.012589200000093115	epochs	3.0
1366.4699751847413	0.024584799999956886	epochs	2.0
1366.4932913847413	0.5	epochs	-1.0
1366.4945599847413	0.9999199999999746	epochs	1.0
1366.9932913847413	0.5	epochs	-1.0
1369.0890002250671	0.17856000000006134	epochs	0.0
1369.0890002250671	0.08428030000004583	epochs	1.0
1369.1732805250672	0.009999399999969683	epochs	1.0
1369.1832799250672	0.08428030000004583	epochs	1.0
1369.2675602250672	2.0	epochs	0.0
1371.2675602250672	21.501199999999926	epochs	0.0
1371.2675602250672	1.0	epochs	1.0
1371.2675716250671	0.5	epochs	-1.0
1371.7675716250671	19.99872000000005	epochs	-1.0
1372.2675602250672	20.0	epochs	1.0
1372.2675602250672	4.3567538999998305	epochs	-1.0
1372.2675602250672	1.9745871999998599	epochs	2.0
1372.2675602250672	1.098562199999833	epochs	3.0
1373.366122425067	0.8760250000000269	epochs	3.0
1374.242147425067	1.3524075000000266	epochs	2.0
1374.242147425067	0.7286355000001095	epochs	3.0
1374.9707829250672	0.6237719999999172	epochs	3.0
1375.594554925067	1.029759199999944	epochs	2.0
1375.594554925067	0.5453293000000485	epochs	3.0
1376.1398842250671	0.4844298999998955	epochs	3.0
1376.624314125067	0.8317862000001242	epochs	2.0
1376.624314125067	0.4357763000000432	epochs	3.0
1377.060090425067	0.39600990000008096	epochs	3.0
1377.4561003250672	0.6977970000000369	epochs	2.0
1377.4561003250672	0.3628982000000178	epochs	3.0
1377.8189985250672	0.33489880000001904	epochs	3.0
1378.1538973250672	0.601045699999986	epochs	2.0
1378.1538973250672	0.3109122999999272	epochs	3.0
1378.4648096250671	0.2901334000000588	epochs	3.0
1378.7549430250672	0.5278859000000011	epochs	2.0
1378.7549430250672	0.2719586000000618	epochs	3.0
1379.0269016250672	0.25592729999993935	epochs	3.0
1379.2828289250672	0.470619299999953	epochs	2.0
1379.2828289250672	0.241681299999982	epochs	3.0
1379.5245102250672	0.228937999999971	epochs	3.0
1379.7534482250671	0.42457039999999324	epochs	2.0
1379.7534482250671	0.21747140000002219	epochs	3.0
1379.9709196250672	0.20709899999997106	epochs	3.0
1380.1780186250671	0.3867353999999068	epochs	2.0
1380.1780186250671	0.19767109999997956	epochs	3.0
1380.375689725067	0.18906429999992724	epochs	3.0
1380.564754025067	0.35509530000013	epochs	2.0
1380.564754025067	0.18117590000019845	epochs	3.0
1380.7459299250672	0.17391939999993156	epochs	3.0
1380.9198493250672	0.3282431000000088	epochs	2.0
1380.9198493250672	0.16722189999995862	epochs	3.0
1381.0870712250671	0.16102120000005016	epochs	3.0
1381.2480924250672	0.3051679999998669	epochs	2.0
1381.2480924250672	0.15526389999990897	epochs	3.0
1381.403356325067	0.1499040999999579	epochs	3.0
1381.553260425067	0.28512530000011793	epochs	2.0
1381.553260425067	0.1449021000000812	epochs	3.0
1381.6981625250671	0.14022320000003674	epochs	3.0
1381.8383857250672	0.267553800000087	epochs	2.0
1381.8383857250672	0.1358368999999584	epochs	3.0
1381.9742226250671	0.1317169000001286	epochs	3.0
1382.1059395250672	0.252022899999929	epochs	2.0
1382.1059395250672	0.1278393000000051	epochs	3.0
1382.2337788250672	0.1241835999999239	epochs	3.0
1382.3579624250672	0.23819649999995818	epochs	2.0
1382.3579624250672	0.12073110000005727	epochs	3.0
1382.4786935250672	0.11746539999990091	epochs	3.0
1382.5961589250671	0.2258088000000953	epochs	2.0
1382.5961589250671	0.1143718999999237	epochs	3.0
1382.710530825067	0.11143690000017159	epochs	3.0
1382.8219677250672	0.21464599999990241	epochs	2.0
1382.8219677250672	0.10864889999993466	epochs	3.0
1382.9306166250672	0.10599709999996776	epochs	3.0
1383.0366137250671	0.20453500000007807	epochs	2.0
1383.0366137250671	0.10347150000006877	epochs	3.0
1383.1400852250672	0.1010635000000093	epochs	3.0
1383.2411487250672	0.19533400000000256	epochs	2.0
1383.2411487250672	0.09876510000003691	epochs	3.0
1383.3399138250672	0.09656889999996565	epochs	3.0
1383.4364827250672	0.18692529999998442	epochs	2.0
1383.4364827250672	0.09446830000001682	epochs	3.0
1383.5309510250672	0.09245699999996759	epochs	3.0
1383.6234080250672	0.17921069999988504	epochs	2.0
1383.6234080250672	0.09052959999985433	epochs	3.0
1383.713937625067	0.08868110000003071	epochs	3.0
1383.802618725067	0.17210769999996955	epochs	2.0
1383.802618725067	0.08690630000000965	epochs	3.0
1383.889525025067	0.0852013999999599	epochs	3.0
1383.974726425067	0.16554640000003928	epochs	2.0
1383.974726425067	0.08356190000017705	epochs	3.0
1384.0582883250672	0.08198449999986224	epochs	3.0
1384.140272825067	0.15946710000002895	epochs	2.0
1384.140272825067	0.08046540000009372	epochs	3.0
1384.2207382250672	0.07900169999993523	epochs	3.0
1384.2997399250671	0.15381840000009106	epochs	2.0
1384.2997399250671	0.07759009999995214	epochs	3.0
1384.377330025067	0.07622830000013892	epochs	3.0
1384.4535583250672	0.14855639999996129	epochs	2.0
1384.4535583250672	0.07491329999993468	epochs	3.0
1384.5284716250671	0.0736431000000266	epochs	3.0
1384.6021147250672	0.1436423999998624	epochs	2.0
1384.6021147250672	0.07241499999986445	epochs	3.0
1384.674529725067	0.07122739999999794	epochs	3.0
1384.745757125067	0.13904310000020814	epochs	2.0
1384.745757125067	0.07007800000019415	epochs	3.0
1384.8158351250672	0.06896510000001399	epochs	3.0
1384.8848002250672	0.13472929999988992	epochs	2.0
1384.8848002250672	0.0678871000000072	epochs	3.0
1384.9526873250672	0.06684219999988272	epochs	3.0
1385.0195295250671	0.1306752000000415	epochs	2.0
1385.0195295250671	0.06582909999997355	epochs	3.0
1385.085358625067	0.06484610000006796	epochs	3.0
1385.1502047250672	0.1268577999999252	epochs	2.0
1385.1502047250672	0.06389199999989614	epochs	3.0
1385.214096725067	0.06296580000002905	epochs	3.0
1385.277062525067	0.12325720000012552	epochs	2.0
1385.277062525067	0.06206580000002759	epochs	3.0
1385.3391283250671	0.06119140000009793	epochs	3.0
1385.4003197250672	0.11985540000000583	epochs	2.0
1385.4003197250672	0.060341099999959624	epochs	3.0
1385.4606608250672	0.059514300000046205	epochs	3.0
1385.5201751250672	0.1166361999999026	epochs	2.0
1385.5201751250672	0.058709599999929196	epochs	3.0
1385.5788847250672	0.057926599999973405	epochs	3.0
1385.6368113250671	0.11358560000007856	epochs	2.0
1385.6368113250671	0.05716419999998834	epochs	3.0
1385.6939755250671	0.056421400000090216	epochs	3.0
1385.7503969250672	0.11069049999991876	epochs	2.0
1385.7503969250672	0.055697900000041045	epochs	3.0
1385.8060948250672	0.05499259999987771	epochs	3.0
1385.8610874250671	0.1079391000000669	epochs	2.0
1385.8610874250671	0.05430490000003374	epochs	3.0
1385.9153923250672	0.05363420000003316	epochs	3.0
1385.9690265250672	0.10532149999994544	epochs	2.0
1385.9690265250672	0.05297999999993408	epochs	3.0
1386.0220065250671	0.052341500000011365	epochs	3.0
1386.0743480250671	0.10282759999995505	epochs	2.0
1386.0743480250671	0.05171810000001642	epochs	3.0
1386.1260661250672	0.051109499999938635	epochs	3.0
1386.177175625067	0.10044910000010532	epochs	2.0
1386.177175625067	0.050514900000052876	epochs	3.0
1386.2276905250671	0.04993420000005244	epochs	3.0
1386.2776247250672	0.0981782999999723	epochs	2.0
1386.2776247250672	0.04936659999998483	epochs	3.0
1386.3269913250672	0.04881169999998747	epochs	3.0
1386.3758030250672	0.09600780000005216	epochs	2.0
1386.3758030250672	0.04826920000004975	epochs	3.0
1386.4240722250672	0.04773860000000241	epochs	3.0
1386.4718108250672	0.09393119999981536	epochs	2.0
1386.4718108250672	0.04721949999998287	epochs	3.0
1386.5190303250672	0.04671169999983249	epochs	3.0
1386.565742025067	0.09194260000003851	epochs	2.0
1386.565742025067	0.04621460000021216	epochs	3.0
1386.6119566250673	0.04572799999982635	epochs	3.0
1386.657684625067	0.09003630000006524	epochs	2.0
1386.657684625067	0.045251499999949374	epochs	3.0
1386.702936125067	0.044784800000115865	epochs	3.0
1386.7477209250671	0.08820760000003247	epochs	2.0
1386.7477209250671	0.044327800000019124	epochs	3.0
1386.7920487250672	0.04387980000001335	epochs	3.0
1386.8359285250672	0.0864516999999978	epochs	2.0
1386.8359285250672	0.04344100000002982	epochs	3.0
1386.8793695250672	0.04301069999996798	epochs	3.0
1386.9223802250672	0.08476429999996071	epochs	2.0
1386.9223802250672	0.04258899999990717	epochs	3.0
1386.964969225067	0.04217530000005354	epochs	3.0
1387.0071445250671	0.08314150000001064	epochs	2.0
1387.0071445250671	0.04176970000003166	epochs	3.0
1387.0489142250672	0.041371799999978975	epochs	3.0
1387.0902860250671	0.08157970000002024	epochs	2.0
1387.0902860250671	0.040981399999964196	epochs	3.0
1387.131267425067	0.04059830000005604	epochs	3.0
1387.1718657250672	0.08007550000002084	epochs	2.0
1387.1718657250672	0.04022229999986848	epochs	3.0
1387.212088025067	0.039853200000152356	epochs	3.0
1387.2519412250672	0.07862569999997504	epochs	2.0
1387.2519412250672	0.03949079999983951	epochs	3.0
1387.291432025067	0.03913490000013553	epochs	3.0
1387.3305669250672	0.07722760000001472	epochs	2.0
1387.3305669250672	0.038785400000051595	epochs	3.0
1387.3693523250672	0.03844219999996312	epochs	3.0
1387.4077945250672	0.07587820000003376	epochs	2.0
1387.4077945250672	0.03810479999992822	epochs	3.0
1387.445899325067	0.03777340000010554	epochs	3.0
1387.4836727250672	0.0745752000000266	epochs	2.0
1387.4836727250672	0.03744770000002973	epochs	3.0
1387.5211204250672	0.03712749999999687	epochs	3.0
1387.5582479250672	0.07331629999998768	epochs	2.0
1387.5582479250672	0.03681289999985893	epochs	3.0
1387.595060825067	0.03650340000012875	epochs	3.0
1387.6315642250672	0.07209899999998015	epochs	2.0
1387.6315642250672	0.03619909999997617	epochs	3.0
1387.6677633250672	0.03589990000000398	epochs	3.0
1387.7036632250672	0.07092169999987163	epochs	2.0
1387.7036632250672	0.035605599999826154	epochs	3.0
1387.739268825067	0.03531610000004548	epochs	3.0
1387.774584925067	0.06978200000003199	epochs	2.0
1387.774584925067	0.03503120000004856	epochs	3.0
1387.8096161250671	0.03475079999998343	epochs	3.0
1387.844366925067	0.06867860000011206	epochs	2.0
1387.844366925067	0.03447510000000875	epochs	3.0
1387.8788420250671	0.034203500000103304	epochs	3.0
1387.9130455250672	0.06760929999995824	epochs	2.0
1387.9130455250672	0.033936199999970995	epochs	3.0
1387.9469817250672	0.033673099999987244	epochs	3.0
1387.9806548250672	0.06657289999998284	epochs	2.0
1387.9806548250672	0.03341399999999339	epochs	3.0
1388.0140688250672	0.033158899999989444	epochs	3.0
1388.0472277250672	0.06556780000005347	epochs	2.0
1388.0472277250672	0.03290769999989607	epochs	3.0
1388.080135425067	0.0326601000001574	epochs	3.0
1388.1127955250672	0.06459259999996902	epochs	2.0
1388.1127955250672	0.03241639999987456	epochs	3.0
1388.145211925067	0.03217620000009447	epochs	3.0
1388.1773881250672	0.06364600000006249	epochs	2.0
1388.1773881250672	0.03193959999998697	epochs	3.0
1388.2093277250672	0.03170640000007552	epochs	3.0
1388.2410341250672	0.0627266999999847	epochs	2.0
1388.2410341250672	0.031476599999905375	epochs	3.0
1388.2725107250671	0.03125010000007933	epochs	3.0
1388.3037608250672	0.06183359999999993	epochs	2.0
1388.3037608250672	0.03102689999991526	epochs	3.0
1388.3347877250671	0.030806700000084675	epochs	3.0
1388.3655944250672	0.060965599999917686	epochs	2.0
1388.3655944250672	0.030589799999916067	epochs	3.0
1388.3961842250671	0.030375800000001618	epochs	3.0
1388.4265600250671	0.06012160000000222	epochs	2.0
1388.4265600250671	0.030164900000045236	epochs	3.0
1388.4567249250672	0.02995669999995698	epochs	3.0
1388.4866816250671	0.05930069999999432	epochs	2.0
1388.4866816250671	0.029751600000054168	epochs	3.0
1388.5164332250672	0.029549099999940154	epochs	3.0
1388.5459823250671	0.05850179999993088	epochs	2.0
1388.5459823250671	0.02934940000000097	epochs	3.0
1388.5753317250671	0.029152399999929912	epochs	3.0
1388.604484125067	0.05772420000016609	epochs	2.0
1388.604484125067	0.028958000000102402	epochs	3.0
1388.6334421250672	0.02876620000006369	epochs	3.0
1388.6622083250672	0.056967099999837956	epochs	2.0
1388.6622083250672	0.02857699999981378	epochs	3.0
1388.690785325067	0.028390100000024177	epochs	3.0
1388.719175425067	0.05622949999997218	epochs	2.0
1388.719175425067	0.02820570000017142	epochs	3.0
1388.7473811250672	0.028023799999800758	epochs	3.0
1388.775404925067	0.05551070000001346	epochs	2.0
1388.775404925067	0.027844000000186497	epochs	3.0
1388.8032489250672	0.02766669999982696	epochs	3.0
1388.830915625067	0.054810200000019904	epochs	2.0
1388.830915625067	0.02749149999999645	epochs	3.0
1388.858407125067	0.027318700000023455	epochs	3.0
1388.885725825067	0.05412700000010773	epochs	2.0
1388.885725825067	0.027147799999966082	epochs	3.0
1388.912873625067	0.026979200000141645	epochs	3.0
1388.9398528250672	0.053460699999959616	epochs	2.0
1388.9398528250672	0.02681259999985741	epochs	3.0
1388.966665425067	0.026648100000102204	epochs	3.0
1388.9933135250672	0.05281070000000909	epochs	2.0
1388.9933135250672	0.0264855999998872	epochs	3.0
1389.019799125067	0.026325100000121893	epochs	3.0
1389.0461242250672	0.05217620000007628	epochs	2.0
1389.0461242250672	0.026166399999965506	epochs	3.0
1389.0722906250671	0.026009800000110772	epochs	3.0
1389.0983004250672	0.051556699999991906	epochs	2.0
1389.0983004250672	0.025854799999933675	epochs	3.0
1389.1241552250672	0.02570190000005823	epochs	3.0
1389.1498571250672	0.05095189999997274	epochs	2.0
1389.1498571250672	0.025550699999939752	epochs	3.0
1389.1754078250672	0.025401200000032986	epochs	3.0
1389.2008090250672	0.050360999999838896	epochs	2.0
1389.2008090250672	0.025253499999962514	epochs	3.0
1389.2260625250672	0.02510749999987638	epochs	3.0
1389.251170025067	0.04978380000011384	epochs	2.0
1389.251170025067	0.02496320000000196	epochs	3.0
1389.276133225067	0.02482060000011188	epochs	3.0
1389.3009538250672	0.04921949999993558	epochs	2.0
1389.3009538250672	0.024679399999968155	epochs	3.0
1389.3256332250671	0.024540099999967424	epochs	3.0
1389.350173325067	0.04866790000005494	epochs	2.0
1389.350173325067	0.024402100000088467	epochs	3.0
1389.3745754250672	0.024265799999966475	epochs	3.0
1389.3988412250671	0.048128599999927246	epochs	2.0
1389.3988412250671	0.02413099999989754	epochs	3.0
1389.422972225067	0.023997600000029706	epochs	3.0
1389.446969825067	0.047601100000065344	epochs	2.0
1389.446969825067	0.023865800000066884	epochs	3.0
1389.4708356250671	0.02373529999999846	epochs	3.0
1389.4945709250671	0.04708499999992455	epochs	2.0
1389.4945709250671	0.023606299999983094	epochs	3.0
1389.5181772250671	0.023478699999941455	epochs	3.0
1389.541655925067	0.04658000000017637	epochs	2.0
1389.541655925067	0.023352500000100918	epochs	3.0
1389.5650084250672	0.02322750000007545	epochs	3.0
1389.5882359250672	0.04608569999982137	epochs	2.0
1389.5882359250672	0.02310399999987567	epochs	3.0
1389.611339925067	0.022981699999945704	epochs	3.0
1389.634321625067	0.045601799999985815	epochs	2.0
1389.634321625067	0.022860700000137513	epochs	3.0
1389.6571823250672	0.022741099999848302	epochs	3.0
1389.679923425067	0.04512790000012501	epochs	2.0
1389.679923425067	0.022622500000125	epochs	3.0
1389.7025459250672	0.02250540000000001	epochs	3.0
1389.7250513250672	0.0446638000000803	epochs	2.0
1389.7250513250672	0.02238929999998618	epochs	3.0
1389.7474406250672	0.022274500000094122	epochs	3.0
1389.7697151250673	0.044209199999841076	epochs	2.0
1389.7697151250673	0.022160799999937808	epochs	3.0
1389.7918759250672	0.022048399999903268	epochs	3.0
1389.813924325067	0.04376360000014756	epochs	2.0
1389.813924325067	0.021936900000127935	epochs	3.0
1389.8358612250672	0.021826700000019628	epochs	3.0
1389.8576879250672	0.04332709999994222	epochs	2.0
1389.8576879250672	0.021717599999874437	epochs	3.0
1389.879405525067	0.021609500000067783	epochs	3.0
1389.9010150250672	0.04289900000003399	epochs	2.0
1389.9010150250672	0.02150249999999687	epochs	3.0
1389.9225175250672	0.021396500000037122	epochs	3.0
1389.9439140250672	0.04247949999989942	epochs	2.0
1389.9439140250672	0.021291699999892444	epochs	3.0
1389.965205725067	0.021187800000006973	epochs	3.0
1389.9863935250671	0.04206790000012006	epochs	2.0
1389.9863935250671	0.02108490000000529	epochs	3.0
1390.0074784250671	0.02098300000011477	epochs	3.0
1390.0284614250672	0.04166439999994509	epochs	2.0
1390.0284614250672	0.020882199999959994	epochs	3.0
1390.0493436250672	0.020782199999985096	epochs	3.0
1390.0701258250672	0.041268499999887354	epochs	2.0
1390.0701258250672	0.020683299999973315	epochs	3.0
1390.0908091250672	0.02058519999991404	epochs	3.0
1390.111394325067	0.04088000000001557	epochs	2.0
1390.111394325067	0.020488099999965925	epochs	3.0
1390.131882425067	0.020391900000049645	epochs	3.0
1390.152274325067	0.04049880000002304	epochs	2.0
1390.152274325067	0.0202966000001652	epochs	3.0
1390.1725709250672	0.02020219999985784	epochs	3.0
1390.192773125067	0.04012460000012652	epochs	2.0
1390.192773125067	0.02010870000003706	epochs	3.0
1390.2128818250671	0.02001590000008946	epochs	3.0
1390.2328977250672	0.03975730000001931	epochs	2.0
1390.2328977250672	0.0199241999998776	epochs	3.0
1390.252821925067	0.019833100000141712	epochs	3.0
1390.2726550250673	0.03939669999999751	epochs	2.0
1390.2726550250673	0.019742999999834865	epochs	3.0
1390.292398025067	0.019653700000162644	epochs	3.0
1390.3120517250672	0.03904239999997117	epochs	2.0
1390.3120517250672	0.019565099999908853	epochs	3.0
1390.3316168250672	0.019477300000062314	epochs	3.0
1390.3510941250672	0.03869459999987157	epochs	2.0
1390.3510941250672	0.019390400000020236	epochs	3.0
1390.3704845250672	0.019304199999851335	epochs	3.0
1390.389788725067	0.03835290000006353	epochs	2.0
1390.389788725067	0.019218800000089686	epochs	3.0
1390.4090075250672	0.01913409999997384	epochs	3.0
1390.4281416250672	0.03801720000001296	epochs	2.0
1390.4281416250672	0.019050200000037876	epochs	3.0
1390.4471918250672	0.018966999999975087	epochs	3.0
1390.4661588250672	0.03768719999993664	epochs	2.0
1390.4661588250672	0.01888450000001285	epochs	3.0
1390.4850433250672	0.01880269999992379	epochs	3.0
1390.503846025067	0.03736309999999321	epochs	2.0
1390.503846025067	0.018721700000014607	epochs	3.0
1390.5225677250671	0.018641399999978603	epochs	3.0
1390.541209125067	0.03704429999993408	epochs	2.0
1390.541209125067	0.018561600000111866	epochs	3.0
1390.5597707250672	0.018482699999822216	epochs	3.0
1390.578253425067	0.036731000000145286	epochs	2.0
1390.578253425067	0.01840430000015658	epochs	3.0
1390.5966577250672	0.018326699999988705	epochs	3.0
1390.6149844250672	0.03642289999993409	epochs	2.0
1390.6149844250672	0.018249599999990096	epochs	3.0
1390.6332340250672	0.018173299999943993	epochs	3.0
1390.651407325067	0.03612010000006194	epochs	2.0
1390.651407325067	0.01809759999991911	epochs	3.0
1390.669504925067	0.018022500000142827	epochs	3.0
1390.6875274250672	0.03582209999990482	epochs	2.0
1390.6875274250672	0.01794789999985369	epochs	3.0
1390.705475325067	0.017874200000051133	epochs	3.0
1390.723349525067	0.03552899999999681	epochs	2.0
1390.723349525067	0.017800800000031813	epochs	3.0
1390.741150325067	0.017728199999965	epochs	3.0
1390.758878525067	0.03524070000003121	epochs	2.0
1390.758878525067	0.017656100000067454	epochs	3.0
1390.7765346250671	0.017584599999963757	epochs	3.0
1390.794119225067	0.03495709999992869	epochs	2.0
1390.794119225067	0.017513700000108656	epochs	3.0
1390.8116329250672	0.01744339999982003	epochs	3.0
1390.829076325067	0.03467790000013338	epochs	2.0
1390.829076325067	0.01737360000015542	epochs	3.0
1390.8464499250672	0.017304299999977957	epochs	3.0
1390.8637542250672	0.03440329999989444	epochs	2.0
1390.8637542250672	0.017235699999901044	epochs	3.0
1390.880989925067	0.0171675999999934	epochs	3.0
1390.898157525067	0.034132800000179486	epochs	2.0
1390.898157525067	0.017099900000175694	epochs	3.0
1390.9152574250672	0.017032900000003792	epochs	3.0
1390.9322903250672	0.03386669999986225	epochs	2.0
1390.9322903250672	0.01696640000000116	epochs	3.0
1390.9492567250672	0.01690029999986109	epochs	3.0
1390.966157025067	0.03360459999998966	epochs	2.0
1390.966157025067	0.01683479999996962	epochs	3.0
1390.982991825067	0.01676980000002004	epochs	3.0
1390.999761625067	0.033346599999958926	epochs	2.0
1390.999761625067	0.016705300000012357	epochs	3.0
1391.016466925067	0.01664129999994657	epochs	3.0
1391.033108225067	0.03309250000006614	epochs	2.0
1391.033108225067	0.016577800000050047	epochs	3.0
1391.049686025067	0.01651470000001609	epochs	3.0
1391.0662007250671	0.032842300000083924	epochs	2.0
1391.0662007250671	0.01645220000000336	epochs	3.0
1391.0826529250671	0.016390100000080565	epochs	3.0
1391.0990430250672	0.03259570000000167	epochs	2.0
1391.0990430250672	0.016328400000020338	epochs	3.0
1391.1153714250672	0.016267299999981333	epochs	3.0
1391.1316387250672	0.032352899999978035	epochs	2.0
1391.1316387250672	0.016206600000032267	epochs	3.0
1391.1478453250672	0.016146299999945768	epochs	3.0
1391.1639916250672	0.03211369999985436	epochs	2.0
1391.1639916250672	0.01608659999988049	epochs	3.0
1391.180078225067	0.01602709999997387	epochs	3.0
1391.196105325067	0.03187800000000607	epochs	2.0
1391.196105325067	0.015968200000088473	epochs	3.0
1391.2120735250671	0.015909799999917595	epochs	3.0
1391.227983325067	0.03164570000012645	epochs	2.0
1391.227983325067	0.01585160000013275	epochs	3.0
1391.2438349250672	0.015794099999993705	epochs	3.0
1391.2596290250672	0.031416699999908815	epochs	2.0
1391.2596290250672	0.01573669999993399	epochs	3.0
1391.275365725067	0.015679999999974825	epochs	3.0
1391.291045725067	0.031191100000114602	epochs	2.0
1391.291045725067	0.015623600000026272	epochs	3.0
1391.306669325067	0.01556750000008833	epochs	3.0
1391.3222368250672	0.030968699999903038	epochs	2.0
1391.3222368250672	0.015511999999944237	epochs	3.0
1391.3377488250671	0.0154566999999588	epochs	3.0
1391.353205525067	0.030749499999956242	epochs	2.0
1391.353205525067	0.015401999999994587	epochs	3.0
1391.368607525067	0.015347499999961656	epochs	3.0
1391.383955025067	0.03053320000003623	epochs	2.0
1391.383955025067	0.015293400000018664	epochs	3.0
1391.399248425067	0.015239800000017567	epochs	3.0
1391.414488225067	0.030320100000153616	epochs	2.0
1391.414488225067	0.015186500000027081	epochs	3.0
1391.4296747250671	0.015133600000126535	epochs	3.0
1391.4448083250672	0.030109899999843037	epochs	2.0
1391.4448083250672	0.015081000000009226	epochs	3.0
1391.4598893250673	0.015028899999833811	epochs	3.0
1391.474918225067	0.029902500000162036	epochs	2.0
1391.474918225067	0.014977000000044427	epochs	3.0
1391.4898952250671	0.014925500000117609	epochs	3.0
1391.5048207250672	0.029698099999905025	epochs	2.0
1391.5048207250672	0.014874399999825982	epochs	3.0
1391.519695125067	0.014823700000079043	epochs	3.0
1391.5345188250672	0.029496299999891562	epochs	2.0
1391.5345188250672	0.014773200000036013	epochs	3.0
1391.5492920250672	0.014723099999855549	epochs	3.0
1391.564015125067	0.029297400000132257	epochs	2.0
1391.564015125067	0.014673399999992398	epochs	3.0
1391.578688525067	0.014624000000139858	epochs	3.0
1391.5933125250672	0.029101099999934377	epochs	2.0
1391.5933125250672	0.014574900000070556	epochs	3.0
1391.6078874250672	0.01452619999986382	epochs	3.0
1391.622413625067	0.028907399999980044	epochs	2.0
1391.622413625067	0.014477700000043114	epochs	3.0
1391.6368913250672	0.014429699999936929	epochs	3.0
1391.651321025067	0.028716199999962555	epochs	2.0
1391.651321025067	0.014381800000137446	epochs	3.0
1391.6657028250672	0.01433439999982511	epochs	3.0
1391.680037225067	0.028527600000188613	epochs	2.0
1391.680037225067	0.014287200000126177	epochs	3.0
1391.6943244250672	0.014240400000062436	epochs	3.0
1391.7085648250672	0.02834139999981744	epochs	2.0
1391.7085648250672	0.014193799999929979	epochs	3.0
1391.7227586250672	0.014147599999887461	epochs	3.0
1391.736906225067	0.028157700000065233	epochs	2.0
1391.736906225067	0.014101700000082928	epochs	3.0
1391.7510079250671	0.014055999999982305	epochs	3.0
1391.7650639250671	0.027976300000091214	epochs	2.0
1391.7650639250671	0.014010600000119666	epochs	3.0
1391.7790745250672	0.013965699999971548	epochs	3.0
1391.7930402250672	0.027797199999895383	epochs	2.0
1391.7930402250672	0.01392079999982343	epochs	3.0
1391.806961025067	0.013876400000071953	epochs	3.0
1391.820837425067	0.027620399999932488	epochs	2.0
1391.820837425067	0.013832200000024386	epochs	3.0
1391.8346696250671	0.013788199999908102	epochs	3.0
1391.848457825067	0.027445900000202528	epochs	2.0
1391.848457825067	0.01374460000010913	epochs	3.0
1391.8622024250672	0.013701300000093397	epochs	3.0
1391.8759037250672	0.027273499999864725	epochs	2.0
1391.8759037250672	0.013658199999781573	epochs	3.0
1391.889561925067	0.013615300000083153	epochs	3.0
1391.903177225067	0.027103399999987232	epochs	2.0
1391.903177225067	0.013572800000019924	epochs	3.0
1391.9167500250671	0.013530599999967308	epochs	3.0
1391.930280625067	0.02693520000002536	epochs	2.0
1391.930280625067	0.013488400000142065	epochs	3.0
1391.9437690250672	0.013446799999883297	epochs	3.0
1391.9572158250671	0.026769199999989723	epochs	2.0
1391.9572158250671	0.013405200000079276	epochs	3.0
1391.9706210250672	0.013363999999910448	epochs	3.0
1391.983985025067	0.026605199999949036	epochs	2.0
1391.983985025067	0.013322900000048321	epochs	3.0
1391.9973079250672	0.013282299999900715	epochs	3.0
1392.010590225067	0.026443200000130673	epochs	2.0
1392.010590225067	0.013241699999980483	epochs	3.0
1392.023831925067	0.01320150000015019	epochs	3.0
1392.0370334250672	0.026283199999852513	epochs	2.0
1392.0370334250672	0.013161500000023807	epochs	3.0
1392.0501949250672	0.013121699999828706	epochs	3.0
1392.063316625067	0.02612500000009277	epochs	2.0
1392.063316625067	0.013082100000019636	epochs	3.0
1392.076398725067	0.013042900000073132	epochs	3.0
1392.0894416250671	0.025968899999952555	epochs	2.0
1392.0894416250671	0.01300390000005791	epochs	3.0
1392.1024455250672	0.012964999999894644	epochs	3.0
1392.115410525067	0.025814500000024054	epochs	2.0
1392.115410525067	0.012926399999969362	epochs	3.0
1392.128336925067	0.012888100000054692	epochs	3.0
1392.1412250250671	0.025661899999931848	epochs	2.0
1392.1412250250671	0.012849899999991976	epochs	3.0
1392.154074925067	0.012811999999939871	epochs	3.0
1392.166886925067	0.025511199999982637	epochs	2.0
1392.166886925067	0.012774400000125752	epochs	3.0
1392.1796613250672	0.012736799999856885	epochs	3.0
1392.192398125067	0.025362300000097093	epochs	2.0
1392.192398125067	0.012699700000212033	epochs	3.0
1392.2050978250672	0.01266259999988506	epochs	3.0
1392.2177604250671	0.02521500000011656	epochs	2.0
1392.2177604250671	0.012625800000023446	epochs	3.0
1392.2303862250672	0.012589200000093115	epochs	3.0
1392.2429754250672	0.024584799999956886	epochs	2.0
1392.2662916250672	0.5	epochs	-1.0
1392.2675602250672	0.5011999999999261	epochs	1.0
1392.7687602250671	0.49872000000004846	epochs	0.0
1394.063000202179	0.17856000000006134	epochs	0.0
1394.063000202179	0.08428030000004583	epochs	1.0
1394.147280502179	0.009999399999969683	epochs	1.0
1394.157279902179	0.08428030000004583	epochs	1.0
1394.241560202179	2.0	epochs	0.0
1396.241560202179	5.361120000000028	epochs	0.0
1396.241560202179	1.0	epochs	1.0
1396.241571602179	0.5	epochs	-1.0
1396.741571602179	4.86110860000008	epochs	-1.0
1397.241560202179	4.361120000000028	epochs	1.0
1397.241560202179	4.3567538999998305	epochs	-1.0
1397.241560202179	1.9745871999998599	epochs	2.0
1397.241560202179	1.098562199999833	epochs	3.0
1398.3401224021788	0.8760250000000269	epochs	3.0
1399.2161474021789	1.3524075000000266	epochs	2.0
1399.2161474021789	0.7286355000001095	epochs	3.0
1399.944782902179	0.6237719999999172	epochs	3.0
1400.568554902179	1.029759199999944	epochs	2.0
1400.568554902179	0.5453293000000485	epochs	3.0
1401.113884202179	0.4844298999998955	epochs	3.0
1401.5983141021788	0.004366100000197548	epochs	2.0
1401.5983141021788	0.004366100000197548	epochs	3.0
1401.602680202179	16.638799999999947	epochs	0.0
1402.8740000724792	0.17856000000006134	epochs	0.0
1402.8740000724792	0.08428030000004583	epochs	1.0
1402.9582803724793	0.009999399999969683	epochs	1.0
1402.9682797724793	0.08428030000004583	epochs	1.0
1403.0525600724793	2.0	epochs	0.0
1405.0525600724793	5.362079999999878	epochs	0.0
1405.0525600724793	1.0	epochs	1.0
1405.0525714724793	0.5	epochs	-1.0
1405.5525714724793	4.86206859999993	epochs	-1.0
1406.0525600724793	4.362079999999878	epochs	1.0
1406.0525600724793	4.3567538999998305	epochs	-1.0
1406.0525600724793	1.9745871999998599	epochs	2.0
1406.0525600724793	1.098562199999833	epochs	3.0
1407.1511222724791	0.8760250000000269	epochs	3.0
1408.0271472724792	1.3524075000000266	epochs	2.0
1408.0271472724792	0.7286355000001095	epochs	3.0
1408.7557827724793	0.6237719999999172	epochs	3.0
1409.3795547724792	1.029759199999944	epochs	2.0
1409.3795547724792	0.5453293000000485	epochs	3.0
1409.9248840724792	0.4844298999998955	epochs	3.0
1410.4093139724791	0.005326100000047518	epochs	2.0
1410.4093139724791	0.005326100000047518	epochs	3.0
1410.4146400724792	16.637840000000097	epochs	0.0
1411.6940002441406	0.17856000000006134	epochs	0.0
1411.6940002441406	0.08428030000004583	epochs	1.0
1411.7782805441407	0.009999399999969683	epochs	1.0
1411.7882799441406	0.08428030000004583	epochs	1.0
1411.8725602441407	2.0	epochs	0.0
1413.8725602441407	21.54119999999989	epochs	0.0
1413.8725602441407	1.0	epochs	1.0
1413.8725716441406	0.5	epochs	-1.0
1414.3725716441406	19.998800000000074	epochs	-1.0
1414.8725602441407	20.0	epochs	1.0
1414.8725602441407	4.3567538999998305	epochs	-1.0
1414.8725602441407	1.9745871999998599	epochs	2.0
1414.8725602441407	1.098562199999833	epochs	3.0
1415.9711224441405	0.8760250000000269	epochs	3.0
1416.8471474441405	1.3524075000000266	epochs	2.0
1416.8471474441405	0.7286355000001095	epochs	3.0
1417.5757829441407	0.6237719999999172	epochs	3.0
1418.1995549441406	1.029759199999944	epochs	2.0
1418.1995549441406	0.5453293000000485	epochs	3.0
1418.7448842441406	0.4844298999998955	epochs	3.0
1419.2293141441405	0.8317862000001242	epochs	2.0
1419.2293141441405	0.4357763000000432	epochs	3.0
1419.6650904441406	0.39600990000008096	epochs	3.0
1420.0611003441406	0.6977970000000369	epochs	2.0
1420.0611003441406	0.3628982000000178	epochs	3.0
1420.4239985441407	0.33489880000001904	epochs	3.0
1420.7588973441407	0.601045699999986	epochs	2.0
1420.7588973441407	0.3109122999999272	epochs	3.0
1421.0698096441406	0.2901334000000588	epochs	3.0
1421.3599430441407	0.5278859000000011	epochs	2.0
1421.3599430441407	0.2719586000000618	epochs	3.0
1421.6319016441407	0.25592729999993935	epochs	3.0
1421.8878289441407	0.470619299999953	epochs	2.0
1421.8878289441407	0.241681299999982	epochs	3.0
1422.1295102441406	0.228937999999971	epochs	3.0
1422.3584482441406	0.42457039999999324	epochs	2.0
1422.3584482441406	0.21747140000002219	epochs	3.0
1422.5759196441406	0.20709899999997106	epochs	3.0
1422.7830186441406	0.3867353999999068	epochs	2.0
1422.7830186441406	0.19767109999997956	epochs	3.0
1422.9806897441406	0.18906429999992724	epochs	3.0
1423.1697540441405	0.35509530000013	epochs	2.0
1423.1697540441405	0.18117590000019845	epochs	3.0
1423.3509299441407	0.17391939999993156	epochs	3.0
1423.5248493441406	0.3282431000000088	epochs	2.0
1423.5248493441406	0.16722189999995862	epochs	3.0
1423.6920712441406	0.16102120000005016	epochs	3.0
1423.8530924441407	0.3051679999998669	epochs	2.0
1423.8530924441407	0.15526389999990897	epochs	3.0
1424.0083563441406	0.1499040999999579	epochs	3.0
1424.1582604441405	0.28512530000011793	epochs	2.0
1424.1582604441405	0.1449021000000812	epochs	3.0
1424.3031625441406	0.14022320000003674	epochs	3.0
1424.4433857441406	0.267553800000087	epochs	2.0
1424.4433857441406	0.1358368999999584	epochs	3.0
1424.5792226441406	0.1317169000001286	epochs	3.0
1424.7109395441407	0.252022899999929	epochs	2.0
1424.7109395441407	0.1278393000000051	epochs	3.0
1424.8387788441407	0.1241835999999239	epochs	3.0
1424.9629624441407	0.23819649999995818	epochs	2.0
1424.9629624441407	0.12073110000005727	epochs	3.0
1425.0836935441407	0.11746539999990091	epochs	3.0
1425.2011589441406	0.2258088000000953	epochs	2.0
1425.2011589441406	0.1143718999999237	epochs	3.0
1425.3155308441405	0.11143690000017159	epochs	3.0
1425.4269677441407	0.21464599999990241	epochs	2.0
1425.4269677441407	0.10864889999993466	epochs	3.0
1425.5356166441406	0.10599709999996776	epochs	3.0
1425.6416137441406	0.20453500000007807	epochs	2.0
1425.6416137441406	0.10347150000006877	epochs	3.0
1425.7450852441407	0.1010635000000093	epochs	3.0
1425.8461487441407	0.19533400000000256	epochs	2.0
1425.8461487441407	0.09876510000003691	epochs	3.0
1425.9449138441407	0.09656889999996565	epochs	3.0
1426.0414827441407	0.18692529999998442	epochs	2.0
1426.0414827441407	0.09446830000001682	epochs	3.0
1426.1359510441407	0.09245699999996759	epochs	3.0
1426.2284080441407	0.17921069999988504	epochs	2.0
1426.2284080441407	0.09052959999985433	epochs	3.0
1426.3189376441405	0.08868110000003071	epochs	3.0
1426.4076187441406	0.17210769999996955	epochs	2.0
1426.4076187441406	0.08690630000000965	epochs	3.0
1426.4945250441406	0.0852013999999599	epochs	3.0
1426.5797264441405	0.16554640000003928	epochs	2.0
1426.5797264441405	0.08356190000017705	epochs	3.0
1426.6632883441407	0.08198449999986224	epochs	3.0
1426.7452728441406	0.15946710000002895	epochs	2.0
1426.7452728441406	0.08046540000009372	epochs	3.0
1426.8257382441407	0.07900169999993523	epochs	3.0
1426.9047399441406	0.15381840000009106	epochs	2.0
1426.9047399441406	0.07759009999995214	epochs	3.0
1426.9823300441406	0.07622830000013892	epochs	3.0
1427.0585583441407	0.14855639999996129	epochs	2.0
1427.0585583441407	0.07491329999993468	epochs	3.0
1427.1334716441406	0.0736431000000266	epochs	3.0
1427.2071147441407	0.1436423999998624	epochs	2.0
1427.2071147441407	0.07241499999986445	epochs	3.0
1427.2795297441405	0.07122739999999794	epochs	3.0
1427.3507571441405	0.13904310000020814	epochs	2.0
1427.3507571441405	0.07007800000019415	epochs	3.0
1427.4208351441407	0.06896510000001399	epochs	3.0
1427.4898002441407	0.13472929999988992	epochs	2.0
1427.4898002441407	0.0678871000000072	epochs	3.0
1427.5576873441407	0.06684219999988272	epochs	3.0
1427.6245295441406	0.1306752000000415	epochs	2.0
1427.6245295441406	0.06582909999997355	epochs	3.0
1427.6903586441406	0.06484610000006796	epochs	3.0
1427.7552047441407	0.1268577999999252	epochs	2.0
1427.7552047441407	0.06389199999989614	epochs	3.0
1427.8190967441406	0.06296580000002905	epochs	3.0
1427.8820625441406	0.12325720000012552	epochs	2.0
1427.8820625441406	0.06206580000002759	epochs	3.0
1427.9441283441406	0.06119140000009793	epochs	3.0
1428.0053197441407	0.11985540000000583	epochs	2.0
1428.0053197441407	0.060341099999959624	epochs	3.0
1428.0656608441407	0.059514300000046205	epochs	3.0
1428.1251751441407	0.1166361999999026	epochs	2.0
1428.1251751441407	0.058709599999929196	epochs	3.0
1428.1838847441406	0.057926599999973405	epochs	3.0
1428.2418113441406	0.11358560000007856	epochs	2.0
1428.2418113441406	0.05716419999998834	epochs	3.0
1428.2989755441406	0.056421400000090216	epochs	3.0
1428.3553969441407	0.11069049999991876	epochs	2.0
1428.3553969441407	0.055697900000041045	epochs	3.0
1428.4110948441407	0.05499259999987771	epochs	3.0
1428.4660874441406	0.1079391000000669	epochs	2.0
1428.4660874441406	0.05430490000003374	epochs	3.0
1428.5203923441406	0.05363420000003316	epochs	3.0
1428.5740265441407	0.10532149999994544	epochs	2.0
1428.5740265441407	0.05297999999993408	epochs	3.0
1428.6270065441406	0.052341500000011365	epochs	3.0
1428.6793480441406	0.10282759999995505	epochs	2.0
1428.6793480441406	0.05171810000001642	epochs	3.0
1428.7310661441406	0.051109499999938635	epochs	3.0
1428.7821756441406	0.10044910000010532	epochs	2.0
1428.7821756441406	0.050514900000052876	epochs	3.0
1428.8326905441406	0.04993420000005244	epochs	3.0
1428.8826247441407	0.0981782999999723	epochs	2.0
1428.8826247441407	0.04936659999998483	epochs	3.0
1428.9319913441407	0.04881169999998747	epochs	3.0
1428.9808030441407	0.09600780000005216	epochs	2.0
1428.9808030441407	0.04826920000004975	epochs	3.0
1429.0290722441407	0.04773860000000241	epochs	3.0
1429.0768108441407	0.09393119999981536	epochs	2.0
1429.0768108441407	0.04721949999998287	epochs	3.0
1429.1240303441407	0.04671169999983249	epochs	3.0
1429.1707420441405	0.09194260000003851	epochs	2.0
1429.1707420441405	0.04621460000021216	epochs	3.0
1429.2169566441407	0.04572799999982635	epochs	3.0
1429.2626846441406	0.09003630000006524	epochs	2.0
1429.2626846441406	0.045251499999949374	epochs	3.0
1429.3079361441405	0.044784800000115865	epochs	3.0
1429.3527209441406	0.08820760000003247	epochs	2.0
1429.3527209441406	0.044327800000019124	epochs	3.0
1429.3970487441406	0.04387980000001335	epochs	3.0
1429.4409285441407	0.0864516999999978	epochs	2.0
1429.4409285441407	0.04344100000002982	epochs	3.0
1429.4843695441407	0.04301069999996798	epochs	3.0
1429.5273802441407	0.08476429999996071	epochs	2.0
1429.5273802441407	0.04258899999990717	epochs	3.0
1429.5699692441406	0.04217530000005354	epochs	3.0
1429.6121445441406	0.08314150000001064	epochs	2.0
1429.6121445441406	0.04176970000003166	epochs	3.0
1429.6539142441407	0.041371799999978975	epochs	3.0
1429.6952860441406	0.08157970000002024	epochs	2.0
1429.6952860441406	0.040981399999964196	epochs	3.0
1429.7362674441406	0.04059830000005604	epochs	3.0
1429.7768657441407	0.08007550000002084	epochs	2.0
1429.7768657441407	0.04022229999986848	epochs	3.0
1429.8170880441405	0.039853200000152356	epochs	3.0
1429.8569412441407	0.07862569999997504	epochs	2.0
1429.8569412441407	0.03949079999983951	epochs	3.0
1429.8964320441405	0.03913490000013553	epochs	3.0
1429.9355669441406	0.07722760000001472	epochs	2.0
1429.9355669441406	0.038785400000051595	epochs	3.0
1429.9743523441407	0.03844219999996312	epochs	3.0
1430.0127945441407	0.07587820000003376	epochs	2.0
1430.0127945441407	0.03810479999992822	epochs	3.0
1430.0508993441406	0.03777340000010554	epochs	3.0
1430.0886727441407	0.0745752000000266	epochs	2.0
1430.0886727441407	0.03744770000002973	epochs	3.0
1430.1261204441407	0.03712749999999687	epochs	3.0
1430.1632479441407	0.07331629999998768	epochs	2.0
1430.1632479441407	0.03681289999985893	epochs	3.0
1430.2000608441406	0.03650340000012875	epochs	3.0
1430.2365642441407	0.07209899999998015	epochs	2.0
1430.2365642441407	0.03619909999997617	epochs	3.0
1430.2727633441407	0.03589990000000398	epochs	3.0
1430.3086632441407	0.07092169999987163	epochs	2.0
1430.3086632441407	0.035605599999826154	epochs	3.0
1430.3442688441405	0.03531610000004548	epochs	3.0
1430.3795849441406	0.06978200000003199	epochs	2.0
1430.3795849441406	0.03503120000004856	epochs	3.0
1430.4146161441406	0.03475079999998343	epochs	3.0
1430.4493669441406	0.06867860000011206	epochs	2.0
1430.4493669441406	0.03447510000000875	epochs	3.0
1430.4838420441406	0.034203500000103304	epochs	3.0
1430.5180455441407	0.06760929999995824	epochs	2.0
1430.5180455441407	0.033936199999970995	epochs	3.0
1430.5519817441407	0.033673099999987244	epochs	3.0
1430.5856548441407	0.06657289999998284	epochs	2.0
1430.5856548441407	0.03341399999999339	epochs	3.0
1430.6190688441407	0.033158899999989444	epochs	3.0
1430.6522277441406	0.06556780000005347	epochs	2.0
1430.6522277441406	0.03290769999989607	epochs	3.0
1430.6851354441405	0.0326601000001574	epochs	3.0
1430.7177955441407	0.06459259999996902	epochs	2.0
1430.7177955441407	0.03241639999987456	epochs	3.0
1430.7502119441406	0.03217620000009447	epochs	3.0
1430.7823881441407	0.06364600000006249	epochs	2.0
1430.7823881441407	0.03193959999998697	epochs	3.0
1430.8143277441407	0.03170640000007552	epochs	3.0
1430.8460341441407	0.0627266999999847	epochs	2.0
1430.8460341441407	0.031476599999905375	epochs	3.0
1430.8775107441406	0.03125010000007933	epochs	3.0
1430.9087608441407	0.06183359999999993	epochs	2.0
1430.9087608441407	0.03102689999991526	epochs	3.0
1430.9397877441406	0.030806700000084675	epochs	3.0
1430.9705944441407	0.060965599999917686	epochs	2.0
1430.9705944441407	0.030589799999916067	epochs	3.0
1431.0011842441406	0.030375800000001618	epochs	3.0
1431.0315600441406	0.06012160000000222	epochs	2.0
1431.0315600441406	0.030164900000045236	epochs	3.0
1431.0617249441407	0.02995669999995698	epochs	3.0
1431.0916816441406	0.05930069999999432	epochs	2.0
1431.0916816441406	0.029751600000054168	epochs	3.0
1431.1214332441407	0.029549099999940154	epochs	3.0
1431.1509823441406	0.05850179999993088	epochs	2.0
1431.1509823441406	0.02934940000000097	epochs	3.0
1431.1803317441406	0.029152399999929912	epochs	3.0
1431.2094841441406	0.05772420000016609	epochs	2.0
1431.2094841441406	0.028958000000102402	epochs	3.0
1431.2384421441407	0.02876620000006369	epochs	3.0
1431.2672083441407	0.056967099999837956	epochs	2.0
1431.2672083441407	0.02857699999981378	epochs	3.0
1431.2957853441405	0.028390100000024177	epochs	3.0
1431.3241754441406	0.05622949999997218	epochs	2.0
1431.3241754441406	0.02820570000017142	epochs	3.0
1431.3523811441407	0.028023799999800758	epochs	3.0
1431.3804049441405	0.05551070000001346	epochs	2.0
1431.3804049441405	0.027844000000186497	epochs	3.0
1431.4082489441407	0.02766669999982696	epochs	3.0
1431.4359156441406	0.054810200000019904	epochs	2.0
1431.4359156441406	0.02749149999999645	epochs	3.0
1431.4634071441405	0.027318700000023455	epochs	3.0
1431.4907258441406	0.05412700000010773	epochs	2.0
1431.4907258441406	0.027147799999966082	epochs	3.0
1431.5178736441405	0.026979200000141645	epochs	3.0
1431.5448528441407	0.053460699999959616	epochs	2.0
1431.5448528441407	0.02681259999985741	epochs	3.0
1431.5716654441405	0.026648100000102204	epochs	3.0
1431.5983135441406	0.05281070000000909	epochs	2.0
1431.5983135441406	0.0264855999998872	epochs	3.0
1431.6247991441405	0.026325100000121893	epochs	3.0
1431.6511242441406	0.05217620000007628	epochs	2.0
1431.6511242441406	0.026166399999965506	epochs	3.0
1431.6772906441406	0.026009800000110772	epochs	3.0
1431.7033004441407	0.051556699999991906	epochs	2.0
1431.7033004441407	0.025854799999933675	epochs	3.0
1431.7291552441407	0.02570190000005823	epochs	3.0
1431.7548571441407	0.05095189999997274	epochs	2.0
1431.7548571441407	0.025550699999939752	epochs	3.0
1431.7804078441407	0.025401200000032986	epochs	3.0
1431.8058090441407	0.050360999999838896	epochs	2.0
1431.8058090441407	0.025253499999962514	epochs	3.0
1431.8310625441407	0.02510749999987638	epochs	3.0
1431.8561700441405	0.04978380000011384	epochs	2.0
1431.8561700441405	0.02496320000000196	epochs	3.0
1431.8811332441405	0.02482060000011188	epochs	3.0
1431.9059538441406	0.04921949999993558	epochs	2.0
1431.9059538441406	0.024679399999968155	epochs	3.0
1431.9306332441406	0.024540099999967424	epochs	3.0
1431.9551733441406	0.04866790000005494	epochs	2.0
1431.9551733441406	0.024402100000088467	epochs	3.0
1431.9795754441407	0.024265799999966475	epochs	3.0
1432.0038412441406	0.048128599999927246	epochs	2.0
1432.0038412441406	0.02413099999989754	epochs	3.0
1432.0279722441405	0.023997600000029706	epochs	3.0
1432.0519698441406	0.047601100000065344	epochs	2.0
1432.0519698441406	0.023865800000066884	epochs	3.0
1432.0758356441406	0.02373529999999846	epochs	3.0
1432.0995709441406	0.04708499999992455	epochs	2.0
1432.0995709441406	0.023606299999983094	epochs	3.0
1432.1231772441406	0.023478699999941455	epochs	3.0
1432.1466559441405	0.04658000000017637	epochs	2.0
1432.1466559441405	0.023352500000100918	epochs	3.0
1432.1700084441406	0.02322750000007545	epochs	3.0
1432.1932359441407	0.04608569999982137	epochs	2.0
1432.1932359441407	0.02310399999987567	epochs	3.0
1432.2163399441406	0.022981699999945704	epochs	3.0
1432.2393216441405	0.045601799999985815	epochs	2.0
1432.2393216441405	0.022860700000137513	epochs	3.0
1432.2621823441407	0.022741099999848302	epochs	3.0
1432.2849234441405	0.04512790000012501	epochs	2.0
1432.2849234441405	0.022622500000125	epochs	3.0
1432.3075459441407	0.02250540000000001	epochs	3.0
1432.3300513441407	0.0446638000000803	epochs	2.0
1432.3300513441407	0.02238929999998618	epochs	3.0
1432.3524406441406	0.022274500000094122	epochs	3.0
1432.3747151441407	0.044209199999841076	epochs	2.0
1432.3747151441407	0.022160799999937808	epochs	3.0
1432.3968759441407	0.022048399999903268	epochs	3.0
1432.4189243441406	0.04376360000014756	epochs	2.0
1432.4189243441406	0.021936900000127935	epochs	3.0
1432.4408612441407	0.021826700000019628	epochs	3.0
1432.4626879441407	0.04332709999994222	epochs	2.0
1432.4626879441407	0.021717599999874437	epochs	3.0
1432.4844055441406	0.021609500000067783	epochs	3.0
1432.5060150441407	0.04289900000003399	epochs	2.0
1432.5060150441407	0.02150249999999687	epochs	3.0
1432.5275175441407	0.021396500000037122	epochs	3.0
1432.5489140441407	0.04247949999989942	epochs	2.0
1432.5489140441407	0.021291699999892444	epochs	3.0
1432.5702057441406	0.021187800000006973	epochs	3.0
1432.5913935441406	0.04206790000012006	epochs	2.0
1432.5913935441406	0.02108490000000529	epochs	3.0
1432.6124784441406	0.02098300000011477	epochs	3.0
1432.6334614441407	0.04166439999994509	epochs	2.0
1432.6334614441407	0.020882199999959994	epochs	3.0
1432.6543436441407	0.020782199999985096	epochs	3.0
1432.6751258441407	0.041268499999887354	epochs	2.0
1432.6751258441407	0.020683299999973315	epochs	3.0
1432.6958091441406	0.02058519999991404	epochs	3.0
1432.7163943441406	0.04088000000001557	epochs	2.0
1432.7163943441406	0.020488099999965925	epochs	3.0
1432.7368824441405	0.020391900000049645	epochs	3.0
1432.7572743441406	0.04049880000002304	epochs	2.0
1432.7572743441406	0.0202966000001652	epochs	3.0
1432.7775709441407	0.02020219999985784	epochs	3.0
1432.7977731441406	0.04012460000012652	epochs	2.0
1432.7977731441406	0.02010870000003706	epochs	3.0
1432.8178818441406	0.02001590000008946	epochs	3.0
1432.8378977441407	0.03975730000001931	epochs	2.0
1432.8378977441407	0.0199241999998776	epochs	3.0
1432.8578219441406	0.019833100000141712	epochs	3.0
1432.8776550441407	0.03939669999999751	epochs	2.0
1432.8776550441407	0.019742999999834865	epochs	3.0
1432.8973980441406	0.019653700000162644	epochs	3.0
1432.9170517441407	0.03904239999997117	epochs	2.0
1432.9170517441407	0.019565099999908853	epochs	3.0
1432.9366168441406	0.019477300000062314	epochs	3.0
1432.9560941441407	0.03869459999987157	epochs	2.0
1432.9560941441407	0.019390400000020236	epochs	3.0
1432.9754845441407	0.019304199999851335	epochs	3.0
1432.9947887441406	0.03835290000006353	epochs	2.0
1432.9947887441406	0.019218800000089686	epochs	3.0
1433.0140075441407	0.01913409999997384	epochs	3.0
1433.0331416441406	0.03801720000001296	epochs	2.0
1433.0331416441406	0.019050200000037876	epochs	3.0
1433.0521918441407	0.018966999999975087	epochs	3.0
1433.0711588441407	0.03768719999993664	epochs	2.0
1433.0711588441407	0.01888450000001285	epochs	3.0
1433.0900433441407	0.01880269999992379	epochs	3.0
1433.1088460441406	0.03736309999999321	epochs	2.0
1433.1088460441406	0.018721700000014607	epochs	3.0
1433.1275677441406	0.018641399999978603	epochs	3.0
1433.1462091441406	0.03704429999993408	epochs	2.0
1433.1462091441406	0.018561600000111866	epochs	3.0
1433.1647707441407	0.018482699999822216	epochs	3.0
1433.1832534441405	0.036731000000145286	epochs	2.0
1433.1832534441405	0.01840430000015658	epochs	3.0
1433.2016577441407	0.018326699999988705	epochs	3.0
1433.2199844441407	0.03642289999993409	epochs	2.0
1433.2199844441407	0.018249599999990096	epochs	3.0
1433.2382340441407	0.018173299999943993	epochs	3.0
1433.2564073441406	0.03612010000006194	epochs	2.0
1433.2564073441406	0.01809759999991911	epochs	3.0
1433.2745049441405	0.018022500000142827	epochs	3.0
1433.2925274441407	0.03582209999990482	epochs	2.0
1433.2925274441407	0.01794789999985369	epochs	3.0
1433.3104753441405	0.017874200000051133	epochs	3.0
1433.3283495441406	0.03552899999999681	epochs	2.0
1433.3283495441406	0.017800800000031813	epochs	3.0
1433.3461503441406	0.017728199999965	epochs	3.0
1433.3638785441406	0.03524070000003121	epochs	2.0
1433.3638785441406	0.017656100000067454	epochs	3.0
1433.3815346441406	0.017584599999963757	epochs	3.0
1433.3991192441406	0.03495709999992869	epochs	2.0
1433.3991192441406	0.017513700000108656	epochs	3.0
1433.4166329441407	0.01744339999982003	epochs	3.0
1433.4340763441405	0.03467790000013338	epochs	2.0
1433.4340763441405	0.01737360000015542	epochs	3.0
1433.4514499441407	0.017304299999977957	epochs	3.0
1433.4687542441407	0.03440329999989444	epochs	2.0
1433.4687542441407	0.017235699999901044	epochs	3.0
1433.4859899441406	0.0171675999999934	epochs	3.0
1433.5031575441405	0.034132800000179486	epochs	2.0
1433.5031575441405	0.017099900000175694	epochs	3.0
1433.5202574441407	0.017032900000003792	epochs	3.0
1433.5372903441407	0.03386669999986225	epochs	2.0
1433.5372903441407	0.01696640000000116	epochs	3.0
1433.5542567441407	0.01690029999986109	epochs	3.0
1433.5711570441406	0.03360459999998966	epochs	2.0
1433.5711570441406	0.01683479999996962	epochs	3.0
1433.5879918441406	0.01676980000002004	epochs	3.0
1433.6047616441406	0.033346599999958926	epochs	2.0
1433.6047616441406	0.016705300000012357	epochs	3.0
1433.6214669441406	0.01664129999994657	epochs	3.0
1433.6381082441405	0.03309250000006614	epochs	2.0
1433.6381082441405	0.016577800000050047	epochs	3.0
1433.6546860441406	0.01651470000001609	epochs	3.0
1433.6712007441406	0.032842300000083924	epochs	2.0
1433.6712007441406	0.01645220000000336	epochs	3.0
1433.6876529441406	0.016390100000080565	epochs	3.0
1433.7040430441407	0.03259570000000167	epochs	2.0
1433.7040430441407	0.016328400000020338	epochs	3.0
1433.7203714441407	0.016267299999981333	epochs	3.0
1433.7366387441407	0.032352899999978035	epochs	2.0
1433.7366387441407	0.016206600000032267	epochs	3.0
1433.7528453441407	0.016146299999945768	epochs	3.0
1433.7689916441407	0.03211369999985436	epochs	2.0
1433.7689916441407	0.01608659999988049	epochs	3.0
1433.7850782441405	0.01602709999997387	epochs	3.0
1433.8011053441405	0.03187800000000607	epochs	2.0
1433.8011053441405	0.015968200000088473	epochs	3.0
1433.8170735441406	0.015909799999917595	epochs	3.0
1433.8329833441405	0.03164570000012645	epochs	2.0
1433.8329833441405	0.01585160000013275	epochs	3.0
1433.8488349441407	0.015794099999993705	epochs	3.0
1433.8646290441407	0.031416699999908815	epochs	2.0
1433.8646290441407	0.01573669999993399	epochs	3.0
1433.8803657441406	0.015679999999974825	epochs	3.0
1433.8960457441406	0.031191100000114602	epochs	2.0
1433.8960457441406	0.015623600000026272	epochs	3.0
1433.9116693441406	0.01556750000008833	epochs	3.0
1433.9272368441407	0.030968699999903038	epochs	2.0
1433.9272368441407	0.015511999999944237	epochs	3.0
1433.9427488441406	0.0154566999999588	epochs	3.0
1433.9582055441406	0.030749499999956242	epochs	2.0
1433.9582055441406	0.015401999999994587	epochs	3.0
1433.9736075441406	0.015347499999961656	epochs	3.0
1433.9889550441405	0.03053320000003623	epochs	2.0
1433.9889550441405	0.015293400000018664	epochs	3.0
1434.0042484441406	0.015239800000017567	epochs	3.0
1434.0194882441406	0.030320100000153616	epochs	2.0
1434.0194882441406	0.015186500000027081	epochs	3.0
1434.0346747441406	0.015133600000126535	epochs	3.0
1434.0498083441407	0.030109899999843037	epochs	2.0
1434.0498083441407	0.015081000000009226	epochs	3.0
1434.0648893441407	0.015028899999833811	epochs	3.0
1434.0799182441406	0.029902500000162036	epochs	2.0
1434.0799182441406	0.014977000000044427	epochs	3.0
1434.0948952441406	0.014925500000117609	epochs	3.0
1434.1098207441407	0.029698099999905025	epochs	2.0
1434.1098207441407	0.014874399999825982	epochs	3.0
1434.1246951441406	0.014823700000079043	epochs	3.0
1434.1395188441406	0.029496299999891562	epochs	2.0
1434.1395188441406	0.014773200000036013	epochs	3.0
1434.1542920441407	0.014723099999855549	epochs	3.0
1434.1690151441405	0.029297400000132257	epochs	2.0
1434.1690151441405	0.014673399999992398	epochs	3.0
1434.1836885441405	0.014624000000139858	epochs	3.0
1434.1983125441407	0.029101099999934377	epochs	2.0
1434.1983125441407	0.014574900000070556	epochs	3.0
1434.2128874441407	0.01452619999986382	epochs	3.0
1434.2274136441406	0.028907399999980044	epochs	2.0
1434.2274136441406	0.014477700000043114	epochs	3.0
1434.2418913441406	0.014429699999936929	epochs	3.0
1434.2563210441406	0.028716199999962555	epochs	2.0
1434.2563210441406	0.014381800000137446	epochs	3.0
1434.2707028441407	0.01433439999982511	epochs	3.0
1434.2850372441405	0.028527600000188613	epochs	2.0
1434.2850372441405	0.014287200000126177	epochs	3.0
1434.2993244441407	0.014240400000062436	epochs	3.0
1434.3135648441407	0.02834139999981744	epochs	2.0
1434.3135648441407	0.014193799999929979	epochs	3.0
1434.3277586441407	0.014147599999887461	epochs	3.0
1434.3419062441405	0.028157700000065233	epochs	2.0
1434.3419062441405	0.014101700000082928	epochs	3.0
1434.3560079441406	0.014055999999982305	epochs	3.0
1434.3700639441406	0.027976300000091214	epochs	2.0
1434.3700639441406	0.014010600000119666	epochs	3.0
1434.3840745441407	0.013965699999971548	epochs	3.0
1434.3980402441407	0.027797199999895383	epochs	2.0
1434.3980402441407	0.01392079999982343	epochs	3.0
1434.4119610441405	0.013876400000071953	epochs	3.0
1434.4258374441406	0.027620399999932488	epochs	2.0
1434.4258374441406	0.013832200000024386	epochs	3.0
1434.4396696441406	0.013788199999908102	epochs	3.0
1434.4534578441405	0.027445900000202528	epochs	2.0
1434.4534578441405	0.01374460000010913	epochs	3.0
1434.4672024441406	0.013701300000093397	epochs	3.0
1434.4809037441407	0.027273499999864725	epochs	2.0
1434.4809037441407	0.013658199999781573	epochs	3.0
1434.4945619441405	0.013615300000083153	epochs	3.0
1434.5081772441406	0.027103399999987232	epochs	2.0
1434.5081772441406	0.013572800000019924	epochs	3.0
1434.5217500441406	0.013530599999967308	epochs	3.0
1434.5352806441406	0.02693520000002536	epochs	2.0
1434.5352806441406	0.013488400000142065	epochs	3.0
1434.5487690441407	0.013446799999883297	epochs	3.0
1434.5622158441406	0.026769199999989723	epochs	2.0
1434.5622158441406	0.013405200000079276	epochs	3.0
1434.5756210441407	0.013363999999910448	epochs	3.0
1434.5889850441406	0.026605199999949036	epochs	2.0
1434.5889850441406	0.013322900000048321	epochs	3.0
1434.6023079441406	0.013282299999900715	epochs	3.0
1434.6155902441405	0.026443200000130673	epochs	2.0
1434.6155902441405	0.013241699999980483	epochs	3.0
1434.6288319441405	0.01320150000015019	epochs	3.0
1434.6420334441407	0.026283199999852513	epochs	2.0
1434.6420334441407	0.013161500000023807	epochs	3.0
1434.6551949441407	0.013121699999828706	epochs	3.0
1434.6683166441405	0.02612500000009277	epochs	2.0
1434.6683166441405	0.013082100000019636	epochs	3.0
1434.6813987441406	0.013042900000073132	epochs	3.0
1434.6944416441406	0.025968899999952555	epochs	2.0
1434.6944416441406	0.01300390000005791	epochs	3.0
1434.7074455441407	0.012964999999894644	epochs	3.0
1434.7204105441406	0.025814500000024054	epochs	2.0
1434.7204105441406	0.012926399999969362	epochs	3.0
1434.7333369441405	0.012888100000054692	epochs	3.0
1434.7462250441406	0.025661899999931848	epochs	2.0
1434.7462250441406	0.012849899999991976	epochs	3.0
1434.7590749441406	0.012811999999939871	epochs	3.0
1434.7718869441405	0.025511199999982637	epochs	2.0
1434.7718869441405	0.012774400000125752	epochs	3.0
1434.7846613441407	0.012736799999856885	epochs	3.0
1434.7973981441405	0.025362300000097093	epochs	2.0
1434.7973981441405	0.012699700000212033	epochs	3.0
1434.8100978441407	0.01266259999988506	epochs	3.0
1434.8227604441406	0.02521500000011656	epochs	2.0
1434.8227604441406	0.012625800000023446	epochs	3.0
1434.8353862441406	0.012589200000093115	epochs	3.0
1434.8479754441407	0.024584799999956886	epochs	2.0
1434.8713716441407	0.5	epochs	-1.0
1434.8725602441407	0.5411999999998898	epochs	1.0
1435.4137602441406	0.45872000000008484	epochs	0.0
1436.7220001220703	0.17856000000006134	epochs	0.0
1436.7220001220703	0.08428030000004583	epochs	1.0
1436.8062804220704	0.009999399999969683	epochs	1.0
1436.8162798220703	0.08428030000004583	epochs	1.0
1436.9005601220704	2.0	epochs	0.0
1438.9005601220704	0.5210399999998572	epochs	0.0
1438.9005601220704	0.5210399999998572	epochs	1.0
1438.9005715220703	0.5	epochs	-1.0
1439.4005715220703	0.021028599999908693	epochs	-1.0
1439.4216001220702	21.478880000000117	epochs	0.0
1440.7450003623962	0.17856000000006134	epochs	0.0
1440.7450003623962	0.08428030000004583	epochs	1.0
1440.8292806623963	0.009999399999969683	epochs	1.0
1440.8392800623963	0.08428030000004583	epochs	1.0
1440.9235603623963	2.0	epochs	0.0
1442.9235603623963	21.54119999999989	epochs	0.0
1442.9235603623963	1.0	epochs	1.0
1442.9235717623963	0.5	epochs	-1.0
1443.4235717623963	19.998800000000074	epochs	-1.0
1443.9235603623963	20.0	epochs	1.0
1443.9235603623963	4.3567538999998305	epochs	-1.0
1443.9235603623963	1.9745871999998599	epochs	2.0
1443.9235603623963	1.098562199999833	epochs	3.0
1445.0221225623961	0.8760250000000269	epochs	3.0
1445.8981475623962	1.3524075000000266	epochs	2.0
1445.8981475623962	0.7286355000001095	epochs	3.0
1446.6267830623963	0.6237719999999172	epochs	3.0
1447.2505550623962	1.029759199999944	epochs	2.0
1447.2505550623962	0.5453293000000485	epochs	3.0
1447.7958843623962	0.4844298999998955	epochs	3.0
1448.2803142623961	0.8317862000001242	epochs	2.0
1448.2803142623961	0.4357763000000432	epochs	3.0
1448.7160905623962	0.39600990000008096	epochs	3.0
1449.1121004623963	0.6977970000000369	epochs	2.0
1449.1121004623963	0.3628982000000178	epochs	3.0
1449.4749986623963	0.33489880000001904	epochs	3.0
1449.8098974623963	0.601045699999986	epochs	2.0
1449.8098974623963	0.3109122999999272	epochs	3.0
1450.1208097623962	0.2901334000000588	epochs	3.0
1450.4109431623963	0.5278859000000011	epochs	2.0
1450.4109431623963	0.2719586000000618	epochs	3.0
1450.6829017623963	0.25592729999993935	epochs	3.0
1450.9388290623963	0.470619299999953	epochs	2.0
1450.9388290623963	0.241681299999982	epochs	3.0
1451.1805103623963	0.228937999999971	epochs	3.0
1451.4094483623962	0.42457039999999324	epochs	2.0
1451.4094483623962	0.21747140000002219	epochs	3.0
1451.6269197623963	0.20709899999997106	epochs	3.0
1451.8340187623962	0.3867353999999068	epochs	2.0
1451.8340187623962	0.19767109999997956	epochs	3.0
1452.0316898623962	0.18906429999992724	epochs	3.0
1452.2207541623961	0.35509530000013	epochs	2.0
1452.2207541623961	0.18117590000019845	epochs	3.0
1452.4019300623963	0.17391939999993156	epochs	3.0
1452.5758494623963	0.3282431000000088	epochs	2.0
1452.5758494623963	0.16722189999995862	epochs	3.0
1452.7430713623962	0.16102120000005016	epochs	3.0
1452.9040925623963	0.3051679999998669	epochs	2.0
1452.9040925623963	0.15526389999990897	epochs	3.0
1453.0593564623962	0.1499040999999579	epochs	3.0
1453.2092605623961	0.28512530000011793	epochs	2.0
1453.2092605623961	0.1449021000000812	epochs	3.0
1453.3541626623962	0.14022320000003674	epochs	3.0
1453.4943858623963	0.267553800000087	epochs	2.0
1453.4943858623963	0.1358368999999584	epochs	3.0
1453.6302227623962	0.1317169000001286	epochs	3.0
1453.7619396623963	0.252022899999929	epochs	2.0
1453.7619396623963	0.1278393000000051	epochs	3.0
1453.8897789623963	0.1241835999999239	epochs	3.0
1454.0139625623963	0.23819649999995818	epochs	2.0
1454.0139625623963	0.12073110000005727	epochs	3.0
1454.1346936623963	0.11746539999990091	epochs	3.0
1454.2521590623962	0.2258088000000953	epochs	2.0
1454.2521590623962	0.1143718999999237	epochs	3.0
1454.3665309623962	0.11143690000017159	epochs	3.0
1454.4779678623963	0.21464599999990241	epochs	2.0
1454.4779678623963	0.10864889999993466	epochs	3.0
1454.5866167623963	0.10599709999996776	epochs	3.0
1454.6926138623962	0.20453500000007807	epochs	2.0
1454.6926138623962	0.10347150000006877	epochs	3.0
1454.7960853623963	0.1010635000000093	epochs	3.0
1454.8971488623963	0.19533400000000256	epochs	2.0
1454.8971488623963	0.09876510000003691	epochs	3.0
1454.9959139623963	0.09656889999996565	epochs	3.0
1455.0924828623963	0.18692529999998442	epochs	2.0
1455.0924828623963	0.09446830000001682	epochs	3.0
1455.1869511623963	0.09245699999996759	epochs	3.0
1455.2794081623963	0.17921069999988504	epochs	2.0
1455.2794081623963	0.09052959999985433	epochs	3.0
1455.3699377623961	0.08868110000003071	epochs	3.0
1455.4586188623962	0.17210769999996955	epochs	2.0
1455.4586188623962	0.08690630000000965	epochs	3.0
1455.5455251623962	0.0852013999999599	epochs	3.0
1455.6307265623961	0.16554640000003928	epochs	2.0
1455.6307265623961	0.08356190000017705	epochs	3.0
1455.7142884623963	0.08198449999986224	epochs	3.0
1455.7962729623962	0.15946710000002895	epochs	2.0
1455.7962729623962	0.08046540000009372	epochs	3.0
1455.8767383623963	0.07900169999993523	epochs	3.0
1455.9557400623962	0.15381840000009106	epochs	2.0
1455.9557400623962	0.07759009999995214	epochs	3.0
1456.0333301623962	0.07622830000013892	epochs	3.0
1456.1095584623963	0.14855639999996129	epochs	2.0
1456.1095584623963	0.07491329999993468	epochs	3.0
1456.1844717623962	0.0736431000000266	epochs	3.0
1456.2581148623963	0.1436423999998624	epochs	2.0
1456.2581148623963	0.07241499999986445	epochs	3.0
1456.3305298623961	0.07122739999999794	epochs	3.0
1456.4017572623961	0.13904310000020814	epochs	2.0
1456.4017572623961	0.07007800000019415	epochs	3.0
1456.4718352623963	0.06896510000001399	epochs	3.0
1456.5408003623963	0.13472929999988992	epochs	2.0
1456.5408003623963	0.0678871000000072	epochs	3.0
1456.6086874623963	0.06684219999988272	epochs	3.0
1456.6755296623962	0.1306752000000415	epochs	2.0
1456.6755296623962	0.06582909999997355	epochs	3.0
1456.7413587623962	0.06484610000006796	epochs	3.0
1456.8062048623963	0.1268577999999252	epochs	2.0
1456.8062048623963	0.06389199999989614	epochs	3.0
1456.8700968623962	0.06296580000002905	epochs	3.0
1456.9330626623962	0.12325720000012552	epochs	2.0
1456.9330626623962	0.06206580000002759	epochs	3.0
1456.9951284623962	0.06119140000009793	epochs	3.0
1457.0563198623963	0.11985540000000583	epochs	2.0
1457.0563198623963	0.060341099999959624	epochs	3.0
1457.1166609623963	0.059514300000046205	epochs	3.0
1457.1761752623963	0.1166361999999026	epochs	2.0
1457.1761752623963	0.058709599999929196	epochs	3.0
1457.2348848623963	0.057926599999973405	epochs	3.0
1457.2928114623962	0.11358560000007856	epochs	2.0
1457.2928114623962	0.05716419999998834	epochs	3.0
1457.3499756623962	0.056421400000090216	epochs	3.0
1457.4063970623963	0.11069049999991876	epochs	2.0
1457.4063970623963	0.055697900000041045	epochs	3.0
1457.4620949623963	0.05499259999987771	epochs	3.0
1457.5170875623962	0.1079391000000669	epochs	2.0
1457.5170875623962	0.05430490000003374	epochs	3.0
1457.5713924623963	0.05363420000003316	epochs	3.0
1457.6250266623963	0.10532149999994544	epochs	2.0
1457.6250266623963	0.05297999999993408	epochs	3.0
1457.6780066623962	0.052341500000011365	epochs	3.0
1457.7303481623962	0.10282759999995505	epochs	2.0
1457.7303481623962	0.05171810000001642	epochs	3.0
1457.7820662623963	0.051109499999938635	epochs	3.0
1457.8331757623962	0.10044910000010532	epochs	2.0
1457.8331757623962	0.050514900000052876	epochs	3.0
1457.8836906623962	0.04993420000005244	epochs	3.0
1457.9336248623963	0.0981782999999723	epochs	2.0
1457.9336248623963	0.04936659999998483	epochs	3.0
1457.9829914623963	0.04881169999998747	epochs	3.0
1458.0318031623963	0.09600780000005216	epochs	2.0
1458.0318031623963	0.04826920000004975	epochs	3.0
1458.0800723623963	0.04773860000000241	epochs	3.0
1458.1278109623963	0.09393119999981536	epochs	2.0
1458.1278109623963	0.04721949999998287	epochs	3.0
1458.1750304623963	0.04671169999983249	epochs	3.0
1458.2217421623961	0.09194260000003851	epochs	2.0
1458.2217421623961	0.04621460000021216	epochs	3.0
1458.2679567623964	0.04572799999982635	epochs	3.0
1458.3136847623962	0.09003630000006524	epochs	2.0
1458.3136847623962	0.045251499999949374	epochs	3.0
1458.3589362623961	0.044784800000115865	epochs	3.0
1458.4037210623962	0.08820760000003247	epochs	2.0
1458.4037210623962	0.044327800000019124	epochs	3.0
1458.4480488623963	0.04387980000001335	epochs	3.0
1458.4919286623963	0.0864516999999978	epochs	2.0
1458.4919286623963	0.04344100000002982	epochs	3.0
1458.5353696623963	0.04301069999996798	epochs	3.0
1458.5783803623963	0.08476429999996071	epochs	2.0
1458.5783803623963	0.04258899999990717	epochs	3.0
1458.6209693623962	0.04217530000005354	epochs	3.0
1458.6631446623962	0.08314150000001064	epochs	2.0
1458.6631446623962	0.04176970000003166	epochs	3.0
1458.7049143623963	0.041371799999978975	epochs	3.0
1458.7462861623962	0.08157970000002024	epochs	2.0
1458.7462861623962	0.040981399999964196	epochs	3.0
1458.7872675623962	0.04059830000005604	epochs	3.0
1458.8278658623963	0.08007550000002084	epochs	2.0
1458.8278658623963	0.04022229999986848	epochs	3.0
1458.8680881623961	0.039853200000152356	epochs	3.0
1458.9079413623963	0.07862569999997504	epochs	2.0
1458.9079413623963	0.03949079999983951	epochs	3.0
1458.9474321623961	0.03913490000013553	epochs	3.0
1458.9865670623963	0.07722760000001472	epochs	2.0
1458.9865670623963	0.038785400000051595	epochs	3.0
1459.0253524623963	0.03844219999996312	epochs	3.0
1459.0637946623963	0.07587820000003376	epochs	2.0
1459.0637946623963	0.03810479999992822	epochs	3.0
1459.1018994623962	0.03777340000010554	epochs	3.0
1459.1396728623963	0.0745752000000266	epochs	2.0
1459.1396728623963	0.03744770000002973	epochs	3.0
1459.1771205623963	0.03712749999999687	epochs	3.0
1459.2142480623963	0.07331629999998768	epochs	2.0
1459.2142480623963	0.03681289999985893	epochs	3.0
1459.2510609623962	0.03650340000012875	epochs	3.0
1459.2875643623963	0.07209899999998015	epochs	2.0
1459.2875643623963	0.03619909999997617	epochs	3.0
1459.3237634623963	0.03589990000000398	epochs	3.0
1459.3596633623963	0.07092169999987163	epochs	2.0
1459.3596633623963	0.035605599999826154	epochs	3.0
1459.3952689623961	0.03531610000004548	epochs	3.0
1459.4305850623962	0.06978200000003199	epochs	2.0
1459.4305850623962	0.03503120000004856	epochs	3.0
1459.4656162623962	0.03475079999998343	epochs	3.0
1459.5003670623962	0.06867860000011206	epochs	2.0
1459.5003670623962	0.03447510000000875	epochs	3.0
1459.5348421623962	0.034203500000103304	epochs	3.0
1459.5690456623963	0.06760929999995824	epochs	2.0
1459.5690456623963	0.033936199999970995	epochs	3.0
1459.6029818623963	0.033673099999987244	epochs	3.0
1459.6366549623963	0.06657289999998284	epochs	2.0
1459.6366549623963	0.03341399999999339	epochs	3.0
1459.6700689623963	0.033158899999989444	epochs	3.0
1459.7032278623963	0.06556780000005347	epochs	2.0
1459.7032278623963	0.03290769999989607	epochs	3.0
1459.7361355623962	0.0326601000001574	epochs	3.0
1459.7687956623963	0.06459259999996902	epochs	2.0
1459.7687956623963	0.03241639999987456	epochs	3.0
1459.8012120623962	0.03217620000009447	epochs	3.0
1459.8333882623963	0.06364600000006249	epochs	2.0
1459.8333882623963	0.03193959999998697	epochs	3.0
1459.8653278623963	0.03170640000007552	epochs	3.0
1459.8970342623963	0.0627266999999847	epochs	2.0
1459.8970342623963	0.031476599999905375	epochs	3.0
1459.9285108623963	0.03125010000007933	epochs	3.0
1459.9597609623963	0.06183359999999993	epochs	2.0
1459.9597609623963	0.03102689999991526	epochs	3.0
1459.9907878623962	0.030806700000084675	epochs	3.0
1460.0215945623963	0.060965599999917686	epochs	2.0
1460.0215945623963	0.030589799999916067	epochs	3.0
1460.0521843623962	0.030375800000001618	epochs	3.0
1460.0825601623962	0.06012160000000222	epochs	2.0
1460.0825601623962	0.030164900000045236	epochs	3.0
1460.1127250623963	0.02995669999995698	epochs	3.0
1460.1426817623963	0.05930069999999432	epochs	2.0
1460.1426817623963	0.029751600000054168	epochs	3.0
1460.1724333623963	0.029549099999940154	epochs	3.0
1460.2019824623962	0.05850179999993088	epochs	2.0
1460.2019824623962	0.02934940000000097	epochs	3.0
1460.2313318623962	0.029152399999929912	epochs	3.0
1460.2604842623962	0.05772420000016609	epochs	2.0
1460.2604842623962	0.028958000000102402	epochs	3.0
1460.2894422623963	0.02876620000006369	epochs	3.0
1460.3182084623963	0.056967099999837956	epochs	2.0
1460.3182084623963	0.02857699999981378	epochs	3.0
1460.3467854623962	0.028390100000024177	epochs	3.0
1460.3751755623962	0.05622949999997218	epochs	2.0
1460.3751755623962	0.02820570000017142	epochs	3.0
1460.4033812623964	0.028023799999800758	epochs	3.0
1460.4314050623962	0.05551070000001346	epochs	2.0
1460.4314050623962	0.027844000000186497	epochs	3.0
1460.4592490623963	0.02766669999982696	epochs	3.0
1460.4869157623962	0.054810200000019904	epochs	2.0
1460.4869157623962	0.02749149999999645	epochs	3.0
1460.5144072623962	0.027318700000023455	epochs	3.0
1460.5417259623962	0.05412700000010773	epochs	2.0
1460.5417259623962	0.027147799999966082	epochs	3.0
1460.5688737623962	0.026979200000141645	epochs	3.0
1460.5958529623963	0.053460699999959616	epochs	2.0
1460.5958529623963	0.02681259999985741	epochs	3.0
1460.6226655623962	0.026648100000102204	epochs	3.0
1460.6493136623963	0.05281070000000909	epochs	2.0
1460.6493136623963	0.0264855999998872	epochs	3.0
1460.6757992623961	0.026325100000121893	epochs	3.0
1460.7021243623963	0.05217620000007628	epochs	2.0
1460.7021243623963	0.026166399999965506	epochs	3.0
1460.7282907623962	0.026009800000110772	epochs	3.0
1460.7543005623963	0.051556699999991906	epochs	2.0
1460.7543005623963	0.025854799999933675	epochs	3.0
1460.7801553623963	0.02570190000005823	epochs	3.0
1460.8058572623963	0.05095189999997274	epochs	2.0
1460.8058572623963	0.025550699999939752	epochs	3.0
1460.8314079623963	0.025401200000032986	epochs	3.0
1460.8568091623963	0.050360999999838896	epochs	2.0
1460.8568091623963	0.025253499999962514	epochs	3.0
1460.8820626623963	0.02510749999987638	epochs	3.0
1460.9071701623961	0.04978380000011384	epochs	2.0
1460.9071701623961	0.02496320000000196	epochs	3.0
1460.9321333623961	0.02482060000011188	epochs	3.0
1460.9569539623963	0.04921949999993558	epochs	2.0
1460.9569539623963	0.024679399999968155	epochs	3.0
1460.9816333623962	0.024540099999967424	epochs	3.0
1461.0061734623962	0.04866790000005494	epochs	2.0
1461.0061734623962	0.024402100000088467	epochs	3.0
1461.0305755623963	0.024265799999966475	epochs	3.0
1461.0548413623962	0.048128599999927246	epochs	2.0
1461.0548413623962	0.02413099999989754	epochs	3.0
1461.0789723623961	0.023997600000029706	epochs	3.0
1461.1029699623962	0.047601100000065344	epochs	2.0
1461.1029699623962	0.023865800000066884	epochs	3.0
1461.1268357623962	0.02373529999999846	epochs	3.0
1461.1505710623962	0.04708499999992455	epochs	2.0
1461.1505710623962	0.023606299999983094	epochs	3.0
1461.1741773623962	0.023478699999941455	epochs	3.0
1461.1976560623962	0.04658000000017637	epochs	2.0
1461.1976560623962	0.023352500000100918	epochs	3.0
1461.2210085623963	0.02322750000007545	epochs	3.0
1461.2442360623963	0.04608569999982137	epochs	2.0
1461.2442360623963	0.02310399999987567	epochs	3.0
1461.2673400623962	0.022981699999945704	epochs	3.0
1461.2903217623962	0.045601799999985815	epochs	2.0
1461.2903217623962	0.022860700000137513	epochs	3.0
1461.3131824623963	0.022741099999848302	epochs	3.0
1461.3359235623961	0.04512790000012501	epochs	2.0
1461.3359235623961	0.022622500000125	epochs	3.0
1461.3585460623963	0.02250540000000001	epochs	3.0
1461.3810514623963	0.0446638000000803	epochs	2.0
1461.3810514623963	0.02238929999998618	epochs	3.0
1461.4034407623963	0.022274500000094122	epochs	3.0
1461.4257152623964	0.044209199999841076	epochs	2.0
1461.4257152623964	0.022160799999937808	epochs	3.0
1461.4478760623963	0.022048399999903268	epochs	3.0
1461.4699244623962	0.04376360000014756	epochs	2.0
1461.4699244623962	0.021936900000127935	epochs	3.0
1461.4918613623963	0.021826700000019628	epochs	3.0
1461.5136880623963	0.04332709999994222	epochs	2.0
1461.5136880623963	0.021717599999874437	epochs	3.0
1461.5354056623962	0.021609500000067783	epochs	3.0
1461.5570151623963	0.04289900000003399	epochs	2.0
1461.5570151623963	0.02150249999999687	epochs	3.0
1461.5785176623963	0.021396500000037122	epochs	3.0
1461.5999141623963	0.04247949999989942	epochs	2.0
1461.5999141623963	0.021291699999892444	epochs	3.0
1461.6212058623962	0.021187800000006973	epochs	3.0
1461.6423936623962	0.04206790000012006	epochs	2.0
1461.6423936623962	0.02108490000000529	epochs	3.0
1461.6634785623962	0.02098300000011477	epochs	3.0
1461.6844615623963	0.04166439999994509	epochs	2.0
1461.6844615623963	0.020882199999959994	epochs	3.0
1461.7053437623963	0.020782199999985096	epochs	3.0
1461.7261259623963	0.041268499999887354	epochs	2.0
1461.7261259623963	0.020683299999973315	epochs	3.0
1461.7468092623963	0.02058519999991404	epochs	3.0
1461.7673944623962	0.04088000000001557	epochs	2.0
1461.7673944623962	0.020488099999965925	epochs	3.0
1461.7878825623961	0.020391900000049645	epochs	3.0
1461.8082744623962	0.04049880000002304	epochs	2.0
1461.8082744623962	0.0202966000001652	epochs	3.0
1461.8285710623963	0.02020219999985784	epochs	3.0
1461.8487732623962	0.04012460000012652	epochs	2.0
1461.8487732623962	0.02010870000003706	epochs	3.0
1461.8688819623962	0.02001590000008946	epochs	3.0
1461.8888978623963	0.03975730000001931	epochs	2.0
1461.8888978623963	0.0199241999998776	epochs	3.0
1461.9088220623962	0.019833100000141712	epochs	3.0
1461.9286551623964	0.03939669999999751	epochs	2.0
1461.9286551623964	0.019742999999834865	epochs	3.0
1461.9483981623962	0.019653700000162644	epochs	3.0
1461.9680518623964	0.03904239999997117	epochs	2.0
1461.9680518623964	0.019565099999908853	epochs	3.0
1461.9876169623963	0.019477300000062314	epochs	3.0
1462.0070942623963	0.03869459999987157	epochs	2.0
1462.0070942623963	0.019390400000020236	epochs	3.0
1462.0264846623963	0.019304199999851335	epochs	3.0
1462.0457888623962	0.03835290000006353	epochs	2.0
1462.0457888623962	0.019218800000089686	epochs	3.0
1462.0650076623963	0.01913409999997384	epochs	3.0
1462.0841417623963	0.03801720000001296	epochs	2.0
1462.0841417623963	0.019050200000037876	epochs	3.0
1462.1031919623963	0.018966999999975087	epochs	3.0
1462.1221589623963	0.03768719999993664	epochs	2.0
1462.1221589623963	0.01888450000001285	epochs	3.0
1462.1410434623963	0.01880269999992379	epochs	3.0
1462.1598461623962	0.03736309999999321	epochs	2.0
1462.1598461623962	0.018721700000014607	epochs	3.0
1462.1785678623962	0.018641399999978603	epochs	3.0
1462.1972092623962	0.03704429999993408	epochs	2.0
1462.1972092623962	0.018561600000111866	epochs	3.0
1462.2157708623963	0.018482699999822216	epochs	3.0
1462.2342535623961	0.036731000000145286	epochs	2.0
1462.2342535623961	0.01840430000015658	epochs	3.0
1462.2526578623963	0.018326699999988705	epochs	3.0
1462.2709845623963	0.03642289999993409	epochs	2.0
1462.2709845623963	0.018249599999990096	epochs	3.0
1462.2892341623963	0.018173299999943993	epochs	3.0
1462.3074074623962	0.03612010000006194	epochs	2.0
1462.3074074623962	0.01809759999991911	epochs	3.0
1462.3255050623961	0.018022500000142827	epochs	3.0
1462.3435275623963	0.03582209999990482	epochs	2.0
1462.3435275623963	0.01794789999985369	epochs	3.0
1462.3614754623961	0.017874200000051133	epochs	3.0
1462.3793496623962	0.03552899999999681	epochs	2.0
1462.3793496623962	0.017800800000031813	epochs	3.0
1462.3971504623962	0.017728199999965	epochs	3.0
1462.4148786623962	0.03524070000003121	epochs	2.0
1462.4148786623962	0.017656100000067454	epochs	3.0
1462.4325347623962	0.017584599999963757	epochs	3.0
1462.4501193623962	0.03495709999992869	epochs	2.0
1462.4501193623962	0.017513700000108656	epochs	3.0
1462.4676330623963	0.01744339999982003	epochs	3.0
1462.4850764623961	0.03467790000013338	epochs	2.0
1462.4850764623961	0.01737360000015542	epochs	3.0
1462.5024500623963	0.017304299999977957	epochs	3.0
1462.5197543623963	0.03440329999989444	epochs	2.0
1462.5197543623963	0.017235699999901044	epochs	3.0
1462.5369900623962	0.0171675999999934	epochs	3.0
1462.5541576623962	0.034132800000179486	epochs	2.0
1462.5541576623962	0.017099900000175694	epochs	3.0
1462.5712575623963	0.017032900000003792	epochs	3.0
1462.5882904623963	0.03386669999986225	epochs	2.0
1462.5882904623963	0.01696640000000116	epochs	3.0
1462.6052568623963	0.01690029999986109	epochs	3.0
1462.6221571623962	0.03360459999998966	epochs	2.0
1462.6221571623962	0.01683479999996962	epochs	3.0
1462.6389919623962	0.01676980000002004	epochs	3.0
1462.6557617623962	0.033346599999958926	epochs	2.0
1462.6557617623962	0.016705300000012357	epochs	3.0
1462.6724670623962	0.01664129999994657	epochs	3.0
1462.6891083623962	0.03309250000006614	epochs	2.0
1462.6891083623962	0.016577800000050047	epochs	3.0
1462.7056861623962	0.01651470000001609	epochs	3.0
1462.7222008623962	0.032842300000083924	epochs	2.0
1462.7222008623962	0.01645220000000336	epochs	3.0
1462.7386530623962	0.016390100000080565	epochs	3.0
1462.7550431623963	0.03259570000000167	epochs	2.0
1462.7550431623963	0.016328400000020338	epochs	3.0
1462.7713715623963	0.016267299999981333	epochs	3.0
1462.7876388623963	0.032352899999978035	epochs	2.0
1462.7876388623963	0.016206600000032267	epochs	3.0
1462.8038454623963	0.016146299999945768	epochs	3.0
1462.8199917623963	0.03211369999985436	epochs	2.0
1462.8199917623963	0.01608659999988049	epochs	3.0
1462.8360783623962	0.01602709999997387	epochs	3.0
1462.8521054623961	0.03187800000000607	epochs	2.0
1462.8521054623961	0.015968200000088473	epochs	3.0
1462.8680736623962	0.015909799999917595	epochs	3.0
1462.8839834623961	0.03164570000012645	epochs	2.0
1462.8839834623961	0.01585160000013275	epochs	3.0
1462.8998350623963	0.015794099999993705	epochs	3.0
1462.9156291623963	0.031416699999908815	epochs	2.0
1462.9156291623963	0.01573669999993399	epochs	3.0
1462.9313658623962	0.015679999999974825	epochs	3.0
1462.9470458623962	0.031191100000114602	epochs	2.0
1462.9470458623962	0.015623600000026272	epochs	3.0
1462.9626694623962	0.01556750000008833	epochs	3.0
1462.9782369623963	0.030968699999903038	epochs	2.0
1462.9782369623963	0.015511999999944237	epochs	3.0
1462.9937489623962	0.0154566999999588	epochs	3.0
1463.0092056623962	0.030749499999956242	epochs	2.0
1463.0092056623962	0.015401999999994587	epochs	3.0
1463.0246076623962	0.015347499999961656	epochs	3.0
1463.0399551623962	0.03053320000003623	epochs	2.0
1463.0399551623962	0.015293400000018664	epochs	3.0
1463.0552485623962	0.015239800000017567	epochs	3.0
1463.0704883623962	0.030320100000153616	epochs	2.0
1463.0704883623962	0.015186500000027081	epochs	3.0
1463.0856748623962	0.015133600000126535	epochs	3.0
1463.1008084623963	0.030109899999843037	epochs	2.0
1463.1008084623963	0.015081000000009226	epochs	3.0
1463.1158894623964	0.015028899999833811	epochs	3.0
1463.1309183623962	0.029902500000162036	epochs	2.0
1463.1309183623962	0.014977000000044427	epochs	3.0
1463.1458953623962	0.014925500000117609	epochs	3.0
1463.1608208623963	0.029698099999905025	epochs	2.0
1463.1608208623963	0.014874399999825982	epochs	3.0
1463.1756952623962	0.014823700000079043	epochs	3.0
1463.1905189623963	0.029496299999891562	epochs	2.0
1463.1905189623963	0.014773200000036013	epochs	3.0
1463.2052921623963	0.014723099999855549	epochs	3.0
1463.2200152623961	0.029297400000132257	epochs	2.0
1463.2200152623961	0.014673399999992398	epochs	3.0
1463.2346886623961	0.014624000000139858	epochs	3.0
1463.2493126623963	0.029101099999934377	epochs	2.0
1463.2493126623963	0.014574900000070556	epochs	3.0
1463.2638875623963	0.01452619999986382	epochs	3.0
1463.2784137623962	0.028907399999980044	epochs	2.0
1463.2784137623962	0.014477700000043114	epochs	3.0
1463.2928914623963	0.014429699999936929	epochs	3.0
1463.3073211623962	0.028716199999962555	epochs	2.0
1463.3073211623962	0.014381800000137446	epochs	3.0
1463.3217029623963	0.01433439999982511	epochs	3.0
1463.3360373623962	0.028527600000188613	epochs	2.0
1463.3360373623962	0.014287200000126177	epochs	3.0
1463.3503245623963	0.014240400000062436	epochs	3.0
1463.3645649623963	0.02834139999981744	epochs	2.0
1463.3645649623963	0.014193799999929979	epochs	3.0
1463.3787587623963	0.014147599999887461	epochs	3.0
1463.3929063623962	0.028157700000065233	epochs	2.0
1463.3929063623962	0.014101700000082928	epochs	3.0
1463.4070080623962	0.014055999999982305	epochs	3.0
1463.4210640623962	0.027976300000091214	epochs	2.0
1463.4210640623962	0.014010600000119666	epochs	3.0
1463.4350746623963	0.013965699999971548	epochs	3.0
1463.4490403623963	0.027797199999895383	epochs	2.0
1463.4490403623963	0.01392079999982343	epochs	3.0
1463.4629611623961	0.013876400000071953	epochs	3.0
1463.4768375623962	0.027620399999932488	epochs	2.0
1463.4768375623962	0.013832200000024386	epochs	3.0
1463.4906697623962	0.013788199999908102	epochs	3.0
1463.5044579623961	0.027445900000202528	epochs	2.0
1463.5044579623961	0.01374460000010913	epochs	3.0
1463.5182025623963	0.013701300000093397	epochs	3.0
1463.5319038623963	0.027273499999864725	epochs	2.0
1463.5319038623963	0.013658199999781573	epochs	3.0
1463.5455620623961	0.013615300000083153	epochs	3.0
1463.5591773623962	0.027103399999987232	epochs	2.0
1463.5591773623962	0.013572800000019924	epochs	3.0
1463.5727501623962	0.013530599999967308	epochs	3.0
1463.5862807623962	0.02693520000002536	epochs	2.0
1463.5862807623962	0.013488400000142065	epochs	3.0
1463.5997691623963	0.013446799999883297	epochs	3.0
1463.6132159623962	0.026769199999989723	epochs	2.0
1463.6132159623962	0.013405200000079276	epochs	3.0
1463.6266211623963	0.013363999999910448	epochs	3.0
1463.6399851623962	0.026605199999949036	epochs	2.0
1463.6399851623962	0.013322900000048321	epochs	3.0
1463.6533080623963	0.013282299999900715	epochs	3.0
1463.6665903623962	0.026443200000130673	epochs	2.0
1463.6665903623962	0.013241699999980483	epochs	3.0
1463.6798320623961	0.01320150000015019	epochs	3.0
1463.6930335623963	0.026283199999852513	epochs	2.0
1463.6930335623963	0.013161500000023807	epochs	3.0
1463.7061950623963	0.013121699999828706	epochs	3.0
1463.7193167623961	0.02612500000009277	epochs	2.0
1463.7193167623961	0.013082100000019636	epochs	3.0
1463.7323988623962	0.013042900000073132	epochs	3.0
1463.7454417623962	0.025968899999952555	epochs	2.0
1463.7454417623962	0.01300390000005791	epochs	3.0
1463.7584456623963	0.012964999999894644	epochs	3.0
1463.7714106623962	0.025814500000024054	epochs	2.0
1463.7714106623962	0.012926399999969362	epochs	3.0
1463.7843370623962	0.012888100000054692	epochs	3.0
1463.7972251623962	0.025661899999931848	epochs	2.0
1463.7972251623962	0.012849899999991976	epochs	3.0
1463.8100750623962	0.012811999999939871	epochs	3.0
1463.8228870623961	0.025511199999982637	epochs	2.0
1463.8228870623961	0.012774400000125752	epochs	3.0
1463.8356614623963	0.012736799999856885	epochs	3.0
1463.8483982623961	0.025362300000097093	epochs	2.0
1463.8483982623961	0.012699700000212033	epochs	3.0
1463.8610979623963	0.01266259999988506	epochs	3.0
1463.8737605623962	0.02521500000011656	epochs	2.0
1463.8737605623962	0.012625800000023446	epochs	3.0
1463.8863863623963	0.012589200000093115	epochs	3.0
1463.8989755623963	0.024584799999956886	epochs	2.0
1463.9223717623963	0.5	epochs	-1.0
1463.9235603623963	0.5411999999998898	epochs	1.0
1464.4647603623962	0.45872000000008484	epochs	0.0
1465.8110003471375	0.17856000000006134	epochs	0.0
1465.8110003471375	0.08428030000004583	epochs	1.0
1465.8952806471375	0.009999399999969683	epochs	1.0
1465.9052800471375	0.08428030000004583	epochs	1.0
1465.9895603471375	2.0	epochs	0.0
1467.9895603471375	21.501199999999926	epochs	0.0
1467.9895603471375	1.0	epochs	1.0
1467.9895717471375	0.5	epochs	-1.0
1468.4895717471375	19.998800000000074	epochs	-1.0
1468.9895603471375	20.0	epochs	1.0
1468.9895603471375	4.3567538999998305	epochs	-1.0
1468.9895603471375	1.9745871999998599	epochs	2.0
1468.9895603471375	1.098562199999833	epochs	3.0
1470.0881225471373	0.8760250000000269	epochs	3.0
1470.9641475471374	1.3524075000000266	epochs	2.0
1470.9641475471374	0.7286355000001095	epochs	3.0
1471.6927830471375	0.6237719999999172	epochs	3.0
1472.3165550471374	1.029759199999944	epochs	2.0
1472.3165550471374	0.5453293000000485	epochs	3.0
1472.8618843471374	0.4844298999998955	epochs	3.0
1473.3463142471373	0.8317862000001242	epochs	2.0
1473.3463142471373	0.4357763000000432	epochs	3.0
1473.7820905471374	0.39600990000008096	epochs	3.0
1474.1781004471375	0.6977970000000369	epochs	2.0
1474.1781004471375	0.3628982000000178	epochs	3.0
1474.5409986471375	0.33489880000001904	epochs	3.0
1474.8758974471375	0.601045699999986	epochs	2.0
1474.8758974471375	0.3109122999999272	epochs	3.0
1475.1868097471374	0.2901334000000588	epochs	3.0
1475.4769431471375	0.5278859000000011	epochs	2.0
1475.4769431471375	0.2719586000000618	epochs	3.0
1475.7489017471376	0.25592729999993935	epochs	3.0
1476.0048290471375	0.470619299999953	epochs	2.0
1476.0048290471375	0.241681299999982	epochs	3.0
1476.2465103471375	0.228937999999971	epochs	3.0
1476.4754483471374	0.42457039999999324	epochs	2.0
1476.4754483471374	0.21747140000002219	epochs	3.0
1476.6929197471375	0.20709899999997106	epochs	3.0
1476.9000187471374	0.3867353999999068	epochs	2.0
1476.9000187471374	0.19767109999997956	epochs	3.0
1477.0976898471374	0.18906429999992724	epochs	3.0
1477.2867541471373	0.35509530000013	epochs	2.0
1477.2867541471373	0.18117590000019845	epochs	3.0
1477.4679300471375	0.17391939999993156	epochs	3.0
1477.6418494471375	0.3282431000000088	epochs	2.0
1477.6418494471375	0.16722189999995862	epochs	3.0
1477.8090713471374	0.16102120000005016	epochs	3.0
1477.9700925471375	0.3051679999998669	epochs	2.0
1477.9700925471375	0.15526389999990897	epochs	3.0
1478.1253564471374	0.1499040999999579	epochs	3.0
1478.2752605471373	0.28512530000011793	epochs	2.0
1478.2752605471373	0.1449021000000812	epochs	3.0
1478.4201626471374	0.14022320000003674	epochs	3.0
1478.5603858471375	0.267553800000087	epochs	2.0
1478.5603858471375	0.1358368999999584	epochs	3.0
1478.6962227471374	0.1317169000001286	epochs	3.0
1478.8279396471376	0.252022899999929	epochs	2.0
1478.8279396471376	0.1278393000000051	epochs	3.0
1478.9557789471376	0.1241835999999239	epochs	3.0
1479.0799625471375	0.23819649999995818	epochs	2.0
1479.0799625471375	0.12073110000005727	epochs	3.0
1479.2006936471375	0.11746539999990091	epochs	3.0
1479.3181590471374	0.2258088000000953	epochs	2.0
1479.3181590471374	0.1143718999999237	epochs	3.0
1479.4325309471374	0.11143690000017159	epochs	3.0
1479.5439678471375	0.21464599999990241	epochs	2.0
1479.5439678471375	0.10864889999993466	epochs	3.0
1479.6526167471375	0.10599709999996776	epochs	3.0
1479.7586138471374	0.20453500000007807	epochs	2.0
1479.7586138471374	0.10347150000006877	epochs	3.0
1479.8620853471375	0.1010635000000093	epochs	3.0
1479.9631488471375	0.19533400000000256	epochs	2.0
1479.9631488471375	0.09876510000003691	epochs	3.0
1480.0619139471376	0.09656889999996565	epochs	3.0
1480.1584828471375	0.18692529999998442	epochs	2.0
1480.1584828471375	0.09446830000001682	epochs	3.0
1480.2529511471375	0.09245699999996759	epochs	3.0
1480.3454081471375	0.17921069999988504	epochs	2.0
1480.3454081471375	0.09052959999985433	epochs	3.0
1480.4359377471374	0.08868110000003071	epochs	3.0
1480.5246188471374	0.17210769999996955	epochs	2.0
1480.5246188471374	0.08690630000000965	epochs	3.0
1480.6115251471374	0.0852013999999599	epochs	3.0
1480.6967265471374	0.16554640000003928	epochs	2.0
1480.6967265471374	0.08356190000017705	epochs	3.0
1480.7802884471375	0.08198449999986224	epochs	3.0
1480.8622729471374	0.15946710000002895	epochs	2.0
1480.8622729471374	0.08046540000009372	epochs	3.0
1480.9427383471375	0.07900169999993523	epochs	3.0
1481.0217400471374	0.15381840000009106	epochs	2.0
1481.0217400471374	0.07759009999995214	epochs	3.0
1481.0993301471374	0.07622830000013892	epochs	3.0
1481.1755584471375	0.14855639999996129	epochs	2.0
1481.1755584471375	0.07491329999993468	epochs	3.0
1481.2504717471375	0.0736431000000266	epochs	3.0
1481.3241148471375	0.1436423999998624	epochs	2.0
1481.3241148471375	0.07241499999986445	epochs	3.0
1481.3965298471373	0.07122739999999794	epochs	3.0
1481.4677572471373	0.13904310000020814	epochs	2.0
1481.4677572471373	0.07007800000019415	epochs	3.0
1481.5378352471375	0.06896510000001399	epochs	3.0
1481.6068003471376	0.13472929999988992	epochs	2.0
1481.6068003471376	0.0678871000000072	epochs	3.0
1481.6746874471376	0.06684219999988272	epochs	3.0
1481.7415296471374	0.1306752000000415	epochs	2.0
1481.7415296471374	0.06582909999997355	epochs	3.0
1481.8073587471374	0.06484610000006796	epochs	3.0
1481.8722048471375	0.1268577999999252	epochs	2.0
1481.8722048471375	0.06389199999989614	epochs	3.0
1481.9360968471374	0.06296580000002905	epochs	3.0
1481.9990626471374	0.12325720000012552	epochs	2.0
1481.9990626471374	0.06206580000002759	epochs	3.0
1482.0611284471374	0.06119140000009793	epochs	3.0
1482.1223198471375	0.11985540000000583	epochs	2.0
1482.1223198471375	0.060341099999959624	epochs	3.0
1482.1826609471375	0.059514300000046205	epochs	3.0
1482.2421752471375	0.1166361999999026	epochs	2.0
1482.2421752471375	0.058709599999929196	epochs	3.0
1482.3008848471375	0.057926599999973405	epochs	3.0
1482.3588114471374	0.11358560000007856	epochs	2.0
1482.3588114471374	0.05716419999998834	epochs	3.0
1482.4159756471374	0.056421400000090216	epochs	3.0
1482.4723970471375	0.11069049999991876	epochs	2.0
1482.4723970471375	0.055697900000041045	epochs	3.0
1482.5280949471376	0.05499259999987771	epochs	3.0
1482.5830875471374	0.1079391000000669	epochs	2.0
1482.5830875471374	0.05430490000003374	epochs	3.0
1482.6373924471375	0.05363420000003316	epochs	3.0
1482.6910266471375	0.10532149999994544	epochs	2.0
1482.6910266471375	0.05297999999993408	epochs	3.0
1482.7440066471374	0.052341500000011365	epochs	3.0
1482.7963481471375	0.10282759999995505	epochs	2.0
1482.7963481471375	0.05171810000001642	epochs	3.0
1482.8480662471375	0.051109499999938635	epochs	3.0
1482.8991757471374	0.10044910000010532	epochs	2.0
1482.8991757471374	0.050514900000052876	epochs	3.0
1482.9496906471375	0.04993420000005244	epochs	3.0
1482.9996248471375	0.0981782999999723	epochs	2.0
1482.9996248471375	0.04936659999998483	epochs	3.0
1483.0489914471375	0.04881169999998747	epochs	3.0
1483.0978031471375	0.09600780000005216	epochs	2.0
1483.0978031471375	0.04826920000004975	epochs	3.0
1483.1460723471375	0.04773860000000241	epochs	3.0
1483.1938109471375	0.09393119999981536	epochs	2.0
1483.1938109471375	0.04721949999998287	epochs	3.0
1483.2410304471375	0.04671169999983249	epochs	3.0
1483.2877421471374	0.09194260000003851	epochs	2.0
1483.2877421471374	0.04621460000021216	epochs	3.0
1483.3339567471376	0.04572799999982635	epochs	3.0
1483.3796847471374	0.09003630000006524	epochs	2.0
1483.3796847471374	0.045251499999949374	epochs	3.0
1483.4249362471373	0.044784800000115865	epochs	3.0
1483.4697210471375	0.08820760000003247	epochs	2.0
1483.4697210471375	0.044327800000019124	epochs	3.0
1483.5140488471375	0.04387980000001335	epochs	3.0
1483.5579286471375	0.0864516999999978	epochs	2.0
1483.5579286471375	0.04344100000002982	epochs	3.0
1483.6013696471375	0.04301069999996798	epochs	3.0
1483.6443803471375	0.08476429999996071	epochs	2.0
1483.6443803471375	0.04258899999990717	epochs	3.0
1483.6869693471374	0.04217530000005354	epochs	3.0
1483.7291446471374	0.08314150000001064	epochs	2.0
1483.7291446471374	0.04176970000003166	epochs	3.0
1483.7709143471375	0.041371799999978975	epochs	3.0
1483.8122861471375	0.08157970000002024	epochs	2.0
1483.8122861471375	0.040981399999964196	epochs	3.0
1483.8532675471374	0.04059830000005604	epochs	3.0
1483.8938658471375	0.08007550000002084	epochs	2.0
1483.8938658471375	0.04022229999986848	epochs	3.0
1483.9340881471373	0.039853200000152356	epochs	3.0
1483.9739413471375	0.07862569999997504	epochs	2.0
1483.9739413471375	0.03949079999983951	epochs	3.0
1484.0134321471373	0.03913490000013553	epochs	3.0
1484.0525670471375	0.07722760000001472	epochs	2.0
1484.0525670471375	0.038785400000051595	epochs	3.0
1484.0913524471375	0.03844219999996312	epochs	3.0
1484.1297946471375	0.07587820000003376	epochs	2.0
1484.1297946471375	0.03810479999992822	epochs	3.0
1484.1678994471374	0.03777340000010554	epochs	3.0
1484.2056728471375	0.0745752000000266	epochs	2.0
1484.2056728471375	0.03744770000002973	epochs	3.0
1484.2431205471376	0.03712749999999687	epochs	3.0
1484.2802480471375	0.07331629999998768	epochs	2.0
1484.2802480471375	0.03681289999985893	epochs	3.0
1484.3170609471374	0.03650340000012875	epochs	3.0
1484.3535643471375	0.07209899999998015	epochs	2.0
1484.3535643471375	0.03619909999997617	epochs	3.0
1484.3897634471375	0.03589990000000398	epochs	3.0
1484.4256633471375	0.07092169999987163	epochs	2.0
1484.4256633471375	0.035605599999826154	epochs	3.0
1484.4612689471373	0.03531610000004548	epochs	3.0
1484.4965850471374	0.06978200000003199	epochs	2.0
1484.4965850471374	0.03503120000004856	epochs	3.0
1484.5316162471374	0.03475079999998343	epochs	3.0
1484.5663670471374	0.06867860000011206	epochs	2.0
1484.5663670471374	0.03447510000000875	epochs	3.0
1484.6008421471374	0.034203500000103304	epochs	3.0
1484.6350456471375	0.06760929999995824	epochs	2.0
1484.6350456471375	0.033936199999970995	epochs	3.0
1484.6689818471375	0.033673099999987244	epochs	3.0
1484.7026549471375	0.06657289999998284	epochs	2.0
1484.7026549471375	0.03341399999999339	epochs	3.0
1484.7360689471375	0.033158899999989444	epochs	3.0
1484.7692278471375	0.06556780000005347	epochs	2.0
1484.7692278471375	0.03290769999989607	epochs	3.0
1484.8021355471374	0.0326601000001574	epochs	3.0
1484.8347956471375	0.06459259999996902	epochs	2.0
1484.8347956471375	0.03241639999987456	epochs	3.0
1484.8672120471374	0.03217620000009447	epochs	3.0
1484.8993882471375	0.06364600000006249	epochs	2.0
1484.8993882471375	0.03193959999998697	epochs	3.0
1484.9313278471375	0.03170640000007552	epochs	3.0
1484.9630342471376	0.0627266999999847	epochs	2.0
1484.9630342471376	0.031476599999905375	epochs	3.0
1484.9945108471375	0.03125010000007933	epochs	3.0
1485.0257609471375	0.06183359999999993	epochs	2.0
1485.0257609471375	0.03102689999991526	epochs	3.0
1485.0567878471375	0.030806700000084675	epochs	3.0
1485.0875945471375	0.060965599999917686	epochs	2.0
1485.0875945471375	0.030589799999916067	epochs	3.0
1485.1181843471375	0.030375800000001618	epochs	3.0
1485.1485601471375	0.06012160000000222	epochs	2.0
1485.1485601471375	0.030164900000045236	epochs	3.0
1485.1787250471375	0.02995669999995698	epochs	3.0
1485.2086817471375	0.05930069999999432	epochs	2.0
1485.2086817471375	0.029751600000054168	epochs	3.0
1485.2384333471375	0.029549099999940154	epochs	3.0
1485.2679824471375	0.05850179999993088	epochs	2.0
1485.2679824471375	0.02934940000000097	epochs	3.0
1485.2973318471375	0.029152399999929912	epochs	3.0
1485.3264842471374	0.05772420000016609	epochs	2.0
1485.3264842471374	0.028958000000102402	epochs	3.0
1485.3554422471375	0.02876620000006369	epochs	3.0
1485.3842084471376	0.056967099999837956	epochs	2.0
1485.3842084471376	0.02857699999981378	epochs	3.0
1485.4127854471374	0.028390100000024177	epochs	3.0
1485.4411755471374	0.05622949999997218	epochs	2.0
1485.4411755471374	0.02820570000017142	epochs	3.0
1485.4693812471376	0.028023799999800758	epochs	3.0
1485.4974050471374	0.05551070000001346	epochs	2.0
1485.4974050471374	0.027844000000186497	epochs	3.0
1485.5252490471375	0.02766669999982696	epochs	3.0
1485.5529157471374	0.054810200000019904	epochs	2.0
1485.5529157471374	0.02749149999999645	epochs	3.0
1485.5804072471374	0.027318700000023455	epochs	3.0
1485.6077259471374	0.05412700000010773	epochs	2.0
1485.6077259471374	0.027147799999966082	epochs	3.0
1485.6348737471374	0.026979200000141645	epochs	3.0
1485.6618529471375	0.053460699999959616	epochs	2.0
1485.6618529471375	0.02681259999985741	epochs	3.0
1485.6886655471374	0.026648100000102204	epochs	3.0
1485.7153136471375	0.05281070000000909	epochs	2.0
1485.7153136471375	0.0264855999998872	epochs	3.0
1485.7417992471374	0.026325100000121893	epochs	3.0
1485.7681243471375	0.05217620000007628	epochs	2.0
1485.7681243471375	0.026166399999965506	epochs	3.0
1485.7942907471374	0.026009800000110772	epochs	3.0
1485.8203005471375	0.051556699999991906	epochs	2.0
1485.8203005471375	0.025854799999933675	epochs	3.0
1485.8461553471375	0.02570190000005823	epochs	3.0
1485.8718572471375	0.05095189999997274	epochs	2.0
1485.8718572471375	0.025550699999939752	epochs	3.0
1485.8974079471375	0.025401200000032986	epochs	3.0
1485.9228091471375	0.050360999999838896	epochs	2.0
1485.9228091471375	0.025253499999962514	epochs	3.0
1485.9480626471375	0.02510749999987638	epochs	3.0
1485.9731701471374	0.04978380000011384	epochs	2.0
1485.9731701471374	0.02496320000000196	epochs	3.0
1485.9981333471374	0.02482060000011188	epochs	3.0
1486.0229539471375	0.04921949999993558	epochs	2.0
1486.0229539471375	0.024679399999968155	epochs	3.0
1486.0476333471374	0.024540099999967424	epochs	3.0
1486.0721734471374	0.04866790000005494	epochs	2.0
1486.0721734471374	0.024402100000088467	epochs	3.0
1486.0965755471375	0.024265799999966475	epochs	3.0
1486.1208413471375	0.048128599999927246	epochs	2.0
1486.1208413471375	0.02413099999989754	epochs	3.0
1486.1449723471374	0.023997600000029706	epochs	3.0
1486.1689699471374	0.047601100000065344	epochs	2.0
1486.1689699471374	0.023865800000066884	epochs	3.0
1486.1928357471375	0.02373529999999846	epochs	3.0
1486.2165710471374	0.04708499999992455	epochs	2.0
1486.2165710471374	0.023606299999983094	epochs	3.0
1486.2401773471374	0.023478699999941455	epochs	3.0
1486.2636560471374	0.04658000000017637	epochs	2.0
1486.2636560471374	0.023352500000100918	epochs	3.0
1486.2870085471375	0.02322750000007545	epochs	3.0
1486.3102360471376	0.04608569999982137	epochs	2.0
1486.3102360471376	0.02310399999987567	epochs	3.0
1486.3333400471374	0.022981699999945704	epochs	3.0
1486.3563217471374	0.045601799999985815	epochs	2.0
1486.3563217471374	0.022860700000137513	epochs	3.0
1486.3791824471375	0.022741099999848302	epochs	3.0
1486.4019235471374	0.04512790000012501	epochs	2.0
1486.4019235471374	0.022622500000125	epochs	3.0
1486.4245460471375	0.02250540000000001	epochs	3.0
1486.4470514471375	0.0446638000000803	epochs	2.0
1486.4470514471375	0.02238929999998618	epochs	3.0
1486.4694407471375	0.022274500000094122	epochs	3.0
1486.4917152471376	0.044209199999841076	epochs	2.0
1486.4917152471376	0.022160799999937808	epochs	3.0
1486.5138760471375	0.022048399999903268	epochs	3.0
1486.5359244471374	0.04376360000014756	epochs	2.0
1486.5359244471374	0.021936900000127935	epochs	3.0
1486.5578613471375	0.021826700000019628	epochs	3.0
1486.5796880471376	0.04332709999994222	epochs	2.0
1486.5796880471376	0.021717599999874437	epochs	3.0
1486.6014056471374	0.021609500000067783	epochs	3.0
1486.6230151471375	0.04289900000003399	epochs	2.0
1486.6230151471375	0.02150249999999687	epochs	3.0
1486.6445176471375	0.021396500000037122	epochs	3.0
1486.6659141471375	0.04247949999989942	epochs	2.0
1486.6659141471375	0.021291699999892444	epochs	3.0
1486.6872058471374	0.021187800000006973	epochs	3.0
1486.7083936471374	0.04206790000012006	epochs	2.0
1486.7083936471374	0.02108490000000529	epochs	3.0
1486.7294785471374	0.02098300000011477	epochs	3.0
1486.7504615471375	0.04166439999994509	epochs	2.0
1486.7504615471375	0.020882199999959994	epochs	3.0
1486.7713437471375	0.020782199999985096	epochs	3.0
1486.7921259471375	0.041268499999887354	epochs	2.0
1486.7921259471375	0.020683299999973315	epochs	3.0
1486.8128092471375	0.02058519999991404	epochs	3.0
1486.8333944471374	0.04088000000001557	epochs	2.0
1486.8333944471374	0.020488099999965925	epochs	3.0
1486.8538825471373	0.020391900000049645	epochs	3.0
1486.8742744471374	0.04049880000002304	epochs	2.0
1486.8742744471374	0.0202966000001652	epochs	3.0
1486.8945710471376	0.02020219999985784	epochs	3.0
1486.9147732471374	0.04012460000012652	epochs	2.0
1486.9147732471374	0.02010870000003706	epochs	3.0
1486.9348819471375	0.02001590000008946	epochs	3.0
1486.9548978471375	0.03975730000001931	epochs	2.0
1486.9548978471375	0.0199241999998776	epochs	3.0
1486.9748220471374	0.019833100000141712	epochs	3.0
1486.9946551471376	0.03939669999999751	epochs	2.0
1486.9946551471376	0.019742999999834865	epochs	3.0
1487.0143981471374	0.019653700000162644	epochs	3.0
1487.0340518471376	0.03904239999997117	epochs	2.0
1487.0340518471376	0.019565099999908853	epochs	3.0
1487.0536169471375	0.019477300000062314	epochs	3.0
1487.0730942471375	0.03869459999987157	epochs	2.0
1487.0730942471375	0.019390400000020236	epochs	3.0
1487.0924846471376	0.019304199999851335	epochs	3.0
1487.1117888471374	0.03835290000006353	epochs	2.0
1487.1117888471374	0.019218800000089686	epochs	3.0
1487.1310076471375	0.01913409999997384	epochs	3.0
1487.1501417471375	0.03801720000001296	epochs	2.0
1487.1501417471375	0.019050200000037876	epochs	3.0
1487.1691919471375	0.018966999999975087	epochs	3.0
1487.1881589471375	0.03768719999993664	epochs	2.0
1487.1881589471375	0.01888450000001285	epochs	3.0
1487.2070434471375	0.01880269999992379	epochs	3.0
1487.2258461471374	0.03736309999999321	epochs	2.0
1487.2258461471374	0.018721700000014607	epochs	3.0
1487.2445678471374	0.018641399999978603	epochs	3.0
1487.2632092471374	0.03704429999993408	epochs	2.0
1487.2632092471374	0.018561600000111866	epochs	3.0
1487.2817708471375	0.018482699999822216	epochs	3.0
1487.3002535471373	0.036731000000145286	epochs	2.0
1487.3002535471373	0.01840430000015658	epochs	3.0
1487.3186578471375	0.018326699999988705	epochs	3.0
1487.3369845471375	0.03642289999993409	epochs	2.0
1487.3369845471375	0.018249599999990096	epochs	3.0
1487.3552341471375	0.018173299999943993	epochs	3.0
1487.3734074471374	0.03612010000006194	epochs	2.0
1487.3734074471374	0.01809759999991911	epochs	3.0
1487.3915050471373	0.018022500000142827	epochs	3.0
1487.4095275471375	0.03582209999990482	epochs	2.0
1487.4095275471375	0.01794789999985369	epochs	3.0
1487.4274754471373	0.017874200000051133	epochs	3.0
1487.4453496471374	0.03552899999999681	epochs	2.0
1487.4453496471374	0.017800800000031813	epochs	3.0
1487.4631504471374	0.017728199999965	epochs	3.0
1487.4808786471374	0.03524070000003121	epochs	2.0
1487.4808786471374	0.017656100000067454	epochs	3.0
1487.4985347471375	0.017584599999963757	epochs	3.0
1487.5161193471374	0.03495709999992869	epochs	2.0
1487.5161193471374	0.017513700000108656	epochs	3.0
1487.5336330471375	0.01744339999982003	epochs	3.0
1487.5510764471373	0.03467790000013338	epochs	2.0
1487.5510764471373	0.01737360000015542	epochs	3.0
1487.5684500471375	0.017304299999977957	epochs	3.0
1487.5857543471375	0.03440329999989444	epochs	2.0
1487.5857543471375	0.017235699999901044	epochs	3.0
1487.6029900471374	0.0171675999999934	epochs	3.0
1487.6201576471374	0.034132800000179486	epochs	2.0
1487.6201576471374	0.017099900000175694	epochs	3.0
1487.6372575471376	0.017032900000003792	epochs	3.0
1487.6542904471376	0.03386669999986225	epochs	2.0
1487.6542904471376	0.01696640000000116	epochs	3.0
1487.6712568471376	0.01690029999986109	epochs	3.0
1487.6881571471374	0.03360459999998966	epochs	2.0
1487.6881571471374	0.01683479999996962	epochs	3.0
1487.7049919471374	0.01676980000002004	epochs	3.0
1487.7217617471374	0.033346599999958926	epochs	2.0
1487.7217617471374	0.016705300000012357	epochs	3.0
1487.7384670471374	0.01664129999994657	epochs	3.0
1487.7551083471374	0.03309250000006614	epochs	2.0
1487.7551083471374	0.016577800000050047	epochs	3.0
1487.7716861471374	0.01651470000001609	epochs	3.0
1487.7882008471374	0.032842300000083924	epochs	2.0
1487.7882008471374	0.01645220000000336	epochs	3.0
1487.8046530471374	0.016390100000080565	epochs	3.0
1487.8210431471375	0.03259570000000167	epochs	2.0
1487.8210431471375	0.016328400000020338	epochs	3.0
1487.8373715471375	0.016267299999981333	epochs	3.0
1487.8536388471375	0.032352899999978035	epochs	2.0
1487.8536388471375	0.016206600000032267	epochs	3.0
1487.8698454471375	0.016146299999945768	epochs	3.0
1487.8859917471375	0.03211369999985436	epochs	2.0
1487.8859917471375	0.01608659999988049	epochs	3.0
1487.9020783471374	0.01602709999997387	epochs	3.0
1487.9181054471373	0.03187800000000607	epochs	2.0
1487.9181054471373	0.015968200000088473	epochs	3.0
1487.9340736471374	0.015909799999917595	epochs	3.0
1487.9499834471374	0.03164570000012645	epochs	2.0
1487.9499834471374	0.01585160000013275	epochs	3.0
1487.9658350471375	0.015794099999993705	epochs	3.0
1487.9816291471375	0.031416699999908815	epochs	2.0
1487.9816291471375	0.01573669999993399	epochs	3.0
1487.9973658471374	0.015679999999974825	epochs	3.0
1488.0130458471374	0.031191100000114602	epochs	2.0
1488.0130458471374	0.015623600000026272	epochs	3.0
1488.0286694471374	0.01556750000008833	epochs	3.0
1488.0442369471375	0.030968699999903038	epochs	2.0
1488.0442369471375	0.015511999999944237	epochs	3.0
1488.0597489471375	0.0154566999999588	epochs	3.0
1488.0752056471374	0.030749499999956242	epochs	2.0
1488.0752056471374	0.015401999999994587	epochs	3.0
1488.0906076471374	0.015347499999961656	epochs	3.0
1488.1059551471374	0.03053320000003623	epochs	2.0
1488.1059551471374	0.015293400000018664	epochs	3.0
1488.1212485471374	0.015239800000017567	epochs	3.0
1488.1364883471374	0.030320100000153616	epochs	2.0
1488.1364883471374	0.015186500000027081	epochs	3.0
1488.1516748471374	0.015133600000126535	epochs	3.0
1488.1668084471376	0.030109899999843037	epochs	2.0
1488.1668084471376	0.015081000000009226	epochs	3.0
1488.1818894471376	0.015028899999833811	epochs	3.0
1488.1969183471374	0.029902500000162036	epochs	2.0
1488.1969183471374	0.014977000000044427	epochs	3.0
1488.2118953471374	0.014925500000117609	epochs	3.0
1488.2268208471376	0.029698099999905025	epochs	2.0
1488.2268208471376	0.014874399999825982	epochs	3.0
1488.2416952471374	0.014823700000079043	epochs	3.0
1488.2565189471375	0.029496299999891562	epochs	2.0
1488.2565189471375	0.014773200000036013	epochs	3.0
1488.2712921471375	0.014723099999855549	epochs	3.0
1488.2860152471374	0.029297400000132257	epochs	2.0
1488.2860152471374	0.014673399999992398	epochs	3.0
1488.3006886471373	0.014624000000139858	epochs	3.0
1488.3153126471375	0.029101099999934377	epochs	2.0
1488.3153126471375	0.014574900000070556	epochs	3.0
1488.3298875471376	0.01452619999986382	epochs	3.0
1488.3444137471374	0.028907399999980044	epochs	2.0
1488.3444137471374	0.014477700000043114	epochs	3.0
1488.3588914471375	0.014429699999936929	epochs	3.0
1488.3733211471374	0.028716199999962555	epochs	2.0
1488.3733211471374	0.014381800000137446	epochs	3.0
1488.3877029471375	0.01433439999982511	epochs	3.0
1488.4020373471374	0.028527600000188613	epochs	2.0
1488.4020373471374	0.014287200000126177	epochs	3.0
1488.4163245471375	0.014240400000062436	epochs	3.0
1488.4305649471376	0.02834139999981744	epochs	2.0
1488.4305649471376	0.014193799999929979	epochs	3.0
1488.4447587471375	0.014147599999887461	epochs	3.0
1488.4589063471374	0.028157700000065233	epochs	2.0
1488.4589063471374	0.014101700000082928	epochs	3.0
1488.4730080471375	0.014055999999982305	epochs	3.0
1488.4870640471374	0.027976300000091214	epochs	2.0
1488.4870640471374	0.014010600000119666	epochs	3.0
1488.5010746471376	0.013965699999971548	epochs	3.0
1488.5150403471375	0.027797199999895383	epochs	2.0
1488.5150403471375	0.01392079999982343	epochs	3.0
1488.5289611471374	0.013876400000071953	epochs	3.0
1488.5428375471374	0.027620399999932488	epochs	2.0
1488.5428375471374	0.013832200000024386	epochs	3.0
1488.5566697471374	0.013788199999908102	epochs	3.0
1488.5704579471374	0.027445900000202528	epochs	2.0
1488.5704579471374	0.01374460000010913	epochs	3.0
1488.5842025471375	0.013701300000093397	epochs	3.0
1488.5979038471376	0.027273499999864725	epochs	2.0
1488.5979038471376	0.013658199999781573	epochs	3.0
1488.6115620471373	0.013615300000083153	epochs	3.0
1488.6251773471374	0.027103399999987232	epochs	2.0
1488.6251773471374	0.013572800000019924	epochs	3.0
1488.6387501471374	0.013530599999967308	epochs	3.0
1488.6522807471374	0.02693520000002536	epochs	2.0
1488.6522807471374	0.013488400000142065	epochs	3.0
1488.6657691471376	0.013446799999883297	epochs	3.0
1488.6792159471374	0.026769199999989723	epochs	2.0
1488.6792159471374	0.013405200000079276	epochs	3.0
1488.6926211471375	0.013363999999910448	epochs	3.0
1488.7059851471374	0.026605199999949036	epochs	2.0
1488.7059851471374	0.013322900000048321	epochs	3.0
1488.7193080471375	0.013282299999900715	epochs	3.0
1488.7325903471374	0.026443200000130673	epochs	2.0
1488.7325903471374	0.013241699999980483	epochs	3.0
1488.7458320471374	0.01320150000015019	epochs	3.0
1488.7590335471375	0.026283199999852513	epochs	2.0
1488.7590335471375	0.013161500000023807	epochs	3.0
1488.7721950471375	0.013121699999828706	epochs	3.0
1488.7853167471374	0.02612500000009277	epochs	2.0
1488.7853167471374	0.013082100000019636	epochs	3.0
1488.7983988471374	0.013042900000073132	epochs	3.0
1488.8114417471375	0.025968899999952555	epochs	2.0
1488.8114417471375	0.01300390000005791	epochs	3.0
1488.8244456471375	0.012964999999894644	epochs	3.0
1488.8374106471374	0.025814500000024054	epochs	2.0
1488.8374106471374	0.012926399999969362	epochs	3.0
1488.8503370471374	0.012888100000054692	epochs	3.0
1488.8632251471374	0.025661899999931848	epochs	2.0
1488.8632251471374	0.012849899999991976	epochs	3.0
1488.8760750471374	0.012811999999939871	epochs	3.0
1488.8888870471374	0.025511199999982637	epochs	2.0
1488.8888870471374	0.012774400000125752	epochs	3.0
1488.9016614471375	0.012736799999856885	epochs	3.0
1488.9143982471373	0.025362300000097093	epochs	2.0
1488.9143982471373	0.012699700000212033	epochs	3.0
1488.9270979471376	0.01266259999988506	epochs	3.0
1488.9397605471374	0.02521500000011656	epochs	2.0
1488.9397605471374	0.012625800000023446	epochs	3.0
1488.9523863471375	0.012589200000093115	epochs	3.0
1488.9649755471376	0.024584799999956886	epochs	2.0
1488.9883717471375	0.5	epochs	-1.0
1488.9895603471375	0.5011999999999261	epochs	1.0
1489.4907603471374	0.49872000000004846	epochs	0.0
1506.5400004386902	0.17856000000006134	epochs	0.0
1506.5400004386902	0.08428030000004583	epochs	1.0
1506.6242807386902	0.009999399999969683	epochs	1.0
1506.6342801386902	0.08428030000004583	epochs	1.0
1506.7185604386902	2.0	epochs	0.0
1508.7185604386902	0.5210399999998572	epochs	0.0
1508.7185604386902	0.5210399999998572	epochs	1.0
1508.7185718386902	0.5	epochs	-1.0
1509.2185718386902	0.021028599999908693	epochs	-1.0
1509.23960043869	21.478880000000117	epochs	0.0
1510.6230001449585	0.17856000000006134	epochs	0.0
1510.6230001449585	0.08428030000004583	epochs	1.0
1510.7072804449585	0.009999399999969683	epochs	1.0
1510.7172798449585	0.08428030000004583	epochs	1.0
1510.8015601449586	2.0	epochs	0.0
1512.8015601449586	1.2410399999998845	epochs	0.0
1512.8015601449586	1.0	epochs	1.0
1512.8015715449585	0.5	epochs	-1.0
1513.3015715449585	0.741028599999936	epochs	-1.0
1513.8015601449586	0.24103999999988446	epochs	-1.0
1513.8015601449586	0.24103999999988446	epochs	1.0
1513.8015601449586	0.24103999999988446	epochs	2.0
1513.8015601449586	0.24103999999988446	epochs	3.0
1514.0426001449584	20.75888000000009	epochs	0.0
1515.3940000534058	0.17856000000006134	epochs	0.0
1515.3940000534058	0.08428030000004583	epochs	1.0
1515.4782803534058	0.009999399999969683	epochs	1.0
1515.4882797534058	0.08428030000004583	epochs	1.0
1515.5725600534058	2.0	epochs	0.0
1517.5725600534058	1.281039999999848	epochs	0.0
1517.5725600534058	1.0	epochs	1.0
1517.5725714534058	0.5	epochs	-1.0
1518.0725714534058	0.7810285999998996	epochs	-1.0
1518.5725600534058	0.2810399999998481	epochs	-1.0
1518.5725600534058	0.2810399999998481	epochs	1.0
1518.5725600534058	0.2810399999998481	epochs	2.0
1518.5725600534058	0.2810399999998481	epochs	3.0
1518.8536000534057	20.718880000000127	epochs	0.0
1520.2430000305176	0.17856000000006134	epochs	0.0
1520.2430000305176	0.08428030000004583	epochs	1.0
1520.3272803305176	0.009999399999969683	epochs	1.0
1520.3372797305176	0.08428030000004583	epochs	1.0
1520.4215600305176	2.0	epochs	0.0
1522.4215600305176	1.3410400000000209	epochs	0.0
1522.4215600305176	1.0	epochs	1.0
1522.4215714305176	0.5	epochs	-1.0
1522.9215714305176	0.8410286000000724	epochs	-1.0
1523.4215600305176	0.3410400000000209	epochs	-1.0
1523.4215600305176	0.3410400000000209	epochs	1.0
1523.4215600305176	0.3410400000000209	epochs	2.0
1523.4215600305176	0.3410400000000209	epochs	3.0
1523.7626000305177	20.658879999999954	epochs	0.0
1525.1820001602173	0.17856000000006134	epochs	0.0
1525.1820001602173	0.08428030000004583	epochs	1.0
1525.2662804602173	0.009999399999969683	epochs	1.0
1525.2762798602173	0.08428030000004583	epochs	1.0
1525.3605601602173	2.0	epochs	0.0
1527.3605601602173	1.4420800000000327	epochs	0.0
1527.3605601602173	1.0	epochs	1.0
1527.3605715602173	0.5	epochs	-1.0
1527.8605715602173	0.9420686000000842	epochs	-1.0
1528.3605601602173	0.44208000000003267	epochs	-1.0
1528.3605601602173	0.44208000000003267	epochs	1.0
1528.3605601602173	0.44208000000003267	epochs	2.0
1528.3605601602173	0.44208000000003267	epochs	3.0
1528.8026401602174	20.557839999999942	epochs	0.0
1530.1960000991821	0.17856000000006134	epochs	0.0
1530.1960000991821	0.08428030000004583	epochs	1.0
1530.2802803991822	0.009999399999969683	epochs	1.0
1530.2902797991821	0.08428030000004583	epochs	1.0
1530.3745600991822	2.0	epochs	0.0
1532.3745600991822	1.3010399999998299	epochs	0.0
1532.3745600991822	1.0	epochs	1.0
1532.3745714991821	0.5	epochs	-1.0
1532.8745714991821	0.8010285999998814	epochs	-1.0
1533.3745600991822	0.3010399999998299	epochs	-1.0
1533.3745600991822	0.3010399999998299	epochs	1.0
1533.3745600991822	0.3010399999998299	epochs	2.0
1533.3745600991822	0.3010399999998299	epochs	3.0
1533.675600099182	20.698880000000145	epochs	0.0
1535.0840001106262	0.17856000000006134	epochs	0.0
1535.0840001106262	0.08428030000004583	epochs	1.0
1535.1682804106263	0.009999399999969683	epochs	1.0
1535.1782798106262	0.08428030000004583	epochs	1.0
1535.2625601106263	2.0	epochs	0.0
1537.2625601106263	1.3410400000000209	epochs	0.0
1537.2625601106263	1.0	epochs	1.0
1537.2625715106262	0.5	epochs	-1.0
1537.7625715106262	0.8410286000000724	epochs	-1.0
1538.2625601106263	0.3410400000000209	epochs	-1.0
1538.2625601106263	0.3410400000000209	epochs	1.0
1538.2625601106263	0.3410400000000209	epochs	2.0
1538.2625601106263	0.3410400000000209	epochs	3.0
1538.6036001106263	20.658879999999954	epochs	0.0
1540.0220003128052	0.17856000000006134	epochs	0.0
1540.0220003128052	0.08428030000004583	epochs	1.0
1540.1062806128052	0.009999399999969683	epochs	1.0
1540.1162800128052	0.08428030000004583	epochs	1.0
1540.2005603128052	2.0	epochs	0.0
1542.2005603128052	0.5210399999998572	epochs	0.0
1542.2005603128052	0.5210399999998572	epochs	1.0
1542.2005717128052	0.5	epochs	-1.0
1542.7005717128052	0.021028599999908693	epochs	-1.0
1542.721600312805	21.478880000000117	epochs	0.0
1544.170000076294	0.17856000000006134	epochs	0.0
1544.170000076294	0.08428030000004583	epochs	1.0
1544.254280376294	0.009999399999969683	epochs	1.0
1544.264279776294	0.08428030000004583	epochs	1.0
1544.348560076294	2.0	epochs	0.0
1546.348560076294	0.5210399999998572	epochs	0.0
1546.348560076294	0.5210399999998572	epochs	1.0
1546.348571476294	0.5	epochs	-1.0
1546.848571476294	0.021028599999908693	epochs	-1.0
1546.8696000762939	21.478880000000117	epochs	0.0
1562.0070004463196	0.17856000000006134	epochs	0.0
1562.0070004463196	0.08428030000004583	epochs	1.0
1562.0912807463196	0.009999399999969683	epochs	1.0
1562.1012801463196	0.08428030000004583	epochs	1.0
1562.1855604463196	0.2299199999999928	epochs	0.0
1562.1855604463196	0.049999999999954525	epochs	1.0
1562.2355604463196	0.009999999999990905	epochs	1.0
1562.2455604463196	0.049999999999954525	epochs	1.0
1562.2955604463195	0.009999999999990905	epochs	1.0
1562.3055604463195	0.049999999999954525	epochs	1.0
1562.3555604463195	0.009999999999990905	epochs	1.0
1562.3655604463195	0.049920000000156506	epochs	1.0
