onset	duration	nwb_table	treelevel
8.211999893188477	0.09999999999999964	epochs	0.0
8.211999893188477	0.04499999999999993	epochs	1.0
8.256999893188476	0.009999999999999787	epochs	1.0
8.266999893188476	0.04499999999999993	epochs	1.0
8.311999893188476	0.7049950000000003	epochs	0.0
8.311999893188476	0.5	epochs	-1.0
8.311999893188476	0.5	epochs	-1.0
8.311999893188476	0.5	epochs	1.0
8.811999893188476	0.0600000000000005	epochs	-1.0
8.811999893188476	0.025000000000000355	epochs	-1.0
8.811999893188476	0.025000000000000355	epochs	1.0
8.836999893188477	0.009999999999999787	epochs	-1.0
8.836999893188477	0.009999999999999787	epochs	1.0
8.846999893188476	0.025000000000000355	epochs	-1.0
8.846999893188476	0.025000000000000355	epochs	1.0
8.871999893188477	0.0600000000000005	epochs	-1.0
8.871999893188477	0.025000000000000355	epochs	-1.0
8.871999893188477	0.025000000000000355	epochs	1.0
8.896999893188477	0.009999999999999787	epochs	-1.0
8.896999893188477	0.009999999999999787	epochs	1.0
8.906999893188477	0.025000000000000355	epochs	-1.0
8.906999893188477	0.025000000000000355	epochs	1.0
8.931999893188477	0.05999999999999872	epochs	-1.0
8.931999893188477	0.02499999999999858	epochs	-1.0
8.931999893188477	0.02499999999999858	epochs	1.0
8.956999893188476	0.010000000000001563	epochs	-1.0
8.956999893188476	0.010000000000001563	epochs	1.0
8.966999893188477	0.02499999999999858	epochs	-1.0
8.966999893188477	0.02499999999999858	epochs	1.0
8.991999893188476	0.024995000000000545	epochs	1.0
695.7870001792908	0.10000000000002274	epochs	0.0
695.7870001792908	0.04499999999995907	epochs	1.0
695.8320001792907	0.009999999999990905	epochs	1.0
695.8420001792907	0.04500000000007276	epochs	1.0
695.8870001792908	0.7049949999999399	epochs	0.0
695.8870001792908	0.5	epochs	-1.0
695.8870001792908	0.5	epochs	1.0
696.3870001792908	0.05999999999994543	epochs	-1.0
696.3870001792908	0.024999999999977263	epochs	-1.0
696.3870001792908	0.024999999999977263	epochs	1.0
696.4120001792908	0.009999999999990905	epochs	-1.0
696.4120001792908	0.009999999999990905	epochs	1.0
696.4220001792908	0.024999999999977263	epochs	-1.0
696.4220001792908	0.024999999999977263	epochs	1.0
696.4470001792907	0.06000000000005912	epochs	-1.0
696.4470001792907	0.024999999999977263	epochs	-1.0
696.4470001792907	0.024999999999977263	epochs	1.0
696.4720001792907	0.010000000000104592	epochs	-1.0
696.4720001792907	0.010000000000104592	epochs	1.0
696.4820001792908	0.024999999999977263	epochs	-1.0
696.4820001792908	0.024999999999977263	epochs	1.0
696.5070001792908	0.05999999999994543	epochs	-1.0
696.5070001792908	0.024999999999977263	epochs	-1.0
696.5070001792908	0.024999999999977263	epochs	1.0
696.5320001792908	0.009999999999990905	epochs	-1.0
696.5320001792908	0.009999999999990905	epochs	1.0
696.5420001792908	0.024999999999977263	epochs	-1.0
696.5420001792908	0.024999999999977263	epochs	1.0
696.5670001792907	0.024994999999989886	epochs	1.0
758.8200001716614	0.10000000000002274	epochs	0.0
758.8200001716614	0.04499999999995907	epochs	1.0
758.8650001716613	0.009999999999990905	epochs	1.0
758.8750001716613	0.04500000000007276	epochs	1.0
758.9200001716614	61.384995	epochs	0.0
758.9200001716614	0.5	epochs	-1.0
758.9200001716614	0.5	epochs	-1.0
758.9200001716614	0.5	epochs	1.0
759.4200001716614	0.05999999999994543	epochs	-1.0
759.4200001716614	0.024999999999977263	epochs	-1.0
759.4200001716614	0.024999999999977263	epochs	1.0
759.4450001716614	0.009999999999990905	epochs	-1.0
759.4450001716614	0.009999999999990905	epochs	1.0
759.4550001716614	0.024999999999977263	epochs	-1.0
759.4550001716614	0.024999999999977263	epochs	1.0
759.4800001716613	0.06000000000005912	epochs	-1.0
759.4800001716613	0.024999999999977263	epochs	-1.0
759.4800001716613	0.024999999999977263	epochs	1.0
759.5050001716613	0.010000000000104592	epochs	-1.0
759.5050001716613	0.010000000000104592	epochs	1.0
759.5150001716614	0.024999999999977263	epochs	-1.0
759.5150001716614	0.024999999999977263	epochs	1.0
759.5400001716614	0.05999999999994543	epochs	-1.0
759.5400001716614	0.024999999999977263	epochs	-1.0
759.5400001716614	0.024999999999977263	epochs	1.0
759.5650001716614	0.009999999999990905	epochs	-1.0
759.5650001716614	0.009999999999990905	epochs	1.0
759.5750001716614	0.024999999999977263	epochs	-1.0
759.5750001716614	0.024999999999977263	epochs	1.0
759.6000001716613	60.0	epochs	1.0
819.6000001716613	0.5	epochs	-1.0
819.6000001716613	0.5	epochs	-1.0
819.6000001716613	0.5	epochs	1.0
820.1000001716613	0.06000000000005912	epochs	-1.0
820.1000001716613	0.024999999999977263	epochs	-1.0
820.1000001716613	0.024999999999977263	epochs	1.0
820.1250001716613	0.010000000000104592	epochs	-1.0
820.1250001716613	0.010000000000104592	epochs	1.0
820.1350001716614	0.024999999999977263	epochs	-1.0
820.1350001716614	0.024999999999977263	epochs	1.0
820.1600001716614	0.05999999999994543	epochs	-1.0
820.1600001716614	0.024999999999977263	epochs	-1.0
820.1600001716614	0.024999999999977263	epochs	1.0
820.1850001716614	0.009999999999990905	epochs	-1.0
820.1850001716614	0.009999999999990905	epochs	1.0
820.1950001716614	0.024999999999977263	epochs	-1.0
820.1950001716614	0.024999999999977263	epochs	1.0
820.2200001716614	0.06000000000005912	epochs	-1.0
820.2200001716614	0.024999999999977263	epochs	-1.0
820.2200001716614	0.024999999999977263	epochs	1.0
820.2450001716613	0.009999999999990905	epochs	-1.0
820.2450001716613	0.009999999999990905	epochs	1.0
820.2550001716613	0.02500000000009095	epochs	-1.0
820.2550001716613	0.02500000000009095	epochs	1.0
820.2800001716614	0.024994999999989886	epochs	1.0
843.3559999465942	0.10000000000002274	epochs	0.0
843.3559999465942	0.04499999999995907	epochs	1.0
843.4009999465942	0.009999999999990905	epochs	1.0
843.4109999465942	0.04500000000007276	epochs	1.0
843.4559999465943	0.7049949999999399	epochs	0.0
843.4559999465943	0.5	epochs	-1.0
843.4559999465943	0.5	epochs	-1.0
843.4559999465943	0.5	epochs	1.0
843.9559999465943	0.05999999999994543	epochs	-1.0
843.9559999465943	0.024999999999977263	epochs	-1.0
843.9559999465943	0.024999999999977263	epochs	1.0
843.9809999465942	0.009999999999990905	epochs	-1.0
843.9809999465942	0.009999999999990905	epochs	1.0
843.9909999465942	0.024999999999977263	epochs	-1.0
843.9909999465942	0.024999999999977263	epochs	1.0
844.0159999465942	0.06000000000005912	epochs	-1.0
844.0159999465942	0.024999999999977263	epochs	-1.0
844.0159999465942	0.024999999999977263	epochs	1.0
844.0409999465942	0.010000000000104592	epochs	-1.0
844.0409999465942	0.010000000000104592	epochs	1.0
844.0509999465943	0.024999999999977263	epochs	-1.0
844.0509999465943	0.024999999999977263	epochs	1.0
844.0759999465943	0.05999999999994543	epochs	-1.0
844.0759999465943	0.024999999999977263	epochs	-1.0
844.0759999465943	0.024999999999977263	epochs	1.0
844.1009999465942	0.009999999999990905	epochs	-1.0
844.1009999465942	0.009999999999990905	epochs	1.0
844.1109999465942	0.024999999999977263	epochs	-1.0
844.1109999465942	0.024999999999977263	epochs	1.0
844.1359999465942	0.024994999999989886	epochs	1.0
875.3159999847412	0.04516000000000986	epochs	0.0
875.3159999847412	0.017580800000018826	epochs	1.0
875.3335807847412	0.009998399999972207	epochs	1.0
875.3435791847412	0.017580800000018826	epochs	1.0
875.3611599847412	5.999979999999937	epochs	0.0
875.3611599847412	0.5	epochs	1.0
875.3611670847412	0.5	epochs	-1.0
875.3611670847412	0.5	epochs	-1.0
875.8611599847412	5.0	epochs	1.0
880.8611599847412	0.4999799999999368	epochs	1.0
880.8611670847412	0.49997289999998884	epochs	-1.0
884.7569999694824	0.04516000000000986	epochs	0.0
884.7569999694824	0.017580800000018826	epochs	1.0
884.7745807694824	0.009998399999972207	epochs	1.0
884.7845791694824	0.017580800000018826	epochs	1.0
884.8021599694824	2.514819999999986	epochs	0.0
884.8021599694824	0.5	epochs	1.0
884.8021670694824	0.5	epochs	-1.0
885.3021599694824	1.0	epochs	1.0
886.3021599694824	1.014819999999986	epochs	1.0
886.8021670694824	0.5	epochs	-1.0
887.3169799694824	0.9851599999999507	epochs	0.0
887.6389999389648	0.04516000000000986	epochs	0.0
887.6389999389648	0.017580800000018826	epochs	1.0
887.6565807389649	0.009998399999972207	epochs	1.0
887.6665791389648	0.017580800000018826	epochs	1.0
887.6841599389649	2.5146399999999858	epochs	0.0
887.6841599389649	0.5	epochs	1.0
887.6841670389648	0.5	epochs	-1.0
888.1841599389649	1.0	epochs	1.0
889.1841599389649	1.0146399999999858	epochs	1.0
889.6841670389648	0.5	epochs	-1.0
890.1987999389648	0.985339999999951	epochs	0.0
890.4980001449585	0.04516000000000986	epochs	0.0
890.4980001449585	0.017580800000018826	epochs	1.0
890.5155809449585	0.009998399999972207	epochs	1.0
890.5255793449585	0.017580800000018826	epochs	1.0
890.5431601449585	2.515700000000038	epochs	0.0
890.5431601449585	0.5	epochs	1.0
890.5431672449585	0.5	epochs	-1.0
891.0431601449585	1.0	epochs	1.0
892.0431601449585	1.015700000000038	epochs	1.0
892.5431672449585	0.5	epochs	-1.0
893.0588601449585	0.9842799999998988	epochs	0.0
893.3570003509521	0.04516000000000986	epochs	0.0
893.3570003509521	0.017580800000018826	epochs	1.0
893.3745811509522	0.009998399999972207	epochs	1.0
893.3845795509521	0.017580800000018826	epochs	1.0
893.4021603509522	2.5146799999999985	epochs	0.0
893.4021603509522	0.5	epochs	1.0
893.4021674509521	0.5	epochs	-1.0
893.9021603509522	1.0	epochs	1.0
894.9021603509522	1.0146799999999985	epochs	1.0
895.4021674509521	0.5	epochs	-1.0
895.9168403509522	0.9852999999999383	epochs	0.0
896.2300000190735	0.04516000000000986	epochs	0.0
896.2300000190735	0.017580800000018826	epochs	1.0
896.2475808190735	0.009998399999972207	epochs	1.0
896.2575792190735	0.017580800000018826	epochs	1.0
896.2751600190735	2.514760000000024	epochs	0.0
896.2751600190735	0.5	epochs	1.0
896.2751671190734	0.5	epochs	-1.0
896.7751600190735	1.0	epochs	1.0
897.7751600190735	1.0147600000000239	epochs	1.0
898.2751671190734	0.5	epochs	-1.0
898.7899200190735	0.9852199999999129	epochs	0.0
899.1340003013611	0.6499800000000278	epochs	0.0
899.1340003013611	0.049999999999954525	epochs	1.0
899.184000301361	0.5	epochs	1.0
899.684000301361	0.09998000000007323	epochs	1.0
900.1800003051758	0.6499800000000278	epochs	0.0
900.1800003051758	0.049999999999954525	epochs	1.0
900.2300003051757	0.5	epochs	1.0
900.7300003051757	0.09998000000007323	epochs	1.0
901.1860003471375	0.6499800000000278	epochs	0.0
901.1860003471375	0.049999999999954525	epochs	1.0
901.2360003471374	0.5	epochs	1.0
901.7360003471374	0.09998000000007323	epochs	1.0
902.2130002975464	0.6499800000000278	epochs	0.0
902.2130002975464	0.049999999999954525	epochs	1.0
902.2630002975463	0.5	epochs	1.0
902.7630002975463	0.09998000000007323	epochs	1.0
903.2300000190735	0.6499800000000278	epochs	0.0
903.2300000190735	0.049999999999954525	epochs	1.0
903.2800000190734	0.5	epochs	1.0
903.7800000190734	0.09998000000007323	epochs	1.0
904.2639999389648	0.6499800000000278	epochs	0.0
904.2639999389648	0.049999999999954525	epochs	1.0
904.3139999389648	0.5	epochs	1.0
904.8139999389648	0.09998000000007323	epochs	1.0
905.331000328064	0.04516000000000986	epochs	0.0
905.331000328064	0.017580800000018826	epochs	1.0
905.348581128064	0.009998399999972207	epochs	1.0
905.358579528064	0.017580800000018826	epochs	1.0
905.376160328064	2.5146599999999353	epochs	0.0
905.376160328064	0.5	epochs	1.0
905.3761674280639	0.5	epochs	-1.0
905.876160328064	1.0	epochs	1.0
906.876160328064	1.0146599999999353	epochs	1.0
907.3761674280639	0.5	epochs	-1.0
907.8908203280639	2.9853200000000015	epochs	0.0
910.5329999923706	0.04516000000000986	epochs	0.0
910.5329999923706	0.017580800000018826	epochs	1.0
910.5505807923706	0.009998399999972207	epochs	1.0
910.5605791923706	0.017580800000018826	epochs	1.0
910.5781599923706	2.5146799999999985	epochs	0.0
910.5781599923706	0.5	epochs	1.0
910.5781670923706	0.5	epochs	-1.0
911.0781599923706	1.0	epochs	1.0
912.0781599923706	1.0146799999999985	epochs	1.0
912.5781670923706	0.5	epochs	-1.0
913.0928399923706	2.9852999999999383	epochs	0.0
915.7780003547668	0.04516000000000986	epochs	0.0
915.7780003547668	0.017580800000018826	epochs	1.0
915.7955811547669	0.009998399999972207	epochs	1.0
915.8055795547668	0.017580800000018826	epochs	1.0
915.8231603547669	2.515700000000038	epochs	0.0
915.8231603547669	0.5	epochs	1.0
915.8231674547668	0.5	epochs	-1.0
916.3231603547669	1.0	epochs	1.0
917.3231603547669	1.015700000000038	epochs	1.0
917.8231674547668	0.5	epochs	-1.0
918.3388603547669	3.984279999999899	epochs	0.0
918.75	0.04516000000000986	epochs	0.0
918.75	0.017580800000018826	epochs	1.0
918.7675808	0.009998399999972207	epochs	1.0
918.7775792	0.017580800000018826	epochs	1.0
918.79516	6.499979999999937	epochs	0.0
918.79516	0.5	epochs	1.0
918.7951671	0.5	epochs	-1.0
919.29516	1.0	epochs	1.0
920.29516	4.999979999999937	epochs	1.0
920.7951671	0.5	epochs	-1.0
921.2951671	0.5	epochs	-1.0
921.7951671	0.5	epochs	-1.0
922.2951671	0.5	epochs	-1.0
922.7951671	0.5	epochs	-1.0
923.2951671	0.5	epochs	-1.0
923.7951671	0.5	epochs	-1.0
924.2951671	0.5	epochs	-1.0
925.8330001831055	0.04516000000000986	epochs	0.0
925.8330001831055	0.017580800000018826	epochs	1.0
925.8505809831055	0.009998399999972207	epochs	1.0
925.8605793831055	0.017580800000018826	epochs	1.0
925.8781601831055	0.5547599999999875	epochs	0.0
925.8781601831055	0.5	epochs	1.0
925.8781672831054	0.5	epochs	-1.0
926.3781601831055	0.054759999999987485	epochs	1.0
926.4329201831055	5.945219999999949	epochs	0.0
941.9980001449585	0.04516000000000986	epochs	0.0
941.9980001449585	0.017580800000018826	epochs	1.0
942.0155809449585	0.009998399999972207	epochs	1.0
942.0255793449585	0.017580800000018826	epochs	1.0
942.0431601449585	2.5146799999999985	epochs	0.0
942.0431601449585	0.5	epochs	1.0
942.0431672449585	0.5	epochs	-1.0
942.5431601449585	1.0	epochs	1.0
943.5431601449585	1.0146799999999985	epochs	1.0
944.0431672449585	0.5	epochs	-1.0
944.5578401449585	3.9852999999999383	epochs	0.0
945.0130000114441	0.04516000000000986	epochs	0.0
945.0130000114441	0.017580800000018826	epochs	1.0
945.0305808114441	0.009998399999972207	epochs	1.0
945.0405792114441	0.017580800000018826	epochs	1.0
945.0581600114441	4.5146799999999985	epochs	0.0
945.0581600114441	0.5	epochs	1.0
945.058167111444	0.5	epochs	-1.0
945.5581600114441	1.0	epochs	1.0
946.5581600114441	3.0146799999999985	epochs	1.0
947.058167111444	0.5	epochs	-1.0
947.558167111444	0.5	epochs	-1.0
948.058167111444	0.5	epochs	-1.0
948.558167111444	0.5	epochs	-1.0
949.058167111444	0.5	epochs	-1.0
949.5728400114441	1.9852999999999383	epochs	0.0
950.066999912262	0.04516000000000986	epochs	0.0
950.066999912262	0.017580800000018826	epochs	1.0
950.084580712262	0.009998399999972207	epochs	1.0
950.094579112262	0.017580800000018826	epochs	1.0
950.112159912262	4.0146799999999985	epochs	0.0
950.112159912262	0.5	epochs	1.0
950.1121670122619	0.5	epochs	-1.0
950.612159912262	1.0	epochs	1.0
951.612159912262	2.5146799999999985	epochs	1.0
952.1121670122619	0.5	epochs	-1.0
952.6121670122619	0.5	epochs	-1.0
953.1121670122619	0.5	epochs	-1.0
953.6121670122619	0.5	epochs	-1.0
954.126839912262	2.4852999999999383	epochs	0.0
954.6820001602173	0.04516000000000986	epochs	0.0
954.6820001602173	0.017580800000018826	epochs	1.0
954.6995809602173	0.009998399999972207	epochs	1.0
954.7095793602173	0.017580800000018826	epochs	1.0
954.7271601602173	0.5547000000000253	epochs	0.0
954.7271601602173	0.5	epochs	1.0
954.7271672602172	0.5	epochs	-1.0
955.2271601602173	0.054700000000025284	epochs	1.0
955.2818601602173	5.9452799999999115	epochs	0.0
970.8499999046326	0.04516000000000986	epochs	0.0
970.8499999046326	0.017580800000018826	epochs	1.0
970.8675807046326	0.009998399999972207	epochs	1.0
970.8775791046326	0.017580800000018826	epochs	1.0
970.8951599046326	2.5146799999999985	epochs	0.0
970.8951599046326	0.5	epochs	1.0
970.8951670046325	0.5	epochs	-1.0
971.3951599046326	1.0	epochs	1.0
972.3951599046326	1.0146799999999985	epochs	1.0
972.8951670046325	0.5	epochs	-1.0
973.4098399046326	3.9852999999999383	epochs	0.0
973.9019999504089	0.04516000000000986	epochs	0.0
973.9019999504089	0.017580800000018826	epochs	1.0
973.919580750409	0.009998399999972207	epochs	1.0
973.9295791504089	0.017580800000018826	epochs	1.0
973.947159950409	2.5146799999999985	epochs	0.0
973.947159950409	0.5	epochs	1.0
973.9471670504089	0.5	epochs	-1.0
974.447159950409	1.0	epochs	1.0
975.447159950409	1.0146799999999985	epochs	1.0
975.9471670504089	0.5	epochs	-1.0
976.461839950409	3.9852999999999383	epochs	0.0
976.9990000724792	0.15297999999995682	epochs	0.0
976.9990000724792	0.049999999999954525	epochs	1.0
977.0490000724792	0.0030000000000427463	epochs	1.0
977.0520000724792	0.09997999999995955	epochs	1.0
977.6630001068115	0.15297999999995682	epochs	0.0
977.6630001068115	0.049999999999954525	epochs	1.0
977.7130001068115	0.0030000000000427463	epochs	1.0
977.7160001068115	0.09997999999995955	epochs	1.0
978.3250002861023	0.15297999999995682	epochs	0.0
978.3250002861023	0.049999999999954525	epochs	1.0
978.3750002861022	0.0030000000000427463	epochs	1.0
978.3780002861023	0.09997999999995955	epochs	1.0
979.0079998970032	0.15297999999995682	epochs	0.0
979.0079998970032	0.049999999999954525	epochs	1.0
979.0579998970031	0.0030000000000427463	epochs	1.0
979.0609998970032	0.09997999999995955	epochs	1.0
979.6950001716614	0.15297999999995682	epochs	0.0
979.6950001716614	0.049999999999954525	epochs	1.0
979.7450001716613	0.0030000000000427463	epochs	1.0
979.7480001716614	0.09997999999995955	epochs	1.0
980.3550000190735	0.15297999999995682	epochs	0.0
980.3550000190735	0.049999999999954525	epochs	1.0
980.4050000190734	0.0030000000000427463	epochs	1.0
980.4080000190735	0.09997999999995955	epochs	1.0
981.0500001907349	0.15297999999995682	epochs	0.0
981.0500001907349	0.049999999999954525	epochs	1.0
981.1000001907348	0.0030000000000427463	epochs	1.0
981.1030001907349	0.09997999999995955	epochs	1.0
981.7270002365112	0.15297999999995682	epochs	0.0
981.7270002365112	0.049999999999954525	epochs	1.0
981.7770002365112	0.0030000000000427463	epochs	1.0
981.7800002365112	0.09997999999995955	epochs	1.0
982.4219999313354	0.15297999999995682	epochs	0.0
982.4219999313354	0.049999999999954525	epochs	1.0
982.4719999313354	0.0030000000000427463	epochs	1.0
982.4749999313354	0.09997999999995955	epochs	1.0
983.1220002174377	0.15297999999995682	epochs	0.0
983.1220002174377	0.049999999999954525	epochs	1.0
983.1720002174377	0.0030000000000427463	epochs	1.0
983.1750002174377	0.09997999999995955	epochs	1.0
983.8520002365112	0.15297999999995682	epochs	0.0
983.8520002365112	0.049999999999954525	epochs	1.0
983.9020002365112	0.0030000000000427463	epochs	1.0
983.9050002365112	0.09997999999995955	epochs	1.0
984.576000213623	0.15297999999995682	epochs	0.0
984.576000213623	0.049999999999954525	epochs	1.0
984.626000213623	0.0030000000000427463	epochs	1.0
984.629000213623	0.09997999999995955	epochs	1.0
985.3240003585815	0.15297999999995682	epochs	0.0
985.3240003585815	0.049999999999954525	epochs	1.0
985.3740003585815	0.0030000000000427463	epochs	1.0
985.3770003585815	0.09997999999995955	epochs	1.0
986.063000202179	0.15297999999995682	epochs	0.0
986.063000202179	0.049999999999954525	epochs	1.0
986.1130002021789	0.0030000000000427463	epochs	1.0
986.116000202179	0.09997999999995955	epochs	1.0
986.8060002326965	0.15297999999995682	epochs	0.0
986.8060002326965	0.049999999999954525	epochs	1.0
986.8560002326965	0.0030000000000427463	epochs	1.0
986.8590002326965	0.09997999999995955	epochs	1.0
987.5590000152588	0.15297999999995682	epochs	0.0
987.5590000152588	0.049999999999954525	epochs	1.0
987.6090000152587	0.0030000000000427463	epochs	1.0
987.6120000152588	0.09997999999995955	epochs	1.0
988.316999912262	0.15297999999995682	epochs	0.0
988.316999912262	0.049999999999954525	epochs	1.0
988.3669999122619	0.0030000000000427463	epochs	1.0
988.369999912262	0.09997999999995955	epochs	1.0
989.0770001411438	0.15297999999995682	epochs	0.0
989.0770001411438	0.049999999999954525	epochs	1.0
989.1270001411438	0.0030000000000427463	epochs	1.0
989.1300001411438	0.09997999999995955	epochs	1.0
989.8590002059937	0.15297999999995682	epochs	0.0
989.8590002059937	0.049999999999954525	epochs	1.0
989.9090002059936	0.0030000000000427463	epochs	1.0
989.9120002059936	0.09997999999995955	epochs	1.0
990.6459999084473	0.15297999999995682	epochs	0.0
990.6459999084473	0.049999999999954525	epochs	1.0
990.6959999084472	0.0030000000000427463	epochs	1.0
990.6989999084473	0.09997999999995955	epochs	1.0
991.4749999046326	0.15297999999995682	epochs	0.0
991.4749999046326	0.049999999999954525	epochs	1.0
991.5249999046325	0.0030000000000427463	epochs	1.0
991.5279999046326	0.09997999999995955	epochs	1.0
992.2800002098083	0.15297999999995682	epochs	0.0
992.2800002098083	0.049999999999954525	epochs	1.0
992.3300002098083	0.0030000000000427463	epochs	1.0
992.3330002098083	0.09997999999995955	epochs	1.0
993.1180000305176	0.15297999999995682	epochs	0.0
993.1180000305176	0.049999999999954525	epochs	1.0
993.1680000305175	0.0030000000000427463	epochs	1.0
993.1710000305176	0.09997999999995955	epochs	1.0
993.9640002250671	0.15297999999995682	epochs	0.0
993.9640002250671	0.049999999999954525	epochs	1.0
994.0140002250671	0.0030000000000427463	epochs	1.0
994.0170002250671	0.09997999999995955	epochs	1.0
994.813000202179	0.15297999999995682	epochs	0.0
994.813000202179	0.049999999999954525	epochs	1.0
994.8630002021789	0.0030000000000427463	epochs	1.0
994.866000202179	0.09997999999995955	epochs	1.0
995.691999912262	0.15297999999995682	epochs	0.0
995.691999912262	0.049999999999954525	epochs	1.0
995.7419999122619	0.0030000000000427463	epochs	1.0
995.744999912262	0.09997999999995955	epochs	1.0
996.5640001296997	0.15297999999995682	epochs	0.0
996.5640001296997	0.049999999999954525	epochs	1.0
996.6140001296997	0.0030000000000427463	epochs	1.0
996.6170001296997	0.09997999999995955	epochs	1.0
997.4460000991821	0.15297999999995682	epochs	0.0
997.4460000991821	0.049999999999954525	epochs	1.0
997.4960000991821	0.0030000000000427463	epochs	1.0
997.4990000991821	0.09997999999995955	epochs	1.0
998.4530000686646	0.15297999999995682	epochs	0.0
998.4530000686646	0.049999999999954525	epochs	1.0
998.5030000686645	0.0030000000000427463	epochs	1.0
998.5060000686645	0.09997999999995955	epochs	1.0
999.3870000839233	0.15297999999995682	epochs	0.0
999.3870000839233	0.049999999999954525	epochs	1.0
999.4370000839233	0.0030000000000427463	epochs	1.0
999.4400000839233	0.09997999999995955	epochs	1.0
1033.8020000457764	0.04515999999989617	epochs	0.0
1033.8020000457764	0.01758079999990514	epochs	1.0
1033.8195808457763	0.009998400000085894	epochs	1.0
1033.8295792457764	0.01758079999990514	epochs	1.0
1033.8471600457763	5.9999800000000505	epochs	0.0
1033.8471600457763	0.5	epochs	1.0
1033.8471671457764	0.5	epochs	-1.0
1033.8471671457764	0.5	epochs	-1.0
1034.3471600457763	5.0	epochs	1.0
1039.3471600457763	0.4999800000000505	epochs	1.0
1039.3471671457764	0.49997289999987515	epochs	-1.0
1050.7890000343323	0.1529800000000705	epochs	0.0
1050.7890000343323	0.049999999999954525	epochs	1.0
1050.8390000343322	0.003000000000156433	epochs	1.0
1050.8420000343324	0.09997999999995955	epochs	1.0
1051.621000289917	0.1529800000000705	epochs	0.0
1051.621000289917	0.049999999999954525	epochs	1.0
1051.671000289917	0.003000000000156433	epochs	1.0
1051.674000289917	0.09997999999995955	epochs	1.0
1052.4539999961853	0.1529800000000705	epochs	0.0
1052.4539999961853	0.049999999999954525	epochs	1.0
1052.5039999961853	0.003000000000156433	epochs	1.0
1052.5069999961854	0.09997999999995955	epochs	1.0
1053.2829999923706	0.1529800000000705	epochs	0.0
1053.2829999923706	0.049999999999954525	epochs	1.0
1053.3329999923706	0.003000000000156433	epochs	1.0
1053.3359999923707	0.09997999999995955	epochs	1.0
1054.148000240326	0.1529800000000705	epochs	0.0
1054.148000240326	0.049999999999954525	epochs	1.0
1054.1980002403259	0.003000000000156433	epochs	1.0
1054.201000240326	0.09997999999995955	epochs	1.0
1055.0060000419617	0.1529800000000705	epochs	0.0
1055.0060000419617	0.049999999999954525	epochs	1.0
1055.0560000419616	0.003000000000156433	epochs	1.0
1055.0590000419618	0.09997999999995955	epochs	1.0
1055.8730001449585	0.1529800000000705	epochs	0.0
1055.8730001449585	0.049999999999954525	epochs	1.0
1055.9230001449585	0.003000000000156433	epochs	1.0
1055.9260001449586	0.09997999999995955	epochs	1.0
1056.768000125885	0.1529800000000705	epochs	0.0
1056.768000125885	0.049999999999954525	epochs	1.0
1056.818000125885	0.003000000000156433	epochs	1.0
1056.8210001258851	0.09997999999995955	epochs	1.0
1057.6449999809265	0.1529800000000705	epochs	0.0
1057.6449999809265	0.049999999999954525	epochs	1.0
1057.6949999809265	0.003000000000156433	epochs	1.0
1057.6979999809266	0.09997999999995955	epochs	1.0
1058.53600025177	0.1529800000000705	epochs	0.0
1058.53600025177	0.049999999999954525	epochs	1.0
1058.58600025177	0.003000000000156433	epochs	1.0
1058.5890002517701	0.09997999999995955	epochs	1.0
1059.4250001907349	0.1529800000000705	epochs	0.0
1059.4250001907349	0.049999999999954525	epochs	1.0
1059.4750001907348	0.003000000000156433	epochs	1.0
1059.478000190735	0.09997999999995955	epochs	1.0
1060.353000164032	0.1529800000000705	epochs	0.0
1060.353000164032	0.049999999999954525	epochs	1.0
1060.403000164032	0.003000000000156433	epochs	1.0
1060.406000164032	0.09997999999995955	epochs	1.0
1061.259000301361	0.1529800000000705	epochs	0.0
1061.259000301361	0.049999999999954525	epochs	1.0
1061.309000301361	0.003000000000156433	epochs	1.0
1061.3120003013612	0.09997999999995955	epochs	1.0
1062.2109999656677	0.1529800000000705	epochs	0.0
1062.2109999656677	0.049999999999954525	epochs	1.0
1062.2609999656677	0.003000000000156433	epochs	1.0
1062.2639999656678	0.09997999999995955	epochs	1.0
1063.130000114441	0.1529800000000705	epochs	0.0
1063.130000114441	0.049999999999954525	epochs	1.0
1063.1800001144409	0.003000000000156433	epochs	1.0
1063.183000114441	0.09997999999995955	epochs	1.0
1064.0820002555847	0.1529800000000705	epochs	0.0
1064.0820002555847	0.049999999999954525	epochs	1.0
1064.1320002555847	0.003000000000156433	epochs	1.0
1064.1350002555848	0.09997999999995955	epochs	1.0
1065.0460000038147	0.1529800000000705	epochs	0.0
1065.0460000038147	0.049999999999954525	epochs	1.0
1065.0960000038147	0.003000000000156433	epochs	1.0
1065.0990000038148	0.09997999999995955	epochs	1.0
1066.0260000228882	0.1529800000000705	epochs	0.0
1066.0260000228882	0.049999999999954525	epochs	1.0
1066.0760000228881	0.003000000000156433	epochs	1.0
1066.0790000228883	0.09997999999995955	epochs	1.0
1066.9990000724792	0.1529800000000705	epochs	0.0
1066.9990000724792	0.049999999999954525	epochs	1.0
1067.0490000724792	0.003000000000156433	epochs	1.0
1067.0520000724794	0.09997999999995955	epochs	1.0
1067.9930000305176	0.1529800000000705	epochs	0.0
1067.9930000305176	0.049999999999954525	epochs	1.0
1068.0430000305175	0.003000000000156433	epochs	1.0
1068.0460000305177	0.09997999999995955	epochs	1.0
1069.0040001869202	0.1529800000000705	epochs	0.0
1069.0040001869202	0.049999999999954525	epochs	1.0
1069.0540001869201	0.003000000000156433	epochs	1.0
1069.0570001869203	0.09997999999995955	epochs	1.0
1069.9990000724792	0.1529800000000705	epochs	0.0
1069.9990000724792	0.049999999999954525	epochs	1.0
1070.0490000724792	0.003000000000156433	epochs	1.0
1070.0520000724794	0.09997999999995955	epochs	1.0
1071.0370001792908	0.1529800000000705	epochs	0.0
1071.0370001792908	0.049999999999954525	epochs	1.0
1071.0870001792907	0.003000000000156433	epochs	1.0
1071.0900001792909	0.09997999999995955	epochs	1.0
1072.0570001602173	0.1529800000000705	epochs	0.0
1072.0570001602173	0.049999999999954525	epochs	1.0
1072.1070001602172	0.003000000000156433	epochs	1.0
1072.1100001602174	0.09997999999995955	epochs	1.0
1073.0920000076294	0.1529800000000705	epochs	0.0
1073.0920000076294	0.049999999999954525	epochs	1.0
1073.1420000076293	0.003000000000156433	epochs	1.0
1073.1450000076295	0.09997999999995955	epochs	1.0
1074.1350002288818	0.1529800000000705	epochs	0.0
1074.1350002288818	0.049999999999954525	epochs	1.0
1074.1850002288818	0.003000000000156433	epochs	1.0
1074.188000228882	0.09997999999995955	epochs	1.0
1075.2179999351501	0.1529800000000705	epochs	0.0
1075.2179999351501	0.049999999999954525	epochs	1.0
1075.26799993515	0.003000000000156433	epochs	1.0
1075.2709999351503	0.09997999999995955	epochs	1.0
1076.2829999923706	0.1529800000000705	epochs	0.0
1076.2829999923706	0.049999999999954525	epochs	1.0
1076.3329999923706	0.003000000000156433	epochs	1.0
1076.3359999923707	0.09997999999995955	epochs	1.0
1077.3520002365112	0.1529800000000705	epochs	0.0
1077.3520002365112	0.049999999999954525	epochs	1.0
1077.4020002365112	0.003000000000156433	epochs	1.0
1077.4050002365113	0.09997999999995955	epochs	1.0
1078.4539999961853	0.1529800000000705	epochs	0.0
1078.4539999961853	0.049999999999954525	epochs	1.0
1078.5039999961853	0.003000000000156433	epochs	1.0
1078.5069999961854	0.09997999999995955	epochs	1.0
1092.268000125885	0.05096000000003187	epochs	0.0
1092.268000125885	0.020480800000086674	epochs	1.0
1092.288480925885	0.00999839999985852	epochs	1.0
1092.298479325885	0.020480800000086674	epochs	1.0
1092.318960125885	1.5489000000000033	epochs	0.0
1092.318960125885	0.5	epochs	1.0
1092.318968525885	0.5	epochs	-1.0
1092.818960125885	0.0029999999999290594	epochs	1.0
1092.821960125885	1.0459000000000742	epochs	1.0
1093.321968525885	0.5	epochs	-1.0
1093.867860125885	0.05407999999988533	epochs	0.0
1094.6810002326965	0.05096000000003187	epochs	0.0
1094.6810002326965	0.020480800000086674	epochs	1.0
1094.7014810326966	0.00999839999985852	epochs	1.0
1094.7114794326965	0.020480800000086674	epochs	1.0
1094.7319602326966	1.5489000000000033	epochs	0.0
1094.7319602326966	0.5	epochs	1.0
1094.7319686326966	0.5	epochs	-1.0
1095.2319602326966	0.0029999999999290594	epochs	1.0
1095.2349602326965	1.0459000000000742	epochs	1.0
1095.7349686326966	0.5	epochs	-1.0
1096.2808602326966	0.05407999999988533	epochs	0.0
1097.090000152588	0.05096000000003187	epochs	0.0
1097.090000152588	0.020480800000086674	epochs	1.0
1097.110480952588	0.00999839999985852	epochs	1.0
1097.1204793525878	0.020480800000086674	epochs	1.0
1097.140960152588	1.5489000000000033	epochs	0.0
1097.140960152588	0.5	epochs	1.0
1097.140968552588	0.5	epochs	-1.0
1097.640960152588	0.0029999999999290594	epochs	1.0
1097.6439601525879	1.0459000000000742	epochs	1.0
1098.143968552588	0.5	epochs	-1.0
1098.689860152588	0.05407999999988533	epochs	0.0
1099.5190000534058	0.05096000000003187	epochs	0.0
1099.5190000534058	0.020480800000086674	epochs	1.0
1099.5394808534058	0.00999839999985852	epochs	1.0
1099.5494792534057	0.020480800000086674	epochs	1.0
1099.5699600534058	1.5489000000000033	epochs	0.0
1099.5699600534058	0.5	epochs	1.0
1099.5699684534059	0.5	epochs	-1.0
1100.0699600534058	0.0029999999999290594	epochs	1.0
1100.0729600534057	1.0459000000000742	epochs	1.0
1100.5729684534058	0.5	epochs	-1.0
1101.1188600534058	0.05407999999988533	epochs	0.0
1101.9530000686646	0.05096000000003187	epochs	0.0
1101.9530000686646	0.020480800000086674	epochs	1.0
1101.9734808686646	0.00999839999985852	epochs	1.0
1101.9834792686645	0.020480800000086674	epochs	1.0
1102.0039600686646	1.5488800000000538	epochs	0.0
1102.0039600686646	0.5	epochs	1.0
1102.0039684686647	0.5	epochs	-1.0
1102.5039600686646	0.0029999999999290594	epochs	1.0
1102.5069600686645	1.0458800000001247	epochs	1.0
1103.0069684686646	0.5	epochs	-1.0
1103.5528400686646	0.054099999999834836	epochs	0.0
1104.3850002288818	0.05096000000003187	epochs	0.0
1104.3850002288818	0.020480800000086674	epochs	1.0
1104.405481028882	0.00999839999985852	epochs	1.0
1104.4154794288818	0.020480800000086674	epochs	1.0
1104.4359602288819	1.5498999999999796	epochs	0.0
1104.4359602288819	0.5	epochs	1.0
1104.435968628882	0.5	epochs	-1.0
1104.9359602288819	0.0029999999999290594	epochs	1.0
1104.9389602288818	1.0469000000000506	epochs	1.0
1105.4389686288819	0.5	epochs	-1.0
1105.9858602288818	0.05307999999990898	epochs	0.0
1116.8140001296997	0.05096000000003187	epochs	0.0
1116.8140001296997	0.020480800000086674	epochs	1.0
1116.8344809296998	0.00999839999985852	epochs	1.0
1116.8444793296997	0.020480800000086674	epochs	1.0
1116.8649601296997	16.570619999999963	epochs	0.0
1116.8649601296997	0.5	epochs	1.0
1116.8649685296998	0.5	epochs	-1.0
1117.3649601296997	16.0	epochs	1.0
1132.4347201296996	1.0008600000001024	epochs	-1.0
1132.4347201296996	0.039940000000115106	epochs	-1.0
1132.9322085296997	0.5	epochs	-1.0
1133.3649601296997	0.0706199999999626	epochs	1.0
1133.4355801296997	2.929360000000088	epochs	0.0
1134.5970001220703	0.05096000000003187	epochs	0.0
1134.5970001220703	0.020480800000086674	epochs	1.0
1134.6174809220704	0.00999839999985852	epochs	1.0
1134.6274793220703	0.020480800000086674	epochs	1.0
1134.6479601220703	0.5499199999999291	epochs	0.0
1134.6479601220703	0.5	epochs	1.0
1134.6479685220704	0.5	epochs	-1.0
1135.1479601220703	0.04991999999992913	epochs	1.0
1135.1978801220703	18.95006000000012	epochs	0.0
1163.8190002441406	0.05096000000003187	epochs	0.0
1163.8190002441406	0.020480800000086674	epochs	1.0
1163.8394810441407	0.00999839999985852	epochs	1.0
1163.8494794441406	0.020480800000086674	epochs	1.0
1163.8699602441407	16.79063999999994	epochs	0.0
1163.8699602441407	0.5	epochs	1.0
1163.8699686441407	0.5	epochs	-1.0
1164.3699602441407	16.0	epochs	1.0
1179.6597402441407	1.000859999999875	epochs	-1.0
1179.6597402441407	0.03993999999988773	epochs	-1.0
1180.1572286441406	0.5	epochs	-1.0
1180.3699602441407	0.2906399999999394	epochs	1.0
1180.6606002441406	2.709340000000111	epochs	0.0
1181.5700001716614	0.05096000000003187	epochs	0.0
1181.5700001716614	0.020480800000086674	epochs	1.0
1181.5904809716615	0.00999839999985852	epochs	1.0
1181.6004793716613	0.020480800000086674	epochs	1.0
1181.6209601716614	16.649639999999863	epochs	0.0
1181.6209601716614	0.5	epochs	1.0
1181.6209685716615	0.5	epochs	-1.0
1182.1209601716614	16.0	epochs	1.0
1197.2707401716614	0.9998599999998987	epochs	-1.0
1197.2707401716614	0.03991999999993823	epochs	-1.0
1197.7682285716614	0.5	epochs	-1.0
1198.1209601716614	0.149639999999863	epochs	1.0
1198.2706001716613	2.8503400000001875	epochs	0.0
1209.219000339508	0.1529800000000705	epochs	0.0
1209.219000339508	0.049999999999954525	epochs	1.0
1209.269000339508	0.003000000000156433	epochs	1.0
1209.2720003395082	0.09997999999995955	epochs	1.0
1210.3510003089905	0.1529800000000705	epochs	0.0
1210.3510003089905	0.049999999999954525	epochs	1.0
1210.4010003089904	0.003000000000156433	epochs	1.0
1210.4040003089906	0.09997999999995955	epochs	1.0
1211.4590001106262	0.1529800000000705	epochs	0.0
1211.4590001106262	0.049999999999954525	epochs	1.0
1211.5090001106262	0.003000000000156433	epochs	1.0
1211.5120001106263	0.09997999999995955	epochs	1.0
1212.5789999961853	0.1529800000000705	epochs	0.0
1212.5789999961853	0.049999999999954525	epochs	1.0
1212.6289999961853	0.003000000000156433	epochs	1.0
1212.6319999961854	0.09997999999995955	epochs	1.0
1213.6990003585815	0.1529800000000705	epochs	0.0
1213.6990003585815	0.049999999999954525	epochs	1.0
1213.7490003585815	0.003000000000156433	epochs	1.0
1213.7520003585817	0.09997999999995955	epochs	1.0
1214.8689999580383	0.1529800000000705	epochs	0.0
1214.8689999580383	0.049999999999954525	epochs	1.0
1214.9189999580383	0.003000000000156433	epochs	1.0
1214.9219999580384	0.09997999999995955	epochs	1.0
1216.0120000839233	0.1529800000000705	epochs	0.0
1216.0120000839233	0.049999999999954525	epochs	1.0
1216.0620000839233	0.003000000000156433	epochs	1.0
1216.0650000839235	0.09997999999995955	epochs	1.0
1217.170000076294	0.1529800000000705	epochs	0.0
1217.170000076294	0.049999999999954525	epochs	1.0
1217.220000076294	0.003000000000156433	epochs	1.0
1217.223000076294	0.09997999999995955	epochs	1.0
1218.3359999656677	0.1529800000000705	epochs	0.0
1218.3359999656677	0.049999999999954525	epochs	1.0
1218.3859999656677	0.003000000000156433	epochs	1.0
1218.3889999656678	0.09997999999995955	epochs	1.0
1219.5139999389648	0.1529800000000705	epochs	0.0
1219.5139999389648	0.049999999999954525	epochs	1.0
1219.5639999389648	0.003000000000156433	epochs	1.0
1219.566999938965	0.09997999999995955	epochs	1.0
1220.6990003585815	0.1529800000000705	epochs	0.0
1220.6990003585815	0.049999999999954525	epochs	1.0
1220.7490003585815	0.003000000000156433	epochs	1.0
1220.7520003585817	0.09997999999995955	epochs	1.0
1221.9000000953674	0.1529800000000705	epochs	0.0
1221.9000000953674	0.049999999999954525	epochs	1.0
1221.9500000953674	0.003000000000156433	epochs	1.0
1221.9530000953675	0.09997999999995955	epochs	1.0
1223.085000038147	0.1529800000000705	epochs	0.0
1223.085000038147	0.049999999999954525	epochs	1.0
1223.135000038147	0.003000000000156433	epochs	1.0
1223.138000038147	0.09997999999995955	epochs	1.0
1224.2699999809265	0.1529800000000705	epochs	0.0
1224.2699999809265	0.049999999999954525	epochs	1.0
1224.3199999809265	0.003000000000156433	epochs	1.0
1224.3229999809266	0.09997999999995955	epochs	1.0
1225.478000164032	0.1529800000000705	epochs	0.0
1225.478000164032	0.049999999999954525	epochs	1.0
1225.528000164032	0.003000000000156433	epochs	1.0
1225.531000164032	0.09997999999995955	epochs	1.0
1226.6870002746582	0.1529800000000705	epochs	0.0
1226.6870002746582	0.049999999999954525	epochs	1.0
1226.7370002746582	0.003000000000156433	epochs	1.0
1226.7400002746583	0.09997999999995955	epochs	1.0
1227.91100025177	0.1529800000000705	epochs	0.0
1227.91100025177	0.049999999999954525	epochs	1.0
1227.96100025177	0.003000000000156433	epochs	1.0
1227.9640002517701	0.09997999999995955	epochs	1.0
1229.1510000228882	0.1529800000000705	epochs	0.0
1229.1510000228882	0.049999999999954525	epochs	1.0
1229.2010000228881	0.003000000000156433	epochs	1.0
1229.2040000228883	0.09997999999995955	epochs	1.0
1230.438000202179	0.1529800000000705	epochs	0.0
1230.438000202179	0.049999999999954525	epochs	1.0
1230.488000202179	0.003000000000156433	epochs	1.0
1230.491000202179	0.09997999999995955	epochs	1.0
1231.6950001716614	0.1529800000000705	epochs	0.0
1231.6950001716614	0.049999999999954525	epochs	1.0
1231.7450001716613	0.003000000000156433	epochs	1.0
1231.7480001716615	0.09997999999995955	epochs	1.0
1232.9670000076294	0.1529800000000705	epochs	0.0
1232.9670000076294	0.049999999999954525	epochs	1.0
1233.0170000076293	0.003000000000156433	epochs	1.0
1233.0200000076295	0.09997999999995955	epochs	1.0
1234.2709999084473	0.1529800000000705	epochs	0.0
1234.2709999084473	0.049999999999954525	epochs	1.0
1234.3209999084472	0.003000000000156433	epochs	1.0
1234.3239999084474	0.09997999999995955	epochs	1.0
1235.5560002326965	0.1529800000000705	epochs	0.0
1235.5560002326965	0.049999999999954525	epochs	1.0
1235.6060002326965	0.003000000000156433	epochs	1.0
1235.6090002326966	0.09997999999995955	epochs	1.0
1236.8610000610352	0.1529800000000705	epochs	0.0
1236.8610000610352	0.049999999999954525	epochs	1.0
1236.911000061035	0.003000000000156433	epochs	1.0
1236.9140000610353	0.09997999999995955	epochs	1.0
1238.1730003356934	0.1529800000000705	epochs	0.0
1238.1730003356934	0.049999999999954525	epochs	1.0
1238.2230003356933	0.003000000000156433	epochs	1.0
1238.2260003356935	0.09997999999995955	epochs	1.0
1239.4879999160767	0.1529800000000705	epochs	0.0
1239.4879999160767	0.049999999999954525	epochs	1.0
1239.5379999160766	0.003000000000156433	epochs	1.0
1239.5409999160768	0.09997999999995955	epochs	1.0
1240.8180003166199	0.1529800000000705	epochs	0.0
1240.8180003166199	0.049999999999954525	epochs	1.0
1240.8680003166198	0.003000000000156433	epochs	1.0
1240.87100031662	0.09997999999995955	epochs	1.0
1242.1779999732971	0.1529800000000705	epochs	0.0
1242.1779999732971	0.049999999999954525	epochs	1.0
1242.227999973297	0.003000000000156433	epochs	1.0
1242.2309999732972	0.09997999999995955	epochs	1.0
1243.5430002212524	0.1529800000000705	epochs	0.0
1243.5430002212524	0.049999999999954525	epochs	1.0
1243.5930002212524	0.003000000000156433	epochs	1.0
1243.5960002212526	0.09997999999995955	epochs	1.0
1244.9490003585815	0.1529800000000705	epochs	0.0
1244.9490003585815	0.049999999999954525	epochs	1.0
1244.9990003585815	0.003000000000156433	epochs	1.0
1245.0020003585817	0.09997999999995955	epochs	1.0
1261.0640001296997	0.05096000000003187	epochs	0.0
1261.0640001296997	0.020480800000086674	epochs	1.0
1261.0844809296998	0.00999839999985852	epochs	1.0
1261.0944793296997	0.020480800000086674	epochs	1.0
1261.1149601296997	2.0	epochs	0.0
1263.1149601296997	21.529440000000022	epochs	0.0
1263.1149601296997	1.0	epochs	1.0
1263.1149685296998	0.5	epochs	-1.0
1263.6149685296998	19.9996799999999	epochs	-1.0
1264.1149601296997	20.0	epochs	1.0
1264.1149601296997	4.356753900000058	epochs	-1.0
1264.1149601296997	1.9745871999998599	epochs	2.0
1264.1149601296997	1.0985622000000603	epochs	3.0
1265.2135223296998	0.8760249999997995	epochs	3.0
1266.0895473296996	1.3524075000000266	epochs	2.0
1266.0895473296996	0.7286355000001095	epochs	3.0
1266.8181828296997	0.6237719999999172	epochs	3.0
1267.4419548296996	1.0297592000001714	epochs	2.0
1267.4419548296996	0.5453293000000485	epochs	3.0
1267.9872841296997	0.48442990000012287	epochs	3.0
1268.4717140296998	0.8317861999998968	epochs	2.0
1268.4717140296998	0.4357762999998158	epochs	3.0
1268.9074903296996	0.39600990000008096	epochs	3.0
1269.3035002296997	0.6977970000000369	epochs	2.0
1269.3035002296997	0.3628982000000178	epochs	3.0
1269.6663984296997	0.33489880000001904	epochs	3.0
1270.0012972296997	0.601045699999986	epochs	2.0
1270.0012972296997	0.3109122999999272	epochs	3.0
1270.3122095296997	0.2901334000000588	epochs	3.0
1270.6023429296997	0.5278859000000011	epochs	2.0
1270.6023429296997	0.2719586000000618	epochs	3.0
1270.8743015296998	0.25592729999993935	epochs	3.0
1271.1302288296997	0.470619299999953	epochs	2.0
1271.1302288296997	0.241681299999982	epochs	3.0
1271.3719101296997	0.228937999999971	epochs	3.0
1271.6008481296997	0.42457039999999324	epochs	2.0
1271.6008481296997	0.21747140000002219	epochs	3.0
1271.8183195296997	0.20709899999997106	epochs	3.0
1272.0254185296997	0.3867354000001342	epochs	2.0
1272.0254185296997	0.19767109999997956	epochs	3.0
1272.2230896296996	0.18906430000015462	epochs	3.0
1272.4121539296998	0.35509529999990264	epochs	2.0
1272.4121539296998	0.18117589999997108	epochs	3.0
1272.5933298296998	0.17391939999993156	epochs	3.0
1272.7672492296997	0.3282431000000088	epochs	2.0
1272.7672492296997	0.16722189999995862	epochs	3.0
1272.9344711296997	0.16102120000005016	epochs	3.0
1273.0954923296997	0.30516800000009425	epochs	2.0
1273.0954923296997	0.15526389999990897	epochs	3.0
1273.2507562296996	0.14990410000018528	epochs	3.0
1273.4006603296998	0.28512529999989056	epochs	2.0
1273.4006603296998	0.14490209999985382	epochs	3.0
1273.5455624296997	0.14022320000003674	epochs	3.0
1273.6857856296997	0.267553800000087	epochs	2.0
1273.6857856296997	0.1358368999999584	epochs	3.0
1273.8216225296997	0.1317169000001286	epochs	3.0
1273.9533394296998	0.252022899999929	epochs	2.0
1273.9533394296998	0.1278393000000051	epochs	3.0
1274.0811787296998	0.1241835999999239	epochs	3.0
1274.2053623296997	0.23819649999995818	epochs	2.0
1274.2053623296997	0.12073110000005727	epochs	3.0
1274.3260934296998	0.11746539999990091	epochs	3.0
1274.4435588296997	0.2258088000000953	epochs	2.0
1274.4435588296997	0.11437190000015107	epochs	3.0
1274.5579307296998	0.11143689999994422	epochs	3.0
1274.6693676296998	0.21464599999990241	epochs	2.0
1274.6693676296998	0.10864889999993466	epochs	3.0
1274.7780165296997	0.10599709999996776	epochs	3.0
1274.8840136296997	0.20453500000007807	epochs	2.0
1274.8840136296997	0.10347150000006877	epochs	3.0
1274.9874851296997	0.1010635000000093	epochs	3.0
1275.0885486296997	0.19533400000000256	epochs	2.0
1275.0885486296997	0.09876510000003691	epochs	3.0
1275.1873137296998	0.09656889999996565	epochs	3.0
1275.2838826296997	0.18692529999998442	epochs	2.0
1275.2838826296997	0.09446830000001682	epochs	3.0
1275.3783509296998	0.09245699999996759	epochs	3.0
1275.4708079296997	0.17921069999988504	epochs	2.0
1275.4708079296997	0.0905296000000817	epochs	3.0
1275.5613375296998	0.08868109999980334	epochs	3.0
1275.6500186296996	0.17210770000019693	epochs	2.0
1275.6500186296996	0.08690630000000965	epochs	3.0
1275.7369249296996	0.08520140000018728	epochs	3.0
1275.8221263296998	0.1655463999998119	epochs	2.0
1275.8221263296998	0.08356189999994967	epochs	3.0
1275.9056882296998	0.08198449999986224	epochs	3.0
1275.9876727296996	0.15946710000002895	epochs	2.0
1275.9876727296996	0.08046540000009372	epochs	3.0
1276.0681381296997	0.07900169999993523	epochs	3.0
1276.1471398296997	0.15381840000009106	epochs	2.0
1276.1471398296997	0.07759009999995214	epochs	3.0
1276.2247299296996	0.07622830000013892	epochs	3.0
1276.3009582296997	0.14855639999996129	epochs	2.0
1276.3009582296997	0.07491329999993468	epochs	3.0
1276.3758715296997	0.0736431000000266	epochs	3.0
1276.4495146296997	0.14364240000008976	epochs	2.0
1276.4495146296997	0.07241500000009182	epochs	3.0
1276.5219296296998	0.07122739999999794	epochs	3.0
1276.5931570296998	0.13904309999998077	epochs	2.0
1276.5931570296998	0.07007799999996678	epochs	3.0
1276.6632350296998	0.06896510000001399	epochs	3.0
1276.7322001296998	0.13472929999988992	epochs	2.0
1276.7322001296998	0.0678871000000072	epochs	3.0
1276.8000872296998	0.06684219999988272	epochs	3.0
1276.8669294296997	0.1306752000000415	epochs	2.0
1276.8669294296997	0.06582909999997355	epochs	3.0
1276.9327585296996	0.06484610000006796	epochs	3.0
1276.9976046296997	0.1268577999999252	epochs	2.0
1276.9976046296997	0.06389199999989614	epochs	3.0
1277.0614966296996	0.06296580000002905	epochs	3.0
1277.1244624296996	0.12325720000012552	epochs	2.0
1277.1244624296996	0.06206580000002759	epochs	3.0
1277.1865282296997	0.06119140000009793	epochs	3.0
1277.2477196296998	0.11985540000000583	epochs	2.0
1277.2477196296998	0.060341099999959624	epochs	3.0
1277.3080607296997	0.059514300000046205	epochs	3.0
1277.3675750296998	0.1166361999999026	epochs	2.0
1277.3675750296998	0.058709599999929196	epochs	3.0
1277.4262846296997	0.057926599999973405	epochs	3.0
1277.4842112296997	0.11358560000007856	epochs	2.0
1277.4842112296997	0.05716419999998834	epochs	3.0
1277.5413754296997	0.056421400000090216	epochs	3.0
1277.5977968296997	0.11069049999991876	epochs	2.0
1277.5977968296997	0.055697900000041045	epochs	3.0
1277.6534947296998	0.05499259999987771	epochs	3.0
1277.7084873296997	0.1079391000000669	epochs	2.0
1277.7084873296997	0.05430490000003374	epochs	3.0
1277.7627922296997	0.05363420000003316	epochs	3.0
1277.8164264296997	0.10532149999994544	epochs	2.0
1277.8164264296997	0.05297999999993408	epochs	3.0
1277.8694064296997	0.052341500000011365	epochs	3.0
1277.9217479296997	0.10282759999995505	epochs	2.0
1277.9217479296997	0.05171810000001642	epochs	3.0
1277.9734660296997	0.051109499999938635	epochs	3.0
1278.0245755296996	0.10044910000010532	epochs	2.0
1278.0245755296996	0.050514900000052876	epochs	3.0
1278.0750904296997	0.04993420000005244	epochs	3.0
1278.1250246296997	0.0981782999999723	epochs	2.0
1278.1250246296997	0.04936659999998483	epochs	3.0
1278.1743912296997	0.04881169999998747	epochs	3.0
1278.2232029296997	0.09600780000005216	epochs	2.0
1278.2232029296997	0.04826920000004975	epochs	3.0
1278.2714721296998	0.04773860000000241	epochs	3.0
1278.3192107296998	0.09393120000004274	epochs	2.0
1278.3192107296998	0.04721949999998287	epochs	3.0
1278.3664302296997	0.046711700000059864	epochs	3.0
1278.4131419296998	0.09194259999981114	epochs	2.0
1278.4131419296998	0.046214599999984785	epochs	3.0
1278.4593565296998	0.04572799999982635	epochs	3.0
1278.5050845296996	0.09003630000006524	epochs	2.0
1278.5050845296996	0.04525150000017675	epochs	3.0
1278.5503360296998	0.04478479999988849	epochs	3.0
1278.5951208296997	0.08820760000003247	epochs	2.0
1278.5951208296997	0.044327800000019124	epochs	3.0
1278.6394486296997	0.04387980000001335	epochs	3.0
1278.6833284296997	0.0864516999999978	epochs	2.0
1278.6833284296997	0.04344100000002982	epochs	3.0
1278.7267694296997	0.04301069999996798	epochs	3.0
1278.7697801296997	0.08476429999996071	epochs	2.0
1278.7697801296997	0.04258899999990717	epochs	3.0
1278.8123691296996	0.04217530000005354	epochs	3.0
1278.8545444296997	0.08314150000001064	epochs	2.0
1278.8545444296997	0.04176970000003166	epochs	3.0
1278.8963141296997	0.041371799999978975	epochs	3.0
1278.9376859296997	0.08157970000002024	epochs	2.0
1278.9376859296997	0.040981399999964196	epochs	3.0
1278.9786673296996	0.04059830000005604	epochs	3.0
1279.0192656296997	0.08007550000002084	epochs	2.0
1279.0192656296997	0.040222300000095856	epochs	3.0
1279.0594879296998	0.03985319999992498	epochs	3.0
1279.0993411296997	0.07862569999997504	epochs	2.0
1279.0993411296997	0.039490800000066884	epochs	3.0
1279.1388319296998	0.03913489999990816	epochs	3.0
1279.1779668296997	0.07722760000001472	epochs	2.0
1279.1779668296997	0.038785400000051595	epochs	3.0
1279.2167522296998	0.03844219999996312	epochs	3.0
1279.2551944296997	0.07587820000003376	epochs	2.0
1279.2551944296997	0.03810479999992822	epochs	3.0
1279.2932992296996	0.03777340000010554	epochs	3.0
1279.3310726296997	0.0745752000000266	epochs	2.0
1279.3310726296997	0.03744770000002973	epochs	3.0
1279.3685203296998	0.03712749999999687	epochs	3.0
1279.4056478296998	0.07331629999998768	epochs	2.0
1279.4056478296998	0.03681289999985893	epochs	3.0
1279.4424607296996	0.03650340000012875	epochs	3.0
1279.4789641296998	0.07209899999998015	epochs	2.0
1279.4789641296998	0.03619909999997617	epochs	3.0
1279.5151632296997	0.03589990000000398	epochs	3.0
1279.5510631296997	0.07092169999987163	epochs	2.0
1279.5510631296997	0.03560560000005353	epochs	3.0
1279.5866687296998	0.03531609999981811	epochs	3.0
1279.6219848296996	0.06978200000003199	epochs	2.0
1279.6219848296996	0.03503120000004856	epochs	3.0
1279.6570160296997	0.03475079999998343	epochs	3.0
1279.6917668296996	0.06867860000011206	epochs	2.0
1279.6917668296996	0.03447510000000875	epochs	3.0
1279.7262419296997	0.034203500000103304	epochs	3.0
1279.7604454296998	0.06760929999995824	epochs	2.0
1279.7604454296998	0.033936199999970995	epochs	3.0
1279.7943816296997	0.033673099999987244	epochs	3.0
1279.8280547296997	0.06657289999998284	epochs	2.0
1279.8280547296997	0.03341399999999339	epochs	3.0
1279.8614687296997	0.033158899999989444	epochs	3.0
1279.8946276296997	0.06556780000005347	epochs	2.0
1279.8946276296997	0.03290770000012344	epochs	3.0
1279.9275353296998	0.032660099999930026	epochs	3.0
1279.9601954296998	0.06459259999996902	epochs	2.0
1279.9601954296998	0.03241639999987456	epochs	3.0
1279.9926118296996	0.03217620000009447	epochs	3.0
1280.0247880296997	0.06364600000006249	epochs	2.0
1280.0247880296997	0.03193959999998697	epochs	3.0
1280.0567276296997	0.03170640000007552	epochs	3.0
1280.0884340296998	0.0627266999999847	epochs	2.0
1280.0884340296998	0.031476599999905375	epochs	3.0
1280.1199106296997	0.03125010000007933	epochs	3.0
1280.1511607296998	0.06183359999999993	epochs	2.0
1280.1511607296998	0.03102689999991526	epochs	3.0
1280.1821876296997	0.030806700000084675	epochs	3.0
1280.2129943296998	0.060965599999917686	epochs	2.0
1280.2129943296998	0.030589799999916067	epochs	3.0
1280.2435841296997	0.030375800000001618	epochs	3.0
1280.2739599296997	0.06012160000000222	epochs	2.0
1280.2739599296997	0.030164900000045236	epochs	3.0
1280.3041248296997	0.02995669999995698	epochs	3.0
1280.3340815296997	0.05930069999999432	epochs	2.0
1280.3340815296997	0.029751600000054168	epochs	3.0
1280.3638331296997	0.029549099999940154	epochs	3.0
1280.3933822296997	0.05850179999993088	epochs	2.0
1280.3933822296997	0.02934940000000097	epochs	3.0
1280.4227316296997	0.029152399999929912	epochs	3.0
1280.4518840296996	0.05772420000016609	epochs	2.0
1280.4518840296996	0.028958000000102402	epochs	3.0
1280.4808420296997	0.02876620000006369	epochs	3.0
1280.5096082296998	0.056967099999837956	epochs	2.0
1280.5096082296998	0.02857699999981378	epochs	3.0
1280.5381852296996	0.028390100000024177	epochs	3.0
1280.5665753296996	0.05622950000019955	epochs	2.0
1280.5665753296996	0.02820570000017142	epochs	3.0
1280.5947810296998	0.028023800000028132	epochs	3.0
1280.6228048296998	0.055510699999786084	epochs	2.0
1280.6228048296998	0.027843999999959124	epochs	3.0
1280.6506488296998	0.02766669999982696	epochs	3.0
1280.6783155296996	0.054810200000019904	epochs	2.0
1280.6783155296996	0.02749149999999645	epochs	3.0
1280.7058070296996	0.027318700000023455	epochs	3.0
1280.7331257296996	0.05412700000010773	epochs	2.0
1280.7331257296996	0.027147800000193456	epochs	3.0
1280.7602735296998	0.026979199999914272	epochs	3.0
1280.7872527296997	0.053460699999959616	epochs	2.0
1280.7872527296997	0.026812600000084785	epochs	3.0
1280.8140653296998	0.02664809999987483	epochs	3.0
1280.8407134296997	0.05281070000000909	epochs	2.0
1280.8407134296997	0.026485600000114573	epochs	3.0
1280.8671990296998	0.02632509999989452	epochs	3.0
1280.8935241296997	0.05217620000007628	epochs	2.0
1280.8935241296997	0.026166399999965506	epochs	3.0
1280.9196905296997	0.026009800000110772	epochs	3.0
1280.9457003296998	0.051556699999991906	epochs	2.0
1280.9457003296998	0.025854799999933675	epochs	3.0
1280.9715551296997	0.02570190000005823	epochs	3.0
1280.9972570296998	0.05095189999997274	epochs	2.0
1280.9972570296998	0.025550699999939752	epochs	3.0
1281.0228077296997	0.025401200000032986	epochs	3.0
1281.0482089296997	0.05036100000006627	epochs	2.0
1281.0482089296997	0.025253499999962514	epochs	3.0
1281.0734624296997	0.025107500000103755	epochs	3.0
1281.0985699296998	0.04978379999988647	epochs	2.0
1281.0985699296998	0.02496320000000196	epochs	3.0
1281.1235331296998	0.024820599999884507	epochs	3.0
1281.1483537296997	0.04921949999993558	epochs	2.0
1281.1483537296997	0.024679399999968155	epochs	3.0
1281.1730331296997	0.024540099999967424	epochs	3.0
1281.1975732296996	0.04866790000005494	epochs	2.0
1281.1975732296996	0.024402100000088467	epochs	3.0
1281.2219753296997	0.024265799999966475	epochs	3.0
1281.2462411296997	0.048128599999927246	epochs	2.0
1281.2462411296997	0.024131000000124914	epochs	3.0
1281.2703721296998	0.023997599999802333	epochs	3.0
1281.2943697296996	0.047601100000065344	epochs	2.0
1281.2943697296996	0.023865800000066884	epochs	3.0
1281.3182355296997	0.02373529999999846	epochs	3.0
1281.3419708296997	0.04708499999992455	epochs	2.0
1281.3419708296997	0.023606299999983094	epochs	3.0
1281.3655771296997	0.023478699999941455	epochs	3.0
1281.3890558296996	0.04658000000017637	epochs	2.0
1281.3890558296996	0.023352500000100918	epochs	3.0
1281.4124083296997	0.02322750000007545	epochs	3.0
1281.4356358296998	0.04608569999982137	epochs	2.0
1281.4356358296998	0.02310399999987567	epochs	3.0
1281.4587398296997	0.022981699999945704	epochs	3.0
1281.4817215296996	0.04560180000021319	epochs	2.0
1281.4817215296996	0.022860700000137513	epochs	3.0
1281.5045822296997	0.022741100000075676	epochs	3.0
1281.5273233296998	0.045127899999897636	epochs	2.0
1281.5273233296998	0.022622499999897627	epochs	3.0
1281.5499458296997	0.02250540000000001	epochs	3.0
1281.5724512296997	0.0446638000000803	epochs	2.0
1281.5724512296997	0.02238929999998618	epochs	3.0
1281.5948405296997	0.022274500000094122	epochs	3.0
1281.6171150296998	0.044209199999841076	epochs	2.0
1281.6171150296998	0.022160799999937808	epochs	3.0
1281.6392758296997	0.022048399999903268	epochs	3.0
1281.6613242296996	0.04376360000014756	epochs	2.0
1281.6613242296996	0.021936900000127935	epochs	3.0
1281.6832611296998	0.021826700000019628	epochs	3.0
1281.7050878296998	0.04332709999994222	epochs	2.0
1281.7050878296998	0.021717599999874437	epochs	3.0
1281.7268054296997	0.021609500000067783	epochs	3.0
1281.7484149296997	0.04289900000003399	epochs	2.0
1281.7484149296997	0.02150249999999687	epochs	3.0
1281.7699174296997	0.021396500000037122	epochs	3.0
1281.7913139296998	0.04247949999989942	epochs	2.0
1281.7913139296998	0.021291699999892444	epochs	3.0
1281.8126056296996	0.021187800000006973	epochs	3.0
1281.8337934296997	0.04206790000012006	epochs	2.0
1281.8337934296997	0.02108490000000529	epochs	3.0
1281.8548783296997	0.02098300000011477	epochs	3.0
1281.8758613296998	0.04166439999994509	epochs	2.0
1281.8758613296998	0.020882199999959994	epochs	3.0
1281.8967435296997	0.020782199999985096	epochs	3.0
1281.9175257296997	0.041268499999887354	epochs	2.0
1281.9175257296997	0.020683299999973315	epochs	3.0
1281.9382090296997	0.02058519999991404	epochs	3.0
1281.9587942296996	0.04088000000001557	epochs	2.0
1281.9587942296996	0.0204881000001933	epochs	3.0
1281.9792823296998	0.02039189999982227	epochs	3.0
1281.9996742296996	0.04049880000002304	epochs	2.0
1281.9996742296996	0.0202966000001652	epochs	3.0
1282.0199708296998	0.02020219999985784	epochs	3.0
1282.0401730296996	0.04012460000012652	epochs	2.0
1282.0401730296996	0.02010870000003706	epochs	3.0
1282.0602817296997	0.02001590000008946	epochs	3.0
1282.0802976296998	0.03975730000001931	epochs	2.0
1282.0802976296998	0.0199241999998776	epochs	3.0
1282.1002218296996	0.019833100000141712	epochs	3.0
1282.1200549296998	0.03939669999999751	epochs	2.0
1282.1200549296998	0.019742999999834865	epochs	3.0
1282.1397979296996	0.019653700000162644	epochs	3.0
1282.1594516296998	0.03904239999997117	epochs	2.0
1282.1594516296998	0.019565099999908853	epochs	3.0
1282.1790167296997	0.019477300000062314	epochs	3.0
1282.1984940296998	0.03869459999987157	epochs	2.0
1282.1984940296998	0.019390400000020236	epochs	3.0
1282.2178844296998	0.019304199999851335	epochs	3.0
1282.2371886296996	0.03835290000006353	epochs	2.0
1282.2371886296996	0.019218800000089686	epochs	3.0
1282.2564074296997	0.01913409999997384	epochs	3.0
1282.2755415296997	0.03801720000001296	epochs	2.0
1282.2755415296997	0.019050200000037876	epochs	3.0
1282.2945917296997	0.018966999999975087	epochs	3.0
1282.3135587296997	0.03768719999993664	epochs	2.0
1282.3135587296997	0.01888450000001285	epochs	3.0
1282.3324432296997	0.01880269999992379	epochs	3.0
1282.3512459296996	0.03736309999999321	epochs	2.0
1282.3512459296996	0.018721700000014607	epochs	3.0
1282.3699676296997	0.018641399999978603	epochs	3.0
1282.3886090296996	0.037044300000161456	epochs	2.0
1282.3886090296996	0.018561600000111866	epochs	3.0
1282.4071706296997	0.01848270000004959	epochs	3.0
1282.4256533296998	0.03673099999991791	epochs	2.0
1282.4256533296998	0.018404299999929208	epochs	3.0
1282.4440576296997	0.018326699999988705	epochs	3.0
1282.4623843296997	0.03642289999993409	epochs	2.0
1282.4623843296997	0.018249599999990096	epochs	3.0
1282.4806339296997	0.018173299999943993	epochs	3.0
1282.4988072296997	0.03612010000006194	epochs	2.0
1282.4988072296997	0.018097600000146485	epochs	3.0
1282.5169048296998	0.018022499999915453	epochs	3.0
1282.5349273296997	0.03582209999990482	epochs	2.0
1282.5349273296997	0.017947900000081063	epochs	3.0
1282.5528752296998	0.01787419999982376	epochs	3.0
1282.5707494296996	0.03552899999999681	epochs	2.0
1282.5707494296996	0.017800800000031813	epochs	3.0
1282.5885502296996	0.017728199999965	epochs	3.0
1282.6062784296996	0.03524070000003121	epochs	2.0
1282.6062784296996	0.017656100000067454	epochs	3.0
1282.6239345296997	0.017584599999963757	epochs	3.0
1282.6415191296996	0.03495710000015606	epochs	2.0
1282.6415191296996	0.017513700000108656	epochs	3.0
1282.6590328296998	0.017443400000047404	epochs	3.0
1282.6764762296998	0.034677899999906	epochs	2.0
1282.6764762296998	0.017373599999928047	epochs	3.0
1282.6938498296997	0.017304299999977957	epochs	3.0
1282.7111541296997	0.03440329999989444	epochs	2.0
1282.7111541296997	0.017235699999901044	epochs	3.0
1282.7283898296996	0.0171675999999934	epochs	3.0
1282.7455574296996	0.034132800000179486	epochs	2.0
1282.7455574296996	0.017099900000175694	epochs	3.0
1282.7626573296998	0.017032900000003792	epochs	3.0
1282.7796902296998	0.03386669999986225	epochs	2.0
1282.7796902296998	0.01696640000000116	epochs	3.0
1282.7966566296998	0.01690029999986109	epochs	3.0
1282.8135569296996	0.03360459999998966	epochs	2.0
1282.8135569296996	0.01683479999996962	epochs	3.0
1282.8303917296996	0.01676980000002004	epochs	3.0
1282.8471615296996	0.033346599999958926	epochs	2.0
1282.8471615296996	0.016705300000012357	epochs	3.0
1282.8638668296996	0.01664129999994657	epochs	3.0
1282.8805081296996	0.03309250000006614	epochs	2.0
1282.8805081296996	0.016577800000050047	epochs	3.0
1282.8970859296996	0.01651470000001609	epochs	3.0
1282.9136006296997	0.032842300000083924	epochs	2.0
1282.9136006296997	0.01645220000000336	epochs	3.0
1282.9300528296997	0.016390100000080565	epochs	3.0
1282.9464429296997	0.03259570000000167	epochs	2.0
1282.9464429296997	0.016328400000020338	epochs	3.0
1282.9627713296998	0.016267299999981333	epochs	3.0
1282.9790386296997	0.032352899999978035	epochs	2.0
1282.9790386296997	0.016206600000032267	epochs	3.0
1282.9952452296998	0.016146299999945768	epochs	3.0
1283.0113915296997	0.032113700000081735	epochs	2.0
1283.0113915296997	0.01608659999988049	epochs	3.0
1283.0274781296996	0.016027100000201244	epochs	3.0
1283.0435052296998	0.03187800000000607	epochs	2.0
1283.0435052296998	0.0159681999998611	epochs	3.0
1283.0594734296997	0.01590980000014497	epochs	3.0
1283.0753832296998	0.03164569999989908	epochs	2.0
1283.0753832296998	0.015851599999905375	epochs	3.0
1283.0912348296997	0.015794099999993705	epochs	3.0
1283.1070289296997	0.031416699999908815	epochs	2.0
1283.1070289296997	0.01573669999993399	epochs	3.0
1283.1227656296996	0.015679999999974825	epochs	3.0
1283.1384456296996	0.031191100000114602	epochs	2.0
1283.1384456296996	0.015623600000026272	epochs	3.0
1283.1540692296996	0.01556750000008833	epochs	3.0
1283.1696367296997	0.030968699999903038	epochs	2.0
1283.1696367296997	0.015511999999944237	epochs	3.0
1283.1851487296997	0.0154566999999588	epochs	3.0
1283.2006054296996	0.030749499999956242	epochs	2.0
1283.2006054296996	0.015401999999994587	epochs	3.0
1283.2160074296996	0.015347499999961656	epochs	3.0
1283.2313549296996	0.03053320000003623	epochs	2.0
1283.2313549296996	0.015293400000018664	epochs	3.0
1283.2466483296996	0.015239800000017567	epochs	3.0
1283.2618881296996	0.030320100000153616	epochs	2.0
1283.2618881296996	0.015186500000027081	epochs	3.0
1283.2770746296997	0.015133600000126535	epochs	3.0
1283.2922082296998	0.030109899999843037	epochs	2.0
1283.2922082296998	0.015081000000009226	epochs	3.0
1283.3072892296998	0.015028899999833811	epochs	3.0
1283.3223181296996	0.029902500000162036	epochs	2.0
1283.3223181296996	0.014977000000044427	epochs	3.0
1283.3372951296997	0.014925500000117609	epochs	3.0
1283.3522206296998	0.029698099999905025	epochs	2.0
1283.3522206296998	0.014874399999825982	epochs	3.0
1283.3670950296996	0.014823700000079043	epochs	3.0
1283.3819187296997	0.029496300000118936	epochs	2.0
1283.3819187296997	0.014773200000036013	epochs	3.0
1283.3966919296997	0.014723100000082923	epochs	3.0
1283.4114150296998	0.029297399999904883	epochs	2.0
1283.4114150296998	0.014673399999992398	epochs	3.0
1283.4260884296998	0.014623999999912485	epochs	3.0
1283.4407124296997	0.029101099999934377	epochs	2.0
1283.4407124296997	0.014574900000070556	epochs	3.0
1283.4552873296998	0.01452619999986382	epochs	3.0
1283.4698135296996	0.028907399999980044	epochs	2.0
1283.4698135296996	0.014477700000043114	epochs	3.0
1283.4842912296997	0.014429699999936929	epochs	3.0
1283.4987209296996	0.028716199999962555	epochs	2.0
1283.4987209296996	0.014381800000137446	epochs	3.0
1283.5131027296998	0.01433439999982511	epochs	3.0
1283.5274371296996	0.028527600000188613	epochs	2.0
1283.5274371296996	0.014287200000126177	epochs	3.0
1283.5417243296997	0.014240400000062436	epochs	3.0
1283.5559647296998	0.02834139999981744	epochs	2.0
1283.5559647296998	0.014193799999929979	epochs	3.0
1283.5701585296997	0.014147599999887461	epochs	3.0
1283.5843061296996	0.028157700000065233	epochs	2.0
1283.5843061296996	0.014101700000082928	epochs	3.0
1283.5984078296997	0.014055999999982305	epochs	3.0
1283.6124638296997	0.027976300000091214	epochs	2.0
1283.6124638296997	0.014010600000119666	epochs	3.0
1283.6264744296998	0.013965699999971548	epochs	3.0
1283.6404401296998	0.027797199999895383	epochs	2.0
1283.6404401296998	0.013920800000050804	epochs	3.0
1283.6543609296998	0.01387639999984458	epochs	3.0
1283.6682373296997	0.02762040000015986	epochs	2.0
1283.6682373296997	0.013832200000024386	epochs	3.0
1283.6820695296997	0.013788200000135475	epochs	3.0
1283.6958577296998	0.027445899999975154	epochs	2.0
1283.6958577296998	0.013744599999881757	epochs	3.0
1283.7096023296997	0.013701300000093397	epochs	3.0
1283.7233036296998	0.027273499999864725	epochs	2.0
1283.7233036296998	0.013658200000008947	epochs	3.0
1283.7369618296998	0.013615299999855779	epochs	3.0
1283.7505771296996	0.027103399999987232	epochs	2.0
1283.7505771296996	0.013572800000019924	epochs	3.0
1283.7641499296997	0.013530599999967308	epochs	3.0
1283.7776805296996	0.02693520000002536	epochs	2.0
1283.7776805296996	0.013488400000142065	epochs	3.0
1283.7911689296998	0.013446799999883297	epochs	3.0
1283.8046157296997	0.026769199999989723	epochs	2.0
1283.8046157296997	0.013405200000079276	epochs	3.0
1283.8180209296997	0.013363999999910448	epochs	3.0
1283.8313849296997	0.026605199999949036	epochs	2.0
1283.8313849296997	0.013322900000048321	epochs	3.0
1283.8447078296997	0.013282299999900715	epochs	3.0
1283.8579901296996	0.026443200000130673	epochs	2.0
1283.8579901296996	0.013241700000207857	epochs	3.0
1283.8712318296998	0.013201499999922817	epochs	3.0
1283.8844333296997	0.026283200000079887	epochs	2.0
1283.8844333296997	0.013161500000023807	epochs	3.0
1283.8975948296998	0.01312170000005608	epochs	3.0
1283.9107165296998	0.026124999999865395	epochs	2.0
1283.9107165296998	0.013082099999792263	epochs	3.0
1283.9237986296996	0.013042900000073132	epochs	3.0
1283.9368415296997	0.025968899999952555	epochs	2.0
1283.9368415296997	0.01300390000005791	epochs	3.0
1283.9498454296997	0.012964999999894644	epochs	3.0
1283.9628104296996	0.025814500000024054	epochs	2.0
1283.9628104296996	0.012926399999969362	epochs	3.0
1283.9757368296996	0.012888100000054692	epochs	3.0
1283.9886249296997	0.02566190000015922	epochs	2.0
1283.9886249296997	0.012849899999991976	epochs	3.0
1284.0014748296996	0.012812000000167245	epochs	3.0
1284.0142868296998	0.025511199999982637	epochs	2.0
1284.0142868296998	0.012774399999898378	epochs	3.0
1284.0270612296997	0.012736800000084258	epochs	3.0
1284.0397980296998	0.02536229999986972	epochs	2.0
1284.0397980296998	0.01269969999998466	epochs	3.0
1284.0524977296998	0.01266259999988506	epochs	3.0
1284.0651603296997	0.02521500000011656	epochs	2.0
1284.0651603296997	0.012625800000023446	epochs	3.0
1284.0777861296997	0.012589200000093115	epochs	3.0
1284.0903753296998	0.024584799999956886	epochs	2.0
1284.1146485296997	0.5	epochs	-1.0
1284.1149601296997	0.5294400000000223	epochs	1.0
1284.6444001296998	0.47047999999995227	epochs	0.0
1286.138000011444	0.05096000000003187	epochs	0.0
1286.138000011444	0.020480800000086674	epochs	1.0
1286.1584808114442	0.00999839999985852	epochs	1.0
1286.168479211444	0.020480800000086674	epochs	1.0
1286.1889600114441	2.0	epochs	0.0
1288.1889600114441	21.508399999999938	epochs	0.0
1288.1889600114441	1.0	epochs	1.0
1288.1889684114442	0.5	epochs	-1.0
1288.6889684114442	19.9996799999999	epochs	-1.0
1289.1889600114441	20.0	epochs	1.0
1289.1889600114441	4.356753900000058	epochs	-1.0
1289.1889600114441	1.9745871999998599	epochs	2.0
1289.1889600114441	1.0985622000000603	epochs	3.0
1290.2875222114442	0.8760249999997995	epochs	3.0
1291.163547211444	1.3524075000000266	epochs	2.0
1291.163547211444	0.7286355000001095	epochs	3.0
1291.892182711444	0.6237719999999172	epochs	3.0
1292.515954711444	1.0297592000001714	epochs	2.0
1292.515954711444	0.5453293000000485	epochs	3.0
1293.061284011444	0.48442990000012287	epochs	3.0
1293.5457139114442	0.8317861999998968	epochs	2.0
1293.5457139114442	0.4357762999998158	epochs	3.0
1293.981490211444	0.39600990000008096	epochs	3.0
1294.377500111444	0.6977970000000369	epochs	2.0
1294.377500111444	0.3628982000000178	epochs	3.0
1294.740398311444	0.33489880000001904	epochs	3.0
1295.0752971114441	0.601045699999986	epochs	2.0
1295.0752971114441	0.3109122999999272	epochs	3.0
1295.386209411444	0.2901334000000588	epochs	3.0
1295.676342811444	0.5278859000000011	epochs	2.0
1295.676342811444	0.2719586000000618	epochs	3.0
1295.9483014114442	0.25592729999993935	epochs	3.0
1296.204228711444	0.470619299999953	epochs	2.0
1296.204228711444	0.241681299999982	epochs	3.0
1296.445910011444	0.228937999999971	epochs	3.0
1296.674848011444	0.42457039999999324	epochs	2.0
1296.674848011444	0.21747140000002219	epochs	3.0
1296.892319411444	0.20709899999997106	epochs	3.0
1297.099418411444	0.3867354000001342	epochs	2.0
1297.099418411444	0.19767109999997956	epochs	3.0
1297.297089511444	0.18906430000015462	epochs	3.0
1297.4861538114442	0.35509529999990264	epochs	2.0
1297.4861538114442	0.18117589999997108	epochs	3.0
1297.6673297114442	0.17391939999993156	epochs	3.0
1297.841249111444	0.3282431000000088	epochs	2.0
1297.841249111444	0.16722189999995862	epochs	3.0
1298.008471011444	0.16102120000005016	epochs	3.0
1298.169492211444	0.30516800000009425	epochs	2.0
1298.169492211444	0.15526389999990897	epochs	3.0
1298.324756111444	0.14990410000018528	epochs	3.0
1298.4746602114442	0.28512529999989056	epochs	2.0
1298.4746602114442	0.14490209999985382	epochs	3.0
1298.619562311444	0.14022320000003674	epochs	3.0
1298.759785511444	0.267553800000087	epochs	2.0
1298.759785511444	0.1358368999999584	epochs	3.0
1298.895622411444	0.1317169000001286	epochs	3.0
1299.0273393114442	0.252022899999929	epochs	2.0
1299.0273393114442	0.1278393000000051	epochs	3.0
1299.1551786114442	0.1241835999999239	epochs	3.0
1299.279362211444	0.23819649999995818	epochs	2.0
1299.279362211444	0.12073110000005727	epochs	3.0
1299.4000933114442	0.11746539999990091	epochs	3.0
1299.517558711444	0.2258088000000953	epochs	2.0
1299.517558711444	0.11437190000015107	epochs	3.0
1299.6319306114442	0.11143689999994422	epochs	3.0
1299.7433675114441	0.21464599999990241	epochs	2.0
1299.7433675114441	0.10864889999993466	epochs	3.0
1299.852016411444	0.10599709999996776	epochs	3.0
1299.958013511444	0.20453500000007807	epochs	2.0
1299.958013511444	0.10347150000006877	epochs	3.0
1300.0614850114441	0.1010635000000093	epochs	3.0
1300.1625485114441	0.19533400000000256	epochs	2.0
1300.1625485114441	0.09876510000003691	epochs	3.0
1300.2613136114442	0.09656889999996565	epochs	3.0
1300.3578825114441	0.18692529999998442	epochs	2.0
1300.3578825114441	0.09446830000001682	epochs	3.0
1300.4523508114441	0.09245699999996759	epochs	3.0
1300.5448078114441	0.17921069999988504	epochs	2.0
1300.5448078114441	0.0905296000000817	epochs	3.0
1300.6353374114442	0.08868109999980334	epochs	3.0
1300.724018511444	0.17210770000019693	epochs	2.0
1300.724018511444	0.08690630000000965	epochs	3.0
1300.810924811444	0.08520140000018728	epochs	3.0
1300.8961262114442	0.1655463999998119	epochs	2.0
1300.8961262114442	0.08356189999994967	epochs	3.0
1300.9796881114441	0.08198449999986224	epochs	3.0
1301.061672611444	0.15946710000002895	epochs	2.0
1301.061672611444	0.08046540000009372	epochs	3.0
1301.142138011444	0.07900169999993523	epochs	3.0
1301.221139711444	0.15381840000009106	epochs	2.0
1301.221139711444	0.07759009999995214	epochs	3.0
1301.298729811444	0.07622830000013892	epochs	3.0
1301.3749581114441	0.14855639999996129	epochs	2.0
1301.3749581114441	0.07491329999993468	epochs	3.0
1301.449871411444	0.0736431000000266	epochs	3.0
1301.523514511444	0.14364240000008976	epochs	2.0
1301.523514511444	0.07241500000009182	epochs	3.0
1301.5959295114442	0.07122739999999794	epochs	3.0
1301.6671569114442	0.13904309999998077	epochs	2.0
1301.6671569114442	0.07007799999996678	epochs	3.0
1301.7372349114441	0.06896510000001399	epochs	3.0
1301.8062000114442	0.13472929999988992	epochs	2.0
1301.8062000114442	0.0678871000000072	epochs	3.0
1301.8740871114442	0.06684219999988272	epochs	3.0
1301.940929311444	0.1306752000000415	epochs	2.0
1301.940929311444	0.06582909999997355	epochs	3.0
1302.006758411444	0.06484610000006796	epochs	3.0
1302.071604511444	0.1268577999999252	epochs	2.0
1302.071604511444	0.06389199999989614	epochs	3.0
1302.135496511444	0.06296580000002905	epochs	3.0
1302.198462311444	0.12325720000012552	epochs	2.0
1302.198462311444	0.06206580000002759	epochs	3.0
1302.260528111444	0.06119140000009793	epochs	3.0
1302.3217195114441	0.11985540000000583	epochs	2.0
1302.3217195114441	0.060341099999959624	epochs	3.0
1302.382060611444	0.059514300000046205	epochs	3.0
1302.4415749114441	0.1166361999999026	epochs	2.0
1302.4415749114441	0.058709599999929196	epochs	3.0
1302.500284511444	0.057926599999973405	epochs	3.0
1302.558211111444	0.11358560000007856	epochs	2.0
1302.558211111444	0.05716419999998834	epochs	3.0
1302.615375311444	0.056421400000090216	epochs	3.0
1302.6717967114441	0.11069049999991876	epochs	2.0
1302.6717967114441	0.055697900000041045	epochs	3.0
1302.7274946114442	0.05499259999987771	epochs	3.0
1302.782487211444	0.1079391000000669	epochs	2.0
1302.782487211444	0.05430490000003374	epochs	3.0
1302.836792111444	0.05363420000003316	epochs	3.0
1302.8904263114441	0.10532149999994544	epochs	2.0
1302.8904263114441	0.05297999999993408	epochs	3.0
1302.943406311444	0.052341500000011365	epochs	3.0
1302.995747811444	0.10282759999995505	epochs	2.0
1302.995747811444	0.05171810000001642	epochs	3.0
1303.047465911444	0.051109499999938635	epochs	3.0
1303.098575411444	0.10044910000010532	epochs	2.0
1303.098575411444	0.050514900000052876	epochs	3.0
1303.149090311444	0.04993420000005244	epochs	3.0
1303.1990245114441	0.0981782999999723	epochs	2.0
1303.1990245114441	0.04936659999998483	epochs	3.0
1303.248391111444	0.04881169999998747	epochs	3.0
1303.297202811444	0.09600780000005216	epochs	2.0
1303.297202811444	0.04826920000004975	epochs	3.0
1303.3454720114441	0.04773860000000241	epochs	3.0
1303.3932106114441	0.09393120000004274	epochs	2.0
1303.3932106114441	0.04721949999998287	epochs	3.0
1303.4404301114441	0.046711700000059864	epochs	3.0
1303.4871418114442	0.09194259999981114	epochs	2.0
1303.4871418114442	0.046214599999984785	epochs	3.0
1303.5333564114442	0.04572799999982635	epochs	3.0
1303.579084411444	0.09003630000006524	epochs	2.0
1303.579084411444	0.04525150000017675	epochs	3.0
1303.6243359114442	0.04478479999988849	epochs	3.0
1303.669120711444	0.08820760000003247	epochs	2.0
1303.669120711444	0.044327800000019124	epochs	3.0
1303.713448511444	0.04387980000001335	epochs	3.0
1303.757328311444	0.0864516999999978	epochs	2.0
1303.757328311444	0.04344100000002982	epochs	3.0
1303.8007693114441	0.04301069999996798	epochs	3.0
1303.843780011444	0.08476429999996071	epochs	2.0
1303.843780011444	0.04258899999990717	epochs	3.0
1303.886369011444	0.04217530000005354	epochs	3.0
1303.928544311444	0.08314150000001064	epochs	2.0
1303.928544311444	0.04176970000003166	epochs	3.0
1303.970314011444	0.041371799999978975	epochs	3.0
1304.011685811444	0.08157970000002024	epochs	2.0
1304.011685811444	0.040981399999964196	epochs	3.0
1304.052667211444	0.04059830000005604	epochs	3.0
1304.093265511444	0.08007550000002084	epochs	2.0
1304.093265511444	0.040222300000095856	epochs	3.0
1304.1334878114442	0.03985319999992498	epochs	3.0
1304.173341011444	0.07862569999997504	epochs	2.0
1304.173341011444	0.039490800000066884	epochs	3.0
1304.2128318114442	0.03913489999990816	epochs	3.0
1304.251966711444	0.07722760000001472	epochs	2.0
1304.251966711444	0.038785400000051595	epochs	3.0
1304.2907521114441	0.03844219999996312	epochs	3.0
1304.329194311444	0.07587820000003376	epochs	2.0
1304.329194311444	0.03810479999992822	epochs	3.0
1304.367299111444	0.03777340000010554	epochs	3.0
1304.4050725114441	0.0745752000000266	epochs	2.0
1304.4050725114441	0.03744770000002973	epochs	3.0
1304.4425202114442	0.03712749999999687	epochs	3.0
1304.4796477114442	0.07331629999998768	epochs	2.0
1304.4796477114442	0.03681289999985893	epochs	3.0
1304.516460611444	0.03650340000012875	epochs	3.0
1304.5529640114441	0.07209899999998015	epochs	2.0
1304.5529640114441	0.03619909999997617	epochs	3.0
1304.5891631114441	0.03589990000000398	epochs	3.0
1304.6250630114441	0.07092169999987163	epochs	2.0
1304.6250630114441	0.03560560000005353	epochs	3.0
1304.6606686114442	0.03531609999981811	epochs	3.0
1304.695984711444	0.06978200000003199	epochs	2.0
1304.695984711444	0.03503120000004856	epochs	3.0
1304.731015911444	0.03475079999998343	epochs	3.0
1304.765766711444	0.06867860000011206	epochs	2.0
1304.765766711444	0.03447510000000875	epochs	3.0
1304.800241811444	0.034203500000103304	epochs	3.0
1304.8344453114441	0.06760929999995824	epochs	2.0
1304.8344453114441	0.033936199999970995	epochs	3.0
1304.868381511444	0.033673099999987244	epochs	3.0
1304.902054611444	0.06657289999998284	epochs	2.0
1304.902054611444	0.03341399999999339	epochs	3.0
1304.935468611444	0.033158899999989444	epochs	3.0
1304.968627511444	0.06556780000005347	epochs	2.0
1304.968627511444	0.03290770000012344	epochs	3.0
1305.0015352114442	0.032660099999930026	epochs	3.0
1305.0341953114441	0.06459259999996902	epochs	2.0
1305.0341953114441	0.03241639999987456	epochs	3.0
1305.066611711444	0.03217620000009447	epochs	3.0
1305.098787911444	0.06364600000006249	epochs	2.0
1305.098787911444	0.03193959999998697	epochs	3.0
1305.130727511444	0.03170640000007552	epochs	3.0
1305.1624339114442	0.0627266999999847	epochs	2.0
1305.1624339114442	0.031476599999905375	epochs	3.0
1305.193910511444	0.03125010000007933	epochs	3.0
1305.2251606114442	0.06183359999999993	epochs	2.0
1305.2251606114442	0.03102689999991526	epochs	3.0
1305.256187511444	0.030806700000084675	epochs	3.0
1305.2869942114442	0.060965599999917686	epochs	2.0
1305.2869942114442	0.030589799999916067	epochs	3.0
1305.317584011444	0.030375800000001618	epochs	3.0
1305.347959811444	0.06012160000000222	epochs	2.0
1305.347959811444	0.030164900000045236	epochs	3.0
1305.3781247114441	0.02995669999995698	epochs	3.0
1305.408081411444	0.05930069999999432	epochs	2.0
1305.408081411444	0.029751600000054168	epochs	3.0
1305.4378330114441	0.029549099999940154	epochs	3.0
1305.467382111444	0.05850179999993088	epochs	2.0
1305.467382111444	0.02934940000000097	epochs	3.0
1305.496731511444	0.029152399999929912	epochs	3.0
1305.525883911444	0.05772420000016609	epochs	2.0
1305.525883911444	0.028958000000102402	epochs	3.0
1305.554841911444	0.02876620000006369	epochs	3.0
1305.5836081114442	0.056967099999837956	epochs	2.0
1305.5836081114442	0.02857699999981378	epochs	3.0
1305.612185111444	0.028390100000024177	epochs	3.0
1305.640575211444	0.05622950000019955	epochs	2.0
1305.640575211444	0.02820570000017142	epochs	3.0
1305.6687809114442	0.028023800000028132	epochs	3.0
1305.6968047114442	0.055510699999786084	epochs	2.0
1305.6968047114442	0.027843999999959124	epochs	3.0
1305.7246487114442	0.02766669999982696	epochs	3.0
1305.752315411444	0.054810200000019904	epochs	2.0
1305.752315411444	0.02749149999999645	epochs	3.0
1305.779806911444	0.027318700000023455	epochs	3.0
1305.807125611444	0.05412700000010773	epochs	2.0
1305.807125611444	0.027147800000193456	epochs	3.0
1305.8342734114442	0.026979199999914272	epochs	3.0
1305.8612526114441	0.053460699999959616	epochs	2.0
1305.8612526114441	0.026812600000084785	epochs	3.0
1305.8880652114442	0.02664809999987483	epochs	3.0
1305.914713311444	0.05281070000000909	epochs	2.0
1305.914713311444	0.026485600000114573	epochs	3.0
1305.9411989114442	0.02632509999989452	epochs	3.0
1305.967524011444	0.05217620000007628	epochs	2.0
1305.967524011444	0.026166399999965506	epochs	3.0
1305.993690411444	0.026009800000110772	epochs	3.0
1306.0197002114442	0.051556699999991906	epochs	2.0
1306.0197002114442	0.025854799999933675	epochs	3.0
1306.045555011444	0.02570190000005823	epochs	3.0
1306.0712569114442	0.05095189999997274	epochs	2.0
1306.0712569114442	0.025550699999939752	epochs	3.0
1306.096807611444	0.025401200000032986	epochs	3.0
1306.1222088114441	0.05036100000006627	epochs	2.0
1306.1222088114441	0.025253499999962514	epochs	3.0
1306.147462311444	0.025107500000103755	epochs	3.0
1306.1725698114442	0.04978379999988647	epochs	2.0
1306.1725698114442	0.02496320000000196	epochs	3.0
1306.1975330114442	0.024820599999884507	epochs	3.0
1306.222353611444	0.04921949999993558	epochs	2.0
1306.222353611444	0.024679399999968155	epochs	3.0
1306.247033011444	0.024540099999967424	epochs	3.0
1306.271573111444	0.04866790000005494	epochs	2.0
1306.271573111444	0.024402100000088467	epochs	3.0
1306.295975211444	0.024265799999966475	epochs	3.0
1306.320241011444	0.048128599999927246	epochs	2.0
1306.320241011444	0.024131000000124914	epochs	3.0
1306.3443720114442	0.023997599999802333	epochs	3.0
1306.368369611444	0.047601100000065344	epochs	2.0
1306.368369611444	0.023865800000066884	epochs	3.0
1306.392235411444	0.02373529999999846	epochs	3.0
1306.415970711444	0.04708499999992455	epochs	2.0
1306.415970711444	0.023606299999983094	epochs	3.0
1306.439577011444	0.023478699999941455	epochs	3.0
1306.463055711444	0.04658000000017637	epochs	2.0
1306.463055711444	0.023352500000100918	epochs	3.0
1306.486408211444	0.02322750000007545	epochs	3.0
1306.5096357114442	0.04608569999982137	epochs	2.0
1306.5096357114442	0.02310399999987567	epochs	3.0
1306.532739711444	0.022981699999945704	epochs	3.0
1306.555721411444	0.04560180000021319	epochs	2.0
1306.555721411444	0.022860700000137513	epochs	3.0
1306.5785821114441	0.022741100000075676	epochs	3.0
1306.6013232114442	0.045127899999897636	epochs	2.0
1306.6013232114442	0.022622499999897627	epochs	3.0
1306.623945711444	0.02250540000000001	epochs	3.0
1306.646451111444	0.0446638000000803	epochs	2.0
1306.646451111444	0.02238929999998618	epochs	3.0
1306.668840411444	0.022274500000094122	epochs	3.0
1306.6911149114442	0.044209199999841076	epochs	2.0
1306.6911149114442	0.022160799999937808	epochs	3.0
1306.713275711444	0.022048399999903268	epochs	3.0
1306.735324111444	0.04376360000014756	epochs	2.0
1306.735324111444	0.021936900000127935	epochs	3.0
1306.7572610114441	0.021826700000019628	epochs	3.0
1306.7790877114442	0.04332709999994222	epochs	2.0
1306.7790877114442	0.021717599999874437	epochs	3.0
1306.800805311444	0.021609500000067783	epochs	3.0
1306.822414811444	0.04289900000003399	epochs	2.0
1306.822414811444	0.02150249999999687	epochs	3.0
1306.843917311444	0.021396500000037122	epochs	3.0
1306.8653138114441	0.04247949999989942	epochs	2.0
1306.8653138114441	0.021291699999892444	epochs	3.0
1306.886605511444	0.021187800000006973	epochs	3.0
1306.907793311444	0.04206790000012006	epochs	2.0
1306.907793311444	0.02108490000000529	epochs	3.0
1306.928878211444	0.02098300000011477	epochs	3.0
1306.9498612114442	0.04166439999994509	epochs	2.0
1306.9498612114442	0.020882199999959994	epochs	3.0
1306.9707434114441	0.020782199999985096	epochs	3.0
1306.991525611444	0.041268499999887354	epochs	2.0
1306.991525611444	0.020683299999973315	epochs	3.0
1307.012208911444	0.02058519999991404	epochs	3.0
1307.032794111444	0.04088000000001557	epochs	2.0
1307.032794111444	0.0204881000001933	epochs	3.0
1307.0532822114442	0.02039189999982227	epochs	3.0
1307.073674111444	0.04049880000002304	epochs	2.0
1307.073674111444	0.0202966000001652	epochs	3.0
1307.0939707114442	0.02020219999985784	epochs	3.0
1307.114172911444	0.04012460000012652	epochs	2.0
1307.114172911444	0.02010870000003706	epochs	3.0
1307.134281611444	0.02001590000008946	epochs	3.0
1307.1542975114442	0.03975730000001931	epochs	2.0
1307.1542975114442	0.0199241999998776	epochs	3.0
1307.174221711444	0.019833100000141712	epochs	3.0
1307.1940548114442	0.03939669999999751	epochs	2.0
1307.1940548114442	0.019742999999834865	epochs	3.0
1307.213797811444	0.019653700000162644	epochs	3.0
1307.2334515114442	0.03904239999997117	epochs	2.0
1307.2334515114442	0.019565099999908853	epochs	3.0
1307.253016611444	0.019477300000062314	epochs	3.0
1307.2724939114441	0.03869459999987157	epochs	2.0
1307.2724939114441	0.019390400000020236	epochs	3.0
1307.2918843114442	0.019304199999851335	epochs	3.0
1307.311188511444	0.03835290000006353	epochs	2.0
1307.311188511444	0.019218800000089686	epochs	3.0
1307.330407311444	0.01913409999997384	epochs	3.0
1307.349541411444	0.03801720000001296	epochs	2.0
1307.349541411444	0.019050200000037876	epochs	3.0
1307.3685916114441	0.018966999999975087	epochs	3.0
1307.387558611444	0.03768719999993664	epochs	2.0
1307.387558611444	0.01888450000001285	epochs	3.0
1307.406443111444	0.01880269999992379	epochs	3.0
1307.425245811444	0.03736309999999321	epochs	2.0
1307.425245811444	0.018721700000014607	epochs	3.0
1307.443967511444	0.018641399999978603	epochs	3.0
1307.462608911444	0.037044300000161456	epochs	2.0
1307.462608911444	0.018561600000111866	epochs	3.0
1307.4811705114441	0.01848270000004959	epochs	3.0
1307.4996532114442	0.03673099999991791	epochs	2.0
1307.4996532114442	0.018404299999929208	epochs	3.0
1307.518057511444	0.018326699999988705	epochs	3.0
1307.536384211444	0.03642289999993409	epochs	2.0
1307.536384211444	0.018249599999990096	epochs	3.0
1307.554633811444	0.018173299999943993	epochs	3.0
1307.572807111444	0.03612010000006194	epochs	2.0
1307.572807111444	0.018097600000146485	epochs	3.0
1307.5909047114442	0.018022499999915453	epochs	3.0
1307.608927211444	0.03582209999990482	epochs	2.0
1307.608927211444	0.017947900000081063	epochs	3.0
1307.6268751114442	0.01787419999982376	epochs	3.0
1307.644749311444	0.03552899999999681	epochs	2.0
1307.644749311444	0.017800800000031813	epochs	3.0
1307.662550111444	0.017728199999965	epochs	3.0
1307.680278311444	0.03524070000003121	epochs	2.0
1307.680278311444	0.017656100000067454	epochs	3.0
1307.697934411444	0.017584599999963757	epochs	3.0
1307.715519011444	0.03495710000015606	epochs	2.0
1307.715519011444	0.017513700000108656	epochs	3.0
1307.7330327114441	0.017443400000047404	epochs	3.0
1307.7504761114442	0.034677899999906	epochs	2.0
1307.7504761114442	0.017373599999928047	epochs	3.0
1307.7678497114441	0.017304299999977957	epochs	3.0
1307.785154011444	0.03440329999989444	epochs	2.0
1307.785154011444	0.017235699999901044	epochs	3.0
1307.802389711444	0.0171675999999934	epochs	3.0
1307.819557311444	0.034132800000179486	epochs	2.0
1307.819557311444	0.017099900000175694	epochs	3.0
1307.8366572114442	0.017032900000003792	epochs	3.0
1307.8536901114442	0.03386669999986225	epochs	2.0
1307.8536901114442	0.01696640000000116	epochs	3.0
1307.8706565114442	0.01690029999986109	epochs	3.0
1307.887556811444	0.03360459999998966	epochs	2.0
1307.887556811444	0.01683479999996962	epochs	3.0
1307.904391611444	0.01676980000002004	epochs	3.0
1307.921161411444	0.033346599999958926	epochs	2.0
1307.921161411444	0.016705300000012357	epochs	3.0
1307.937866711444	0.01664129999994657	epochs	3.0
1307.954508011444	0.03309250000006614	epochs	2.0
1307.954508011444	0.016577800000050047	epochs	3.0
1307.971085811444	0.01651470000001609	epochs	3.0
1307.987600511444	0.032842300000083924	epochs	2.0
1307.987600511444	0.01645220000000336	epochs	3.0
1308.004052711444	0.016390100000080565	epochs	3.0
1308.0204428114441	0.03259570000000167	epochs	2.0
1308.0204428114441	0.016328400000020338	epochs	3.0
1308.0367712114441	0.016267299999981333	epochs	3.0
1308.0530385114441	0.032352899999978035	epochs	2.0
1308.0530385114441	0.016206600000032267	epochs	3.0
1308.0692451114442	0.016146299999945768	epochs	3.0
1308.085391411444	0.032113700000081735	epochs	2.0
1308.085391411444	0.01608659999988049	epochs	3.0
1308.101478011444	0.016027100000201244	epochs	3.0
1308.1175051114442	0.03187800000000607	epochs	2.0
1308.1175051114442	0.0159681999998611	epochs	3.0
1308.133473311444	0.01590980000014497	epochs	3.0
1308.1493831114442	0.03164569999989908	epochs	2.0
1308.1493831114442	0.015851599999905375	epochs	3.0
1308.165234711444	0.015794099999993705	epochs	3.0
1308.181028811444	0.031416699999908815	epochs	2.0
1308.181028811444	0.01573669999993399	epochs	3.0
1308.196765511444	0.015679999999974825	epochs	3.0
1308.212445511444	0.031191100000114602	epochs	2.0
1308.212445511444	0.015623600000026272	epochs	3.0
1308.228069111444	0.01556750000008833	epochs	3.0
1308.2436366114441	0.030968699999903038	epochs	2.0
1308.2436366114441	0.015511999999944237	epochs	3.0
1308.259148611444	0.0154566999999588	epochs	3.0
1308.274605311444	0.030749499999956242	epochs	2.0
1308.274605311444	0.015401999999994587	epochs	3.0
1308.290007311444	0.015347499999961656	epochs	3.0
1308.305354811444	0.03053320000003623	epochs	2.0
1308.305354811444	0.015293400000018664	epochs	3.0
1308.320648211444	0.015239800000017567	epochs	3.0
1308.335888011444	0.030320100000153616	epochs	2.0
1308.335888011444	0.015186500000027081	epochs	3.0
1308.351074511444	0.015133600000126535	epochs	3.0
1308.3662081114442	0.030109899999843037	epochs	2.0
1308.3662081114442	0.015081000000009226	epochs	3.0
1308.3812891114442	0.015028899999833811	epochs	3.0
1308.396318011444	0.029902500000162036	epochs	2.0
1308.396318011444	0.014977000000044427	epochs	3.0
1308.411295011444	0.014925500000117609	epochs	3.0
1308.4262205114442	0.029698099999905025	epochs	2.0
1308.4262205114442	0.014874399999825982	epochs	3.0
1308.441094911444	0.014823700000079043	epochs	3.0
1308.455918611444	0.029496300000118936	epochs	2.0
1308.455918611444	0.014773200000036013	epochs	3.0
1308.470691811444	0.014723100000082923	epochs	3.0
1308.4854149114442	0.029297399999904883	epochs	2.0
1308.4854149114442	0.014673399999992398	epochs	3.0
1308.5000883114442	0.014623999999912485	epochs	3.0
1308.514712311444	0.029101099999934377	epochs	2.0
1308.514712311444	0.014574900000070556	epochs	3.0
1308.5292872114442	0.01452619999986382	epochs	3.0
1308.543813411444	0.028907399999980044	epochs	2.0
1308.543813411444	0.014477700000043114	epochs	3.0
1308.558291111444	0.014429699999936929	epochs	3.0
1308.572720811444	0.028716199999962555	epochs	2.0
1308.572720811444	0.014381800000137446	epochs	3.0
1308.5871026114442	0.01433439999982511	epochs	3.0
1308.601437011444	0.028527600000188613	epochs	2.0
1308.601437011444	0.014287200000126177	epochs	3.0
1308.615724211444	0.014240400000062436	epochs	3.0
1308.6299646114442	0.02834139999981744	epochs	2.0
1308.6299646114442	0.014193799999929979	epochs	3.0
1308.644158411444	0.014147599999887461	epochs	3.0
1308.658306011444	0.028157700000065233	epochs	2.0
1308.658306011444	0.014101700000082928	epochs	3.0
1308.672407711444	0.014055999999982305	epochs	3.0
1308.686463711444	0.027976300000091214	epochs	2.0
1308.686463711444	0.014010600000119666	epochs	3.0
1308.7004743114442	0.013965699999971548	epochs	3.0
1308.7144400114441	0.027797199999895383	epochs	2.0
1308.7144400114441	0.013920800000050804	epochs	3.0
1308.7283608114442	0.01387639999984458	epochs	3.0
1308.742237211444	0.02762040000015986	epochs	2.0
1308.742237211444	0.013832200000024386	epochs	3.0
1308.756069411444	0.013788200000135475	epochs	3.0
1308.7698576114442	0.027445899999975154	epochs	2.0
1308.7698576114442	0.013744599999881757	epochs	3.0
1308.783602211444	0.013701300000093397	epochs	3.0
1308.7973035114442	0.027273499999864725	epochs	2.0
1308.7973035114442	0.013658200000008947	epochs	3.0
1308.8109617114442	0.013615299999855779	epochs	3.0
1308.824577011444	0.027103399999987232	epochs	2.0
1308.824577011444	0.013572800000019924	epochs	3.0
1308.838149811444	0.013530599999967308	epochs	3.0
1308.851680411444	0.02693520000002536	epochs	2.0
1308.851680411444	0.013488400000142065	epochs	3.0
1308.8651688114442	0.013446799999883297	epochs	3.0
1308.878615611444	0.026769199999989723	epochs	2.0
1308.878615611444	0.013405200000079276	epochs	3.0
1308.8920208114441	0.013363999999910448	epochs	3.0
1308.905384811444	0.026605199999949036	epochs	2.0
1308.905384811444	0.013322900000048321	epochs	3.0
1308.918707711444	0.013282299999900715	epochs	3.0
1308.931990011444	0.026443200000130673	epochs	2.0
1308.931990011444	0.013241700000207857	epochs	3.0
1308.9452317114442	0.013201499999922817	epochs	3.0
1308.9584332114441	0.026283200000079887	epochs	2.0
1308.9584332114441	0.013161500000023807	epochs	3.0
1308.9715947114441	0.01312170000005608	epochs	3.0
1308.9847164114442	0.026124999999865395	epochs	2.0
1308.9847164114442	0.013082099999792263	epochs	3.0
1308.997798511444	0.013042900000073132	epochs	3.0
1309.010841411444	0.025968899999952555	epochs	2.0
1309.010841411444	0.01300390000005791	epochs	3.0
1309.0238453114441	0.012964999999894644	epochs	3.0
1309.036810311444	0.025814500000024054	epochs	2.0
1309.036810311444	0.012926399999969362	epochs	3.0
1309.049736711444	0.012888100000054692	epochs	3.0
1309.062624811444	0.02566190000015922	epochs	2.0
1309.062624811444	0.012849899999991976	epochs	3.0
1309.075474711444	0.012812000000167245	epochs	3.0
1309.0882867114442	0.025511199999982637	epochs	2.0
1309.0882867114442	0.012774399999898378	epochs	3.0
1309.101061111444	0.012736800000084258	epochs	3.0
1309.1137979114442	0.02536229999986972	epochs	2.0
1309.1137979114442	0.01269969999998466	epochs	3.0
1309.1264976114442	0.01266259999988506	epochs	3.0
1309.139160211444	0.02521500000011656	epochs	2.0
1309.139160211444	0.012625800000023446	epochs	3.0
1309.151786011444	0.012589200000093115	epochs	3.0
1309.1643752114442	0.024584799999956886	epochs	2.0
1309.188648411444	0.5	epochs	-1.0
1309.1889600114441	0.5083999999999378	epochs	1.0
1309.697360011444	0.4915200000000368	epochs	0.0
1310.9749999046326	0.05096000000003187	epochs	0.0
1310.9749999046326	0.020480800000086674	epochs	1.0
1310.9954807046327	0.00999839999985852	epochs	1.0
1311.0054791046325	0.020480800000086674	epochs	1.0
1311.0259599046326	2.0	epochs	0.0
1313.0259599046326	21.999919999999975	epochs	0.0
1313.0259599046326	1.0	epochs	1.0
1313.0259683046327	0.5	epochs	-1.0
1313.5259683046327	19.9996799999999	epochs	-1.0
1314.0259599046326	20.0	epochs	1.0
1314.0259599046326	4.356753900000058	epochs	-1.0
1314.0259599046326	1.9745871999998599	epochs	2.0
1314.0259599046326	1.0985622000000603	epochs	3.0
1315.1245221046327	0.8760249999997995	epochs	3.0
1316.0005471046325	1.3524075000000266	epochs	2.0
1316.0005471046325	0.7286355000001095	epochs	3.0
1316.7291826046326	0.6237719999999172	epochs	3.0
1317.3529546046325	1.0297592000001714	epochs	2.0
1317.3529546046325	0.5453293000000485	epochs	3.0
1317.8982839046325	0.48442990000012287	epochs	3.0
1318.3827138046327	0.8317861999998968	epochs	2.0
1318.3827138046327	0.4357762999998158	epochs	3.0
1318.8184901046325	0.39600990000008096	epochs	3.0
1319.2145000046326	0.6977970000000369	epochs	2.0
1319.2145000046326	0.3628982000000178	epochs	3.0
1319.5773982046326	0.33489880000001904	epochs	3.0
1319.9122970046326	0.601045699999986	epochs	2.0
1319.9122970046326	0.3109122999999272	epochs	3.0
1320.2232093046325	0.2901334000000588	epochs	3.0
1320.5133427046326	0.5278859000000011	epochs	2.0
1320.5133427046326	0.2719586000000618	epochs	3.0
1320.7853013046326	0.25592729999993935	epochs	3.0
1321.0412286046326	0.470619299999953	epochs	2.0
1321.0412286046326	0.241681299999982	epochs	3.0
1321.2829099046326	0.228937999999971	epochs	3.0
1321.5118479046325	0.42457039999999324	epochs	2.0
1321.5118479046325	0.21747140000002219	epochs	3.0
1321.7293193046326	0.20709899999997106	epochs	3.0
1321.9364183046325	0.3867354000001342	epochs	2.0
1321.9364183046325	0.19767109999997956	epochs	3.0
1322.1340894046325	0.18906430000015462	epochs	3.0
1322.3231537046327	0.35509529999990264	epochs	2.0
1322.3231537046327	0.18117589999997108	epochs	3.0
1322.5043296046326	0.17391939999993156	epochs	3.0
1322.6782490046326	0.3282431000000088	epochs	2.0
1322.6782490046326	0.16722189999995862	epochs	3.0
1322.8454709046325	0.16102120000005016	epochs	3.0
1323.0064921046326	0.30516800000009425	epochs	2.0
1323.0064921046326	0.15526389999990897	epochs	3.0
1323.1617560046325	0.14990410000018528	epochs	3.0
1323.3116601046327	0.28512529999989056	epochs	2.0
1323.3116601046327	0.14490209999985382	epochs	3.0
1323.4565622046325	0.14022320000003674	epochs	3.0
1323.5967854046326	0.267553800000087	epochs	2.0
1323.5967854046326	0.1358368999999584	epochs	3.0
1323.7326223046325	0.1317169000001286	epochs	3.0
1323.8643392046326	0.252022899999929	epochs	2.0
1323.8643392046326	0.1278393000000051	epochs	3.0
1323.9921785046326	0.1241835999999239	epochs	3.0
1324.1163621046326	0.23819649999995818	epochs	2.0
1324.1163621046326	0.12073110000005727	epochs	3.0
1324.2370932046326	0.11746539999990091	epochs	3.0
1324.3545586046325	0.2258088000000953	epochs	2.0
1324.3545586046325	0.11437190000015107	epochs	3.0
1324.4689305046327	0.11143689999994422	epochs	3.0
1324.5803674046326	0.21464599999990241	epochs	2.0
1324.5803674046326	0.10864889999993466	epochs	3.0
1324.6890163046326	0.10599709999996776	epochs	3.0
1324.7950134046325	0.20453500000007807	epochs	2.0
1324.7950134046325	0.10347150000006877	epochs	3.0
1324.8984849046326	0.1010635000000093	epochs	3.0
1324.9995484046326	0.19533400000000256	epochs	2.0
1324.9995484046326	0.09876510000003691	epochs	3.0
1325.0983135046326	0.09656889999996565	epochs	3.0
1325.1948824046326	0.18692529999998442	epochs	2.0
1325.1948824046326	0.09446830000001682	epochs	3.0
1325.2893507046326	0.09245699999996759	epochs	3.0
1325.3818077046326	0.17921069999988504	epochs	2.0
1325.3818077046326	0.0905296000000817	epochs	3.0
1325.4723373046327	0.08868109999980334	epochs	3.0
1325.5610184046325	0.17210770000019693	epochs	2.0
1325.5610184046325	0.08690630000000965	epochs	3.0
1325.6479247046325	0.08520140000018728	epochs	3.0
1325.7331261046327	0.1655463999998119	epochs	2.0
1325.7331261046327	0.08356189999994967	epochs	3.0
1325.8166880046326	0.08198449999986224	epochs	3.0
1325.8986725046325	0.15946710000002895	epochs	2.0
1325.8986725046325	0.08046540000009372	epochs	3.0
1325.9791379046326	0.07900169999993523	epochs	3.0
1326.0581396046325	0.15381840000009106	epochs	2.0
1326.0581396046325	0.07759009999995214	epochs	3.0
1326.1357297046325	0.07622830000013892	epochs	3.0
1326.2119580046326	0.14855639999996129	epochs	2.0
1326.2119580046326	0.07491329999993468	epochs	3.0
1326.2868713046325	0.0736431000000266	epochs	3.0
1326.3605144046326	0.14364240000008976	epochs	2.0
1326.3605144046326	0.07241500000009182	epochs	3.0
1326.4329294046327	0.07122739999999794	epochs	3.0
1326.5041568046327	0.13904309999998077	epochs	2.0
1326.5041568046327	0.07007799999996678	epochs	3.0
1326.5742348046326	0.06896510000001399	epochs	3.0
1326.6431999046326	0.13472929999988992	epochs	2.0
1326.6431999046326	0.0678871000000072	epochs	3.0
1326.7110870046326	0.06684219999988272	epochs	3.0
1326.7779292046325	0.1306752000000415	epochs	2.0
1326.7779292046325	0.06582909999997355	epochs	3.0
1326.8437583046325	0.06484610000006796	epochs	3.0
1326.9086044046326	0.1268577999999252	epochs	2.0
1326.9086044046326	0.06389199999989614	epochs	3.0
1326.9724964046325	0.06296580000002905	epochs	3.0
1327.0354622046325	0.12325720000012552	epochs	2.0
1327.0354622046325	0.06206580000002759	epochs	3.0
1327.0975280046325	0.06119140000009793	epochs	3.0
1327.1587194046326	0.11985540000000583	epochs	2.0
1327.1587194046326	0.060341099999959624	epochs	3.0
1327.2190605046326	0.059514300000046205	epochs	3.0
1327.2785748046326	0.1166361999999026	epochs	2.0
1327.2785748046326	0.058709599999929196	epochs	3.0
1327.3372844046326	0.057926599999973405	epochs	3.0
1327.3952110046325	0.11358560000007856	epochs	2.0
1327.3952110046325	0.05716419999998834	epochs	3.0
1327.4523752046325	0.056421400000090216	epochs	3.0
1327.5087966046326	0.11069049999991876	epochs	2.0
1327.5087966046326	0.055697900000041045	epochs	3.0
1327.5644945046326	0.05499259999987771	epochs	3.0
1327.6194871046325	0.1079391000000669	epochs	2.0
1327.6194871046325	0.05430490000003374	epochs	3.0
1327.6737920046326	0.05363420000003316	epochs	3.0
1327.7274262046326	0.10532149999994544	epochs	2.0
1327.7274262046326	0.05297999999993408	epochs	3.0
1327.7804062046325	0.052341500000011365	epochs	3.0
1327.8327477046325	0.10282759999995505	epochs	2.0
1327.8327477046325	0.05171810000001642	epochs	3.0
1327.8844658046326	0.051109499999938635	epochs	3.0
1327.9355753046325	0.10044910000010532	epochs	2.0
1327.9355753046325	0.050514900000052876	epochs	3.0
1327.9860902046325	0.04993420000005244	epochs	3.0
1328.0360244046326	0.0981782999999723	epochs	2.0
1328.0360244046326	0.04936659999998483	epochs	3.0
1328.0853910046326	0.04881169999998747	epochs	3.0
1328.1342027046326	0.09600780000005216	epochs	2.0
1328.1342027046326	0.04826920000004975	epochs	3.0
1328.1824719046326	0.04773860000000241	epochs	3.0
1328.2302105046326	0.09393120000004274	epochs	2.0
1328.2302105046326	0.04721949999998287	epochs	3.0
1328.2774300046326	0.046711700000059864	epochs	3.0
1328.3241417046327	0.09194259999981114	epochs	2.0
1328.3241417046327	0.046214599999984785	epochs	3.0
1328.3703563046327	0.04572799999982635	epochs	3.0
1328.4160843046325	0.09003630000006524	epochs	2.0
1328.4160843046325	0.04525150000017675	epochs	3.0
1328.4613358046327	0.04478479999988849	epochs	3.0
1328.5061206046325	0.08820760000003247	epochs	2.0
1328.5061206046325	0.044327800000019124	epochs	3.0
1328.5504484046326	0.04387980000001335	epochs	3.0
1328.5943282046326	0.0864516999999978	epochs	2.0
1328.5943282046326	0.04344100000002982	epochs	3.0
1328.6377692046326	0.04301069999996798	epochs	3.0
1328.6807799046326	0.08476429999996071	epochs	2.0
1328.6807799046326	0.04258899999990717	epochs	3.0
1328.7233689046325	0.04217530000005354	epochs	3.0
1328.7655442046325	0.08314150000001064	epochs	2.0
1328.7655442046325	0.04176970000003166	epochs	3.0
1328.8073139046326	0.041371799999978975	epochs	3.0
1328.8486857046325	0.08157970000002024	epochs	2.0
1328.8486857046325	0.040981399999964196	epochs	3.0
1328.8896671046325	0.04059830000005604	epochs	3.0
1328.9302654046326	0.08007550000002084	epochs	2.0
1328.9302654046326	0.040222300000095856	epochs	3.0
1328.9704877046327	0.03985319999992498	epochs	3.0
1329.0103409046326	0.07862569999997504	epochs	2.0
1329.0103409046326	0.039490800000066884	epochs	3.0
1329.0498317046327	0.03913489999990816	epochs	3.0
1329.0889666046326	0.07722760000001472	epochs	2.0
1329.0889666046326	0.038785400000051595	epochs	3.0
1329.1277520046326	0.03844219999996312	epochs	3.0
1329.1661942046326	0.07587820000003376	epochs	2.0
1329.1661942046326	0.03810479999992822	epochs	3.0
1329.2042990046325	0.03777340000010554	epochs	3.0
1329.2420724046326	0.0745752000000266	epochs	2.0
1329.2420724046326	0.03744770000002973	epochs	3.0
1329.2795201046326	0.03712749999999687	epochs	3.0
1329.3166476046326	0.07331629999998768	epochs	2.0
1329.3166476046326	0.03681289999985893	epochs	3.0
1329.3534605046325	0.03650340000012875	epochs	3.0
1329.3899639046326	0.07209899999998015	epochs	2.0
1329.3899639046326	0.03619909999997617	epochs	3.0
1329.4261630046326	0.03589990000000398	epochs	3.0
1329.4620629046326	0.07092169999987163	epochs	2.0
1329.4620629046326	0.03560560000005353	epochs	3.0
1329.4976685046327	0.03531609999981811	epochs	3.0
1329.5329846046325	0.06978200000003199	epochs	2.0
1329.5329846046325	0.03503120000004856	epochs	3.0
1329.5680158046325	0.03475079999998343	epochs	3.0
1329.6027666046325	0.06867860000011206	epochs	2.0
1329.6027666046325	0.03447510000000875	epochs	3.0
1329.6372417046325	0.034203500000103304	epochs	3.0
1329.6714452046326	0.06760929999995824	epochs	2.0
1329.6714452046326	0.033936199999970995	epochs	3.0
1329.7053814046326	0.033673099999987244	epochs	3.0
1329.7390545046326	0.06657289999998284	epochs	2.0
1329.7390545046326	0.03341399999999339	epochs	3.0
1329.7724685046326	0.033158899999989444	epochs	3.0
1329.8056274046326	0.06556780000005347	epochs	2.0
1329.8056274046326	0.03290770000012344	epochs	3.0
1329.8385351046327	0.032660099999930026	epochs	3.0
1329.8711952046326	0.06459259999996902	epochs	2.0
1329.8711952046326	0.03241639999987456	epochs	3.0
1329.9036116046325	0.03217620000009447	epochs	3.0
1329.9357878046326	0.06364600000006249	epochs	2.0
1329.9357878046326	0.03193959999998697	epochs	3.0
1329.9677274046326	0.03170640000007552	epochs	3.0
1329.9994338046326	0.0627266999999847	epochs	2.0
1329.9994338046326	0.031476599999905375	epochs	3.0
1330.0309104046326	0.03125010000007933	epochs	3.0
1330.0621605046326	0.06183359999999993	epochs	2.0
1330.0621605046326	0.03102689999991526	epochs	3.0
1330.0931874046325	0.030806700000084675	epochs	3.0
1330.1239941046326	0.060965599999917686	epochs	2.0
1330.1239941046326	0.030589799999916067	epochs	3.0
1330.1545839046325	0.030375800000001618	epochs	3.0
1330.1849597046325	0.06012160000000222	epochs	2.0
1330.1849597046325	0.030164900000045236	epochs	3.0
1330.2151246046326	0.02995669999995698	epochs	3.0
1330.2450813046325	0.05930069999999432	epochs	2.0
1330.2450813046325	0.029751600000054168	epochs	3.0
1330.2748329046326	0.029549099999940154	epochs	3.0
1330.3043820046325	0.05850179999993088	epochs	2.0
1330.3043820046325	0.02934940000000097	epochs	3.0
1330.3337314046325	0.029152399999929912	epochs	3.0
1330.3628838046325	0.05772420000016609	epochs	2.0
1330.3628838046325	0.028958000000102402	epochs	3.0
1330.3918418046326	0.02876620000006369	epochs	3.0
1330.4206080046326	0.056967099999837956	epochs	2.0
1330.4206080046326	0.02857699999981378	epochs	3.0
1330.4491850046325	0.028390100000024177	epochs	3.0
1330.4775751046325	0.05622950000019955	epochs	2.0
1330.4775751046325	0.02820570000017142	epochs	3.0
1330.5057808046326	0.028023800000028132	epochs	3.0
1330.5338046046327	0.055510699999786084	epochs	2.0
1330.5338046046327	0.027843999999959124	epochs	3.0
1330.5616486046326	0.02766669999982696	epochs	3.0
1330.5893153046325	0.054810200000019904	epochs	2.0
1330.5893153046325	0.02749149999999645	epochs	3.0
1330.6168068046325	0.027318700000023455	epochs	3.0
1330.6441255046325	0.05412700000010773	epochs	2.0
1330.6441255046325	0.027147800000193456	epochs	3.0
1330.6712733046327	0.026979199999914272	epochs	3.0
1330.6982525046326	0.053460699999959616	epochs	2.0
1330.6982525046326	0.026812600000084785	epochs	3.0
1330.7250651046327	0.02664809999987483	epochs	3.0
1330.7517132046326	0.05281070000000909	epochs	2.0
1330.7517132046326	0.026485600000114573	epochs	3.0
1330.7781988046327	0.02632509999989452	epochs	3.0
1330.8045239046326	0.05217620000007628	epochs	2.0
1330.8045239046326	0.026166399999965506	epochs	3.0
1330.8306903046325	0.026009800000110772	epochs	3.0
1330.8567001046326	0.051556699999991906	epochs	2.0
1330.8567001046326	0.025854799999933675	epochs	3.0
1330.8825549046326	0.02570190000005823	epochs	3.0
1330.9082568046326	0.05095189999997274	epochs	2.0
1330.9082568046326	0.025550699999939752	epochs	3.0
1330.9338075046326	0.025401200000032986	epochs	3.0
1330.9592087046326	0.05036100000006627	epochs	2.0
1330.9592087046326	0.025253499999962514	epochs	3.0
1330.9844622046326	0.025107500000103755	epochs	3.0
1331.0095697046327	0.04978379999988647	epochs	2.0
1331.0095697046327	0.02496320000000196	epochs	3.0
1331.0345329046327	0.024820599999884507	epochs	3.0
1331.0593535046326	0.04921949999993558	epochs	2.0
1331.0593535046326	0.024679399999968155	epochs	3.0
1331.0840329046325	0.024540099999967424	epochs	3.0
1331.1085730046325	0.04866790000005494	epochs	2.0
1331.1085730046325	0.024402100000088467	epochs	3.0
1331.1329751046326	0.024265799999966475	epochs	3.0
1331.1572409046325	0.048128599999927246	epochs	2.0
1331.1572409046325	0.024131000000124914	epochs	3.0
1331.1813719046327	0.023997599999802333	epochs	3.0
1331.2053695046325	0.047601100000065344	epochs	2.0
1331.2053695046325	0.023865800000066884	epochs	3.0
1331.2292353046325	0.02373529999999846	epochs	3.0
1331.2529706046325	0.04708499999992455	epochs	2.0
1331.2529706046325	0.023606299999983094	epochs	3.0
1331.2765769046325	0.023478699999941455	epochs	3.0
1331.3000556046325	0.04658000000017637	epochs	2.0
1331.3000556046325	0.023352500000100918	epochs	3.0
1331.3234081046326	0.02322750000007545	epochs	3.0
1331.3466356046326	0.04608569999982137	epochs	2.0
1331.3466356046326	0.02310399999987567	epochs	3.0
1331.3697396046325	0.022981699999945704	epochs	3.0
1331.3927213046325	0.04560180000021319	epochs	2.0
1331.3927213046325	0.022860700000137513	epochs	3.0
1331.4155820046326	0.022741100000075676	epochs	3.0
1331.4383231046327	0.045127899999897636	epochs	2.0
1331.4383231046327	0.022622499999897627	epochs	3.0
1331.4609456046326	0.02250540000000001	epochs	3.0
1331.4834510046326	0.0446638000000803	epochs	2.0
1331.4834510046326	0.02238929999998618	epochs	3.0
1331.5058403046326	0.022274500000094122	epochs	3.0
1331.5281148046327	0.044209199999841076	epochs	2.0
1331.5281148046327	0.022160799999937808	epochs	3.0
1331.5502756046326	0.022048399999903268	epochs	3.0
1331.5723240046325	0.04376360000014756	epochs	2.0
1331.5723240046325	0.021936900000127935	epochs	3.0
1331.5942609046326	0.021826700000019628	epochs	3.0
1331.6160876046326	0.04332709999994222	epochs	2.0
1331.6160876046326	0.021717599999874437	epochs	3.0
1331.6378052046325	0.021609500000067783	epochs	3.0
1331.6594147046326	0.04289900000003399	epochs	2.0
1331.6594147046326	0.02150249999999687	epochs	3.0
1331.6809172046326	0.021396500000037122	epochs	3.0
1331.7023137046326	0.04247949999989942	epochs	2.0
1331.7023137046326	0.021291699999892444	epochs	3.0
1331.7236054046325	0.021187800000006973	epochs	3.0
1331.7447932046325	0.04206790000012006	epochs	2.0
1331.7447932046325	0.02108490000000529	epochs	3.0
1331.7658781046325	0.02098300000011477	epochs	3.0
1331.7868611046326	0.04166439999994509	epochs	2.0
1331.7868611046326	0.020882199999959994	epochs	3.0
1331.8077433046326	0.020782199999985096	epochs	3.0
1331.8285255046326	0.041268499999887354	epochs	2.0
1331.8285255046326	0.020683299999973315	epochs	3.0
1331.8492088046326	0.02058519999991404	epochs	3.0
1331.8697940046325	0.04088000000001557	epochs	2.0
1331.8697940046325	0.0204881000001933	epochs	3.0
1331.8902821046327	0.02039189999982227	epochs	3.0
1331.9106740046325	0.04049880000002304	epochs	2.0
1331.9106740046325	0.0202966000001652	epochs	3.0
1331.9309706046326	0.02020219999985784	epochs	3.0
1331.9511728046325	0.04012460000012652	epochs	2.0
1331.9511728046325	0.02010870000003706	epochs	3.0
1331.9712815046325	0.02001590000008946	epochs	3.0
1331.9912974046326	0.03975730000001931	epochs	2.0
1331.9912974046326	0.0199241999998776	epochs	3.0
1332.0112216046325	0.019833100000141712	epochs	3.0
1332.0310547046327	0.03939669999999751	epochs	2.0
1332.0310547046327	0.019742999999834865	epochs	3.0
1332.0507977046325	0.019653700000162644	epochs	3.0
1332.0704514046326	0.03904239999997117	epochs	2.0
1332.0704514046326	0.019565099999908853	epochs	3.0
1332.0900165046326	0.019477300000062314	epochs	3.0
1332.1094938046326	0.03869459999987157	epochs	2.0
1332.1094938046326	0.019390400000020236	epochs	3.0
1332.1288842046326	0.019304199999851335	epochs	3.0
1332.1481884046325	0.03835290000006353	epochs	2.0
1332.1481884046325	0.019218800000089686	epochs	3.0
1332.1674072046326	0.01913409999997384	epochs	3.0
1332.1865413046326	0.03801720000001296	epochs	2.0
1332.1865413046326	0.019050200000037876	epochs	3.0
1332.2055915046326	0.018966999999975087	epochs	3.0
1332.2245585046326	0.03768719999993664	epochs	2.0
1332.2245585046326	0.01888450000001285	epochs	3.0
1332.2434430046326	0.01880269999992379	epochs	3.0
1332.2622457046325	0.03736309999999321	epochs	2.0
1332.2622457046325	0.018721700000014607	epochs	3.0
1332.2809674046325	0.018641399999978603	epochs	3.0
1332.2996088046325	0.037044300000161456	epochs	2.0
1332.2996088046325	0.018561600000111866	epochs	3.0
1332.3181704046326	0.01848270000004959	epochs	3.0
1332.3366531046327	0.03673099999991791	epochs	2.0
1332.3366531046327	0.018404299999929208	epochs	3.0
1332.3550574046326	0.018326699999988705	epochs	3.0
1332.3733841046326	0.03642289999993409	epochs	2.0
1332.3733841046326	0.018249599999990096	epochs	3.0
1332.3916337046326	0.018173299999943993	epochs	3.0
1332.4098070046325	0.03612010000006194	epochs	2.0
1332.4098070046325	0.018097600000146485	epochs	3.0
1332.4279046046327	0.018022499999915453	epochs	3.0
1332.4459271046326	0.03582209999990482	epochs	2.0
1332.4459271046326	0.017947900000081063	epochs	3.0
1332.4638750046327	0.01787419999982376	epochs	3.0
1332.4817492046325	0.03552899999999681	epochs	2.0
1332.4817492046325	0.017800800000031813	epochs	3.0
1332.4995500046325	0.017728199999965	epochs	3.0
1332.5172782046325	0.03524070000003121	epochs	2.0
1332.5172782046325	0.017656100000067454	epochs	3.0
1332.5349343046325	0.017584599999963757	epochs	3.0
1332.5525189046325	0.03495710000015606	epochs	2.0
1332.5525189046325	0.017513700000108656	epochs	3.0
1332.5700326046326	0.017443400000047404	epochs	3.0
1332.5874760046327	0.034677899999906	epochs	2.0
1332.5874760046327	0.017373599999928047	epochs	3.0
1332.6048496046326	0.017304299999977957	epochs	3.0
1332.6221539046326	0.03440329999989444	epochs	2.0
1332.6221539046326	0.017235699999901044	epochs	3.0
1332.6393896046325	0.0171675999999934	epochs	3.0
1332.6565572046325	0.034132800000179486	epochs	2.0
1332.6565572046325	0.017099900000175694	epochs	3.0
1332.6736571046326	0.017032900000003792	epochs	3.0
1332.6906900046326	0.03386669999986225	epochs	2.0
1332.6906900046326	0.01696640000000116	epochs	3.0
1332.7076564046326	0.01690029999986109	epochs	3.0
1332.7245567046325	0.03360459999998966	epochs	2.0
1332.7245567046325	0.01683479999996962	epochs	3.0
1332.7413915046325	0.01676980000002004	epochs	3.0
1332.7581613046325	0.033346599999958926	epochs	2.0
1332.7581613046325	0.016705300000012357	epochs	3.0
1332.7748666046325	0.01664129999994657	epochs	3.0
1332.7915079046325	0.03309250000006614	epochs	2.0
1332.7915079046325	0.016577800000050047	epochs	3.0
1332.8080857046325	0.01651470000001609	epochs	3.0
1332.8246004046325	0.032842300000083924	epochs	2.0
1332.8246004046325	0.01645220000000336	epochs	3.0
1332.8410526046325	0.016390100000080565	epochs	3.0
1332.8574427046326	0.03259570000000167	epochs	2.0
1332.8574427046326	0.016328400000020338	epochs	3.0
1332.8737711046326	0.016267299999981333	epochs	3.0
1332.8900384046326	0.032352899999978035	epochs	2.0
1332.8900384046326	0.016206600000032267	epochs	3.0
1332.9062450046326	0.016146299999945768	epochs	3.0
1332.9223913046326	0.032113700000081735	epochs	2.0
1332.9223913046326	0.01608659999988049	epochs	3.0
1332.9384779046325	0.016027100000201244	epochs	3.0
1332.9545050046327	0.03187800000000607	epochs	2.0
1332.9545050046327	0.0159681999998611	epochs	3.0
1332.9704732046325	0.01590980000014497	epochs	3.0
1332.9863830046327	0.03164569999989908	epochs	2.0
1332.9863830046327	0.015851599999905375	epochs	3.0
1333.0022346046326	0.015794099999993705	epochs	3.0
1333.0180287046326	0.031416699999908815	epochs	2.0
1333.0180287046326	0.01573669999993399	epochs	3.0
1333.0337654046325	0.015679999999974825	epochs	3.0
1333.0494454046325	0.031191100000114602	epochs	2.0
1333.0494454046325	0.015623600000026272	epochs	3.0
1333.0650690046325	0.01556750000008833	epochs	3.0
1333.0806365046326	0.030968699999903038	epochs	2.0
1333.0806365046326	0.015511999999944237	epochs	3.0
1333.0961485046325	0.0154566999999588	epochs	3.0
1333.1116052046325	0.030749499999956242	epochs	2.0
1333.1116052046325	0.015401999999994587	epochs	3.0
1333.1270072046325	0.015347499999961656	epochs	3.0
1333.1423547046325	0.03053320000003623	epochs	2.0
1333.1423547046325	0.015293400000018664	epochs	3.0
1333.1576481046325	0.015239800000017567	epochs	3.0
1333.1728879046325	0.030320100000153616	epochs	2.0
1333.1728879046325	0.015186500000027081	epochs	3.0
1333.1880744046325	0.015133600000126535	epochs	3.0
1333.2032080046326	0.030109899999843037	epochs	2.0
1333.2032080046326	0.015081000000009226	epochs	3.0
1333.2182890046327	0.015028899999833811	epochs	3.0
1333.2333179046325	0.029902500000162036	epochs	2.0
1333.2333179046325	0.014977000000044427	epochs	3.0
1333.2482949046325	0.014925500000117609	epochs	3.0
1333.2632204046326	0.029698099999905025	epochs	2.0
1333.2632204046326	0.014874399999825982	epochs	3.0
1333.2780948046325	0.014823700000079043	epochs	3.0
1333.2929185046326	0.029496300000118936	epochs	2.0
1333.2929185046326	0.014773200000036013	epochs	3.0
1333.3076917046326	0.014723100000082923	epochs	3.0
1333.3224148046327	0.029297399999904883	epochs	2.0
1333.3224148046327	0.014673399999992398	epochs	3.0
1333.3370882046327	0.014623999999912485	epochs	3.0
1333.3517122046326	0.029101099999934377	epochs	2.0
1333.3517122046326	0.014574900000070556	epochs	3.0
1333.3662871046326	0.01452619999986382	epochs	3.0
1333.3808133046325	0.028907399999980044	epochs	2.0
1333.3808133046325	0.014477700000043114	epochs	3.0
1333.3952910046326	0.014429699999936929	epochs	3.0
1333.4097207046325	0.028716199999962555	epochs	2.0
1333.4097207046325	0.014381800000137446	epochs	3.0
1333.4241025046326	0.01433439999982511	epochs	3.0
1333.4384369046325	0.028527600000188613	epochs	2.0
1333.4384369046325	0.014287200000126177	epochs	3.0
1333.4527241046326	0.014240400000062436	epochs	3.0
1333.4669645046326	0.02834139999981744	epochs	2.0
1333.4669645046326	0.014193799999929979	epochs	3.0
1333.4811583046326	0.014147599999887461	epochs	3.0
1333.4953059046325	0.028157700000065233	epochs	2.0
1333.4953059046325	0.014101700000082928	epochs	3.0
1333.5094076046325	0.014055999999982305	epochs	3.0
1333.5234636046325	0.027976300000091214	epochs	2.0
1333.5234636046325	0.014010600000119666	epochs	3.0
1333.5374742046326	0.013965699999971548	epochs	3.0
1333.5514399046326	0.027797199999895383	epochs	2.0
1333.5514399046326	0.013920800000050804	epochs	3.0
1333.5653607046327	0.01387639999984458	epochs	3.0
1333.5792371046325	0.02762040000015986	epochs	2.0
1333.5792371046325	0.013832200000024386	epochs	3.0
1333.5930693046325	0.013788200000135475	epochs	3.0
1333.6068575046327	0.027445899999975154	epochs	2.0
1333.6068575046327	0.013744599999881757	epochs	3.0
1333.6206021046326	0.013701300000093397	epochs	3.0
1333.6343034046326	0.027273499999864725	epochs	2.0
1333.6343034046326	0.013658200000008947	epochs	3.0
1333.6479616046327	0.013615299999855779	epochs	3.0
1333.6615769046325	0.027103399999987232	epochs	2.0
1333.6615769046325	0.013572800000019924	epochs	3.0
1333.6751497046325	0.013530599999967308	epochs	3.0
1333.6886803046325	0.02693520000002536	epochs	2.0
1333.6886803046325	0.013488400000142065	epochs	3.0
1333.7021687046326	0.013446799999883297	epochs	3.0
1333.7156155046325	0.026769199999989723	epochs	2.0
1333.7156155046325	0.013405200000079276	epochs	3.0
1333.7290207046326	0.013363999999910448	epochs	3.0
1333.7423847046325	0.026605199999949036	epochs	2.0
1333.7423847046325	0.013322900000048321	epochs	3.0
1333.7557076046326	0.013282299999900715	epochs	3.0
1333.7689899046325	0.026443200000130673	epochs	2.0
1333.7689899046325	0.013241700000207857	epochs	3.0
1333.7822316046327	0.013201499999922817	epochs	3.0
1333.7954331046326	0.026283200000079887	epochs	2.0
1333.7954331046326	0.013161500000023807	epochs	3.0
1333.8085946046326	0.01312170000005608	epochs	3.0
1333.8217163046327	0.026124999999865395	epochs	2.0
1333.8217163046327	0.013082099999792263	epochs	3.0
1333.8347984046325	0.013042900000073132	epochs	3.0
1333.8478413046325	0.025968899999952555	epochs	2.0
1333.8478413046325	0.01300390000005791	epochs	3.0
1333.8608452046326	0.012964999999894644	epochs	3.0
1333.8738102046325	0.025814500000024054	epochs	2.0
1333.8738102046325	0.012926399999969362	epochs	3.0
1333.8867366046325	0.012888100000054692	epochs	3.0
1333.8996247046325	0.02566190000015922	epochs	2.0
1333.8996247046325	0.012849899999991976	epochs	3.0
1333.9124746046325	0.012812000000167245	epochs	3.0
1333.9252866046327	0.025511199999982637	epochs	2.0
1333.9252866046327	0.012774399999898378	epochs	3.0
1333.9380610046326	0.012736800000084258	epochs	3.0
1333.9507978046327	0.02536229999986972	epochs	2.0
1333.9507978046327	0.01269969999998466	epochs	3.0
1333.9634975046326	0.01266259999988506	epochs	3.0
1333.9761601046325	0.02521500000011656	epochs	2.0
1333.9761601046325	0.012625800000023446	epochs	3.0
1333.9887859046326	0.012589200000093115	epochs	3.0
1334.0013751046326	0.024584799999956886	epochs	2.0
1334.0256483046326	0.5	epochs	-1.0
1334.0259599046326	0.9999199999999746	epochs	1.0
1334.5256483046326	0.5	epochs	-1.0
1336.5350003242493	0.05096000000003187	epochs	0.0
1336.5350003242493	0.020480800000086674	epochs	1.0
1336.5554811242494	0.00999839999985852	epochs	1.0
1336.5654795242492	0.020480800000086674	epochs	1.0
1336.5859603242493	2.0	epochs	0.0
1338.5859603242493	0.5095999999998639	epochs	0.0
1338.5859603242493	0.5095999999998639	epochs	1.0
1338.5859687242494	0.5	epochs	-1.0
1339.0859687242494	0.009591599999794198	epochs	-1.0
1339.0955603242492	21.49032000000011	epochs	0.0
1340.371000289917	0.05096000000003187	epochs	0.0
1340.371000289917	0.020480800000086674	epochs	1.0
1340.391481089917	0.00999839999985852	epochs	1.0
1340.401479489917	0.020480800000086674	epochs	1.0
1340.421960289917	2.0	epochs	0.0
1342.421960289917	0.5475999999998749	epochs	0.0
1342.421960289917	0.5475999999998749	epochs	1.0
1342.421968689917	0.5	epochs	-1.0
1342.921968689917	0.04759159999980511	epochs	-1.0
1342.969560289917	21.4523200000001	epochs	0.0
1344.2639999389648	0.05096000000003187	epochs	0.0
1344.2639999389648	0.020480800000086674	epochs	1.0
1344.284480738965	0.00999839999985852	epochs	1.0
1344.2944791389648	0.020480800000086674	epochs	1.0
1344.3149599389649	2.0	epochs	0.0
1346.3149599389649	0.508640000000014	epochs	0.0
1346.3149599389649	0.508640000000014	epochs	1.0
1346.314968338965	0.5	epochs	-1.0
1346.814968338965	0.008631599999944228	epochs	-1.0
1346.823599938965	21.49127999999996	epochs	0.0
1348.1290001869202	0.05096000000003187	epochs	0.0
1348.1290001869202	0.020480800000086674	epochs	1.0
1348.1494809869203	0.00999839999985852	epochs	1.0
1348.15947938692	0.020480800000086674	epochs	1.0
1348.1799601869202	2.0	epochs	0.0
1350.1799601869202	0.5095999999998639	epochs	0.0
1350.1799601869202	0.5095999999998639	epochs	1.0
1350.1799685869203	0.5	epochs	-1.0
1350.6799685869203	0.009591599999794198	epochs	-1.0
1350.68956018692	21.49032000000011	epochs	0.0
1352.0139999389648	0.05096000000003187	epochs	0.0
1352.0139999389648	0.020480800000086674	epochs	1.0
1352.034480738965	0.00999839999985852	epochs	1.0
1352.0444791389648	0.020480800000086674	epochs	1.0
1352.0649599389649	2.0	epochs	0.0
1354.0649599389649	0.508640000000014	epochs	0.0
1354.0649599389649	0.508640000000014	epochs	1.0
1354.064968338965	0.5	epochs	-1.0
1354.564968338965	0.008631599999944228	epochs	-1.0
1354.573599938965	21.49127999999996	epochs	0.0
1355.880000114441	0.05096000000003187	epochs	0.0
1355.880000114441	0.020480800000086674	epochs	1.0
1355.900480914441	0.00999839999985852	epochs	1.0
1355.9104793144409	0.020480800000086674	epochs	1.0
1355.930960114441	2.0	epochs	0.0
1357.930960114441	0.5087200000000394	epochs	0.0
1357.930960114441	0.5087200000000394	epochs	1.0
1357.930968514441	0.5	epochs	-1.0
1358.430968514441	0.008711599999969621	epochs	-1.0
1358.439680114441	21.491199999999935	epochs	0.0
1359.7520003318787	0.05096000000003187	epochs	0.0
1359.7520003318787	0.020480800000086674	epochs	1.0
1359.7724811318787	0.00999839999985852	epochs	1.0
1359.7824795318786	0.020480800000086674	epochs	1.0
1359.8029603318787	2.0	epochs	0.0
1361.8029603318787	0.508640000000014	epochs	0.0
1361.8029603318787	0.508640000000014	epochs	1.0
1361.8029687318788	0.5	epochs	-1.0
1362.3029687318788	0.008631599999944228	epochs	-1.0
1362.3116003318787	21.49127999999996	epochs	0.0
1363.6470003128052	0.05096000000003187	epochs	0.0
1363.6470003128052	0.020480800000086674	epochs	1.0
1363.6674811128053	0.00999839999985852	epochs	1.0
1363.6774795128051	0.020480800000086674	epochs	1.0
1363.6979603128052	2.0	epochs	0.0
1365.6979603128052	0.5095999999998639	epochs	0.0
1365.6979603128052	0.5095999999998639	epochs	1.0
1365.6979687128053	0.5	epochs	-1.0
1366.1979687128053	0.009591599999794198	epochs	-1.0
1366.207560312805	21.49032000000011	epochs	0.0
1384.0640001296997	0.05096000000003187	epochs	0.0
1384.0640001296997	0.020480800000086674	epochs	1.0
1384.0844809296998	0.00999839999985852	epochs	1.0
1384.0944793296997	0.020480800000086674	epochs	1.0
1384.1149601296997	0.2299199999999928	epochs	0.0
1384.1149601296997	0.049999999999954525	epochs	1.0
1384.1649601296997	0.009999999999990905	epochs	1.0
1384.1749601296997	0.049999999999954525	epochs	1.0
1384.2249601296996	0.009999999999990905	epochs	1.0
1384.2349601296996	0.0500000000001819	epochs	1.0
1384.2849601296998	0.009999999999990905	epochs	1.0
1384.2949601296998	0.04991999999992913	epochs	1.0
