onset	duration	nwb_table	treelevel
0.5679998397827148	0.09999999999999998	epochs	0.0
0.5679998397827148	0.04500000000000004	epochs	1.0
0.6129998397827149	0.010000000000000009	epochs	1.0
0.6229998397827149	0.04499999999999993	epochs	1.0
0.6679998397827148	0.7049949999999999	epochs	0.0
0.6679998397827148	0.5000000000000001	epochs	-1.0
0.6679998397827148	0.5000000000000001	epochs	-1.0
0.6679998397827148	0.5000000000000001	epochs	1.0
1.167999839782715	0.06000000000000005	epochs	-1.0
1.167999839782715	0.02499999999999991	epochs	-1.0
1.167999839782715	0.02499999999999991	epochs	1.0
1.1929998397827148	0.010000000000000009	epochs	-1.0
1.1929998397827148	0.010000000000000009	epochs	1.0
1.2029998397827149	0.025000000000000133	epochs	-1.0
1.2029998397827149	0.025000000000000133	epochs	1.0
1.227999839782715	0.05999999999999983	epochs	-1.0
1.227999839782715	0.02499999999999991	epochs	-1.0
1.227999839782715	0.02499999999999991	epochs	1.0
1.252999839782715	0.009999999999999787	epochs	-1.0
1.252999839782715	0.009999999999999787	epochs	1.0
1.2629998397827147	0.025000000000000133	epochs	-1.0
1.2629998397827147	0.025000000000000133	epochs	1.0
1.2879998397827148	0.06000000000000005	epochs	-1.0
1.2879998397827148	0.025000000000000133	epochs	-1.0
1.2879998397827148	0.025000000000000133	epochs	1.0
1.312999839782715	0.009999999999999787	epochs	-1.0
1.312999839782715	0.009999999999999787	epochs	1.0
1.3229998397827147	0.025000000000000133	epochs	-1.0
1.3229998397827147	0.025000000000000133	epochs	1.0
1.3479998397827149	0.02499499999999988	epochs	1.0
618.0599999427795	0.10000000000002274	epochs	0.0
618.0599999427795	0.04499999999995907	epochs	1.0
618.1049999427795	0.009999999999990905	epochs	1.0
618.1149999427795	0.04500000000007276	epochs	1.0
618.1599999427796	0.7049949999999399	epochs	0.0
618.1599999427796	0.5	epochs	-1.0
618.1599999427796	0.5	epochs	1.0
618.6599999427796	0.05999999999994543	epochs	-1.0
618.6599999427796	0.024999999999977263	epochs	-1.0
618.6599999427796	0.024999999999977263	epochs	1.0
618.6849999427795	0.009999999999990905	epochs	-1.0
618.6849999427795	0.009999999999990905	epochs	1.0
618.6949999427795	0.024999999999977263	epochs	-1.0
618.6949999427795	0.024999999999977263	epochs	1.0
618.7199999427795	0.06000000000005912	epochs	-1.0
618.7199999427795	0.024999999999977263	epochs	-1.0
618.7199999427795	0.024999999999977263	epochs	1.0
618.7449999427795	0.010000000000104592	epochs	-1.0
618.7449999427795	0.010000000000104592	epochs	1.0
618.7549999427796	0.024999999999977263	epochs	-1.0
618.7549999427796	0.024999999999977263	epochs	1.0
618.7799999427796	0.05999999999994543	epochs	-1.0
618.7799999427796	0.024999999999977263	epochs	-1.0
618.7799999427796	0.024999999999977263	epochs	1.0
618.8049999427795	0.009999999999990905	epochs	-1.0
618.8049999427795	0.009999999999990905	epochs	1.0
618.8149999427795	0.024999999999977263	epochs	-1.0
618.8149999427795	0.024999999999977263	epochs	1.0
618.8399999427795	0.024994999999989886	epochs	1.0
681.7030000686646	0.10000000000002274	epochs	0.0
681.7030000686646	0.04499999999995907	epochs	1.0
681.7480000686645	0.009999999999990905	epochs	1.0
681.7580000686645	0.04500000000007276	epochs	1.0
681.8030000686646	61.384995	epochs	0.0
681.8030000686646	0.5	epochs	-1.0
681.8030000686646	0.5	epochs	-1.0
681.8030000686646	0.5	epochs	1.0
682.3030000686646	0.05999999999994543	epochs	-1.0
682.3030000686646	0.024999999999977263	epochs	-1.0
682.3030000686646	0.024999999999977263	epochs	1.0
682.3280000686646	0.009999999999990905	epochs	-1.0
682.3280000686646	0.009999999999990905	epochs	1.0
682.3380000686645	0.024999999999977263	epochs	-1.0
682.3380000686645	0.024999999999977263	epochs	1.0
682.3630000686645	0.06000000000005912	epochs	-1.0
682.3630000686645	0.024999999999977263	epochs	-1.0
682.3630000686645	0.024999999999977263	epochs	1.0
682.3880000686645	0.010000000000104592	epochs	-1.0
682.3880000686645	0.010000000000104592	epochs	1.0
682.3980000686646	0.024999999999977263	epochs	-1.0
682.3980000686646	0.024999999999977263	epochs	1.0
682.4230000686646	0.05999999999994543	epochs	-1.0
682.4230000686646	0.024999999999977263	epochs	-1.0
682.4230000686646	0.024999999999977263	epochs	1.0
682.4480000686646	0.009999999999990905	epochs	-1.0
682.4480000686646	0.009999999999990905	epochs	1.0
682.4580000686645	0.024999999999977263	epochs	-1.0
682.4580000686645	0.024999999999977263	epochs	1.0
682.4830000686645	60.0	epochs	1.0
742.4830000686645	0.5	epochs	-1.0
742.4830000686645	0.5	epochs	-1.0
742.4830000686645	0.5	epochs	1.0
742.9830000686645	0.06000000000005912	epochs	-1.0
742.9830000686645	0.024999999999977263	epochs	-1.0
742.9830000686645	0.024999999999977263	epochs	1.0
743.0080000686645	0.010000000000104592	epochs	-1.0
743.0080000686645	0.010000000000104592	epochs	1.0
743.0180000686646	0.024999999999977263	epochs	-1.0
743.0180000686646	0.024999999999977263	epochs	1.0
743.0430000686646	0.05999999999994543	epochs	-1.0
743.0430000686646	0.024999999999977263	epochs	-1.0
743.0430000686646	0.024999999999977263	epochs	1.0
743.0680000686646	0.009999999999990905	epochs	-1.0
743.0680000686646	0.009999999999990905	epochs	1.0
743.0780000686646	0.024999999999977263	epochs	-1.0
743.0780000686646	0.024999999999977263	epochs	1.0
743.1030000686645	0.06000000000005912	epochs	-1.0
743.1030000686645	0.024999999999977263	epochs	-1.0
743.1030000686645	0.024999999999977263	epochs	1.0
743.1280000686645	0.009999999999990905	epochs	-1.0
743.1280000686645	0.009999999999990905	epochs	1.0
743.1380000686645	0.02500000000009095	epochs	-1.0
743.1380000686645	0.02500000000009095	epochs	1.0
743.1630000686646	0.024994999999989886	epochs	1.0
771.7769999504089	0.10000000000002274	epochs	0.0
771.7769999504089	0.04499999999995907	epochs	1.0
771.8219999504089	0.009999999999990905	epochs	1.0
771.8319999504089	0.04500000000007276	epochs	1.0
771.876999950409	0.5390249999999241	epochs	0.0
771.876999950409	0.5	epochs	-1.0
771.876999950409	0.5	epochs	-1.0
771.876999950409	0.5	epochs	1.0
772.376999950409	0.03902499999992415	epochs	-1.0
772.376999950409	0.024999999999977263	epochs	-1.0
772.376999950409	0.024999999999977263	epochs	1.0
772.4019999504089	0.009999999999990905	epochs	-1.0
772.4019999504089	0.009999999999990905	epochs	1.0
772.4119999504089	0.0040249999999559805	epochs	-1.0
772.4119999504089	0.0040249999999559805	epochs	1.0
772.4160249504089	0.16597000000001572	epochs	0.0
772.6950001716614	0.10000000000002274	epochs	0.0
772.6950001716614	0.04499999999995907	epochs	1.0
772.7400001716613	0.009999999999990905	epochs	1.0
772.7500001716613	0.04500000000007276	epochs	1.0
772.7950001716614	0.500554999999963	epochs	0.0
772.7950001716614	0.5	epochs	-1.0
772.7950001716614	0.5	epochs	-1.0
772.7950001716614	0.5	epochs	1.0
773.2950001716614	0.0005549999999630018	epochs	-1.0
773.2950001716614	0.0005549999999630018	epochs	-1.0
773.2950001716614	0.0005549999999630018	epochs	1.0
773.2955551716614	0.20443999999997686	epochs	0.0
773.5339999198914	0.10000000000002274	epochs	0.0
773.5339999198914	0.04499999999995907	epochs	1.0
773.5789999198913	0.009999999999990905	epochs	1.0
773.5889999198913	0.04500000000007276	epochs	1.0
773.6339999198914	0.5404199999999264	epochs	0.0
773.6339999198914	0.5	epochs	-1.0
773.6339999198914	0.5	epochs	-1.0
773.6339999198914	0.5	epochs	1.0
774.1339999198914	0.040419999999926404	epochs	-1.0
774.1339999198914	0.024999999999977263	epochs	-1.0
774.1339999198914	0.024999999999977263	epochs	1.0
774.1589999198914	0.009999999999990905	epochs	-1.0
774.1589999198914	0.009999999999990905	epochs	1.0
774.1689999198913	0.005419999999958236	epochs	-1.0
774.1689999198913	0.005419999999958236	epochs	1.0
774.1744199198913	0.16457500000001346	epochs	0.0
787.201000213623	0.10000000000002274	epochs	0.0
787.201000213623	0.04499999999995907	epochs	1.0
787.246000213623	0.009999999999990905	epochs	1.0
787.256000213623	0.04500000000007276	epochs	1.0
787.3010002136231	0.5000749999999243	epochs	0.0
787.3010002136231	0.5	epochs	-1.0
787.3010002136231	0.5	epochs	-1.0
787.3010002136231	0.5	epochs	1.0
787.8010002136231	7.499999992433004e-05	epochs	-1.0
787.8010002136231	7.499999992433004e-05	epochs	-1.0
787.8010002136231	7.499999992433004e-05	epochs	1.0
787.801075213623	0.20492000000001553	epochs	0.0
788.0500001907349	0.10000000000002274	epochs	0.0
788.0500001907349	0.04499999999995907	epochs	1.0
788.0950001907348	0.009999999999990905	epochs	1.0
788.1050001907348	0.04500000000007276	epochs	1.0
788.1500001907349	0.5404700000000275	epochs	0.0
788.1500001907349	0.5	epochs	-1.0
788.1500001907349	0.5	epochs	-1.0
788.1500001907349	0.5	epochs	1.0
788.6500001907349	0.04047000000002754	epochs	-1.0
788.6500001907349	0.024999999999977263	epochs	-1.0
788.6500001907349	0.024999999999977263	epochs	1.0
788.6750001907349	0.009999999999990905	epochs	-1.0
788.6750001907349	0.009999999999990905	epochs	1.0
788.6850001907349	0.005470000000059372	epochs	-1.0
788.6850001907349	0.005470000000059372	epochs	1.0
788.6904701907349	0.16452499999991232	epochs	0.0
788.9460000991821	0.10000000000002274	epochs	0.0
788.9460000991821	0.04499999999995907	epochs	1.0
788.9910000991821	0.009999999999990905	epochs	1.0
789.0010000991821	0.04500000000007276	epochs	1.0
789.0460000991822	0.5396849999999631	epochs	0.0
789.0460000991822	0.5	epochs	-1.0
789.0460000991822	0.5	epochs	-1.0
789.0460000991822	0.5	epochs	1.0
789.5460000991822	0.03968499999996311	epochs	-1.0
789.5460000991822	0.024999999999977263	epochs	-1.0
789.5460000991822	0.024999999999977263	epochs	1.0
789.5710000991821	0.009999999999990905	epochs	-1.0
789.5710000991821	0.009999999999990905	epochs	1.0
789.5810000991821	0.004684999999994943	epochs	-1.0
789.5810000991821	0.004684999999994943	epochs	1.0
789.5856850991821	0.16530999999997675	epochs	0.0
823.4920001029968	0.0404999999999518	epochs	0.0
823.4920001029968	0.015252300000042851	epochs	1.0
823.5072524029969	0.009995399999979782	epochs	1.0
823.5172478029968	0.015252299999929164	epochs	1.0
823.5325001029968	5.9999800000000505	epochs	0.0
823.5325001029968	0.5	epochs	1.0
823.5325187029969	0.5	epochs	-1.0
823.5325187029969	0.5	epochs	-1.0
824.0325001029968	5.0	epochs	1.0
829.0325001029968	0.4999800000000505	epochs	1.0
829.0325187029969	0.49996139999996103	epochs	-1.0
832.8289999961853	0.0404999999999518	epochs	0.0
832.8289999961853	0.015252300000042851	epochs	1.0
832.8442522961853	0.009995399999979782	epochs	1.0
832.8542476961853	0.015252299999929164	epochs	1.0
832.8694999961853	2.5192800000000943	epochs	0.0
832.8694999961853	0.5	epochs	1.0
832.8695185961853	0.5	epochs	-1.0
833.3694999961853	1.0	epochs	1.0
834.3694999961853	1.0192800000000943	epochs	1.0
834.8695185961853	0.5	epochs	-1.0
835.3887799961853	0.9806999999999562	epochs	0.0
835.768000125885	0.0404999999999518	epochs	0.0
835.768000125885	0.015252300000042851	epochs	1.0
835.783252425885	0.009995399999979782	epochs	1.0
835.793247825885	0.015252299999929164	epochs	1.0
835.808500125885	2.51854000000003	epochs	0.0
835.808500125885	0.5	epochs	1.0
835.808518725885	0.5	epochs	-1.0
836.308500125885	1.0	epochs	1.0
837.308500125885	1.01854000000003	epochs	1.0
837.808518725885	0.5	epochs	-1.0
838.327040125885	0.9814400000000205	epochs	0.0
838.6409997940063	0.0404999999999518	epochs	0.0
838.6409997940063	0.015252300000042851	epochs	1.0
838.6562520940064	0.009995399999979782	epochs	1.0
838.6662474940064	0.015252299999929164	epochs	1.0
838.6814997940063	2.519420000000082	epochs	0.0
838.6814997940063	0.5	epochs	1.0
838.6815183940064	0.5	epochs	-1.0
839.1814997940063	1.0	epochs	1.0
840.1814997940063	1.019420000000082	epochs	1.0
840.6815183940064	0.5	epochs	-1.0
841.2009197940064	0.9805599999999686	epochs	0.0
841.5260000228882	0.0404999999999518	epochs	0.0
841.5260000228882	0.015252300000042851	epochs	1.0
841.5412523228882	0.009995399999979782	epochs	1.0
841.5512477228882	0.015252299999929164	epochs	1.0
841.5665000228881	0.5590400000000955	epochs	0.0
841.5665000228881	0.5	epochs	1.0
841.5665186228882	0.5	epochs	-1.0
842.0665000228881	0.05904000000009546	epochs	1.0
842.1255400228882	2.940939999999955	epochs	0.0
854.6820001602173	0.0404999999999518	epochs	0.0
854.6820001602173	0.015252300000042851	epochs	1.0
854.6972524602173	0.009995399999979782	epochs	1.0
854.7072478602173	0.015252299999929164	epochs	1.0
854.7225001602172	2.5192800000000943	epochs	0.0
854.7225001602172	0.5	epochs	1.0
854.7225187602173	0.5	epochs	-1.0
855.2225001602172	1.0	epochs	1.0
856.2225001602172	1.0192800000000943	epochs	1.0
856.7225187602173	0.5	epochs	-1.0
857.2417801602173	0.9806999999999562	epochs	0.0
857.5809998512268	0.0404999999999518	epochs	0.0
857.5809998512268	0.015252300000042851	epochs	1.0
857.5962521512268	0.009995399999979782	epochs	1.0
857.6062475512268	0.015252299999929164	epochs	1.0
857.6214998512268	2.5190600000000813	epochs	0.0
857.6214998512268	0.5	epochs	1.0
857.6215184512268	0.5	epochs	-1.0
858.1214998512268	1.0	epochs	1.0
859.1214998512268	1.0190600000000813	epochs	1.0
859.6215184512268	0.5	epochs	-1.0
860.1405598512268	0.9809199999999691	epochs	0.0
860.5320000648499	0.6499800000000278	epochs	0.0
860.5320000648499	0.049999999999954525	epochs	1.0
860.5820000648498	0.5	epochs	1.0
861.0820000648498	0.09998000000007323	epochs	1.0
861.603000164032	0.6499800000000278	epochs	0.0
861.603000164032	0.049999999999954525	epochs	1.0
861.6530001640319	0.5	epochs	1.0
862.1530001640319	0.09998000000007323	epochs	1.0
862.6620001792908	0.6499800000000278	epochs	0.0
862.6620001792908	0.049999999999954525	epochs	1.0
862.7120001792907	0.5	epochs	1.0
863.2120001792907	0.09998000000007323	epochs	1.0
863.7300000190735	0.6499800000000278	epochs	0.0
863.7300000190735	0.049999999999954525	epochs	1.0
863.7800000190734	0.5	epochs	1.0
864.2800000190734	0.09998000000007323	epochs	1.0
864.7769999504089	0.6499800000000278	epochs	0.0
864.7769999504089	0.049999999999954525	epochs	1.0
864.8269999504089	0.5	epochs	1.0
865.3269999504089	0.09998000000007323	epochs	1.0
865.8270001411438	0.6499800000000278	epochs	0.0
865.8270001411438	0.049999999999954525	epochs	1.0
865.8770001411438	0.5	epochs	1.0
866.3770001411438	0.09998000000007323	epochs	1.0
866.9120001792908	0.6499800000000278	epochs	0.0
866.9120001792908	0.049999999999954525	epochs	1.0
866.9620001792907	0.5	epochs	1.0
867.4620001792907	0.09998000000007323	epochs	1.0
868.0209999084473	0.6499800000000278	epochs	0.0
868.0209999084473	0.049999999999954525	epochs	1.0
868.0709999084472	0.5	epochs	1.0
868.5709999084472	0.09998000000007323	epochs	1.0
869.1119999885559	0.6499800000000278	epochs	0.0
869.1119999885559	0.049999999999954525	epochs	1.0
869.1619999885559	0.5	epochs	1.0
869.6619999885559	0.09998000000007323	epochs	1.0
870.1999998092651	0.6499800000000278	epochs	0.0
870.1999998092651	0.049999999999954525	epochs	1.0
870.2499998092651	0.5	epochs	1.0
870.7499998092651	0.09998000000007323	epochs	1.0
871.3060002326965	0.6499800000000278	epochs	0.0
871.3060002326965	0.049999999999954525	epochs	1.0
871.3560002326965	0.5	epochs	1.0
871.8560002326965	0.09998000000007323	epochs	1.0
872.5590000152588	0.0404999999999518	epochs	0.0
872.5590000152588	0.015252300000042851	epochs	1.0
872.5742523152588	0.009995399999979782	epochs	1.0
872.5842477152588	0.015252299999929164	epochs	1.0
872.5995000152587	0.5598600000000715	epochs	0.0
872.5995000152587	0.5	epochs	1.0
872.5995186152588	0.5	epochs	-1.0
873.0995000152587	0.05986000000007152	epochs	1.0
873.1593600152588	4.940119999999979	epochs	0.0
892.8049998283386	0.0404999999999518	epochs	0.0
892.8049998283386	0.015252300000042851	epochs	1.0
892.8202521283387	0.009995399999979782	epochs	1.0
892.8302475283386	0.015252299999929164	epochs	1.0
892.8454998283386	0.5582400000000689	epochs	0.0
892.8454998283386	0.5	epochs	1.0
892.8455184283387	0.5	epochs	-1.0
893.3454998283386	0.0582400000000689	epochs	1.0
893.4037398283386	4.941739999999982	epochs	0.0
898.0079998970032	0.0404999999999518	epochs	0.0
898.0079998970032	0.015252300000042851	epochs	1.0
898.0232521970032	0.009995399999979782	epochs	1.0
898.0332475970032	0.015252299999929164	epochs	1.0
898.0484998970031	2.5193199999999933	epochs	0.0
898.0484998970031	0.5	epochs	1.0
898.0485184970032	0.5	epochs	-1.0
898.5484998970031	1.0	epochs	1.0
899.5484998970031	1.0193199999999933	epochs	1.0
900.0485184970032	0.5	epochs	-1.0
900.5678198970031	2.980660000000057	epochs	0.0
903.201000213623	0.0404999999999518	epochs	0.0
903.201000213623	0.015252300000042851	epochs	1.0
903.2162525136231	0.009995399999979782	epochs	1.0
903.2262479136231	0.015252299999929164	epochs	1.0
903.241500213623	2.5190600000000813	epochs	0.0
903.241500213623	0.5	epochs	1.0
903.2415188136231	0.5	epochs	-1.0
903.741500213623	1.0	epochs	1.0
904.741500213623	1.0190600000000813	epochs	1.0
905.2415188136231	0.5	epochs	-1.0
905.7605602136231	2.980919999999969	epochs	0.0
908.4359998703003	0.0404999999999518	epochs	0.0
908.4359998703003	0.015252300000042851	epochs	1.0
908.4512521703003	0.009995399999979782	epochs	1.0
908.4612475703003	0.015252299999929164	epochs	1.0
908.4764998703002	2.5194999999999936	epochs	0.0
908.4764998703002	0.5	epochs	1.0
908.4765184703003	0.5	epochs	-1.0
908.9764998703002	1.0	epochs	1.0
909.9764998703002	1.0194999999999936	epochs	1.0
910.4765184703003	0.5	epochs	-1.0
910.9959998703002	2.980480000000057	epochs	0.0
913.6789999008179	0.0404999999999518	epochs	0.0
913.6789999008179	0.015252300000042851	epochs	1.0
913.6942522008179	0.009995399999979782	epochs	1.0
913.7042476008179	0.015252299999929164	epochs	1.0
913.7194999008178	2.5195400000000063	epochs	0.0
913.7194999008178	0.5	epochs	1.0
913.7195185008179	0.5	epochs	-1.0
914.2194999008178	1.0	epochs	1.0
915.2194999008178	1.0195400000000063	epochs	1.0
915.7195185008179	0.5	epochs	-1.0
916.2390399008178	2.980440000000044	epochs	0.0
918.9089999198914	0.0404999999999518	epochs	0.0
918.9089999198914	0.015252300000042851	epochs	1.0
918.9242522198914	0.009995399999979782	epochs	1.0
918.9342476198914	0.015252299999929164	epochs	1.0
918.9494999198913	2.519800000000032	epochs	0.0
918.9494999198913	0.5	epochs	1.0
918.9495185198914	0.5	epochs	-1.0
919.4494999198913	1.0	epochs	1.0
920.4494999198913	1.019800000000032	epochs	1.0
920.9495185198914	0.5	epochs	-1.0
921.4692999198913	2.9801800000000185	epochs	0.0
924.0939998626709	0.0404999999999518	epochs	0.0
924.0939998626709	0.015252300000042851	epochs	1.0
924.1092521626709	0.009995399999979782	epochs	1.0
924.1192475626709	0.015252299999929164	epochs	1.0
924.1344998626709	2.519420000000082	epochs	0.0
924.1344998626709	0.5	epochs	1.0
924.1345184626709	0.5	epochs	-1.0
924.6344998626709	1.0	epochs	1.0
925.6344998626709	1.019420000000082	epochs	1.0
926.1345184626709	0.5	epochs	-1.0
926.6539198626709	2.9805599999999686	epochs	0.0
935.4970002174377	0.15297999999995682	epochs	0.0
935.4970002174377	0.049999999999954525	epochs	1.0
935.5470002174377	0.0030000000000427463	epochs	1.0
935.5500002174377	0.09997999999995955	epochs	1.0
936.1979999542236	0.15297999999995682	epochs	0.0
936.1979999542236	0.049999999999954525	epochs	1.0
936.2479999542236	0.0030000000000427463	epochs	1.0
936.2509999542236	0.09997999999995955	epochs	1.0
936.8880000114441	0.15297999999995682	epochs	0.0
936.8880000114441	0.049999999999954525	epochs	1.0
936.938000011444	0.0030000000000427463	epochs	1.0
936.9410000114441	0.09997999999995955	epochs	1.0
937.561999797821	0.15297999999995682	epochs	0.0
937.561999797821	0.049999999999954525	epochs	1.0
937.611999797821	0.0030000000000427463	epochs	1.0
937.614999797821	0.09997999999995955	epochs	1.0
938.2379999160767	0.15297999999995682	epochs	0.0
938.2379999160767	0.049999999999954525	epochs	1.0
938.2879999160766	0.0030000000000427463	epochs	1.0
938.2909999160767	0.09997999999995955	epochs	1.0
938.9340000152588	0.15297999999995682	epochs	0.0
938.9340000152588	0.049999999999954525	epochs	1.0
938.9840000152587	0.0030000000000427463	epochs	1.0
938.9870000152588	0.09997999999995955	epochs	1.0
939.6339998245239	0.15297999999995682	epochs	0.0
939.6339998245239	0.049999999999954525	epochs	1.0
939.6839998245239	0.0030000000000427463	epochs	1.0
939.6869998245239	0.09997999999995955	epochs	1.0
940.329999923706	0.15297999999995682	epochs	0.0
940.329999923706	0.049999999999954525	epochs	1.0
940.379999923706	0.0030000000000427463	epochs	1.0
940.382999923706	0.09997999999995955	epochs	1.0
941.021999835968	0.15297999999995682	epochs	0.0
941.021999835968	0.049999999999954525	epochs	1.0
941.071999835968	0.0030000000000427463	epochs	1.0
941.074999835968	0.09997999999995955	epochs	1.0
941.7659997940063	0.15297999999995682	epochs	0.0
941.7659997940063	0.049999999999954525	epochs	1.0
941.8159997940063	0.0030000000000427463	epochs	1.0
941.8189997940063	0.09997999999995955	epochs	1.0
942.5079998970032	0.15297999999995682	epochs	0.0
942.5079998970032	0.049999999999954525	epochs	1.0
942.5579998970031	0.0030000000000427463	epochs	1.0
942.5609998970032	0.09997999999995955	epochs	1.0
943.335000038147	0.0404999999999518	epochs	0.0
943.335000038147	0.015252300000042851	epochs	1.0
943.350252338147	0.009995399999979782	epochs	1.0
943.360247738147	0.015252299999929164	epochs	1.0
943.3755000381469	1.559400000000096	epochs	0.0
943.3755000381469	0.5	epochs	1.0
943.375518638147	0.5	epochs	-1.0
943.8755000381469	0.0030000000000427463	epochs	1.0
943.878500038147	1.0564000000000533	epochs	1.0
944.3785186381469	0.5	epochs	-1.0
944.934900038147	0.04357999999990625	epochs	0.0
945.4739999771118	0.0404999999999518	epochs	0.0
945.4739999771118	0.015252300000042851	epochs	1.0
945.4892522771119	0.009995399999979782	epochs	1.0
945.4992476771118	0.015252299999929164	epochs	1.0
945.5144999771118	1.5198800000000574	epochs	0.0
945.5144999771118	0.5	epochs	1.0
945.5145185771119	0.5	epochs	-1.0
946.0144999771118	0.0030000000000427463	epochs	1.0
946.0174999771118	1.0168800000000147	epochs	1.0
946.5175185771118	0.5	epochs	-1.0
947.0343799771118	0.08309999999994488	epochs	0.0
947.6589999198914	0.0404999999999518	epochs	0.0
947.6589999198914	0.015252300000042851	epochs	1.0
947.6742522198914	0.009995399999979782	epochs	1.0
947.6842476198914	0.015252299999929164	epochs	1.0
947.6994999198913	11.91876000000002	epochs	0.0
947.6994999198913	0.5	epochs	1.0
947.6995185198914	0.5	epochs	-1.0
948.1994999198913	11.41876000000002	epochs	1.0
957.1185599198914	2.4996999999999616	epochs	-1.0
957.1185599198914	0.039559999999937645	epochs	-1.0
957.6160585198913	0.5	epochs	-1.0
958.1160585198913	0.5	epochs	-1.0
958.6160585198913	0.5	epochs	-1.0
959.1160585198913	0.5	epochs	-1.0
959.6182599198913	7.58122000000003	epochs	0.0
960.3629999160767	0.0404999999999518	epochs	0.0
960.3629999160767	0.015252300000042851	epochs	1.0
960.3782522160767	0.009995399999979782	epochs	1.0
960.3882476160767	0.015252299999929164	epochs	1.0
960.4034999160766	13.21884	epochs	0.0
960.4034999160766	0.5	epochs	1.0
960.4035185160767	0.5	epochs	-1.0
960.9034999160766	12.71884	epochs	1.0
969.6227799160766	3.999559999999974	epochs	-1.0
969.6227799160766	0.03956000000005133	epochs	-1.0
970.1202785160766	0.5	epochs	-1.0
970.6202785160766	0.5	epochs	-1.0
971.1202785160766	0.5	epochs	-1.0
971.6202785160766	0.5	epochs	-1.0
972.1202785160766	0.5	epochs	-1.0
972.6202785160766	0.5	epochs	-1.0
973.1202785160766	0.5	epochs	-1.0
973.6223399160766	6.28114000000005	epochs	0.0
974.3829998970032	0.0404999999999518	epochs	0.0
974.3829998970032	0.015252300000042851	epochs	1.0
974.3982521970032	0.009995399999979782	epochs	1.0
974.4082475970032	0.015252299999929164	epochs	1.0
974.4234998970031	0.5593600000000833	epochs	0.0
974.4234998970031	0.5	epochs	1.0
974.4235184970032	0.5	epochs	-1.0
974.9234998970031	0.059360000000083346	epochs	1.0
974.9828598970032	18.940619999999967	epochs	0.0
1003.5529999732971	0.0404999999999518	epochs	0.0
1003.5529999732971	0.015252300000042851	epochs	1.0
1003.5682522732972	0.009995399999979782	epochs	1.0
1003.5782476732971	0.015252299999929164	epochs	1.0
1003.5934999732971	13.640100000000075	epochs	0.0
1003.5934999732971	0.5	epochs	1.0
1003.5935185732972	0.5	epochs	-1.0
1004.0934999732971	13.140100000000075	epochs	1.0
1013.2134199732972	4.020179999999982	epochs	-1.0
1013.2134199732972	0.039559999999937645	epochs	-1.0
1013.7109185732971	0.5	epochs	-1.0
1014.2109185732971	0.5	epochs	-1.0
1014.7109185732971	0.5	epochs	-1.0
1015.2109185732971	0.5	epochs	-1.0
1015.7109185732971	0.5	epochs	-1.0
1016.2109185732971	0.5	epochs	-1.0
1016.7109185732971	0.5	epochs	-1.0
1017.2335999732971	5.8598799999999756	epochs	0.0
1050.1719999313354	0.6499799999999141	epochs	0.0
1050.1719999313354	0.049999999999954525	epochs	1.0
1050.2219999313354	0.5	epochs	1.0
1050.7219999313354	0.09997999999995955	epochs	1.0
1051.4899997711182	0.6499799999999141	epochs	0.0
1051.4899997711182	0.049999999999954525	epochs	1.0
1051.5399997711181	0.5	epochs	1.0
1052.0399997711181	0.09997999999995955	epochs	1.0
1052.9010000228882	0.6499799999999141	epochs	0.0
1052.9010000228882	0.049999999999954525	epochs	1.0
1052.9510000228881	0.5	epochs	1.0
1053.4510000228881	0.09997999999995955	epochs	1.0
1054.2420001029968	0.6499799999999141	epochs	0.0
1054.2420001029968	0.049999999999954525	epochs	1.0
1054.2920001029968	0.5	epochs	1.0
1054.7920001029968	0.09997999999995955	epochs	1.0
1055.5920000076294	0.6499799999999141	epochs	0.0
1055.5920000076294	0.049999999999954525	epochs	1.0
1055.6420000076293	0.5	epochs	1.0
1056.1420000076293	0.09997999999995955	epochs	1.0
1056.9409999847412	0.6499799999999141	epochs	0.0
1056.9409999847412	0.049999999999954525	epochs	1.0
1056.9909999847412	0.5	epochs	1.0
1057.4909999847412	0.09997999999995955	epochs	1.0
1058.2969999313354	0.6499799999999141	epochs	0.0
1058.2969999313354	0.049999999999954525	epochs	1.0
1058.3469999313354	0.5	epochs	1.0
1058.8469999313354	0.09997999999995955	epochs	1.0
1059.691999912262	0.6499799999999141	epochs	0.0
1059.691999912262	0.049999999999954525	epochs	1.0
1059.741999912262	0.5	epochs	1.0
1060.241999912262	0.09997999999995955	epochs	1.0
1061.0640001296997	0.6499799999999141	epochs	0.0
1061.0640001296997	0.049999999999954525	epochs	1.0
1061.1140001296997	0.5	epochs	1.0
1061.6140001296997	0.09997999999995955	epochs	1.0
1062.465000152588	0.6499799999999141	epochs	0.0
1062.465000152588	0.049999999999954525	epochs	1.0
1062.5150001525878	0.5	epochs	1.0
1063.0150001525878	0.09997999999995955	epochs	1.0
1063.8390002250671	0.6499799999999141	epochs	0.0
1063.8390002250671	0.049999999999954525	epochs	1.0
1063.889000225067	0.5	epochs	1.0
1064.389000225067	0.09997999999995955	epochs	1.0
1065.3010001182556	0.040500000000065484	epochs	0.0
1065.3010001182556	0.015252299999929164	epochs	1.0
1065.3162524182555	0.009995399999979782	epochs	1.0
1065.3262478182555	0.015252300000156538	epochs	1.0
1065.3415001182557	0.5597399999999197	epochs	0.0
1065.3415001182557	0.5	epochs	1.0
1065.3415187182557	0.5	epochs	-1.0
1065.8415001182557	0.059739999999919746	epochs	1.0
1065.9012401182556	4.940239999999903	epochs	0.0
1085.406000137329	0.040500000000065484	epochs	0.0
1085.406000137329	0.015252299999929164	epochs	1.0
1085.421252437329	0.009995399999979782	epochs	1.0
1085.431247837329	0.015252300000156538	epochs	1.0
1085.4465001373292	2.5194199999998546	epochs	0.0
1085.4465001373292	0.5	epochs	1.0
1085.4465187373291	0.5	epochs	-1.0
1085.9465001373292	1.0	epochs	1.0
1086.9465001373292	1.0194199999998546	epochs	1.0
1087.4465187373291	0.5	epochs	-1.0
1087.965920137329	2.9805599999999686	epochs	0.0
1090.5609998703003	0.040500000000065484	epochs	0.0
1090.5609998703003	0.015252299999929164	epochs	1.0
1090.5762521703002	0.009995399999979782	epochs	1.0
1090.5862475703002	0.015252300000156538	epochs	1.0
1090.6014998703004	2.519559999999956	epochs	0.0
1090.6014998703004	0.5	epochs	1.0
1090.6015184703003	0.5	epochs	-1.0
1091.1014998703004	1.0	epochs	1.0
1092.1014998703004	1.0195599999999558	epochs	1.0
1092.6015184703003	0.5	epochs	-1.0
1093.1210598703003	2.9804199999998673	epochs	0.0
1095.8420000076294	0.040500000000065484	epochs	0.0
1095.8420000076294	0.015252299999929164	epochs	1.0
1095.8572523076293	0.009995399999979782	epochs	1.0
1095.8672477076293	0.015252300000156538	epochs	1.0
1095.8825000076295	2.5199599999998554	epochs	0.0
1095.8825000076295	0.5	epochs	1.0
1095.8825186076294	0.5	epochs	-1.0
1096.3825000076295	1.0	epochs	1.0
1097.3825000076295	1.0199599999998554	epochs	1.0
1097.8825186076294	0.5	epochs	-1.0
1098.4024600076293	3.9800199999999677	epochs	0.0
1099.2620000839233	0.040500000000065484	epochs	0.0
1099.2620000839233	0.015252299999929164	epochs	1.0
1099.2772523839233	0.009995399999979782	epochs	1.0
1099.2872477839232	0.015252300000156538	epochs	1.0
1099.3025000839234	2.5194199999998546	epochs	0.0
1099.3025000839234	0.5	epochs	1.0
1099.3025186839234	0.5	epochs	-1.0
1099.8025000839234	1.0	epochs	1.0
1100.8025000839234	1.0194199999998546	epochs	1.0
1101.3025186839234	0.5	epochs	-1.0
1101.8219200839233	3.9805599999999686	epochs	0.0
1102.585000038147	0.040500000000065484	epochs	0.0
1102.585000038147	0.015252299999929164	epochs	1.0
1102.600252338147	0.009995399999979782	epochs	1.0
1102.6102477381469	0.015252300000156538	epochs	1.0
1102.625500038147	2.519260000000031	epochs	0.0
1102.625500038147	0.5	epochs	1.0
1102.625518638147	0.5	epochs	-1.0
1103.125500038147	1.0	epochs	1.0
1104.125500038147	1.0192600000000311	epochs	1.0
1104.625518638147	0.5	epochs	-1.0
1105.144760038147	3.980719999999792	epochs	0.0
1105.9279999732971	0.040500000000065484	epochs	0.0
1105.9279999732971	0.015252299999929164	epochs	1.0
1105.943252273297	0.009995399999979782	epochs	1.0
1105.953247673297	0.015252300000156538	epochs	1.0
1105.9684999732972	2.5189000000000306	epochs	0.0
1105.9684999732972	0.5	epochs	1.0
1105.9685185732972	0.5	epochs	-1.0
1106.4684999732972	1.0	epochs	1.0
1107.4684999732972	1.0189000000000306	epochs	1.0
1107.9685185732972	0.5	epochs	-1.0
1108.4873999732972	3.9810799999997926	epochs	0.0
1109.2779998779297	0.040500000000065484	epochs	0.0
1109.2779998779297	0.015252299999929164	epochs	1.0
1109.2932521779296	0.009995399999979782	epochs	1.0
1109.3032475779296	0.015252300000156538	epochs	1.0
1109.3184998779298	2.519800000000032	epochs	0.0
1109.3184998779298	0.5	epochs	1.0
1109.3185184779297	0.5	epochs	-1.0
1109.8184998779298	1.0	epochs	1.0
1110.8184998779298	1.019800000000032	epochs	1.0
1111.3185184779297	0.5	epochs	-1.0
1111.8382998779298	3.980179999999791	epochs	0.0
1112.6409997940063	0.040500000000065484	epochs	0.0
1112.6409997940063	0.015252299999929164	epochs	1.0
1112.6562520940063	0.009995399999979782	epochs	1.0
1112.6662474940063	0.015252300000156538	epochs	1.0
1112.6814997940064	0.5598599999998441	epochs	0.0
1112.6814997940064	0.5	epochs	1.0
1112.6815183940064	0.5	epochs	-1.0
1113.1814997940064	0.05985999999984415	epochs	1.0
1113.2413597940063	5.940119999999979	epochs	0.0
1128.7960000038147	0.040500000000065484	epochs	0.0
1128.7960000038147	0.015252299999929164	epochs	1.0
1128.8112523038146	0.009995399999979782	epochs	1.0
1128.8212477038146	0.015252300000156538	epochs	1.0
1128.8365000038148	2.5195799999999053	epochs	0.0
1128.8365000038148	0.5	epochs	1.0
1128.8365186038147	0.5	epochs	-1.0
1129.3365000038148	1.0	epochs	1.0
1130.3365000038148	1.0195799999999053	epochs	1.0
1130.8365186038147	0.5	epochs	-1.0
1131.3560800038147	3.980399999999918	epochs	0.0
1142.744999885559	0.040479999999888605	epochs	0.0
1142.744999885559	0.015244799999891256	epochs	1.0
1142.760244685559	0.009990400000106092	epochs	1.0
1142.770235085559	0.015244799999891256	epochs	1.0
1142.785479885559	2.0	epochs	0.0
1144.785479885559	5.378880000000208	epochs	0.0
1144.785479885559	1.0	epochs	1.0
1144.7855184855591	0.5	epochs	-1.0
1145.2855184855591	4.878841400000056	epochs	-1.0
1145.785479885559	4.378880000000208	epochs	1.0
1145.785479885559	4.356753900000058	epochs	-1.0
1145.785479885559	1.9745872000000873	epochs	2.0
1145.785479885559	1.0985622000000603	epochs	3.0
1146.884042085559	0.8760250000000269	epochs	3.0
1147.760067085559	1.3524075000000266	epochs	2.0
1147.760067085559	0.7286355000001095	epochs	3.0
1148.4887025855592	0.6237719999999172	epochs	3.0
1149.112474585559	1.029759199999944	epochs	2.0
1149.112474585559	0.5453293000000485	epochs	3.0
1149.6578038855591	0.4844298999998955	epochs	3.0
1150.142233785559	0.022126100000150473	epochs	2.0
1150.142233785559	0.022126100000150473	epochs	3.0
1150.1643598855592	16.621039999999994	epochs	0.0
1151.1020002365112	0.040479999999888605	epochs	0.0
1151.1020002365112	0.015244799999891256	epochs	1.0
1151.1172450365111	0.009990400000106092	epochs	1.0
1151.1272354365112	0.015244799999891256	epochs	1.0
1151.1424802365111	2.0	epochs	0.0
1153.1424802365111	5.359360000000152	epochs	0.0
1153.1424802365111	1.0	epochs	1.0
1153.1425188365113	0.5	epochs	-1.0
1153.6425188365113	4.859321399999999	epochs	-1.0
1154.1424802365111	4.359360000000152	epochs	1.0
1154.1424802365111	4.356753900000058	epochs	-1.0
1154.1424802365111	1.9745872000000873	epochs	2.0
1154.1424802365111	1.0985622000000603	epochs	3.0
1155.2410424365112	0.8760250000000269	epochs	3.0
1156.1170674365112	1.3524075000000266	epochs	2.0
1156.1170674365112	0.7286355000001095	epochs	3.0
1156.8457029365113	0.6237719999999172	epochs	3.0
1157.4694749365112	1.029759199999944	epochs	2.0
1157.4694749365112	0.5453293000000485	epochs	3.0
1158.0148042365113	0.4844298999998955	epochs	3.0
1158.4992341365112	0.0026061000000936474	epochs	2.0
1158.4992341365112	0.0026061000000936474	epochs	3.0
1158.5018402365113	16.64056000000005	epochs	0.0
1159.289999961853	0.040479999999888605	epochs	0.0
1159.289999961853	0.015244799999891256	epochs	1.0
1159.305244761853	0.009990400000106092	epochs	1.0
1159.315235161853	0.015244799999891256	epochs	1.0
1159.330479961853	2.0	epochs	0.0
1161.330479961853	21.518960000000106	epochs	0.0
1161.330479961853	1.0	epochs	1.0
1161.330518561853	0.5	epochs	-1.0
1161.830518561853	19.999599999999873	epochs	-1.0
1162.330479961853	20.0	epochs	1.0
1162.330479961853	4.356753900000058	epochs	-1.0
1162.330479961853	1.9745872000000873	epochs	2.0
1162.330479961853	1.0985622000000603	epochs	3.0
1163.429042161853	0.8760250000000269	epochs	3.0
1164.305067161853	1.3524075000000266	epochs	2.0
1164.305067161853	0.7286355000001095	epochs	3.0
1165.033702661853	0.6237719999999172	epochs	3.0
1165.657474661853	1.029759199999944	epochs	2.0
1165.657474661853	0.5453293000000485	epochs	3.0
1166.202803961853	0.4844298999998955	epochs	3.0
1166.687233861853	0.8317862000001242	epochs	2.0
1166.687233861853	0.4357763000000432	epochs	3.0
1167.123010161853	0.39600990000008096	epochs	3.0
1167.519020061853	0.6977970000000369	epochs	2.0
1167.519020061853	0.3628982000000178	epochs	3.0
1167.8819182618531	0.33489880000001904	epochs	3.0
1168.2168170618531	0.601045699999986	epochs	2.0
1168.2168170618531	0.3109122999999272	epochs	3.0
1168.527729361853	0.2901334000000588	epochs	3.0
1168.8178627618531	0.5278859000000011	epochs	2.0
1168.8178627618531	0.2719585999998344	epochs	3.0
1169.089821361853	0.2559273000001667	epochs	3.0
1169.3457486618531	0.470619299999953	epochs	2.0
1169.3457486618531	0.241681299999982	epochs	3.0
1169.587429961853	0.228937999999971	epochs	3.0
1169.816367961853	0.42457039999999324	epochs	2.0
1169.816367961853	0.21747140000002219	epochs	3.0
1170.033839361853	0.20709899999997106	epochs	3.0
1170.240938361853	0.3867353999999068	epochs	2.0
1170.240938361853	0.19767109999997956	epochs	3.0
1170.438609461853	0.18906429999992724	epochs	3.0
1170.627673761853	0.35509530000013	epochs	2.0
1170.627673761853	0.18117589999997108	epochs	3.0
1170.808849661853	0.17391940000015893	epochs	3.0
1170.982769061853	0.3282431000000088	epochs	2.0
1170.982769061853	0.16722189999995862	epochs	3.0
1171.149990961853	0.16102120000005016	epochs	3.0
1171.3110121618531	0.3051679999998669	epochs	2.0
1171.3110121618531	0.15526389999990897	epochs	3.0
1171.466276061853	0.1499040999999579	epochs	3.0
1171.616180161853	0.28512530000011793	epochs	2.0
1171.616180161853	0.1449021000000812	epochs	3.0
1171.761082261853	0.14022320000003674	epochs	3.0
1171.901305461853	0.2675537999998596	epochs	2.0
1171.901305461853	0.1358368999999584	epochs	3.0
1172.037142361853	0.13171689999990122	epochs	3.0
1172.168859261853	0.25202290000015637	epochs	2.0
1172.168859261853	0.1278393000000051	epochs	3.0
1172.296698561853	0.12418360000015127	epochs	3.0
1172.4208821618531	0.23819649999995818	epochs	2.0
1172.4208821618531	0.1207310999998299	epochs	3.0
1172.541613261853	0.11746540000012828	epochs	3.0
1172.659078661853	0.22580879999986792	epochs	2.0
1172.659078661853	0.1143718999999237	epochs	3.0
1172.773450561853	0.11143689999994422	epochs	3.0
1172.884887461853	0.2146460000001298	epochs	2.0
1172.884887461853	0.10864890000016203	epochs	3.0
1172.993536361853	0.10599709999996776	epochs	3.0
1173.099533461853	0.2045349999998507	epochs	2.0
1173.099533461853	0.10347150000006877	epochs	3.0
1173.2030049618531	0.10106349999978192	epochs	3.0
1173.304068461853	0.19533400000000256	epochs	2.0
1173.304068461853	0.09876510000003691	epochs	3.0
1173.402833561853	0.09656889999996565	epochs	3.0
1173.499402461853	0.1869253000002118	epochs	2.0
1173.499402461853	0.09446830000001682	epochs	3.0
1173.593870761853	0.09245700000019497	epochs	3.0
1173.6863277618531	0.17921069999988504	epochs	2.0
1173.6863277618531	0.09052959999985433	epochs	3.0
1173.776857361853	0.08868110000003071	epochs	3.0
1173.865538461853	0.17210769999996955	epochs	2.0
1173.865538461853	0.08690630000000965	epochs	3.0
1173.952444761853	0.0852013999999599	epochs	3.0
1174.037646161853	0.16554640000003928	epochs	2.0
1174.037646161853	0.08356189999994967	epochs	3.0
1174.121208061853	0.08198450000008961	epochs	3.0
1174.203192561853	0.15946710000002895	epochs	2.0
1174.203192561853	0.08046540000009372	epochs	3.0
1174.2836579618531	0.07900169999993523	epochs	3.0
1174.362659661853	0.1538183999998637	epochs	2.0
1174.362659661853	0.07759009999995214	epochs	3.0
1174.440249761853	0.07622829999991154	epochs	3.0
1174.516478061853	0.14855640000018866	epochs	2.0
1174.516478061853	0.07491330000016205	epochs	3.0
1174.591391361853	0.0736431000000266	epochs	3.0
1174.665034461853	0.1436423999998624	epochs	2.0
1174.665034461853	0.07241499999986445	epochs	3.0
1174.737449461853	0.07122739999999794	epochs	3.0
1174.808676861853	0.13904309999998077	epochs	2.0
1174.808676861853	0.07007799999996678	epochs	3.0
1174.878754861853	0.06896510000001399	epochs	3.0
1174.947719961853	0.1347293000001173	epochs	2.0
1174.947719961853	0.0678871000000072	epochs	3.0
1175.015607061853	0.0668422000001101	epochs	3.0
1175.082449261853	0.1306752000000415	epochs	2.0
1175.082449261853	0.06582909999997355	epochs	3.0
1175.148278361853	0.06484610000006796	epochs	3.0
1175.213124461853	0.1268577999999252	epochs	2.0
1175.213124461853	0.06389199999989614	epochs	3.0
1175.277016461853	0.06296580000002905	epochs	3.0
1175.339982261853	0.12325719999989815	epochs	2.0
1175.339982261853	0.06206580000002759	epochs	3.0
1175.402048061853	0.061191399999870555	epochs	3.0
1175.463239461853	0.11985540000000583	epochs	2.0
1175.463239461853	0.060341100000187	epochs	3.0
1175.5235805618531	0.05951429999981883	epochs	3.0
1175.583094861853	0.11663620000012997	epochs	2.0
1175.583094861853	0.05870960000015657	epochs	3.0
1175.641804461853	0.057926599999973405	epochs	3.0
1175.699731061853	0.11358559999985118	epochs	2.0
1175.699731061853	0.05716419999998834	epochs	3.0
1175.756895261853	0.05642139999986284	epochs	3.0
1175.813316661853	0.11069050000014613	epochs	2.0
1175.813316661853	0.055697900000041045	epochs	3.0
1175.869014561853	0.054992600000105085	epochs	3.0
1175.924007161853	0.1079391000000669	epochs	2.0
1175.924007161853	0.05430490000003374	epochs	3.0
1175.978312061853	0.05363420000003316	epochs	3.0
1176.0319462618531	0.10532149999994544	epochs	2.0
1176.0319462618531	0.05297999999993408	epochs	3.0
1176.084926261853	0.052341500000011365	epochs	3.0
1176.137267761853	0.10282759999995505	epochs	2.0
1176.137267761853	0.05171810000001642	epochs	3.0
1176.188985861853	0.051109499999938635	epochs	3.0
1176.240095361853	0.10044909999987794	epochs	2.0
1176.240095361853	0.050514900000052876	epochs	3.0
1176.290610261853	0.04993419999982507	epochs	3.0
1176.340544461853	0.09817830000019967	epochs	2.0
1176.340544461853	0.0493666000002122	epochs	3.0
1176.3899110618531	0.04881169999998747	epochs	3.0
1176.4387227618531	0.09600779999982478	epochs	2.0
1176.4387227618531	0.048269199999822376	epochs	3.0
1176.486991961853	0.04773860000000241	epochs	3.0
1176.534730561853	0.09393120000004274	epochs	2.0
1176.534730561853	0.04721949999998287	epochs	3.0
1176.581950061853	0.046711700000059864	epochs	3.0
1176.628661761853	0.09194260000003851	epochs	2.0
1176.628661761853	0.046214599999984785	epochs	3.0
1176.674876361853	0.045728000000053726	epochs	3.0
1176.720604361853	0.09003630000006524	epochs	2.0
1176.720604361853	0.045251499999949374	epochs	3.0
1176.765855861853	0.044784800000115865	epochs	3.0
1176.810640661853	0.08820760000003247	epochs	2.0
1176.810640661853	0.044327800000019124	epochs	3.0
1176.854968461853	0.04387980000001335	epochs	3.0
1176.8988482618531	0.0864516999999978	epochs	2.0
1176.8988482618531	0.04344099999980244	epochs	3.0
1176.942289261853	0.04301070000019536	epochs	3.0
1176.9852999618531	0.08476429999996071	epochs	2.0
1176.9852999618531	0.04258899999990717	epochs	3.0
1177.027888961853	0.04217530000005354	epochs	3.0
1177.070064261853	0.08314150000001064	epochs	2.0
1177.070064261853	0.04176970000003166	epochs	3.0
1177.111833961853	0.041371799999978975	epochs	3.0
1177.153205761853	0.08157970000002024	epochs	2.0
1177.153205761853	0.040981399999964196	epochs	3.0
1177.194187161853	0.04059830000005604	epochs	3.0
1177.234785461853	0.08007550000002084	epochs	2.0
1177.234785461853	0.04022229999986848	epochs	3.0
1177.275007761853	0.039853200000152356	epochs	3.0
1177.3148609618531	0.07862569999997504	epochs	2.0
1177.3148609618531	0.03949079999983951	epochs	3.0
1177.354351761853	0.03913490000013553	epochs	3.0
1177.393486661853	0.07722760000001472	epochs	2.0
1177.393486661853	0.03878539999982422	epochs	3.0
1177.432272061853	0.038442200000190496	epochs	3.0
1177.4707142618531	0.07587819999980638	epochs	2.0
1177.4707142618531	0.03810479999992822	epochs	3.0
1177.508819061853	0.037773399999878166	epochs	3.0
1177.546592461853	0.0745752000000266	epochs	2.0
1177.546592461853	0.03744770000002973	epochs	3.0
1177.584040161853	0.03712749999999687	epochs	3.0
1177.621167661853	0.07331629999998768	epochs	2.0
1177.621167661853	0.0368129000000863	epochs	3.0
1177.657980561853	0.036503399999901376	epochs	3.0
1177.694483961853	0.07209899999998015	epochs	2.0
1177.694483961853	0.03619910000020354	epochs	3.0
1177.7306830618531	0.03589989999977661	epochs	3.0
1177.766582961853	0.07092170000009901	epochs	2.0
1177.766582961853	0.03560560000005353	epochs	3.0
1177.802188561853	0.03531610000004548	epochs	3.0
1177.837504661853	0.06978200000003199	epochs	2.0
1177.837504661853	0.03503120000004856	epochs	3.0
1177.872535861853	0.03475079999998343	epochs	3.0
1177.907286661853	0.06867859999988468	epochs	2.0
1177.907286661853	0.03447510000000875	epochs	3.0
1177.941761761853	0.03420349999987593	epochs	3.0
1177.975965261853	0.06760930000018561	epochs	2.0
1177.975965261853	0.03393620000019837	epochs	3.0
1178.0099014618531	0.033673099999987244	epochs	3.0
1178.0435745618531	0.06657289999998284	epochs	2.0
1178.0435745618531	0.03341399999999339	epochs	3.0
1178.076988561853	0.033158899999989444	epochs	3.0
1178.110147461853	0.06556779999982609	epochs	2.0
1178.110147461853	0.03290769999989607	epochs	3.0
1178.143055161853	0.032660099999930026	epochs	3.0
1178.175715261853	0.0645926000001964	epochs	2.0
1178.175715261853	0.03241640000010193	epochs	3.0
1178.208131661853	0.03217620000009447	epochs	3.0
1178.2403078618531	0.06364599999983511	epochs	2.0
1178.2403078618531	0.03193959999998697	epochs	3.0
1178.272247461853	0.031706399999848145	epochs	3.0
1178.303953861853	0.0627266999999847	epochs	2.0
1178.303953861853	0.03147660000013275	epochs	3.0
1178.335430461853	0.031250099999851955	epochs	3.0
1178.366680561853	0.06183359999999993	epochs	2.0
1178.366680561853	0.031026900000142632	epochs	3.0
1178.397707461853	0.0308066999998573	epochs	3.0
1178.428514161853	0.06096560000014506	epochs	2.0
1178.428514161853	0.03058980000014344	epochs	3.0
1178.459103961853	0.030375800000001618	epochs	3.0
1178.489479761853	0.06012160000000222	epochs	2.0
1178.489479761853	0.030164900000045236	epochs	3.0
1178.5196446618531	0.02995669999995698	epochs	3.0
1178.549601361853	0.05930069999999432	epochs	2.0
1178.549601361853	0.029751599999826794	epochs	3.0
1178.579352961853	0.029549100000167527	epochs	3.0
1178.608902061853	0.05850179999993088	epochs	2.0
1178.608902061853	0.02934940000000097	epochs	3.0
1178.638251461853	0.029152399999929912	epochs	3.0
1178.667403861853	0.05772419999993872	epochs	2.0
1178.667403861853	0.028958000000102402	epochs	3.0
1178.6963618618531	0.028766199999836317	epochs	3.0
1178.725128061853	0.05696710000006533	epochs	2.0
1178.725128061853	0.028577000000041153	epochs	3.0
1178.753705061853	0.028390100000024177	epochs	3.0
1178.782095161853	0.05622949999997218	epochs	2.0
1178.782095161853	0.028205699999944045	epochs	3.0
1178.810300861853	0.028023800000028132	epochs	3.0
1178.838324661853	0.05551070000001346	epochs	2.0
1178.838324661853	0.027843999999959124	epochs	3.0
1178.866168661853	0.027666700000054334	epochs	3.0
1178.893835361853	0.054810200000019904	epochs	2.0
1178.893835361853	0.02749149999999645	epochs	3.0
1178.921326861853	0.027318700000023455	epochs	3.0
1178.948645561853	0.05412700000010773	epochs	2.0
1178.948645561853	0.027147799999966082	epochs	3.0
1178.975793361853	0.026979200000141645	epochs	3.0
1179.0027725618531	0.053460699999959616	epochs	2.0
1179.0027725618531	0.02681259999985741	epochs	3.0
1179.029585161853	0.026648100000102204	epochs	3.0
1179.056233261853	0.05281070000000909	epochs	2.0
1179.056233261853	0.0264855999998872	epochs	3.0
1179.082718861853	0.026325100000121893	epochs	3.0
1179.109043961853	0.052176199999848905	epochs	2.0
1179.109043961853	0.026166399999965506	epochs	3.0
1179.135210361853	0.0260097999998834	epochs	3.0
1179.161220161853	0.051556699999991906	epochs	2.0
1179.161220161853	0.02585480000016105	epochs	3.0
1179.187074961853	0.025701899999830857	epochs	3.0
1179.212776861853	0.05095189999997274	epochs	2.0
1179.212776861853	0.025550700000167126	epochs	3.0
1179.238327561853	0.025401199999805613	epochs	3.0
1179.263728761853	0.05036100000006627	epochs	2.0
1179.263728761853	0.025253500000189888	epochs	3.0
1179.288982261853	0.02510749999987638	epochs	3.0
1179.314089761853	0.04978380000011384	epochs	2.0
1179.314089761853	0.02496320000000196	epochs	3.0
1179.339052961853	0.02482060000011188	epochs	3.0
1179.363873561853	0.04921949999993558	epochs	2.0
1179.363873561853	0.024679399999968155	epochs	3.0
1179.388552961853	0.024540099999967424	epochs	3.0
1179.413093061853	0.04866790000005494	epochs	2.0
1179.413093061853	0.024402100000088467	epochs	3.0
1179.4374951618531	0.024265799999966475	epochs	3.0
1179.461760961853	0.048128599999927246	epochs	2.0
1179.461760961853	0.02413099999989754	epochs	3.0
1179.485891961853	0.023997600000029706	epochs	3.0
1179.509889561853	0.047601100000065344	epochs	2.0
1179.509889561853	0.023865800000066884	epochs	3.0
1179.533755361853	0.02373529999999846	epochs	3.0
1179.557490661853	0.04708499999992455	epochs	2.0
1179.557490661853	0.023606299999983094	epochs	3.0
1179.581096961853	0.023478699999941455	epochs	3.0
1179.604575661853	0.046579999999948996	epochs	2.0
1179.604575661853	0.023352500000100918	epochs	3.0
1179.627928161853	0.023227499999848078	epochs	3.0
1179.651155661853	0.046085700000048746	epochs	2.0
1179.651155661853	0.023104000000103042	epochs	3.0
1179.674259661853	0.022981699999945704	epochs	3.0
1179.697241361853	0.045601799999985815	epochs	2.0
1179.697241361853	0.022860700000137513	epochs	3.0
1179.7201020618531	0.022741099999848302	epochs	3.0
1179.742843161853	0.04512790000012501	epochs	2.0
1179.742843161853	0.022622500000125	epochs	3.0
1179.765465661853	0.02250540000000001	epochs	3.0
1179.787971061853	0.04466379999985293	epochs	2.0
1179.787971061853	0.02238929999998618	epochs	3.0
1179.810360361853	0.022274499999866748	epochs	3.0
1179.832634861853	0.04420920000006845	epochs	2.0
1179.832634861853	0.02216080000016518	epochs	3.0
1179.8547956618531	0.022048399999903268	epochs	3.0
1179.876844061853	0.04376359999992019	epochs	2.0
1179.876844061853	0.02193689999990056	epochs	3.0
1179.898780961853	0.021826700000019628	epochs	3.0
1179.920607661853	0.043327100000169594	epochs	2.0
1179.920607661853	0.02171760000010181	epochs	3.0
1179.942325261853	0.021609500000067783	epochs	3.0
1179.9639347618531	0.04289899999980662	epochs	2.0
1179.9639347618531	0.02150249999999687	epochs	3.0
1179.9854372618531	0.021396499999809748	epochs	3.0
1180.006833761853	0.04247950000012679	epochs	2.0
1180.006833761853	0.021291700000119818	epochs	3.0
1180.028125461853	0.021187800000006973	epochs	3.0
1180.049313261853	0.04206789999989269	epochs	2.0
1180.049313261853	0.02108490000000529	epochs	3.0
1180.070398161853	0.020982999999887397	epochs	3.0
1180.091381161853	0.041664400000172463	epochs	2.0
1180.091381161853	0.020882200000187368	epochs	3.0
1180.1122633618531	0.020782199999985096	epochs	3.0
1180.1330455618531	0.041268499999887354	epochs	2.0
1180.1330455618531	0.020683299999973315	epochs	3.0
1180.153728861853	0.02058519999991404	epochs	3.0
1180.174314061853	0.04088000000001557	epochs	2.0
1180.174314061853	0.020488099999965925	epochs	3.0
1180.194802161853	0.020391900000049645	epochs	3.0
1180.215194061853	0.04049880000002304	epochs	2.0
1180.215194061853	0.020296599999937825	epochs	3.0
1180.235490661853	0.020202200000085213	epochs	3.0
1180.255692861853	0.040124599999899146	epochs	2.0
1180.255692861853	0.02010870000003706	epochs	3.0
1180.275801561853	0.020015899999862086	epochs	3.0
1180.295817461853	0.03975730000001931	epochs	2.0
1180.295817461853	0.019924200000104975	epochs	3.0
1180.315741661853	0.01983309999991434	epochs	3.0
1180.335574761853	0.03939669999999751	epochs	2.0
1180.335574761853	0.01974300000006224	epochs	3.0
1180.355317761853	0.01965369999993527	epochs	3.0
1180.374971461853	0.03904239999997117	epochs	2.0
1180.374971461853	0.019565100000136226	epochs	3.0
1180.394536561853	0.01947729999983494	epochs	3.0
1180.414013861853	0.038694600000098944	epochs	2.0
1180.414013861853	0.019390400000020236	epochs	3.0
1180.433404261853	0.01930420000007871	epochs	3.0
1180.452708461853	0.03835290000006353	epochs	2.0
1180.452708461853	0.019218800000089686	epochs	3.0
1180.4719272618531	0.01913409999997384	epochs	3.0
1180.491061361853	0.03801720000001296	epochs	2.0
1180.491061361853	0.019050200000037876	epochs	3.0
1180.5101115618531	0.018966999999975087	epochs	3.0
1180.529078561853	0.03768719999993664	epochs	2.0
1180.529078561853	0.01888450000001285	epochs	3.0
1180.5479630618531	0.01880269999992379	epochs	3.0
1180.566765761853	0.03736309999999321	epochs	2.0
1180.566765761853	0.018721700000014607	epochs	3.0
1180.585487461853	0.018641399999978603	epochs	3.0
1180.604128861853	0.03704429999993408	epochs	2.0
1180.604128861853	0.018561599999884493	epochs	3.0
1180.622690461853	0.01848270000004959	epochs	3.0
1180.641173161853	0.036731000000145286	epochs	2.0
1180.641173161853	0.01840430000015658	epochs	3.0
1180.6595774618531	0.018326699999988705	epochs	3.0
1180.6779041618531	0.03642289999993409	epochs	2.0
1180.6779041618531	0.018249599999990096	epochs	3.0
1180.696153761853	0.018173299999943993	epochs	3.0
1180.714327061853	0.03612010000006194	epochs	2.0
1180.714327061853	0.01809759999991911	epochs	3.0
1180.732424661853	0.018022500000142827	epochs	3.0
1180.7504471618531	0.03582209999990482	epochs	2.0
1180.7504471618531	0.01794789999985369	epochs	3.0
1180.768395061853	0.017874200000051133	epochs	3.0
1180.786269261853	0.03552899999999681	epochs	2.0
1180.786269261853	0.017800800000031813	epochs	3.0
1180.804070061853	0.017728199999965	epochs	3.0
1180.821798261853	0.03524070000003121	epochs	2.0
1180.821798261853	0.017656100000067454	epochs	3.0
1180.839454361853	0.017584599999963757	epochs	3.0
1180.857038961853	0.03495709999992869	epochs	2.0
1180.857038961853	0.017513699999881283	epochs	3.0
1180.874552661853	0.017443400000047404	epochs	3.0
1180.891996061853	0.03467790000013338	epochs	2.0
1180.891996061853	0.01737360000015542	epochs	3.0
1180.9093696618531	0.017304299999977957	epochs	3.0
1180.926673961853	0.03440329999989444	epochs	2.0
1180.926673961853	0.017235699999901044	epochs	3.0
1180.943909661853	0.0171675999999934	epochs	3.0
1180.961077261853	0.03413279999995211	epochs	2.0
1180.961077261853	0.01709989999994832	epochs	3.0
1180.978177161853	0.017032900000003792	epochs	3.0
1180.995210061853	0.03386670000008962	epochs	2.0
1180.995210061853	0.01696640000000116	epochs	3.0
1181.012176461853	0.016900300000088464	epochs	3.0
1181.029076761853	0.03360459999998966	epochs	2.0
1181.029076761853	0.01683479999996962	epochs	3.0
1181.045911561853	0.01676980000002004	epochs	3.0
1181.062681361853	0.033346599999958926	epochs	2.0
1181.062681361853	0.016705300000012357	epochs	3.0
1181.079386661853	0.01664129999994657	epochs	3.0
1181.096027961853	0.03309250000006614	epochs	2.0
1181.096027961853	0.016577800000050047	epochs	3.0
1181.112605761853	0.01651470000001609	epochs	3.0
1181.129120461853	0.03284229999985655	epochs	2.0
1181.129120461853	0.01645220000000336	epochs	3.0
1181.145572661853	0.01639009999985319	epochs	3.0
1181.161962761853	0.03259570000000167	epochs	2.0
1181.161962761853	0.016328400000020338	epochs	3.0
1181.178291161853	0.016267299999981333	epochs	3.0
1181.194558461853	0.03235290000020541	epochs	2.0
1181.194558461853	0.016206600000032267	epochs	3.0
1181.210765061853	0.01614630000017314	epochs	3.0
1181.2269113618531	0.03211369999985436	epochs	2.0
1181.2269113618531	0.01608659999988049	epochs	3.0
1181.242997961853	0.01602709999997387	epochs	3.0
1181.259025061853	0.03187800000000607	epochs	2.0
1181.259025061853	0.015968200000088473	epochs	3.0
1181.274993261853	0.015909799999917595	epochs	3.0
1181.290903061853	0.03164570000012645	epochs	2.0
1181.290903061853	0.01585160000013275	epochs	3.0
1181.3067546618531	0.015794099999993705	epochs	3.0
1181.322548761853	0.031416699999908815	epochs	2.0
1181.322548761853	0.01573669999993399	epochs	3.0
1181.338285461853	0.015679999999974825	epochs	3.0
1181.353965461853	0.031191100000114602	epochs	2.0
1181.353965461853	0.015623600000026272	epochs	3.0
1181.369589061853	0.01556750000008833	epochs	3.0
1181.3851565618531	0.030968699999903038	epochs	2.0
1181.3851565618531	0.015511999999944237	epochs	3.0
1181.400668561853	0.0154566999999588	epochs	3.0
1181.416125261853	0.030749499999956242	epochs	2.0
1181.416125261853	0.015401999999994587	epochs	3.0
1181.431527261853	0.015347499999961656	epochs	3.0
1181.446874761853	0.03053320000003623	epochs	2.0
1181.446874761853	0.015293400000018664	epochs	3.0
1181.462168161853	0.015239800000017567	epochs	3.0
1181.477407961853	0.030320099999926242	epochs	2.0
1181.477407961853	0.015186500000027081	epochs	3.0
1181.492594461853	0.015133599999899161	epochs	3.0
1181.507728061853	0.03010990000007041	epochs	2.0
1181.507728061853	0.015081000000009226	epochs	3.0
1181.522809061853	0.015028900000061185	epochs	3.0
1181.537837961853	0.029902499999934662	epochs	2.0
1181.537837961853	0.014977000000044427	epochs	3.0
1181.552814961853	0.014925499999890235	epochs	3.0
1181.567740461853	0.0296981000001324	epochs	2.0
1181.567740461853	0.014874400000053356	epochs	3.0
1181.582614861853	0.014823700000079043	epochs	3.0
1181.597438561853	0.029496299999891562	epochs	2.0
1181.597438561853	0.014773200000036013	epochs	3.0
1181.6122117618531	0.014723099999855549	epochs	3.0
1181.626934861853	0.029297400000132257	epochs	2.0
1181.626934861853	0.014673399999992398	epochs	3.0
1181.641608261853	0.014624000000139858	epochs	3.0
1181.6562322618531	0.029101099999934377	epochs	2.0
1181.6562322618531	0.014574899999843183	epochs	3.0
1181.670807161853	0.014526200000091194	epochs	3.0
1181.685333361853	0.028907399999980044	epochs	2.0
1181.685333361853	0.014477700000043114	epochs	3.0
1181.699811061853	0.014429699999936929	epochs	3.0
1181.714240761853	0.028716199999962555	epochs	2.0
1181.714240761853	0.014381799999910072	epochs	3.0
1181.728622561853	0.014334400000052483	epochs	3.0
1181.742956961853	0.02852759999996124	epochs	2.0
1181.742956961853	0.014287200000126177	epochs	3.0
1181.7572441618531	0.014240399999835063	epochs	3.0
1181.771484561853	0.028341400000044814	epochs	2.0
1181.771484561853	0.014193800000157353	epochs	3.0
1181.7856783618531	0.014147599999887461	epochs	3.0
1181.799825961853	0.028157700000065233	epochs	2.0
1181.799825961853	0.014101700000082928	epochs	3.0
1181.813927661853	0.014055999999982305	epochs	3.0
1181.827983661853	0.02797629999986384	epochs	2.0
1181.827983661853	0.014010599999892293	epochs	3.0
1181.841994261853	0.013965699999971548	epochs	3.0
1181.855959961853	0.027797200000122757	epochs	2.0
1181.855959961853	0.013920800000050804	epochs	3.0
1181.869880761853	0.013876400000071953	epochs	3.0
1181.883757161853	0.027620399999932488	epochs	2.0
1181.883757161853	0.013832200000024386	epochs	3.0
1181.897589361853	0.013788199999908102	epochs	3.0
1181.911377561853	0.027445899999975154	epochs	2.0
1181.911377561853	0.01374460000010913	epochs	3.0
1181.925122161853	0.013701299999866023	epochs	3.0
1181.938823461853	0.0272735000000921	epochs	2.0
1181.938823461853	0.013658200000008947	epochs	3.0
1181.952481661853	0.013615300000083153	epochs	3.0
1181.966096961853	0.027103399999987232	epochs	2.0
1181.966096961853	0.013572800000019924	epochs	3.0
1181.979669761853	0.013530599999967308	epochs	3.0
1181.993200361853	0.02693520000002536	epochs	2.0
1181.993200361853	0.01348839999991469	epochs	3.0
1182.006688761853	0.01344680000011067	epochs	3.0
1182.020135561853	0.026769199999989723	epochs	2.0
1182.020135561853	0.013405199999851902	epochs	3.0
1182.033540761853	0.013364000000137821	epochs	3.0
1182.046904761853	0.026605199999949036	epochs	2.0
1182.046904761853	0.013322900000048321	epochs	3.0
1182.060227661853	0.013282299999900715	epochs	3.0
1182.073509961853	0.026443200000130673	epochs	2.0
1182.073509961853	0.013241699999980483	epochs	3.0
1182.086751661853	0.01320150000015019	epochs	3.0
1182.0999531618531	0.026283199999852513	epochs	2.0
1182.0999531618531	0.013161499999796433	epochs	3.0
1182.113114661853	0.01312170000005608	epochs	3.0
1182.126236361853	0.02612500000009277	epochs	2.0
1182.126236361853	0.013082100000019636	epochs	3.0
1182.139318461853	0.013042900000073132	epochs	3.0
1182.152361361853	0.025968899999952555	epochs	2.0
1182.152361361853	0.013003899999830537	epochs	3.0
1182.165365261853	0.012965000000122018	epochs	3.0
1182.178330261853	0.025814500000024054	epochs	2.0
1182.178330261853	0.012926399999969362	epochs	3.0
1182.191256661853	0.012888100000054692	epochs	3.0
1182.204144761853	0.025661899999931848	epochs	2.0
1182.204144761853	0.012849899999991976	epochs	3.0
1182.216994661853	0.012811999999939871	epochs	3.0
1182.229806661853	0.025511199999982637	epochs	2.0
1182.229806661853	0.012774400000125752	epochs	3.0
1182.2425810618531	0.012736799999856885	epochs	3.0
1182.255317861853	0.025362300000097093	epochs	2.0
1182.255317861853	0.01269969999998466	epochs	3.0
1182.268017561853	0.012662600000112434	epochs	3.0
1182.280680161853	0.025214999999889187	epochs	2.0
1182.280680161853	0.012625800000023446	epochs	3.0
1182.293305961853	0.012589199999865741	epochs	3.0
1182.305895161853	0.024584799999956886	epochs	2.0
1182.330118561853	0.5	epochs	-1.0
1182.330479961853	0.5189600000001064	epochs	1.0
1182.849439961853	0.48096000000009553	epochs	0.0
1183.8610000610352	0.040479999999888605	epochs	0.0
1183.8610000610352	0.015244799999891256	epochs	1.0
1183.876244861035	0.009990400000106092	epochs	1.0
1183.8862352610352	0.015244799999891256	epochs	1.0
1183.901480061035	2.0	epochs	0.0
1185.901480061035	21.53968000000009	epochs	0.0
1185.901480061035	1.0	epochs	1.0
1185.9015186610352	0.5	epochs	-1.0
1186.4015186610352	19.999599999999873	epochs	-1.0
1186.901480061035	20.0	epochs	1.0
1186.901480061035	4.356753900000058	epochs	-1.0
1186.901480061035	1.9745872000000873	epochs	2.0
1186.901480061035	1.0985622000000603	epochs	3.0
1188.000042261035	0.8760250000000269	epochs	3.0
1188.8760672610351	1.3524075000000266	epochs	2.0
1188.8760672610351	0.7286355000001095	epochs	3.0
1189.6047027610352	0.6237719999999172	epochs	3.0
1190.2284747610352	1.029759199999944	epochs	2.0
1190.2284747610352	0.5453293000000485	epochs	3.0
1190.7738040610352	0.4844298999998955	epochs	3.0
1191.258233961035	0.8317862000001242	epochs	2.0
1191.258233961035	0.4357763000000432	epochs	3.0
1191.6940102610351	0.39600990000008096	epochs	3.0
1192.0900201610352	0.6977970000000369	epochs	2.0
1192.0900201610352	0.3628982000000178	epochs	3.0
1192.4529183610352	0.33489880000001904	epochs	3.0
1192.7878171610353	0.601045699999986	epochs	2.0
1192.7878171610353	0.3109122999999272	epochs	3.0
1193.0987294610352	0.2901334000000588	epochs	3.0
1193.3888628610352	0.5278859000000011	epochs	2.0
1193.3888628610352	0.2719585999998344	epochs	3.0
1193.660821461035	0.2559273000001667	epochs	3.0
1193.9167487610353	0.470619299999953	epochs	2.0
1193.9167487610353	0.241681299999982	epochs	3.0
1194.1584300610352	0.228937999999971	epochs	3.0
1194.3873680610352	0.42457039999999324	epochs	2.0
1194.3873680610352	0.21747140000002219	epochs	3.0
1194.6048394610352	0.20709899999997106	epochs	3.0
1194.8119384610352	0.3867353999999068	epochs	2.0
1194.8119384610352	0.19767109999997956	epochs	3.0
1195.0096095610352	0.18906429999992724	epochs	3.0
1195.198673861035	0.35509530000013	epochs	2.0
1195.198673861035	0.18117589999997108	epochs	3.0
1195.379849761035	0.17391940000015893	epochs	3.0
1195.5537691610352	0.3282431000000088	epochs	2.0
1195.5537691610352	0.16722189999995862	epochs	3.0
1195.7209910610352	0.16102120000005016	epochs	3.0
1195.8820122610352	0.3051679999998669	epochs	2.0
1195.8820122610352	0.15526389999990897	epochs	3.0
1196.0372761610352	0.1499040999999579	epochs	3.0
1196.187180261035	0.28512530000011793	epochs	2.0
1196.187180261035	0.1449021000000812	epochs	3.0
1196.3320823610352	0.14022320000003674	epochs	3.0
1196.4723055610352	0.2675537999998596	epochs	2.0
1196.4723055610352	0.1358368999999584	epochs	3.0
1196.6081424610352	0.13171689999990122	epochs	3.0
1196.739859361035	0.25202290000015637	epochs	2.0
1196.739859361035	0.1278393000000051	epochs	3.0
1196.867698661035	0.12418360000015127	epochs	3.0
1196.9918822610352	0.23819649999995818	epochs	2.0
1196.9918822610352	0.1207310999998299	epochs	3.0
1197.112613361035	0.11746540000012828	epochs	3.0
1197.2300787610352	0.22580879999986792	epochs	2.0
1197.2300787610352	0.1143718999999237	epochs	3.0
1197.3444506610351	0.11143689999994422	epochs	3.0
1197.455887561035	0.2146460000001298	epochs	2.0
1197.455887561035	0.10864890000016203	epochs	3.0
1197.5645364610352	0.10599709999996776	epochs	3.0
1197.6705335610352	0.2045349999998507	epochs	2.0
1197.6705335610352	0.10347150000006877	epochs	3.0
1197.7740050610353	0.10106349999978192	epochs	3.0
1197.875068561035	0.19533400000000256	epochs	2.0
1197.875068561035	0.09876510000003691	epochs	3.0
1197.973833661035	0.09656889999996565	epochs	3.0
1198.070402561035	0.1869253000002118	epochs	2.0
1198.070402561035	0.09446830000001682	epochs	3.0
1198.164870861035	0.09245700000019497	epochs	3.0
1198.2573278610353	0.17921069999988504	epochs	2.0
1198.2573278610353	0.09052959999985433	epochs	3.0
1198.3478574610351	0.08868110000003071	epochs	3.0
1198.4365385610351	0.17210769999996955	epochs	2.0
1198.4365385610351	0.08690630000000965	epochs	3.0
1198.5234448610352	0.0852013999999599	epochs	3.0
1198.6086462610351	0.16554640000003928	epochs	2.0
1198.6086462610351	0.08356189999994967	epochs	3.0
1198.692208161035	0.08198450000008961	epochs	3.0
1198.7741926610352	0.15946710000002895	epochs	2.0
1198.7741926610352	0.08046540000009372	epochs	3.0
1198.8546580610353	0.07900169999993523	epochs	3.0
1198.9336597610352	0.1538183999998637	epochs	2.0
1198.9336597610352	0.07759009999995214	epochs	3.0
1199.0112498610351	0.07622829999991154	epochs	3.0
1199.087478161035	0.14855640000018866	epochs	2.0
1199.087478161035	0.07491330000016205	epochs	3.0
1199.1623914610352	0.0736431000000266	epochs	3.0
1199.2360345610352	0.1436423999998624	epochs	2.0
1199.2360345610352	0.07241499999986445	epochs	3.0
1199.308449561035	0.07122739999999794	epochs	3.0
1199.379676961035	0.13904309999998077	epochs	2.0
1199.379676961035	0.07007799999996678	epochs	3.0
1199.449754961035	0.06896510000001399	epochs	3.0
1199.518720061035	0.1347293000001173	epochs	2.0
1199.518720061035	0.0678871000000072	epochs	3.0
1199.586607161035	0.0668422000001101	epochs	3.0
1199.6534493610352	0.1306752000000415	epochs	2.0
1199.6534493610352	0.06582909999997355	epochs	3.0
1199.7192784610352	0.06484610000006796	epochs	3.0
1199.7841245610352	0.1268577999999252	epochs	2.0
1199.7841245610352	0.06389199999989614	epochs	3.0
1199.8480165610351	0.06296580000002905	epochs	3.0
1199.9109823610352	0.12325719999989815	epochs	2.0
1199.9109823610352	0.06206580000002759	epochs	3.0
1199.9730481610352	0.061191399999870555	epochs	3.0
1200.034239561035	0.11985540000000583	epochs	2.0
1200.034239561035	0.060341100000187	epochs	3.0
1200.0945806610353	0.05951429999981883	epochs	3.0
1200.154094961035	0.11663620000012997	epochs	2.0
1200.154094961035	0.05870960000015657	epochs	3.0
1200.2128045610352	0.057926599999973405	epochs	3.0
1200.2707311610352	0.11358559999985118	epochs	2.0
1200.2707311610352	0.05716419999998834	epochs	3.0
1200.3278953610352	0.05642139999986284	epochs	3.0
1200.384316761035	0.11069050000014613	epochs	2.0
1200.384316761035	0.055697900000041045	epochs	3.0
1200.440014661035	0.054992600000105085	epochs	3.0
1200.4950072610352	0.1079391000000669	epochs	2.0
1200.4950072610352	0.05430490000003374	epochs	3.0
1200.5493121610352	0.05363420000003316	epochs	3.0
1200.6029463610353	0.10532149999994544	epochs	2.0
1200.6029463610353	0.05297999999993408	epochs	3.0
1200.6559263610352	0.052341500000011365	epochs	3.0
1200.7082678610352	0.10282759999995505	epochs	2.0
1200.7082678610352	0.05171810000001642	epochs	3.0
1200.7599859610352	0.051109499999938635	epochs	3.0
1200.8110954610352	0.10044909999987794	epochs	2.0
1200.8110954610352	0.050514900000052876	epochs	3.0
1200.8616103610352	0.04993419999982507	epochs	3.0
1200.911544561035	0.09817830000019967	epochs	2.0
1200.911544561035	0.0493666000002122	epochs	3.0
1200.9609111610353	0.04881169999998747	epochs	3.0
1201.0097228610352	0.09600779999982478	epochs	2.0
1201.0097228610352	0.048269199999822376	epochs	3.0
1201.057992061035	0.04773860000000241	epochs	3.0
1201.105730661035	0.09393120000004274	epochs	2.0
1201.105730661035	0.04721949999998287	epochs	3.0
1201.152950161035	0.046711700000059864	epochs	3.0
1201.199661861035	0.09194260000003851	epochs	2.0
1201.199661861035	0.046214599999984785	epochs	3.0
1201.245876461035	0.045728000000053726	epochs	3.0
1201.2916044610351	0.09003630000006524	epochs	2.0
1201.2916044610351	0.045251499999949374	epochs	3.0
1201.336855961035	0.044784800000115865	epochs	3.0
1201.3816407610352	0.08820760000003247	epochs	2.0
1201.3816407610352	0.044327800000019124	epochs	3.0
1201.4259685610352	0.04387980000001335	epochs	3.0
1201.4698483610352	0.0864516999999978	epochs	2.0
1201.4698483610352	0.04344099999980244	epochs	3.0
1201.513289361035	0.04301070000019536	epochs	3.0
1201.5563000610352	0.08476429999996071	epochs	2.0
1201.5563000610352	0.04258899999990717	epochs	3.0
1201.5988890610352	0.04217530000005354	epochs	3.0
1201.6410643610352	0.08314150000001064	epochs	2.0
1201.6410643610352	0.04176970000003166	epochs	3.0
1201.6828340610352	0.041371799999978975	epochs	3.0
1201.7242058610352	0.08157970000002024	epochs	2.0
1201.7242058610352	0.040981399999964196	epochs	3.0
1201.7651872610352	0.04059830000005604	epochs	3.0
1201.8057855610352	0.08007550000002084	epochs	2.0
1201.8057855610352	0.04022229999986848	epochs	3.0
1201.846007861035	0.039853200000152356	epochs	3.0
1201.8858610610353	0.07862569999997504	epochs	2.0
1201.8858610610353	0.03949079999983951	epochs	3.0
1201.925351861035	0.03913490000013553	epochs	3.0
1201.9644867610352	0.07722760000001472	epochs	2.0
1201.9644867610352	0.03878539999982422	epochs	3.0
1202.003272161035	0.038442200000190496	epochs	3.0
1202.0417143610352	0.07587819999980638	epochs	2.0
1202.0417143610352	0.03810479999992822	epochs	3.0
1202.0798191610352	0.037773399999878166	epochs	3.0
1202.117592561035	0.0745752000000266	epochs	2.0
1202.117592561035	0.03744770000002973	epochs	3.0
1202.155040261035	0.03712749999999687	epochs	3.0
1202.192167761035	0.07331629999998768	epochs	2.0
1202.192167761035	0.0368129000000863	epochs	3.0
1202.2289806610352	0.036503399999901376	epochs	3.0
1202.265484061035	0.07209899999998015	epochs	2.0
1202.265484061035	0.03619910000020354	epochs	3.0
1202.3016831610353	0.03589989999977661	epochs	3.0
1202.337583061035	0.07092170000009901	epochs	2.0
1202.337583061035	0.03560560000005353	epochs	3.0
1202.373188661035	0.03531610000004548	epochs	3.0
1202.4085047610351	0.06978200000003199	epochs	2.0
1202.4085047610351	0.03503120000004856	epochs	3.0
1202.4435359610352	0.03475079999998343	epochs	3.0
1202.4782867610352	0.06867859999988468	epochs	2.0
1202.4782867610352	0.03447510000000875	epochs	3.0
1202.5127618610352	0.03420349999987593	epochs	3.0
1202.546965361035	0.06760930000018561	epochs	2.0
1202.546965361035	0.03393620000019837	epochs	3.0
1202.5809015610353	0.033673099999987244	epochs	3.0
1202.6145746610352	0.06657289999998284	epochs	2.0
1202.6145746610352	0.03341399999999339	epochs	3.0
1202.6479886610352	0.033158899999989444	epochs	3.0
1202.6811475610352	0.06556779999982609	epochs	2.0
1202.6811475610352	0.03290769999989607	epochs	3.0
1202.7140552610351	0.032660099999930026	epochs	3.0
1202.746715361035	0.0645926000001964	epochs	2.0
1202.746715361035	0.03241640000010193	epochs	3.0
1202.7791317610352	0.03217620000009447	epochs	3.0
1202.8113079610353	0.06364599999983511	epochs	2.0
1202.8113079610353	0.03193959999998697	epochs	3.0
1202.8432475610352	0.031706399999848145	epochs	3.0
1202.874953961035	0.0627266999999847	epochs	2.0
1202.874953961035	0.03147660000013275	epochs	3.0
1202.9064305610352	0.031250099999851955	epochs	3.0
1202.937680661035	0.06183359999999993	epochs	2.0
1202.937680661035	0.031026900000142632	epochs	3.0
1202.9687075610352	0.0308066999998573	epochs	3.0
1202.999514261035	0.06096560000014506	epochs	2.0
1202.999514261035	0.03058980000014344	epochs	3.0
1203.0301040610352	0.030375800000001618	epochs	3.0
1203.0604798610352	0.06012160000000222	epochs	2.0
1203.0604798610352	0.030164900000045236	epochs	3.0
1203.0906447610353	0.02995669999995698	epochs	3.0
1203.1206014610352	0.05930069999999432	epochs	2.0
1203.1206014610352	0.029751599999826794	epochs	3.0
1203.150353061035	0.029549100000167527	epochs	3.0
1203.1799021610352	0.05850179999993088	epochs	2.0
1203.1799021610352	0.02934940000000097	epochs	3.0
1203.2092515610352	0.029152399999929912	epochs	3.0
1203.2384039610351	0.05772419999993872	epochs	2.0
1203.2384039610351	0.028958000000102402	epochs	3.0
1203.2673619610352	0.028766199999836317	epochs	3.0
1203.296128161035	0.05696710000006533	epochs	2.0
1203.296128161035	0.028577000000041153	epochs	3.0
1203.3247051610351	0.028390100000024177	epochs	3.0
1203.3530952610352	0.05622949999997218	epochs	2.0
1203.3530952610352	0.028205699999944045	epochs	3.0
1203.381300961035	0.028023800000028132	epochs	3.0
1203.4093247610351	0.05551070000001346	epochs	2.0
1203.4093247610351	0.027843999999959124	epochs	3.0
1203.437168761035	0.027666700000054334	epochs	3.0
1203.4648354610351	0.054810200000019904	epochs	2.0
1203.4648354610351	0.02749149999999645	epochs	3.0
1203.4923269610351	0.027318700000023455	epochs	3.0
1203.5196456610352	0.05412700000010773	epochs	2.0
1203.5196456610352	0.027147799999966082	epochs	3.0
1203.5467934610351	0.026979200000141645	epochs	3.0
1203.5737726610353	0.053460699999959616	epochs	2.0
1203.5737726610353	0.02681259999985741	epochs	3.0
1203.6005852610351	0.026648100000102204	epochs	3.0
1203.6272333610352	0.05281070000000909	epochs	2.0
1203.6272333610352	0.0264855999998872	epochs	3.0
1203.653718961035	0.026325100000121893	epochs	3.0
1203.6800440610352	0.052176199999848905	epochs	2.0
1203.6800440610352	0.026166399999965506	epochs	3.0
1203.7062104610352	0.0260097999998834	epochs	3.0
1203.732220261035	0.051556699999991906	epochs	2.0
1203.732220261035	0.02585480000016105	epochs	3.0
1203.7580750610352	0.025701899999830857	epochs	3.0
1203.783776961035	0.05095189999997274	epochs	2.0
1203.783776961035	0.025550700000167126	epochs	3.0
1203.8093276610352	0.025401199999805613	epochs	3.0
1203.834728861035	0.05036100000006627	epochs	2.0
1203.834728861035	0.025253500000189888	epochs	3.0
1203.8599823610352	0.02510749999987638	epochs	3.0
1203.885089861035	0.04978380000011384	epochs	2.0
1203.885089861035	0.02496320000000196	epochs	3.0
1203.9100530610351	0.02482060000011188	epochs	3.0
1203.9348736610352	0.04921949999993558	epochs	2.0
1203.9348736610352	0.024679399999968155	epochs	3.0
1203.9595530610352	0.024540099999967424	epochs	3.0
1203.9840931610352	0.04866790000005494	epochs	2.0
1203.9840931610352	0.024402100000088467	epochs	3.0
1204.0084952610353	0.024265799999966475	epochs	3.0
1204.0327610610352	0.048128599999927246	epochs	2.0
1204.0327610610352	0.02413099999989754	epochs	3.0
1204.0568920610351	0.023997600000029706	epochs	3.0
1204.0808896610351	0.047601100000065344	epochs	2.0
1204.0808896610351	0.023865800000066884	epochs	3.0
1204.1047554610352	0.02373529999999846	epochs	3.0
1204.1284907610352	0.04708499999992455	epochs	2.0
1204.1284907610352	0.023606299999983094	epochs	3.0
1204.1520970610352	0.023478699999941455	epochs	3.0
1204.1755757610351	0.046579999999948996	epochs	2.0
1204.1755757610351	0.023352500000100918	epochs	3.0
1204.1989282610352	0.023227499999848078	epochs	3.0
1204.222155761035	0.046085700000048746	epochs	2.0
1204.222155761035	0.023104000000103042	epochs	3.0
1204.2452597610352	0.022981699999945704	epochs	3.0
1204.2682414610351	0.045601799999985815	epochs	2.0
1204.2682414610351	0.022860700000137513	epochs	3.0
1204.2911021610353	0.022741099999848302	epochs	3.0
1204.3138432610351	0.04512790000012501	epochs	2.0
1204.3138432610351	0.022622500000125	epochs	3.0
1204.3364657610352	0.02250540000000001	epochs	3.0
1204.3589711610352	0.04466379999985293	epochs	2.0
1204.3589711610352	0.02238929999998618	epochs	3.0
1204.3813604610352	0.022274499999866748	epochs	3.0
1204.403634961035	0.04420920000006845	epochs	2.0
1204.403634961035	0.02216080000016518	epochs	3.0
1204.4257957610353	0.022048399999903268	epochs	3.0
1204.4478441610352	0.04376359999992019	epochs	2.0
1204.4478441610352	0.02193689999990056	epochs	3.0
1204.469781061035	0.021826700000019628	epochs	3.0
1204.491607761035	0.043327100000169594	epochs	2.0
1204.491607761035	0.02171760000010181	epochs	3.0
1204.5133253610352	0.021609500000067783	epochs	3.0
1204.5349348610353	0.04289899999980662	epochs	2.0
1204.5349348610353	0.02150249999999687	epochs	3.0
1204.5564373610353	0.021396499999809748	epochs	3.0
1204.577833861035	0.04247950000012679	epochs	2.0
1204.577833861035	0.021291700000119818	epochs	3.0
1204.5991255610352	0.021187800000006973	epochs	3.0
1204.6203133610352	0.04206789999989269	epochs	2.0
1204.6203133610352	0.02108490000000529	epochs	3.0
1204.6413982610352	0.020982999999887397	epochs	3.0
1204.662381261035	0.041664400000172463	epochs	2.0
1204.662381261035	0.020882200000187368	epochs	3.0
1204.6832634610353	0.020782199999985096	epochs	3.0
1204.7040456610353	0.041268499999887354	epochs	2.0
1204.7040456610353	0.020683299999973315	epochs	3.0
1204.7247289610352	0.02058519999991404	epochs	3.0
1204.7453141610351	0.04088000000001557	epochs	2.0
1204.7453141610351	0.020488099999965925	epochs	3.0
1204.765802261035	0.020391900000049645	epochs	3.0
1204.7861941610352	0.04049880000002304	epochs	2.0
1204.7861941610352	0.020296599999937825	epochs	3.0
1204.806490761035	0.020202200000085213	epochs	3.0
1204.8266929610352	0.040124599999899146	epochs	2.0
1204.8266929610352	0.02010870000003706	epochs	3.0
1204.8468016610352	0.020015899999862086	epochs	3.0
1204.866817561035	0.03975730000001931	epochs	2.0
1204.866817561035	0.019924200000104975	epochs	3.0
1204.8867417610352	0.01983309999991434	epochs	3.0
1204.906574861035	0.03939669999999751	epochs	2.0
1204.906574861035	0.01974300000006224	epochs	3.0
1204.9263178610352	0.01965369999993527	epochs	3.0
1204.945971561035	0.03904239999997117	epochs	2.0
1204.945971561035	0.019565100000136226	epochs	3.0
1204.9655366610352	0.01947729999983494	epochs	3.0
1204.985013961035	0.038694600000098944	epochs	2.0
1204.985013961035	0.019390400000020236	epochs	3.0
1205.004404361035	0.01930420000007871	epochs	3.0
1205.0237085610352	0.03835290000006353	epochs	2.0
1205.0237085610352	0.019218800000089686	epochs	3.0
1205.0429273610353	0.01913409999997384	epochs	3.0
1205.0620614610352	0.03801720000001296	epochs	2.0
1205.0620614610352	0.019050200000037876	epochs	3.0
1205.0811116610353	0.018966999999975087	epochs	3.0
1205.1000786610352	0.03768719999993664	epochs	2.0
1205.1000786610352	0.01888450000001285	epochs	3.0
1205.1189631610353	0.01880269999992379	epochs	3.0
1205.1377658610352	0.03736309999999321	epochs	2.0
1205.1377658610352	0.018721700000014607	epochs	3.0
1205.1564875610352	0.018641399999978603	epochs	3.0
1205.1751289610352	0.03704429999993408	epochs	2.0
1205.1751289610352	0.018561599999884493	epochs	3.0
1205.193690561035	0.01848270000004959	epochs	3.0
1205.212173261035	0.036731000000145286	epochs	2.0
1205.212173261035	0.01840430000015658	epochs	3.0
1205.2305775610353	0.018326699999988705	epochs	3.0
1205.2489042610352	0.03642289999993409	epochs	2.0
1205.2489042610352	0.018249599999990096	epochs	3.0
1205.2671538610352	0.018173299999943993	epochs	3.0
1205.2853271610352	0.03612010000006194	epochs	2.0
1205.2853271610352	0.01809759999991911	epochs	3.0
1205.303424761035	0.018022500000142827	epochs	3.0
1205.3214472610352	0.03582209999990482	epochs	2.0
1205.3214472610352	0.01794789999985369	epochs	3.0
1205.339395161035	0.017874200000051133	epochs	3.0
1205.3572693610352	0.03552899999999681	epochs	2.0
1205.3572693610352	0.017800800000031813	epochs	3.0
1205.3750701610352	0.017728199999965	epochs	3.0
1205.3927983610351	0.03524070000003121	epochs	2.0
1205.3927983610351	0.017656100000067454	epochs	3.0
1205.4104544610352	0.017584599999963757	epochs	3.0
1205.4280390610352	0.03495709999992869	epochs	2.0
1205.4280390610352	0.017513699999881283	epochs	3.0
1205.445552761035	0.017443400000047404	epochs	3.0
1205.462996161035	0.03467790000013338	epochs	2.0
1205.462996161035	0.01737360000015542	epochs	3.0
1205.4803697610353	0.017304299999977957	epochs	3.0
1205.4976740610352	0.03440329999989444	epochs	2.0
1205.4976740610352	0.017235699999901044	epochs	3.0
1205.5149097610351	0.0171675999999934	epochs	3.0
1205.5320773610351	0.03413279999995211	epochs	2.0
1205.5320773610351	0.01709989999994832	epochs	3.0
1205.549177261035	0.017032900000003792	epochs	3.0
1205.566210161035	0.03386670000008962	epochs	2.0
1205.566210161035	0.01696640000000116	epochs	3.0
1205.583176561035	0.016900300000088464	epochs	3.0
1205.6000768610352	0.03360459999998966	epochs	2.0
1205.6000768610352	0.01683479999996962	epochs	3.0
1205.6169116610351	0.01676980000002004	epochs	3.0
1205.6336814610352	0.033346599999958926	epochs	2.0
1205.6336814610352	0.016705300000012357	epochs	3.0
1205.6503867610352	0.01664129999994657	epochs	3.0
1205.6670280610351	0.03309250000006614	epochs	2.0
1205.6670280610351	0.016577800000050047	epochs	3.0
1205.6836058610352	0.01651470000001609	epochs	3.0
1205.7001205610352	0.03284229999985655	epochs	2.0
1205.7001205610352	0.01645220000000336	epochs	3.0
1205.7165727610352	0.01639009999985319	epochs	3.0
1205.732962861035	0.03259570000000167	epochs	2.0
1205.732962861035	0.016328400000020338	epochs	3.0
1205.749291261035	0.016267299999981333	epochs	3.0
1205.765558561035	0.03235290000020541	epochs	2.0
1205.765558561035	0.016206600000032267	epochs	3.0
1205.781765161035	0.01614630000017314	epochs	3.0
1205.7979114610353	0.03211369999985436	epochs	2.0
1205.7979114610353	0.01608659999988049	epochs	3.0
1205.8139980610351	0.01602709999997387	epochs	3.0
1205.830025161035	0.03187800000000607	epochs	2.0
1205.830025161035	0.015968200000088473	epochs	3.0
1205.8459933610352	0.015909799999917595	epochs	3.0
1205.8619031610351	0.03164570000012645	epochs	2.0
1205.8619031610351	0.01585160000013275	epochs	3.0
1205.8777547610352	0.015794099999993705	epochs	3.0
1205.8935488610352	0.031416699999908815	epochs	2.0
1205.8935488610352	0.01573669999993399	epochs	3.0
1205.9092855610352	0.015679999999974825	epochs	3.0
1205.9249655610352	0.031191100000114602	epochs	2.0
1205.9249655610352	0.015623600000026272	epochs	3.0
1205.9405891610352	0.01556750000008833	epochs	3.0
1205.9561566610353	0.030968699999903038	epochs	2.0
1205.9561566610353	0.015511999999944237	epochs	3.0
1205.9716686610352	0.0154566999999588	epochs	3.0
1205.9871253610352	0.030749499999956242	epochs	2.0
1205.9871253610352	0.015401999999994587	epochs	3.0
1206.0025273610352	0.015347499999961656	epochs	3.0
1206.0178748610351	0.03053320000003623	epochs	2.0
1206.0178748610351	0.015293400000018664	epochs	3.0
1206.0331682610351	0.015239800000017567	epochs	3.0
1206.0484080610352	0.030320099999926242	epochs	2.0
1206.0484080610352	0.015186500000027081	epochs	3.0
1206.0635945610352	0.015133599999899161	epochs	3.0
1206.078728161035	0.03010990000007041	epochs	2.0
1206.078728161035	0.015081000000009226	epochs	3.0
1206.093809161035	0.015028900000061185	epochs	3.0
1206.1088380610352	0.029902499999934662	epochs	2.0
1206.1088380610352	0.014977000000044427	epochs	3.0
1206.1238150610352	0.014925499999890235	epochs	3.0
1206.138740561035	0.0296981000001324	epochs	2.0
1206.138740561035	0.014874400000053356	epochs	3.0
1206.1536149610351	0.014823700000079043	epochs	3.0
1206.1684386610352	0.029496299999891562	epochs	2.0
1206.1684386610352	0.014773200000036013	epochs	3.0
1206.1832118610353	0.014723099999855549	epochs	3.0
1206.1979349610351	0.029297400000132257	epochs	2.0
1206.1979349610351	0.014673399999992398	epochs	3.0
1206.212608361035	0.014624000000139858	epochs	3.0
1206.2272323610352	0.029101099999934377	epochs	2.0
1206.2272323610352	0.014574899999843183	epochs	3.0
1206.241807261035	0.014526200000091194	epochs	3.0
1206.2563334610352	0.028907399999980044	epochs	2.0
1206.2563334610352	0.014477700000043114	epochs	3.0
1206.2708111610352	0.014429699999936929	epochs	3.0
1206.2852408610352	0.028716199999962555	epochs	2.0
1206.2852408610352	0.014381799999910072	epochs	3.0
1206.299622661035	0.014334400000052483	epochs	3.0
1206.3139570610351	0.02852759999996124	epochs	2.0
1206.3139570610351	0.014287200000126177	epochs	3.0
1206.3282442610353	0.014240399999835063	epochs	3.0
1206.342484661035	0.028341400000044814	epochs	2.0
1206.342484661035	0.014193800000157353	epochs	3.0
1206.3566784610352	0.014147599999887461	epochs	3.0
1206.3708260610351	0.028157700000065233	epochs	2.0
1206.3708260610351	0.014101700000082928	epochs	3.0
1206.3849277610352	0.014055999999982305	epochs	3.0
1206.3989837610352	0.02797629999986384	epochs	2.0
1206.3989837610352	0.014010599999892293	epochs	3.0
1206.412994361035	0.013965699999971548	epochs	3.0
1206.426960061035	0.027797200000122757	epochs	2.0
1206.426960061035	0.013920800000050804	epochs	3.0
1206.440880861035	0.013876400000071953	epochs	3.0
1206.4547572610352	0.027620399999932488	epochs	2.0
1206.4547572610352	0.013832200000024386	epochs	3.0
1206.4685894610352	0.013788199999908102	epochs	3.0
1206.4823776610351	0.027445899999975154	epochs	2.0
1206.4823776610351	0.01374460000010913	epochs	3.0
1206.4961222610352	0.013701299999866023	epochs	3.0
1206.509823561035	0.0272735000000921	epochs	2.0
1206.509823561035	0.013658200000008947	epochs	3.0
1206.523481761035	0.013615300000083153	epochs	3.0
1206.5370970610352	0.027103399999987232	epochs	2.0
1206.5370970610352	0.013572800000019924	epochs	3.0
1206.5506698610352	0.013530599999967308	epochs	3.0
1206.5642004610352	0.02693520000002536	epochs	2.0
1206.5642004610352	0.01348839999991469	epochs	3.0
1206.577688861035	0.01344680000011067	epochs	3.0
1206.5911356610352	0.026769199999989723	epochs	2.0
1206.5911356610352	0.013405199999851902	epochs	3.0
1206.604540861035	0.013364000000137821	epochs	3.0
1206.6179048610352	0.026605199999949036	epochs	2.0
1206.6179048610352	0.013322900000048321	epochs	3.0
1206.6312277610352	0.013282299999900715	epochs	3.0
1206.6445100610351	0.026443200000130673	epochs	2.0
1206.6445100610351	0.013241699999980483	epochs	3.0
1206.6577517610351	0.01320150000015019	epochs	3.0
1206.6709532610353	0.026283199999852513	epochs	2.0
1206.6709532610353	0.013161499999796433	epochs	3.0
1206.684114761035	0.01312170000005608	epochs	3.0
1206.6972364610351	0.02612500000009277	epochs	2.0
1206.6972364610351	0.013082100000019636	epochs	3.0
1206.7103185610351	0.013042900000073132	epochs	3.0
1206.7233614610352	0.025968899999952555	epochs	2.0
1206.7233614610352	0.013003899999830537	epochs	3.0
1206.736365361035	0.012965000000122018	epochs	3.0
1206.7493303610352	0.025814500000024054	epochs	2.0
1206.7493303610352	0.012926399999969362	epochs	3.0
1206.7622567610351	0.012888100000054692	epochs	3.0
1206.7751448610352	0.025661899999931848	epochs	2.0
1206.7751448610352	0.012849899999991976	epochs	3.0
1206.7879947610352	0.012811999999939871	epochs	3.0
1206.8008067610351	0.025511199999982637	epochs	2.0
1206.8008067610351	0.012774400000125752	epochs	3.0
1206.8135811610352	0.012736799999856885	epochs	3.0
1206.826317961035	0.025362300000097093	epochs	2.0
1206.826317961035	0.01269969999998466	epochs	3.0
1206.839017661035	0.012662600000112434	epochs	3.0
1206.8516802610352	0.025214999999889187	epochs	2.0
1206.8516802610352	0.012625800000023446	epochs	3.0
1206.8643060610352	0.012589199999865741	epochs	3.0
1206.876895261035	0.024584799999956886	epochs	2.0
1206.901118661035	0.5	epochs	-1.0
1206.901480061035	0.5396800000000894	epochs	1.0
1207.4411600610351	0.46024000000011256	epochs	0.0
1208.3039999008179	0.040479999999888605	epochs	0.0
1208.3039999008179	0.015244799999891256	epochs	1.0
1208.3192447008178	0.009990400000106092	epochs	1.0
1208.3292351008179	0.015244799999891256	epochs	1.0
1208.3444799008178	2.0	epochs	0.0
1210.3444799008178	21.539040000000114	epochs	0.0
1210.3444799008178	1.0	epochs	1.0
1210.344518500818	0.5	epochs	-1.0
1210.844518500818	19.999599999999873	epochs	-1.0
1211.3444799008178	20.0	epochs	1.0
1211.3444799008178	4.356753900000058	epochs	-1.0
1211.3444799008178	1.9745872000000873	epochs	2.0
1211.3444799008178	1.0985622000000603	epochs	3.0
1212.4430421008178	0.8760250000000269	epochs	3.0
1213.3190671008178	1.3524075000000266	epochs	2.0
1213.3190671008178	0.7286355000001095	epochs	3.0
1214.047702600818	0.6237719999999172	epochs	3.0
1214.6714746008179	1.029759199999944	epochs	2.0
1214.6714746008179	0.5453293000000485	epochs	3.0
1215.216803900818	0.4844298999998955	epochs	3.0
1215.7012338008178	0.8317862000001242	epochs	2.0
1215.7012338008178	0.4357763000000432	epochs	3.0
1216.1370101008179	0.39600990000008096	epochs	3.0
1216.533020000818	0.6977970000000369	epochs	2.0
1216.533020000818	0.3628982000000178	epochs	3.0
1216.895918200818	0.33489880000001904	epochs	3.0
1217.230817000818	0.601045699999986	epochs	2.0
1217.230817000818	0.3109122999999272	epochs	3.0
1217.541729300818	0.2901334000000588	epochs	3.0
1217.831862700818	0.5278859000000011	epochs	2.0
1217.831862700818	0.2719585999998344	epochs	3.0
1218.1038213008178	0.2559273000001667	epochs	3.0
1218.359748600818	0.470619299999953	epochs	2.0
1218.359748600818	0.241681299999982	epochs	3.0
1218.601429900818	0.228937999999971	epochs	3.0
1218.830367900818	0.42457039999999324	epochs	2.0
1218.830367900818	0.21747140000002219	epochs	3.0
1219.047839300818	0.20709899999997106	epochs	3.0
1219.254938300818	0.3867353999999068	epochs	2.0
1219.254938300818	0.19767109999997956	epochs	3.0
1219.452609400818	0.18906429999992724	epochs	3.0
1219.6416737008178	0.35509530000013	epochs	2.0
1219.6416737008178	0.18117589999997108	epochs	3.0
1219.8228496008178	0.17391940000015893	epochs	3.0
1219.996769000818	0.3282431000000088	epochs	2.0
1219.996769000818	0.16722189999995862	epochs	3.0
1220.163990900818	0.16102120000005016	epochs	3.0
1220.325012100818	0.3051679999998669	epochs	2.0
1220.325012100818	0.15526389999990897	epochs	3.0
1220.4802760008179	0.1499040999999579	epochs	3.0
1220.6301801008178	0.28512530000011793	epochs	2.0
1220.6301801008178	0.1449021000000812	epochs	3.0
1220.775082200818	0.14022320000003674	epochs	3.0
1220.915305400818	0.2675537999998596	epochs	2.0
1220.915305400818	0.1358368999999584	epochs	3.0
1221.051142300818	0.13171689999990122	epochs	3.0
1221.1828592008178	0.25202290000015637	epochs	2.0
1221.1828592008178	0.1278393000000051	epochs	3.0
1221.3106985008178	0.12418360000015127	epochs	3.0
1221.434882100818	0.23819649999995818	epochs	2.0
1221.434882100818	0.1207310999998299	epochs	3.0
1221.5556132008178	0.11746540000012828	epochs	3.0
1221.673078600818	0.22580879999986792	epochs	2.0
1221.673078600818	0.1143718999999237	epochs	3.0
1221.7874505008178	0.11143689999994422	epochs	3.0
1221.8988874008178	0.2146460000001298	epochs	2.0
1221.8988874008178	0.10864890000016203	epochs	3.0
1222.007536300818	0.10599709999996776	epochs	3.0
1222.113533400818	0.2045349999998507	epochs	2.0
1222.113533400818	0.10347150000006877	epochs	3.0
1222.217004900818	0.10106349999978192	epochs	3.0
1222.3180684008178	0.19533400000000256	epochs	2.0
1222.3180684008178	0.09876510000003691	epochs	3.0
1222.4168335008178	0.09656889999996565	epochs	3.0
1222.5134024008178	0.1869253000002118	epochs	2.0
1222.5134024008178	0.09446830000001682	epochs	3.0
1222.6078707008178	0.09245700000019497	epochs	3.0
1222.700327700818	0.17921069999988504	epochs	2.0
1222.700327700818	0.09052959999985433	epochs	3.0
1222.7908573008178	0.08868110000003071	epochs	3.0
1222.8795384008179	0.17210769999996955	epochs	2.0
1222.8795384008179	0.08690630000000965	epochs	3.0
1222.9664447008179	0.0852013999999599	epochs	3.0
1223.0516461008178	0.16554640000003928	epochs	2.0
1223.0516461008178	0.08356189999994967	epochs	3.0
1223.1352080008178	0.08198450000008961	epochs	3.0
1223.2171925008179	0.15946710000002895	epochs	2.0
1223.2171925008179	0.08046540000009372	epochs	3.0
1223.297657900818	0.07900169999993523	epochs	3.0
1223.376659600818	0.1538183999998637	epochs	2.0
1223.376659600818	0.07759009999995214	epochs	3.0
1223.4542497008179	0.07622829999991154	epochs	3.0
1223.5304780008178	0.14855640000018866	epochs	2.0
1223.5304780008178	0.07491330000016205	epochs	3.0
1223.605391300818	0.0736431000000266	epochs	3.0
1223.679034400818	0.1436423999998624	epochs	2.0
1223.679034400818	0.07241499999986445	epochs	3.0
1223.7514494008178	0.07122739999999794	epochs	3.0
1223.8226768008178	0.13904309999998077	epochs	2.0
1223.8226768008178	0.07007799999996678	epochs	3.0
1223.8927548008178	0.06896510000001399	epochs	3.0
1223.9617199008178	0.1347293000001173	epochs	2.0
1223.9617199008178	0.0678871000000072	epochs	3.0
1224.0296070008178	0.0668422000001101	epochs	3.0
1224.096449200818	0.1306752000000415	epochs	2.0
1224.096449200818	0.06582909999997355	epochs	3.0
1224.162278300818	0.06484610000006796	epochs	3.0
1224.227124400818	0.1268577999999252	epochs	2.0
1224.227124400818	0.06389199999989614	epochs	3.0
1224.2910164008179	0.06296580000002905	epochs	3.0
1224.3539822008179	0.12325719999989815	epochs	2.0
1224.3539822008179	0.06206580000002759	epochs	3.0
1224.416048000818	0.061191399999870555	epochs	3.0
1224.4772394008178	0.11985540000000583	epochs	2.0
1224.4772394008178	0.060341100000187	epochs	3.0
1224.537580500818	0.05951429999981883	epochs	3.0
1224.5970948008178	0.11663620000012997	epochs	2.0
1224.5970948008178	0.05870960000015657	epochs	3.0
1224.655804400818	0.057926599999973405	epochs	3.0
1224.713731000818	0.11358559999985118	epochs	2.0
1224.713731000818	0.05716419999998834	epochs	3.0
1224.770895200818	0.05642139999986284	epochs	3.0
1224.8273166008178	0.11069050000014613	epochs	2.0
1224.8273166008178	0.055697900000041045	epochs	3.0
1224.8830145008178	0.054992600000105085	epochs	3.0
1224.938007100818	0.1079391000000669	epochs	2.0
1224.938007100818	0.05430490000003374	epochs	3.0
1224.992312000818	0.05363420000003316	epochs	3.0
1225.045946200818	0.10532149999994544	epochs	2.0
1225.045946200818	0.05297999999993408	epochs	3.0
1225.098926200818	0.052341500000011365	epochs	3.0
1225.151267700818	0.10282759999995505	epochs	2.0
1225.151267700818	0.05171810000001642	epochs	3.0
1225.202985800818	0.051109499999938635	epochs	3.0
1225.2540953008179	0.10044909999987794	epochs	2.0
1225.2540953008179	0.050514900000052876	epochs	3.0
1225.304610200818	0.04993419999982507	epochs	3.0
1225.3545444008178	0.09817830000019967	epochs	2.0
1225.3545444008178	0.0493666000002122	epochs	3.0
1225.403911000818	0.04881169999998747	epochs	3.0
1225.452722700818	0.09600779999982478	epochs	2.0
1225.452722700818	0.048269199999822376	epochs	3.0
1225.5009919008178	0.04773860000000241	epochs	3.0
1225.5487305008178	0.09393120000004274	epochs	2.0
1225.5487305008178	0.04721949999998287	epochs	3.0
1225.5959500008178	0.046711700000059864	epochs	3.0
1225.6426617008178	0.09194260000003851	epochs	2.0
1225.6426617008178	0.046214599999984785	epochs	3.0
1225.6888763008178	0.045728000000053726	epochs	3.0
1225.7346043008179	0.09003630000006524	epochs	2.0
1225.7346043008179	0.045251499999949374	epochs	3.0
1225.7798558008178	0.044784800000115865	epochs	3.0
1225.824640600818	0.08820760000003247	epochs	2.0
1225.824640600818	0.044327800000019124	epochs	3.0
1225.868968400818	0.04387980000001335	epochs	3.0
1225.912848200818	0.0864516999999978	epochs	2.0
1225.912848200818	0.04344099999980244	epochs	3.0
1225.9562892008178	0.04301070000019536	epochs	3.0
1225.999299900818	0.08476429999996071	epochs	2.0
1225.999299900818	0.04258899999990717	epochs	3.0
1226.0418889008179	0.04217530000005354	epochs	3.0
1226.084064200818	0.08314150000001064	epochs	2.0
1226.084064200818	0.04176970000003166	epochs	3.0
1226.125833900818	0.041371799999978975	epochs	3.0
1226.167205700818	0.08157970000002024	epochs	2.0
1226.167205700818	0.040981399999964196	epochs	3.0
1226.208187100818	0.04059830000005604	epochs	3.0
1226.248785400818	0.08007550000002084	epochs	2.0
1226.248785400818	0.04022229999986848	epochs	3.0
1226.2890077008178	0.039853200000152356	epochs	3.0
1226.328860900818	0.07862569999997504	epochs	2.0
1226.328860900818	0.03949079999983951	epochs	3.0
1226.3683517008178	0.03913490000013553	epochs	3.0
1226.407486600818	0.07722760000001472	epochs	2.0
1226.407486600818	0.03878539999982422	epochs	3.0
1226.4462720008178	0.038442200000190496	epochs	3.0
1226.484714200818	0.07587819999980638	epochs	2.0
1226.484714200818	0.03810479999992822	epochs	3.0
1226.522819000818	0.037773399999878166	epochs	3.0
1226.5605924008178	0.0745752000000266	epochs	2.0
1226.5605924008178	0.03744770000002973	epochs	3.0
1226.5980401008178	0.03712749999999687	epochs	3.0
1226.6351676008178	0.07331629999998768	epochs	2.0
1226.6351676008178	0.0368129000000863	epochs	3.0
1226.6719805008179	0.036503399999901376	epochs	3.0
1226.7084839008178	0.07209899999998015	epochs	2.0
1226.7084839008178	0.03619910000020354	epochs	3.0
1226.744683000818	0.03589989999977661	epochs	3.0
1226.7805829008178	0.07092170000009901	epochs	2.0
1226.7805829008178	0.03560560000005353	epochs	3.0
1226.8161885008178	0.03531610000004548	epochs	3.0
1226.8515046008179	0.06978200000003199	epochs	2.0
1226.8515046008179	0.03503120000004856	epochs	3.0
1226.886535800818	0.03475079999998343	epochs	3.0
1226.921286600818	0.06867859999988468	epochs	2.0
1226.921286600818	0.03447510000000875	epochs	3.0
1226.955761700818	0.03420349999987593	epochs	3.0
1226.9899652008178	0.06760930000018561	epochs	2.0
1226.9899652008178	0.03393620000019837	epochs	3.0
1227.023901400818	0.033673099999987244	epochs	3.0
1227.057574500818	0.06657289999998284	epochs	2.0
1227.057574500818	0.03341399999999339	epochs	3.0
1227.090988500818	0.033158899999989444	epochs	3.0
1227.124147400818	0.06556779999982609	epochs	2.0
1227.124147400818	0.03290769999989607	epochs	3.0
1227.1570551008178	0.032660099999930026	epochs	3.0
1227.1897152008178	0.0645926000001964	epochs	2.0
1227.1897152008178	0.03241640000010193	epochs	3.0
1227.2221316008179	0.03217620000009447	epochs	3.0
1227.254307800818	0.06364599999983511	epochs	2.0
1227.254307800818	0.03193959999998697	epochs	3.0
1227.286247400818	0.031706399999848145	epochs	3.0
1227.3179538008178	0.0627266999999847	epochs	2.0
1227.3179538008178	0.03147660000013275	epochs	3.0
1227.349430400818	0.031250099999851955	epochs	3.0
1227.3806805008178	0.06183359999999993	epochs	2.0
1227.3806805008178	0.031026900000142632	epochs	3.0
1227.411707400818	0.0308066999998573	epochs	3.0
1227.4425141008178	0.06096560000014506	epochs	2.0
1227.4425141008178	0.03058980000014344	epochs	3.0
1227.473103900818	0.030375800000001618	epochs	3.0
1227.503479700818	0.06012160000000222	epochs	2.0
1227.503479700818	0.030164900000045236	epochs	3.0
1227.533644600818	0.02995669999995698	epochs	3.0
1227.563601300818	0.05930069999999432	epochs	2.0
1227.563601300818	0.029751599999826794	epochs	3.0
1227.5933529008178	0.029549100000167527	epochs	3.0
1227.622902000818	0.05850179999993088	epochs	2.0
1227.622902000818	0.02934940000000097	epochs	3.0
1227.652251400818	0.029152399999929912	epochs	3.0
1227.6814038008179	0.05772419999993872	epochs	2.0
1227.6814038008179	0.028958000000102402	epochs	3.0
1227.710361800818	0.028766199999836317	epochs	3.0
1227.7391280008178	0.05696710000006533	epochs	2.0
1227.7391280008178	0.028577000000041153	epochs	3.0
1227.7677050008178	0.028390100000024177	epochs	3.0
1227.7960951008179	0.05622949999997218	epochs	2.0
1227.7960951008179	0.028205699999944045	epochs	3.0
1227.8243008008178	0.028023800000028132	epochs	3.0
1227.8523246008178	0.05551070000001346	epochs	2.0
1227.8523246008178	0.027843999999959124	epochs	3.0
1227.8801686008178	0.027666700000054334	epochs	3.0
1227.9078353008179	0.054810200000019904	epochs	2.0
1227.9078353008179	0.02749149999999645	epochs	3.0
1227.9353268008178	0.027318700000023455	epochs	3.0
1227.9626455008179	0.05412700000010773	epochs	2.0
1227.9626455008179	0.027147799999966082	epochs	3.0
1227.9897933008178	0.026979200000141645	epochs	3.0
1228.016772500818	0.053460699999959616	epochs	2.0
1228.016772500818	0.02681259999985741	epochs	3.0
1228.0435851008178	0.026648100000102204	epochs	3.0
1228.070233200818	0.05281070000000909	epochs	2.0
1228.070233200818	0.0264855999998872	epochs	3.0
1228.0967188008178	0.026325100000121893	epochs	3.0
1228.123043900818	0.052176199999848905	epochs	2.0
1228.123043900818	0.026166399999965506	epochs	3.0
1228.149210300818	0.0260097999998834	epochs	3.0
1228.1752201008178	0.051556699999991906	epochs	2.0
1228.1752201008178	0.02585480000016105	epochs	3.0
1228.201074900818	0.025701899999830857	epochs	3.0
1228.2267768008178	0.05095189999997274	epochs	2.0
1228.2267768008178	0.025550700000167126	epochs	3.0
1228.252327500818	0.025401199999805613	epochs	3.0
1228.2777287008178	0.05036100000006627	epochs	2.0
1228.2777287008178	0.025253500000189888	epochs	3.0
1228.302982200818	0.02510749999987638	epochs	3.0
1228.3280897008178	0.04978380000011384	epochs	2.0
1228.3280897008178	0.02496320000000196	epochs	3.0
1228.3530529008178	0.02482060000011188	epochs	3.0
1228.377873500818	0.04921949999993558	epochs	2.0
1228.377873500818	0.024679399999968155	epochs	3.0
1228.402552900818	0.024540099999967424	epochs	3.0
1228.4270930008179	0.04866790000005494	epochs	2.0
1228.4270930008179	0.024402100000088467	epochs	3.0
1228.451495100818	0.024265799999966475	epochs	3.0
1228.475760900818	0.048128599999927246	epochs	2.0
1228.475760900818	0.02413099999989754	epochs	3.0
1228.4998919008178	0.023997600000029706	epochs	3.0
1228.5238895008179	0.047601100000065344	epochs	2.0
1228.5238895008179	0.023865800000066884	epochs	3.0
1228.547755300818	0.02373529999999846	epochs	3.0
1228.571490600818	0.04708499999992455	epochs	2.0
1228.571490600818	0.023606299999983094	epochs	3.0
1228.595096900818	0.023478699999941455	epochs	3.0
1228.6185756008178	0.046579999999948996	epochs	2.0
1228.6185756008178	0.023352500000100918	epochs	3.0
1228.641928100818	0.023227499999848078	epochs	3.0
1228.6651556008178	0.046085700000048746	epochs	2.0
1228.6651556008178	0.023104000000103042	epochs	3.0
1228.688259600818	0.022981699999945704	epochs	3.0
1228.7112413008178	0.045601799999985815	epochs	2.0
1228.7112413008178	0.022860700000137513	epochs	3.0
1228.734102000818	0.022741099999848302	epochs	3.0
1228.7568431008178	0.04512790000012501	epochs	2.0
1228.7568431008178	0.022622500000125	epochs	3.0
1228.779465600818	0.02250540000000001	epochs	3.0
1228.801971000818	0.04466379999985293	epochs	2.0
1228.801971000818	0.02238929999998618	epochs	3.0
1228.824360300818	0.022274499999866748	epochs	3.0
1228.8466348008178	0.04420920000006845	epochs	2.0
1228.8466348008178	0.02216080000016518	epochs	3.0
1228.868795600818	0.022048399999903268	epochs	3.0
1228.8908440008179	0.04376359999992019	epochs	2.0
1228.8908440008179	0.02193689999990056	epochs	3.0
1228.9127809008178	0.021826700000019628	epochs	3.0
1228.9346076008178	0.043327100000169594	epochs	2.0
1228.9346076008178	0.02171760000010181	epochs	3.0
1228.956325200818	0.021609500000067783	epochs	3.0
1228.977934700818	0.04289899999980662	epochs	2.0
1228.977934700818	0.02150249999999687	epochs	3.0
1228.999437200818	0.021396499999809748	epochs	3.0
1229.0208337008178	0.04247950000012679	epochs	2.0
1229.0208337008178	0.021291700000119818	epochs	3.0
1229.042125400818	0.021187800000006973	epochs	3.0
1229.063313200818	0.04206789999989269	epochs	2.0
1229.063313200818	0.02108490000000529	epochs	3.0
1229.084398100818	0.020982999999887397	epochs	3.0
1229.1053811008178	0.041664400000172463	epochs	2.0
1229.1053811008178	0.020882200000187368	epochs	3.0
1229.126263300818	0.020782199999985096	epochs	3.0
1229.147045500818	0.041268499999887354	epochs	2.0
1229.147045500818	0.020683299999973315	epochs	3.0
1229.167728800818	0.02058519999991404	epochs	3.0
1229.1883140008179	0.04088000000001557	epochs	2.0
1229.1883140008179	0.020488099999965925	epochs	3.0
1229.2088021008178	0.020391900000049645	epochs	3.0
1229.2291940008179	0.04049880000002304	epochs	2.0
1229.2291940008179	0.020296599999937825	epochs	3.0
1229.2494906008178	0.020202200000085213	epochs	3.0
1229.269692800818	0.040124599999899146	epochs	2.0
1229.269692800818	0.02010870000003706	epochs	3.0
1229.289801500818	0.020015899999862086	epochs	3.0
1229.3098174008178	0.03975730000001931	epochs	2.0
1229.3098174008178	0.019924200000104975	epochs	3.0
1229.329741600818	0.01983309999991434	epochs	3.0
1229.3495747008178	0.03939669999999751	epochs	2.0
1229.3495747008178	0.01974300000006224	epochs	3.0
1229.3693177008179	0.01965369999993527	epochs	3.0
1229.3889714008178	0.03904239999997117	epochs	2.0
1229.3889714008178	0.019565100000136226	epochs	3.0
1229.408536500818	0.01947729999983494	epochs	3.0
1229.4280138008178	0.038694600000098944	epochs	2.0
1229.4280138008178	0.019390400000020236	epochs	3.0
1229.4474042008178	0.01930420000007871	epochs	3.0
1229.4667084008179	0.03835290000006353	epochs	2.0
1229.4667084008179	0.019218800000089686	epochs	3.0
1229.485927200818	0.01913409999997384	epochs	3.0
1229.505061300818	0.03801720000001296	epochs	2.0
1229.505061300818	0.019050200000037876	epochs	3.0
1229.524111500818	0.018966999999975087	epochs	3.0
1229.543078500818	0.03768719999993664	epochs	2.0
1229.543078500818	0.01888450000001285	epochs	3.0
1229.561963000818	0.01880269999992379	epochs	3.0
1229.580765700818	0.03736309999999321	epochs	2.0
1229.580765700818	0.018721700000014607	epochs	3.0
1229.599487400818	0.018641399999978603	epochs	3.0
1229.6181288008179	0.03704429999993408	epochs	2.0
1229.6181288008179	0.018561599999884493	epochs	3.0
1229.6366904008178	0.01848270000004959	epochs	3.0
1229.6551731008178	0.036731000000145286	epochs	2.0
1229.6551731008178	0.01840430000015658	epochs	3.0
1229.673577400818	0.018326699999988705	epochs	3.0
1229.691904100818	0.03642289999993409	epochs	2.0
1229.691904100818	0.018249599999990096	epochs	3.0
1229.710153700818	0.018173299999943993	epochs	3.0
1229.728327000818	0.03612010000006194	epochs	2.0
1229.728327000818	0.01809759999991911	epochs	3.0
1229.7464246008178	0.018022500000142827	epochs	3.0
1229.764447100818	0.03582209999990482	epochs	2.0
1229.764447100818	0.01794789999985369	epochs	3.0
1229.7823950008178	0.017874200000051133	epochs	3.0
1229.8002692008179	0.03552899999999681	epochs	2.0
1229.8002692008179	0.017800800000031813	epochs	3.0
1229.818070000818	0.017728199999965	epochs	3.0
1229.8357982008179	0.03524070000003121	epochs	2.0
1229.8357982008179	0.017656100000067454	epochs	3.0
1229.853454300818	0.017584599999963757	epochs	3.0
1229.871038900818	0.03495709999992869	epochs	2.0
1229.871038900818	0.017513699999881283	epochs	3.0
1229.8885526008178	0.017443400000047404	epochs	3.0
1229.9059960008178	0.03467790000013338	epochs	2.0
1229.9059960008178	0.01737360000015542	epochs	3.0
1229.923369600818	0.017304299999977957	epochs	3.0
1229.940673900818	0.03440329999989444	epochs	2.0
1229.940673900818	0.017235699999901044	epochs	3.0
1229.9579096008179	0.0171675999999934	epochs	3.0
1229.9750772008179	0.03413279999995211	epochs	2.0
1229.9750772008179	0.01709989999994832	epochs	3.0
1229.9921771008178	0.017032900000003792	epochs	3.0
1230.0092100008178	0.03386670000008962	epochs	2.0
1230.0092100008178	0.01696640000000116	epochs	3.0
1230.0261764008178	0.016900300000088464	epochs	3.0
1230.043076700818	0.03360459999998966	epochs	2.0
1230.043076700818	0.01683479999996962	epochs	3.0
1230.0599115008179	0.01676980000002004	epochs	3.0
1230.0766813008179	0.033346599999958926	epochs	2.0
1230.0766813008179	0.016705300000012357	epochs	3.0
1230.093386600818	0.01664129999994657	epochs	3.0
1230.1100279008178	0.03309250000006614	epochs	2.0
1230.1100279008178	0.016577800000050047	epochs	3.0
1230.126605700818	0.01651470000001609	epochs	3.0
1230.143120400818	0.03284229999985655	epochs	2.0
1230.143120400818	0.01645220000000336	epochs	3.0
1230.159572600818	0.01639009999985319	epochs	3.0
1230.1759627008178	0.03259570000000167	epochs	2.0
1230.1759627008178	0.016328400000020338	epochs	3.0
1230.1922911008178	0.016267299999981333	epochs	3.0
1230.2085584008178	0.03235290000020541	epochs	2.0
1230.2085584008178	0.016206600000032267	epochs	3.0
1230.2247650008178	0.01614630000017314	epochs	3.0
1230.240911300818	0.03211369999985436	epochs	2.0
1230.240911300818	0.01608659999988049	epochs	3.0
1230.2569979008179	0.01602709999997387	epochs	3.0
1230.2730250008178	0.03187800000000607	epochs	2.0
1230.2730250008178	0.015968200000088473	epochs	3.0
1230.288993200818	0.015909799999917595	epochs	3.0
1230.3049030008178	0.03164570000012645	epochs	2.0
1230.3049030008178	0.01585160000013275	epochs	3.0
1230.320754600818	0.015794099999993705	epochs	3.0
1230.336548700818	0.031416699999908815	epochs	2.0
1230.336548700818	0.01573669999993399	epochs	3.0
1230.352285400818	0.015679999999974825	epochs	3.0
1230.3679654008179	0.031191100000114602	epochs	2.0
1230.3679654008179	0.015623600000026272	epochs	3.0
1230.383589000818	0.01556750000008833	epochs	3.0
1230.399156500818	0.030968699999903038	epochs	2.0
1230.399156500818	0.015511999999944237	epochs	3.0
1230.414668500818	0.0154566999999588	epochs	3.0
1230.4301252008179	0.030749499999956242	epochs	2.0
1230.4301252008179	0.015401999999994587	epochs	3.0
1230.4455272008179	0.015347499999961656	epochs	3.0
1230.4608747008178	0.03053320000003623	epochs	2.0
1230.4608747008178	0.015293400000018664	epochs	3.0
1230.4761681008179	0.015239800000017567	epochs	3.0
1230.4914079008179	0.030320099999926242	epochs	2.0
1230.4914079008179	0.015186500000027081	epochs	3.0
1230.506594400818	0.015133599999899161	epochs	3.0
1230.5217280008178	0.03010990000007041	epochs	2.0
1230.5217280008178	0.015081000000009226	epochs	3.0
1230.5368090008178	0.015028900000061185	epochs	3.0
1230.5518379008179	0.029902499999934662	epochs	2.0
1230.5518379008179	0.014977000000044427	epochs	3.0
1230.566814900818	0.014925499999890235	epochs	3.0
1230.5817404008178	0.0296981000001324	epochs	2.0
1230.5817404008178	0.014874400000053356	epochs	3.0
1230.5966148008179	0.014823700000079043	epochs	3.0
1230.611438500818	0.029496299999891562	epochs	2.0
1230.611438500818	0.014773200000036013	epochs	3.0
1230.626211700818	0.014723099999855549	epochs	3.0
1230.6409348008178	0.029297400000132257	epochs	2.0
1230.6409348008178	0.014673399999992398	epochs	3.0
1230.6556082008178	0.014624000000139858	epochs	3.0
1230.670232200818	0.029101099999934377	epochs	2.0
1230.670232200818	0.014574899999843183	epochs	3.0
1230.6848071008178	0.014526200000091194	epochs	3.0
1230.699333300818	0.028907399999980044	epochs	2.0
1230.699333300818	0.014477700000043114	epochs	3.0
1230.713811000818	0.014429699999936929	epochs	3.0
1230.7282407008179	0.028716199999962555	epochs	2.0
1230.7282407008179	0.014381799999910072	epochs	3.0
1230.7426225008178	0.014334400000052483	epochs	3.0
1230.7569569008178	0.02852759999996124	epochs	2.0
1230.7569569008178	0.014287200000126177	epochs	3.0
1230.771244100818	0.014240399999835063	epochs	3.0
1230.7854845008178	0.028341400000044814	epochs	2.0
1230.7854845008178	0.014193800000157353	epochs	3.0
1230.799678300818	0.014147599999887461	epochs	3.0
1230.8138259008178	0.028157700000065233	epochs	2.0
1230.8138259008178	0.014101700000082928	epochs	3.0
1230.827927600818	0.014055999999982305	epochs	3.0
1230.841983600818	0.02797629999986384	epochs	2.0
1230.841983600818	0.014010599999892293	epochs	3.0
1230.8559942008178	0.013965699999971548	epochs	3.0
1230.8699599008178	0.027797200000122757	epochs	2.0
1230.8699599008178	0.013920800000050804	epochs	3.0
1230.8838807008178	0.013876400000071953	epochs	3.0
1230.897757100818	0.027620399999932488	epochs	2.0
1230.897757100818	0.013832200000024386	epochs	3.0
1230.911589300818	0.013788199999908102	epochs	3.0
1230.9253775008178	0.027445899999975154	epochs	2.0
1230.9253775008178	0.01374460000010913	epochs	3.0
1230.939122100818	0.013701299999866023	epochs	3.0
1230.9528234008178	0.0272735000000921	epochs	2.0
1230.9528234008178	0.013658200000008947	epochs	3.0
1230.9664816008178	0.013615300000083153	epochs	3.0
1230.980096900818	0.027103399999987232	epochs	2.0
1230.980096900818	0.013572800000019924	epochs	3.0
1230.993669700818	0.013530599999967308	epochs	3.0
1231.0072003008179	0.02693520000002536	epochs	2.0
1231.0072003008179	0.01348839999991469	epochs	3.0
1231.0206887008178	0.01344680000011067	epochs	3.0
1231.034135500818	0.026769199999989723	epochs	2.0
1231.034135500818	0.013405199999851902	epochs	3.0
1231.0475407008178	0.013364000000137821	epochs	3.0
1231.060904700818	0.026605199999949036	epochs	2.0
1231.060904700818	0.013322900000048321	epochs	3.0
1231.074227600818	0.013282299999900715	epochs	3.0
1231.0875099008178	0.026443200000130673	epochs	2.0
1231.0875099008178	0.013241699999980483	epochs	3.0
1231.1007516008178	0.01320150000015019	epochs	3.0
1231.113953100818	0.026283199999852513	epochs	2.0
1231.113953100818	0.013161499999796433	epochs	3.0
1231.1271146008178	0.01312170000005608	epochs	3.0
1231.1402363008178	0.02612500000009277	epochs	2.0
1231.1402363008178	0.013082100000019636	epochs	3.0
1231.1533184008179	0.013042900000073132	epochs	3.0
1231.166361300818	0.025968899999952555	epochs	2.0
1231.166361300818	0.013003899999830537	epochs	3.0
1231.1793652008178	0.012965000000122018	epochs	3.0
1231.1923302008179	0.025814500000024054	epochs	2.0
1231.1923302008179	0.012926399999969362	epochs	3.0
1231.2052566008178	0.012888100000054692	epochs	3.0
1231.218144700818	0.025661899999931848	epochs	2.0
1231.218144700818	0.012849899999991976	epochs	3.0
1231.230994600818	0.012811999999939871	epochs	3.0
1231.2438066008178	0.025511199999982637	epochs	2.0
1231.2438066008178	0.012774400000125752	epochs	3.0
1231.256581000818	0.012736799999856885	epochs	3.0
1231.2693178008178	0.025362300000097093	epochs	2.0
1231.2693178008178	0.01269969999998466	epochs	3.0
1231.2820175008178	0.012662600000112434	epochs	3.0
1231.294680100818	0.025214999999889187	epochs	2.0
1231.294680100818	0.012625800000023446	epochs	3.0
1231.307305900818	0.012589199999865741	epochs	3.0
1231.3198951008178	0.024584799999956886	epochs	2.0
1231.3441185008178	0.5	epochs	-1.0
1231.3444799008178	0.5390400000001137	epochs	1.0
1231.8835199008179	0.46088000000008833	epochs	0.0
1269.9580001831055	0.040479999999888605	epochs	0.0
1269.9580001831055	0.015244799999891256	epochs	1.0
1269.9732449831054	0.009990400000106092	epochs	1.0
1269.9832353831055	0.015244799999891256	epochs	1.0
1269.9984801831054	2.0	epochs	0.0
1271.9984801831054	0.5198400000001584	epochs	0.0
1271.9984801831054	0.5198400000001584	epochs	1.0
1271.9985187831055	0.5	epochs	-1.0
1272.4985187831055	0.019801400000005742	epochs	-1.0
1272.5183201831055	21.480080000000044	epochs	0.0
1273.888000011444	0.040479999999888605	epochs	0.0
1273.888000011444	0.015244799999891256	epochs	1.0
1273.903244811444	0.009990400000106092	epochs	1.0
1273.913235211444	0.015244799999891256	epochs	1.0
1273.928480011444	1.6590400000000045	epochs	0.0
1275.587520011444	22.340880000000197	epochs	0.0
1285.0250000953674	0.040479999999888605	epochs	0.0
1285.0250000953674	0.015244799999891256	epochs	1.0
1285.0402448953673	0.009990400000106092	epochs	1.0
1285.0502352953674	0.015244799999891256	epochs	1.0
1285.0654800953673	2.0	epochs	0.0
1287.0654800953673	0.22992000000022017	epochs	0.0
1287.0654800953673	0.0500000000001819	epochs	1.0
1287.1154800953675	0.009999999999990905	epochs	1.0
1287.1254800953675	0.049999999999954525	epochs	1.0
1287.1754800953674	0.009999999999990905	epochs	1.0
1287.1854800953674	0.049999999999954525	epochs	1.0
1287.2354800953674	0.009999999999990905	epochs	1.0
1287.2454800953674	0.049920000000156506	epochs	1.0
