onset	duration	nwb_table	treelevel
15.581999778747559	0.09999999999999964	epochs	0.0
15.581999778747559	0.04499999999999993	epochs	1.0
15.626999778747559	0.009999999999999787	epochs	1.0
15.636999778747558	0.04499999999999993	epochs	1.0
15.681999778747558	0.540280000000001	epochs	0.0
15.681999778747558	0.5000000000000018	epochs	-1.0
15.681999778747558	0.5000000000000018	epochs	-1.0
15.681999778747558	0.5000000000000018	epochs	1.0
16.18199977874756	0.040279999999999205	epochs	-1.0
16.18199977874756	0.02499999999999858	epochs	-1.0
16.18199977874756	0.02499999999999858	epochs	1.0
16.20699977874756	0.010000000000001563	epochs	-1.0
16.20699977874756	0.010000000000001563	epochs	1.0
16.21699977874756	0.005279999999999063	epochs	-1.0
16.21699977874756	0.005279999999999063	epochs	1.0
16.22227977874756	0.16471500000000106	epochs	0.0
16.384999752044678	0.10000000000000142	epochs	0.0
16.384999752044678	0.045000000000001705	epochs	1.0
16.42999975204468	0.00999999999999801	epochs	1.0
16.439999752044677	0.045000000000001705	epochs	1.0
16.48499975204468	0.5394299999999994	epochs	0.0
16.48499975204468	0.5	epochs	-1.0
16.48499975204468	0.5	epochs	-1.0
16.48499975204468	0.5	epochs	1.0
16.98499975204468	0.03942999999999941	epochs	-1.0
16.98499975204468	0.02499999999999858	epochs	-1.0
16.98499975204468	0.02499999999999858	epochs	1.0
17.009999752044678	0.010000000000001563	epochs	-1.0
17.009999752044678	0.010000000000001563	epochs	1.0
17.01999975204468	0.004429999999999268	epochs	-1.0
17.01999975204468	0.004429999999999268	epochs	1.0
17.02442975204468	0.16556500000000085	epochs	0.0
17.19099998474121	0.10000000000000142	epochs	0.0
17.19099998474121	0.045000000000001705	epochs	1.0
17.235999984741213	0.00999999999999801	epochs	1.0
17.24599998474121	0.045000000000001705	epochs	1.0
17.290999984741212	0.5005600000000001	epochs	0.0
17.290999984741212	0.5	epochs	-1.0
17.290999984741212	0.5	epochs	-1.0
17.290999984741212	0.5	epochs	1.0
17.790999984741212	0.000560000000000116	epochs	-1.0
17.790999984741212	0.000560000000000116	epochs	-1.0
17.790999984741212	0.000560000000000116	epochs	1.0
17.791559984741212	0.20443500000000014	epochs	0.0
251.99300003051758	0.09999999999999432	epochs	0.0
251.99300003051758	0.044999999999987494	epochs	1.0
252.03800003051757	0.010000000000019327	epochs	1.0
252.04800003051758	0.044999999999987494	epochs	1.0
252.09300003051757	0.7049949999999967	epochs	0.0
252.09300003051757	0.5	epochs	-1.0
252.09300003051757	0.5	epochs	1.0
252.59300003051757	0.060000000000002274	epochs	-1.0
252.59300003051757	0.025000000000005684	epochs	-1.0
252.59300003051757	0.025000000000005684	epochs	1.0
252.61800003051758	0.009999999999990905	epochs	-1.0
252.61800003051758	0.009999999999990905	epochs	1.0
252.62800003051757	0.025000000000005684	epochs	-1.0
252.62800003051757	0.025000000000005684	epochs	1.0
252.65300003051757	0.060000000000002274	epochs	-1.0
252.65300003051757	0.025000000000005684	epochs	-1.0
252.65300003051757	0.025000000000005684	epochs	1.0
252.67800003051758	0.009999999999990905	epochs	-1.0
252.67800003051758	0.009999999999990905	epochs	1.0
252.68800003051757	0.025000000000005684	epochs	-1.0
252.68800003051757	0.025000000000005684	epochs	1.0
252.71300003051758	0.060000000000002274	epochs	-1.0
252.71300003051758	0.025000000000005684	epochs	-1.0
252.71300003051758	0.025000000000005684	epochs	1.0
252.73800003051758	0.009999999999990905	epochs	-1.0
252.73800003051758	0.009999999999990905	epochs	1.0
252.74800003051757	0.025000000000005684	epochs	-1.0
252.74800003051757	0.025000000000005684	epochs	1.0
252.77300003051758	0.024994999999989886	epochs	1.0
335.36299991607666	0.10000000000002274	epochs	0.0
335.36299991607666	0.045000000000015916	epochs	1.0
335.4079999160767	0.009999999999990905	epochs	1.0
335.41799991607667	0.045000000000015916	epochs	1.0
335.4629999160767	61.384995	epochs	0.0
335.4629999160767	0.5	epochs	-1.0
335.4629999160767	0.5	epochs	-1.0
335.4629999160767	0.5	epochs	1.0
335.9629999160767	0.060000000000002274	epochs	-1.0
335.9629999160767	0.024999999999977263	epochs	-1.0
335.9629999160767	0.024999999999977263	epochs	1.0
335.98799991607666	0.009999999999990905	epochs	-1.0
335.98799991607666	0.009999999999990905	epochs	1.0
335.99799991607665	0.025000000000034106	epochs	-1.0
335.99799991607665	0.025000000000034106	epochs	1.0
336.0229999160767	0.060000000000002274	epochs	-1.0
336.0229999160767	0.024999999999977263	epochs	-1.0
336.0229999160767	0.024999999999977263	epochs	1.0
336.04799991607666	0.009999999999990905	epochs	-1.0
336.04799991607666	0.009999999999990905	epochs	1.0
336.05799991607665	0.025000000000034106	epochs	-1.0
336.05799991607665	0.025000000000034106	epochs	1.0
336.0829999160767	0.05999999999994543	epochs	-1.0
336.0829999160767	0.024999999999977263	epochs	-1.0
336.0829999160767	0.024999999999977263	epochs	1.0
336.10799991607666	0.009999999999990905	epochs	-1.0
336.10799991607666	0.009999999999990905	epochs	1.0
336.11799991607666	0.024999999999977263	epochs	-1.0
336.11799991607666	0.024999999999977263	epochs	1.0
336.14299991607663	60.0	epochs	1.0
396.14299991607663	0.5	epochs	-1.0
396.14299991607663	0.5	epochs	-1.0
396.14299991607663	0.5	epochs	1.0
396.64299991607663	0.06000000000005912	epochs	-1.0
396.64299991607663	0.025000000000034106	epochs	-1.0
396.64299991607663	0.025000000000034106	epochs	1.0
396.66799991607667	0.009999999999990905	epochs	-1.0
396.66799991607667	0.009999999999990905	epochs	1.0
396.67799991607666	0.025000000000034106	epochs	-1.0
396.67799991607666	0.025000000000034106	epochs	1.0
396.7029999160767	0.05999999999994543	epochs	-1.0
396.7029999160767	0.024999999999977263	epochs	-1.0
396.7029999160767	0.024999999999977263	epochs	1.0
396.72799991607667	0.009999999999990905	epochs	-1.0
396.72799991607667	0.009999999999990905	epochs	1.0
396.73799991607666	0.024999999999977263	epochs	-1.0
396.73799991607666	0.024999999999977263	epochs	1.0
396.76299991607664	0.060000000000002274	epochs	-1.0
396.76299991607664	0.025000000000034106	epochs	-1.0
396.76299991607664	0.025000000000034106	epochs	1.0
396.78799991607667	0.009999999999990905	epochs	-1.0
396.78799991607667	0.009999999999990905	epochs	1.0
396.79799991607666	0.024999999999977263	epochs	-1.0
396.79799991607666	0.024999999999977263	epochs	1.0
396.82299991607664	0.02499500000004673	epochs	1.0
417.48799991607666	0.10000000000002274	epochs	0.0
417.48799991607666	0.045000000000015916	epochs	1.0
417.5329999160767	0.009999999999990905	epochs	1.0
417.54299991607667	0.045000000000015916	epochs	1.0
417.5879999160767	0.7049949999999967	epochs	0.0
417.5879999160767	0.5	epochs	-1.0
417.5879999160767	0.5	epochs	-1.0
417.5879999160767	0.5	epochs	1.0
418.0879999160767	0.060000000000002274	epochs	-1.0
418.0879999160767	0.024999999999977263	epochs	-1.0
418.0879999160767	0.024999999999977263	epochs	1.0
418.11299991607666	0.009999999999990905	epochs	-1.0
418.11299991607666	0.009999999999990905	epochs	1.0
418.12299991607665	0.025000000000034106	epochs	-1.0
418.12299991607665	0.025000000000034106	epochs	1.0
418.1479999160767	0.060000000000002274	epochs	-1.0
418.1479999160767	0.024999999999977263	epochs	-1.0
418.1479999160767	0.024999999999977263	epochs	1.0
418.17299991607666	0.009999999999990905	epochs	-1.0
418.17299991607666	0.009999999999990905	epochs	1.0
418.18299991607665	0.025000000000034106	epochs	-1.0
418.18299991607665	0.025000000000034106	epochs	1.0
418.2079999160767	0.05999999999994543	epochs	-1.0
418.2079999160767	0.024999999999977263	epochs	-1.0
418.2079999160767	0.024999999999977263	epochs	1.0
418.23299991607666	0.009999999999990905	epochs	-1.0
418.23299991607666	0.009999999999990905	epochs	1.0
418.24299991607666	0.024999999999977263	epochs	-1.0
418.24299991607666	0.024999999999977263	epochs	1.0
418.26799991607663	0.02499500000004673	epochs	1.0
468.64400005340576	0.17604000000000042	epochs	0.0
468.64400005340576	0.08302049999997507	epochs	1.0
468.72702055340574	0.009999000000050273	epochs	1.0
468.7370195534058	0.08302049999997507	epochs	1.0
468.8200560534058	0.5	epochs	-1.0
468.8200560534058	0.5	epochs	-1.0
468.82006005340577	5.999979999999994	epochs	0.0
468.82006005340577	0.5	epochs	1.0
469.32006005340577	5.0	epochs	1.0
474.3200560534058	0.49998399999998355	epochs	-1.0
474.32006005340577	0.49997999999999365	epochs	1.0
489.9409999847412	0.21276000000000295	epochs	0.0
489.9409999847412	0.10138009999997166	epochs	1.0
490.0423800847412	0.009999800000002779	epochs	1.0
490.0523798847412	0.1013801000000285	epochs	1.0
490.1537599847412	2.5074200000000246	epochs	0.0
490.1537599847412	0.5	epochs	1.0
490.1537659847412	0.5	epochs	-1.0
490.6537599847412	1.0	epochs	1.0
491.6537599847412	1.0074200000000246	epochs	1.0
492.1537659847412	0.5	epochs	-1.0
492.66117998474124	0.992559999999969	epochs	0.0
492.90599966049194	0.21276000000000295	epochs	0.0
492.90599966049194	0.10138009999997166	epochs	1.0
493.0073797604919	0.009999800000002779	epochs	1.0
493.0173795604919	0.1013801000000285	epochs	1.0
493.11875966049195	0.5272199999999998	epochs	0.0
493.11875966049195	0.5	epochs	1.0
493.11876566049193	0.5	epochs	-1.0
493.61875966049195	0.0272199999999998	epochs	1.0
493.64597966049195	2.972759999999994	epochs	0.0
493.87999963760376	0.21276000000000295	epochs	0.0
493.87999963760376	0.10138009999997166	epochs	1.0
493.98137973760373	0.009999800000002779	epochs	1.0
493.99137953760373	0.1013801000000285	epochs	1.0
494.09275963760376	2.5470399999999813	epochs	0.0
494.09275963760376	0.5	epochs	1.0
494.09276563760375	0.5	epochs	-1.0
494.59275963760376	1.0	epochs	1.0
495.59275963760376	1.0470399999999813	epochs	1.0
496.09276563760375	0.5	epochs	-1.0
496.63979963760374	0.9529400000000123	epochs	0.0
496.85999965667725	0.21276000000000295	epochs	0.0
496.85999965667725	0.10138009999997166	epochs	1.0
496.9613797566772	0.009999800000002779	epochs	1.0
496.9713795566772	0.1013801000000285	epochs	1.0
497.07275965667725	3.4999799999999937	epochs	0.0
497.07275965667725	0.5	epochs	1.0
497.07276565667723	0.5	epochs	-1.0
497.57275965667725	1.0	epochs	1.0
498.57275965667725	1.9999799999999937	epochs	1.0
499.07276565667723	0.5	epochs	-1.0
499.57276565667723	0.5	epochs	-1.0
500.86100006103516	0.21276000000000295	epochs	0.0
500.86100006103516	0.10138009999997166	epochs	1.0
500.9623801610351	0.009999800000002779	epochs	1.0
500.97237996103513	0.1013801000000285	epochs	1.0
501.07376006103516	0.5262200000000234	epochs	0.0
501.07376006103516	0.5	epochs	1.0
501.07376606103514	0.5	epochs	-1.0
501.57376006103516	0.026220000000023447	epochs	1.0
501.5999800610352	2.97375999999997	epochs	0.0
501.82999992370605	0.21276000000000295	epochs	0.0
501.82999992370605	0.10138009999997166	epochs	1.0
501.931380023706	0.009999800000002779	epochs	1.0
501.94137982370603	0.1013801000000285	epochs	1.0
502.04275992370606	2.5470399999999813	epochs	0.0
502.04275992370606	0.5	epochs	1.0
502.04276592370604	0.5	epochs	-1.0
502.54275992370606	1.0	epochs	1.0
503.54275992370606	1.0470399999999813	epochs	1.0
504.04276592370604	0.5	epochs	-1.0
504.58979992370604	0.9529400000000123	epochs	0.0
504.82099962234497	0.21276000000000295	epochs	0.0
504.82099962234497	0.10138009999997166	epochs	1.0
504.92237972234494	0.009999800000002779	epochs	1.0
504.93237952234495	0.1013801000000285	epochs	1.0
505.033759622345	0.5271000000000186	epochs	0.0
505.033759622345	0.5	epochs	1.0
505.03376562234496	0.5	epochs	-1.0
505.533759622345	0.027100000000018554	epochs	1.0
505.560859622345	2.972879999999975	epochs	0.0
517.8459997177124	0.21276000000000295	epochs	0.0
517.8459997177124	0.1013801000000285	epochs	1.0
517.9473798177124	0.009999799999945935	epochs	1.0
517.9573796177124	0.1013801000000285	epochs	1.0
518.0587597177124	2.5271599999999808	epochs	0.0
518.0587597177124	0.5	epochs	1.0
518.0587657177124	0.5	epochs	-1.0
518.5587597177124	1.0	epochs	1.0
519.5587597177124	1.0271599999999808	epochs	1.0
520.0587657177124	0.5	epochs	-1.0
520.5859197177124	0.9728200000000697	epochs	0.0
520.8469996452332	0.21276000000000295	epochs	0.0
520.8469996452332	0.1013801000000285	epochs	1.0
520.9483797452332	0.009999799999945935	epochs	1.0
520.9583795452331	0.1013801000000285	epochs	1.0
521.0597596452332	3.4999800000000505	epochs	0.0
521.0597596452332	0.5	epochs	1.0
521.0597656452331	0.5	epochs	-1.0
521.5597596452332	1.0	epochs	1.0
522.5597596452332	1.9999800000000505	epochs	1.0
523.0597656452331	0.5	epochs	-1.0
523.5597656452331	0.5	epochs	-1.0
524.8909997940063	0.21276000000000295	epochs	0.0
524.8909997940063	0.1013801000000285	epochs	1.0
524.9923798940064	0.009999799999945935	epochs	1.0
525.0023796940063	0.1013801000000285	epochs	1.0
525.1037597940064	0.5271000000000186	epochs	0.0
525.1037597940064	0.5	epochs	1.0
525.1037657940063	0.5	epochs	-1.0
525.6037597940064	0.027100000000018554	epochs	1.0
525.6308597940064	2.972880000000032	epochs	0.0
525.9039998054504	0.21276000000000295	epochs	0.0
525.9039998054504	0.1013801000000285	epochs	1.0
526.0053799054505	0.009999799999945935	epochs	1.0
526.0153797054504	0.1013801000000285	epochs	1.0
526.1167598054504	0.527339999999981	epochs	0.0
526.1167598054504	0.5	epochs	1.0
526.1167658054504	0.5	epochs	-1.0
526.6167598054504	0.027339999999981046	epochs	1.0
526.6440998054504	2.9726400000000694	epochs	0.0
526.9129996299744	0.21276000000000295	epochs	0.0
526.9129996299744	0.1013801000000285	epochs	1.0
527.0143797299744	0.009999799999945935	epochs	1.0
527.0243795299743	0.1013801000000285	epochs	1.0
527.1257596299744	0.527339999999981	epochs	0.0
527.1257596299744	0.5	epochs	1.0
527.1257656299744	0.5	epochs	-1.0
527.6257596299744	0.027339999999981046	epochs	1.0
527.6530996299743	2.9726400000000694	epochs	0.0
527.9099998474121	0.21276000000000295	epochs	0.0
527.9099998474121	0.1013801000000285	epochs	1.0
528.0113799474121	0.009999799999945935	epochs	1.0
528.0213797474121	0.1013801000000285	epochs	1.0
528.1227598474121	2.5475400000000263	epochs	0.0
528.1227598474121	0.5	epochs	1.0
528.1227658474121	0.5	epochs	-1.0
528.6227598474121	1.0	epochs	1.0
529.6227598474121	1.0475400000000263	epochs	1.0
530.1227658474121	0.5	epochs	-1.0
530.6702998474121	0.9524400000000242	epochs	0.0
530.9739999771118	0.6499800000000278	epochs	0.0
530.9739999771118	0.049999999999954525	epochs	1.0
531.0239999771118	0.5	epochs	1.0
531.5239999771118	0.09998000000007323	epochs	1.0
531.941999912262	0.6499800000000278	epochs	0.0
531.941999912262	0.049999999999954525	epochs	1.0
531.9919999122619	0.5	epochs	1.0
532.4919999122619	0.09998000000007323	epochs	1.0
532.8979997634888	0.6499800000000278	epochs	0.0
532.8979997634888	0.049999999999954525	epochs	1.0
532.9479997634887	0.5	epochs	1.0
533.4479997634887	0.09998000000007323	epochs	1.0
533.8279995918274	0.6499800000000278	epochs	0.0
533.8279995918274	0.049999999999954525	epochs	1.0
533.8779995918273	0.5	epochs	1.0
534.3779995918273	0.09998000000007323	epochs	1.0
534.8049998283386	0.6499800000000278	epochs	0.0
534.8049998283386	0.049999999999954525	epochs	1.0
534.8549998283386	0.5	epochs	1.0
535.3549998283386	0.09998000000007323	epochs	1.0
535.7579998970032	0.6499800000000278	epochs	0.0
535.7579998970032	0.049999999999954525	epochs	1.0
535.8079998970031	0.5	epochs	1.0
536.3079998970031	0.09998000000007323	epochs	1.0
536.7779998779297	0.21276000000000295	epochs	0.0
536.7779998779297	0.1013801000000285	epochs	1.0
536.8793799779297	0.009999799999945935	epochs	1.0
536.8893797779297	0.1013801000000285	epochs	1.0
536.9907598779297	2.5472800000000007	epochs	0.0
536.9907598779297	0.5	epochs	1.0
536.9907658779297	0.5	epochs	-1.0
537.4907598779297	1.0	epochs	1.0
538.4907598779297	1.0472800000000007	epochs	1.0
538.9907656779297	0.5	epochs	-1.0
539.5380398779297	2.95270000000005	epochs	0.0
541.9070000648499	0.21276000000000295	epochs	0.0
541.9070000648499	0.1013801000000285	epochs	1.0
542.0083801648499	0.009999799999945935	epochs	1.0
542.0183799648498	0.1013801000000285	epochs	1.0
542.1197600648499	2.547019999999975	epochs	0.0
542.1197600648499	0.5	epochs	1.0
542.1197660648498	0.5	epochs	-1.0
542.6197600648499	1.0	epochs	1.0
543.6197600648499	1.047019999999975	epochs	1.0
544.1197657648498	0.5	epochs	-1.0
544.6667800648498	2.9529600000000755	epochs	0.0
547.3529996871948	0.21276000000000295	epochs	0.0
547.3529996871948	0.1013801000000285	epochs	1.0
547.4543797871949	0.009999799999945935	epochs	1.0
547.4643795871948	0.1013801000000285	epochs	1.0
547.5657596871948	2.52679999999998	epochs	0.0
547.5657596871948	0.5	epochs	1.0
547.5657656871948	0.5	epochs	-1.0
548.0657596871948	1.0	epochs	1.0
549.0657596871948	1.0267999999999802	epochs	1.0
549.5657654871949	0.5	epochs	-1.0
550.0925596871948	2.9731800000000703	epochs	0.0
552.3919997215271	0.21276000000000295	epochs	0.0
552.3919997215271	0.1013801000000285	epochs	1.0
552.4933798215271	0.009999799999945935	epochs	1.0
552.5033796215271	0.1013801000000285	epochs	1.0
552.6047597215271	2.5064200000000483	epochs	0.0
552.6047597215271	0.5	epochs	1.0
552.6047657215271	0.5	epochs	-1.0
553.1047597215271	1.0	epochs	1.0
554.1047597215271	1.0064200000000483	epochs	1.0
554.6047655215272	0.5	epochs	-1.0
555.1111797215272	2.993560000000002	epochs	0.0
557.4119997024536	0.21276000000000295	epochs	0.0
557.4119997024536	0.1013801000000285	epochs	1.0
557.5133798024536	0.009999799999945935	epochs	1.0
557.5233796024536	0.1013801000000285	epochs	1.0
557.6247597024536	2.5474199999999882	epochs	0.0
557.6247597024536	0.5	epochs	1.0
557.6247657024536	0.5	epochs	-1.0
558.1247597024536	1.0	epochs	1.0
559.1247597024536	1.0474199999999882	epochs	1.0
559.6247657024536	0.5	epochs	-1.0
560.1721797024536	3.9525600000000622	epochs	0.0
560.5049996376038	0.21276000000000295	epochs	0.0
560.5049996376038	0.1013801000000285	epochs	1.0
560.6063797376038	0.009999799999945935	epochs	1.0
560.6163795376037	0.1013801000000285	epochs	1.0
560.7177596376038	0.5275799999999435	epochs	0.0
560.7177596376038	0.5	epochs	1.0
560.7177656376037	0.5	epochs	-1.0
561.2177596376038	0.02757999999994354	epochs	1.0
561.2453396376037	5.972400000000107	epochs	0.0
561.5239996910095	0.21276000000000295	epochs	0.0
561.5239996910095	0.1013801000000285	epochs	1.0
561.6253797910095	0.009999799999945935	epochs	1.0
561.6353795910095	0.1013801000000285	epochs	1.0
561.7367596910095	6.4999800000000505	epochs	0.0
561.7367596910095	0.5	epochs	1.0
561.7367656910095	0.5	epochs	-1.0
562.2367596910095	1.0	epochs	1.0
563.2367596910095	4.9999800000000505	epochs	1.0
563.7367656910095	0.5	epochs	-1.0
564.2367656910095	0.5	epochs	-1.0
564.7367656910095	0.5	epochs	-1.0
565.2367656910095	0.5	epochs	-1.0
565.7367656910095	0.5	epochs	-1.0
566.2367656910095	0.5	epochs	-1.0
566.7367656910095	0.5	epochs	-1.0
567.2367656910095	0.5	epochs	-1.0
568.6409997940063	0.21276000000000295	epochs	0.0
568.6409997940063	0.1013801000000285	epochs	1.0
568.7423798940064	0.009999799999945935	epochs	1.0
568.7523796940063	0.1013801000000285	epochs	1.0
568.8537597940064	0.527339999999981	epochs	0.0
568.8537597940064	0.5	epochs	1.0
568.8537657940063	0.5	epochs	-1.0
569.3537597940064	0.027339999999981046	epochs	1.0
569.3810997940063	5.9726400000000694	epochs	0.0
584.9019999504089	0.21276000000000295	epochs	0.0
584.9019999504089	0.1013801000000285	epochs	1.0
585.003380050409	0.009999799999945935	epochs	1.0
585.0133798504089	0.1013801000000285	epochs	1.0
585.1147599504089	0.5267199999999548	epochs	0.0
585.1147599504089	0.5	epochs	1.0
585.1147659504089	0.5	epochs	-1.0
585.6147599504089	0.02671999999995478	epochs	1.0
585.6414799504089	5.973260000000096	epochs	0.0
585.9259996414185	0.21276000000000295	epochs	0.0
585.9259996414185	0.1013801000000285	epochs	1.0
586.0273797414185	0.009999799999945935	epochs	1.0
586.0373795414184	0.1013801000000285	epochs	1.0
586.1387596414185	3.046860000000038	epochs	0.0
586.1387596414185	0.5	epochs	1.0
586.1387656414184	0.5	epochs	-1.0
586.6387596414185	1.0	epochs	1.0
587.6387596414185	1.5468600000000379	epochs	1.0
588.1387656414184	0.5	epochs	-1.0
588.6387656414184	0.5	epochs	-1.0
589.1856196414185	3.4531200000000126	epochs	0.0
589.543999671936	0.21276000000000295	epochs	0.0
589.543999671936	0.1013801000000285	epochs	1.0
589.6453797719361	0.009999799999945935	epochs	1.0
589.655379571936	0.1013801000000285	epochs	1.0
589.756759671936	3.007380000000012	epochs	0.0
589.756759671936	0.5	epochs	1.0
589.756765671936	0.5	epochs	-1.0
590.256759671936	1.0	epochs	1.0
591.256759671936	1.507380000000012	epochs	1.0
591.756765671936	0.5	epochs	-1.0
592.256765671936	0.5	epochs	-1.0
592.764139671936	3.4926000000000386	epochs	0.0
593.128999710083	0.21276000000000295	epochs	0.0
593.128999710083	0.1013801000000285	epochs	1.0
593.230379810083	0.009999799999945935	epochs	1.0
593.240379610083	0.1013801000000285	epochs	1.0
593.341759710083	3.0466199999999617	epochs	0.0
593.341759710083	0.5	epochs	1.0
593.341765710083	0.5	epochs	-1.0
593.841759710083	1.0	epochs	1.0
594.841759710083	1.5466199999999617	epochs	1.0
595.341765710083	0.5	epochs	-1.0
595.841765710083	0.5	epochs	-1.0
596.388379710083	3.453360000000089	epochs	0.0
596.7329998016357	0.21276000000000295	epochs	0.0
596.7329998016357	0.1013801000000285	epochs	1.0
596.8343799016358	0.009999799999945935	epochs	1.0
596.8443797016357	0.1013801000000285	epochs	1.0
596.9457598016357	3.0273600000000442	epochs	0.0
596.9457598016357	0.5	epochs	1.0
596.9457658016357	0.5	epochs	-1.0
597.4457598016357	1.0	epochs	1.0
598.4457598016357	1.5273600000000442	epochs	1.0
598.9457658016357	0.5	epochs	-1.0
599.4457658016357	0.5	epochs	-1.0
599.9731198016358	3.4726200000000063	epochs	0.0
600.3339996337891	0.21276000000000295	epochs	0.0
600.3339996337891	0.1013801000000285	epochs	1.0
600.4353797337891	0.009999799999945935	epochs	1.0
600.445379533789	0.1013801000000285	epochs	1.0
600.5467596337891	0.5263400000000047	epochs	0.0
600.5467596337891	0.5	epochs	1.0
600.546765633789	0.5	epochs	-1.0
601.0467596337891	0.026340000000004693	epochs	1.0
601.0730996337891	5.973640000000046	epochs	0.0
616.3829998970032	0.21276000000000295	epochs	0.0
616.3829998970032	0.1013801000000285	epochs	1.0
616.4843799970032	0.009999799999945935	epochs	1.0
616.4943797970031	0.1013801000000285	epochs	1.0
616.5957598970032	3.0071199999999862	epochs	0.0
616.5957598970032	0.5	epochs	1.0
616.5957658970032	0.5	epochs	-1.0
617.0957598970032	1.0	epochs	1.0
618.0957598970032	1.5071199999999862	epochs	1.0
618.5957658970032	0.5	epochs	-1.0
619.0957658970032	0.5	epochs	-1.0
619.6028798970032	3.4928600000000642	epochs	0.0
619.981999874115	0.15297999999995682	epochs	0.0
619.981999874115	0.049999999999954525	epochs	1.0
620.031999874115	0.0030000000000427463	epochs	1.0
620.034999874115	0.09997999999995955	epochs	1.0
620.5179996490479	0.15297999999995682	epochs	0.0
620.5179996490479	0.049999999999954525	epochs	1.0
620.5679996490478	0.0030000000000427463	epochs	1.0
620.5709996490478	0.09997999999995955	epochs	1.0
620.9849996566772	0.15297999999995682	epochs	0.0
620.9849996566772	0.049999999999954525	epochs	1.0
621.0349996566772	0.0030000000000427463	epochs	1.0
621.0379996566772	0.09997999999995955	epochs	1.0
621.5029997825623	0.15297999999995682	epochs	0.0
621.5029997825623	0.049999999999954525	epochs	1.0
621.5529997825622	0.0030000000000427463	epochs	1.0
621.5559997825623	0.09997999999995955	epochs	1.0
622.0009999275208	0.15297999999995682	epochs	0.0
622.0009999275208	0.049999999999954525	epochs	1.0
622.0509999275207	0.0030000000000427463	epochs	1.0
622.0539999275207	0.09997999999995955	epochs	1.0
622.548999786377	0.15297999999995682	epochs	0.0
622.548999786377	0.049999999999954525	epochs	1.0
622.5989997863769	0.0030000000000427463	epochs	1.0
622.601999786377	0.09997999999995955	epochs	1.0
623.0569996833801	0.15297999999995682	epochs	0.0
623.0569996833801	0.049999999999954525	epochs	1.0
623.1069996833801	0.0030000000000427463	epochs	1.0
623.1099996833801	0.09997999999995955	epochs	1.0
623.5829997062683	0.15297999999995682	epochs	0.0
623.5829997062683	0.049999999999954525	epochs	1.0
623.6329997062683	0.0030000000000427463	epochs	1.0
623.6359997062683	0.09997999999995955	epochs	1.0
624.0899996757507	0.15297999999995682	epochs	0.0
624.0899996757507	0.049999999999954525	epochs	1.0
624.1399996757507	0.0030000000000427463	epochs	1.0
624.1429996757507	0.09997999999995955	epochs	1.0
624.6339998245239	0.15297999999995682	epochs	0.0
624.6339998245239	0.049999999999954525	epochs	1.0
624.6839998245239	0.0030000000000427463	epochs	1.0
624.6869998245239	0.09997999999995955	epochs	1.0
625.164999961853	0.15297999999995682	epochs	0.0
625.164999961853	0.049999999999954525	epochs	1.0
625.214999961853	0.0030000000000427463	epochs	1.0
625.217999961853	0.09997999999995955	epochs	1.0
625.7399997711182	0.21276000000000295	epochs	0.0
625.7399997711182	0.1013801000000285	epochs	1.0
625.8413798711182	0.009999799999945935	epochs	1.0
625.8513796711181	0.1013801000000285	epochs	1.0
625.9527597711182	1.5271400000000313	epochs	0.0
625.9527597711182	0.5	epochs	1.0
625.9527657711182	0.5	epochs	-1.0
626.4527597711182	0.0030000000000427463	epochs	1.0
626.4557597711182	1.0241399999999885	epochs	1.0
626.9557657711182	0.5	epochs	-1.0
627.4798997711182	0.07583999999997104	epochs	0.0
628.0139999389648	0.21276000000000295	epochs	0.0
628.0139999389648	0.1013801000000285	epochs	1.0
628.1153800389649	0.009999799999945935	epochs	1.0
628.1253798389648	0.1013801000000285	epochs	1.0
628.2267599389648	1.5262599999999793	epochs	0.0
628.2267599389648	0.5	epochs	1.0
628.2267659389648	0.5	epochs	-1.0
628.7267599389648	0.0030000000000427463	epochs	1.0
628.7297599389649	1.0232599999999366	epochs	1.0
629.2297659389649	0.5	epochs	-1.0
629.7530199389648	0.07672000000002299	epochs	0.0
630.1489996910095	0.21276000000000295	epochs	0.0
630.1489996910095	0.1013801000000285	epochs	1.0
630.2503797910095	0.009999799999945935	epochs	1.0
630.2603795910095	0.1013801000000285	epochs	1.0
630.3617596910095	3.3465400000000045	epochs	0.0
630.3617596910095	0.5	epochs	1.0
630.3617656910095	0.5	epochs	-1.0
630.8617596910095	2.8465400000000045	epochs	1.0
632.7087196910095	0.9995800000000372	epochs	-1.0
632.7087196910095	0.0401800000000776	epochs	-1.0
633.2062055910095	0.5	epochs	-1.0
633.7082996910095	16.153440000000046	epochs	0.0
634.2569999694824	0.21276000000000295	epochs	0.0
634.2569999694824	0.1013801000000285	epochs	1.0
634.3583800694825	0.009999799999945935	epochs	1.0
634.3683798694824	0.1013801000000285	epochs	1.0
634.4697599694824	3.387899999999945	epochs	0.0
634.4697599694824	0.5	epochs	1.0
634.4697659694824	0.5	epochs	-1.0
634.9697599694824	2.887899999999945	epochs	1.0
636.8573199694824	1.0003399999999374	epochs	-1.0
636.8573199694824	0.039700000000038926	epochs	-1.0
637.3548058694824	0.5	epochs	-1.0
637.8576599694824	16.112080000000105	epochs	0.0
638.2119998931885	0.21276000000000295	epochs	0.0
638.2119998931885	0.1013801000000285	epochs	1.0
638.3133799931885	0.009999799999945935	epochs	1.0
638.3233797931885	0.1013801000000285	epochs	1.0
638.4247598931885	3.385919999999942	epochs	0.0
638.4247598931885	0.5	epochs	1.0
638.4247658931885	0.5	epochs	-1.0
638.9247598931885	2.885919999999942	epochs	1.0
640.8114598931885	0.999219999999923	epochs	-1.0
640.8114598931885	0.03905999999994947	epochs	-1.0
641.3089457931885	0.5	epochs	-1.0
641.8106798931884	16.11406000000011	epochs	0.0
662.7779998779297	0.21271999999999025	epochs	0.0
662.7779998779297	0.10136109999996279	epochs	1.0
662.8793609779297	0.009997800000064672	epochs	1.0
662.8893587779297	0.10136109999996279	epochs	1.0
662.9907998779297	2.0	epochs	0.0
664.9907658779297	0.5	epochs	-1.0
664.9907998779297	1.5057600000000093	epochs	0.0
664.9907998779297	1.0	epochs	1.0
665.4907658779297	1.0057940000000372	epochs	-1.0
665.9907998779297	0.5057600000000093	epochs	-1.0
665.9907998779297	0.5057600000000093	epochs	1.0
665.9907998779297	0.5057600000000093	epochs	2.0
665.9907998779297	0.5057600000000093	epochs	3.0
666.4965598779297	20.494159999999965	epochs	0.0
666.9429998397827	0.21271999999999025	epochs	0.0
666.9429998397827	0.10136109999996279	epochs	1.0
667.0443609397827	0.009997800000064672	epochs	1.0
667.0543587397827	0.10136109999996279	epochs	1.0
667.1557998397827	2.0	epochs	0.0
669.1557658397827	0.5	epochs	-1.0
669.1557998397827	1.606239999999957	epochs	0.0
669.1557998397827	1.0	epochs	1.0
669.6557658397827	1.1062739999999849	epochs	-1.0
670.1557998397827	0.606239999999957	epochs	-1.0
670.1557998397827	0.606239999999957	epochs	1.0
670.1557998397827	0.606239999999957	epochs	2.0
670.1557998397827	0.606239999999957	epochs	3.0
670.7620398397827	20.393680000000018	epochs	0.0
671.1159996986389	0.21271999999999025	epochs	0.0
671.1159996986389	0.10136109999996279	epochs	1.0
671.2173607986389	0.009997800000064672	epochs	1.0
671.227358598639	0.10136109999996279	epochs	1.0
671.3287996986389	2.0	epochs	0.0
673.3287656986389	0.5	epochs	-1.0
673.3287996986389	5.386079999999993	epochs	0.0
673.3287996986389	1.0	epochs	1.0
673.8287656986389	4.8861140000000205	epochs	-1.0
674.3287996986389	4.386079999999993	epochs	1.0
674.3287996986389	4.356753899999944	epochs	-1.0
674.3287996986389	1.9745871999999736	epochs	2.0
674.3287996986389	1.0985621999999466	epochs	3.0
675.4273618986389	0.8760250000000269	epochs	3.0
676.3033868986389	1.3524075000000266	epochs	2.0
676.3033868986389	0.7286354999999958	epochs	3.0
677.0320223986389	0.6237720000000309	epochs	3.0
677.6557943986389	1.029759199999944	epochs	2.0
677.6557943986389	0.5453292999999348	epochs	3.0
678.2011236986389	0.4844299000000092	epochs	3.0
678.6855535986389	0.029326100000048427	epochs	2.0
678.6855535986389	0.029326100000048427	epochs	3.0
678.7148796986389	16.613839999999982	epochs	0.0
679.1489996910095	0.21271999999999025	epochs	0.0
679.1489996910095	0.10136109999996279	epochs	1.0
679.2503607910095	0.009997800000064672	epochs	1.0
679.2603585910095	0.10136109999996279	epochs	1.0
679.3617996910095	2.0	epochs	0.0
681.3617656910095	0.5	epochs	-1.0
681.3617996910095	21.526560000000018	epochs	0.0
681.3617996910095	1.0	epochs	1.0
681.8617656910095	19.998320000000035	epochs	-1.0
682.3617996910095	20.0	epochs	1.0
682.3617996910095	4.356753899999944	epochs	-1.0
682.3617996910095	1.9745871999999736	epochs	2.0
682.3617996910095	1.0985621999999466	epochs	3.0
683.4603618910095	0.8760250000000269	epochs	3.0
684.3363868910095	1.3524075000000266	epochs	2.0
684.3363868910095	0.7286354999999958	epochs	3.0
685.0650223910095	0.6237720000000309	epochs	3.0
685.6887943910095	1.029759199999944	epochs	2.0
685.6887943910095	0.5453292999999348	epochs	3.0
686.2341236910095	0.4844299000000092	epochs	3.0
686.7185535910095	0.8317862000000105	epochs	2.0
686.7185535910095	0.4357763000000432	epochs	3.0
687.1543298910095	0.3960098999999673	epochs	3.0
687.5503397910095	0.6977970000000369	epochs	2.0
687.5503397910095	0.3628982000000178	epochs	3.0
687.9132379910095	0.33489880000001904	epochs	3.0
688.2481367910095	0.601045699999986	epochs	2.0
688.2481367910095	0.3109123000000409	epochs	3.0
688.5590490910096	0.29013339999994514	epochs	3.0
688.8491824910095	0.5278859000000011	epochs	2.0
688.8491824910095	0.2719586000000618	epochs	3.0
689.1211410910096	0.25592729999993935	epochs	3.0
689.3770683910095	0.470619299999953	epochs	2.0
689.3770683910095	0.241681299999982	epochs	3.0
689.6187496910095	0.228937999999971	epochs	3.0
689.8476876910095	0.42457040000010693	epochs	2.0
689.8476876910095	0.21747140000002219	epochs	3.0
690.0651590910095	0.20709900000008474	epochs	3.0
690.2722580910096	0.3867353999999068	epochs	2.0
690.2722580910096	0.19767109999997956	epochs	3.0
690.4699291910096	0.18906429999992724	epochs	3.0
690.6589934910095	0.3550953000000163	epochs	2.0
690.6589934910095	0.18117590000008477	epochs	3.0
690.8401693910096	0.17391939999993156	epochs	3.0
691.0140887910095	0.3282431000000088	epochs	2.0
691.0140887910095	0.1672219000000723	epochs	3.0
691.1813106910096	0.16102119999993647	epochs	3.0
691.3423318910095	0.30516799999998057	epochs	2.0
691.3423318910095	0.15526390000002266	epochs	3.0
691.4975957910095	0.1499040999999579	epochs	3.0
691.6474998910095	0.28512530000000424	epochs	2.0
691.6474998910095	0.1449021000000812	epochs	3.0
691.7924019910096	0.14022319999992305	epochs	3.0
691.9326251910095	0.2675537999999733	epochs	2.0
691.9326251910095	0.1358369000000721	epochs	3.0
692.0684620910096	0.13171689999990122	epochs	3.0
692.2001789910095	0.2520229000000427	epochs	2.0
692.2001789910095	0.1278393000000051	epochs	3.0
692.3280182910095	0.12418360000003759	epochs	3.0
692.4522018910095	0.23819649999995818	epochs	2.0
692.4522018910095	0.12073110000005727	epochs	3.0
692.5729329910096	0.11746539999990091	epochs	3.0
692.6903983910095	0.2258088000000953	epochs	2.0
692.6903983910095	0.11437190000003739	epochs	3.0
692.8047702910095	0.1114369000000579	epochs	3.0
692.9162071910096	0.21464599999990241	epochs	2.0
692.9162071910096	0.10864889999993466	epochs	3.0
693.0248560910095	0.10599709999996776	epochs	3.0
693.1308531910095	0.20453500000007807	epochs	2.0
693.1308531910095	0.10347150000006877	epochs	3.0
693.2343246910095	0.1010635000000093	epochs	3.0
693.3353881910095	0.19533400000000256	epochs	2.0
693.3353881910095	0.09876509999992322	epochs	3.0
693.4341532910095	0.09656890000007934	epochs	3.0
693.5307221910095	0.18692529999998442	epochs	2.0
693.5307221910095	0.09446830000001682	epochs	3.0
693.6251904910096	0.09245699999996759	epochs	3.0
693.7176474910095	0.17921069999999872	epochs	2.0
693.7176474910095	0.09052959999996801	epochs	3.0
693.8081770910095	0.08868110000003071	epochs	3.0
693.8968581910095	0.17210769999996955	epochs	2.0
693.8968581910095	0.08690630000000965	epochs	3.0
693.9837644910095	0.0852013999999599	epochs	3.0
694.0689658910095	0.16554640000003928	epochs	2.0
694.0689658910095	0.08356190000006336	epochs	3.0
694.1525277910096	0.08198449999997592	epochs	3.0
694.2345122910095	0.15946710000002895	epochs	2.0
694.2345122910095	0.08046539999998004	epochs	3.0
694.3149776910095	0.07900170000004891	epochs	3.0
694.3939793910096	0.15381839999997737	epochs	2.0
694.3939793910096	0.07759009999995214	epochs	3.0
694.4715694910095	0.07622830000002523	epochs	3.0
694.5477977910095	0.14855639999996129	epochs	2.0
694.5477977910095	0.07491329999993468	epochs	3.0
694.6227110910095	0.0736431000000266	epochs	3.0
694.6963541910095	0.14364239999997608	epochs	2.0
694.6963541910095	0.07241499999997814	epochs	3.0
694.7687691910095	0.07122739999999794	epochs	3.0
694.8399965910095	0.13904310000009446	epochs	2.0
694.8399965910095	0.07007800000008046	epochs	3.0
694.9100745910096	0.06896510000001399	epochs	3.0
694.9790396910096	0.13472929999988992	epochs	2.0
694.9790396910096	0.06788709999989351	epochs	3.0
695.0469267910095	0.06684219999999641	epochs	3.0
695.1137689910095	0.1306752000000415	epochs	2.0
695.1137689910095	0.06582910000008724	epochs	3.0
695.1795980910096	0.06484609999995428	epochs	3.0
695.2444441910095	0.12685780000003888	epochs	2.0
695.2444441910095	0.06389200000000983	epochs	3.0
695.3083361910095	0.06296580000002905	epochs	3.0
695.3713019910095	0.12325720000001184	epochs	2.0
695.3713019910095	0.06206580000002759	epochs	3.0
695.4333677910096	0.06119139999998424	epochs	3.0
695.4945591910096	0.11985540000000583	epochs	2.0
695.4945591910096	0.060341099999959624	epochs	3.0
695.5549002910095	0.059514300000046205	epochs	3.0
695.6144145910096	0.1166361999999026	epochs	2.0
695.6144145910096	0.058709599999929196	epochs	3.0
695.6731241910095	0.057926599999973405	epochs	3.0
695.7310507910095	0.11358560000007856	epochs	2.0
695.7310507910095	0.05716420000010203	epochs	3.0
695.7882149910096	0.05642139999997653	epochs	3.0
695.8446363910095	0.11069049999991876	epochs	2.0
695.8446363910095	0.05569789999992736	epochs	3.0
695.9003342910095	0.0549925999999914	epochs	3.0
695.9553268910095	0.1079391000000669	epochs	2.0
695.9553268910095	0.05430490000003374	epochs	3.0
696.0096317910095	0.05363420000003316	epochs	3.0
696.0632659910095	0.10532149999994544	epochs	2.0
696.0632659910095	0.05297999999993408	epochs	3.0
696.1162459910095	0.052341500000011365	epochs	3.0
696.1685874910095	0.10282760000006874	epochs	2.0
696.1685874910095	0.05171810000001642	epochs	3.0
696.2203055910095	0.05110950000005232	epochs	3.0
696.2714150910095	0.10044909999999163	epochs	2.0
696.2714150910095	0.05051489999993919	epochs	3.0
696.3219299910095	0.04993420000005244	epochs	3.0
696.3718641910095	0.0981782999999723	epochs	2.0
696.3718641910095	0.04936659999998483	epochs	3.0
696.4212307910095	0.04881169999998747	epochs	3.0
696.4700424910095	0.09600780000005216	epochs	2.0
696.4700424910095	0.04826920000004975	epochs	3.0
696.5183116910096	0.04773860000000241	epochs	3.0
696.5660502910096	0.09393119999992905	epochs	2.0
696.5660502910096	0.04721949999998287	epochs	3.0
696.6132697910095	0.04671169999994618	epochs	3.0
696.6599814910095	0.09194260000003851	epochs	2.0
696.6599814910095	0.046214599999984785	epochs	3.0
696.7061960910095	0.045728000000053726	epochs	3.0
696.7519240910095	0.09003629999995155	epochs	2.0
696.7519240910095	0.045251499999949374	epochs	3.0
696.7971755910095	0.04478480000000218	epochs	3.0
696.8419603910095	0.08820760000003247	epochs	2.0
696.8419603910095	0.044327800000019124	epochs	3.0
696.8862881910095	0.04387980000001335	epochs	3.0
696.9301679910095	0.0864516999999978	epochs	2.0
696.9301679910095	0.04344100000002982	epochs	3.0
696.9736089910095	0.04301069999996798	epochs	3.0
697.0166196910095	0.08476429999996071	epochs	2.0
697.0166196910095	0.04258900000002086	epochs	3.0
697.0592086910095	0.04217529999993985	epochs	3.0
697.1013839910095	0.08314150000001064	epochs	2.0
697.1013839910095	0.04176970000003166	epochs	3.0
697.1431536910095	0.041371799999978975	epochs	3.0
697.1845254910095	0.08157970000002024	epochs	2.0
697.1845254910095	0.04098140000007788	epochs	3.0
697.2255068910096	0.040598299999942355	epochs	3.0
697.2661051910095	0.08007550000002084	epochs	2.0
697.2661051910095	0.04022229999998217	epochs	3.0
697.3063274910095	0.03985320000003867	epochs	3.0
697.3461806910095	0.07862569999997504	epochs	2.0
697.3461806910095	0.0394907999999532	epochs	3.0
697.3856714910095	0.039134900000021844	epochs	3.0
697.4248063910095	0.07722760000001472	epochs	2.0
697.4248063910095	0.038785400000051595	epochs	3.0
697.4635917910095	0.03844219999996312	epochs	3.0
697.5020339910095	0.07587820000003376	epochs	2.0
697.5020339910095	0.038104800000041905	epochs	3.0
697.5401387910096	0.03777339999999185	epochs	3.0
697.5779121910095	0.0745752000000266	epochs	2.0
697.5779121910095	0.03744770000002973	epochs	3.0
697.6153598910096	0.03712749999999687	epochs	3.0
697.6524873910096	0.07331629999998768	epochs	2.0
697.6524873910096	0.036812899999972615	epochs	3.0
697.6893002910095	0.03650340000001506	epochs	3.0
697.7258036910096	0.07209899999998015	epochs	2.0
697.7258036910096	0.03619909999997617	epochs	3.0
697.7620027910095	0.03589990000000398	epochs	3.0
697.7979026910095	0.07092169999998532	epochs	2.0
697.7979026910095	0.03560559999993984	epochs	3.0
697.8335082910095	0.03531610000004548	epochs	3.0
697.8688243910095	0.06978200000003199	epochs	2.0
697.8688243910095	0.03503120000004856	epochs	3.0
697.9038555910096	0.03475079999998343	epochs	3.0
697.9386063910096	0.06867859999999837	epochs	2.0
697.9386063910096	0.03447510000000875	epochs	3.0
697.9730814910096	0.03420349999998962	epochs	3.0
698.0072849910096	0.06760929999995824	epochs	2.0
698.0072849910096	0.033936199999970995	epochs	3.0
698.0412211910095	0.033673099999987244	epochs	3.0
698.0748942910095	0.06657289999998284	epochs	2.0
698.0748942910095	0.03341399999999339	epochs	3.0
698.1083082910095	0.033158899999989444	epochs	3.0
698.1414671910095	0.06556780000005347	epochs	2.0
698.1414671910095	0.032907700000009754	epochs	3.0
698.1743748910095	0.03266010000004371	epochs	3.0
698.2070349910096	0.06459259999996902	epochs	2.0
698.2070349910096	0.032416399999988244	epochs	3.0
698.2394513910095	0.03217619999998078	epochs	3.0
698.2716275910095	0.0636459999999488	epochs	2.0
698.2716275910095	0.03193959999998697	epochs	3.0
698.3035671910095	0.03170639999996183	epochs	3.0
698.3352735910095	0.06272670000009839	epochs	2.0
698.3352735910095	0.03147660000001906	epochs	3.0
698.3667501910095	0.03125010000007933	epochs	3.0
698.3980002910096	0.06183359999999993	epochs	2.0
698.3980002910096	0.03102689999991526	epochs	3.0
698.4290271910095	0.030806700000084675	epochs	3.0
698.4598338910096	0.060965599999917686	epochs	2.0
698.4598338910096	0.030589799999916067	epochs	3.0
698.4904236910095	0.030375800000001618	epochs	3.0
698.5207994910095	0.06012160000000222	epochs	2.0
698.5207994910095	0.030164900000045236	epochs	3.0
698.5509643910095	0.02995669999995698	epochs	3.0
698.5809210910095	0.05930069999999432	epochs	2.0
698.5809210910095	0.029751600000054168	epochs	3.0
698.6106726910095	0.029549099999940154	epochs	3.0
698.6402217910095	0.05850180000004457	epochs	2.0
698.6402217910095	0.02934940000000097	epochs	3.0
698.6695711910095	0.0291524000000436	epochs	3.0
698.6987235910095	0.057724200000052406	epochs	2.0
698.6987235910095	0.028957999999988715	epochs	3.0
698.7276815910095	0.02876620000006369	epochs	3.0
698.7564477910096	0.05696709999995164	epochs	2.0
698.7564477910096	0.028576999999927466	epochs	3.0
698.7850247910095	0.028390100000024177	epochs	3.0
698.8134148910095	0.05622949999997218	epochs	2.0
698.8134148910095	0.028205699999944045	epochs	3.0
698.8416205910095	0.028023800000028132	epochs	3.0
698.8696443910095	0.05551070000001346	epochs	2.0
698.8696443910095	0.02784400000007281	epochs	3.0
698.8974883910096	0.027666699999940647	epochs	3.0
698.9251550910095	0.054810200000019904	epochs	2.0
698.9251550910095	0.02749149999999645	epochs	3.0
698.9526465910095	0.027318700000023455	epochs	3.0
698.9799652910095	0.05412699999999404	epochs	2.0
698.9799652910095	0.027147799999966082	epochs	3.0
699.0071130910095	0.02697920000002796	epochs	3.0
699.0340922910095	0.053460699999959616	epochs	2.0
699.0340922910095	0.0268125999999711	epochs	3.0
699.0609048910095	0.026648099999988517	epochs	3.0
699.0875529910095	0.05281070000000909	epochs	2.0
699.0875529910095	0.026485600000000886	epochs	3.0
699.1140385910095	0.026325100000008206	epochs	3.0
699.1403636910095	0.05217620000007628	epochs	2.0
699.1403636910095	0.026166399999965506	epochs	3.0
699.1665300910095	0.026009800000110772	epochs	3.0
699.1925398910096	0.051556699999991906	epochs	2.0
699.1925398910096	0.025854799999933675	epochs	3.0
699.2183946910095	0.02570190000005823	epochs	3.0
699.2440965910096	0.05095189999997274	epochs	2.0
699.2440965910096	0.025550699999939752	epochs	3.0
699.2696472910095	0.025401200000032986	epochs	3.0
699.2950484910095	0.05036099999995258	epochs	2.0
699.2950484910095	0.025253499999962514	epochs	3.0
699.3203019910095	0.02510749999999007	epochs	3.0
699.3454094910095	0.049783800000000156	epochs	2.0
699.3454094910095	0.02496320000000196	epochs	3.0
699.3703726910095	0.024820599999998194	epochs	3.0
699.3951932910095	0.049219500000049266	epochs	2.0
699.3951932910095	0.02467940000008184	epochs	3.0
699.4198726910096	0.024540099999967424	epochs	3.0
699.4444127910095	0.048667899999941255	epochs	2.0
699.4444127910095	0.02440209999997478	epochs	3.0
699.4688148910095	0.024265799999966475	epochs	3.0
699.4930806910095	0.04812860000004093	epochs	2.0
699.4930806910095	0.024131000000011227	epochs	3.0
699.5172116910095	0.023997600000029706	epochs	3.0
699.5412092910095	0.04760109999995166	epochs	2.0
699.5412092910095	0.023865799999953197	epochs	3.0
699.5650750910095	0.02373529999999846	epochs	3.0
699.5888103910095	0.047085000000038235	epochs	2.0
699.5888103910095	0.02360630000009678	epochs	3.0
699.6124166910096	0.023478699999941455	epochs	3.0
699.6358953910095	0.04658000000006268	epochs	2.0
699.6358953910095	0.02335249999998723	epochs	3.0
699.6592478910095	0.02322750000007545	epochs	3.0
699.6824753910096	0.04608569999993506	epochs	2.0
699.6824753910096	0.023103999999989355	epochs	3.0
699.7055793910096	0.022981699999945704	epochs	3.0
699.7285610910095	0.045601799999985815	epochs	2.0
699.7285610910095	0.022860700000023826	epochs	3.0
699.7514217910095	0.02274109999996199	epochs	3.0
699.7741628910095	0.04512790000001132	epochs	2.0
699.7741628910095	0.022622500000011314	epochs	3.0
699.7967853910095	0.02250540000000001	epochs	3.0
699.8192907910095	0.044663799999966614	epochs	2.0
699.8192907910095	0.02238929999998618	epochs	3.0
699.8416800910095	0.022274499999980435	epochs	3.0
699.8639545910095	0.04420920000006845	epochs	2.0
699.8639545910095	0.022160800000051495	epochs	3.0
699.8861153910095	0.022048400000016954	epochs	3.0
699.9081637910095	0.043763600000033875	epochs	2.0
699.9081637910095	0.021936900000014248	epochs	3.0
699.9301006910096	0.021826700000019628	epochs	3.0
699.9519273910096	0.04332709999994222	epochs	2.0
699.9519273910096	0.021717599999988124	epochs	3.0
699.9736449910096	0.021609499999954096	epochs	3.0
699.9952544910095	0.04289900000003399	epochs	2.0
699.9952544910095	0.02150249999999687	epochs	3.0
700.0167569910095	0.021396500000037122	epochs	3.0
700.0381534910096	0.042479500000013104	epochs	2.0
700.0381534910096	0.02129170000000613	epochs	3.0
700.0594451910096	0.021187800000006973	epochs	3.0
700.0806329910096	0.042067900000006375	epochs	2.0
700.0806329910096	0.02108490000000529	epochs	3.0
700.1017178910096	0.020983000000001084	epochs	3.0
700.1227008910096	0.04166439999994509	epochs	2.0
700.1227008910096	0.020882199999959994	epochs	3.0
700.1435830910095	0.020782199999985096	epochs	3.0
700.1643652910095	0.04126850000000104	epochs	2.0
700.1643652910095	0.020683299999973315	epochs	3.0
700.1850485910095	0.020585200000027726	epochs	3.0
700.2056337910095	0.04088000000001557	epochs	2.0
700.2056337910095	0.020488099999965925	epochs	3.0
700.2261218910095	0.020391900000049645	epochs	3.0
700.2465137910095	0.04049880000002304	epochs	2.0
700.2465137910095	0.020296599999937825	epochs	3.0
700.2668103910095	0.020202200000085213	epochs	3.0
700.2870125910096	0.04012460000001283	epochs	2.0
700.2870125910096	0.020108699999923374	epochs	3.0
700.3071212910095	0.02001590000008946	epochs	3.0
700.3271371910096	0.039757299999905626	epochs	2.0
700.3271371910096	0.019924199999991288	epochs	3.0
700.3470613910096	0.01983309999991434	epochs	3.0
700.3668944910095	0.03939669999999751	epochs	2.0
700.3668944910095	0.01974300000006224	epochs	3.0
700.3866374910095	0.01965369999993527	epochs	3.0
700.4062911910095	0.039042400000084854	epochs	2.0
700.4062911910095	0.01956510000002254	epochs	3.0
700.4258562910095	0.019477300000062314	epochs	3.0
700.4453335910096	0.03869459999998526	epochs	2.0
700.4453335910096	0.019390400000020236	epochs	3.0
700.4647239910096	0.01930419999996502	epochs	3.0
700.4840281910095	0.03835289999994984	epochs	2.0
700.4840281910095	0.019218799999976	epochs	3.0
700.5032469910095	0.01913409999997384	epochs	3.0
700.5223810910095	0.03801720000001296	epochs	2.0
700.5223810910095	0.019050200000037876	epochs	3.0
700.5414312910095	0.018966999999975087	epochs	3.0
700.5603982910095	0.037687200000050325	epochs	2.0
700.5603982910095	0.01888450000001285	epochs	3.0
700.5792827910095	0.018802700000037476	epochs	3.0
700.5980854910096	0.03736309999999321	epochs	2.0
700.5980854910096	0.018721700000014607	epochs	3.0
700.6168071910096	0.018641399999978603	epochs	3.0
700.6354485910095	0.03704429999993408	epochs	2.0
700.6354485910095	0.01856159999999818	epochs	3.0
700.6540101910095	0.018482699999935903	epochs	3.0
700.6724928910095	0.0367310000000316	epochs	2.0
700.6724928910095	0.018404300000042895	epochs	3.0
700.6908971910095	0.018326699999988705	epochs	3.0
700.7092238910095	0.036422900000047775	epochs	2.0
700.7092238910095	0.018249599999990096	epochs	3.0
700.7274734910095	0.01817330000005768	epochs	3.0
700.7456467910096	0.03612009999994825	epochs	2.0
700.7456467910096	0.01809759999991911	epochs	3.0
700.7637443910095	0.01802250000002914	epochs	3.0
700.7817668910095	0.03582210000001851	epochs	2.0
700.7817668910095	0.017947899999967376	epochs	3.0
700.7997147910095	0.017874200000051133	epochs	3.0
700.8175889910095	0.03552899999999681	epochs	2.0
700.8175889910095	0.017800800000031813	epochs	3.0
700.8353897910096	0.017728199999965	epochs	3.0
700.8531179910095	0.03524070000003121	epochs	2.0
700.8531179910095	0.017656099999953767	epochs	3.0
700.8707740910095	0.017584600000077444	epochs	3.0
700.8883586910096	0.03495709999992869	epochs	2.0
700.8883586910096	0.01751369999999497	epochs	3.0
700.9058723910096	0.017443399999933717	epochs	3.0
700.9233157910095	0.03467790000001969	epochs	2.0
700.9233157910095	0.017373600000041733	epochs	3.0
700.9406893910095	0.017304299999977957	epochs	3.0
700.9579936910095	0.03440330000000813	epochs	2.0
700.9579936910095	0.01723570000001473	epochs	3.0
700.9752293910095	0.0171675999999934	epochs	3.0
700.9923969910095	0.0341328000000658	epochs	2.0
700.9923969910095	0.017099900000062007	epochs	3.0
701.0094968910096	0.017032900000003792	epochs	3.0
701.0265297910096	0.033866699999975935	epochs	2.0
701.0265297910096	0.01696639999988747	epochs	3.0
701.0434961910095	0.016900300000088464	epochs	3.0
701.0603964910096	0.03360459999998966	epochs	2.0
701.0603964910096	0.01683479999996962	epochs	3.0
701.0772312910095	0.01676980000002004	epochs	3.0
701.0940010910095	0.033346599999958926	epochs	2.0
701.0940010910095	0.016705300000012357	epochs	3.0
701.1107063910096	0.01664129999994657	epochs	3.0
701.1273476910095	0.03309250000006614	epochs	2.0
701.1273476910095	0.016577800000050047	epochs	3.0
701.1439254910096	0.01651470000001609	epochs	3.0
701.1604401910096	0.03284229999997024	epochs	2.0
701.1604401910096	0.01645220000000336	epochs	3.0
701.1768923910096	0.01639009999996688	epochs	3.0
701.1932824910095	0.03259570000000167	epochs	2.0
701.1932824910095	0.016328400000020338	epochs	3.0
701.2096108910096	0.016267299999981333	epochs	3.0
701.2258781910095	0.032352899999978035	epochs	2.0
701.2258781910095	0.016206600000032267	epochs	3.0
701.2420847910096	0.016146299999945768	epochs	3.0
701.2582310910095	0.03211369999996805	epochs	2.0
701.2582310910095	0.016086599999994178	epochs	3.0
701.2743176910095	0.01602709999997387	epochs	3.0
701.2903447910095	0.03187800000000607	epochs	2.0
701.2903447910095	0.015968199999974786	epochs	3.0
701.3063129910095	0.015909800000031282	epochs	3.0
701.3222227910095	0.031645700000012766	epochs	2.0
701.3222227910095	0.01585160000001906	epochs	3.0
701.3380743910095	0.015794099999993705	epochs	3.0
701.3538684910095	0.0314167000000225	epochs	2.0
701.3538684910095	0.015736700000047676	epochs	3.0
701.3696051910096	0.015679999999974825	epochs	3.0
701.3852851910095	0.031191100000000915	epochs	2.0
701.3852851910095	0.015623600000026272	epochs	3.0
701.4009087910096	0.015567499999974643	epochs	3.0
701.4164762910095	0.030968700000016725	epochs	2.0
701.4164762910095	0.015511999999944237	epochs	3.0
701.4319882910095	0.015456700000072487	epochs	3.0
701.4474449910095	0.030749499999956242	epochs	2.0
701.4474449910095	0.015401999999994587	epochs	3.0
701.4628469910095	0.015347499999961656	epochs	3.0
701.4781944910095	0.03053320000003623	epochs	2.0
701.4781944910095	0.015293400000018664	epochs	3.0
701.4934878910095	0.015239800000017567	epochs	3.0
701.5087276910095	0.03032010000003993	epochs	2.0
701.5087276910095	0.015186500000027081	epochs	3.0
701.5239141910096	0.015133600000012848	epochs	3.0
701.5390477910096	0.030109899999956724	epochs	2.0
701.5390477910096	0.015080999999895539	epochs	3.0
701.5541287910095	0.015028900000061185	epochs	3.0
701.5691576910095	0.029902499999934662	epochs	2.0
701.5691576910095	0.01497699999993074	epochs	3.0
701.5841346910095	0.014925500000003922	epochs	3.0
701.5990601910095	0.029698100000018712	epochs	2.0
701.5990601910095	0.014874400000053356	epochs	3.0
701.6139345910095	0.014823699999965356	epochs	3.0
701.6287582910095	0.02949630000000525	epochs	2.0
701.6287582910095	0.014773200000036013	epochs	3.0
701.6435314910095	0.014723099999969236	epochs	3.0
701.6582545910095	0.02929740000001857	epochs	2.0
701.6582545910095	0.014673399999992398	epochs	3.0
701.6729279910095	0.014624000000026172	epochs	3.0
701.6875519910095	0.029101100000048064	epochs	2.0
701.6875519910095	0.01457489999995687	epochs	3.0
701.7021268910095	0.014526200000091194	epochs	3.0
701.7166530910096	0.028907399999980044	epochs	2.0
701.7166530910096	0.014477699999929428	epochs	3.0
701.7311307910095	0.014429700000050616	epochs	3.0
701.7455604910095	0.028716199999962555	epochs	2.0
701.7455604910095	0.014381800000023759	epochs	3.0
701.7599422910096	0.014334399999938796	epochs	3.0
701.7742766910095	0.028527600000074926	epochs	2.0
701.7742766910095	0.01428720000001249	epochs	3.0
701.7885638910095	0.014240400000062436	epochs	3.0
701.8028042910096	0.028341399999931127	epochs	2.0
701.8028042910096	0.014193799999929979	epochs	3.0
701.8169980910095	0.014147600000001148	epochs	3.0
701.8311456910095	0.028157700000065233	epochs	2.0
701.8311456910095	0.014101699999969242	epochs	3.0
701.8452473910095	0.014056000000095992	epochs	3.0
701.8593033910096	0.027976299999977527	epochs	2.0
701.8593033910096	0.014010599999892293	epochs	3.0
701.8733139910095	0.013965700000085235	epochs	3.0
701.8872796910096	0.02779720000000907	epochs	2.0
701.8872796910096	0.013920799999937117	epochs	3.0
701.9012004910095	0.013876400000071953	epochs	3.0
701.9150768910096	0.027620399999932488	epochs	2.0
701.9150768910096	0.0138321999999107	epochs	3.0
701.9289090910095	0.013788200000021789	epochs	3.0
701.9426972910095	0.027445899999975154	epochs	2.0
701.9426972910095	0.013744599999995444	epochs	3.0
701.9564418910095	0.01370129999997971	epochs	3.0
701.9701431910095	0.0272735000000921	epochs	2.0
701.9701431910095	0.013658200000008947	epochs	3.0
701.9838013910095	0.013615300000083153	epochs	3.0
701.9974166910096	0.027103399999987232	epochs	2.0
701.9974166910096	0.013572799999906238	epochs	3.0
702.0109894910095	0.013530600000080995	epochs	3.0
702.0245200910095	0.02693520000002536	epochs	2.0
702.0245200910095	0.013488400000028378	epochs	3.0
702.0380084910096	0.013446799999996983	epochs	3.0
702.0514552910096	0.026769199999989723	epochs	2.0
702.0514552910096	0.013405199999965589	epochs	3.0
702.0648604910095	0.013364000000024134	epochs	3.0
702.0782244910096	0.026605199999949036	epochs	2.0
702.0782244910096	0.013322899999934634	epochs	3.0
702.0915473910095	0.013282300000014402	epochs	3.0
702.1048296910095	0.026443200000016986	epochs	2.0
702.1048296910095	0.013241699999980483	epochs	3.0
702.1180713910095	0.013201500000036503	epochs	3.0
702.1312728910095	0.0262831999999662	epochs	2.0
702.1312728910095	0.013161500000023807	epochs	3.0
702.1444343910096	0.013121699999942393	epochs	3.0
702.1575560910095	0.02612499999997908	epochs	2.0
702.1575560910095	0.013082100000019636	epochs	3.0
702.1706381910095	0.013042899999959445	epochs	3.0
702.1836810910095	0.025968900000066242	epochs	2.0
702.1836810910095	0.01300390000005791	epochs	3.0
702.1966849910095	0.012965000000008331	epochs	3.0
702.2096499910095	0.025814500000024054	epochs	2.0
702.2096499910095	0.012926399999969362	epochs	3.0
702.2225763910095	0.012888100000054692	epochs	3.0
702.2354644910096	0.025661899999931848	epochs	2.0
702.2354644910096	0.012849899999991976	epochs	3.0
702.2483143910096	0.012811999999939871	epochs	3.0
702.2611263910095	0.025511199999982637	epochs	2.0
702.2611263910095	0.012774400000012065	epochs	3.0
702.2739007910095	0.012736799999970572	epochs	3.0
702.2866375910095	0.025362299999983406	epochs	2.0
702.2866375910095	0.012699700000098346	epochs	3.0
702.2993372910096	0.01266259999988506	epochs	3.0
702.3119998910095	0.025215000000002874	epochs	2.0
702.3119998910095	0.012625800000023446	epochs	3.0
702.3246256910095	0.012589199999979428	epochs	3.0
702.3372148910095	0.024584800000070572	epochs	2.0
702.3600856910095	0.5	epochs	-1.0
702.3617996910095	0.5265600000000177	epochs	1.0
702.8883596910096	0.4733599999999569	epochs	0.0
703.4279999732971	0.21271999999999025	epochs	0.0
703.4279999732971	0.10136109999996279	epochs	1.0
703.5293610732971	0.009997800000064672	epochs	1.0
703.5393588732971	0.10136109999996279	epochs	1.0
703.6407999732971	2.0	epochs	0.0
705.6407659732971	0.5	epochs	-1.0
705.6407999732971	2.7659199999999373	epochs	0.0
705.6407999732971	1.0	epochs	1.0
706.1407659732971	2.265953999999965	epochs	-1.0
706.6407999732971	1.7659199999999373	epochs	-1.0
706.6407999732971	1.7659199999999373	epochs	1.0
706.6407999732971	1.7659199999999373	epochs	2.0
706.6407999732971	1.0985621999999466	epochs	3.0
707.7393621732971	0.6673577999999907	epochs	3.0
708.4067199732971	19.234000000000037	epochs	0.0
708.7760000228882	0.21271999999999025	epochs	0.0
708.7760000228882	0.10136109999996279	epochs	1.0
708.8773611228881	0.009997800000064672	epochs	1.0
708.8873589228882	0.10136109999996279	epochs	1.0
708.9888000228882	2.0	epochs	0.0
710.9887660228882	0.5	epochs	-1.0
710.9888000228882	21.526479999999992	epochs	0.0
710.9888000228882	1.0	epochs	1.0
711.4887660228882	19.998159999999984	epochs	-1.0
711.9888000228882	20.0	epochs	1.0
711.9888000228882	4.356753899999944	epochs	-1.0
711.9888000228882	1.9745871999999736	epochs	2.0
711.9888000228882	1.0985621999999466	epochs	3.0
713.0873622228881	0.8760250000000269	epochs	3.0
713.9633872228882	1.3524075000000266	epochs	2.0
713.9633872228882	0.7286354999999958	epochs	3.0
714.6920227228882	0.6237720000000309	epochs	3.0
715.3157947228882	1.029759199999944	epochs	2.0
715.3157947228882	0.5453292999999348	epochs	3.0
715.8611240228881	0.4844299000000092	epochs	3.0
716.3455539228881	0.8317862000000105	epochs	2.0
716.3455539228881	0.4357763000000432	epochs	3.0
716.7813302228882	0.3960098999999673	epochs	3.0
717.1773401228882	0.6977970000000369	epochs	2.0
717.1773401228882	0.3628982000000178	epochs	3.0
717.5402383228882	0.33489880000001904	epochs	3.0
717.8751371228882	0.601045699999986	epochs	2.0
717.8751371228882	0.3109123000000409	epochs	3.0
718.1860494228882	0.29013339999994514	epochs	3.0
718.4761828228882	0.5278859000000011	epochs	2.0
718.4761828228882	0.2719586000000618	epochs	3.0
718.7481414228882	0.25592729999993935	epochs	3.0
719.0040687228882	0.470619299999953	epochs	2.0
719.0040687228882	0.241681299999982	epochs	3.0
719.2457500228882	0.228937999999971	epochs	3.0
719.4746880228881	0.42457040000010693	epochs	2.0
719.4746880228881	0.21747140000002219	epochs	3.0
719.6921594228882	0.20709900000008474	epochs	3.0
719.8992584228882	0.3867353999999068	epochs	2.0
719.8992584228882	0.19767109999997956	epochs	3.0
720.0969295228882	0.18906429999992724	epochs	3.0
720.2859938228881	0.3550953000000163	epochs	2.0
720.2859938228881	0.18117590000008477	epochs	3.0
720.4671697228882	0.17391939999993156	epochs	3.0
720.6410891228882	0.3282431000000088	epochs	2.0
720.6410891228882	0.1672219000000723	epochs	3.0
720.8083110228882	0.16102119999993647	epochs	3.0
720.9693322228882	0.30516799999998057	epochs	2.0
720.9693322228882	0.15526390000002266	epochs	3.0
721.1245961228882	0.1499040999999579	epochs	3.0
721.2745002228882	0.28512530000000424	epochs	2.0
721.2745002228882	0.1449021000000812	epochs	3.0
721.4194023228882	0.14022319999992305	epochs	3.0
721.5596255228882	0.2675537999999733	epochs	2.0
721.5596255228882	0.1358369000000721	epochs	3.0
721.6954624228882	0.13171689999990122	epochs	3.0
721.8271793228881	0.2520229000000427	epochs	2.0
721.8271793228881	0.1278393000000051	epochs	3.0
721.9550186228881	0.12418360000003759	epochs	3.0
722.0792022228882	0.23819649999995818	epochs	2.0
722.0792022228882	0.12073110000005727	epochs	3.0
722.1999333228882	0.11746539999990091	epochs	3.0
722.3173987228881	0.2258088000000953	epochs	2.0
722.3173987228881	0.11437190000003739	epochs	3.0
722.4317706228882	0.1114369000000579	epochs	3.0
722.5432075228882	0.21464599999990241	epochs	2.0
722.5432075228882	0.10864889999993466	epochs	3.0
722.6518564228882	0.10599709999996776	epochs	3.0
722.7578535228881	0.20453500000007807	epochs	2.0
722.7578535228881	0.10347150000006877	epochs	3.0
722.8613250228882	0.1010635000000093	epochs	3.0
722.9623885228882	0.19533400000000256	epochs	2.0
722.9623885228882	0.09876509999992322	epochs	3.0
723.0611536228881	0.09656890000007934	epochs	3.0
723.1577225228882	0.18692529999998442	epochs	2.0
723.1577225228882	0.09446830000001682	epochs	3.0
723.2521908228882	0.09245699999996759	epochs	3.0
723.3446478228882	0.17921069999999872	epochs	2.0
723.3446478228882	0.09052959999996801	epochs	3.0
723.4351774228882	0.08868110000003071	epochs	3.0
723.5238585228882	0.17210769999996955	epochs	2.0
723.5238585228882	0.08690630000000965	epochs	3.0
723.6107648228882	0.0852013999999599	epochs	3.0
723.6959662228882	0.16554640000003928	epochs	2.0
723.6959662228882	0.08356190000006336	epochs	3.0
723.7795281228882	0.08198449999997592	epochs	3.0
723.8615126228882	0.15946710000002895	epochs	2.0
723.8615126228882	0.08046539999998004	epochs	3.0
723.9419780228882	0.07900170000004891	epochs	3.0
724.0209797228882	0.15381839999997737	epochs	2.0
724.0209797228882	0.07759009999995214	epochs	3.0
724.0985698228882	0.07622830000002523	epochs	3.0
724.1747981228882	0.14855639999996129	epochs	2.0
724.1747981228882	0.07491329999993468	epochs	3.0
724.2497114228881	0.0736431000000266	epochs	3.0
724.3233545228882	0.14364239999997608	epochs	2.0
724.3233545228882	0.07241499999997814	epochs	3.0
724.3957695228881	0.07122739999999794	epochs	3.0
724.4669969228881	0.13904310000009446	epochs	2.0
724.4669969228881	0.07007800000008046	epochs	3.0
724.5370749228882	0.06896510000001399	epochs	3.0
724.6060400228882	0.13472929999988992	epochs	2.0
724.6060400228882	0.06788709999989351	epochs	3.0
724.6739271228881	0.06684219999999641	epochs	3.0
724.7407693228881	0.1306752000000415	epochs	2.0
724.7407693228881	0.06582910000008724	epochs	3.0
724.8065984228882	0.06484609999995428	epochs	3.0
724.8714445228882	0.12685780000003888	epochs	2.0
724.8714445228882	0.06389200000000983	epochs	3.0
724.9353365228882	0.06296580000002905	epochs	3.0
724.9983023228882	0.12325720000001184	epochs	2.0
724.9983023228882	0.06206580000002759	epochs	3.0
725.0603681228882	0.06119139999998424	epochs	3.0
725.1215595228882	0.11985540000000583	epochs	2.0
725.1215595228882	0.060341099999959624	epochs	3.0
725.1819006228882	0.059514300000046205	epochs	3.0
725.2414149228882	0.1166361999999026	epochs	2.0
725.2414149228882	0.058709599999929196	epochs	3.0
725.3001245228882	0.057926599999973405	epochs	3.0
725.3580511228881	0.11358560000007856	epochs	2.0
725.3580511228881	0.05716420000010203	epochs	3.0
725.4152153228882	0.05642139999997653	epochs	3.0
725.4716367228882	0.11069049999991876	epochs	2.0
725.4716367228882	0.05569789999992736	epochs	3.0
725.5273346228881	0.0549925999999914	epochs	3.0
725.5823272228881	0.1079391000000669	epochs	2.0
725.5823272228881	0.05430490000003374	epochs	3.0
725.6366321228882	0.05363420000003316	epochs	3.0
725.6902663228882	0.10532149999994544	epochs	2.0
725.6902663228882	0.05297999999993408	epochs	3.0
725.7432463228881	0.052341500000011365	epochs	3.0
725.7955878228881	0.10282760000006874	epochs	2.0
725.7955878228881	0.05171810000001642	epochs	3.0
725.8473059228882	0.05110950000005232	epochs	3.0
725.8984154228882	0.10044909999999163	epochs	2.0
725.8984154228882	0.05051489999993919	epochs	3.0
725.9489303228881	0.04993420000005244	epochs	3.0
725.9988645228882	0.0981782999999723	epochs	2.0
725.9988645228882	0.04936659999998483	epochs	3.0
726.0482311228882	0.04881169999998747	epochs	3.0
726.0970428228882	0.09600780000005216	epochs	2.0
726.0970428228882	0.04826920000004975	epochs	3.0
726.1453120228882	0.04773860000000241	epochs	3.0
726.1930506228882	0.09393119999992905	epochs	2.0
726.1930506228882	0.04721949999998287	epochs	3.0
726.2402701228882	0.04671169999994618	epochs	3.0
726.2869818228882	0.09194260000003851	epochs	2.0
726.2869818228882	0.046214599999984785	epochs	3.0
726.3331964228881	0.045728000000053726	epochs	3.0
726.3789244228882	0.09003629999995155	epochs	2.0
726.3789244228882	0.045251499999949374	epochs	3.0
726.4241759228881	0.04478480000000218	epochs	3.0
726.4689607228881	0.08820760000003247	epochs	2.0
726.4689607228881	0.044327800000019124	epochs	3.0
726.5132885228882	0.04387980000001335	epochs	3.0
726.5571683228882	0.0864516999999978	epochs	2.0
726.5571683228882	0.04344100000002982	epochs	3.0
726.6006093228882	0.04301069999996798	epochs	3.0
726.6436200228882	0.08476429999996071	epochs	2.0
726.6436200228882	0.04258900000002086	epochs	3.0
726.6862090228882	0.04217529999993985	epochs	3.0
726.7283843228881	0.08314150000001064	epochs	2.0
726.7283843228881	0.04176970000003166	epochs	3.0
726.7701540228882	0.041371799999978975	epochs	3.0
726.8115258228881	0.08157970000002024	epochs	2.0
726.8115258228881	0.04098140000007788	epochs	3.0
726.8525072228882	0.040598299999942355	epochs	3.0
726.8931055228882	0.08007550000002084	epochs	2.0
726.8931055228882	0.04022229999998217	epochs	3.0
726.9333278228881	0.03985320000003867	epochs	3.0
726.9731810228882	0.07862569999997504	epochs	2.0
726.9731810228882	0.0394907999999532	epochs	3.0
727.0126718228881	0.039134900000021844	epochs	3.0
727.0518067228882	0.07722760000001472	epochs	2.0
727.0518067228882	0.038785400000051595	epochs	3.0
727.0905921228882	0.03844219999996312	epochs	3.0
727.1290343228882	0.07587820000003376	epochs	2.0
727.1290343228882	0.038104800000041905	epochs	3.0
727.1671391228882	0.03777339999999185	epochs	3.0
727.2049125228882	0.0745752000000266	epochs	2.0
727.2049125228882	0.03744770000002973	epochs	3.0
727.2423602228882	0.03712749999999687	epochs	3.0
727.2794877228882	0.07331629999998768	epochs	2.0
727.2794877228882	0.036812899999972615	epochs	3.0
727.3163006228882	0.03650340000001506	epochs	3.0
727.3528040228882	0.07209899999998015	epochs	2.0
727.3528040228882	0.03619909999997617	epochs	3.0
727.3890031228882	0.03589990000000398	epochs	3.0
727.4249030228882	0.07092169999998532	epochs	2.0
727.4249030228882	0.03560559999993984	epochs	3.0
727.4605086228881	0.03531610000004548	epochs	3.0
727.4958247228882	0.06978200000003199	epochs	2.0
727.4958247228882	0.03503120000004856	epochs	3.0
727.5308559228882	0.03475079999998343	epochs	3.0
727.5656067228882	0.06867859999999837	epochs	2.0
727.5656067228882	0.03447510000000875	epochs	3.0
727.6000818228882	0.03420349999998962	epochs	3.0
727.6342853228882	0.06760929999995824	epochs	2.0
727.6342853228882	0.033936199999970995	epochs	3.0
727.6682215228882	0.033673099999987244	epochs	3.0
727.7018946228882	0.06657289999998284	epochs	2.0
727.7018946228882	0.03341399999999339	epochs	3.0
727.7353086228882	0.033158899999989444	epochs	3.0
727.7684675228882	0.06556780000005347	epochs	2.0
727.7684675228882	0.032907700000009754	epochs	3.0
727.8013752228882	0.03266010000004371	epochs	3.0
727.8340353228882	0.06459259999996902	epochs	2.0
727.8340353228882	0.032416399999988244	epochs	3.0
727.8664517228882	0.03217619999998078	epochs	3.0
727.8986279228882	0.0636459999999488	epochs	2.0
727.8986279228882	0.03193959999998697	epochs	3.0
727.9305675228882	0.03170639999996183	epochs	3.0
727.9622739228881	0.06272670000009839	epochs	2.0
727.9622739228881	0.03147660000001906	epochs	3.0
727.9937505228881	0.03125010000007933	epochs	3.0
728.0250006228882	0.06183359999999993	epochs	2.0
728.0250006228882	0.03102689999991526	epochs	3.0
728.0560275228881	0.030806700000084675	epochs	3.0
728.0868342228882	0.060965599999917686	epochs	2.0
728.0868342228882	0.030589799999916067	epochs	3.0
728.1174240228881	0.030375800000001618	epochs	3.0
728.1477998228881	0.06012160000000222	epochs	2.0
728.1477998228881	0.030164900000045236	epochs	3.0
728.1779647228882	0.02995669999995698	epochs	3.0
728.2079214228881	0.05930069999999432	epochs	2.0
728.2079214228881	0.029751600000054168	epochs	3.0
728.2376730228882	0.029549099999940154	epochs	3.0
728.2672221228881	0.05850180000004457	epochs	2.0
728.2672221228881	0.02934940000000097	epochs	3.0
728.2965715228881	0.0291524000000436	epochs	3.0
728.3257239228882	0.057724200000052406	epochs	2.0
728.3257239228882	0.028957999999988715	epochs	3.0
728.3546819228882	0.02876620000006369	epochs	3.0
728.3834481228882	0.05696709999995164	epochs	2.0
728.3834481228882	0.028576999999927466	epochs	3.0
728.4120251228882	0.028390100000024177	epochs	3.0
728.4404152228882	0.05622949999997218	epochs	2.0
728.4404152228882	0.028205699999944045	epochs	3.0
728.4686209228881	0.028023800000028132	epochs	3.0
728.4966447228882	0.05551070000001346	epochs	2.0
728.4966447228882	0.02784400000007281	epochs	3.0
728.5244887228882	0.027666699999940647	epochs	3.0
728.5521554228882	0.054810200000019904	epochs	2.0
728.5521554228882	0.02749149999999645	epochs	3.0
728.5796469228882	0.027318700000023455	epochs	3.0
728.6069656228882	0.05412699999999404	epochs	2.0
728.6069656228882	0.027147799999966082	epochs	3.0
728.6341134228882	0.02697920000002796	epochs	3.0
728.6610926228882	0.053460699999959616	epochs	2.0
728.6610926228882	0.0268125999999711	epochs	3.0
728.6879052228882	0.026648099999988517	epochs	3.0
728.7145533228882	0.05281070000000909	epochs	2.0
728.7145533228882	0.026485600000000886	epochs	3.0
728.7410389228882	0.026325100000008206	epochs	3.0
728.7673640228882	0.05217620000007628	epochs	2.0
728.7673640228882	0.026166399999965506	epochs	3.0
728.7935304228881	0.026009800000110772	epochs	3.0
728.8195402228882	0.051556699999991906	epochs	2.0
728.8195402228882	0.025854799999933675	epochs	3.0
728.8453950228882	0.02570190000005823	epochs	3.0
728.8710969228882	0.05095189999997274	epochs	2.0
728.8710969228882	0.025550699999939752	epochs	3.0
728.8966476228882	0.025401200000032986	epochs	3.0
728.9220488228882	0.05036099999995258	epochs	2.0
728.9220488228882	0.025253499999962514	epochs	3.0
728.9473023228882	0.02510749999999007	epochs	3.0
728.9724098228882	0.049783800000000156	epochs	2.0
728.9724098228882	0.02496320000000196	epochs	3.0
728.9973730228882	0.024820599999998194	epochs	3.0
729.0221936228882	0.049219500000049266	epochs	2.0
729.0221936228882	0.02467940000008184	epochs	3.0
729.0468730228882	0.024540099999967424	epochs	3.0
729.0714131228882	0.048667899999941255	epochs	2.0
729.0714131228882	0.02440209999997478	epochs	3.0
729.0958152228882	0.024265799999966475	epochs	3.0
729.1200810228881	0.04812860000004093	epochs	2.0
729.1200810228881	0.024131000000011227	epochs	3.0
729.1442120228882	0.023997600000029706	epochs	3.0
729.1682096228882	0.04760109999995166	epochs	2.0
729.1682096228882	0.023865799999953197	epochs	3.0
729.1920754228881	0.02373529999999846	epochs	3.0
729.2158107228881	0.047085000000038235	epochs	2.0
729.2158107228881	0.02360630000009678	epochs	3.0
729.2394170228882	0.023478699999941455	epochs	3.0
729.2628957228882	0.04658000000006268	epochs	2.0
729.2628957228882	0.02335249999998723	epochs	3.0
729.2862482228882	0.02322750000007545	epochs	3.0
729.3094757228882	0.04608569999993506	epochs	2.0
729.3094757228882	0.023103999999989355	epochs	3.0
729.3325797228882	0.022981699999945704	epochs	3.0
729.3555614228882	0.045601799999985815	epochs	2.0
729.3555614228882	0.022860700000023826	epochs	3.0
729.3784221228882	0.02274109999996199	epochs	3.0
729.4011632228882	0.04512790000001132	epochs	2.0
729.4011632228882	0.022622500000011314	epochs	3.0
729.4237857228882	0.02250540000000001	epochs	3.0
729.4462911228882	0.044663799999966614	epochs	2.0
729.4462911228882	0.02238929999998618	epochs	3.0
729.4686804228882	0.022274499999980435	epochs	3.0
729.4909549228881	0.04420920000006845	epochs	2.0
729.4909549228881	0.022160800000051495	epochs	3.0
729.5131157228882	0.022048400000016954	epochs	3.0
729.5351641228882	0.043763600000033875	epochs	2.0
729.5351641228882	0.021936900000014248	epochs	3.0
729.5571010228882	0.021826700000019628	epochs	3.0
729.5789277228882	0.04332709999994222	epochs	2.0
729.5789277228882	0.021717599999988124	epochs	3.0
729.6006453228882	0.021609499999954096	epochs	3.0
729.6222548228882	0.04289900000003399	epochs	2.0
729.6222548228882	0.02150249999999687	epochs	3.0
729.6437573228882	0.021396500000037122	epochs	3.0
729.6651538228882	0.042479500000013104	epochs	2.0
729.6651538228882	0.02129170000000613	epochs	3.0
729.6864455228882	0.021187800000006973	epochs	3.0
729.7076333228882	0.042067900000006375	epochs	2.0
729.7076333228882	0.02108490000000529	epochs	3.0
729.7287182228882	0.020983000000001084	epochs	3.0
729.7497012228882	0.04166439999994509	epochs	2.0
729.7497012228882	0.020882199999959994	epochs	3.0
729.7705834228882	0.020782199999985096	epochs	3.0
729.7913656228882	0.04126850000000104	epochs	2.0
729.7913656228882	0.020683299999973315	epochs	3.0
729.8120489228882	0.020585200000027726	epochs	3.0
729.8326341228882	0.04088000000001557	epochs	2.0
729.8326341228882	0.020488099999965925	epochs	3.0
729.8531222228881	0.020391900000049645	epochs	3.0
729.8735141228882	0.04049880000002304	epochs	2.0
729.8735141228882	0.020296599999937825	epochs	3.0
729.8938107228881	0.020202200000085213	epochs	3.0
729.9140129228882	0.04012460000001283	epochs	2.0
729.9140129228882	0.020108699999923374	epochs	3.0
729.9341216228881	0.02001590000008946	epochs	3.0
729.9541375228882	0.039757299999905626	epochs	2.0
729.9541375228882	0.019924199999991288	epochs	3.0
729.9740617228882	0.01983309999991434	epochs	3.0
729.9938948228881	0.03939669999999751	epochs	2.0
729.9938948228881	0.01974300000006224	epochs	3.0
730.0136378228882	0.01965369999993527	epochs	3.0
730.0332915228881	0.039042400000084854	epochs	2.0
730.0332915228881	0.01956510000002254	epochs	3.0
730.0528566228882	0.019477300000062314	epochs	3.0
730.0723339228882	0.03869459999998526	epochs	2.0
730.0723339228882	0.019390400000020236	epochs	3.0
730.0917243228882	0.01930419999996502	epochs	3.0
730.1110285228882	0.03835289999994984	epochs	2.0
730.1110285228882	0.019218799999976	epochs	3.0
730.1302473228882	0.01913409999997384	epochs	3.0
730.1493814228882	0.03801720000001296	epochs	2.0
730.1493814228882	0.019050200000037876	epochs	3.0
730.1684316228882	0.018966999999975087	epochs	3.0
730.1873986228882	0.037687200000050325	epochs	2.0
730.1873986228882	0.01888450000001285	epochs	3.0
730.2062831228882	0.018802700000037476	epochs	3.0
730.2250858228882	0.03736309999999321	epochs	2.0
730.2250858228882	0.018721700000014607	epochs	3.0
730.2438075228882	0.018641399999978603	epochs	3.0
730.2624489228882	0.03704429999993408	epochs	2.0
730.2624489228882	0.01856159999999818	epochs	3.0
730.2810105228882	0.018482699999935903	epochs	3.0
730.2994932228881	0.0367310000000316	epochs	2.0
730.2994932228881	0.018404300000042895	epochs	3.0
730.3178975228882	0.018326699999988705	epochs	3.0
730.3362242228882	0.036422900000047775	epochs	2.0
730.3362242228882	0.018249599999990096	epochs	3.0
730.3544738228882	0.01817330000005768	epochs	3.0
730.3726471228882	0.03612009999994825	epochs	2.0
730.3726471228882	0.01809759999991911	epochs	3.0
730.3907447228881	0.01802250000002914	epochs	3.0
730.4087672228882	0.03582210000001851	epochs	2.0
730.4087672228882	0.017947899999967376	epochs	3.0
730.4267151228881	0.017874200000051133	epochs	3.0
730.4445893228882	0.03552899999999681	epochs	2.0
730.4445893228882	0.017800800000031813	epochs	3.0
730.4623901228882	0.017728199999965	epochs	3.0
730.4801183228882	0.03524070000003121	epochs	2.0
730.4801183228882	0.017656099999953767	epochs	3.0
730.4977744228881	0.017584600000077444	epochs	3.0
730.5153590228882	0.03495709999992869	epochs	2.0
730.5153590228882	0.01751369999999497	epochs	3.0
730.5328727228882	0.017443399999933717	epochs	3.0
730.5503161228881	0.03467790000001969	epochs	2.0
730.5503161228881	0.017373600000041733	epochs	3.0
730.5676897228882	0.017304299999977957	epochs	3.0
730.5849940228882	0.03440330000000813	epochs	2.0
730.5849940228882	0.01723570000001473	epochs	3.0
730.6022297228882	0.0171675999999934	epochs	3.0
730.6193973228882	0.0341328000000658	epochs	2.0
730.6193973228882	0.017099900000062007	epochs	3.0
730.6364972228882	0.017032900000003792	epochs	3.0
730.6535301228882	0.033866699999975935	epochs	2.0
730.6535301228882	0.01696639999988747	epochs	3.0
730.6704965228881	0.016900300000088464	epochs	3.0
730.6873968228882	0.03360459999998966	epochs	2.0
730.6873968228882	0.01683479999996962	epochs	3.0
730.7042316228882	0.01676980000002004	epochs	3.0
730.7210014228882	0.033346599999958926	epochs	2.0
730.7210014228882	0.016705300000012357	epochs	3.0
730.7377067228882	0.01664129999994657	epochs	3.0
730.7543480228882	0.03309250000006614	epochs	2.0
730.7543480228882	0.016577800000050047	epochs	3.0
730.7709258228882	0.01651470000001609	epochs	3.0
730.7874405228882	0.03284229999997024	epochs	2.0
730.7874405228882	0.01645220000000336	epochs	3.0
730.8038927228882	0.01639009999996688	epochs	3.0
730.8202828228882	0.03259570000000167	epochs	2.0
730.8202828228882	0.016328400000020338	epochs	3.0
730.8366112228882	0.016267299999981333	epochs	3.0
730.8528785228882	0.032352899999978035	epochs	2.0
730.8528785228882	0.016206600000032267	epochs	3.0
730.8690851228882	0.016146299999945768	epochs	3.0
730.8852314228882	0.03211369999996805	epochs	2.0
730.8852314228882	0.016086599999994178	epochs	3.0
730.9013180228882	0.01602709999997387	epochs	3.0
730.9173451228882	0.03187800000000607	epochs	2.0
730.9173451228882	0.015968199999974786	epochs	3.0
730.9333133228881	0.015909800000031282	epochs	3.0
730.9492231228882	0.031645700000012766	epochs	2.0
730.9492231228882	0.01585160000001906	epochs	3.0
730.9650747228882	0.015794099999993705	epochs	3.0
730.9808688228882	0.0314167000000225	epochs	2.0
730.9808688228882	0.015736700000047676	epochs	3.0
730.9966055228882	0.015679999999974825	epochs	3.0
731.0122855228882	0.031191100000000915	epochs	2.0
731.0122855228882	0.015623600000026272	epochs	3.0
731.0279091228882	0.015567499999974643	epochs	3.0
731.0434766228882	0.030968700000016725	epochs	2.0
731.0434766228882	0.015511999999944237	epochs	3.0
731.0589886228881	0.015456700000072487	epochs	3.0
731.0744453228882	0.030749499999956242	epochs	2.0
731.0744453228882	0.015401999999994587	epochs	3.0
731.0898473228882	0.015347499999961656	epochs	3.0
731.1051948228882	0.03053320000003623	epochs	2.0
731.1051948228882	0.015293400000018664	epochs	3.0
731.1204882228882	0.015239800000017567	epochs	3.0
731.1357280228882	0.03032010000003993	epochs	2.0
731.1357280228882	0.015186500000027081	epochs	3.0
731.1509145228882	0.015133600000012848	epochs	3.0
731.1660481228882	0.030109899999956724	epochs	2.0
731.1660481228882	0.015080999999895539	epochs	3.0
731.1811291228881	0.015028900000061185	epochs	3.0
731.1961580228882	0.029902499999934662	epochs	2.0
731.1961580228882	0.01497699999993074	epochs	3.0
731.2111350228881	0.014925500000003922	epochs	3.0
731.2260605228881	0.029698100000018712	epochs	2.0
731.2260605228881	0.014874400000053356	epochs	3.0
731.2409349228882	0.014823699999965356	epochs	3.0
731.2557586228882	0.02949630000000525	epochs	2.0
731.2557586228882	0.014773200000036013	epochs	3.0
731.2705318228882	0.014723099999969236	epochs	3.0
731.2852549228882	0.02929740000001857	epochs	2.0
731.2852549228882	0.014673399999992398	epochs	3.0
731.2999283228881	0.014624000000026172	epochs	3.0
731.3145523228882	0.029101100000048064	epochs	2.0
731.3145523228882	0.01457489999995687	epochs	3.0
731.3291272228881	0.014526200000091194	epochs	3.0
731.3436534228882	0.028907399999980044	epochs	2.0
731.3436534228882	0.014477699999929428	epochs	3.0
731.3581311228882	0.014429700000050616	epochs	3.0
731.3725608228882	0.028716199999962555	epochs	2.0
731.3725608228882	0.014381800000023759	epochs	3.0
731.3869426228882	0.014334399999938796	epochs	3.0
731.4012770228882	0.028527600000074926	epochs	2.0
731.4012770228882	0.01428720000001249	epochs	3.0
731.4155642228882	0.014240400000062436	epochs	3.0
731.4298046228882	0.028341399999931127	epochs	2.0
731.4298046228882	0.014193799999929979	epochs	3.0
731.4439984228882	0.014147600000001148	epochs	3.0
731.4581460228882	0.028157700000065233	epochs	2.0
731.4581460228882	0.014101699999969242	epochs	3.0
731.4722477228881	0.014056000000095992	epochs	3.0
731.4863037228882	0.027976299999977527	epochs	2.0
731.4863037228882	0.014010599999892293	epochs	3.0
731.5003143228881	0.013965700000085235	epochs	3.0
731.5142800228882	0.02779720000000907	epochs	2.0
731.5142800228882	0.013920799999937117	epochs	3.0
731.5282008228882	0.013876400000071953	epochs	3.0
731.5420772228882	0.027620399999932488	epochs	2.0
731.5420772228882	0.0138321999999107	epochs	3.0
731.5559094228881	0.013788200000021789	epochs	3.0
731.5696976228882	0.027445899999975154	epochs	2.0
731.5696976228882	0.013744599999995444	epochs	3.0
731.5834422228882	0.01370129999997971	epochs	3.0
731.5971435228881	0.0272735000000921	epochs	2.0
731.5971435228881	0.013658200000008947	epochs	3.0
731.6108017228881	0.013615300000083153	epochs	3.0
731.6244170228882	0.027103399999987232	epochs	2.0
731.6244170228882	0.013572799999906238	epochs	3.0
731.6379898228881	0.013530600000080995	epochs	3.0
731.6515204228882	0.02693520000002536	epochs	2.0
731.6515204228882	0.013488400000028378	epochs	3.0
731.6650088228882	0.013446799999996983	epochs	3.0
731.6784556228882	0.026769199999989723	epochs	2.0
731.6784556228882	0.013405199999965589	epochs	3.0
731.6918608228882	0.013364000000024134	epochs	3.0
731.7052248228882	0.026605199999949036	epochs	2.0
731.7052248228882	0.013322899999934634	epochs	3.0
731.7185477228882	0.013282300000014402	epochs	3.0
731.7318300228882	0.026443200000016986	epochs	2.0
731.7318300228882	0.013241699999980483	epochs	3.0
731.7450717228882	0.013201500000036503	epochs	3.0
731.7582732228882	0.0262831999999662	epochs	2.0
731.7582732228882	0.013161500000023807	epochs	3.0
731.7714347228882	0.013121699999942393	epochs	3.0
731.7845564228882	0.02612499999997908	epochs	2.0
731.7845564228882	0.013082100000019636	epochs	3.0
731.7976385228882	0.013042899999959445	epochs	3.0
731.8106814228881	0.025968900000066242	epochs	2.0
731.8106814228881	0.01300390000005791	epochs	3.0
731.8236853228882	0.012965000000008331	epochs	3.0
731.8366503228882	0.025814500000024054	epochs	2.0
731.8366503228882	0.012926399999969362	epochs	3.0
731.8495767228882	0.012888100000054692	epochs	3.0
731.8624648228882	0.025661899999931848	epochs	2.0
731.8624648228882	0.012849899999991976	epochs	3.0
731.8753147228882	0.012811999999939871	epochs	3.0
731.8881267228882	0.025511199999982637	epochs	2.0
731.8881267228882	0.012774400000012065	epochs	3.0
731.9009011228882	0.012736799999970572	epochs	3.0
731.9136379228881	0.025362299999983406	epochs	2.0
731.9136379228881	0.012699700000098346	epochs	3.0
731.9263376228882	0.01266259999988506	epochs	3.0
731.9390002228881	0.025215000000002874	epochs	2.0
731.9390002228881	0.012625800000023446	epochs	3.0
731.9516260228881	0.012589199999979428	epochs	3.0
731.9642152228881	0.024584800000070572	epochs	2.0
731.9869260228882	0.5	epochs	-1.0
731.9888000228882	0.5264799999999923	epochs	1.0
732.5152800228882	0.4734399999999823	epochs	0.0
732.9309997558594	0.21271999999999025	epochs	0.0
732.9309997558594	0.10136109999996279	epochs	1.0
733.0323608558593	0.009997800000064672	epochs	1.0
733.0423586558594	0.10136109999996279	epochs	1.0
733.1437997558594	2.0	epochs	0.0
735.1437657558594	0.5	epochs	-1.0
735.1437997558594	21.506160000000023	epochs	0.0
735.1437997558594	1.0	epochs	1.0
735.6437657558594	19.998159999999984	epochs	-1.0
736.1437997558594	20.0	epochs	1.0
736.1437997558594	4.356753899999944	epochs	-1.0
736.1437997558594	1.9745871999999736	epochs	2.0
736.1437997558594	1.0985621999999466	epochs	3.0
737.2423619558593	0.8760250000000269	epochs	3.0
738.1183869558594	1.3524075000000266	epochs	2.0
738.1183869558594	0.7286354999999958	epochs	3.0
738.8470224558594	0.6237720000000309	epochs	3.0
739.4707944558594	1.029759199999944	epochs	2.0
739.4707944558594	0.5453292999999348	epochs	3.0
740.0161237558593	0.4844299000000092	epochs	3.0
740.5005536558593	0.8317862000000105	epochs	2.0
740.5005536558593	0.4357763000000432	epochs	3.0
740.9363299558594	0.3960098999999673	epochs	3.0
741.3323398558593	0.6977970000000369	epochs	2.0
741.3323398558593	0.3628982000000178	epochs	3.0
741.6952380558594	0.33489880000001904	epochs	3.0
742.0301368558594	0.601045699999986	epochs	2.0
742.0301368558594	0.3109123000000409	epochs	3.0
742.3410491558594	0.29013339999994514	epochs	3.0
742.6311825558594	0.5278859000000011	epochs	2.0
742.6311825558594	0.2719586000000618	epochs	3.0
742.9031411558594	0.25592729999993935	epochs	3.0
743.1590684558594	0.470619299999953	epochs	2.0
743.1590684558594	0.241681299999982	epochs	3.0
743.4007497558594	0.228937999999971	epochs	3.0
743.6296877558593	0.42457040000010693	epochs	2.0
743.6296877558593	0.21747140000002219	epochs	3.0
743.8471591558593	0.20709900000008474	epochs	3.0
744.0542581558594	0.3867353999999068	epochs	2.0
744.0542581558594	0.19767109999997956	epochs	3.0
744.2519292558594	0.18906429999992724	epochs	3.0
744.4409935558593	0.3550953000000163	epochs	2.0
744.4409935558593	0.18117590000008477	epochs	3.0
744.6221694558594	0.17391939999993156	epochs	3.0
744.7960888558594	0.3282431000000088	epochs	2.0
744.7960888558594	0.1672219000000723	epochs	3.0
744.9633107558594	0.16102119999993647	epochs	3.0
745.1243319558594	0.30516799999998057	epochs	2.0
745.1243319558594	0.15526390000002266	epochs	3.0
745.2795958558594	0.1499040999999579	epochs	3.0
745.4294999558593	0.28512530000000424	epochs	2.0
745.4294999558593	0.1449021000000812	epochs	3.0
745.5744020558594	0.14022319999992305	epochs	3.0
745.7146252558593	0.2675537999999733	epochs	2.0
745.7146252558593	0.1358369000000721	epochs	3.0
745.8504621558594	0.13171689999990122	epochs	3.0
745.9821790558593	0.2520229000000427	epochs	2.0
745.9821790558593	0.1278393000000051	epochs	3.0
746.1100183558593	0.12418360000003759	epochs	3.0
746.2342019558594	0.23819649999995818	epochs	2.0
746.2342019558594	0.12073110000005727	epochs	3.0
746.3549330558594	0.11746539999990091	epochs	3.0
746.4723984558593	0.2258088000000953	epochs	2.0
746.4723984558593	0.11437190000003739	epochs	3.0
746.5867703558594	0.1114369000000579	epochs	3.0
746.6982072558594	0.21464599999990241	epochs	2.0
746.6982072558594	0.10864889999993466	epochs	3.0
746.8068561558594	0.10599709999996776	epochs	3.0
746.9128532558593	0.20453500000007807	epochs	2.0
746.9128532558593	0.10347150000006877	epochs	3.0
747.0163247558594	0.1010635000000093	epochs	3.0
747.1173882558594	0.19533400000000256	epochs	2.0
747.1173882558594	0.09876509999992322	epochs	3.0
747.2161533558593	0.09656890000007934	epochs	3.0
747.3127222558594	0.18692529999998442	epochs	2.0
747.3127222558594	0.09446830000001682	epochs	3.0
747.4071905558594	0.09245699999996759	epochs	3.0
747.4996475558594	0.17921069999999872	epochs	2.0
747.4996475558594	0.09052959999996801	epochs	3.0
747.5901771558594	0.08868110000003071	epochs	3.0
747.6788582558594	0.17210769999996955	epochs	2.0
747.6788582558594	0.08690630000000965	epochs	3.0
747.7657645558594	0.0852013999999599	epochs	3.0
747.8509659558594	0.16554640000003928	epochs	2.0
747.8509659558594	0.08356190000006336	epochs	3.0
747.9345278558594	0.08198449999997592	epochs	3.0
748.0165123558594	0.15946710000002895	epochs	2.0
748.0165123558594	0.08046539999998004	epochs	3.0
748.0969777558594	0.07900170000004891	epochs	3.0
748.1759794558594	0.15381839999997737	epochs	2.0
748.1759794558594	0.07759009999995214	epochs	3.0
748.2535695558594	0.07622830000002523	epochs	3.0
748.3297978558594	0.14855639999996129	epochs	2.0
748.3297978558594	0.07491329999993468	epochs	3.0
748.4047111558593	0.0736431000000266	epochs	3.0
748.4783542558594	0.14364239999997608	epochs	2.0
748.4783542558594	0.07241499999997814	epochs	3.0
748.5507692558593	0.07122739999999794	epochs	3.0
748.6219966558593	0.13904310000009446	epochs	2.0
748.6219966558593	0.07007800000008046	epochs	3.0
748.6920746558594	0.06896510000001399	epochs	3.0
748.7610397558594	0.13472929999988992	epochs	2.0
748.7610397558594	0.06788709999989351	epochs	3.0
748.8289268558593	0.06684219999999641	epochs	3.0
748.8957690558593	0.1306752000000415	epochs	2.0
748.8957690558593	0.06582910000008724	epochs	3.0
748.9615981558594	0.06484609999995428	epochs	3.0
749.0264442558594	0.12685780000003888	epochs	2.0
749.0264442558594	0.06389200000000983	epochs	3.0
749.0903362558594	0.06296580000002905	epochs	3.0
749.1533020558594	0.12325720000001184	epochs	2.0
749.1533020558594	0.06206580000002759	epochs	3.0
749.2153678558594	0.06119139999998424	epochs	3.0
749.2765592558594	0.11985540000000583	epochs	2.0
749.2765592558594	0.060341099999959624	epochs	3.0
749.3369003558594	0.059514300000046205	epochs	3.0
749.3964146558594	0.1166361999999026	epochs	2.0
749.3964146558594	0.058709599999929196	epochs	3.0
749.4551242558593	0.057926599999973405	epochs	3.0
749.5130508558593	0.11358560000007856	epochs	2.0
749.5130508558593	0.05716420000010203	epochs	3.0
749.5702150558594	0.05642139999997653	epochs	3.0
749.6266364558594	0.11069049999991876	epochs	2.0
749.6266364558594	0.05569789999992736	epochs	3.0
749.6823343558593	0.0549925999999914	epochs	3.0
749.7373269558593	0.1079391000000669	epochs	2.0
749.7373269558593	0.05430490000003374	epochs	3.0
749.7916318558594	0.05363420000003316	epochs	3.0
749.8452660558594	0.10532149999994544	epochs	2.0
749.8452660558594	0.05297999999993408	epochs	3.0
749.8982460558593	0.052341500000011365	epochs	3.0
749.9505875558593	0.10282760000006874	epochs	2.0
749.9505875558593	0.05171810000001642	epochs	3.0
750.0023056558593	0.05110950000005232	epochs	3.0
750.0534151558594	0.10044909999999163	epochs	2.0
750.0534151558594	0.05051489999993919	epochs	3.0
750.1039300558593	0.04993420000005244	epochs	3.0
750.1538642558594	0.0981782999999723	epochs	2.0
750.1538642558594	0.04936659999998483	epochs	3.0
750.2032308558594	0.04881169999998747	epochs	3.0
750.2520425558594	0.09600780000005216	epochs	2.0
750.2520425558594	0.04826920000004975	epochs	3.0
750.3003117558594	0.04773860000000241	epochs	3.0
750.3480503558594	0.09393119999992905	epochs	2.0
750.3480503558594	0.04721949999998287	epochs	3.0
750.3952698558594	0.04671169999994618	epochs	3.0
750.4419815558593	0.09194260000003851	epochs	2.0
750.4419815558593	0.046214599999984785	epochs	3.0
750.4881961558593	0.045728000000053726	epochs	3.0
750.5339241558594	0.09003629999995155	epochs	2.0
750.5339241558594	0.045251499999949374	epochs	3.0
750.5791756558593	0.04478480000000218	epochs	3.0
750.6239604558593	0.08820760000003247	epochs	2.0
750.6239604558593	0.044327800000019124	epochs	3.0
750.6682882558594	0.04387980000001335	epochs	3.0
750.7121680558594	0.0864516999999978	epochs	2.0
750.7121680558594	0.04344100000002982	epochs	3.0
750.7556090558594	0.04301069999996798	epochs	3.0
750.7986197558594	0.08476429999996071	epochs	2.0
750.7986197558594	0.04258900000002086	epochs	3.0
750.8412087558594	0.04217529999993985	epochs	3.0
750.8833840558593	0.08314150000001064	epochs	2.0
750.8833840558593	0.04176970000003166	epochs	3.0
750.9251537558594	0.041371799999978975	epochs	3.0
750.9665255558593	0.08157970000002024	epochs	2.0
750.9665255558593	0.04098140000007788	epochs	3.0
751.0075069558594	0.040598299999942355	epochs	3.0
751.0481052558594	0.08007550000002084	epochs	2.0
751.0481052558594	0.04022229999998217	epochs	3.0
751.0883275558593	0.03985320000003867	epochs	3.0
751.1281807558594	0.07862569999997504	epochs	2.0
751.1281807558594	0.0394907999999532	epochs	3.0
751.1676715558593	0.039134900000021844	epochs	3.0
751.2068064558594	0.07722760000001472	epochs	2.0
751.2068064558594	0.038785400000051595	epochs	3.0
751.2455918558594	0.03844219999996312	epochs	3.0
751.2840340558594	0.07587820000003376	epochs	2.0
751.2840340558594	0.038104800000041905	epochs	3.0
751.3221388558594	0.03777339999999185	epochs	3.0
751.3599122558594	0.0745752000000266	epochs	2.0
751.3599122558594	0.03744770000002973	epochs	3.0
751.3973599558594	0.03712749999999687	epochs	3.0
751.4344874558594	0.07331629999998768	epochs	2.0
751.4344874558594	0.036812899999972615	epochs	3.0
751.4713003558594	0.03650340000001506	epochs	3.0
751.5078037558594	0.07209899999998015	epochs	2.0
751.5078037558594	0.03619909999997617	epochs	3.0
751.5440028558594	0.03589990000000398	epochs	3.0
751.5799027558594	0.07092169999998532	epochs	2.0
751.5799027558594	0.03560559999993984	epochs	3.0
751.6155083558593	0.03531610000004548	epochs	3.0
751.6508244558594	0.06978200000003199	epochs	2.0
751.6508244558594	0.03503120000004856	epochs	3.0
751.6858556558594	0.03475079999998343	epochs	3.0
751.7206064558594	0.06867859999999837	epochs	2.0
751.7206064558594	0.03447510000000875	epochs	3.0
751.7550815558594	0.03420349999998962	epochs	3.0
751.7892850558594	0.06760929999995824	epochs	2.0
751.7892850558594	0.033936199999970995	epochs	3.0
751.8232212558594	0.033673099999987244	epochs	3.0
751.8568943558594	0.06657289999998284	epochs	2.0
751.8568943558594	0.03341399999999339	epochs	3.0
751.8903083558594	0.033158899999989444	epochs	3.0
751.9234672558594	0.06556780000005347	epochs	2.0
751.9234672558594	0.032907700000009754	epochs	3.0
751.9563749558594	0.03266010000004371	epochs	3.0
751.9890350558594	0.06459259999996902	epochs	2.0
751.9890350558594	0.032416399999988244	epochs	3.0
752.0214514558594	0.03217619999998078	epochs	3.0
752.0536276558594	0.0636459999999488	epochs	2.0
752.0536276558594	0.03193959999998697	epochs	3.0
752.0855672558594	0.03170639999996183	epochs	3.0
752.1172736558593	0.06272670000009839	epochs	2.0
752.1172736558593	0.03147660000001906	epochs	3.0
752.1487502558593	0.03125010000007933	epochs	3.0
752.1800003558594	0.06183359999999993	epochs	2.0
752.1800003558594	0.03102689999991526	epochs	3.0
752.2110272558593	0.030806700000084675	epochs	3.0
752.2418339558594	0.060965599999917686	epochs	2.0
752.2418339558594	0.030589799999916067	epochs	3.0
752.2724237558593	0.030375800000001618	epochs	3.0
752.3027995558593	0.06012160000000222	epochs	2.0
752.3027995558593	0.030164900000045236	epochs	3.0
752.3329644558594	0.02995669999995698	epochs	3.0
752.3629211558593	0.05930069999999432	epochs	2.0
752.3629211558593	0.029751600000054168	epochs	3.0
752.3926727558594	0.029549099999940154	epochs	3.0
752.4222218558593	0.05850180000004457	epochs	2.0
752.4222218558593	0.02934940000000097	epochs	3.0
752.4515712558593	0.0291524000000436	epochs	3.0
752.4807236558594	0.057724200000052406	epochs	2.0
752.4807236558594	0.028957999999988715	epochs	3.0
752.5096816558594	0.02876620000006369	epochs	3.0
752.5384478558594	0.05696709999995164	epochs	2.0
752.5384478558594	0.028576999999927466	epochs	3.0
752.5670248558594	0.028390100000024177	epochs	3.0
752.5954149558594	0.05622949999997218	epochs	2.0
752.5954149558594	0.028205699999944045	epochs	3.0
752.6236206558593	0.028023800000028132	epochs	3.0
752.6516444558594	0.05551070000001346	epochs	2.0
752.6516444558594	0.02784400000007281	epochs	3.0
752.6794884558594	0.027666699999940647	epochs	3.0
752.7071551558594	0.054810200000019904	epochs	2.0
752.7071551558594	0.02749149999999645	epochs	3.0
752.7346466558594	0.027318700000023455	epochs	3.0
752.7619653558594	0.05412699999999404	epochs	2.0
752.7619653558594	0.027147799999966082	epochs	3.0
752.7891131558594	0.02697920000002796	epochs	3.0
752.8160923558594	0.053460699999959616	epochs	2.0
752.8160923558594	0.0268125999999711	epochs	3.0
752.8429049558594	0.026648099999988517	epochs	3.0
752.8695530558593	0.05281070000000909	epochs	2.0
752.8695530558593	0.026485600000000886	epochs	3.0
752.8960386558593	0.026325100000008206	epochs	3.0
752.9223637558594	0.05217620000007628	epochs	2.0
752.9223637558594	0.026166399999965506	epochs	3.0
752.9485301558593	0.026009800000110772	epochs	3.0
752.9745399558594	0.051556699999991906	epochs	2.0
752.9745399558594	0.025854799999933675	epochs	3.0
753.0003947558594	0.02570190000005823	epochs	3.0
753.0260966558594	0.05095189999997274	epochs	2.0
753.0260966558594	0.025550699999939752	epochs	3.0
753.0516473558594	0.025401200000032986	epochs	3.0
753.0770485558594	0.05036099999995258	epochs	2.0
753.0770485558594	0.025253499999962514	epochs	3.0
753.1023020558594	0.02510749999999007	epochs	3.0
753.1274095558593	0.049783800000000156	epochs	2.0
753.1274095558593	0.02496320000000196	epochs	3.0
753.1523727558593	0.024820599999998194	epochs	3.0
753.1771933558593	0.049219500000049266	epochs	2.0
753.1771933558593	0.02467940000008184	epochs	3.0
753.2018727558594	0.024540099999967424	epochs	3.0
753.2264128558594	0.048667899999941255	epochs	2.0
753.2264128558594	0.02440209999997478	epochs	3.0
753.2508149558594	0.024265799999966475	epochs	3.0
753.2750807558593	0.04812860000004093	epochs	2.0
753.2750807558593	0.024131000000011227	epochs	3.0
753.2992117558593	0.023997600000029706	epochs	3.0
753.3232093558594	0.04760109999995166	epochs	2.0
753.3232093558594	0.023865799999953197	epochs	3.0
753.3470751558593	0.02373529999999846	epochs	3.0
753.3708104558593	0.047085000000038235	epochs	2.0
753.3708104558593	0.02360630000009678	epochs	3.0
753.3944167558594	0.023478699999941455	epochs	3.0
753.4178954558594	0.04658000000006268	epochs	2.0
753.4178954558594	0.02335249999998723	epochs	3.0
753.4412479558594	0.02322750000007545	epochs	3.0
753.4644754558594	0.04608569999993506	epochs	2.0
753.4644754558594	0.023103999999989355	epochs	3.0
753.4875794558594	0.022981699999945704	epochs	3.0
753.5105611558594	0.045601799999985815	epochs	2.0
753.5105611558594	0.022860700000023826	epochs	3.0
753.5334218558594	0.02274109999996199	epochs	3.0
753.5561629558593	0.04512790000001132	epochs	2.0
753.5561629558593	0.022622500000011314	epochs	3.0
753.5787854558594	0.02250540000000001	epochs	3.0
753.6012908558594	0.044663799999966614	epochs	2.0
753.6012908558594	0.02238929999998618	epochs	3.0
753.6236801558593	0.022274499999980435	epochs	3.0
753.6459546558593	0.04420920000006845	epochs	2.0
753.6459546558593	0.022160800000051495	epochs	3.0
753.6681154558594	0.022048400000016954	epochs	3.0
753.6901638558594	0.043763600000033875	epochs	2.0
753.6901638558594	0.021936900000014248	epochs	3.0
753.7121007558594	0.021826700000019628	epochs	3.0
753.7339274558594	0.04332709999994222	epochs	2.0
753.7339274558594	0.021717599999988124	epochs	3.0
753.7556450558594	0.021609499999954096	epochs	3.0
753.7772545558594	0.04289900000003399	epochs	2.0
753.7772545558594	0.02150249999999687	epochs	3.0
753.7987570558594	0.021396500000037122	epochs	3.0
753.8201535558594	0.042479500000013104	epochs	2.0
753.8201535558594	0.02129170000000613	epochs	3.0
753.8414452558594	0.021187800000006973	epochs	3.0
753.8626330558594	0.042067900000006375	epochs	2.0
753.8626330558594	0.02108490000000529	epochs	3.0
753.8837179558594	0.020983000000001084	epochs	3.0
753.9047009558594	0.04166439999994509	epochs	2.0
753.9047009558594	0.020882199999959994	epochs	3.0
753.9255831558594	0.020782199999985096	epochs	3.0
753.9463653558594	0.04126850000000104	epochs	2.0
753.9463653558594	0.020683299999973315	epochs	3.0
753.9670486558593	0.020585200000027726	epochs	3.0
753.9876338558594	0.04088000000001557	epochs	2.0
753.9876338558594	0.020488099999965925	epochs	3.0
754.0081219558593	0.020391900000049645	epochs	3.0
754.0285138558594	0.04049880000002304	epochs	2.0
754.0285138558594	0.020296599999937825	epochs	3.0
754.0488104558593	0.020202200000085213	epochs	3.0
754.0690126558594	0.04012460000001283	epochs	2.0
754.0690126558594	0.020108699999923374	epochs	3.0
754.0891213558593	0.02001590000008946	epochs	3.0
754.1091372558594	0.039757299999905626	epochs	2.0
754.1091372558594	0.019924199999991288	epochs	3.0
754.1290614558594	0.01983309999991434	epochs	3.0
754.1488945558593	0.03939669999999751	epochs	2.0
754.1488945558593	0.01974300000006224	epochs	3.0
754.1686375558594	0.01965369999993527	epochs	3.0
754.1882912558593	0.039042400000084854	epochs	2.0
754.1882912558593	0.01956510000002254	epochs	3.0
754.2078563558593	0.019477300000062314	epochs	3.0
754.2273336558594	0.03869459999998526	epochs	2.0
754.2273336558594	0.019390400000020236	epochs	3.0
754.2467240558594	0.01930419999996502	epochs	3.0
754.2660282558594	0.03835289999994984	epochs	2.0
754.2660282558594	0.019218799999976	epochs	3.0
754.2852470558594	0.01913409999997384	epochs	3.0
754.3043811558593	0.03801720000001296	epochs	2.0
754.3043811558593	0.019050200000037876	epochs	3.0
754.3234313558594	0.018966999999975087	epochs	3.0
754.3423983558594	0.037687200000050325	epochs	2.0
754.3423983558594	0.01888450000001285	epochs	3.0
754.3612828558594	0.018802700000037476	epochs	3.0
754.3800855558594	0.03736309999999321	epochs	2.0
754.3800855558594	0.018721700000014607	epochs	3.0
754.3988072558594	0.018641399999978603	epochs	3.0
754.4174486558594	0.03704429999993408	epochs	2.0
754.4174486558594	0.01856159999999818	epochs	3.0
754.4360102558594	0.018482699999935903	epochs	3.0
754.4544929558593	0.0367310000000316	epochs	2.0
754.4544929558593	0.018404300000042895	epochs	3.0
754.4728972558594	0.018326699999988705	epochs	3.0
754.4912239558594	0.036422900000047775	epochs	2.0
754.4912239558594	0.018249599999990096	epochs	3.0
754.5094735558594	0.01817330000005768	epochs	3.0
754.5276468558594	0.03612009999994825	epochs	2.0
754.5276468558594	0.01809759999991911	epochs	3.0
754.5457444558593	0.01802250000002914	epochs	3.0
754.5637669558594	0.03582210000001851	epochs	2.0
754.5637669558594	0.017947899999967376	epochs	3.0
754.5817148558593	0.017874200000051133	epochs	3.0
754.5995890558594	0.03552899999999681	epochs	2.0
754.5995890558594	0.017800800000031813	epochs	3.0
754.6173898558594	0.017728199999965	epochs	3.0
754.6351180558594	0.03524070000003121	epochs	2.0
754.6351180558594	0.017656099999953767	epochs	3.0
754.6527741558593	0.017584600000077444	epochs	3.0
754.6703587558594	0.03495709999992869	epochs	2.0
754.6703587558594	0.01751369999999497	epochs	3.0
754.6878724558594	0.017443399999933717	epochs	3.0
754.7053158558593	0.03467790000001969	epochs	2.0
754.7053158558593	0.017373600000041733	epochs	3.0
754.7226894558594	0.017304299999977957	epochs	3.0
754.7399937558594	0.03440330000000813	epochs	2.0
754.7399937558594	0.01723570000001473	epochs	3.0
754.7572294558594	0.0171675999999934	epochs	3.0
754.7743970558594	0.0341328000000658	epochs	2.0
754.7743970558594	0.017099900000062007	epochs	3.0
754.7914969558594	0.017032900000003792	epochs	3.0
754.8085298558594	0.033866699999975935	epochs	2.0
754.8085298558594	0.01696639999988747	epochs	3.0
754.8254962558593	0.016900300000088464	epochs	3.0
754.8423965558594	0.03360459999998966	epochs	2.0
754.8423965558594	0.01683479999996962	epochs	3.0
754.8592313558594	0.01676980000002004	epochs	3.0
754.8760011558594	0.033346599999958926	epochs	2.0
754.8760011558594	0.016705300000012357	epochs	3.0
754.8927064558594	0.01664129999994657	epochs	3.0
754.9093477558594	0.03309250000006614	epochs	2.0
754.9093477558594	0.016577800000050047	epochs	3.0
754.9259255558594	0.01651470000001609	epochs	3.0
754.9424402558594	0.03284229999997024	epochs	2.0
754.9424402558594	0.01645220000000336	epochs	3.0
754.9588924558594	0.01639009999996688	epochs	3.0
754.9752825558594	0.03259570000000167	epochs	2.0
754.9752825558594	0.016328400000020338	epochs	3.0
754.9916109558594	0.016267299999981333	epochs	3.0
755.0078782558594	0.032352899999978035	epochs	2.0
755.0078782558594	0.016206600000032267	epochs	3.0
755.0240848558594	0.016146299999945768	epochs	3.0
755.0402311558594	0.03211369999996805	epochs	2.0
755.0402311558594	0.016086599999994178	epochs	3.0
755.0563177558594	0.01602709999997387	epochs	3.0
755.0723448558593	0.03187800000000607	epochs	2.0
755.0723448558593	0.015968199999974786	epochs	3.0
755.0883130558593	0.015909800000031282	epochs	3.0
755.1042228558593	0.031645700000012766	epochs	2.0
755.1042228558593	0.01585160000001906	epochs	3.0
755.1200744558594	0.015794099999993705	epochs	3.0
755.1358685558594	0.0314167000000225	epochs	2.0
755.1358685558594	0.015736700000047676	epochs	3.0
755.1516052558594	0.015679999999974825	epochs	3.0
755.1672852558594	0.031191100000000915	epochs	2.0
755.1672852558594	0.015623600000026272	epochs	3.0
755.1829088558594	0.015567499999974643	epochs	3.0
755.1984763558594	0.030968700000016725	epochs	2.0
755.1984763558594	0.015511999999944237	epochs	3.0
755.2139883558593	0.015456700000072487	epochs	3.0
755.2294450558594	0.030749499999956242	epochs	2.0
755.2294450558594	0.015401999999994587	epochs	3.0
755.2448470558594	0.015347499999961656	epochs	3.0
755.2601945558594	0.03053320000003623	epochs	2.0
755.2601945558594	0.015293400000018664	epochs	3.0
755.2754879558594	0.015239800000017567	epochs	3.0
755.2907277558594	0.03032010000003993	epochs	2.0
755.2907277558594	0.015186500000027081	epochs	3.0
755.3059142558594	0.015133600000012848	epochs	3.0
755.3210478558594	0.030109899999956724	epochs	2.0
755.3210478558594	0.015080999999895539	epochs	3.0
755.3361288558593	0.015028900000061185	epochs	3.0
755.3511577558594	0.029902499999934662	epochs	2.0
755.3511577558594	0.01497699999993074	epochs	3.0
755.3661347558593	0.014925500000003922	epochs	3.0
755.3810602558593	0.029698100000018712	epochs	2.0
755.3810602558593	0.014874400000053356	epochs	3.0
755.3959346558594	0.014823699999965356	epochs	3.0
755.4107583558593	0.02949630000000525	epochs	2.0
755.4107583558593	0.014773200000036013	epochs	3.0
755.4255315558594	0.014723099999969236	epochs	3.0
755.4402546558593	0.02929740000001857	epochs	2.0
755.4402546558593	0.014673399999992398	epochs	3.0
755.4549280558593	0.014624000000026172	epochs	3.0
755.4695520558594	0.029101100000048064	epochs	2.0
755.4695520558594	0.01457489999995687	epochs	3.0
755.4841269558593	0.014526200000091194	epochs	3.0
755.4986531558594	0.028907399999980044	epochs	2.0
755.4986531558594	0.014477699999929428	epochs	3.0
755.5131308558593	0.014429700000050616	epochs	3.0
755.5275605558594	0.028716199999962555	epochs	2.0
755.5275605558594	0.014381800000023759	epochs	3.0
755.5419423558594	0.014334399999938796	epochs	3.0
755.5562767558594	0.028527600000074926	epochs	2.0
755.5562767558594	0.01428720000001249	epochs	3.0
755.5705639558594	0.014240400000062436	epochs	3.0
755.5848043558594	0.028341399999931127	epochs	2.0
755.5848043558594	0.014193799999929979	epochs	3.0
755.5989981558594	0.014147600000001148	epochs	3.0
755.6131457558594	0.028157700000065233	epochs	2.0
755.6131457558594	0.014101699999969242	epochs	3.0
755.6272474558593	0.014056000000095992	epochs	3.0
755.6413034558594	0.027976299999977527	epochs	2.0
755.6413034558594	0.014010599999892293	epochs	3.0
755.6553140558593	0.013965700000085235	epochs	3.0
755.6692797558594	0.02779720000000907	epochs	2.0
755.6692797558594	0.013920799999937117	epochs	3.0
755.6832005558593	0.013876400000071953	epochs	3.0
755.6970769558594	0.027620399999932488	epochs	2.0
755.6970769558594	0.0138321999999107	epochs	3.0
755.7109091558593	0.013788200000021789	epochs	3.0
755.7246973558593	0.027445899999975154	epochs	2.0
755.7246973558593	0.013744599999995444	epochs	3.0
755.7384419558593	0.01370129999997971	epochs	3.0
755.7521432558593	0.0272735000000921	epochs	2.0
755.7521432558593	0.013658200000008947	epochs	3.0
755.7658014558593	0.013615300000083153	epochs	3.0
755.7794167558594	0.027103399999987232	epochs	2.0
755.7794167558594	0.013572799999906238	epochs	3.0
755.7929895558593	0.013530600000080995	epochs	3.0
755.8065201558594	0.02693520000002536	epochs	2.0
755.8065201558594	0.013488400000028378	epochs	3.0
755.8200085558594	0.013446799999996983	epochs	3.0
755.8334553558594	0.026769199999989723	epochs	2.0
755.8334553558594	0.013405199999965589	epochs	3.0
755.8468605558594	0.013364000000024134	epochs	3.0
755.8602245558594	0.026605199999949036	epochs	2.0
755.8602245558594	0.013322899999934634	epochs	3.0
755.8735474558594	0.013282300000014402	epochs	3.0
755.8868297558594	0.026443200000016986	epochs	2.0
755.8868297558594	0.013241699999980483	epochs	3.0
755.9000714558593	0.013201500000036503	epochs	3.0
755.9132729558594	0.0262831999999662	epochs	2.0
755.9132729558594	0.013161500000023807	epochs	3.0
755.9264344558594	0.013121699999942393	epochs	3.0
755.9395561558593	0.02612499999997908	epochs	2.0
755.9395561558593	0.013082100000019636	epochs	3.0
755.9526382558594	0.013042899999959445	epochs	3.0
755.9656811558593	0.025968900000066242	epochs	2.0
755.9656811558593	0.01300390000005791	epochs	3.0
755.9786850558594	0.012965000000008331	epochs	3.0
755.9916500558594	0.025814500000024054	epochs	2.0
755.9916500558594	0.012926399999969362	epochs	3.0
756.0045764558594	0.012888100000054692	epochs	3.0
756.0174645558594	0.025661899999931848	epochs	2.0
756.0174645558594	0.012849899999991976	epochs	3.0
756.0303144558594	0.012811999999939871	epochs	3.0
756.0431264558594	0.025511199999982637	epochs	2.0
756.0431264558594	0.012774400000012065	epochs	3.0
756.0559008558594	0.012736799999970572	epochs	3.0
756.0686376558593	0.025362299999983406	epochs	2.0
756.0686376558593	0.012699700000098346	epochs	3.0
756.0813373558594	0.01266259999988506	epochs	3.0
756.0939999558593	0.025215000000002874	epochs	2.0
756.0939999558593	0.012625800000023446	epochs	3.0
756.1066257558593	0.012589199999979428	epochs	3.0
756.1192149558593	0.024584800000070572	epochs	2.0
756.1419257558593	0.5	epochs	-1.0
756.1437997558594	0.5061600000000226	epochs	1.0
756.6499597558594	0.493759999999952	epochs	0.0
757.0249996185303	0.21271999999999025	epochs	0.0
757.0249996185303	0.10136109999996279	epochs	1.0
757.1263607185302	0.009997800000064672	epochs	1.0
757.1363585185303	0.10136109999996279	epochs	1.0
757.2377996185303	2.0	epochs	0.0
759.2377656185303	0.5	epochs	-1.0
759.2377996185303	5.386959999999931	epochs	0.0
759.2377996185303	1.0	epochs	1.0
759.7377656185303	4.886993999999959	epochs	-1.0
760.2377996185303	4.386959999999931	epochs	1.0
760.2377996185303	4.356753899999944	epochs	-1.0
760.2377996185303	1.9745871999999736	epochs	2.0
760.2377996185303	1.0985621999999466	epochs	3.0
761.3363618185302	0.8760250000000269	epochs	3.0
762.2123868185303	1.3524075000000266	epochs	2.0
762.2123868185303	0.7286354999999958	epochs	3.0
762.9410223185303	0.6237720000000309	epochs	3.0
763.5647943185303	1.029759199999944	epochs	2.0
763.5647943185303	0.5453292999999348	epochs	3.0
764.1101236185302	0.4844299000000092	epochs	3.0
764.5945535185302	0.03020609999998669	epochs	2.0
764.5945535185302	0.03020609999998669	epochs	3.0
764.6247596185302	16.612960000000044	epochs	0.0
765.0069999694824	0.21271999999999025	epochs	0.0
765.0069999694824	0.10136109999996279	epochs	1.0
765.1083610694824	0.009997800000064672	epochs	1.0
765.1183588694824	0.10136109999996279	epochs	1.0
765.2197999694824	2.0	epochs	0.0
767.2197659694824	0.5	epochs	-1.0
767.2197999694824	5.3872800000000325	epochs	0.0
767.2197999694824	1.0	epochs	1.0
767.7197659694824	4.88731400000006	epochs	-1.0
768.2197999694824	4.3872800000000325	epochs	1.0
768.2197999694824	4.356753899999944	epochs	-1.0
768.2197999694824	1.9745871999999736	epochs	2.0
768.2197999694824	1.0985621999999466	epochs	3.0
769.3183621694824	0.8760250000000269	epochs	3.0
770.1943871694824	1.3524075000000266	epochs	2.0
770.1943871694824	0.7286354999999958	epochs	3.0
770.9230226694824	0.6237720000000309	epochs	3.0
771.5467946694824	1.029759199999944	epochs	2.0
771.5467946694824	0.5453292999999348	epochs	3.0
772.0921239694824	0.4844299000000092	epochs	3.0
772.5765538694824	0.030526100000088263	epochs	2.0
772.5765538694824	0.030526100000088263	epochs	3.0
772.6070799694825	16.612639999999942	epochs	0.0
772.9889998435974	0.21271999999999025	epochs	0.0
772.9889998435974	0.10136109999996279	epochs	1.0
773.0903609435974	0.009997800000064672	epochs	1.0
773.1003587435974	0.10136109999996279	epochs	1.0
773.2017998435974	2.0	epochs	0.0
775.2017658435974	0.5	epochs	-1.0
775.2017998435974	5.386959999999931	epochs	0.0
775.2017998435974	1.0	epochs	1.0
775.7017658435974	4.886993999999959	epochs	-1.0
776.2017998435974	4.386959999999931	epochs	1.0
776.2017998435974	4.356753899999944	epochs	-1.0
776.2017998435974	1.9745871999999736	epochs	2.0
776.2017998435974	1.0985621999999466	epochs	3.0
777.3003620435974	0.8760250000000269	epochs	3.0
778.1763870435974	1.3524075000000266	epochs	2.0
778.1763870435974	0.7286354999999958	epochs	3.0
778.9050225435974	0.6237720000000309	epochs	3.0
779.5287945435974	1.029759199999944	epochs	2.0
779.5287945435974	0.5453292999999348	epochs	3.0
780.0741238435974	0.4844299000000092	epochs	3.0
780.5585537435974	0.03020609999998669	epochs	2.0
780.5585537435974	0.03020609999998669	epochs	3.0
780.5887598435974	16.612960000000044	epochs	0.0
780.9739999771118	0.21271999999999025	epochs	0.0
780.9739999771118	0.10136109999996279	epochs	1.0
781.0753610771118	0.009997800000064672	epochs	1.0
781.0853588771118	0.10136109999996279	epochs	1.0
781.1867999771118	2.0	epochs	0.0
783.1867659771118	0.5	epochs	-1.0
783.1867999771118	21.527119999999968	epochs	0.0
783.1867999771118	1.0	epochs	1.0
783.6867659771118	19.99768000000006	epochs	-1.0
784.1867999771118	20.0	epochs	1.0
784.1867999771118	4.356753899999944	epochs	-1.0
784.1867999771118	1.9745871999999736	epochs	2.0
784.1867999771118	1.0985621999999466	epochs	3.0
785.2853621771118	0.8760250000000269	epochs	3.0
786.1613871771118	1.3524075000000266	epochs	2.0
786.1613871771118	0.7286354999999958	epochs	3.0
786.8900226771118	0.6237720000000309	epochs	3.0
787.5137946771118	1.029759199999944	epochs	2.0
787.5137946771118	0.5453292999999348	epochs	3.0
788.0591239771118	0.4844299000000092	epochs	3.0
788.5435538771118	0.8317862000000105	epochs	2.0
788.5435538771118	0.4357763000000432	epochs	3.0
788.9793301771118	0.3960098999999673	epochs	3.0
789.3753400771118	0.6977970000000369	epochs	2.0
789.3753400771118	0.3628982000000178	epochs	3.0
789.7382382771118	0.33489880000001904	epochs	3.0
790.0731370771118	0.601045699999986	epochs	2.0
790.0731370771118	0.3109123000000409	epochs	3.0
790.3840493771119	0.29013339999994514	epochs	3.0
790.6741827771118	0.5278859000000011	epochs	2.0
790.6741827771118	0.2719586000000618	epochs	3.0
790.9461413771119	0.25592729999993935	epochs	3.0
791.2020686771118	0.470619299999953	epochs	2.0
791.2020686771118	0.241681299999982	epochs	3.0
791.4437499771118	0.228937999999971	epochs	3.0
791.6726879771118	0.42457040000010693	epochs	2.0
791.6726879771118	0.21747140000002219	epochs	3.0
791.8901593771118	0.20709900000008474	epochs	3.0
792.0972583771119	0.3867353999999068	epochs	2.0
792.0972583771119	0.19767109999997956	epochs	3.0
792.2949294771119	0.18906429999992724	epochs	3.0
792.4839937771118	0.3550953000000163	epochs	2.0
792.4839937771118	0.18117590000008477	epochs	3.0
792.6651696771119	0.17391939999993156	epochs	3.0
792.8390890771118	0.3282431000000088	epochs	2.0
792.8390890771118	0.1672219000000723	epochs	3.0
793.0063109771119	0.16102119999993647	epochs	3.0
793.1673321771118	0.30516799999998057	epochs	2.0
793.1673321771118	0.15526390000002266	epochs	3.0
793.3225960771118	0.1499040999999579	epochs	3.0
793.4725001771118	0.28512530000000424	epochs	2.0
793.4725001771118	0.1449021000000812	epochs	3.0
793.6174022771119	0.14022319999992305	epochs	3.0
793.7576254771118	0.2675537999999733	epochs	2.0
793.7576254771118	0.1358369000000721	epochs	3.0
793.8934623771119	0.13171689999990122	epochs	3.0
794.0251792771118	0.2520229000000427	epochs	2.0
794.0251792771118	0.1278393000000051	epochs	3.0
794.1530185771118	0.12418360000003759	epochs	3.0
794.2772021771118	0.23819649999995818	epochs	2.0
794.2772021771118	0.12073110000005727	epochs	3.0
794.3979332771119	0.11746539999990091	epochs	3.0
794.5153986771118	0.2258088000000953	epochs	2.0
794.5153986771118	0.11437190000003739	epochs	3.0
794.6297705771118	0.1114369000000579	epochs	3.0
794.7412074771119	0.21464599999990241	epochs	2.0
794.7412074771119	0.10864889999993466	epochs	3.0
794.8498563771118	0.10599709999996776	epochs	3.0
794.9558534771118	0.20453500000007807	epochs	2.0
794.9558534771118	0.10347150000006877	epochs	3.0
795.0593249771118	0.1010635000000093	epochs	3.0
795.1603884771118	0.19533400000000256	epochs	2.0
795.1603884771118	0.09876509999992322	epochs	3.0
795.2591535771118	0.09656890000007934	epochs	3.0
795.3557224771118	0.18692529999998442	epochs	2.0
795.3557224771118	0.09446830000001682	epochs	3.0
795.4501907771119	0.09245699999996759	epochs	3.0
795.5426477771118	0.17921069999999872	epochs	2.0
795.5426477771118	0.09052959999996801	epochs	3.0
795.6331773771118	0.08868110000003071	epochs	3.0
795.7218584771118	0.17210769999996955	epochs	2.0
795.7218584771118	0.08690630000000965	epochs	3.0
795.8087647771118	0.0852013999999599	epochs	3.0
795.8939661771118	0.16554640000003928	epochs	2.0
795.8939661771118	0.08356190000006336	epochs	3.0
795.9775280771119	0.08198449999997592	epochs	3.0
796.0595125771118	0.15946710000002895	epochs	2.0
796.0595125771118	0.08046539999998004	epochs	3.0
796.1399779771118	0.07900170000004891	epochs	3.0
796.2189796771119	0.15381839999997737	epochs	2.0
796.2189796771119	0.07759009999995214	epochs	3.0
796.2965697771118	0.07622830000002523	epochs	3.0
796.3727980771118	0.14855639999996129	epochs	2.0
796.3727980771118	0.07491329999993468	epochs	3.0
796.4477113771118	0.0736431000000266	epochs	3.0
796.5213544771118	0.14364239999997608	epochs	2.0
796.5213544771118	0.07241499999997814	epochs	3.0
796.5937694771118	0.07122739999999794	epochs	3.0
796.6649968771118	0.13904310000009446	epochs	2.0
796.6649968771118	0.07007800000008046	epochs	3.0
796.7350748771119	0.06896510000001399	epochs	3.0
796.8040399771119	0.13472929999988992	epochs	2.0
796.8040399771119	0.06788709999989351	epochs	3.0
796.8719270771118	0.06684219999999641	epochs	3.0
796.9387692771118	0.1306752000000415	epochs	2.0
796.9387692771118	0.06582910000008724	epochs	3.0
797.0045983771118	0.06484609999995428	epochs	3.0
797.0694444771118	0.12685780000003888	epochs	2.0
797.0694444771118	0.06389200000000983	epochs	3.0
797.1333364771118	0.06296580000002905	epochs	3.0
797.1963022771118	0.12325720000001184	epochs	2.0
797.1963022771118	0.06206580000002759	epochs	3.0
797.2583680771119	0.06119139999998424	epochs	3.0
797.3195594771119	0.11985540000000583	epochs	2.0
797.3195594771119	0.060341099999959624	epochs	3.0
797.3799005771118	0.059514300000046205	epochs	3.0
797.4394148771119	0.1166361999999026	epochs	2.0
797.4394148771119	0.058709599999929196	epochs	3.0
797.4981244771118	0.057926599999973405	epochs	3.0
797.5560510771118	0.11358560000007856	epochs	2.0
797.5560510771118	0.05716420000010203	epochs	3.0
797.6132152771119	0.05642139999997653	epochs	3.0
797.6696366771118	0.11069049999991876	epochs	2.0
797.6696366771118	0.05569789999992736	epochs	3.0
797.7253345771118	0.0549925999999914	epochs	3.0
797.7803271771118	0.1079391000000669	epochs	2.0
797.7803271771118	0.05430490000003374	epochs	3.0
797.8346320771118	0.05363420000003316	epochs	3.0
797.8882662771118	0.10532149999994544	epochs	2.0
797.8882662771118	0.05297999999993408	epochs	3.0
797.9412462771118	0.052341500000011365	epochs	3.0
797.9935877771118	0.10282760000006874	epochs	2.0
797.9935877771118	0.05171810000001642	epochs	3.0
798.0453058771118	0.05110950000005232	epochs	3.0
798.0964153771118	0.10044909999999163	epochs	2.0
798.0964153771118	0.05051489999993919	epochs	3.0
798.1469302771118	0.04993420000005244	epochs	3.0
798.1968644771118	0.0981782999999723	epochs	2.0
798.1968644771118	0.04936659999998483	epochs	3.0
798.2462310771118	0.04881169999998747	epochs	3.0
798.2950427771118	0.09600780000005216	epochs	2.0
798.2950427771118	0.04826920000004975	epochs	3.0
798.3433119771119	0.04773860000000241	epochs	3.0
798.3910505771119	0.09393119999992905	epochs	2.0
798.3910505771119	0.04721949999998287	epochs	3.0
798.4382700771118	0.04671169999994618	epochs	3.0
798.4849817771118	0.09194260000003851	epochs	2.0
798.4849817771118	0.046214599999984785	epochs	3.0
798.5311963771118	0.045728000000053726	epochs	3.0
798.5769243771118	0.09003629999995155	epochs	2.0
798.5769243771118	0.045251499999949374	epochs	3.0
798.6221758771118	0.04478480000000218	epochs	3.0
798.6669606771118	0.08820760000003247	epochs	2.0
798.6669606771118	0.044327800000019124	epochs	3.0
798.7112884771118	0.04387980000001335	epochs	3.0
798.7551682771118	0.0864516999999978	epochs	2.0
798.7551682771118	0.04344100000002982	epochs	3.0
798.7986092771118	0.04301069999996798	epochs	3.0
798.8416199771118	0.08476429999996071	epochs	2.0
798.8416199771118	0.04258900000002086	epochs	3.0
798.8842089771118	0.04217529999993985	epochs	3.0
798.9263842771118	0.08314150000001064	epochs	2.0
798.9263842771118	0.04176970000003166	epochs	3.0
798.9681539771118	0.041371799999978975	epochs	3.0
799.0095257771118	0.08157970000002024	epochs	2.0
799.0095257771118	0.04098140000007788	epochs	3.0
799.0505071771119	0.040598299999942355	epochs	3.0
799.0911054771118	0.08007550000002084	epochs	2.0
799.0911054771118	0.04022229999998217	epochs	3.0
799.1313277771118	0.03985320000003867	epochs	3.0
799.1711809771118	0.07862569999997504	epochs	2.0
799.1711809771118	0.0394907999999532	epochs	3.0
799.2106717771118	0.039134900000021844	epochs	3.0
799.2498066771118	0.07722760000001472	epochs	2.0
799.2498066771118	0.038785400000051595	epochs	3.0
799.2885920771118	0.03844219999996312	epochs	3.0
799.3270342771118	0.07587820000003376	epochs	2.0
799.3270342771118	0.038104800000041905	epochs	3.0
799.3651390771118	0.03777339999999185	epochs	3.0
799.4029124771118	0.0745752000000266	epochs	2.0
799.4029124771118	0.03744770000002973	epochs	3.0
799.4403601771119	0.03712749999999687	epochs	3.0
799.4774876771119	0.07331629999998768	epochs	2.0
799.4774876771119	0.036812899999972615	epochs	3.0
799.5143005771118	0.03650340000001506	epochs	3.0
799.5508039771119	0.07209899999998015	epochs	2.0
799.5508039771119	0.03619909999997617	epochs	3.0
799.5870030771118	0.03589990000000398	epochs	3.0
799.6229029771118	0.07092169999998532	epochs	2.0
799.6229029771118	0.03560559999993984	epochs	3.0
799.6585085771118	0.03531610000004548	epochs	3.0
799.6938246771118	0.06978200000003199	epochs	2.0
799.6938246771118	0.03503120000004856	epochs	3.0
799.7288558771119	0.03475079999998343	epochs	3.0
799.7636066771119	0.06867859999999837	epochs	2.0
799.7636066771119	0.03447510000000875	epochs	3.0
799.7980817771119	0.03420349999998962	epochs	3.0
799.8322852771119	0.06760929999995824	epochs	2.0
799.8322852771119	0.033936199999970995	epochs	3.0
799.8662214771118	0.033673099999987244	epochs	3.0
799.8998945771118	0.06657289999998284	epochs	2.0
799.8998945771118	0.03341399999999339	epochs	3.0
799.9333085771118	0.033158899999989444	epochs	3.0
799.9664674771118	0.06556780000005347	epochs	2.0
799.9664674771118	0.032907700000009754	epochs	3.0
799.9993751771118	0.03266010000004371	epochs	3.0
800.0320352771118	0.06459259999996902	epochs	2.0
800.0320352771118	0.032416399999988244	epochs	3.0
800.0644516771118	0.03217619999998078	epochs	3.0
800.0966278771118	0.0636459999999488	epochs	2.0
800.0966278771118	0.03193959999998697	epochs	3.0
800.1285674771118	0.03170639999996183	epochs	3.0
800.1602738771118	0.06272670000009839	epochs	2.0
800.1602738771118	0.03147660000001906	epochs	3.0
800.1917504771118	0.03125010000007933	epochs	3.0
800.2230005771119	0.06183359999999993	epochs	2.0
800.2230005771119	0.03102689999991526	epochs	3.0
800.2540274771118	0.030806700000084675	epochs	3.0
800.2848341771119	0.060965599999917686	epochs	2.0
800.2848341771119	0.030589799999916067	epochs	3.0
800.3154239771118	0.030375800000001618	epochs	3.0
800.3457997771118	0.06012160000000222	epochs	2.0
800.3457997771118	0.030164900000045236	epochs	3.0
800.3759646771118	0.02995669999995698	epochs	3.0
800.4059213771118	0.05930069999999432	epochs	2.0
800.4059213771118	0.029751600000054168	epochs	3.0
800.4356729771118	0.029549099999940154	epochs	3.0
800.4652220771118	0.05850180000004457	epochs	2.0
800.4652220771118	0.02934940000000097	epochs	3.0
800.4945714771118	0.0291524000000436	epochs	3.0
800.5237238771118	0.057724200000052406	epochs	2.0
800.5237238771118	0.028957999999988715	epochs	3.0
800.5526818771118	0.02876620000006369	epochs	3.0
800.5814480771119	0.05696709999995164	epochs	2.0
800.5814480771119	0.028576999999927466	epochs	3.0
800.6100250771118	0.028390100000024177	epochs	3.0
800.6384151771118	0.05622949999997218	epochs	2.0
800.6384151771118	0.028205699999944045	epochs	3.0
800.6666208771118	0.028023800000028132	epochs	3.0
800.6946446771118	0.05551070000001346	epochs	2.0
800.6946446771118	0.02784400000007281	epochs	3.0
800.7224886771119	0.027666699999940647	epochs	3.0
800.7501553771118	0.054810200000019904	epochs	2.0
800.7501553771118	0.02749149999999645	epochs	3.0
800.7776468771118	0.027318700000023455	epochs	3.0
800.8049655771118	0.05412699999999404	epochs	2.0
800.8049655771118	0.027147799999966082	epochs	3.0
800.8321133771118	0.02697920000002796	epochs	3.0
800.8590925771118	0.053460699999959616	epochs	2.0
800.8590925771118	0.0268125999999711	epochs	3.0
800.8859051771118	0.026648099999988517	epochs	3.0
800.9125532771118	0.05281070000000909	epochs	2.0
800.9125532771118	0.026485600000000886	epochs	3.0
800.9390388771118	0.026325100000008206	epochs	3.0
800.9653639771118	0.05217620000007628	epochs	2.0
800.9653639771118	0.026166399999965506	epochs	3.0
800.9915303771118	0.026009800000110772	epochs	3.0
801.0175401771119	0.051556699999991906	epochs	2.0
801.0175401771119	0.025854799999933675	epochs	3.0
801.0433949771118	0.02570190000005823	epochs	3.0
801.0690968771119	0.05095189999997274	epochs	2.0
801.0690968771119	0.025550699999939752	epochs	3.0
801.0946475771118	0.025401200000032986	epochs	3.0
801.1200487771118	0.05036099999995258	epochs	2.0
801.1200487771118	0.025253499999962514	epochs	3.0
801.1453022771118	0.02510749999999007	epochs	3.0
801.1704097771118	0.049783800000000156	epochs	2.0
801.1704097771118	0.02496320000000196	epochs	3.0
801.1953729771118	0.024820599999998194	epochs	3.0
801.2201935771118	0.049219500000049266	epochs	2.0
801.2201935771118	0.02467940000008184	epochs	3.0
801.2448729771119	0.024540099999967424	epochs	3.0
801.2694130771118	0.048667899999941255	epochs	2.0
801.2694130771118	0.02440209999997478	epochs	3.0
801.2938151771118	0.024265799999966475	epochs	3.0
801.3180809771118	0.04812860000004093	epochs	2.0
801.3180809771118	0.024131000000011227	epochs	3.0
801.3422119771118	0.023997600000029706	epochs	3.0
801.3662095771118	0.04760109999995166	epochs	2.0
801.3662095771118	0.023865799999953197	epochs	3.0
801.3900753771118	0.02373529999999846	epochs	3.0
801.4138106771118	0.047085000000038235	epochs	2.0
801.4138106771118	0.02360630000009678	epochs	3.0
801.4374169771119	0.023478699999941455	epochs	3.0
801.4608956771118	0.04658000000006268	epochs	2.0
801.4608956771118	0.02335249999998723	epochs	3.0
801.4842481771118	0.02322750000007545	epochs	3.0
801.5074756771119	0.04608569999993506	epochs	2.0
801.5074756771119	0.023103999999989355	epochs	3.0
801.5305796771119	0.022981699999945704	epochs	3.0
801.5535613771118	0.045601799999985815	epochs	2.0
801.5535613771118	0.022860700000023826	epochs	3.0
801.5764220771118	0.02274109999996199	epochs	3.0
801.5991631771118	0.04512790000001132	epochs	2.0
801.5991631771118	0.022622500000011314	epochs	3.0
801.6217856771118	0.02250540000000001	epochs	3.0
801.6442910771118	0.044663799999966614	epochs	2.0
801.6442910771118	0.02238929999998618	epochs	3.0
801.6666803771118	0.022274499999980435	epochs	3.0
801.6889548771118	0.04420920000006845	epochs	2.0
801.6889548771118	0.022160800000051495	epochs	3.0
801.7111156771118	0.022048400000016954	epochs	3.0
801.7331640771118	0.043763600000033875	epochs	2.0
801.7331640771118	0.021936900000014248	epochs	3.0
801.7551009771119	0.021826700000019628	epochs	3.0
801.7769276771119	0.04332709999994222	epochs	2.0
801.7769276771119	0.021717599999988124	epochs	3.0
801.7986452771119	0.021609499999954096	epochs	3.0
801.8202547771118	0.04289900000003399	epochs	2.0
801.8202547771118	0.02150249999999687	epochs	3.0
801.8417572771118	0.021396500000037122	epochs	3.0
801.8631537771118	0.042479500000013104	epochs	2.0
801.8631537771118	0.02129170000000613	epochs	3.0
801.8844454771119	0.021187800000006973	epochs	3.0
801.9056332771119	0.042067900000006375	epochs	2.0
801.9056332771119	0.02108490000000529	epochs	3.0
801.9267181771119	0.020983000000001084	epochs	3.0
801.9477011771119	0.04166439999994509	epochs	2.0
801.9477011771119	0.020882199999959994	epochs	3.0
801.9685833771118	0.020782199999985096	epochs	3.0
801.9893655771118	0.04126850000000104	epochs	2.0
801.9893655771118	0.020683299999973315	epochs	3.0
802.0100488771118	0.020585200000027726	epochs	3.0
802.0306340771118	0.04088000000001557	epochs	2.0
802.0306340771118	0.020488099999965925	epochs	3.0
802.0511221771118	0.020391900000049645	epochs	3.0
802.0715140771118	0.04049880000002304	epochs	2.0
802.0715140771118	0.020296599999937825	epochs	3.0
802.0918106771118	0.020202200000085213	epochs	3.0
802.1120128771119	0.04012460000001283	epochs	2.0
802.1120128771119	0.020108699999923374	epochs	3.0
802.1321215771118	0.02001590000008946	epochs	3.0
802.1521374771119	0.039757299999905626	epochs	2.0
802.1521374771119	0.019924199999991288	epochs	3.0
802.1720616771119	0.01983309999991434	epochs	3.0
802.1918947771118	0.03939669999999751	epochs	2.0
802.1918947771118	0.01974300000006224	epochs	3.0
802.2116377771118	0.01965369999993527	epochs	3.0
802.2312914771118	0.039042400000084854	epochs	2.0
802.2312914771118	0.01956510000002254	epochs	3.0
802.2508565771118	0.019477300000062314	epochs	3.0
802.2703338771119	0.03869459999998526	epochs	2.0
802.2703338771119	0.019390400000020236	epochs	3.0
802.2897242771119	0.01930419999996502	epochs	3.0
802.3090284771118	0.03835289999994984	epochs	2.0
802.3090284771118	0.019218799999976	epochs	3.0
802.3282472771118	0.01913409999997384	epochs	3.0
802.3473813771118	0.03801720000001296	epochs	2.0
802.3473813771118	0.019050200000037876	epochs	3.0
802.3664315771118	0.018966999999975087	epochs	3.0
802.3853985771118	0.037687200000050325	epochs	2.0
802.3853985771118	0.01888450000001285	epochs	3.0
802.4042830771118	0.018802700000037476	epochs	3.0
802.4230857771119	0.03736309999999321	epochs	2.0
802.4230857771119	0.018721700000014607	epochs	3.0
802.4418074771119	0.018641399999978603	epochs	3.0
802.4604488771118	0.03704429999993408	epochs	2.0
802.4604488771118	0.01856159999999818	epochs	3.0
802.4790104771118	0.018482699999935903	epochs	3.0
802.4974931771118	0.0367310000000316	epochs	2.0
802.4974931771118	0.018404300000042895	epochs	3.0
802.5158974771118	0.018326699999988705	epochs	3.0
802.5342241771118	0.036422900000047775	epochs	2.0
802.5342241771118	0.018249599999990096	epochs	3.0
802.5524737771118	0.01817330000005768	epochs	3.0
802.5706470771119	0.03612009999994825	epochs	2.0
802.5706470771119	0.01809759999991911	epochs	3.0
802.5887446771118	0.01802250000002914	epochs	3.0
802.6067671771118	0.03582210000001851	epochs	2.0
802.6067671771118	0.017947899999967376	epochs	3.0
802.6247150771118	0.017874200000051133	epochs	3.0
802.6425892771118	0.03552899999999681	epochs	2.0
802.6425892771118	0.017800800000031813	epochs	3.0
802.6603900771119	0.017728199999965	epochs	3.0
802.6781182771118	0.03524070000003121	epochs	2.0
802.6781182771118	0.017656099999953767	epochs	3.0
802.6957743771118	0.017584600000077444	epochs	3.0
802.7133589771119	0.03495709999992869	epochs	2.0
802.7133589771119	0.01751369999999497	epochs	3.0
802.7308726771118	0.017443399999933717	epochs	3.0
802.7483160771118	0.03467790000001969	epochs	2.0
802.7483160771118	0.017373600000041733	epochs	3.0
802.7656896771118	0.017304299999977957	epochs	3.0
802.7829939771118	0.03440330000000813	epochs	2.0
802.7829939771118	0.01723570000001473	epochs	3.0
802.8002296771118	0.0171675999999934	epochs	3.0
802.8173972771118	0.0341328000000658	epochs	2.0
802.8173972771118	0.017099900000062007	epochs	3.0
802.8344971771119	0.017032900000003792	epochs	3.0
802.8515300771119	0.033866699999975935	epochs	2.0
802.8515300771119	0.01696639999988747	epochs	3.0
802.8684964771118	0.016900300000088464	epochs	3.0
802.8853967771119	0.03360459999998966	epochs	2.0
802.8853967771119	0.01683479999996962	epochs	3.0
802.9022315771118	0.01676980000002004	epochs	3.0
802.9190013771118	0.033346599999958926	epochs	2.0
802.9190013771118	0.016705300000012357	epochs	3.0
802.9357066771119	0.01664129999994657	epochs	3.0
802.9523479771118	0.03309250000006614	epochs	2.0
802.9523479771118	0.016577800000050047	epochs	3.0
802.9689257771118	0.01651470000001609	epochs	3.0
802.9854404771119	0.03284229999997024	epochs	2.0
802.9854404771119	0.01645220000000336	epochs	3.0
803.0018926771119	0.01639009999996688	epochs	3.0
803.0182827771118	0.03259570000000167	epochs	2.0
803.0182827771118	0.016328400000020338	epochs	3.0
803.0346111771119	0.016267299999981333	epochs	3.0
803.0508784771118	0.032352899999978035	epochs	2.0
803.0508784771118	0.016206600000032267	epochs	3.0
803.0670850771119	0.016146299999945768	epochs	3.0
803.0832313771118	0.03211369999996805	epochs	2.0
803.0832313771118	0.016086599999994178	epochs	3.0
803.0993179771118	0.01602709999997387	epochs	3.0
803.1153450771118	0.03187800000000607	epochs	2.0
803.1153450771118	0.015968199999974786	epochs	3.0
803.1313132771118	0.015909800000031282	epochs	3.0
803.1472230771118	0.031645700000012766	epochs	2.0
803.1472230771118	0.01585160000001906	epochs	3.0
803.1630746771118	0.015794099999993705	epochs	3.0
803.1788687771118	0.0314167000000225	epochs	2.0
803.1788687771118	0.015736700000047676	epochs	3.0
803.1946054771118	0.015679999999974825	epochs	3.0
803.2102854771118	0.031191100000000915	epochs	2.0
803.2102854771118	0.015623600000026272	epochs	3.0
803.2259090771119	0.015567499999974643	epochs	3.0
803.2414765771118	0.030968700000016725	epochs	2.0
803.2414765771118	0.015511999999944237	epochs	3.0
803.2569885771118	0.015456700000072487	epochs	3.0
803.2724452771118	0.030749499999956242	epochs	2.0
803.2724452771118	0.015401999999994587	epochs	3.0
803.2878472771118	0.015347499999961656	epochs	3.0
803.3031947771118	0.03053320000003623	epochs	2.0
803.3031947771118	0.015293400000018664	epochs	3.0
803.3184881771118	0.015239800000017567	epochs	3.0
803.3337279771118	0.03032010000003993	epochs	2.0
803.3337279771118	0.015186500000027081	epochs	3.0
803.3489144771119	0.015133600000012848	epochs	3.0
803.3640480771119	0.030109899999956724	epochs	2.0
803.3640480771119	0.015080999999895539	epochs	3.0
803.3791290771118	0.015028900000061185	epochs	3.0
803.3941579771118	0.029902499999934662	epochs	2.0
803.3941579771118	0.01497699999993074	epochs	3.0
803.4091349771118	0.014925500000003922	epochs	3.0
803.4240604771118	0.029698100000018712	epochs	2.0
803.4240604771118	0.014874400000053356	epochs	3.0
803.4389348771118	0.014823699999965356	epochs	3.0
803.4537585771118	0.02949630000000525	epochs	2.0
803.4537585771118	0.014773200000036013	epochs	3.0
803.4685317771118	0.014723099999969236	epochs	3.0
803.4832548771118	0.02929740000001857	epochs	2.0
803.4832548771118	0.014673399999992398	epochs	3.0
803.4979282771118	0.014624000000026172	epochs	3.0
803.5125522771118	0.029101100000048064	epochs	2.0
803.5125522771118	0.01457489999995687	epochs	3.0
803.5271271771118	0.014526200000091194	epochs	3.0
803.5416533771119	0.028907399999980044	epochs	2.0
803.5416533771119	0.014477699999929428	epochs	3.0
803.5561310771118	0.014429700000050616	epochs	3.0
803.5705607771118	0.028716199999962555	epochs	2.0
803.5705607771118	0.014381800000023759	epochs	3.0
803.5849425771119	0.014334399999938796	epochs	3.0
803.5992769771118	0.028527600000074926	epochs	2.0
803.5992769771118	0.01428720000001249	epochs	3.0
803.6135641771118	0.014240400000062436	epochs	3.0
803.6278045771119	0.028341399999931127	epochs	2.0
803.6278045771119	0.014193799999929979	epochs	3.0
803.6419983771118	0.014147600000001148	epochs	3.0
803.6561459771118	0.028157700000065233	epochs	2.0
803.6561459771118	0.014101699999969242	epochs	3.0
803.6702476771118	0.014056000000095992	epochs	3.0
803.6843036771119	0.027976299999977527	epochs	2.0
803.6843036771119	0.014010599999892293	epochs	3.0
803.6983142771118	0.013965700000085235	epochs	3.0
803.7122799771118	0.02779720000000907	epochs	2.0
803.7122799771118	0.013920799999937117	epochs	3.0
803.7262007771118	0.013876400000071953	epochs	3.0
803.7400771771119	0.027620399999932488	epochs	2.0
803.7400771771119	0.0138321999999107	epochs	3.0
803.7539093771118	0.013788200000021789	epochs	3.0
803.7676975771118	0.027445899999975154	epochs	2.0
803.7676975771118	0.013744599999995444	epochs	3.0
803.7814421771118	0.01370129999997971	epochs	3.0
803.7951434771118	0.0272735000000921	epochs	2.0
803.7951434771118	0.013658200000008947	epochs	3.0
803.8088016771118	0.013615300000083153	epochs	3.0
803.8224169771119	0.027103399999987232	epochs	2.0
803.8224169771119	0.013572799999906238	epochs	3.0
803.8359897771118	0.013530600000080995	epochs	3.0
803.8495203771118	0.02693520000002536	epochs	2.0
803.8495203771118	0.013488400000028378	epochs	3.0
803.8630087771119	0.013446799999996983	epochs	3.0
803.8764555771119	0.026769199999989723	epochs	2.0
803.8764555771119	0.013405199999965589	epochs	3.0
803.8898607771118	0.013364000000024134	epochs	3.0
803.9032247771119	0.026605199999949036	epochs	2.0
803.9032247771119	0.013322899999934634	epochs	3.0
803.9165476771118	0.013282300000014402	epochs	3.0
803.9298299771118	0.026443200000016986	epochs	2.0
803.9298299771118	0.013241699999980483	epochs	3.0
803.9430716771118	0.013201500000036503	epochs	3.0
803.9562731771118	0.0262831999999662	epochs	2.0
803.9562731771118	0.013161500000023807	epochs	3.0
803.9694346771118	0.013121699999942393	epochs	3.0
803.9825563771118	0.02612499999997908	epochs	2.0
803.9825563771118	0.013082100000019636	epochs	3.0
803.9956384771118	0.013042899999959445	epochs	3.0
804.0086813771118	0.025968900000066242	epochs	2.0
804.0086813771118	0.01300390000005791	epochs	3.0
804.0216852771118	0.012965000000008331	epochs	3.0
804.0346502771118	0.025814500000024054	epochs	2.0
804.0346502771118	0.012926399999969362	epochs	3.0
804.0475766771118	0.012888100000054692	epochs	3.0
804.0604647771119	0.025661899999931848	epochs	2.0
804.0604647771119	0.012849899999991976	epochs	3.0
804.0733146771119	0.012811999999939871	epochs	3.0
804.0861266771118	0.025511199999982637	epochs	2.0
804.0861266771118	0.012774400000012065	epochs	3.0
804.0989010771118	0.012736799999970572	epochs	3.0
804.1116378771118	0.025362299999983406	epochs	2.0
804.1116378771118	0.012699700000098346	epochs	3.0
804.1243375771119	0.01266259999988506	epochs	3.0
804.1370001771118	0.025215000000002874	epochs	2.0
804.1370001771118	0.012625800000023446	epochs	3.0
804.1496259771118	0.012589199999979428	epochs	3.0
804.1622151771118	0.024584800000070572	epochs	2.0
804.1844459771119	0.5	epochs	-1.0
804.1867999771118	0.5271199999999681	epochs	1.0
804.7139199771118	0.47280000000000655	epochs	0.0
837.0720000267029	0.21271999999999025	epochs	0.0
837.0720000267029	0.10136109999996279	epochs	1.0
837.1733611267028	0.009997800000064672	epochs	1.0
837.1833589267029	0.10136109999996279	epochs	1.0
837.2848000267029	0.2299199999999928	epochs	0.0
837.2848000267029	0.049999999999954525	epochs	1.0
837.3348000267029	0.009999999999990905	epochs	1.0
837.3448000267028	0.05000000000006821	epochs	1.0
837.3948000267029	0.009999999999990905	epochs	1.0
837.4048000267029	0.049999999999954525	epochs	1.0
837.4548000267029	0.009999999999990905	epochs	1.0
837.4648000267028	0.04992000000004282	epochs	1.0
