onset	duration	nwb_table	treelevel
8.278000354766846	0.09999999999999964	epochs	0.0
8.278000354766846	0.04499999999999993	epochs	1.0
8.323000354766846	0.009999999999999787	epochs	1.0
8.333000354766845	0.04499999999999993	epochs	1.0
8.378000354766845	0.7049950000000003	epochs	0.0
8.378000354766845	0.5	epochs	-1.0
8.378000354766845	0.5	epochs	-1.0
8.378000354766845	0.5	epochs	1.0
8.878000354766845	0.0600000000000005	epochs	-1.0
8.878000354766845	0.025000000000000355	epochs	-1.0
8.878000354766845	0.025000000000000355	epochs	1.0
8.903000354766846	0.009999999999999787	epochs	-1.0
8.903000354766846	0.009999999999999787	epochs	1.0
8.913000354766845	0.025000000000000355	epochs	-1.0
8.913000354766845	0.025000000000000355	epochs	1.0
8.938000354766846	0.0600000000000005	epochs	-1.0
8.938000354766846	0.025000000000000355	epochs	-1.0
8.938000354766846	0.025000000000000355	epochs	1.0
8.963000354766846	0.009999999999999787	epochs	-1.0
8.963000354766846	0.009999999999999787	epochs	1.0
8.973000354766846	0.025000000000000355	epochs	-1.0
8.973000354766846	0.025000000000000355	epochs	1.0
8.998000354766846	0.05999999999999872	epochs	-1.0
8.998000354766846	0.02499999999999858	epochs	-1.0
8.998000354766846	0.02499999999999858	epochs	1.0
9.023000354766845	0.010000000000001563	epochs	-1.0
9.023000354766845	0.010000000000001563	epochs	1.0
9.033000354766846	0.02499999999999858	epochs	-1.0
9.033000354766846	0.02499999999999858	epochs	1.0
9.058000354766845	0.024995000000000545	epochs	1.0
1591.259000301361	0.09999999999990905	epochs	0.0
1591.259000301361	0.04500000000007276	epochs	1.0
1591.3040003013612	0.009999999999990905	epochs	1.0
1591.3140003013611	0.044999999999845386	epochs	1.0
1591.359000301361	0.7049950000000536	epochs	0.0
1591.359000301361	0.5	epochs	-1.0
1591.359000301361	0.5	epochs	1.0
1591.859000301361	0.060000000000172804	epochs	-1.0
1591.859000301361	0.02500000000009095	epochs	-1.0
1591.859000301361	0.02500000000009095	epochs	1.0
1591.884000301361	0.009999999999990905	epochs	-1.0
1591.884000301361	0.009999999999990905	epochs	1.0
1591.894000301361	0.02500000000009095	epochs	-1.0
1591.894000301361	0.02500000000009095	epochs	1.0
1591.9190003013612	0.05999999999994543	epochs	-1.0
1591.9190003013612	0.024999999999863576	epochs	-1.0
1591.9190003013612	0.024999999999863576	epochs	1.0
1591.944000301361	0.009999999999990905	epochs	-1.0
1591.944000301361	0.009999999999990905	epochs	1.0
1591.954000301361	0.02500000000009095	epochs	-1.0
1591.954000301361	0.02500000000009095	epochs	1.0
1591.979000301361	0.05999999999994543	epochs	-1.0
1591.979000301361	0.024999999999863576	epochs	-1.0
1591.979000301361	0.024999999999863576	epochs	1.0
1592.004000301361	0.010000000000218279	epochs	-1.0
1592.004000301361	0.010000000000218279	epochs	1.0
1592.0140003013612	0.024999999999863576	epochs	-1.0
1592.0140003013612	0.024999999999863576	epochs	1.0
1592.039000301361	0.024994999999989886	epochs	1.0
1659.9300003051758	0.09999999999990905	epochs	0.0
1659.9300003051758	0.04500000000007276	epochs	1.0
1659.9750003051759	0.009999999999990905	epochs	1.0
1659.9850003051758	0.044999999999845386	epochs	1.0
1660.0300003051757	61.38499500000012	epochs	0.0
1660.0300003051757	0.5	epochs	-1.0
1660.0300003051757	0.5	epochs	-1.0
1660.0300003051757	0.5	epochs	1.0
1660.5300003051757	0.060000000000172804	epochs	-1.0
1660.5300003051757	0.02500000000009095	epochs	-1.0
1660.5300003051757	0.02500000000009095	epochs	1.0
1660.5550003051758	0.009999999999990905	epochs	-1.0
1660.5550003051758	0.009999999999990905	epochs	1.0
1660.5650003051758	0.02500000000009095	epochs	-1.0
1660.5650003051758	0.02500000000009095	epochs	1.0
1660.5900003051759	0.05999999999994543	epochs	-1.0
1660.5900003051759	0.024999999999863576	epochs	-1.0
1660.5900003051759	0.024999999999863576	epochs	1.0
1660.6150003051757	0.009999999999990905	epochs	-1.0
1660.6150003051757	0.009999999999990905	epochs	1.0
1660.6250003051757	0.02500000000009095	epochs	-1.0
1660.6250003051757	0.02500000000009095	epochs	1.0
1660.6500003051758	0.05999999999994543	epochs	-1.0
1660.6500003051758	0.024999999999863576	epochs	-1.0
1660.6500003051758	0.024999999999863576	epochs	1.0
1660.6750003051757	0.010000000000218279	epochs	-1.0
1660.6750003051757	0.010000000000218279	epochs	1.0
1660.685000305176	0.024999999999863576	epochs	-1.0
1660.685000305176	0.024999999999863576	epochs	1.0
1660.7100003051758	60.0	epochs	1.0
1720.7100003051758	0.5	epochs	-1.0
1720.7100003051758	0.5	epochs	-1.0
1720.7100003051758	0.5	epochs	1.0
1721.2100003051758	0.05999999999994543	epochs	-1.0
1721.2100003051758	0.02500000000009095	epochs	-1.0
1721.2100003051758	0.02500000000009095	epochs	1.0
1721.2350003051758	0.009999999999990905	epochs	-1.0
1721.2350003051758	0.009999999999990905	epochs	1.0
1721.2450003051758	0.024999999999863576	epochs	-1.0
1721.2450003051758	0.024999999999863576	epochs	1.0
1721.2700003051757	0.060000000000172804	epochs	-1.0
1721.2700003051757	0.02500000000009095	epochs	-1.0
1721.2700003051757	0.02500000000009095	epochs	1.0
1721.2950003051758	0.009999999999990905	epochs	-1.0
1721.2950003051758	0.009999999999990905	epochs	1.0
1721.3050003051758	0.02500000000009095	epochs	-1.0
1721.3050003051758	0.02500000000009095	epochs	1.0
1721.3300003051759	0.05999999999994543	epochs	-1.0
1721.3300003051759	0.024999999999863576	epochs	-1.0
1721.3300003051759	0.024999999999863576	epochs	1.0
1721.3550003051757	0.009999999999990905	epochs	-1.0
1721.3550003051757	0.009999999999990905	epochs	1.0
1721.3650003051757	0.02500000000009095	epochs	-1.0
1721.3650003051757	0.02500000000009095	epochs	1.0
1721.3900003051758	0.024994999999989886	epochs	1.0
1754.4660000801086	0.09999999999990905	epochs	0.0
1754.4660000801086	0.04500000000007276	epochs	1.0
1754.5110000801087	0.009999999999990905	epochs	1.0
1754.5210000801087	0.044999999999845386	epochs	1.0
1754.5660000801086	0.7049950000000536	epochs	0.0
1754.5660000801086	0.5	epochs	-1.0
1754.5660000801086	0.5	epochs	-1.0
1754.5660000801086	0.5	epochs	1.0
1755.0660000801086	0.060000000000172804	epochs	-1.0
1755.0660000801086	0.02500000000009095	epochs	-1.0
1755.0660000801086	0.02500000000009095	epochs	1.0
1755.0910000801086	0.009999999999990905	epochs	-1.0
1755.0910000801086	0.009999999999990905	epochs	1.0
1755.1010000801086	0.02500000000009095	epochs	-1.0
1755.1010000801086	0.02500000000009095	epochs	1.0
1755.1260000801087	0.05999999999994543	epochs	-1.0
1755.1260000801087	0.024999999999863576	epochs	-1.0
1755.1260000801087	0.024999999999863576	epochs	1.0
1755.1510000801086	0.009999999999990905	epochs	-1.0
1755.1510000801086	0.009999999999990905	epochs	1.0
1755.1610000801086	0.02500000000009095	epochs	-1.0
1755.1610000801086	0.02500000000009095	epochs	1.0
1755.1860000801087	0.05999999999994543	epochs	-1.0
1755.1860000801087	0.024999999999863576	epochs	-1.0
1755.1860000801087	0.024999999999863576	epochs	1.0
1755.2110000801085	0.010000000000218279	epochs	-1.0
1755.2110000801085	0.010000000000218279	epochs	1.0
1755.2210000801088	0.024999999999863576	epochs	-1.0
1755.2210000801088	0.024999999999863576	epochs	1.0
1755.2460000801086	0.024994999999989886	epochs	1.0
1794.66100025177	0.041320000000041546	epochs	0.0
1794.66100025177	0.01566030000003593	epochs	1.0
1794.67666055177	0.009999399999969683	epochs	1.0
1794.68665995177	0.01566030000003593	epochs	1.0
1794.70232025177	5.9999800000000505	epochs	0.0
1794.70232025177	0.5	epochs	1.0
1794.70232255177	0.5	epochs	-1.0
1794.70232255177	0.5	epochs	-1.0
1795.20232025177	5.0	epochs	1.0
1800.20232025177	0.4999800000000505	epochs	1.0
1800.20232255177	0.49997770000004493	epochs	-1.0
1806.2750000953674	0.041320000000041546	epochs	0.0
1806.2750000953674	0.01566030000003593	epochs	1.0
1806.2906603953675	0.009999399999969683	epochs	1.0
1806.3006597953674	0.01566030000003593	epochs	1.0
1806.3163200953675	2.5186999999998534	epochs	0.0
1806.3163200953675	0.5	epochs	1.0
1806.3163223953675	0.5	epochs	-1.0
1806.8163200953675	1.0	epochs	1.0
1807.8163200953675	1.0186999999998534	epochs	1.0
1808.3163223953675	0.5	epochs	-1.0
1808.8350200953673	0.9812800000001971	epochs	0.0
1809.0840001106262	0.041320000000041546	epochs	0.0
1809.0840001106262	0.01566030000003593	epochs	1.0
1809.0996604106263	0.009999399999969683	epochs	1.0
1809.1096598106262	0.01566030000003593	epochs	1.0
1809.1253201106263	2.518339999999853	epochs	0.0
1809.1253201106263	0.5	epochs	1.0
1809.1253224106263	0.5	epochs	-1.0
1809.6253201106263	1.0	epochs	1.0
1810.6253201106263	1.0183399999998528	epochs	1.0
1811.1253224106263	0.5	epochs	-1.0
1811.6436601106261	0.9816400000001977	epochs	0.0
1811.8600001335144	0.041320000000041546	epochs	0.0
1811.8600001335144	0.01566030000003593	epochs	1.0
1811.8756604335144	0.009999399999969683	epochs	1.0
1811.8856598335144	0.01566030000003593	epochs	1.0
1811.9013201335144	2.5184600000000046	epochs	0.0
1811.9013201335144	0.5	epochs	1.0
1811.9013224335145	0.5	epochs	-1.0
1812.4013201335144	1.0	epochs	1.0
1813.4013201335144	1.0184600000000046	epochs	1.0
1813.9013224335145	0.5	epochs	-1.0
1814.4197801335145	0.9815200000000459	epochs	0.0
1814.638000011444	0.041320000000041546	epochs	0.0
1814.638000011444	0.01566030000003593	epochs	1.0
1814.6536603114441	0.009999399999969683	epochs	1.0
1814.663659711444	0.01566030000003593	epochs	1.0
1814.6793200114441	2.518199999999979	epochs	0.0
1814.6793200114441	0.5	epochs	1.0
1814.6793223114441	0.5	epochs	-1.0
1815.1793200114441	1.0	epochs	1.0
1816.1793200114441	1.018199999999979	epochs	1.0
1816.6793223114441	0.5	epochs	-1.0
1817.197520011444	0.9817800000000716	epochs	0.0
1817.4620003700256	0.041320000000041546	epochs	0.0
1817.4620003700256	0.01566030000003593	epochs	1.0
1817.4776606700257	0.009999399999969683	epochs	1.0
1817.4876600700256	0.01566030000003593	epochs	1.0
1817.5033203700257	2.557459999999992	epochs	0.0
1817.5033203700257	0.5	epochs	1.0
1817.5033226700257	0.5	epochs	-1.0
1818.0033203700257	1.0	epochs	1.0
1819.0033203700257	1.0574599999999919	epochs	1.0
1819.5033226700257	0.5	epochs	-1.0
1820.0607803700257	0.9425200000000586	epochs	0.0
1820.3150000572205	0.6499799999999141	epochs	0.0
1820.3150000572205	0.049999999999954525	epochs	1.0
1820.3650000572204	0.5	epochs	1.0
1820.8650000572204	0.09997999999995955	epochs	1.0
1821.2520003318787	0.6499799999999141	epochs	0.0
1821.2520003318787	0.049999999999954525	epochs	1.0
1821.3020003318786	0.5	epochs	1.0
1821.8020003318786	0.09997999999995955	epochs	1.0
1822.1860003471375	0.6499799999999141	epochs	0.0
1822.1860003471375	0.049999999999954525	epochs	1.0
1822.2360003471374	0.5	epochs	1.0
1822.7360003471374	0.09997999999995955	epochs	1.0
1823.1140003204346	0.6499799999999141	epochs	0.0
1823.1140003204346	0.049999999999954525	epochs	1.0
1823.1640003204345	0.5	epochs	1.0
1823.6640003204345	0.09997999999995955	epochs	1.0
1824.0280003547668	0.6499799999999141	epochs	0.0
1824.0280003547668	0.049999999999954525	epochs	1.0
1824.0780003547668	0.5	epochs	1.0
1824.5780003547668	0.09997999999995955	epochs	1.0
1824.9460000991821	0.6499799999999141	epochs	0.0
1824.9460000991821	0.049999999999954525	epochs	1.0
1824.996000099182	0.5	epochs	1.0
1825.496000099182	0.09997999999995955	epochs	1.0
1825.8900003433228	0.041320000000041546	epochs	0.0
1825.8900003433228	0.01566030000003593	epochs	1.0
1825.9056606433228	0.009999399999969683	epochs	1.0
1825.9156600433228	0.01566030000003593	epochs	1.0
1825.9313203433228	2.518199999999979	epochs	0.0
1825.9313203433228	0.5	epochs	1.0
1825.9313226433228	0.5	epochs	-1.0
1826.4313203433228	1.0	epochs	1.0
1827.4313203433228	1.018199999999979	epochs	1.0
1827.9313226433228	0.5	epochs	-1.0
1828.4495203433228	2.9817800000000716	epochs	0.0
1831.143000125885	0.041320000000041546	epochs	0.0
1831.143000125885	0.01566030000003593	epochs	1.0
1831.158660425885	0.009999399999969683	epochs	1.0
1831.168659825885	0.01566030000003593	epochs	1.0
1831.184320125885	2.5175799999999526	epochs	0.0
1831.184320125885	0.5	epochs	1.0
1831.184322425885	0.5	epochs	-1.0
1831.684320125885	1.0	epochs	1.0
1832.684320125885	1.0175799999999526	epochs	1.0
1833.184322425885	0.5	epochs	-1.0
1833.701900125885	2.982400000000098	epochs	0.0
1836.3320002555847	0.041320000000041546	epochs	0.0
1836.3320002555847	0.01566030000003593	epochs	1.0
1836.3476605555848	0.009999399999969683	epochs	1.0
1836.3576599555847	0.01566030000003593	epochs	1.0
1836.3733202555848	2.5179599999999027	epochs	0.0
1836.3733202555848	0.5	epochs	1.0
1836.3733225555848	0.5	epochs	-1.0
1836.8733202555848	1.0	epochs	1.0
1837.8733202555848	1.0179599999999027	epochs	1.0
1838.3733225555848	0.5	epochs	-1.0
1838.8912802555847	3.9820200000001478	epochs	0.0
1839.16100025177	0.041320000000041546	epochs	0.0
1839.16100025177	0.01566030000003593	epochs	1.0
1839.17666055177	0.009999399999969683	epochs	1.0
1839.18665995177	0.01566030000003593	epochs	1.0
1839.20232025177	2.5182199999999284	epochs	0.0
1839.20232025177	0.5	epochs	1.0
1839.20232255177	0.5	epochs	-1.0
1839.70232025177	1.0	epochs	1.0
1840.70232025177	1.0182199999999284	epochs	1.0
1841.20232255177	0.5	epochs	-1.0
1841.72054025177	3.981760000000122	epochs	0.0
1842.0079998970032	0.041320000000041546	epochs	0.0
1842.0079998970032	0.01566030000003593	epochs	1.0
1842.0236601970032	0.009999399999969683	epochs	1.0
1842.0336595970032	0.01566030000003593	epochs	1.0
1842.0493198970032	2.519080000000031	epochs	0.0
1842.0493198970032	0.5	epochs	1.0
1842.0493221970032	0.5	epochs	-1.0
1842.5493198970032	1.0	epochs	1.0
1843.5493198970032	1.0190800000000309	epochs	1.0
1844.0493221970032	0.5	epochs	-1.0
1844.5683998970032	3.9809000000000196	epochs	0.0
1844.8330001831055	0.041320000000041546	epochs	0.0
1844.8330001831055	0.01566030000003593	epochs	1.0
1844.8486604831055	0.009999399999969683	epochs	1.0
1844.8586598831055	0.01566030000003593	epochs	1.0
1844.8743201831055	2.5189399999999296	epochs	0.0
1844.8743201831055	0.5	epochs	1.0
1844.8743224831055	0.5	epochs	-1.0
1845.3743201831055	1.0	epochs	1.0
1846.3743201831055	1.0189399999999296	epochs	1.0
1846.8743224831055	0.5	epochs	-1.0
1847.3932601831054	3.981040000000121	epochs	0.0
1847.6670002937317	0.041320000000041546	epochs	0.0
1847.6670002937317	0.01566030000003593	epochs	1.0
1847.6826605937317	0.009999399999969683	epochs	1.0
1847.6926599937317	0.01566030000003593	epochs	1.0
1847.7083202937317	2.518199999999979	epochs	0.0
1847.7083202937317	0.5	epochs	1.0
1847.7083225937317	0.5	epochs	-1.0
1848.2083202937317	1.0	epochs	1.0
1849.2083202937317	1.018199999999979	epochs	1.0
1849.7083225937317	0.5	epochs	-1.0
1850.2265202937317	3.9817800000000716	epochs	0.0
1850.5	0.041320000000041546	epochs	0.0
1850.5	0.01566030000003593	epochs	1.0
1850.5156603	0.009999399999969683	epochs	1.0
1850.5256597	0.01566030000003593	epochs	1.0
1850.54132	2.519080000000031	epochs	0.0
1850.54132	0.5	epochs	1.0
1850.5413223	0.5	epochs	-1.0
1851.04132	1.0	epochs	1.0
1852.04132	1.0190800000000309	epochs	1.0
1852.5413223	0.5	epochs	-1.0
1853.0604	3.9809000000000196	epochs	0.0
1853.3540000915527	0.1529800000000705	epochs	0.0
1853.3540000915527	0.049999999999954525	epochs	1.0
1853.4040000915527	0.003000000000156433	epochs	1.0
1853.4070000915528	0.09997999999995955	epochs	1.0
1853.8099999427795	0.1529800000000705	epochs	0.0
1853.8099999427795	0.049999999999954525	epochs	1.0
1853.8599999427795	0.003000000000156433	epochs	1.0
1853.8629999427797	0.09997999999995955	epochs	1.0
1854.2670001983643	0.1529800000000705	epochs	0.0
1854.2670001983643	0.049999999999954525	epochs	1.0
1854.3170001983642	0.003000000000156433	epochs	1.0
1854.3200001983644	0.09997999999995955	epochs	1.0
1854.7080001831055	0.1529800000000705	epochs	0.0
1854.7080001831055	0.049999999999954525	epochs	1.0
1854.7580001831054	0.003000000000156433	epochs	1.0
1854.7610001831056	0.09997999999995955	epochs	1.0
1855.148000240326	0.1529800000000705	epochs	0.0
1855.148000240326	0.049999999999954525	epochs	1.0
1855.1980002403259	0.003000000000156433	epochs	1.0
1855.201000240326	0.09997999999995955	epochs	1.0
1855.5929999351501	0.1529800000000705	epochs	0.0
1855.5929999351501	0.049999999999954525	epochs	1.0
1855.64299993515	0.003000000000156433	epochs	1.0
1855.6459999351503	0.09997999999995955	epochs	1.0
1856.0380001068115	0.1529800000000705	epochs	0.0
1856.0380001068115	0.049999999999954525	epochs	1.0
1856.0880001068115	0.003000000000156433	epochs	1.0
1856.0910001068116	0.09997999999995955	epochs	1.0
1856.5009999275208	0.1529800000000705	epochs	0.0
1856.5009999275208	0.049999999999954525	epochs	1.0
1856.5509999275207	0.003000000000156433	epochs	1.0
1856.5539999275209	0.09997999999995955	epochs	1.0
1856.9840002059937	0.1529800000000705	epochs	0.0
1856.9840002059937	0.049999999999954525	epochs	1.0
1857.0340002059936	0.003000000000156433	epochs	1.0
1857.0370002059938	0.09997999999995955	epochs	1.0
1857.4440002441406	0.1529800000000705	epochs	0.0
1857.4440002441406	0.049999999999954525	epochs	1.0
1857.4940002441406	0.003000000000156433	epochs	1.0
1857.4970002441407	0.09997999999995955	epochs	1.0
1857.91100025177	0.1529800000000705	epochs	0.0
1857.91100025177	0.049999999999954525	epochs	1.0
1857.96100025177	0.003000000000156433	epochs	1.0
1857.9640002517701	0.09997999999995955	epochs	1.0
1858.3600001335144	0.1529800000000705	epochs	0.0
1858.3600001335144	0.049999999999954525	epochs	1.0
1858.4100001335144	0.003000000000156433	epochs	1.0
1858.4130001335145	0.09997999999995955	epochs	1.0
1858.829999923706	0.1529800000000705	epochs	0.0
1858.829999923706	0.049999999999954525	epochs	1.0
1858.879999923706	0.003000000000156433	epochs	1.0
1858.8829999237062	0.09997999999995955	epochs	1.0
1859.291000366211	0.1529800000000705	epochs	0.0
1859.291000366211	0.049999999999954525	epochs	1.0
1859.341000366211	0.003000000000156433	epochs	1.0
1859.344000366211	0.09997999999995955	epochs	1.0
1859.7470002174377	0.1529800000000705	epochs	0.0
1859.7470002174377	0.049999999999954525	epochs	1.0
1859.7970002174377	0.003000000000156433	epochs	1.0
1859.8000002174379	0.09997999999995955	epochs	1.0
1860.2109999656677	0.1529800000000705	epochs	0.0
1860.2109999656677	0.049999999999954525	epochs	1.0
1860.2609999656677	0.003000000000156433	epochs	1.0
1860.2639999656678	0.09997999999995955	epochs	1.0
1860.6680002212524	0.1529800000000705	epochs	0.0
1860.6680002212524	0.049999999999954525	epochs	1.0
1860.7180002212524	0.003000000000156433	epochs	1.0
1860.7210002212526	0.09997999999995955	epochs	1.0
1861.1670002937317	0.041320000000041546	epochs	0.0
1861.1670002937317	0.01566030000003593	epochs	1.0
1861.1826605937317	0.009999399999969683	epochs	1.0
1861.1926599937317	0.01566030000003593	epochs	1.0
1861.2083202937317	1.5185599999999795	epochs	0.0
1861.2083202937317	0.5	epochs	1.0
1861.2083225937317	0.5	epochs	-1.0
1861.7083202937317	0.0029999999999290594	epochs	1.0
1861.7113202937317	1.0155600000000504	epochs	1.0
1862.2113225937317	0.5	epochs	-1.0
1862.7268802937317	0.08441999999990912	epochs	0.0
1863.3600001335144	0.041320000000041546	epochs	0.0
1863.3600001335144	0.01566030000003593	epochs	1.0
1863.3756604335144	0.009999399999969683	epochs	1.0
1863.3856598335144	0.01566030000003593	epochs	1.0
1863.4013201335144	1.5585399999999936	epochs	0.0
1863.4013201335144	0.5	epochs	1.0
1863.4013224335145	0.5	epochs	-1.0
1863.9013201335144	0.0029999999999290594	epochs	1.0
1863.9043201335144	1.0555400000000645	epochs	1.0
1864.4043224335144	0.5	epochs	-1.0
1864.9598601335144	0.04443999999989501	epochs	0.0
1865.5599999427795	0.041320000000041546	epochs	0.0
1865.5599999427795	0.01566030000003593	epochs	1.0
1865.5756602427796	0.009999399999969683	epochs	1.0
1865.5856596427795	0.01566030000003593	epochs	1.0
1865.6013199427796	9.517419999999902	epochs	0.0
1865.6013199427796	0.5	epochs	1.0
1865.6013222427796	0.5	epochs	-1.0
1866.1013199427796	9.017419999999902	epochs	1.0
1874.1192999427794	0.9994400000000496	epochs	-1.0
1874.1192999427794	0.03868000000011307	epochs	-1.0
1874.6167822427794	0.5	epochs	-1.0
1875.1187399427795	9.982560000000149	epochs	0.0
1875.5170001983643	0.041320000000041546	epochs	0.0
1875.5170001983643	0.01566030000003593	epochs	1.0
1875.5326604983643	0.009999399999969683	epochs	1.0
1875.5426598983643	0.01566030000003593	epochs	1.0
1875.5583201983643	9.498679999999922	epochs	0.0
1875.5583201983643	0.5	epochs	1.0
1875.5583224983643	0.5	epochs	-1.0
1876.0583201983643	8.998679999999922	epochs	1.0
1884.0573001983641	0.9997000000000753	epochs	-1.0
1884.0573001983641	0.03956000000016502	epochs	-1.0
1884.5547824983641	0.5	epochs	-1.0
1885.0570001983642	10.001300000000128	epochs	0.0
1885.3700003623962	0.041320000000041546	epochs	0.0
1885.3700003623962	0.01566030000003593	epochs	1.0
1885.3856606623963	0.009999399999969683	epochs	1.0
1885.3956600623962	0.01566030000003593	epochs	1.0
1885.4113203623963	13.677359999999908	epochs	0.0
1885.4113203623963	0.5	epochs	1.0
1885.4113226623963	0.5	epochs	-1.0
1885.9113203623963	13.177359999999908	epochs	1.0
1894.0690403623962	5.019639999999981	epochs	-1.0
1894.0690403623962	0.040439999999989595	epochs	-1.0
1894.5665226623962	0.5	epochs	-1.0
1895.0665226623962	0.5	epochs	-1.0
1895.5665226623962	0.5	epochs	-1.0
1896.0665226623962	0.5	epochs	-1.0
1896.5665226623962	0.5	epochs	-1.0
1897.0665226623962	0.5	epochs	-1.0
1897.5665226623962	0.5	epochs	-1.0
1898.0665226623962	0.5	epochs	-1.0
1898.5665226623962	0.5	epochs	-1.0
1899.0886803623962	5.822620000000143	epochs	0.0
1910.3670001029968	0.04127999999991516	epochs	0.0
1910.3670001029968	0.015645100000028833	epochs	1.0
1910.3826452029969	0.009989799999857496	epochs	1.0
1910.3926350029967	0.015645100000028833	epochs	1.0
1910.4083601029968	2.0	epochs	0.0
1912.4083224029969	0.5	epochs	-1.0
1912.4083601029968	5.358400000000074	epochs	0.0
1912.4083601029968	1.0	epochs	1.0
1912.9083224029969	4.858437699999968	epochs	-1.0
1913.4083601029968	4.358400000000074	epochs	1.0
1913.4083601029968	4.356753900000058	epochs	-1.0
1913.4083601029968	1.9745872000000873	epochs	2.0
1913.4083601029968	1.0985622000000603	epochs	3.0
1914.5069223029968	0.8760250000000269	epochs	3.0
1915.3829473029969	1.3524075000000266	epochs	2.0
1915.3829473029969	0.7286354999998821	epochs	3.0
1916.1115828029967	0.6237720000001445	epochs	3.0
1916.7353548029969	1.029759199999944	epochs	2.0
1916.7353548029969	0.5453293000000485	epochs	3.0
1917.280684102997	0.4844298999998955	epochs	3.0
1917.7651140029968	0.001646100000016304	epochs	2.0
1917.7651140029968	0.001646100000016304	epochs	3.0
1917.7667601029968	16.6415199999999	epochs	0.0
1918.1670002937317	0.04127999999991516	epochs	0.0
1918.1670002937317	0.015645100000028833	epochs	1.0
1918.1826453937317	0.009989799999857496	epochs	1.0
1918.1926351937316	0.015645100000028833	epochs	1.0
1918.2083602937316	2.0	epochs	0.0
1920.2083225937317	0.5	epochs	-1.0
1920.2083602937316	21.518479999999954	epochs	0.0
1920.2083602937316	1.0	epochs	1.0
1920.7083225937317	19.999360000000024	epochs	-1.0
1921.2083602937316	20.0	epochs	1.0
1921.2083602937316	4.356753900000058	epochs	-1.0
1921.2083602937316	1.9745872000000873	epochs	2.0
1921.2083602937316	1.0985622000000603	epochs	3.0
1922.3069224937317	0.8760250000000269	epochs	3.0
1923.1829474937317	1.3524075000000266	epochs	2.0
1923.1829474937317	0.7286354999998821	epochs	3.0
1923.9115829937316	0.6237720000001445	epochs	3.0
1924.5353549937317	1.029759199999944	epochs	2.0
1924.5353549937317	0.5453293000000485	epochs	3.0
1925.0806842937318	0.4844298999998955	epochs	3.0
1925.5651141937317	0.8317861999998968	epochs	2.0
1925.5651141937317	0.4357763000000432	epochs	3.0
1926.0008904937317	0.3960098999998536	epochs	3.0
1926.3969003937316	0.6977970000000369	epochs	2.0
1926.3969003937316	0.3628982000000178	epochs	3.0
1926.7597985937316	0.33489880000001904	epochs	3.0
1927.0946973937316	0.601045699999986	epochs	2.0
1927.0946973937316	0.3109123000001546	epochs	3.0
1927.4056096937318	0.29013339999983145	epochs	3.0
1927.6957430937316	0.5278859000000011	epochs	2.0
1927.6957430937316	0.2719586000000618	epochs	3.0
1927.9677016937317	0.25592729999993935	epochs	3.0
1928.2236289937316	0.4706193000001804	epochs	2.0
1928.2236289937316	0.241681299999982	epochs	3.0
1928.4653102937316	0.22893800000019837	epochs	3.0
1928.6942482937318	0.42457039999999324	epochs	2.0
1928.6942482937318	0.2174713999997948	epochs	3.0
1928.9117196937316	0.20709900000019843	epochs	3.0
1929.1188186937318	0.3867353999999068	epochs	2.0
1929.1188186937318	0.19767109999997956	epochs	3.0
1929.3164897937318	0.18906429999992724	epochs	3.0
1929.5055540937317	0.35509529999990264	epochs	2.0
1929.5055540937317	0.18117589999997108	epochs	3.0
1929.6867299937317	0.17391939999993156	epochs	3.0
1929.8606493937316	0.3282431000000088	epochs	2.0
1929.8606493937316	0.167221900000186	epochs	3.0
1930.0278712937318	0.16102119999982278	epochs	3.0
1930.1888924937316	0.30516800000009425	epochs	2.0
1930.1888924937316	0.15526390000013635	epochs	3.0
1930.3441563937317	0.1499040999999579	epochs	3.0
1930.4940604937317	0.28512529999989056	epochs	2.0
1930.4940604937317	0.1449021000000812	epochs	3.0
1930.6389625937318	0.14022319999980937	epochs	3.0
1930.7791857937316	0.267553800000087	epochs	2.0
1930.7791857937316	0.13583690000018578	epochs	3.0
1930.9150226937318	0.13171689999990122	epochs	3.0
1931.0467395937317	0.252022899999929	epochs	2.0
1931.0467395937317	0.1278393000000051	epochs	3.0
1931.1745788937317	0.1241835999999239	epochs	3.0
1931.2987624937316	0.23819650000018555	epochs	2.0
1931.2987624937316	0.12073110000005727	epochs	3.0
1931.4194935937317	0.11746540000012828	epochs	3.0
1931.5369589937318	0.22580879999986792	epochs	2.0
1931.5369589937318	0.1143718999999237	epochs	3.0
1931.6513308937317	0.11143689999994422	epochs	3.0
1931.7627677937317	0.2146460000001298	epochs	2.0
1931.7627677937317	0.10864889999993466	epochs	3.0
1931.8714166937316	0.10599710000019513	epochs	3.0
1931.9774137937318	0.2045349999998507	epochs	2.0
1931.9774137937318	0.1034714999998414	epochs	3.0
1932.0808852937316	0.1010635000000093	epochs	3.0
1932.1819487937316	0.19533400000000256	epochs	2.0
1932.1819487937316	0.09876510000003691	epochs	3.0
1932.2807138937317	0.09656889999996565	epochs	3.0
1932.3772827937316	0.18692529999998442	epochs	2.0
1932.3772827937316	0.09446830000001682	epochs	3.0
1932.4717510937317	0.09245699999996759	epochs	3.0
1932.5642080937316	0.1792107000001124	epochs	2.0
1932.5642080937316	0.0905296000000817	epochs	3.0
1932.6547376937317	0.08868110000003071	epochs	3.0
1932.7434187937317	0.17210769999996955	epochs	2.0
1932.7434187937317	0.08690630000000965	epochs	3.0
1932.8303250937317	0.0852013999999599	epochs	3.0
1932.9155264937317	0.16554640000003928	epochs	2.0
1932.9155264937317	0.08356189999994967	epochs	3.0
1932.9990883937317	0.08198450000008961	epochs	3.0
1933.0810728937317	0.15946710000002895	epochs	2.0
1933.0810728937317	0.08046539999986635	epochs	3.0
1933.1615382937316	0.0790017000001626	epochs	3.0
1933.2405399937318	0.1538183999998637	epochs	2.0
1933.2405399937318	0.07759009999995214	epochs	3.0
1933.3181300937317	0.07622829999991154	epochs	3.0
1933.3943583937316	0.14855639999996129	epochs	2.0
1933.3943583937316	0.07491330000016205	epochs	3.0
1933.4692716937318	0.07364309999979923	epochs	3.0
1933.5429147937316	0.14364240000008976	epochs	2.0
1933.5429147937316	0.07241500000009182	epochs	3.0
1933.6153297937317	0.07122739999999794	epochs	3.0
1933.6865571937317	0.13904309999998077	epochs	2.0
1933.6865571937317	0.07007799999996678	epochs	3.0
1933.7566351937317	0.06896510000001399	epochs	3.0
1933.8256002937317	0.1347293000001173	epochs	2.0
1933.8256002937317	0.0678871000000072	epochs	3.0
1933.8934873937317	0.0668422000001101	epochs	3.0
1933.9603295937318	0.13067519999981414	epochs	2.0
1933.9603295937318	0.06582909999997355	epochs	3.0
1934.0261586937318	0.06484609999984059	epochs	3.0
1934.0910047937316	0.12685780000015257	epochs	2.0
1934.0910047937316	0.06389200000012352	epochs	3.0
1934.1548967937317	0.06296580000002905	epochs	3.0
1934.2178625937318	0.12325719999989815	epochs	2.0
1934.2178625937318	0.06206580000002759	epochs	3.0
1934.2799283937318	0.061191399999870555	epochs	3.0
1934.3411197937317	0.11985540000000583	epochs	2.0
1934.3411197937317	0.060341099999959624	epochs	3.0
1934.4014608937316	0.059514300000046205	epochs	3.0
1934.4609751937317	0.11663620000012997	epochs	2.0
1934.4609751937317	0.058709599999929196	epochs	3.0
1934.5196847937316	0.05792660000020078	epochs	3.0
1934.5776113937318	0.11358559999985118	epochs	2.0
1934.5776113937318	0.05716419999998834	epochs	3.0
1934.6347755937318	0.05642139999986284	epochs	3.0
1934.6911969937316	0.11069050000014613	epochs	2.0
1934.6911969937316	0.055697900000041045	epochs	3.0
1934.7468948937317	0.054992600000105085	epochs	3.0
1934.8018874937318	0.10793909999983953	epochs	2.0
1934.8018874937318	0.054304899999806366	epochs	3.0
1934.8561923937316	0.05363420000003316	epochs	3.0
1934.9098265937316	0.10532150000017282	epochs	2.0
1934.9098265937316	0.052980000000161453	epochs	3.0
1934.9628065937318	0.052341500000011365	epochs	3.0
1935.0151480937318	0.10282759999995505	epochs	2.0
1935.0151480937318	0.05171809999978905	epochs	3.0
1935.0668661937316	0.05110950000016601	epochs	3.0
1935.1179756937318	0.10044909999987794	epochs	2.0
1935.1179756937318	0.050514900000052876	epochs	3.0
1935.1684905937318	0.04993419999982507	epochs	3.0
1935.2184247937316	0.0981782999999723	epochs	2.0
1935.2184247937316	0.04936659999998483	epochs	3.0
1935.2677913937316	0.04881169999998747	epochs	3.0
1935.3166030937316	0.09600780000005216	epochs	2.0
1935.3166030937316	0.04826920000004975	epochs	3.0
1935.3648722937317	0.04773860000000241	epochs	3.0
1935.4126108937317	0.09393120000004274	epochs	2.0
1935.4126108937317	0.04721949999998287	epochs	3.0
1935.4598303937316	0.046711700000059864	epochs	3.0
1935.5065420937317	0.09194260000003851	epochs	2.0
1935.5065420937317	0.046214599999984785	epochs	3.0
1935.5527566937317	0.045728000000053726	epochs	3.0
1935.5984846937317	0.09003630000006524	epochs	2.0
1935.5984846937317	0.045251499999949374	epochs	3.0
1935.6437361937317	0.044784800000115865	epochs	3.0
1935.6885209937318	0.0882075999998051	epochs	2.0
1935.6885209937318	0.04432779999979175	epochs	3.0
1935.7328487937316	0.04387980000001335	epochs	3.0
1935.7767285937316	0.0864516999999978	epochs	2.0
1935.7767285937316	0.04344100000002982	epochs	3.0
1935.8201695937316	0.04301069999996798	epochs	3.0
1935.8631802937316	0.08476430000018809	epochs	2.0
1935.8631802937316	0.04258900000013455	epochs	3.0
1935.9057692937317	0.04217530000005354	epochs	3.0
1935.9479445937318	0.08314150000001064	epochs	2.0
1935.9479445937318	0.04176969999980429	epochs	3.0
1935.9897142937316	0.04137180000020635	epochs	3.0
1936.0310860937318	0.08157969999979287	epochs	2.0
1936.0310860937318	0.040981399999964196	epochs	3.0
1936.0720674937318	0.04059829999982867	epochs	3.0
1936.1126657937316	0.08007550000002084	epochs	2.0
1936.1126657937316	0.040222300000095856	epochs	3.0
1936.1528880937317	0.03985319999992498	epochs	3.0
1936.1927412937316	0.07862569999997504	epochs	2.0
1936.1927412937316	0.039490800000066884	epochs	3.0
1936.2322320937317	0.03913489999990816	epochs	3.0
1936.2713669937316	0.07722760000001472	epochs	2.0
1936.2713669937316	0.038785400000051595	epochs	3.0
1936.3101523937316	0.03844219999996312	epochs	3.0
1936.3485945937316	0.07587820000003376	epochs	2.0
1936.3485945937316	0.03810480000015559	epochs	3.0
1936.3866993937318	0.037773399999878166	epochs	3.0
1936.4244727937316	0.0745752000000266	epochs	2.0
1936.4244727937316	0.03744770000002973	epochs	3.0
1936.4619204937317	0.03712749999999687	epochs	3.0
1936.4990479937317	0.07331629999998768	epochs	2.0
1936.4990479937317	0.0368129000000863	epochs	3.0
1936.5358608937318	0.036503399999901376	epochs	3.0
1936.5723642937317	0.07209899999998015	epochs	2.0
1936.5723642937317	0.03619909999997617	epochs	3.0
1936.6085633937316	0.03589990000000398	epochs	3.0
1936.6444632937316	0.07092170000009901	epochs	2.0
1936.6444632937316	0.03560560000005353	epochs	3.0
1936.6800688937317	0.03531610000004548	epochs	3.0
1936.7153849937317	0.06978200000003199	epochs	2.0
1936.7153849937317	0.03503120000004856	epochs	3.0
1936.7504161937318	0.03475079999998343	epochs	3.0
1936.7851669937318	0.06867859999988468	epochs	2.0
1936.7851669937318	0.03447510000000875	epochs	3.0
1936.8196420937318	0.03420349999987593	epochs	3.0
1936.8538455937316	0.06760929999995824	epochs	2.0
1936.8538455937316	0.033936199999970995	epochs	3.0
1936.8877817937316	0.033673099999987244	epochs	3.0
1936.9214548937316	0.06657289999998284	epochs	2.0
1936.9214548937316	0.03341399999999339	epochs	3.0
1936.9548688937316	0.033158899999989444	epochs	3.0
1936.9880277937316	0.06556780000005347	epochs	2.0
1936.9880277937316	0.03290770000012344	epochs	3.0
1937.0209354937317	0.032660099999930026	epochs	3.0
1937.0535955937316	0.06459259999996902	epochs	2.0
1937.0535955937316	0.03241640000010193	epochs	3.0
1937.0860119937317	0.032176199999867094	epochs	3.0
1937.1181881937316	0.06364600000006249	epochs	2.0
1937.1181881937316	0.03193959999998697	epochs	3.0
1937.1501277937316	0.03170640000007552	epochs	3.0
1937.1818341937317	0.0627266999999847	epochs	2.0
1937.1818341937317	0.031476599999905375	epochs	3.0
1937.2133107937316	0.03125010000007933	epochs	3.0
1937.2445608937317	0.06183359999999993	epochs	2.0
1937.2445608937317	0.03102689999991526	epochs	3.0
1937.2755877937316	0.030806700000084675	epochs	3.0
1937.3063944937317	0.06096560000014506	epochs	2.0
1937.3063944937317	0.03058980000014344	epochs	3.0
1937.3369842937318	0.030375800000001618	epochs	3.0
1937.3673600937318	0.060121599999774844	epochs	2.0
1937.3673600937318	0.030164899999817862	epochs	3.0
1937.3975249937316	0.02995669999995698	epochs	3.0
1937.4274816937316	0.059300700000221696	epochs	2.0
1937.4274816937316	0.029751600000054168	epochs	3.0
1937.4572332937316	0.029549100000167527	epochs	3.0
1937.4867823937318	0.05850179999993088	epochs	2.0
1937.4867823937318	0.02934940000000097	epochs	3.0
1937.5161317937318	0.029152399999929912	epochs	3.0
1937.5452841937317	0.05772419999993872	epochs	2.0
1937.5452841937317	0.028957999999875028	epochs	3.0
1937.5742421937316	0.02876620000006369	epochs	3.0
1937.6030083937317	0.05696710000006533	epochs	2.0
1937.6030083937317	0.028577000000041153	epochs	3.0
1937.6315853937317	0.028390100000024177	epochs	3.0
1937.6599754937317	0.05622949999997218	epochs	2.0
1937.6599754937317	0.028205699999944045	epochs	3.0
1937.6881811937317	0.028023800000028132	epochs	3.0
1937.7162049937317	0.05551070000001346	epochs	2.0
1937.7162049937317	0.027843999999959124	epochs	3.0
1937.7440489937317	0.027666700000054334	epochs	3.0
1937.7717156937317	0.054810200000019904	epochs	2.0
1937.7717156937317	0.02749149999999645	epochs	3.0
1937.7992071937317	0.027318700000023455	epochs	3.0
1937.8265258937317	0.054126999999880354	epochs	2.0
1937.8265258937317	0.027147799999966082	epochs	3.0
1937.8536736937317	0.026979199999914272	epochs	3.0
1937.8806528937316	0.053460699999959616	epochs	2.0
1937.8806528937316	0.026812600000084785	epochs	3.0
1937.9074654937317	0.02664809999987483	epochs	3.0
1937.9341135937316	0.05281070000000909	epochs	2.0
1937.9341135937316	0.026485600000114573	epochs	3.0
1937.9605991937317	0.02632509999989452	epochs	3.0
1937.9869242937316	0.05217620000007628	epochs	2.0
1937.9869242937316	0.02616640000019288	epochs	3.0
1938.0130906937318	0.0260097999998834	epochs	3.0
1938.0391004937317	0.051556699999991906	epochs	2.0
1938.0391004937317	0.025854799999933675	epochs	3.0
1938.0649552937316	0.02570190000005823	epochs	3.0
1938.0906571937317	0.05095189999997274	epochs	2.0
1938.0906571937317	0.025550699999939752	epochs	3.0
1938.1162078937316	0.025401200000032986	epochs	3.0
1938.1416090937316	0.05036100000006627	epochs	2.0
1938.1416090937316	0.025253499999962514	epochs	3.0
1938.1668625937316	0.025107500000103755	epochs	3.0
1938.1919700937317	0.04978379999988647	epochs	2.0
1938.1919700937317	0.02496320000000196	epochs	3.0
1938.2169332937317	0.024820599999884507	epochs	3.0
1938.2417538937316	0.04921950000016295	epochs	2.0
1938.2417538937316	0.024679400000195528	epochs	3.0
1938.2664332937318	0.024540099999967424	epochs	3.0
1938.2909733937317	0.04866790000005494	epochs	2.0
1938.2909733937317	0.024402099999861093	epochs	3.0
1938.3153754937316	0.02426580000019385	epochs	3.0
1938.3396412937318	0.048128599999927246	epochs	2.0
1938.3396412937318	0.02413099999989754	epochs	3.0
1938.3637722937317	0.023997600000029706	epochs	3.0
1938.3877698937317	0.047601100000065344	epochs	2.0
1938.3877698937317	0.023865800000066884	epochs	3.0
1938.4116356937318	0.02373529999999846	epochs	3.0
1938.4353709937318	0.04708499999992455	epochs	2.0
1938.4353709937318	0.023606299999983094	epochs	3.0
1938.4589772937318	0.023478699999941455	epochs	3.0
1938.4824559937317	0.046579999999948996	epochs	2.0
1938.4824559937317	0.023352499999873544	epochs	3.0
1938.5058084937316	0.02322750000007545	epochs	3.0
1938.5290359937317	0.046085700000048746	epochs	2.0
1938.5290359937317	0.023104000000103042	epochs	3.0
1938.5521399937318	0.022981699999945704	epochs	3.0
1938.5751216937317	0.045601799999985815	epochs	2.0
1938.5751216937317	0.02286069999991014	epochs	3.0
1938.5979823937316	0.022741100000075676	epochs	3.0
1938.6207234937317	0.045127899999897636	epochs	2.0
1938.6207234937317	0.022622499999897627	epochs	3.0
1938.6433459937316	0.02250540000000001	epochs	3.0
1938.6658513937316	0.0446638000000803	epochs	2.0
1938.6658513937316	0.02238929999998618	epochs	3.0
1938.6882406937316	0.022274500000094122	epochs	3.0
1938.7105151937317	0.04420920000006845	epochs	2.0
1938.7105151937317	0.022160799999937808	epochs	3.0
1938.7326759937316	0.02204840000013064	epochs	3.0
1938.7547243937317	0.04376359999992019	epochs	2.0
1938.7547243937317	0.02193689999990056	epochs	3.0
1938.7766612937316	0.021826700000019628	epochs	3.0
1938.7984879937317	0.04332709999994222	epochs	2.0
1938.7984879937317	0.02171760000010181	epochs	3.0
1938.8202055937318	0.02160949999984041	epochs	3.0
1938.8418150937316	0.04289900000003399	epochs	2.0
1938.8418150937316	0.02150249999999687	epochs	3.0
1938.8633175937316	0.021396500000037122	epochs	3.0
1938.8847140937316	0.04247950000012679	epochs	2.0
1938.8847140937316	0.021291700000119818	epochs	3.0
1938.9060057937318	0.021187800000006973	epochs	3.0
1938.9271935937318	0.04206789999989269	epochs	2.0
1938.9271935937318	0.02108490000000529	epochs	3.0
1938.9482784937318	0.020982999999887397	epochs	3.0
1938.9692614937317	0.04166439999994509	epochs	2.0
1938.9692614937317	0.020882199999959994	epochs	3.0
1938.9901436937316	0.020782199999985096	epochs	3.0
1939.0109258937316	0.04126850000011473	epochs	2.0
1939.0109258937316	0.020683299999973315	epochs	3.0
1939.0316091937316	0.020585200000141413	epochs	3.0
1939.0521943937317	0.04088000000001557	epochs	2.0
1939.0521943937317	0.020488099999965925	epochs	3.0
1939.0726824937317	0.020391900000049645	epochs	3.0
1939.0930743937317	0.04049880000002304	epochs	2.0
1939.0930743937317	0.020296599999937825	epochs	3.0
1939.1133709937317	0.020202200000085213	epochs	3.0
1939.1335731937318	0.040124599999899146	epochs	2.0
1939.1335731937318	0.02010870000003706	epochs	3.0
1939.1536818937318	0.020015899999862086	epochs	3.0
1939.1736977937317	0.03975730000001931	epochs	2.0
1939.1736977937317	0.019924200000104975	epochs	3.0
1939.1936219937318	0.01983309999991434	epochs	3.0
1939.2134550937317	0.03939669999999751	epochs	2.0
1939.2134550937317	0.01974300000006224	epochs	3.0
1939.2331980937317	0.01965369999993527	epochs	3.0
1939.2528517937317	0.03904239999997117	epochs	2.0
1939.2528517937317	0.019565099999908853	epochs	3.0
1939.2724168937316	0.019477300000062314	epochs	3.0
1939.2918941937317	0.038694600000098944	epochs	2.0
1939.2918941937317	0.019390400000020236	epochs	3.0
1939.3112845937317	0.01930420000007871	epochs	3.0
1939.3305887937317	0.038352899999836154	epochs	2.0
1939.3305887937317	0.019218799999862313	epochs	3.0
1939.3498075937316	0.01913409999997384	epochs	3.0
1939.3689416937316	0.03801720000001296	epochs	2.0
1939.3689416937316	0.019050200000037876	epochs	3.0
1939.3879918937316	0.018966999999975087	epochs	3.0
1939.4069588937316	0.03768720000016401	epochs	2.0
1939.4069588937316	0.01888450000001285	epochs	3.0
1939.4258433937316	0.018802700000151162	epochs	3.0
1939.4446460937318	0.03736309999999321	epochs	2.0
1939.4446460937318	0.018721700000014607	epochs	3.0
1939.4633677937318	0.018641399999978603	epochs	3.0
1939.4820091937318	0.03704429999993408	epochs	2.0
1939.4820091937318	0.018561599999884493	epochs	3.0
1939.5005707937316	0.01848270000004959	epochs	3.0
1939.5190534937317	0.03673099999991791	epochs	2.0
1939.5190534937317	0.018404299999929208	epochs	3.0
1939.5374577937316	0.018326699999988705	epochs	3.0
1939.5557844937316	0.03642290000016146	epochs	2.0
1939.5557844937316	0.018249599999990096	epochs	3.0
1939.5740340937316	0.018173300000171366	epochs	3.0
1939.5922073937318	0.036120099999834565	epochs	2.0
1939.5922073937318	0.01809759999991911	epochs	3.0
1939.6103049937317	0.018022499999915453	epochs	3.0
1939.6283274937316	0.035822100000132195	epochs	2.0
1939.6283274937316	0.017947900000081063	epochs	3.0
1939.6462753937317	0.017874200000051133	epochs	3.0
1939.6641495937317	0.03552899999999681	epochs	2.0
1939.6641495937317	0.017800800000031813	epochs	3.0
1939.6819503937318	0.017728199999965	epochs	3.0
1939.6996785937317	0.03524070000003121	epochs	2.0
1939.6996785937317	0.017656100000067454	epochs	3.0
1939.7173346937318	0.017584599999963757	epochs	3.0
1939.7349192937318	0.03495709999992869	epochs	2.0
1939.7349192937318	0.017513699999881283	epochs	3.0
1939.7524329937316	0.017443400000047404	epochs	3.0
1939.7698763937317	0.034677899999906	epochs	2.0
1939.7698763937317	0.017373599999928047	epochs	3.0
1939.7872499937316	0.017304299999977957	epochs	3.0
1939.8045542937316	0.03440330000012182	epochs	2.0
1939.8045542937316	0.017235700000128418	epochs	3.0
1939.8217899937317	0.0171675999999934	epochs	3.0
1939.8389575937317	0.03413279999995211	epochs	2.0
1939.8389575937317	0.01709989999994832	epochs	3.0
1939.8560574937317	0.017032900000003792	epochs	3.0
1939.8730903937317	0.03386670000008962	epochs	2.0
1939.8730903937317	0.01696640000000116	epochs	3.0
1939.8900567937317	0.016900300000088464	epochs	3.0
1939.9069570937318	0.03360459999998966	epochs	2.0
1939.9069570937318	0.01683479999996962	epochs	3.0
1939.9237918937317	0.01676980000002004	epochs	3.0
1939.9405616937318	0.033346599999958926	epochs	2.0
1939.9405616937318	0.016705300000012357	epochs	3.0
1939.9572669937318	0.01664129999994657	epochs	3.0
1939.9739082937317	0.03309250000006614	epochs	2.0
1939.9739082937317	0.016577800000050047	epochs	3.0
1939.9904860937318	0.01651470000001609	epochs	3.0
1940.0070007937318	0.03284229999985655	epochs	2.0
1940.0070007937318	0.01645220000000336	epochs	3.0
1940.0234529937318	0.01639009999985319	epochs	3.0
1940.0398430937316	0.03259570000000167	epochs	2.0
1940.0398430937316	0.016328400000020338	epochs	3.0
1940.0561714937317	0.016267299999981333	epochs	3.0
1940.0724387937316	0.032352899999978035	epochs	2.0
1940.0724387937316	0.016206600000032267	epochs	3.0
1940.0886453937317	0.016146299999945768	epochs	3.0
1940.1047916937316	0.032113700000081735	epochs	2.0
1940.1047916937316	0.016086600000107865	epochs	3.0
1940.1208782937317	0.01602709999997387	epochs	3.0
1940.1369053937317	0.03187800000000607	epochs	2.0
1940.1369053937317	0.015968200000088473	epochs	3.0
1940.1528735937318	0.015909799999917595	epochs	3.0
1940.1687833937317	0.03164569999989908	epochs	2.0
1940.1687833937317	0.015851599999905375	epochs	3.0
1940.1846349937316	0.015794099999993705	epochs	3.0
1940.2004290937316	0.03141670000013619	epochs	2.0
1940.2004290937316	0.015736700000161363	epochs	3.0
1940.2161657937318	0.015679999999974825	epochs	3.0
1940.2318457937317	0.03119109999988723	epochs	2.0
1940.2318457937317	0.015623600000026272	epochs	3.0
1940.2474693937318	0.015567499999860956	epochs	3.0
1940.2630368937316	0.03096870000013041	epochs	2.0
1940.2630368937316	0.01551200000017161	epochs	3.0
1940.2785488937318	0.0154566999999588	epochs	3.0
1940.2940055937318	0.030749499999956242	epochs	2.0
1940.2940055937318	0.015401999999994587	epochs	3.0
1940.3094075937317	0.015347499999961656	epochs	3.0
1940.3247550937317	0.03053320000003623	epochs	2.0
1940.3247550937317	0.015293400000018664	epochs	3.0
1940.3400484937317	0.015239800000017567	epochs	3.0
1940.3552882937317	0.030320099999926242	epochs	2.0
1940.3552882937317	0.015186500000027081	epochs	3.0
1940.3704747937318	0.015133599999899161	epochs	3.0
1940.3856083937317	0.03010990000007041	epochs	2.0
1940.3856083937317	0.015081000000009226	epochs	3.0
1940.4006893937317	0.015028900000061185	epochs	3.0
1940.4157182937317	0.029902499999934662	epochs	2.0
1940.4157182937317	0.014977000000044427	epochs	3.0
1940.4306952937318	0.014925499999890235	epochs	3.0
1940.4456207937317	0.029698099999905025	epochs	2.0
1940.4456207937317	0.014874400000053356	epochs	3.0
1940.4604951937317	0.01482369999985167	epochs	3.0
1940.4753188937316	0.029496300000118936	epochs	2.0
1940.4753188937316	0.014773200000036013	epochs	3.0
1940.4900920937316	0.014723100000082923	epochs	3.0
1940.5048151937317	0.029297399999904883	epochs	2.0
1940.5048151937317	0.014673399999992398	epochs	3.0
1940.5194885937317	0.014623999999912485	epochs	3.0
1940.5341125937316	0.02910110000016175	epochs	2.0
1940.5341125937316	0.014574900000070556	epochs	3.0
1940.5486874937317	0.014526200000091194	epochs	3.0
1940.5632136937318	0.028907399999980044	epochs	2.0
1940.5632136937318	0.01447769999981574	epochs	3.0
1940.5776913937316	0.014429700000164303	epochs	3.0
1940.5921210937317	0.028716199999962555	epochs	2.0
1940.5921210937317	0.014381799999910072	epochs	3.0
1940.6065028937317	0.014334400000052483	epochs	3.0
1940.6208372937317	0.02852759999996124	epochs	2.0
1940.6208372937317	0.014287199999898803	epochs	3.0
1940.6351244937316	0.014240400000062436	epochs	3.0
1940.6493648937317	0.028341400000044814	epochs	2.0
1940.6493648937317	0.014193799999929979	epochs	3.0
1940.6635586937316	0.014147600000114835	epochs	3.0
1940.6777062937317	0.028157700000065233	epochs	2.0
1940.6777062937317	0.014101700000082928	epochs	3.0
1940.6918079937318	0.014055999999982305	epochs	3.0
1940.7058639937318	0.02797629999986384	epochs	2.0
1940.7058639937318	0.014010599999892293	epochs	3.0
1940.7198745937317	0.013965699999971548	epochs	3.0
1940.7338402937316	0.027797200000122757	epochs	2.0
1940.7338402937316	0.013920800000050804	epochs	3.0
1940.7477610937317	0.013876400000071953	epochs	3.0
1940.7616374937318	0.027620399999932488	epochs	2.0
1940.7616374937318	0.013832200000024386	epochs	3.0
1940.7754696937318	0.013788199999908102	epochs	3.0
1940.7892578937317	0.027445899999975154	epochs	2.0
1940.7892578937317	0.013744599999881757	epochs	3.0
1940.8030024937316	0.013701300000093397	epochs	3.0
1940.8167037937317	0.0272735000000921	epochs	2.0
1940.8167037937317	0.013658200000008947	epochs	3.0
1940.8303619937317	0.013615300000083153	epochs	3.0
1940.8439772937318	0.027103399999987232	epochs	2.0
1940.8439772937318	0.013572800000019924	epochs	3.0
1940.8575500937318	0.013530599999967308	epochs	3.0
1940.8710806937318	0.02693520000002536	epochs	2.0
1940.8710806937318	0.01348839999991469	epochs	3.0
1940.8845690937317	0.01344680000011067	epochs	3.0
1940.8980158937318	0.026769199999989723	epochs	2.0
1940.8980158937318	0.013405199999851902	epochs	3.0
1940.9114210937316	0.013364000000137821	epochs	3.0
1940.9247850937318	0.026605199999949036	epochs	2.0
1940.9247850937318	0.013322899999820947	epochs	3.0
1940.9381079937316	0.013282300000128089	epochs	3.0
1940.9513902937317	0.0264431999999033	epochs	2.0
1940.9513902937317	0.013241699999980483	epochs	3.0
1940.9646319937317	0.013201499999922817	epochs	3.0
1940.9778334937316	0.026283200000079887	epochs	2.0
1940.9778334937316	0.013161500000023807	epochs	3.0
1940.9909949937316	0.01312170000005608	epochs	3.0
1941.0041166937317	0.02612500000009277	epochs	2.0
1941.0041166937317	0.013082100000019636	epochs	3.0
1941.0171987937317	0.013042900000073132	epochs	3.0
1941.0302416937318	0.025968899999952555	epochs	2.0
1941.0302416937318	0.013003899999830537	epochs	3.0
1941.0432455937316	0.012965000000122018	epochs	3.0
1941.0562105937317	0.025814500000024054	epochs	2.0
1941.0562105937317	0.012926399999969362	epochs	3.0
1941.0691369937317	0.012888100000054692	epochs	3.0
1941.0820250937318	0.025661899999931848	epochs	2.0
1941.0820250937318	0.012849899999991976	epochs	3.0
1941.0948749937318	0.012811999999939871	epochs	3.0
1941.1076869937317	0.025511199999982637	epochs	2.0
1941.1076869937317	0.012774399999898378	epochs	3.0
1941.1204613937316	0.012736800000084258	epochs	3.0
1941.1331981937317	0.025362300000097093	epochs	2.0
1941.1331981937317	0.01269969999998466	epochs	3.0
1941.1458978937317	0.012662600000112434	epochs	3.0
1941.1585604937318	0.025214999999889187	epochs	2.0
1941.1585604937318	0.012625799999796072	epochs	3.0
1941.1711862937316	0.012589200000093115	epochs	3.0
1941.1837754937317	0.024584799999956886	epochs	2.0
1941.2076825937318	0.5	epochs	-1.0
1941.2083602937316	0.5184799999999541	epochs	1.0
1941.7268402937316	0.4814400000000205	epochs	0.0
1942.1420001983643	0.04127999999991516	epochs	0.0
1942.1420001983643	0.015645100000028833	epochs	1.0
1942.1576452983643	0.009989799999857496	epochs	1.0
1942.1676350983641	0.015645100000028833	epochs	1.0
1942.1833601983642	2.0	epochs	0.0
1944.1833224983643	0.5	epochs	-1.0
1944.1833601983642	21.517759999999953	epochs	0.0
1944.1833601983642	1.0	epochs	1.0
1944.6833224983643	19.999360000000024	epochs	-1.0
1945.1833601983642	20.0	epochs	1.0
1945.1833601983642	4.356753900000058	epochs	-1.0
1945.1833601983642	1.9745872000000873	epochs	2.0
1945.1833601983642	1.0985622000000603	epochs	3.0
1946.2819223983643	0.8760250000000269	epochs	3.0
1947.1579473983643	1.3524075000000266	epochs	2.0
1947.1579473983643	0.7286354999998821	epochs	3.0
1947.8865828983642	0.6237720000001445	epochs	3.0
1948.5103548983643	1.029759199999944	epochs	2.0
1948.5103548983643	0.5453293000000485	epochs	3.0
1949.0556841983644	0.4844298999998955	epochs	3.0
1949.5401140983643	0.8317861999998968	epochs	2.0
1949.5401140983643	0.4357763000000432	epochs	3.0
1949.9758903983643	0.3960098999998536	epochs	3.0
1950.3719002983642	0.6977970000000369	epochs	2.0
1950.3719002983642	0.3628982000000178	epochs	3.0
1950.7347984983642	0.33489880000001904	epochs	3.0
1951.0696972983642	0.601045699999986	epochs	2.0
1951.0696972983642	0.3109123000001546	epochs	3.0
1951.3806095983643	0.29013339999983145	epochs	3.0
1951.6707429983642	0.5278859000000011	epochs	2.0
1951.6707429983642	0.2719586000000618	epochs	3.0
1951.9427015983642	0.25592729999993935	epochs	3.0
1952.1986288983642	0.4706193000001804	epochs	2.0
1952.1986288983642	0.241681299999982	epochs	3.0
1952.4403101983642	0.22893800000019837	epochs	3.0
1952.6692481983644	0.42457039999999324	epochs	2.0
1952.6692481983644	0.2174713999997948	epochs	3.0
1952.8867195983642	0.20709900000019843	epochs	3.0
1953.0938185983644	0.3867353999999068	epochs	2.0
1953.0938185983644	0.19767109999997956	epochs	3.0
1953.2914896983643	0.18906429999992724	epochs	3.0
1953.4805539983643	0.35509529999990264	epochs	2.0
1953.4805539983643	0.18117589999997108	epochs	3.0
1953.6617298983642	0.17391939999993156	epochs	3.0
1953.8356492983642	0.3282431000000088	epochs	2.0
1953.8356492983642	0.167221900000186	epochs	3.0
1954.0028711983643	0.16102119999982278	epochs	3.0
1954.1638923983642	0.30516800000009425	epochs	2.0
1954.1638923983642	0.15526390000013635	epochs	3.0
1954.3191562983643	0.1499040999999579	epochs	3.0
1954.4690603983643	0.28512529999989056	epochs	2.0
1954.4690603983643	0.1449021000000812	epochs	3.0
1954.6139624983643	0.14022319999980937	epochs	3.0
1954.7541856983642	0.267553800000087	epochs	2.0
1954.7541856983642	0.13583690000018578	epochs	3.0
1954.8900225983643	0.13171689999990122	epochs	3.0
1955.0217394983642	0.252022899999929	epochs	2.0
1955.0217394983642	0.1278393000000051	epochs	3.0
1955.1495787983642	0.1241835999999239	epochs	3.0
1955.2737623983642	0.23819650000018555	epochs	2.0
1955.2737623983642	0.12073110000005727	epochs	3.0
1955.3944934983642	0.11746540000012828	epochs	3.0
1955.5119588983644	0.22580879999986792	epochs	2.0
1955.5119588983644	0.1143718999999237	epochs	3.0
1955.6263307983643	0.11143689999994422	epochs	3.0
1955.7377676983642	0.2146460000001298	epochs	2.0
1955.7377676983642	0.10864889999993466	epochs	3.0
1955.8464165983642	0.10599710000019513	epochs	3.0
1955.9524136983644	0.2045349999998507	epochs	2.0
1955.9524136983644	0.1034714999998414	epochs	3.0
1956.0558851983642	0.1010635000000093	epochs	3.0
1956.1569486983642	0.19533400000000256	epochs	2.0
1956.1569486983642	0.09876510000003691	epochs	3.0
1956.2557137983642	0.09656889999996565	epochs	3.0
1956.3522826983642	0.18692529999998442	epochs	2.0
1956.3522826983642	0.09446830000001682	epochs	3.0
1956.4467509983642	0.09245699999996759	epochs	3.0
1956.5392079983642	0.1792107000001124	epochs	2.0
1956.5392079983642	0.0905296000000817	epochs	3.0
1956.6297375983643	0.08868110000003071	epochs	3.0
1956.7184186983643	0.17210769999996955	epochs	2.0
1956.7184186983643	0.08690630000000965	epochs	3.0
1956.8053249983643	0.0852013999999599	epochs	3.0
1956.8905263983643	0.16554640000003928	epochs	2.0
1956.8905263983643	0.08356189999994967	epochs	3.0
1956.9740882983642	0.08198450000008961	epochs	3.0
1957.0560727983643	0.15946710000002895	epochs	2.0
1957.0560727983643	0.08046539999986635	epochs	3.0
1957.1365381983642	0.0790017000001626	epochs	3.0
1957.2155398983643	0.1538183999998637	epochs	2.0
1957.2155398983643	0.07759009999995214	epochs	3.0
1957.2931299983643	0.07622829999991154	epochs	3.0
1957.3693582983642	0.14855639999996129	epochs	2.0
1957.3693582983642	0.07491330000016205	epochs	3.0
1957.4442715983644	0.07364309999979923	epochs	3.0
1957.5179146983642	0.14364240000008976	epochs	2.0
1957.5179146983642	0.07241500000009182	epochs	3.0
1957.5903296983643	0.07122739999999794	epochs	3.0
1957.6615570983643	0.13904309999998077	epochs	2.0
1957.6615570983643	0.07007799999996678	epochs	3.0
1957.7316350983642	0.06896510000001399	epochs	3.0
1957.8006001983642	0.1347293000001173	epochs	2.0
1957.8006001983642	0.0678871000000072	epochs	3.0
1957.8684872983642	0.0668422000001101	epochs	3.0
1957.9353294983644	0.13067519999981414	epochs	2.0
1957.9353294983644	0.06582909999997355	epochs	3.0
1958.0011585983643	0.06484609999984059	epochs	3.0
1958.0660046983642	0.12685780000015257	epochs	2.0
1958.0660046983642	0.06389200000012352	epochs	3.0
1958.1298966983643	0.06296580000002905	epochs	3.0
1958.1928624983643	0.12325719999989815	epochs	2.0
1958.1928624983643	0.06206580000002759	epochs	3.0
1958.2549282983643	0.061191399999870555	epochs	3.0
1958.3161196983642	0.11985540000000583	epochs	2.0
1958.3161196983642	0.060341099999959624	epochs	3.0
1958.3764607983642	0.059514300000046205	epochs	3.0
1958.4359750983642	0.11663620000012997	epochs	2.0
1958.4359750983642	0.058709599999929196	epochs	3.0
1958.4946846983642	0.05792660000020078	epochs	3.0
1958.5526112983644	0.11358559999985118	epochs	2.0
1958.5526112983644	0.05716419999998834	epochs	3.0
1958.6097754983643	0.05642139999986284	epochs	3.0
1958.6661968983642	0.11069050000014613	epochs	2.0
1958.6661968983642	0.055697900000041045	epochs	3.0
1958.7218947983642	0.054992600000105085	epochs	3.0
1958.7768873983644	0.10793909999983953	epochs	2.0
1958.7768873983644	0.054304899999806366	epochs	3.0
1958.8311922983642	0.05363420000003316	epochs	3.0
1958.8848264983642	0.10532150000017282	epochs	2.0
1958.8848264983642	0.052980000000161453	epochs	3.0
1958.9378064983644	0.052341500000011365	epochs	3.0
1958.9901479983644	0.10282759999995505	epochs	2.0
1958.9901479983644	0.05171809999978905	epochs	3.0
1959.0418660983642	0.05110950000016601	epochs	3.0
1959.0929755983643	0.10044909999987794	epochs	2.0
1959.0929755983643	0.050514900000052876	epochs	3.0
1959.1434904983644	0.04993419999982507	epochs	3.0
1959.1934246983642	0.0981782999999723	epochs	2.0
1959.1934246983642	0.04936659999998483	epochs	3.0
1959.2427912983642	0.04881169999998747	epochs	3.0
1959.2916029983642	0.09600780000005216	epochs	2.0
1959.2916029983642	0.04826920000004975	epochs	3.0
1959.3398721983642	0.04773860000000241	epochs	3.0
1959.3876107983642	0.09393120000004274	epochs	2.0
1959.3876107983642	0.04721949999998287	epochs	3.0
1959.4348302983642	0.046711700000059864	epochs	3.0
1959.4815419983643	0.09194260000003851	epochs	2.0
1959.4815419983643	0.046214599999984785	epochs	3.0
1959.5277565983642	0.045728000000053726	epochs	3.0
1959.5734845983643	0.09003630000006524	epochs	2.0
1959.5734845983643	0.045251499999949374	epochs	3.0
1959.6187360983643	0.044784800000115865	epochs	3.0
1959.6635208983644	0.0882075999998051	epochs	2.0
1959.6635208983644	0.04432779999979175	epochs	3.0
1959.7078486983642	0.04387980000001335	epochs	3.0
1959.7517284983642	0.0864516999999978	epochs	2.0
1959.7517284983642	0.04344100000002982	epochs	3.0
1959.7951694983642	0.04301069999996798	epochs	3.0
1959.8381801983642	0.08476430000018809	epochs	2.0
1959.8381801983642	0.04258900000013455	epochs	3.0
1959.8807691983643	0.04217530000005354	epochs	3.0
1959.9229444983644	0.08314150000001064	epochs	2.0
1959.9229444983644	0.04176969999980429	epochs	3.0
1959.9647141983642	0.04137180000020635	epochs	3.0
1960.0060859983644	0.08157969999979287	epochs	2.0
1960.0060859983644	0.040981399999964196	epochs	3.0
1960.0470673983643	0.04059829999982867	epochs	3.0
1960.0876656983642	0.08007550000002084	epochs	2.0
1960.0876656983642	0.040222300000095856	epochs	3.0
1960.1278879983643	0.03985319999992498	epochs	3.0
1960.1677411983642	0.07862569999997504	epochs	2.0
1960.1677411983642	0.039490800000066884	epochs	3.0
1960.2072319983643	0.03913489999990816	epochs	3.0
1960.2463668983642	0.07722760000001472	epochs	2.0
1960.2463668983642	0.038785400000051595	epochs	3.0
1960.2851522983642	0.03844219999996312	epochs	3.0
1960.3235944983642	0.07587820000003376	epochs	2.0
1960.3235944983642	0.03810480000015559	epochs	3.0
1960.3616992983643	0.037773399999878166	epochs	3.0
1960.3994726983642	0.0745752000000266	epochs	2.0
1960.3994726983642	0.03744770000002973	epochs	3.0
1960.4369203983642	0.03712749999999687	epochs	3.0
1960.4740478983642	0.07331629999998768	epochs	2.0
1960.4740478983642	0.0368129000000863	epochs	3.0
1960.5108607983643	0.036503399999901376	epochs	3.0
1960.5473641983642	0.07209899999998015	epochs	2.0
1960.5473641983642	0.03619909999997617	epochs	3.0
1960.5835632983642	0.03589990000000398	epochs	3.0
1960.6194631983642	0.07092170000009901	epochs	2.0
1960.6194631983642	0.03560560000005353	epochs	3.0
1960.6550687983643	0.03531610000004548	epochs	3.0
1960.6903848983643	0.06978200000003199	epochs	2.0
1960.6903848983643	0.03503120000004856	epochs	3.0
1960.7254160983643	0.03475079999998343	epochs	3.0
1960.7601668983643	0.06867859999988468	epochs	2.0
1960.7601668983643	0.03447510000000875	epochs	3.0
1960.7946419983643	0.03420349999987593	epochs	3.0
1960.8288454983642	0.06760929999995824	epochs	2.0
1960.8288454983642	0.033936199999970995	epochs	3.0
1960.8627816983642	0.033673099999987244	epochs	3.0
1960.8964547983642	0.06657289999998284	epochs	2.0
1960.8964547983642	0.03341399999999339	epochs	3.0
1960.9298687983642	0.033158899999989444	epochs	3.0
1960.9630276983642	0.06556780000005347	epochs	2.0
1960.9630276983642	0.03290770000012344	epochs	3.0
1960.9959353983643	0.032660099999930026	epochs	3.0
1961.0285954983642	0.06459259999996902	epochs	2.0
1961.0285954983642	0.03241640000010193	epochs	3.0
1961.0610118983643	0.032176199999867094	epochs	3.0
1961.0931880983642	0.06364600000006249	epochs	2.0
1961.0931880983642	0.03193959999998697	epochs	3.0
1961.1251276983642	0.03170640000007552	epochs	3.0
1961.1568340983642	0.0627266999999847	epochs	2.0
1961.1568340983642	0.031476599999905375	epochs	3.0
1961.1883106983641	0.03125010000007933	epochs	3.0
1961.2195607983642	0.06183359999999993	epochs	2.0
1961.2195607983642	0.03102689999991526	epochs	3.0
1961.2505876983641	0.030806700000084675	epochs	3.0
1961.2813943983642	0.06096560000014506	epochs	2.0
1961.2813943983642	0.03058980000014344	epochs	3.0
1961.3119841983644	0.030375800000001618	epochs	3.0
1961.3423599983644	0.060121599999774844	epochs	2.0
1961.3423599983644	0.030164899999817862	epochs	3.0
1961.3725248983642	0.02995669999995698	epochs	3.0
1961.4024815983641	0.059300700000221696	epochs	2.0
1961.4024815983641	0.029751600000054168	epochs	3.0
1961.4322331983642	0.029549100000167527	epochs	3.0
1961.4617822983644	0.05850179999993088	epochs	2.0
1961.4617822983644	0.02934940000000097	epochs	3.0
1961.4911316983644	0.029152399999929912	epochs	3.0
1961.5202840983643	0.05772419999993872	epochs	2.0
1961.5202840983643	0.028957999999875028	epochs	3.0
1961.5492420983642	0.02876620000006369	epochs	3.0
1961.5780082983642	0.05696710000006533	epochs	2.0
1961.5780082983642	0.028577000000041153	epochs	3.0
1961.6065852983643	0.028390100000024177	epochs	3.0
1961.6349753983643	0.05622949999997218	epochs	2.0
1961.6349753983643	0.028205699999944045	epochs	3.0
1961.6631810983642	0.028023800000028132	epochs	3.0
1961.6912048983643	0.05551070000001346	epochs	2.0
1961.6912048983643	0.027843999999959124	epochs	3.0
1961.7190488983642	0.027666700000054334	epochs	3.0
1961.7467155983643	0.054810200000019904	epochs	2.0
1961.7467155983643	0.02749149999999645	epochs	3.0
1961.7742070983643	0.027318700000023455	epochs	3.0
1961.8015257983643	0.054126999999880354	epochs	2.0
1961.8015257983643	0.027147799999966082	epochs	3.0
1961.8286735983643	0.026979199999914272	epochs	3.0
1961.8556527983642	0.053460699999959616	epochs	2.0
1961.8556527983642	0.026812600000084785	epochs	3.0
1961.8824653983643	0.02664809999987483	epochs	3.0
1961.9091134983641	0.05281070000000909	epochs	2.0
1961.9091134983641	0.026485600000114573	epochs	3.0
1961.9355990983643	0.02632509999989452	epochs	3.0
1961.9619241983642	0.05217620000007628	epochs	2.0
1961.9619241983642	0.02616640000019288	epochs	3.0
1961.9880905983644	0.0260097999998834	epochs	3.0
1962.0141003983642	0.051556699999991906	epochs	2.0
1962.0141003983642	0.025854799999933675	epochs	3.0
1962.0399551983642	0.02570190000005823	epochs	3.0
1962.0656570983642	0.05095189999997274	epochs	2.0
1962.0656570983642	0.025550699999939752	epochs	3.0
1962.0912077983642	0.025401200000032986	epochs	3.0
1962.1166089983642	0.05036100000006627	epochs	2.0
1962.1166089983642	0.025253499999962514	epochs	3.0
1962.1418624983642	0.025107500000103755	epochs	3.0
1962.1669699983643	0.04978379999988647	epochs	2.0
1962.1669699983643	0.02496320000000196	epochs	3.0
1962.1919331983643	0.024820599999884507	epochs	3.0
1962.2167537983642	0.04921950000016295	epochs	2.0
1962.2167537983642	0.024679400000195528	epochs	3.0
1962.2414331983643	0.024540099999967424	epochs	3.0
1962.2659732983643	0.04866790000005494	epochs	2.0
1962.2659732983643	0.024402099999861093	epochs	3.0
1962.2903753983642	0.02426580000019385	epochs	3.0
1962.3146411983644	0.048128599999927246	epochs	2.0
1962.3146411983644	0.02413099999989754	epochs	3.0
1962.3387721983643	0.023997600000029706	epochs	3.0
1962.3627697983643	0.047601100000065344	epochs	2.0
1962.3627697983643	0.023865800000066884	epochs	3.0
1962.3866355983644	0.02373529999999846	epochs	3.0
1962.4103708983644	0.04708499999992455	epochs	2.0
1962.4103708983644	0.023606299999983094	epochs	3.0
1962.4339771983643	0.023478699999941455	epochs	3.0
1962.4574558983643	0.046579999999948996	epochs	2.0
1962.4574558983643	0.023352499999873544	epochs	3.0
1962.4808083983642	0.02322750000007545	epochs	3.0
1962.5040358983642	0.046085700000048746	epochs	2.0
1962.5040358983642	0.023104000000103042	epochs	3.0
1962.5271398983643	0.022981699999945704	epochs	3.0
1962.5501215983643	0.045601799999985815	epochs	2.0
1962.5501215983643	0.02286069999991014	epochs	3.0
1962.5729822983642	0.022741100000075676	epochs	3.0
1962.5957233983643	0.045127899999897636	epochs	2.0
1962.5957233983643	0.022622499999897627	epochs	3.0
1962.6183458983642	0.02250540000000001	epochs	3.0
1962.6408512983642	0.0446638000000803	epochs	2.0
1962.6408512983642	0.02238929999998618	epochs	3.0
1962.6632405983642	0.022274500000094122	epochs	3.0
1962.6855150983642	0.04420920000006845	epochs	2.0
1962.6855150983642	0.022160799999937808	epochs	3.0
1962.7076758983642	0.02204840000013064	epochs	3.0
1962.7297242983643	0.04376359999992019	epochs	2.0
1962.7297242983643	0.02193689999990056	epochs	3.0
1962.7516611983642	0.021826700000019628	epochs	3.0
1962.7734878983642	0.04332709999994222	epochs	2.0
1962.7734878983642	0.02171760000010181	epochs	3.0
1962.7952054983643	0.02160949999984041	epochs	3.0
1962.8168149983642	0.04289900000003399	epochs	2.0
1962.8168149983642	0.02150249999999687	epochs	3.0
1962.8383174983642	0.021396500000037122	epochs	3.0
1962.8597139983642	0.04247950000012679	epochs	2.0
1962.8597139983642	0.021291700000119818	epochs	3.0
1962.8810056983643	0.021187800000006973	epochs	3.0
1962.9021934983643	0.04206789999989269	epochs	2.0
1962.9021934983643	0.02108490000000529	epochs	3.0
1962.9232783983643	0.020982999999887397	epochs	3.0
1962.9442613983642	0.04166439999994509	epochs	2.0
1962.9442613983642	0.020882199999959994	epochs	3.0
1962.9651435983642	0.020782199999985096	epochs	3.0
1962.9859257983642	0.04126850000011473	epochs	2.0
1962.9859257983642	0.020683299999973315	epochs	3.0
1963.0066090983642	0.020585200000141413	epochs	3.0
1963.0271942983643	0.04088000000001557	epochs	2.0
1963.0271942983643	0.020488099999965925	epochs	3.0
1963.0476823983643	0.020391900000049645	epochs	3.0
1963.0680742983643	0.04049880000002304	epochs	2.0
1963.0680742983643	0.020296599999937825	epochs	3.0
1963.0883708983642	0.020202200000085213	epochs	3.0
1963.1085730983643	0.040124599999899146	epochs	2.0
1963.1085730983643	0.02010870000003706	epochs	3.0
1963.1286817983644	0.020015899999862086	epochs	3.0
1963.1486976983642	0.03975730000001931	epochs	2.0
1963.1486976983642	0.019924200000104975	epochs	3.0
1963.1686218983643	0.01983309999991434	epochs	3.0
1963.1884549983643	0.03939669999999751	epochs	2.0
1963.1884549983643	0.01974300000006224	epochs	3.0
1963.2081979983643	0.01965369999993527	epochs	3.0
1963.2278516983642	0.03904239999997117	epochs	2.0
1963.2278516983642	0.019565099999908853	epochs	3.0
1963.2474167983642	0.019477300000062314	epochs	3.0
1963.2668940983642	0.038694600000098944	epochs	2.0
1963.2668940983642	0.019390400000020236	epochs	3.0
1963.2862844983642	0.01930420000007871	epochs	3.0
1963.3055886983643	0.038352899999836154	epochs	2.0
1963.3055886983643	0.019218799999862313	epochs	3.0
1963.3248074983642	0.01913409999997384	epochs	3.0
1963.3439415983642	0.03801720000001296	epochs	2.0
1963.3439415983642	0.019050200000037876	epochs	3.0
1963.3629917983642	0.018966999999975087	epochs	3.0
1963.3819587983642	0.03768720000016401	epochs	2.0
1963.3819587983642	0.01888450000001285	epochs	3.0
1963.4008432983642	0.018802700000151162	epochs	3.0
1963.4196459983643	0.03736309999999321	epochs	2.0
1963.4196459983643	0.018721700000014607	epochs	3.0
1963.4383676983643	0.018641399999978603	epochs	3.0
1963.4570090983643	0.03704429999993408	epochs	2.0
1963.4570090983643	0.018561599999884493	epochs	3.0
1963.4755706983642	0.01848270000004959	epochs	3.0
1963.4940533983643	0.03673099999991791	epochs	2.0
1963.4940533983643	0.018404299999929208	epochs	3.0
1963.5124576983642	0.018326699999988705	epochs	3.0
1963.5307843983642	0.03642290000016146	epochs	2.0
1963.5307843983642	0.018249599999990096	epochs	3.0
1963.5490339983642	0.018173300000171366	epochs	3.0
1963.5672072983643	0.036120099999834565	epochs	2.0
1963.5672072983643	0.01809759999991911	epochs	3.0
1963.5853048983643	0.018022499999915453	epochs	3.0
1963.6033273983642	0.035822100000132195	epochs	2.0
1963.6033273983642	0.017947900000081063	epochs	3.0
1963.6212752983643	0.017874200000051133	epochs	3.0
1963.6391494983643	0.03552899999999681	epochs	2.0
1963.6391494983643	0.017800800000031813	epochs	3.0
1963.6569502983643	0.017728199999965	epochs	3.0
1963.6746784983643	0.03524070000003121	epochs	2.0
1963.6746784983643	0.017656100000067454	epochs	3.0
1963.6923345983644	0.017584599999963757	epochs	3.0
1963.7099191983643	0.03495709999992869	epochs	2.0
1963.7099191983643	0.017513699999881283	epochs	3.0
1963.7274328983642	0.017443400000047404	epochs	3.0
1963.7448762983643	0.034677899999906	epochs	2.0
1963.7448762983643	0.017373599999928047	epochs	3.0
1963.7622498983642	0.017304299999977957	epochs	3.0
1963.7795541983642	0.03440330000012182	epochs	2.0
1963.7795541983642	0.017235700000128418	epochs	3.0
1963.7967898983643	0.0171675999999934	epochs	3.0
1963.8139574983643	0.03413279999995211	epochs	2.0
1963.8139574983643	0.01709989999994832	epochs	3.0
1963.8310573983642	0.017032900000003792	epochs	3.0
1963.8480902983642	0.03386670000008962	epochs	2.0
1963.8480902983642	0.01696640000000116	epochs	3.0
1963.8650566983642	0.016900300000088464	epochs	3.0
1963.8819569983643	0.03360459999998966	epochs	2.0
1963.8819569983643	0.01683479999996962	epochs	3.0
1963.8987917983643	0.01676980000002004	epochs	3.0
1963.9155615983643	0.033346599999958926	epochs	2.0
1963.9155615983643	0.016705300000012357	epochs	3.0
1963.9322668983643	0.01664129999994657	epochs	3.0
1963.9489081983643	0.03309250000006614	epochs	2.0
1963.9489081983643	0.016577800000050047	epochs	3.0
1963.9654859983643	0.01651470000001609	epochs	3.0
1963.9820006983643	0.03284229999985655	epochs	2.0
1963.9820006983643	0.01645220000000336	epochs	3.0
1963.9984528983643	0.01639009999985319	epochs	3.0
1964.0148429983642	0.03259570000000167	epochs	2.0
1964.0148429983642	0.016328400000020338	epochs	3.0
1964.0311713983642	0.016267299999981333	epochs	3.0
1964.0474386983642	0.032352899999978035	epochs	2.0
1964.0474386983642	0.016206600000032267	epochs	3.0
1964.0636452983642	0.016146299999945768	epochs	3.0
1964.0797915983642	0.032113700000081735	epochs	2.0
1964.0797915983642	0.016086600000107865	epochs	3.0
1964.0958781983643	0.01602709999997387	epochs	3.0
1964.1119052983643	0.03187800000000607	epochs	2.0
1964.1119052983643	0.015968200000088473	epochs	3.0
1964.1278734983644	0.015909799999917595	epochs	3.0
1964.1437832983643	0.03164569999989908	epochs	2.0
1964.1437832983643	0.015851599999905375	epochs	3.0
1964.1596348983642	0.015794099999993705	epochs	3.0
1964.1754289983642	0.03141670000013619	epochs	2.0
1964.1754289983642	0.015736700000161363	epochs	3.0
1964.1911656983643	0.015679999999974825	epochs	3.0
1964.2068456983643	0.03119109999988723	epochs	2.0
1964.2068456983643	0.015623600000026272	epochs	3.0
1964.2224692983643	0.015567499999860956	epochs	3.0
1964.2380367983642	0.03096870000013041	epochs	2.0
1964.2380367983642	0.01551200000017161	epochs	3.0
1964.2535487983644	0.0154566999999588	epochs	3.0
1964.2690054983643	0.030749499999956242	epochs	2.0
1964.2690054983643	0.015401999999994587	epochs	3.0
1964.2844074983643	0.015347499999961656	epochs	3.0
1964.2997549983643	0.03053320000003623	epochs	2.0
1964.2997549983643	0.015293400000018664	epochs	3.0
1964.3150483983643	0.015239800000017567	epochs	3.0
1964.3302881983643	0.030320099999926242	epochs	2.0
1964.3302881983643	0.015186500000027081	epochs	3.0
1964.3454746983643	0.015133599999899161	epochs	3.0
1964.3606082983642	0.03010990000007041	epochs	2.0
1964.3606082983642	0.015081000000009226	epochs	3.0
1964.3756892983643	0.015028900000061185	epochs	3.0
1964.3907181983643	0.029902499999934662	epochs	2.0
1964.3907181983643	0.014977000000044427	epochs	3.0
1964.4056951983644	0.014925499999890235	epochs	3.0
1964.4206206983642	0.029698099999905025	epochs	2.0
1964.4206206983642	0.014874400000053356	epochs	3.0
1964.4354950983643	0.01482369999985167	epochs	3.0
1964.4503187983642	0.029496300000118936	epochs	2.0
1964.4503187983642	0.014773200000036013	epochs	3.0
1964.4650919983642	0.014723100000082923	epochs	3.0
1964.4798150983643	0.029297399999904883	epochs	2.0
1964.4798150983643	0.014673399999992398	epochs	3.0
1964.4944884983643	0.014623999999912485	epochs	3.0
1964.5091124983642	0.02910110000016175	epochs	2.0
1964.5091124983642	0.014574900000070556	epochs	3.0
1964.5236873983642	0.014526200000091194	epochs	3.0
1964.5382135983643	0.028907399999980044	epochs	2.0
1964.5382135983643	0.01447769999981574	epochs	3.0
1964.5526912983642	0.014429700000164303	epochs	3.0
1964.5671209983643	0.028716199999962555	epochs	2.0
1964.5671209983643	0.014381799999910072	epochs	3.0
1964.5815027983642	0.014334400000052483	epochs	3.0
1964.5958371983643	0.02852759999996124	epochs	2.0
1964.5958371983643	0.014287199999898803	epochs	3.0
1964.6101243983642	0.014240400000062436	epochs	3.0
1964.6243647983642	0.028341400000044814	epochs	2.0
1964.6243647983642	0.014193799999929979	epochs	3.0
1964.6385585983642	0.014147600000114835	epochs	3.0
1964.6527061983643	0.028157700000065233	epochs	2.0
1964.6527061983643	0.014101700000082928	epochs	3.0
1964.6668078983644	0.014055999999982305	epochs	3.0
1964.6808638983644	0.02797629999986384	epochs	2.0
1964.6808638983644	0.014010599999892293	epochs	3.0
1964.6948744983642	0.013965699999971548	epochs	3.0
1964.7088401983642	0.027797200000122757	epochs	2.0
1964.7088401983642	0.013920800000050804	epochs	3.0
1964.7227609983643	0.013876400000071953	epochs	3.0
1964.7366373983643	0.027620399999932488	epochs	2.0
1964.7366373983643	0.013832200000024386	epochs	3.0
1964.7504695983644	0.013788199999908102	epochs	3.0
1964.7642577983643	0.027445899999975154	epochs	2.0
1964.7642577983643	0.013744599999881757	epochs	3.0
1964.7780023983642	0.013701300000093397	epochs	3.0
1964.7917036983642	0.0272735000000921	epochs	2.0
1964.7917036983642	0.013658200000008947	epochs	3.0
1964.8053618983643	0.013615300000083153	epochs	3.0
1964.8189771983643	0.027103399999987232	epochs	2.0
1964.8189771983643	0.013572800000019924	epochs	3.0
1964.8325499983644	0.013530599999967308	epochs	3.0
1964.8460805983643	0.02693520000002536	epochs	2.0
1964.8460805983643	0.01348839999991469	epochs	3.0
1964.8595689983642	0.01344680000011067	epochs	3.0
1964.8730157983643	0.026769199999989723	epochs	2.0
1964.8730157983643	0.013405199999851902	epochs	3.0
1964.8864209983642	0.013364000000137821	epochs	3.0
1964.8997849983643	0.026605199999949036	epochs	2.0
1964.8997849983643	0.013322899999820947	epochs	3.0
1964.9131078983642	0.013282300000128089	epochs	3.0
1964.9263901983643	0.0264431999999033	epochs	2.0
1964.9263901983643	0.013241699999980483	epochs	3.0
1964.9396318983643	0.013201499999922817	epochs	3.0
1964.9528333983642	0.026283200000079887	epochs	2.0
1964.9528333983642	0.013161500000023807	epochs	3.0
1964.9659948983642	0.01312170000005608	epochs	3.0
1964.9791165983643	0.02612500000009277	epochs	2.0
1964.9791165983643	0.013082100000019636	epochs	3.0
1964.9921986983643	0.013042900000073132	epochs	3.0
1965.0052415983644	0.025968899999952555	epochs	2.0
1965.0052415983644	0.013003899999830537	epochs	3.0
1965.0182454983642	0.012965000000122018	epochs	3.0
1965.0312104983643	0.025814500000024054	epochs	2.0
1965.0312104983643	0.012926399999969362	epochs	3.0
1965.0441368983643	0.012888100000054692	epochs	3.0
1965.0570249983643	0.025661899999931848	epochs	2.0
1965.0570249983643	0.012849899999991976	epochs	3.0
1965.0698748983643	0.012811999999939871	epochs	3.0
1965.0826868983643	0.025511199999982637	epochs	2.0
1965.0826868983643	0.012774399999898378	epochs	3.0
1965.0954612983642	0.012736800000084258	epochs	3.0
1965.1081980983643	0.025362300000097093	epochs	2.0
1965.1081980983643	0.01269969999998466	epochs	3.0
1965.1208977983642	0.012662600000112434	epochs	3.0
1965.1335603983644	0.025214999999889187	epochs	2.0
1965.1335603983644	0.012625799999796072	epochs	3.0
1965.1461861983641	0.012589200000093115	epochs	3.0
1965.1587753983642	0.024584799999956886	epochs	2.0
1965.1826824983643	0.5	epochs	-1.0
1965.1833601983642	0.5177599999999529	epochs	1.0
1965.7011201983642	0.4821600000000217	epochs	0.0
1966.0550003051758	0.04127999999991516	epochs	0.0
1966.0550003051758	0.015645100000028833	epochs	1.0
1966.0706454051758	0.009989799999857496	epochs	1.0
1966.0806352051757	0.015645100000028833	epochs	1.0
1966.0963603051757	2.0	epochs	0.0
1968.0963226051758	0.5	epochs	-1.0
1968.0963603051757	21.516720000000078	epochs	0.0
1968.0963603051757	1.0	epochs	1.0
1968.5963226051758	19.999360000000024	epochs	-1.0
1969.0963603051757	20.0	epochs	1.0
1969.0963603051757	4.356753900000058	epochs	-1.0
1969.0963603051757	1.9745872000000873	epochs	2.0
1969.0963603051757	1.0985622000000603	epochs	3.0
1970.1949225051758	0.8760250000000269	epochs	3.0
1971.0709475051758	1.3524075000000266	epochs	2.0
1971.0709475051758	0.7286354999998821	epochs	3.0
1971.7995830051757	0.6237720000001445	epochs	3.0
1972.4233550051758	1.029759199999944	epochs	2.0
1972.4233550051758	0.5453293000000485	epochs	3.0
1972.9686843051759	0.4844298999998955	epochs	3.0
1973.4531142051758	0.8317861999998968	epochs	2.0
1973.4531142051758	0.4357763000000432	epochs	3.0
1973.8888905051758	0.3960098999998536	epochs	3.0
1974.2849004051757	0.6977970000000369	epochs	2.0
1974.2849004051757	0.3628982000000178	epochs	3.0
1974.6477986051757	0.33489880000001904	epochs	3.0
1974.9826974051757	0.601045699999986	epochs	2.0
1974.9826974051757	0.3109123000001546	epochs	3.0
1975.2936097051759	0.29013339999983145	epochs	3.0
1975.5837431051757	0.5278859000000011	epochs	2.0
1975.5837431051757	0.2719586000000618	epochs	3.0
1975.8557017051758	0.25592729999993935	epochs	3.0
1976.1116290051757	0.4706193000001804	epochs	2.0
1976.1116290051757	0.241681299999982	epochs	3.0
1976.3533103051757	0.22893800000019837	epochs	3.0
1976.5822483051759	0.42457039999999324	epochs	2.0
1976.5822483051759	0.2174713999997948	epochs	3.0
1976.7997197051757	0.20709900000019843	epochs	3.0
1977.0068187051759	0.3867353999999068	epochs	2.0
1977.0068187051759	0.19767109999997956	epochs	3.0
1977.2044898051759	0.18906429999992724	epochs	3.0
1977.3935541051758	0.35509529999990264	epochs	2.0
1977.3935541051758	0.18117589999997108	epochs	3.0
1977.5747300051758	0.17391939999993156	epochs	3.0
1977.7486494051757	0.3282431000000088	epochs	2.0
1977.7486494051757	0.167221900000186	epochs	3.0
1977.9158713051759	0.16102119999982278	epochs	3.0
1978.0768925051757	0.30516800000009425	epochs	2.0
1978.0768925051757	0.15526390000013635	epochs	3.0
1978.2321564051758	0.1499040999999579	epochs	3.0
1978.3820605051758	0.28512529999989056	epochs	2.0
1978.3820605051758	0.1449021000000812	epochs	3.0
1978.5269626051759	0.14022319999980937	epochs	3.0
1978.6671858051757	0.267553800000087	epochs	2.0
1978.6671858051757	0.13583690000018578	epochs	3.0
1978.8030227051759	0.13171689999990122	epochs	3.0
1978.9347396051758	0.252022899999929	epochs	2.0
1978.9347396051758	0.1278393000000051	epochs	3.0
1979.0625789051758	0.1241835999999239	epochs	3.0
1979.1867625051757	0.23819650000018555	epochs	2.0
1979.1867625051757	0.12073110000005727	epochs	3.0
1979.3074936051758	0.11746540000012828	epochs	3.0
1979.4249590051759	0.22580879999986792	epochs	2.0
1979.4249590051759	0.1143718999999237	epochs	3.0
1979.5393309051758	0.11143689999994422	epochs	3.0
1979.6507678051757	0.2146460000001298	epochs	2.0
1979.6507678051757	0.10864889999993466	epochs	3.0
1979.7594167051757	0.10599710000019513	epochs	3.0
1979.8654138051759	0.2045349999998507	epochs	2.0
1979.8654138051759	0.1034714999998414	epochs	3.0
1979.9688853051757	0.1010635000000093	epochs	3.0
1980.0699488051757	0.19533400000000256	epochs	2.0
1980.0699488051757	0.09876510000003691	epochs	3.0
1980.1687139051758	0.09656889999996565	epochs	3.0
1980.2652828051757	0.18692529999998442	epochs	2.0
1980.2652828051757	0.09446830000001682	epochs	3.0
1980.3597511051757	0.09245699999996759	epochs	3.0
1980.4522081051757	0.1792107000001124	epochs	2.0
1980.4522081051757	0.0905296000000817	epochs	3.0
1980.5427377051758	0.08868110000003071	epochs	3.0
1980.6314188051758	0.17210769999996955	epochs	2.0
1980.6314188051758	0.08690630000000965	epochs	3.0
1980.7183251051758	0.0852013999999599	epochs	3.0
1980.8035265051758	0.16554640000003928	epochs	2.0
1980.8035265051758	0.08356189999994967	epochs	3.0
1980.8870884051757	0.08198450000008961	epochs	3.0
1980.9690729051758	0.15946710000002895	epochs	2.0
1980.9690729051758	0.08046539999986635	epochs	3.0
1981.0495383051757	0.0790017000001626	epochs	3.0
1981.1285400051759	0.1538183999998637	epochs	2.0
1981.1285400051759	0.07759009999995214	epochs	3.0
1981.2061301051758	0.07622829999991154	epochs	3.0
1981.2823584051757	0.14855639999996129	epochs	2.0
1981.2823584051757	0.07491330000016205	epochs	3.0
1981.357271705176	0.07364309999979923	epochs	3.0
1981.4309148051757	0.14364240000008976	epochs	2.0
1981.4309148051757	0.07241500000009182	epochs	3.0
1981.5033298051758	0.07122739999999794	epochs	3.0
1981.5745572051758	0.13904309999998077	epochs	2.0
1981.5745572051758	0.07007799999996678	epochs	3.0
1981.6446352051757	0.06896510000001399	epochs	3.0
1981.7136003051758	0.1347293000001173	epochs	2.0
1981.7136003051758	0.0678871000000072	epochs	3.0
1981.7814874051758	0.0668422000001101	epochs	3.0
1981.8483296051759	0.13067519999981414	epochs	2.0
1981.8483296051759	0.06582909999997355	epochs	3.0
1981.9141587051759	0.06484609999984059	epochs	3.0
1981.9790048051757	0.12685780000015257	epochs	2.0
1981.9790048051757	0.06389200000012352	epochs	3.0
1982.0428968051758	0.06296580000002905	epochs	3.0
1982.1058626051758	0.12325719999989815	epochs	2.0
1982.1058626051758	0.06206580000002759	epochs	3.0
1982.1679284051759	0.061191399999870555	epochs	3.0
1982.2291198051757	0.11985540000000583	epochs	2.0
1982.2291198051757	0.060341099999959624	epochs	3.0
1982.2894609051757	0.059514300000046205	epochs	3.0
1982.3489752051757	0.11663620000012997	epochs	2.0
1982.3489752051757	0.058709599999929196	epochs	3.0
1982.4076848051757	0.05792660000020078	epochs	3.0
1982.4656114051759	0.11358559999985118	epochs	2.0
1982.4656114051759	0.05716419999998834	epochs	3.0
1982.5227756051759	0.05642139999986284	epochs	3.0
1982.5791970051757	0.11069050000014613	epochs	2.0
1982.5791970051757	0.055697900000041045	epochs	3.0
1982.6348949051758	0.054992600000105085	epochs	3.0
1982.6898875051759	0.10793909999983953	epochs	2.0
1982.6898875051759	0.054304899999806366	epochs	3.0
1982.7441924051757	0.05363420000003316	epochs	3.0
1982.7978266051757	0.10532150000017282	epochs	2.0
1982.7978266051757	0.052980000000161453	epochs	3.0
1982.8508066051759	0.052341500000011365	epochs	3.0
1982.903148105176	0.10282759999995505	epochs	2.0
1982.903148105176	0.05171809999978905	epochs	3.0
1982.9548662051757	0.05110950000016601	epochs	3.0
1983.0059757051758	0.10044909999987794	epochs	2.0
1983.0059757051758	0.050514900000052876	epochs	3.0
1983.056490605176	0.04993419999982507	epochs	3.0
1983.1064248051757	0.0981782999999723	epochs	2.0
1983.1064248051757	0.04936659999998483	epochs	3.0
1983.1557914051757	0.04881169999998747	epochs	3.0
1983.2046031051757	0.09600780000005216	epochs	2.0
1983.2046031051757	0.04826920000004975	epochs	3.0
1983.2528723051757	0.04773860000000241	epochs	3.0
1983.3006109051757	0.09393120000004274	epochs	2.0
1983.3006109051757	0.04721949999998287	epochs	3.0
1983.3478304051757	0.046711700000059864	epochs	3.0
1983.3945421051758	0.09194260000003851	epochs	2.0
1983.3945421051758	0.046214599999984785	epochs	3.0
1983.4407567051758	0.045728000000053726	epochs	3.0
1983.4864847051758	0.09003630000006524	epochs	2.0
1983.4864847051758	0.045251499999949374	epochs	3.0
1983.5317362051758	0.044784800000115865	epochs	3.0
1983.576521005176	0.0882075999998051	epochs	2.0
1983.576521005176	0.04432779999979175	epochs	3.0
1983.6208488051757	0.04387980000001335	epochs	3.0
1983.6647286051757	0.0864516999999978	epochs	2.0
1983.6647286051757	0.04344100000002982	epochs	3.0
1983.7081696051757	0.04301069999996798	epochs	3.0
1983.7511803051757	0.08476430000018809	epochs	2.0
1983.7511803051757	0.04258900000013455	epochs	3.0
1983.7937693051758	0.04217530000005354	epochs	3.0
1983.8359446051759	0.08314150000001064	epochs	2.0
1983.8359446051759	0.04176969999980429	epochs	3.0
1983.8777143051757	0.04137180000020635	epochs	3.0
1983.919086105176	0.08157969999979287	epochs	2.0
1983.919086105176	0.040981399999964196	epochs	3.0
1983.9600675051759	0.04059829999982867	epochs	3.0
1984.0006658051757	0.08007550000002084	epochs	2.0
1984.0006658051757	0.040222300000095856	epochs	3.0
1984.0408881051758	0.03985319999992498	epochs	3.0
1984.0807413051757	0.07862569999997504	epochs	2.0
1984.0807413051757	0.039490800000066884	epochs	3.0
1984.1202321051758	0.03913489999990816	epochs	3.0
1984.1593670051757	0.07722760000001472	epochs	2.0
1984.1593670051757	0.038785400000051595	epochs	3.0
1984.1981524051757	0.03844219999996312	epochs	3.0
1984.2365946051757	0.07587820000003376	epochs	2.0
1984.2365946051757	0.03810480000015559	epochs	3.0
1984.2746994051759	0.037773399999878166	epochs	3.0
1984.3124728051757	0.0745752000000266	epochs	2.0
1984.3124728051757	0.03744770000002973	epochs	3.0
1984.3499205051758	0.03712749999999687	epochs	3.0
1984.3870480051758	0.07331629999998768	epochs	2.0
1984.3870480051758	0.0368129000000863	epochs	3.0
1984.4238609051758	0.036503399999901376	epochs	3.0
1984.4603643051757	0.07209899999998015	epochs	2.0
1984.4603643051757	0.03619909999997617	epochs	3.0
1984.4965634051757	0.03589990000000398	epochs	3.0
1984.5324633051757	0.07092170000009901	epochs	2.0
1984.5324633051757	0.03560560000005353	epochs	3.0
1984.5680689051758	0.03531610000004548	epochs	3.0
1984.6033850051758	0.06978200000003199	epochs	2.0
1984.6033850051758	0.03503120000004856	epochs	3.0
1984.6384162051759	0.03475079999998343	epochs	3.0
1984.6731670051759	0.06867859999988468	epochs	2.0
1984.6731670051759	0.03447510000000875	epochs	3.0
1984.7076421051759	0.03420349999987593	epochs	3.0
1984.7418456051757	0.06760929999995824	epochs	2.0
1984.7418456051757	0.033936199999970995	epochs	3.0
1984.7757818051757	0.033673099999987244	epochs	3.0
1984.8094549051757	0.06657289999998284	epochs	2.0
1984.8094549051757	0.03341399999999339	epochs	3.0
1984.8428689051757	0.033158899999989444	epochs	3.0
1984.8760278051757	0.06556780000005347	epochs	2.0
1984.8760278051757	0.03290770000012344	epochs	3.0
1984.9089355051758	0.032660099999930026	epochs	3.0
1984.9415956051757	0.06459259999996902	epochs	2.0
1984.9415956051757	0.03241640000010193	epochs	3.0
1984.9740120051758	0.032176199999867094	epochs	3.0
1985.0061882051757	0.06364600000006249	epochs	2.0
1985.0061882051757	0.03193959999998697	epochs	3.0
1985.0381278051757	0.03170640000007552	epochs	3.0
1985.0698342051758	0.0627266999999847	epochs	2.0
1985.0698342051758	0.031476599999905375	epochs	3.0
1985.1013108051757	0.03125010000007933	epochs	3.0
1985.1325609051758	0.06183359999999993	epochs	2.0
1985.1325609051758	0.03102689999991526	epochs	3.0
1985.1635878051757	0.030806700000084675	epochs	3.0
1985.1943945051758	0.06096560000014506	epochs	2.0
1985.1943945051758	0.03058980000014344	epochs	3.0
1985.224984305176	0.030375800000001618	epochs	3.0
1985.255360105176	0.060121599999774844	epochs	2.0
1985.255360105176	0.030164899999817862	epochs	3.0
1985.2855250051757	0.02995669999995698	epochs	3.0
1985.3154817051757	0.059300700000221696	epochs	2.0
1985.3154817051757	0.029751600000054168	epochs	3.0
1985.3452333051757	0.029549100000167527	epochs	3.0
1985.374782405176	0.05850179999993088	epochs	2.0
1985.374782405176	0.02934940000000097	epochs	3.0
1985.404131805176	0.029152399999929912	epochs	3.0
1985.4332842051758	0.05772419999993872	epochs	2.0
1985.4332842051758	0.028957999999875028	epochs	3.0
1985.4622422051757	0.02876620000006369	epochs	3.0
1985.4910084051758	0.05696710000006533	epochs	2.0
1985.4910084051758	0.028577000000041153	epochs	3.0
1985.5195854051758	0.028390100000024177	epochs	3.0
1985.5479755051758	0.05622949999997218	epochs	2.0
1985.5479755051758	0.028205699999944045	epochs	3.0
1985.5761812051758	0.028023800000028132	epochs	3.0
1985.6042050051758	0.05551070000001346	epochs	2.0
1985.6042050051758	0.027843999999959124	epochs	3.0
1985.6320490051758	0.027666700000054334	epochs	3.0
1985.6597157051758	0.054810200000019904	epochs	2.0
1985.6597157051758	0.02749149999999645	epochs	3.0
1985.6872072051758	0.027318700000023455	epochs	3.0
1985.7145259051758	0.054126999999880354	epochs	2.0
1985.7145259051758	0.027147799999966082	epochs	3.0
1985.7416737051758	0.026979199999914272	epochs	3.0
1985.7686529051757	0.053460699999959616	epochs	2.0
1985.7686529051757	0.026812600000084785	epochs	3.0
1985.7954655051758	0.02664809999987483	epochs	3.0
1985.8221136051757	0.05281070000000909	epochs	2.0
1985.8221136051757	0.026485600000114573	epochs	3.0
1985.8485992051758	0.02632509999989452	epochs	3.0
1985.8749243051757	0.05217620000007628	epochs	2.0
1985.8749243051757	0.02616640000019288	epochs	3.0
1985.9010907051759	0.0260097999998834	epochs	3.0
1985.9271005051758	0.051556699999991906	epochs	2.0
1985.9271005051758	0.025854799999933675	epochs	3.0
1985.9529553051757	0.02570190000005823	epochs	3.0
1985.9786572051758	0.05095189999997274	epochs	2.0
1985.9786572051758	0.025550699999939752	epochs	3.0
1986.0042079051757	0.025401200000032986	epochs	3.0
1986.0296091051757	0.05036100000006627	epochs	2.0
1986.0296091051757	0.025253499999962514	epochs	3.0
1986.0548626051757	0.025107500000103755	epochs	3.0
1986.0799701051758	0.04978379999988647	epochs	2.0
1986.0799701051758	0.02496320000000196	epochs	3.0
1986.1049333051758	0.024820599999884507	epochs	3.0
1986.1297539051757	0.04921950000016295	epochs	2.0
1986.1297539051757	0.024679400000195528	epochs	3.0
1986.1544333051759	0.024540099999967424	epochs	3.0
1986.1789734051758	0.04866790000005494	epochs	2.0
1986.1789734051758	0.024402099999861093	epochs	3.0
1986.2033755051757	0.02426580000019385	epochs	3.0
1986.227641305176	0.048128599999927246	epochs	2.0
1986.227641305176	0.02413099999989754	epochs	3.0
1986.2517723051758	0.023997600000029706	epochs	3.0
1986.2757699051758	0.047601100000065344	epochs	2.0
1986.2757699051758	0.023865800000066884	epochs	3.0
1986.299635705176	0.02373529999999846	epochs	3.0
1986.3233710051759	0.04708499999992455	epochs	2.0
1986.3233710051759	0.023606299999983094	epochs	3.0
1986.3469773051759	0.023478699999941455	epochs	3.0
1986.3704560051758	0.046579999999948996	epochs	2.0
1986.3704560051758	0.023352499999873544	epochs	3.0
1986.3938085051757	0.02322750000007545	epochs	3.0
1986.4170360051758	0.046085700000048746	epochs	2.0
1986.4170360051758	0.023104000000103042	epochs	3.0
1986.4401400051759	0.022981699999945704	epochs	3.0
1986.4631217051758	0.045601799999985815	epochs	2.0
1986.4631217051758	0.02286069999991014	epochs	3.0
1986.4859824051757	0.022741100000075676	epochs	3.0
1986.5087235051758	0.045127899999897636	epochs	2.0
1986.5087235051758	0.022622499999897627	epochs	3.0
1986.5313460051757	0.02250540000000001	epochs	3.0
1986.5538514051757	0.0446638000000803	epochs	2.0
1986.5538514051757	0.02238929999998618	epochs	3.0
1986.5762407051757	0.022274500000094122	epochs	3.0
1986.5985152051758	0.04420920000006845	epochs	2.0
1986.5985152051758	0.022160799999937808	epochs	3.0
1986.6206760051757	0.02204840000013064	epochs	3.0
1986.6427244051758	0.04376359999992019	epochs	2.0
1986.6427244051758	0.02193689999990056	epochs	3.0
1986.6646613051757	0.021826700000019628	epochs	3.0
1986.6864880051758	0.04332709999994222	epochs	2.0
1986.6864880051758	0.02171760000010181	epochs	3.0
1986.7082056051759	0.02160949999984041	epochs	3.0
1986.7298151051757	0.04289900000003399	epochs	2.0
1986.7298151051757	0.02150249999999687	epochs	3.0
1986.7513176051757	0.021396500000037122	epochs	3.0
1986.7727141051757	0.04247950000012679	epochs	2.0
1986.7727141051757	0.021291700000119818	epochs	3.0
1986.7940058051759	0.021187800000006973	epochs	3.0
1986.8151936051759	0.04206789999989269	epochs	2.0
1986.8151936051759	0.02108490000000529	epochs	3.0
1986.8362785051759	0.020982999999887397	epochs	3.0
1986.8572615051758	0.04166439999994509	epochs	2.0
1986.8572615051758	0.020882199999959994	epochs	3.0
1986.8781437051757	0.020782199999985096	epochs	3.0
1986.8989259051757	0.04126850000011473	epochs	2.0
1986.8989259051757	0.020683299999973315	epochs	3.0
1986.9196092051757	0.020585200000141413	epochs	3.0
1986.9401944051758	0.04088000000001557	epochs	2.0
1986.9401944051758	0.020488099999965925	epochs	3.0
1986.9606825051758	0.020391900000049645	epochs	3.0
1986.9810744051758	0.04049880000002304	epochs	2.0
1986.9810744051758	0.020296599999937825	epochs	3.0
1987.0013710051758	0.020202200000085213	epochs	3.0
1987.0215732051759	0.040124599999899146	epochs	2.0
1987.0215732051759	0.02010870000003706	epochs	3.0
1987.041681905176	0.020015899999862086	epochs	3.0
1987.0616978051758	0.03975730000001931	epochs	2.0
1987.0616978051758	0.019924200000104975	epochs	3.0
1987.0816220051759	0.01983309999991434	epochs	3.0
1987.1014551051758	0.03939669999999751	epochs	2.0
1987.1014551051758	0.01974300000006224	epochs	3.0
1987.1211981051758	0.01965369999993527	epochs	3.0
1987.1408518051758	0.03904239999997117	epochs	2.0
1987.1408518051758	0.019565099999908853	epochs	3.0
1987.1604169051757	0.019477300000062314	epochs	3.0
1987.1798942051757	0.038694600000098944	epochs	2.0
1987.1798942051757	0.019390400000020236	epochs	3.0
1987.1992846051758	0.01930420000007871	epochs	3.0
1987.2185888051758	0.038352899999836154	epochs	2.0
1987.2185888051758	0.019218799999862313	epochs	3.0
1987.2378076051757	0.01913409999997384	epochs	3.0
1987.2569417051757	0.03801720000001296	epochs	2.0
1987.2569417051757	0.019050200000037876	epochs	3.0
1987.2759919051757	0.018966999999975087	epochs	3.0
1987.2949589051757	0.03768720000016401	epochs	2.0
1987.2949589051757	0.01888450000001285	epochs	3.0
1987.3138434051757	0.018802700000151162	epochs	3.0
1987.3326461051759	0.03736309999999321	epochs	2.0
1987.3326461051759	0.018721700000014607	epochs	3.0
1987.3513678051759	0.018641399999978603	epochs	3.0
1987.3700092051758	0.03704429999993408	epochs	2.0
1987.3700092051758	0.018561599999884493	epochs	3.0
1987.3885708051757	0.01848270000004959	epochs	3.0
1987.4070535051758	0.03673099999991791	epochs	2.0
1987.4070535051758	0.018404299999929208	epochs	3.0
1987.4254578051757	0.018326699999988705	epochs	3.0
1987.4437845051757	0.03642290000016146	epochs	2.0
1987.4437845051757	0.018249599999990096	epochs	3.0
1987.4620341051757	0.018173300000171366	epochs	3.0
1987.4802074051759	0.036120099999834565	epochs	2.0
1987.4802074051759	0.01809759999991911	epochs	3.0
1987.4983050051758	0.018022499999915453	epochs	3.0
1987.5163275051757	0.035822100000132195	epochs	2.0
1987.5163275051757	0.017947900000081063	epochs	3.0
1987.5342754051758	0.017874200000051133	epochs	3.0
1987.5521496051758	0.03552899999999681	epochs	2.0
1987.5521496051758	0.017800800000031813	epochs	3.0
1987.5699504051759	0.017728199999965	epochs	3.0
1987.5876786051758	0.03524070000003121	epochs	2.0
1987.5876786051758	0.017656100000067454	epochs	3.0
1987.605334705176	0.017584599999963757	epochs	3.0
1987.6229193051759	0.03495709999992869	epochs	2.0
1987.6229193051759	0.017513699999881283	epochs	3.0
1987.6404330051757	0.017443400000047404	epochs	3.0
1987.6578764051758	0.034677899999906	epochs	2.0
1987.6578764051758	0.017373599999928047	epochs	3.0
1987.6752500051757	0.017304299999977957	epochs	3.0
1987.6925543051757	0.03440330000012182	epochs	2.0
1987.6925543051757	0.017235700000128418	epochs	3.0
1987.7097900051758	0.0171675999999934	epochs	3.0
1987.7269576051758	0.03413279999995211	epochs	2.0
1987.7269576051758	0.01709989999994832	epochs	3.0
1987.7440575051758	0.017032900000003792	epochs	3.0
1987.7610904051758	0.03386670000008962	epochs	2.0
1987.7610904051758	0.01696640000000116	epochs	3.0
1987.7780568051758	0.016900300000088464	epochs	3.0
1987.7949571051759	0.03360459999998966	epochs	2.0
1987.7949571051759	0.01683479999996962	epochs	3.0
1987.8117919051758	0.01676980000002004	epochs	3.0
1987.8285617051758	0.033346599999958926	epochs	2.0
1987.8285617051758	0.016705300000012357	epochs	3.0
1987.8452670051759	0.01664129999994657	epochs	3.0
1987.8619083051758	0.03309250000006614	epochs	2.0
1987.8619083051758	0.016577800000050047	epochs	3.0
1987.8784861051759	0.01651470000001609	epochs	3.0
1987.8950008051759	0.03284229999985655	epochs	2.0
1987.8950008051759	0.01645220000000336	epochs	3.0
1987.9114530051759	0.01639009999985319	epochs	3.0
1987.9278431051757	0.03259570000000167	epochs	2.0
1987.9278431051757	0.016328400000020338	epochs	3.0
1987.9441715051757	0.016267299999981333	epochs	3.0
1987.9604388051757	0.032352899999978035	epochs	2.0
1987.9604388051757	0.016206600000032267	epochs	3.0
1987.9766454051758	0.016146299999945768	epochs	3.0
1987.9927917051757	0.032113700000081735	epochs	2.0
1987.9927917051757	0.016086600000107865	epochs	3.0
1988.0088783051758	0.01602709999997387	epochs	3.0
1988.0249054051758	0.03187800000000607	epochs	2.0
1988.0249054051758	0.015968200000088473	epochs	3.0
1988.0408736051759	0.015909799999917595	epochs	3.0
1988.0567834051758	0.03164569999989908	epochs	2.0
1988.0567834051758	0.015851599999905375	epochs	3.0
1988.0726350051757	0.015794099999993705	epochs	3.0
1988.0884291051757	0.03141670000013619	epochs	2.0
1988.0884291051757	0.015736700000161363	epochs	3.0
1988.1041658051759	0.015679999999974825	epochs	3.0
1988.1198458051758	0.03119109999988723	epochs	2.0
1988.1198458051758	0.015623600000026272	epochs	3.0
1988.1354694051759	0.015567499999860956	epochs	3.0
1988.1510369051757	0.03096870000013041	epochs	2.0
1988.1510369051757	0.01551200000017161	epochs	3.0
1988.166548905176	0.0154566999999588	epochs	3.0
1988.1820056051758	0.030749499999956242	epochs	2.0
1988.1820056051758	0.015401999999994587	epochs	3.0
1988.1974076051758	0.015347499999961656	epochs	3.0
1988.2127551051758	0.03053320000003623	epochs	2.0
1988.2127551051758	0.015293400000018664	epochs	3.0
1988.2280485051758	0.015239800000017567	epochs	3.0
1988.2432883051758	0.030320099999926242	epochs	2.0
1988.2432883051758	0.015186500000027081	epochs	3.0
1988.2584748051759	0.015133599999899161	epochs	3.0
1988.2736084051758	0.03010990000007041	epochs	2.0
1988.2736084051758	0.015081000000009226	epochs	3.0
1988.2886894051758	0.015028900000061185	epochs	3.0
1988.3037183051758	0.029902499999934662	epochs	2.0
1988.3037183051758	0.014977000000044427	epochs	3.0
1988.3186953051759	0.014925499999890235	epochs	3.0
1988.3336208051758	0.029698099999905025	epochs	2.0
1988.3336208051758	0.014874400000053356	epochs	3.0
1988.3484952051758	0.01482369999985167	epochs	3.0
1988.3633189051757	0.029496300000118936	epochs	2.0
1988.3633189051757	0.014773200000036013	epochs	3.0
1988.3780921051757	0.014723100000082923	epochs	3.0
1988.3928152051758	0.029297399999904883	epochs	2.0
1988.3928152051758	0.014673399999992398	epochs	3.0
1988.4074886051758	0.014623999999912485	epochs	3.0
1988.4221126051757	0.02910110000016175	epochs	2.0
1988.4221126051757	0.014574900000070556	epochs	3.0
1988.4366875051758	0.014526200000091194	epochs	3.0
1988.4512137051759	0.028907399999980044	epochs	2.0
1988.4512137051759	0.01447769999981574	epochs	3.0
1988.4656914051757	0.014429700000164303	epochs	3.0
1988.4801211051758	0.028716199999962555	epochs	2.0
1988.4801211051758	0.014381799999910072	epochs	3.0
1988.4945029051758	0.014334400000052483	epochs	3.0
1988.5088373051758	0.02852759999996124	epochs	2.0
1988.5088373051758	0.014287199999898803	epochs	3.0
1988.5231245051757	0.014240400000062436	epochs	3.0
1988.5373649051758	0.028341400000044814	epochs	2.0
1988.5373649051758	0.014193799999929979	epochs	3.0
1988.5515587051757	0.014147600000114835	epochs	3.0
1988.5657063051758	0.028157700000065233	epochs	2.0
1988.5657063051758	0.014101700000082928	epochs	3.0
1988.579808005176	0.014055999999982305	epochs	3.0
1988.5938640051759	0.02797629999986384	epochs	2.0
1988.5938640051759	0.014010599999892293	epochs	3.0
1988.6078746051758	0.013965699999971548	epochs	3.0
1988.6218403051757	0.027797200000122757	epochs	2.0
1988.6218403051757	0.013920800000050804	epochs	3.0
1988.6357611051758	0.013876400000071953	epochs	3.0
1988.6496375051759	0.027620399999932488	epochs	2.0
1988.6496375051759	0.013832200000024386	epochs	3.0
1988.6634697051759	0.013788199999908102	epochs	3.0
1988.6772579051758	0.027445899999975154	epochs	2.0
1988.6772579051758	0.013744599999881757	epochs	3.0
1988.6910025051757	0.013701300000093397	epochs	3.0
1988.7047038051758	0.0272735000000921	epochs	2.0
1988.7047038051758	0.013658200000008947	epochs	3.0
1988.7183620051758	0.013615300000083153	epochs	3.0
1988.7319773051759	0.027103399999987232	epochs	2.0
1988.7319773051759	0.013572800000019924	epochs	3.0
1988.7455501051759	0.013530599999967308	epochs	3.0
1988.7590807051758	0.02693520000002536	epochs	2.0
1988.7590807051758	0.01348839999991469	epochs	3.0
1988.7725691051758	0.01344680000011067	epochs	3.0
1988.7860159051759	0.026769199999989723	epochs	2.0
1988.7860159051759	0.013405199999851902	epochs	3.0
1988.7994211051757	0.013364000000137821	epochs	3.0
1988.8127851051759	0.026605199999949036	epochs	2.0
1988.8127851051759	0.013322899999820947	epochs	3.0
1988.8261080051757	0.013282300000128089	epochs	3.0
1988.8393903051758	0.0264431999999033	epochs	2.0
1988.8393903051758	0.013241699999980483	epochs	3.0
1988.8526320051758	0.013201499999922817	epochs	3.0
1988.8658335051757	0.026283200000079887	epochs	2.0
1988.8658335051757	0.013161500000023807	epochs	3.0
1988.8789950051757	0.01312170000005608	epochs	3.0
1988.8921167051758	0.02612500000009277	epochs	2.0
1988.8921167051758	0.013082100000019636	epochs	3.0
1988.9051988051758	0.013042900000073132	epochs	3.0
1988.918241705176	0.025968899999952555	epochs	2.0
1988.918241705176	0.013003899999830537	epochs	3.0
1988.9312456051757	0.012965000000122018	epochs	3.0
1988.9442106051758	0.025814500000024054	epochs	2.0
1988.9442106051758	0.012926399999969362	epochs	3.0
1988.9571370051758	0.012888100000054692	epochs	3.0
1988.9700251051759	0.025661899999931848	epochs	2.0
1988.9700251051759	0.012849899999991976	epochs	3.0
1988.9828750051759	0.012811999999939871	epochs	3.0
1988.9956870051758	0.025511199999982637	epochs	2.0
1988.9956870051758	0.012774399999898378	epochs	3.0
1989.0084614051757	0.012736800000084258	epochs	3.0
1989.0211982051758	0.025362300000097093	epochs	2.0
1989.0211982051758	0.01269969999998466	epochs	3.0
1989.0338979051758	0.012662600000112434	epochs	3.0
1989.0465605051759	0.025214999999889187	epochs	2.0
1989.0465605051759	0.012625799999796072	epochs	3.0
1989.0591863051757	0.012589200000093115	epochs	3.0
1989.0717755051758	0.024584799999956886	epochs	2.0
1989.0956826051759	0.5	epochs	-1.0
1989.0963603051757	0.5167200000000776	epochs	1.0
1989.6130803051758	0.48319999999989705	epochs	0.0
