onset	duration	nwb_table	treelevel
8.152999877929688	0.09999999999999964	epochs	0.0
8.152999877929688	0.04499999999999993	epochs	1.0
8.197999877929687	0.009999999999999787	epochs	1.0
8.207999877929687	0.04499999999999993	epochs	1.0
8.252999877929687	0.7049950000000003	epochs	0.0
8.252999877929687	0.5	epochs	-1.0
8.252999877929687	0.5	epochs	-1.0
8.252999877929687	0.5	epochs	1.0
8.752999877929687	0.0600000000000005	epochs	-1.0
8.752999877929687	0.025000000000000355	epochs	-1.0
8.752999877929687	0.025000000000000355	epochs	1.0
8.777999877929688	0.009999999999999787	epochs	-1.0
8.777999877929688	0.009999999999999787	epochs	1.0
8.787999877929687	0.025000000000000355	epochs	-1.0
8.787999877929687	0.025000000000000355	epochs	1.0
8.812999877929688	0.0600000000000005	epochs	-1.0
8.812999877929688	0.025000000000000355	epochs	-1.0
8.812999877929688	0.025000000000000355	epochs	1.0
8.837999877929688	0.009999999999999787	epochs	-1.0
8.837999877929688	0.009999999999999787	epochs	1.0
8.847999877929688	0.025000000000000355	epochs	-1.0
8.847999877929688	0.025000000000000355	epochs	1.0
8.872999877929688	0.05999999999999872	epochs	-1.0
8.872999877929688	0.02499999999999858	epochs	-1.0
8.872999877929688	0.02499999999999858	epochs	1.0
8.897999877929687	0.010000000000001563	epochs	-1.0
8.897999877929687	0.010000000000001563	epochs	1.0
8.907999877929688	0.02499999999999858	epochs	-1.0
8.907999877929688	0.02499999999999858	epochs	1.0
8.932999877929687	0.024995000000000545	epochs	1.0
328.06500005722046	0.10000000000002274	epochs	0.0
328.06500005722046	0.045000000000015916	epochs	1.0
328.1100000572205	0.009999999999990905	epochs	1.0
328.12000005722047	0.045000000000015916	epochs	1.0
328.1650000572205	0.7049949999999967	epochs	0.0
328.1650000572205	0.5	epochs	-1.0
328.1650000572205	0.5	epochs	1.0
328.6650000572205	0.060000000000002274	epochs	-1.0
328.6650000572205	0.024999999999977263	epochs	-1.0
328.6650000572205	0.024999999999977263	epochs	1.0
328.69000005722046	0.009999999999990905	epochs	-1.0
328.69000005722046	0.009999999999990905	epochs	1.0
328.70000005722045	0.025000000000034106	epochs	-1.0
328.70000005722045	0.025000000000034106	epochs	1.0
328.7250000572205	0.060000000000002274	epochs	-1.0
328.7250000572205	0.024999999999977263	epochs	-1.0
328.7250000572205	0.024999999999977263	epochs	1.0
328.75000005722046	0.009999999999990905	epochs	-1.0
328.75000005722046	0.009999999999990905	epochs	1.0
328.76000005722045	0.025000000000034106	epochs	-1.0
328.76000005722045	0.025000000000034106	epochs	1.0
328.7850000572205	0.05999999999994543	epochs	-1.0
328.7850000572205	0.024999999999977263	epochs	-1.0
328.7850000572205	0.024999999999977263	epochs	1.0
328.81000005722046	0.009999999999990905	epochs	-1.0
328.81000005722046	0.009999999999990905	epochs	1.0
328.82000005722045	0.024999999999977263	epochs	-1.0
328.82000005722045	0.024999999999977263	epochs	1.0
328.84500005722043	0.02499500000004673	epochs	1.0
379.94199991226196	0.10000000000002274	epochs	0.0
379.94199991226196	0.045000000000015916	epochs	1.0
379.986999912262	0.009999999999990905	epochs	1.0
379.99699991226197	0.045000000000015916	epochs	1.0
380.041999912262	61.384995	epochs	0.0
380.041999912262	0.5	epochs	-1.0
380.041999912262	0.5	epochs	-1.0
380.041999912262	0.5	epochs	1.0
380.541999912262	0.060000000000002274	epochs	-1.0
380.541999912262	0.024999999999977263	epochs	-1.0
380.541999912262	0.024999999999977263	epochs	1.0
380.56699991226196	0.009999999999990905	epochs	-1.0
380.56699991226196	0.009999999999990905	epochs	1.0
380.57699991226195	0.025000000000034106	epochs	-1.0
380.57699991226195	0.025000000000034106	epochs	1.0
380.601999912262	0.060000000000002274	epochs	-1.0
380.601999912262	0.024999999999977263	epochs	-1.0
380.601999912262	0.024999999999977263	epochs	1.0
380.62699991226197	0.009999999999990905	epochs	-1.0
380.62699991226197	0.009999999999990905	epochs	1.0
380.63699991226196	0.025000000000034106	epochs	-1.0
380.63699991226196	0.025000000000034106	epochs	1.0
380.661999912262	0.05999999999994543	epochs	-1.0
380.661999912262	0.024999999999977263	epochs	-1.0
380.661999912262	0.024999999999977263	epochs	1.0
380.68699991226197	0.009999999999990905	epochs	-1.0
380.68699991226197	0.009999999999990905	epochs	1.0
380.69699991226196	0.024999999999977263	epochs	-1.0
380.69699991226196	0.024999999999977263	epochs	1.0
380.72199991226194	60.0	epochs	1.0
440.72199991226194	0.5	epochs	-1.0
440.72199991226194	0.5	epochs	-1.0
440.72199991226194	0.5	epochs	1.0
441.22199991226194	0.06000000000005912	epochs	-1.0
441.22199991226194	0.025000000000034106	epochs	-1.0
441.22199991226194	0.025000000000034106	epochs	1.0
441.24699991226197	0.009999999999990905	epochs	-1.0
441.24699991226197	0.009999999999990905	epochs	1.0
441.25699991226196	0.025000000000034106	epochs	-1.0
441.25699991226196	0.025000000000034106	epochs	1.0
441.281999912262	0.05999999999994543	epochs	-1.0
441.281999912262	0.024999999999977263	epochs	-1.0
441.281999912262	0.024999999999977263	epochs	1.0
441.306999912262	0.009999999999990905	epochs	-1.0
441.306999912262	0.009999999999990905	epochs	1.0
441.31699991226196	0.024999999999977263	epochs	-1.0
441.31699991226196	0.024999999999977263	epochs	1.0
441.34199991226194	0.060000000000002274	epochs	-1.0
441.34199991226194	0.025000000000034106	epochs	-1.0
441.34199991226194	0.025000000000034106	epochs	1.0
441.366999912262	0.009999999999990905	epochs	-1.0
441.366999912262	0.009999999999990905	epochs	1.0
441.37699991226197	0.024999999999977263	epochs	-1.0
441.37699991226197	0.024999999999977263	epochs	1.0
441.40199991226194	0.02499500000004673	epochs	1.0
580.4559998512268	0.10000000000002274	epochs	0.0
580.4559998512268	0.04499999999995907	epochs	1.0
580.5009998512268	0.009999999999990905	epochs	1.0
580.5109998512268	0.04500000000007276	epochs	1.0
580.5559998512268	0.7049949999999399	epochs	0.0
580.5559998512268	0.5	epochs	-1.0
580.5559998512268	0.5	epochs	-1.0
580.5559998512268	0.5	epochs	1.0
581.0559998512268	0.05999999999994543	epochs	-1.0
581.0559998512268	0.024999999999977263	epochs	-1.0
581.0559998512268	0.024999999999977263	epochs	1.0
581.0809998512268	0.009999999999990905	epochs	-1.0
581.0809998512268	0.009999999999990905	epochs	1.0
581.0909998512268	0.024999999999977263	epochs	-1.0
581.0909998512268	0.024999999999977263	epochs	1.0
581.1159998512268	0.06000000000005912	epochs	-1.0
581.1159998512268	0.024999999999977263	epochs	-1.0
581.1159998512268	0.024999999999977263	epochs	1.0
581.1409998512268	0.010000000000104592	epochs	-1.0
581.1409998512268	0.010000000000104592	epochs	1.0
581.1509998512269	0.024999999999977263	epochs	-1.0
581.1509998512269	0.024999999999977263	epochs	1.0
581.1759998512268	0.05999999999994543	epochs	-1.0
581.1759998512268	0.024999999999977263	epochs	-1.0
581.1759998512268	0.024999999999977263	epochs	1.0
581.2009998512268	0.009999999999990905	epochs	-1.0
581.2009998512268	0.009999999999990905	epochs	1.0
581.2109998512268	0.024999999999977263	epochs	-1.0
581.2109998512268	0.024999999999977263	epochs	1.0
581.2359998512268	0.024994999999989886	epochs	1.0
625.186999797821	0.10000000000002274	epochs	0.0
625.186999797821	0.04499999999995907	epochs	1.0
625.231999797821	0.009999999999990905	epochs	1.0
625.241999797821	0.04500000000007276	epochs	1.0
625.2869997978211	5.999979999999937	epochs	0.0
625.2869997978211	0.5	epochs	-1.0
625.2869997978211	0.5	epochs	-1.0
625.2869997978211	0.5	epochs	1.0
625.7869997978211	5.0	epochs	1.0
630.7869997978211	0.4999799999999368	epochs	-1.0
630.7869997978211	0.4999799999999368	epochs	1.0
655.4019999504089	0.1028800000000274	epochs	0.0
655.4019999504089	0.0464399999999614	epochs	1.0
655.4484399504089	0.009999999999990905	epochs	1.0
655.4584399504089	0.04644000000007509	epochs	1.0
655.504879950409	2.5571800000000167	epochs	0.0
655.504879950409	0.5	epochs	1.0
655.504880650409	0.5	epochs	-1.0
656.004879950409	1.0	epochs	1.0
657.004879950409	1.0571800000000167	epochs	1.0
657.504880650409	0.5	epochs	-1.0
658.062059950409	0.9427999999999201	epochs	0.0
658.4270000457764	0.1028800000000274	epochs	0.0
658.4270000457764	0.0464399999999614	epochs	1.0
658.4734400457763	0.009999999999990905	epochs	1.0
658.4834400457763	0.04644000000007509	epochs	1.0
658.5298800457764	0.5371000000000095	epochs	0.0
658.5298800457764	0.5	epochs	1.0
658.5298807457764	0.5	epochs	-1.0
659.0298800457764	0.03710000000000946	epochs	1.0
659.0669800457764	2.9628799999999273	epochs	0.0
659.3590002059937	0.1028800000000274	epochs	0.0
659.3590002059937	0.0464399999999614	epochs	1.0
659.4054402059936	0.009999999999990905	epochs	1.0
659.4154402059936	0.04644000000007509	epochs	1.0
659.4618802059937	0.5375999999999976	epochs	0.0
659.4618802059937	0.5	epochs	1.0
659.4618809059937	0.5	epochs	-1.0
659.9618802059937	0.037599999999997635	epochs	1.0
659.9994802059937	2.962379999999939	epochs	0.0
660.2820000648499	0.1028800000000274	epochs	0.0
660.2820000648499	0.0464399999999614	epochs	1.0
660.3284400648498	0.009999999999990905	epochs	1.0
660.3384400648498	0.04644000000007509	epochs	1.0
660.3848800648499	2.557019999999966	epochs	0.0
660.3848800648499	0.5	epochs	1.0
660.3848807648499	0.5	epochs	-1.0
660.8848800648499	1.0	epochs	1.0
661.8848800648499	1.0570199999999659	epochs	1.0
662.3848807648499	0.5	epochs	-1.0
662.9419000648498	0.9429599999999709	epochs	0.0
663.2630000114441	0.1028800000000274	epochs	0.0
663.2630000114441	0.0464399999999614	epochs	1.0
663.309440011444	0.009999999999990905	epochs	1.0
663.319440011444	0.04644000000007509	epochs	1.0
663.3658800114441	2.556899999999928	epochs	0.0
663.3658800114441	0.5	epochs	1.0
663.3658807114441	0.5	epochs	-1.0
663.8658800114441	1.0	epochs	1.0
664.8658800114441	1.0568999999999278	epochs	1.0
665.3658807114441	0.5	epochs	-1.0
665.922780011444	0.943080000000009	epochs	0.0
666.2579998970032	0.1028800000000274	epochs	0.0
666.2579998970032	0.0464399999999614	epochs	1.0
666.3044398970031	0.009999999999990905	epochs	1.0
666.3144398970031	0.04644000000007509	epochs	1.0
666.3608798970032	2.5570000000000164	epochs	0.0
666.3608798970032	0.5	epochs	1.0
666.3608805970032	0.5	epochs	-1.0
666.8608798970032	1.0	epochs	1.0
667.8608798970032	1.0570000000000164	epochs	1.0
668.3608805970032	0.5	epochs	-1.0
668.9178798970032	0.9429799999999204	epochs	0.0
669.2569999694824	0.1028800000000274	epochs	0.0
669.2569999694824	0.0464399999999614	epochs	1.0
669.3034399694824	0.009999999999990905	epochs	1.0
669.3134399694824	0.04644000000007509	epochs	1.0
669.3598799694824	2.557419999999979	epochs	0.0
669.3598799694824	0.5	epochs	1.0
669.3598806694824	0.5	epochs	-1.0
669.8598799694824	1.0	epochs	1.0
670.8598799694824	1.0574199999999792	epochs	1.0
671.3598806694824	0.5	epochs	-1.0
671.9172999694824	0.9425599999999577	epochs	0.0
672.3060002326965	0.6499800000000278	epochs	0.0
672.3060002326965	0.049999999999954525	epochs	1.0
672.3560002326965	0.5	epochs	1.0
672.8560002326965	0.09998000000007323	epochs	1.0
673.3639998435974	0.6499800000000278	epochs	0.0
673.3639998435974	0.049999999999954525	epochs	1.0
673.4139998435974	0.5	epochs	1.0
673.9139998435974	0.09998000000007323	epochs	1.0
674.4250001907349	0.6499800000000278	epochs	0.0
674.4250001907349	0.049999999999954525	epochs	1.0
674.4750001907348	0.5	epochs	1.0
674.9750001907348	0.09998000000007323	epochs	1.0
675.4759998321533	0.6499800000000278	epochs	0.0
675.4759998321533	0.049999999999954525	epochs	1.0
675.5259998321533	0.5	epochs	1.0
676.0259998321533	0.09998000000007323	epochs	1.0
676.5500001907349	0.6499800000000278	epochs	0.0
676.5500001907349	0.049999999999954525	epochs	1.0
676.6000001907348	0.5	epochs	1.0
677.1000001907348	0.09998000000007323	epochs	1.0
677.6170001029968	0.6499800000000278	epochs	0.0
677.6170001029968	0.049999999999954525	epochs	1.0
677.6670001029968	0.5	epochs	1.0
678.1670001029968	0.09998000000007323	epochs	1.0
678.7090001106262	0.1028800000000274	epochs	0.0
678.7090001106262	0.0464399999999614	epochs	1.0
678.7554401106262	0.009999999999990905	epochs	1.0
678.7654401106262	0.04644000000007509	epochs	1.0
678.8118801106262	0.5370199999999841	epochs	0.0
678.8118801106262	0.5	epochs	1.0
678.8118808106262	0.5	epochs	-1.0
679.3118801106262	0.037019999999984066	epochs	1.0
679.3489001106262	4.962959999999953	epochs	0.0
698.8400001525879	0.1028800000000274	epochs	0.0
698.8400001525879	0.0464399999999614	epochs	1.0
698.8864401525879	0.009999999999990905	epochs	1.0
698.8964401525878	0.04644000000007509	epochs	1.0
698.9428801525879	0.537119999999959	epochs	0.0
698.9428801525879	0.5	epochs	1.0
698.9428808525879	0.5	epochs	-1.0
699.4428801525879	0.037119999999958964	epochs	1.0
699.4800001525879	4.962859999999978	epochs	0.0
704.0419998168945	0.1028800000000274	epochs	0.0
704.0419998168945	0.0464399999999614	epochs	1.0
704.0884398168945	0.009999999999990905	epochs	1.0
704.0984398168945	0.04644000000007509	epochs	1.0
704.1448798168946	2.557299999999941	epochs	0.0
704.1448798168946	0.5	epochs	1.0
704.1448805168945	0.5	epochs	-1.0
704.6448798168946	1.0	epochs	1.0
705.6448798168946	1.057299999999941	epochs	1.0
706.1448804168946	0.5	epochs	-1.0
706.7021798168945	2.9426799999999957	epochs	0.0
709.271999835968	0.1028800000000274	epochs	0.0
709.271999835968	0.0464399999999614	epochs	1.0
709.318439835968	0.009999999999990905	epochs	1.0
709.328439835968	0.04644000000007509	epochs	1.0
709.374879835968	2.5169200000000274	epochs	0.0
709.374879835968	0.5	epochs	1.0
709.374880535968	0.5	epochs	-1.0
709.874879835968	1.0	epochs	1.0
710.874879835968	1.0169200000000274	epochs	1.0
711.3748804359681	0.5	epochs	-1.0
711.8917998359681	2.9830599999999095	epochs	0.0
714.5980000495911	0.1028800000000274	epochs	0.0
714.5980000495911	0.0464399999999614	epochs	1.0
714.644440049591	0.009999999999990905	epochs	1.0
714.654440049591	0.04644000000007509	epochs	1.0
714.7008800495911	2.557040000000029	epochs	0.0
714.7008800495911	0.5	epochs	1.0
714.7008807495911	0.5	epochs	-1.0
715.2008800495911	1.0	epochs	1.0
716.2008800495911	1.057040000000029	epochs	1.0
716.7008806495911	0.5	epochs	-1.0
717.2579200495911	2.9429399999999077	epochs	0.0
719.789999961853	0.1028800000000274	epochs	0.0
719.789999961853	0.0464399999999614	epochs	1.0
719.836439961853	0.009999999999990905	epochs	1.0
719.846439961853	0.04644000000007509	epochs	1.0
719.892879961853	0.5369799999999714	epochs	0.0
719.892879961853	0.5	epochs	1.0
719.892880661853	0.5	epochs	-1.0
720.392879961853	0.03697999999997137	epochs	1.0
720.429859961853	5.962999999999965	epochs	0.0
720.8670001029968	0.1028800000000274	epochs	0.0
720.8670001029968	0.0464399999999614	epochs	1.0
720.9134401029968	0.009999999999990905	epochs	1.0
720.9234401029968	0.04644000000007509	epochs	1.0
720.9698801029969	0.5372800000000097	epochs	0.0
720.9698801029969	0.5	epochs	1.0
720.9698808029968	0.5	epochs	-1.0
721.4698801029969	0.03728000000000975	epochs	1.0
721.5071601029969	5.962699999999927	epochs	0.0
721.9539999961853	0.1028800000000274	epochs	0.0
721.9539999961853	0.0464399999999614	epochs	1.0
722.0004399961853	0.009999999999990905	epochs	1.0
722.0104399961853	0.04644000000007509	epochs	1.0
722.0568799961853	2.5575400000000172	epochs	0.0
722.0568799961853	0.5	epochs	1.0
722.0568806961853	0.5	epochs	-1.0
722.5568799961853	1.0	epochs	1.0
723.5568799961853	1.0575400000000172	epochs	1.0
724.0568806961853	0.5	epochs	-1.0
724.6144199961853	3.9424399999999196	epochs	0.0
725.1230001449585	0.1028800000000274	epochs	0.0
725.1230001449585	0.0464399999999614	epochs	1.0
725.1694401449585	0.009999999999990905	epochs	1.0
725.1794401449584	0.04644000000007509	epochs	1.0
725.2258801449585	2.5566800000000285	epochs	0.0
725.2258801449585	0.5	epochs	1.0
725.2258808449585	0.5	epochs	-1.0
725.7258801449585	1.0	epochs	1.0
726.7258801449585	1.0566800000000285	epochs	1.0
727.2258808449585	0.5	epochs	-1.0
727.7825601449586	3.9432999999999083	epochs	0.0
728.2969999313354	0.1028800000000274	epochs	0.0
728.2969999313354	0.0464399999999614	epochs	1.0
728.3434399313354	0.009999999999990905	epochs	1.0
728.3534399313354	0.04644000000007509	epochs	1.0
728.3998799313355	2.5168800000000147	epochs	0.0
728.3998799313355	0.5	epochs	1.0
728.3998806313355	0.5	epochs	-1.0
728.8998799313355	1.0	epochs	1.0
729.8998799313355	1.0168800000000147	epochs	1.0
730.3998806313355	0.5	epochs	-1.0
730.9167599313355	3.983099999999922	epochs	0.0
731.4219999313354	0.1028800000000274	epochs	0.0
731.4219999313354	0.0464399999999614	epochs	1.0
731.4684399313354	0.009999999999990905	epochs	1.0
731.4784399313354	0.04644000000007509	epochs	1.0
731.5248799313355	0.5369799999999714	epochs	0.0
731.5248799313355	0.5	epochs	1.0
731.5248806313355	0.5	epochs	-1.0
732.0248799313355	0.03697999999997137	epochs	1.0
732.0618599313354	5.962999999999965	epochs	0.0
747.646999835968	0.1028800000000274	epochs	0.0
747.646999835968	0.0464399999999614	epochs	1.0
747.693439835968	0.009999999999990905	epochs	1.0
747.703439835968	0.04644000000007509	epochs	1.0
747.749879835968	2.517219999999952	epochs	0.0
747.749879835968	0.5	epochs	1.0
747.749880535968	0.5	epochs	-1.0
748.249879835968	1.0	epochs	1.0
749.249879835968	1.017219999999952	epochs	1.0
749.749880535968	0.5	epochs	-1.0
750.267099835968	3.9827599999999848	epochs	0.0
750.7820000648499	0.1028800000000274	epochs	0.0
750.7820000648499	0.0464399999999614	epochs	1.0
750.8284400648498	0.009999999999990905	epochs	1.0
750.8384400648498	0.04644000000007509	epochs	1.0
750.8848800648499	2.5575400000000172	epochs	0.0
750.8848800648499	0.5	epochs	1.0
750.8848807648499	0.5	epochs	-1.0
751.3848800648499	1.0	epochs	1.0
752.3848800648499	1.0575400000000172	epochs	1.0
752.8848807648499	0.5	epochs	-1.0
753.4424200648499	3.9424399999999196	epochs	0.0
753.9930000305176	0.1028800000000274	epochs	0.0
753.9930000305176	0.0464399999999614	epochs	1.0
754.0394400305175	0.009999999999990905	epochs	1.0
754.0494400305175	0.04644000000007509	epochs	1.0
754.0958800305176	2.51733999999999	epochs	0.0
754.0958800305176	0.5	epochs	1.0
754.0958807305176	0.5	epochs	-1.0
754.5958800305176	1.0	epochs	1.0
755.5958800305176	1.0173399999999901	epochs	1.0
756.0958807305176	0.5	epochs	-1.0
756.6132200305176	3.9826399999999467	epochs	0.0
757.1970000267029	0.15297999999995682	epochs	0.0
757.1970000267029	0.049999999999954525	epochs	1.0
757.2470000267028	0.0030000000000427463	epochs	1.0
757.2500000267029	0.09997999999995955	epochs	1.0
757.9169998168945	0.15297999999995682	epochs	0.0
757.9169998168945	0.049999999999954525	epochs	1.0
757.9669998168945	0.0030000000000427463	epochs	1.0
757.9699998168945	0.09997999999995955	epochs	1.0
758.6199998855591	0.15297999999995682	epochs	0.0
758.6199998855591	0.049999999999954525	epochs	1.0
758.669999885559	0.0030000000000427463	epochs	1.0
758.6729998855591	0.09997999999995955	epochs	1.0
759.3499999046326	0.15297999999995682	epochs	0.0
759.3499999046326	0.049999999999954525	epochs	1.0
759.3999999046325	0.0030000000000427463	epochs	1.0
759.4029999046326	0.09997999999995955	epochs	1.0
760.1050000190735	0.15297999999995682	epochs	0.0
760.1050000190735	0.049999999999954525	epochs	1.0
760.1550000190734	0.0030000000000427463	epochs	1.0
760.1580000190735	0.09997999999995955	epochs	1.0
760.8249998092651	0.15297999999995682	epochs	0.0
760.8249998092651	0.049999999999954525	epochs	1.0
760.8749998092651	0.0030000000000427463	epochs	1.0
760.8779998092651	0.09997999999995955	epochs	1.0
761.5549998283386	0.15297999999995682	epochs	0.0
761.5549998283386	0.049999999999954525	epochs	1.0
761.6049998283386	0.0030000000000427463	epochs	1.0
761.6079998283386	0.09997999999995955	epochs	1.0
762.2829999923706	0.15297999999995682	epochs	0.0
762.2829999923706	0.049999999999954525	epochs	1.0
762.3329999923706	0.0030000000000427463	epochs	1.0
762.3359999923706	0.09997999999995955	epochs	1.0
763.0440001487732	0.15297999999995682	epochs	0.0
763.0440001487732	0.049999999999954525	epochs	1.0
763.0940001487731	0.0030000000000427463	epochs	1.0
763.0970001487732	0.09997999999995955	epochs	1.0
763.7960000038147	0.15297999999995682	epochs	0.0
763.7960000038147	0.049999999999954525	epochs	1.0
763.8460000038147	0.0030000000000427463	epochs	1.0
763.8490000038147	0.09997999999995955	epochs	1.0
764.5570001602173	0.15297999999995682	epochs	0.0
764.5570001602173	0.049999999999954525	epochs	1.0
764.6070001602172	0.0030000000000427463	epochs	1.0
764.6100001602173	0.09997999999995955	epochs	1.0
765.329999923706	0.15297999999995682	epochs	0.0
765.329999923706	0.049999999999954525	epochs	1.0
765.379999923706	0.0030000000000427463	epochs	1.0
765.382999923706	0.09997999999995955	epochs	1.0
766.1160001754761	0.15297999999995682	epochs	0.0
766.1160001754761	0.049999999999954525	epochs	1.0
766.166000175476	0.0030000000000427463	epochs	1.0
766.1690001754761	0.09997999999995955	epochs	1.0
766.9039998054504	0.15297999999995682	epochs	0.0
766.9039998054504	0.049999999999954525	epochs	1.0
766.9539998054504	0.0030000000000427463	epochs	1.0
766.9569998054504	0.09997999999995955	epochs	1.0
767.7199997901917	0.15297999999995682	epochs	0.0
767.7199997901917	0.049999999999954525	epochs	1.0
767.7699997901916	0.0030000000000427463	epochs	1.0
767.7729997901916	0.09997999999995955	epochs	1.0
768.5869998931885	0.1028800000000274	epochs	0.0
768.5869998931885	0.0464399999999614	epochs	1.0
768.6334398931884	0.009999999999990905	epochs	1.0
768.6434398931884	0.04644000000007509	epochs	1.0
768.6898798931885	1.5572399999999789	epochs	0.0
768.6898798931885	0.5	epochs	1.0
768.6898805931885	0.5	epochs	-1.0
769.1898798931885	0.0029999999999290594	epochs	1.0
769.1928798931884	1.0542400000000498	epochs	1.0
769.6928805931884	0.5	epochs	-1.0
770.2471198931885	0.04574000000002343	epochs	0.0
770.8109998703003	0.1028800000000274	epochs	0.0
770.8109998703003	0.0464399999999614	epochs	1.0
770.8574398703003	0.009999999999990905	epochs	1.0
770.8674398703002	0.04644000000007509	epochs	1.0
770.9138798703003	1.5575999999999794	epochs	0.0
770.9138798703003	0.5	epochs	1.0
770.9138805703003	0.5	epochs	-1.0
771.4138798703003	0.0029999999999290594	epochs	1.0
771.4168798703002	1.0546000000000504	epochs	1.0
771.9168805703002	0.5	epochs	-1.0
772.4714798703003	0.045380000000022847	epochs	0.0
773.191999912262	0.1028800000000274	epochs	0.0
773.191999912262	0.0464399999999614	epochs	1.0
773.2384399122619	0.009999999999990905	epochs	1.0
773.2484399122619	0.04644000000007509	epochs	1.0
773.294879912262	19.499979999999937	epochs	0.0
773.294879912262	0.5	epochs	1.0
773.294880612262	0.5	epochs	-1.0
773.794879912262	16.0	epochs	1.0
779.372159912262	13.422699999999963	epochs	-1.0
779.372159912262	0.03959999999995034	epochs	-1.0
779.869640512262	0.5	epochs	-1.0
780.369640512262	0.5	epochs	-1.0
780.869640512262	0.5	epochs	-1.0
781.369640512262	0.5	epochs	-1.0
781.869640512262	0.5	epochs	-1.0
782.369640512262	0.5	epochs	-1.0
782.869640512262	0.5	epochs	-1.0
783.369640512262	0.5	epochs	-1.0
783.869640512262	0.5	epochs	-1.0
784.369640512262	0.5	epochs	-1.0
784.869640512262	0.5	epochs	-1.0
785.369640512262	0.5	epochs	-1.0
785.869640512262	0.5	epochs	-1.0
786.369640512262	0.5	epochs	-1.0
786.869640512262	0.5	epochs	-1.0
787.369640512262	0.5	epochs	-1.0
787.869640512262	0.5	epochs	-1.0
788.369640512262	0.5	epochs	-1.0
788.869640512262	0.5	epochs	-1.0
789.369640512262	0.5	epochs	-1.0
789.794879912262	2.999979999999937	epochs	1.0
789.869640512262	0.5	epochs	-1.0
790.369640512262	0.5	epochs	-1.0
790.869640512262	0.5	epochs	-1.0
791.369640512262	0.5	epochs	-1.0
791.869640512262	0.5	epochs	-1.0
793.8800001144409	0.1028800000000274	epochs	0.0
793.8800001144409	0.0464399999999614	epochs	1.0
793.9264401144409	0.009999999999990905	epochs	1.0
793.9364401144409	0.04644000000007509	epochs	1.0
793.982880114441	0.537339999999972	epochs	0.0
793.982880114441	0.5	epochs	1.0
793.9828808144409	0.5	epochs	-1.0
794.482880114441	0.03733999999997195	epochs	1.0
794.5202201144409	18.962639999999965	epochs	0.0
823.0440001487732	0.1028800000000274	epochs	0.0
823.0440001487732	0.0464399999999614	epochs	1.0
823.0904401487732	0.009999999999990905	epochs	1.0
823.1004401487731	0.04644000000007509	epochs	1.0
823.1468801487732	10.657199999999989	epochs	0.0
823.1468801487732	0.5	epochs	1.0
823.1468808487732	0.5	epochs	-1.0
823.6468801487732	10.157199999999989	epochs	1.0
830.7842001487732	3.0198800000000574	epochs	-1.0
830.7842001487732	0.03953999999998814	epochs	-1.0
831.2816807487732	0.5	epochs	-1.0
831.7816807487732	0.5	epochs	-1.0
832.2816807487732	0.5	epochs	-1.0
832.7816807487732	0.5	epochs	-1.0
833.2816807487732	0.5	epochs	-1.0
833.8040801487732	8.842779999999948	epochs	0.0
834.6539998054504	0.1028800000000274	epochs	0.0
834.6539998054504	0.0464399999999614	epochs	1.0
834.7004398054504	0.009999999999990905	epochs	1.0
834.7104398054504	0.04644000000007509	epochs	1.0
834.7568798054505	8.897199999999998	epochs	0.0
834.7568798054505	0.5	epochs	1.0
834.7568805054505	0.5	epochs	-1.0
835.2568798054505	8.397199999999998	epochs	1.0
842.6535198054504	1.000560000000064	epochs	-1.0
842.6535198054504	0.040300000000002	epochs	-1.0
843.1510004054504	0.5	epochs	-1.0
843.6540798054505	10.602779999999939	epochs	0.0
844.4980001449585	0.1028800000000274	epochs	0.0
844.4980001449585	0.0464399999999614	epochs	1.0
844.5444401449585	0.009999999999990905	epochs	1.0
844.5544401449584	0.04644000000007509	epochs	1.0
844.6008801449585	9.237300000000005	epochs	0.0
844.6008801449585	0.5	epochs	1.0
844.6008808449585	0.5	epochs	-1.0
845.1008801449585	8.737300000000005	epochs	1.0
852.8386001449585	0.9995800000000372	epochs	-1.0
852.8386001449585	0.03956000000005133	epochs	-1.0
853.3360807449585	0.5	epochs	-1.0
853.8381801449585	10.262679999999932	epochs	0.0
866.6810002326965	0.1028800000000274	epochs	0.0
866.6810002326965	0.0464399999999614	epochs	1.0
866.7274402326965	0.009999999999990905	epochs	1.0
866.7374402326965	0.04644000000007509	epochs	1.0
866.7838802326966	2.0	epochs	0.0
868.7838802326966	21.517279999999914	epochs	0.0
868.7838802326966	1.0	epochs	1.0
868.7838809326965	0.5	epochs	-1.0
869.2838809326965	19.999439999999936	epochs	-1.0
869.7838802326966	20.0	epochs	1.0
869.7838802326966	4.356753899999944	epochs	-1.0
869.7838802326966	1.9745871999999736	epochs	2.0
869.7838802326966	1.0985621999999466	epochs	3.0
870.8824424326965	0.8760250000000269	epochs	3.0
871.7584674326965	1.3524075000000266	epochs	2.0
871.7584674326965	0.7286354999999958	epochs	3.0
872.4871029326965	0.6237720000000309	epochs	3.0
873.1108749326966	1.029759199999944	epochs	2.0
873.1108749326966	0.5453292999999348	epochs	3.0
873.6562042326965	0.4844299000000092	epochs	3.0
874.1406341326965	0.8317862000000105	epochs	2.0
874.1406341326965	0.4357763000000432	epochs	3.0
874.5764104326965	0.3960098999999673	epochs	3.0
874.9724203326965	0.6977970000000369	epochs	2.0
874.9724203326965	0.3628982000000178	epochs	3.0
875.3353185326965	0.33489880000001904	epochs	3.0
875.6702173326966	0.601045699999986	epochs	2.0
875.6702173326966	0.3109122999999272	epochs	3.0
875.9811296326965	0.2901334000000588	epochs	3.0
876.2712630326965	0.5278859000000011	epochs	2.0
876.2712630326965	0.2719585999999481	epochs	3.0
876.5432216326965	0.25592730000005304	epochs	3.0
876.7991489326965	0.470619299999953	epochs	2.0
876.7991489326965	0.241681299999982	epochs	3.0
877.0408302326965	0.228937999999971	epochs	3.0
877.2697682326965	0.42457039999999324	epochs	2.0
877.2697682326965	0.21747140000002219	epochs	3.0
877.4872396326965	0.20709899999997106	epochs	3.0
877.6943386326965	0.3867354000000205	epochs	2.0
877.6943386326965	0.19767110000009325	epochs	3.0
877.8920097326966	0.18906429999992724	epochs	3.0
878.0810740326965	0.3550953000000163	epochs	2.0
878.0810740326965	0.18117589999997108	epochs	3.0
878.2622499326965	0.17391940000004524	epochs	3.0
878.4361693326965	0.3282431000000088	epochs	2.0
878.4361693326965	0.16722189999995862	epochs	3.0
878.6033912326965	0.16102120000005016	epochs	3.0
878.7644124326965	0.30516799999998057	epochs	2.0
878.7644124326965	0.15526390000002266	epochs	3.0
878.9196763326966	0.1499040999999579	epochs	3.0
879.0695804326965	0.28512530000000424	epochs	2.0
879.0695804326965	0.1449020999999675	epochs	3.0
879.2144825326965	0.14022320000003674	epochs	3.0
879.3547057326965	0.2675537999999733	epochs	2.0
879.3547057326965	0.1358369000000721	epochs	3.0
879.4905426326966	0.13171689999990122	epochs	3.0
879.6222595326965	0.2520229000000427	epochs	2.0
879.6222595326965	0.1278393000000051	epochs	3.0
879.7500988326965	0.12418360000003759	epochs	3.0
879.8742824326965	0.23819649999995818	epochs	2.0
879.8742824326965	0.12073109999994358	epochs	3.0
879.9950135326965	0.1174654000000146	epochs	3.0
880.1124789326965	0.2258088000000953	epochs	2.0
880.1124789326965	0.11437190000003739	epochs	3.0
880.2268508326965	0.1114369000000579	epochs	3.0
880.3382877326966	0.21464599999990241	epochs	2.0
880.3382877326966	0.10864889999993466	epochs	3.0
880.4469366326965	0.10599709999996776	epochs	3.0
880.5529337326965	0.20453500000007807	epochs	2.0
880.5529337326965	0.10347150000006877	epochs	3.0
880.6564052326966	0.1010635000000093	epochs	3.0
880.7574687326966	0.19533400000000256	epochs	2.0
880.7574687326966	0.09876509999992322	epochs	3.0
880.8562338326965	0.09656890000007934	epochs	3.0
880.9528027326966	0.18692529999998442	epochs	2.0
880.9528027326966	0.09446830000001682	epochs	3.0
881.0472710326966	0.09245699999996759	epochs	3.0
881.1397280326966	0.17921069999999872	epochs	2.0
881.1397280326966	0.09052959999996801	epochs	3.0
881.2302576326965	0.08868110000003071	epochs	3.0
881.3189387326966	0.17210769999996955	epochs	2.0
881.3189387326966	0.08690630000000965	epochs	3.0
881.4058450326966	0.0852013999999599	epochs	3.0
881.4910464326965	0.16554640000003928	epochs	2.0
881.4910464326965	0.08356190000006336	epochs	3.0
881.5746083326966	0.08198449999997592	epochs	3.0
881.6565928326966	0.15946710000002895	epochs	2.0
881.6565928326966	0.08046539999998004	epochs	3.0
881.7370582326965	0.07900170000004891	epochs	3.0
881.8160599326966	0.15381839999997737	epochs	2.0
881.8160599326966	0.07759009999995214	epochs	3.0
881.8936500326965	0.07622830000002523	epochs	3.0
881.9698783326966	0.14855639999996129	epochs	2.0
881.9698783326966	0.07491329999993468	epochs	3.0
882.0447916326965	0.0736431000000266	epochs	3.0
882.1184347326965	0.14364239999997608	epochs	2.0
882.1184347326965	0.07241499999997814	epochs	3.0
882.1908497326965	0.07122739999999794	epochs	3.0
882.2620771326965	0.13904309999998077	epochs	2.0
882.2620771326965	0.07007800000008046	epochs	3.0
882.3321551326966	0.0689650999999003	epochs	3.0
882.4011202326965	0.1347293000000036	epochs	2.0
882.4011202326965	0.0678871000000072	epochs	3.0
882.4690073326965	0.06684219999999641	epochs	3.0
882.5358495326965	0.1306752000000415	epochs	2.0
882.5358495326965	0.06582910000008724	epochs	3.0
882.6016786326966	0.06484609999995428	epochs	3.0
882.6665247326965	0.12685780000003888	epochs	2.0
882.6665247326965	0.06389200000000983	epochs	3.0
882.7304167326965	0.06296580000002905	epochs	3.0
882.7933825326966	0.12325720000001184	epochs	2.0
882.7933825326966	0.062065799999913907	epochs	3.0
882.8554483326965	0.06119140000009793	epochs	3.0
882.9166397326966	0.11985540000000583	epochs	2.0
882.9166397326966	0.060341099999959624	epochs	3.0
882.9769808326965	0.059514300000046205	epochs	3.0
883.0364951326966	0.1166361999999026	epochs	2.0
883.0364951326966	0.058709599999929196	epochs	3.0
883.0952047326965	0.057926599999973405	epochs	3.0
883.1531313326965	0.11358560000007856	epochs	2.0
883.1531313326965	0.05716420000010203	epochs	3.0
883.2102955326966	0.05642139999997653	epochs	3.0
883.2667169326966	0.11069049999991876	epochs	2.0
883.2667169326966	0.05569789999992736	epochs	3.0
883.3224148326965	0.0549925999999914	epochs	3.0
883.3774074326965	0.1079391000000669	epochs	2.0
883.3774074326965	0.05430490000003374	epochs	3.0
883.4317123326965	0.05363420000003316	epochs	3.0
883.4853465326966	0.10532149999994544	epochs	2.0
883.4853465326966	0.05297999999993408	epochs	3.0
883.5383265326965	0.052341500000011365	epochs	3.0
883.5906680326965	0.10282760000006874	epochs	2.0
883.5906680326965	0.05171810000001642	epochs	3.0
883.6423861326965	0.05110950000005232	epochs	3.0
883.6934956326966	0.10044909999999163	epochs	2.0
883.6934956326966	0.05051489999993919	epochs	3.0
883.7440105326965	0.04993420000005244	epochs	3.0
883.7939447326966	0.0981782999999723	epochs	2.0
883.7939447326966	0.04936659999998483	epochs	3.0
883.8433113326965	0.04881169999998747	epochs	3.0
883.8921230326965	0.09600780000005216	epochs	2.0
883.8921230326965	0.04826920000004975	epochs	3.0
883.9403922326966	0.04773860000000241	epochs	3.0
883.9881308326966	0.09393119999992905	epochs	2.0
883.9881308326966	0.04721949999998287	epochs	3.0
884.0353503326966	0.04671169999994618	epochs	3.0
884.0820620326965	0.09194260000003851	epochs	2.0
884.0820620326965	0.046214599999984785	epochs	3.0
884.1282766326965	0.045728000000053726	epochs	3.0
884.1740046326966	0.09003629999995155	epochs	2.0
884.1740046326966	0.045251499999949374	epochs	3.0
884.2192561326965	0.04478480000000218	epochs	3.0
884.2640409326965	0.08820760000003247	epochs	2.0
884.2640409326965	0.044327800000019124	epochs	3.0
884.3083687326965	0.04387980000001335	epochs	3.0
884.3522485326965	0.0864516999999978	epochs	2.0
884.3522485326965	0.04344100000002982	epochs	3.0
884.3956895326966	0.04301069999996798	epochs	3.0
884.4387002326965	0.08476429999996071	epochs	2.0
884.4387002326965	0.04258900000002086	epochs	3.0
884.4812892326966	0.04217529999993985	epochs	3.0
884.5234645326965	0.08314150000001064	epochs	2.0
884.5234645326965	0.04176970000003166	epochs	3.0
884.5652342326965	0.041371799999978975	epochs	3.0
884.6066060326965	0.08157970000002024	epochs	2.0
884.6066060326965	0.04098140000007788	epochs	3.0
884.6475874326966	0.040598299999942355	epochs	3.0
884.6881857326965	0.08007550000002084	epochs	2.0
884.6881857326965	0.04022229999998217	epochs	3.0
884.7284080326965	0.03985320000003867	epochs	3.0
884.7682612326965	0.07862569999997504	epochs	2.0
884.7682612326965	0.0394907999999532	epochs	3.0
884.8077520326965	0.039134900000021844	epochs	3.0
884.8468869326965	0.07722760000001472	epochs	2.0
884.8468869326965	0.038785400000051595	epochs	3.0
884.8856723326966	0.03844219999996312	epochs	3.0
884.9241145326965	0.07587820000003376	epochs	2.0
884.9241145326965	0.038104800000041905	epochs	3.0
884.9622193326966	0.03777339999999185	epochs	3.0
884.9999927326966	0.07457519999991291	epochs	2.0
884.9999927326966	0.03744769999991604	epochs	3.0
885.0374404326965	0.03712749999999687	epochs	3.0
885.0745679326965	0.07331630000010136	epochs	2.0
885.0745679326965	0.0368129000000863	epochs	3.0
885.1113808326966	0.03650340000001506	epochs	3.0
885.1478842326966	0.07209899999998015	epochs	2.0
885.1478842326966	0.03619909999997617	epochs	3.0
885.1840833326966	0.03589990000000398	epochs	3.0
885.2199832326966	0.07092169999998532	epochs	2.0
885.2199832326966	0.03560559999993984	epochs	3.0
885.2555888326965	0.03531610000004548	epochs	3.0
885.2909049326965	0.06978200000003199	epochs	2.0
885.2909049326965	0.03503119999993487	epochs	3.0
885.3259361326965	0.034750800000097115	epochs	3.0
885.3606869326966	0.06867859999999837	epochs	2.0
885.3606869326966	0.03447510000000875	epochs	3.0
885.3951620326966	0.03420349999998962	epochs	3.0
885.4293655326966	0.06760929999995824	epochs	2.0
885.4293655326966	0.033936199999970995	epochs	3.0
885.4633017326966	0.033673099999987244	epochs	3.0
885.4969748326965	0.06657289999998284	epochs	2.0
885.4969748326965	0.03341399999999339	epochs	3.0
885.5303888326965	0.033158899999989444	epochs	3.0
885.5635477326965	0.06556780000005347	epochs	2.0
885.5635477326965	0.032907700000009754	epochs	3.0
885.5964554326965	0.03266010000004371	epochs	3.0
885.6291155326966	0.06459259999996902	epochs	2.0
885.6291155326966	0.032416399999988244	epochs	3.0
885.6615319326966	0.03217619999998078	epochs	3.0
885.6937081326965	0.0636459999999488	epochs	2.0
885.6937081326965	0.03193959999998697	epochs	3.0
885.7256477326965	0.03170639999996183	epochs	3.0
885.7573541326965	0.0627266999999847	epochs	2.0
885.7573541326965	0.03147660000001906	epochs	3.0
885.7888307326965	0.03125009999996564	epochs	3.0
885.8200808326965	0.06183359999999993	epochs	2.0
885.8200808326965	0.031026900000028945	epochs	3.0
885.8511077326965	0.030806699999970988	epochs	3.0
885.8819144326965	0.06096560000003137	epochs	2.0
885.8819144326965	0.030589800000029754	epochs	3.0
885.9125042326965	0.030375800000001618	epochs	3.0
885.9428800326965	0.06012160000000222	epochs	2.0
885.9428800326965	0.030164900000045236	epochs	3.0
885.9730449326966	0.02995669999995698	epochs	3.0
886.0030016326965	0.05930069999999432	epochs	2.0
886.0030016326965	0.029751600000054168	epochs	3.0
886.0327532326966	0.029549099999940154	epochs	3.0
886.0623023326965	0.05850180000004457	epochs	2.0
886.0623023326965	0.02934940000000097	epochs	3.0
886.0916517326965	0.0291524000000436	epochs	3.0
886.1208041326965	0.05772419999993872	epochs	2.0
886.1208041326965	0.028957999999988715	epochs	3.0
886.1497621326965	0.028766199999950004	epochs	3.0
886.1785283326965	0.05696710000006533	epochs	2.0
886.1785283326965	0.028577000000041153	epochs	3.0
886.2071053326965	0.028390100000024177	epochs	3.0
886.2354954326966	0.05622949999997218	epochs	2.0
886.2354954326966	0.028205699999944045	epochs	3.0
886.2637011326965	0.028023800000028132	epochs	3.0
886.2917249326965	0.05551070000001346	epochs	2.0
886.2917249326965	0.027843999999959124	epochs	3.0
886.3195689326965	0.027666700000054334	epochs	3.0
886.3472356326965	0.054810200000019904	epochs	2.0
886.3472356326965	0.02749149999999645	epochs	3.0
886.3747271326965	0.027318700000023455	epochs	3.0
886.4020458326966	0.05412699999999404	epochs	2.0
886.4020458326966	0.027147799999966082	epochs	3.0
886.4291936326965	0.02697920000002796	epochs	3.0
886.4561728326966	0.053460699999959616	epochs	2.0
886.4561728326966	0.0268125999999711	epochs	3.0
886.4829854326965	0.026648099999988517	epochs	3.0
886.5096335326965	0.05281070000000909	epochs	2.0
886.5096335326965	0.026485600000000886	epochs	3.0
886.5361191326965	0.026325100000008206	epochs	3.0
886.5624442326965	0.05217619999996259	epochs	2.0
886.5624442326965	0.026166399999965506	epochs	3.0
886.5886106326965	0.026009799999997085	epochs	3.0
886.6146204326965	0.051556699999991906	epochs	2.0
886.6146204326965	0.025854800000047362	epochs	3.0
886.6404752326965	0.025701899999944544	epochs	3.0
886.6661771326965	0.050951900000086425	epochs	2.0
886.6661771326965	0.02555070000005344	epochs	3.0
886.6917278326965	0.025401200000032986	epochs	3.0
886.7171290326966	0.05036099999995258	epochs	2.0
886.7171290326966	0.025253499999962514	epochs	3.0
886.7423825326965	0.02510749999999007	epochs	3.0
886.7674900326965	0.049783800000000156	epochs	2.0
886.7674900326965	0.02496320000000196	epochs	3.0
886.7924532326965	0.024820599999998194	epochs	3.0
886.8172738326965	0.049219500000049266	epochs	2.0
886.8172738326965	0.024679399999968155	epochs	3.0
886.8419532326965	0.02454010000008111	epochs	3.0
886.8664933326966	0.048667899999941255	epochs	2.0
886.8664933326966	0.02440209999997478	epochs	3.0
886.8908954326965	0.024265799999966475	epochs	3.0
886.9151612326965	0.04812860000004093	epochs	2.0
886.9151612326965	0.024131000000011227	epochs	3.0
886.9392922326965	0.023997600000029706	epochs	3.0
886.9632898326965	0.04760109999995166	epochs	2.0
886.9632898326965	0.023865799999953197	epochs	3.0
886.9871556326965	0.02373529999999846	epochs	3.0
887.0108909326965	0.047085000000038235	epochs	2.0
887.0108909326965	0.023606299999983094	epochs	3.0
887.0344972326965	0.02347870000005514	epochs	3.0
887.0579759326965	0.046579999999948996	epochs	2.0
887.0579759326965	0.02335249999998723	epochs	3.0
887.0813284326965	0.023227499999961765	epochs	3.0
887.1045559326965	0.046085700000048746	epochs	2.0
887.1045559326965	0.023104000000103042	epochs	3.0
887.1276599326966	0.022981699999945704	epochs	3.0
887.1506416326965	0.045601799999985815	epochs	2.0
887.1506416326965	0.022860700000023826	epochs	3.0
887.1735023326966	0.02274109999996199	epochs	3.0
887.1962434326965	0.04512790000001132	epochs	2.0
887.1962434326965	0.022622500000011314	epochs	3.0
887.2188659326965	0.02250540000000001	epochs	3.0
887.2413713326965	0.044663799999966614	epochs	2.0
887.2413713326965	0.02238929999998618	epochs	3.0
887.2637606326965	0.022274499999980435	epochs	3.0
887.2860351326965	0.04420920000006845	epochs	2.0
887.2860351326965	0.022160800000051495	epochs	3.0
887.3081959326965	0.022048400000016954	epochs	3.0
887.3302443326966	0.04376359999992019	epochs	2.0
887.3302443326966	0.021936900000014248	epochs	3.0
887.3521812326966	0.02182669999990594	epochs	3.0
887.3740079326965	0.04332710000005591	epochs	2.0
887.3740079326965	0.02171760000010181	epochs	3.0
887.3957255326966	0.021609499999954096	epochs	3.0
887.4173350326965	0.04289900000003399	epochs	2.0
887.4173350326965	0.02150249999999687	epochs	3.0
887.4388375326965	0.021396500000037122	epochs	3.0
887.4602340326966	0.042479500000013104	epochs	2.0
887.4602340326966	0.02129170000000613	epochs	3.0
887.4815257326966	0.021187800000006973	epochs	3.0
887.5027135326966	0.04206789999989269	epochs	2.0
887.5027135326966	0.021084899999891604	epochs	3.0
887.5237984326965	0.020983000000001084	epochs	3.0
887.5447814326965	0.04166440000005878	epochs	2.0
887.5447814326965	0.02088220000007368	epochs	3.0
887.5656636326966	0.020782199999985096	epochs	3.0
887.5864458326965	0.04126850000000104	epochs	2.0
887.5864458326965	0.020683299999973315	epochs	3.0
887.6071291326965	0.020585200000027726	epochs	3.0
887.6277143326965	0.04088000000001557	epochs	2.0
887.6277143326965	0.020488099999965925	epochs	3.0
887.6482024326965	0.020391900000049645	epochs	3.0
887.6685943326966	0.04049880000002304	epochs	2.0
887.6685943326966	0.020296599999937825	epochs	3.0
887.6888909326965	0.020202200000085213	epochs	3.0
887.7090931326966	0.040124599999899146	epochs	2.0
887.7090931326966	0.020108699999923374	epochs	3.0
887.7292018326965	0.020015899999975773	epochs	3.0
887.7492177326965	0.03975730000001931	epochs	2.0
887.7492177326965	0.019924200000104975	epochs	3.0
887.7691419326966	0.01983309999991434	epochs	3.0
887.7889750326965	0.03939669999999751	epochs	2.0
887.7889750326965	0.01974300000006224	epochs	3.0
887.8087180326966	0.01965369999993527	epochs	3.0
887.8283717326965	0.039042400000084854	epochs	2.0
887.8283717326965	0.01956510000002254	epochs	3.0
887.8479368326965	0.019477300000062314	epochs	3.0
887.8674141326966	0.03869459999998526	epochs	2.0
887.8674141326966	0.01939039999990655	epochs	3.0
887.8868045326965	0.01930420000007871	epochs	3.0
887.9061087326966	0.03835289999994984	epochs	2.0
887.9061087326966	0.019218799999976	epochs	3.0
887.9253275326965	0.01913409999997384	epochs	3.0
887.9444616326965	0.03801720000001296	epochs	2.0
887.9444616326965	0.019050200000037876	epochs	3.0
887.9635118326966	0.018966999999975087	epochs	3.0
887.9824788326965	0.037687200000050325	epochs	2.0
887.9824788326965	0.01888450000001285	epochs	3.0
888.0013633326965	0.018802700000037476	epochs	3.0
888.0201660326966	0.03736309999999321	epochs	2.0
888.0201660326966	0.01872169999990092	epochs	3.0
888.0388877326965	0.01864140000009229	epochs	3.0
888.0575291326966	0.03704429999993408	epochs	2.0
888.0575291326966	0.01856159999999818	epochs	3.0
888.0760907326966	0.018482699999935903	epochs	3.0
888.0945734326965	0.0367310000000316	epochs	2.0
888.0945734326965	0.018404300000042895	epochs	3.0
888.1129777326965	0.018326699999988705	epochs	3.0
888.1313044326965	0.036422900000047775	epochs	2.0
888.1313044326965	0.018249599999990096	epochs	3.0
888.1495540326965	0.01817330000005768	epochs	3.0
888.1677273326966	0.03612009999994825	epochs	2.0
888.1677273326966	0.01809759999991911	epochs	3.0
888.1858249326965	0.01802250000002914	epochs	3.0
888.2038474326965	0.03582210000001851	epochs	2.0
888.2038474326965	0.017947899999967376	epochs	3.0
888.2217953326965	0.017874200000051133	epochs	3.0
888.2396695326966	0.03552899999999681	epochs	2.0
888.2396695326966	0.017800800000031813	epochs	3.0
888.2574703326966	0.017728199999965	epochs	3.0
888.2751985326965	0.03524070000003121	epochs	2.0
888.2751985326965	0.017656099999953767	epochs	3.0
888.2928546326965	0.017584600000077444	epochs	3.0
888.3104392326966	0.03495709999992869	epochs	2.0
888.3104392326966	0.01751369999999497	epochs	3.0
888.3279529326966	0.017443399999933717	epochs	3.0
888.3453963326965	0.03467790000001969	epochs	2.0
888.3453963326965	0.017373600000041733	epochs	3.0
888.3627699326966	0.017304299999977957	epochs	3.0
888.3800742326965	0.03440330000000813	epochs	2.0
888.3800742326965	0.01723570000001473	epochs	3.0
888.3973099326965	0.0171675999999934	epochs	3.0
888.4144775326965	0.03413279999995211	epochs	2.0
888.4144775326965	0.01709989999994832	epochs	3.0
888.4315774326965	0.017032900000003792	epochs	3.0
888.4486103326965	0.03386670000008962	epochs	2.0
888.4486103326965	0.01696640000000116	epochs	3.0
888.4655767326965	0.016900300000088464	epochs	3.0
888.4824770326966	0.03360459999998966	epochs	2.0
888.4824770326966	0.01683479999996962	epochs	3.0
888.4993118326965	0.01676980000002004	epochs	3.0
888.5160816326966	0.033346599999958926	epochs	2.0
888.5160816326966	0.016705300000012357	epochs	3.0
888.5327869326966	0.01664129999994657	epochs	3.0
888.5494282326965	0.03309249999995245	epochs	2.0
888.5494282326965	0.016577800000050047	epochs	3.0
888.5660060326966	0.016514699999902405	epochs	3.0
888.5825207326965	0.032842300000083924	epochs	2.0
888.5825207326965	0.01645220000000336	epochs	3.0
888.5989729326965	0.016390100000080565	epochs	3.0
888.6153630326966	0.03259570000000167	epochs	2.0
888.6153630326966	0.016328400000020338	epochs	3.0
888.6316914326966	0.016267299999981333	epochs	3.0
888.6479587326966	0.032352899999978035	epochs	2.0
888.6479587326966	0.01620659999991858	epochs	3.0
888.6641653326965	0.016146300000059455	epochs	3.0
888.6803116326965	0.03211369999996805	epochs	2.0
888.6803116326965	0.016086599999994178	epochs	3.0
888.6963982326965	0.01602709999997387	epochs	3.0
888.7124253326965	0.03187800000000607	epochs	2.0
888.7124253326965	0.015968199999974786	epochs	3.0
888.7283935326965	0.015909800000031282	epochs	3.0
888.7443033326965	0.031645700000012766	epochs	2.0
888.7443033326965	0.01585160000001906	epochs	3.0
888.7601549326965	0.015794099999993705	epochs	3.0
888.7759490326965	0.0314167000000225	epochs	2.0
888.7759490326965	0.015736700000047676	epochs	3.0
888.7916857326966	0.015679999999974825	epochs	3.0
888.8073657326966	0.031191100000000915	epochs	2.0
888.8073657326966	0.015623600000026272	epochs	3.0
888.8229893326966	0.015567499999974643	epochs	3.0
888.8385568326966	0.030968700000016725	epochs	2.0
888.8385568326966	0.015511999999944237	epochs	3.0
888.8540688326965	0.015456700000072487	epochs	3.0
888.8695255326966	0.030749499999956242	epochs	2.0
888.8695255326966	0.015401999999994587	epochs	3.0
888.8849275326966	0.015347499999961656	epochs	3.0
888.9002750326965	0.03053320000003623	epochs	2.0
888.9002750326965	0.015293400000018664	epochs	3.0
888.9155684326965	0.015239800000017567	epochs	3.0
888.9308082326966	0.030320099999926242	epochs	2.0
888.9308082326966	0.015186500000027081	epochs	3.0
888.9459947326966	0.015133599999899161	epochs	3.0
888.9611283326965	0.03010990000007041	epochs	2.0
888.9611283326965	0.015081000000009226	epochs	3.0
888.9762093326965	0.015028900000061185	epochs	3.0
888.9912382326966	0.029902499999934662	epochs	2.0
888.9912382326966	0.01497699999993074	epochs	3.0
889.0062152326965	0.014925500000003922	epochs	3.0
889.0211407326965	0.029698100000018712	epochs	2.0
889.0211407326965	0.014874400000053356	epochs	3.0
889.0360151326965	0.014823699999965356	epochs	3.0
889.0508388326965	0.02949630000000525	epochs	2.0
889.0508388326965	0.014773200000036013	epochs	3.0
889.0656120326965	0.014723099999969236	epochs	3.0
889.0803351326965	0.02929740000001857	epochs	2.0
889.0803351326965	0.014673399999992398	epochs	3.0
889.0950085326965	0.014624000000026172	epochs	3.0
889.1096325326965	0.029101100000048064	epochs	2.0
889.1096325326965	0.01457489999995687	epochs	3.0
889.1242074326965	0.014526200000091194	epochs	3.0
889.1387336326966	0.028907399999980044	epochs	2.0
889.1387336326966	0.014477699999929428	epochs	3.0
889.1532113326965	0.014429700000050616	epochs	3.0
889.1676410326966	0.028716199999962555	epochs	2.0
889.1676410326966	0.014381799999910072	epochs	3.0
889.1820228326965	0.014334400000052483	epochs	3.0
889.1963572326965	0.02852759999996124	epochs	2.0
889.1963572326965	0.01428720000001249	epochs	3.0
889.2106444326965	0.01424039999994875	epochs	3.0
889.2248848326965	0.028341400000044814	epochs	2.0
889.2248848326965	0.014193800000043666	epochs	3.0
889.2390786326965	0.014147600000001148	epochs	3.0
889.2532262326965	0.028157699999951546	epochs	2.0
889.2532262326965	0.014101699999969242	epochs	3.0
889.2673279326965	0.014055999999982305	epochs	3.0
889.2813839326965	0.027976300000091214	epochs	2.0
889.2813839326965	0.01401060000000598	epochs	3.0
889.2953945326965	0.013965700000085235	epochs	3.0
889.3093602326966	0.02779720000000907	epochs	2.0
889.3093602326966	0.013920799999937117	epochs	3.0
889.3232810326965	0.013876400000071953	epochs	3.0
889.3371574326966	0.027620399999932488	epochs	2.0
889.3371574326966	0.0138321999999107	epochs	3.0
889.3509896326965	0.013788200000021789	epochs	3.0
889.3647778326965	0.027445899999975154	epochs	2.0
889.3647778326965	0.013744599999995444	epochs	3.0
889.3785224326965	0.01370129999997971	epochs	3.0
889.3922237326965	0.0272735000000921	epochs	2.0
889.3922237326965	0.013658200000008947	epochs	3.0
889.4058819326965	0.013615300000083153	epochs	3.0
889.4194972326966	0.027103399999987232	epochs	2.0
889.4194972326966	0.013572799999906238	epochs	3.0
889.4330700326965	0.013530600000080995	epochs	3.0
889.4466006326966	0.026935199999911674	epochs	2.0
889.4466006326966	0.01348839999991469	epochs	3.0
889.4600890326965	0.013446799999996983	epochs	3.0
889.4735358326965	0.02676920000010341	epochs	2.0
889.4735358326965	0.013405200000079276	epochs	3.0
889.4869410326966	0.013364000000024134	epochs	3.0
889.5003050326966	0.026605199999949036	epochs	2.0
889.5003050326966	0.013322899999934634	epochs	3.0
889.5136279326965	0.013282300000014402	epochs	3.0
889.5269102326965	0.026443200000016986	epochs	2.0
889.5269102326965	0.013241699999980483	epochs	3.0
889.5401519326965	0.013201500000036503	epochs	3.0
889.5533534326966	0.0262831999999662	epochs	2.0
889.5533534326966	0.013161500000023807	epochs	3.0
889.5665149326966	0.013121699999942393	epochs	3.0
889.5796366326965	0.02612499999997908	epochs	2.0
889.5796366326965	0.013082100000019636	epochs	3.0
889.5927187326965	0.013042899999959445	epochs	3.0
889.6057616326965	0.025968900000066242	epochs	2.0
889.6057616326965	0.01300390000005791	epochs	3.0
889.6187655326966	0.012965000000008331	epochs	3.0
889.6317305326966	0.025814500000024054	epochs	2.0
889.6317305326966	0.012926399999969362	epochs	3.0
889.6446569326965	0.012888100000054692	epochs	3.0
889.6575450326966	0.025661899999931848	epochs	2.0
889.6575450326966	0.012849899999991976	epochs	3.0
889.6703949326966	0.012811999999939871	epochs	3.0
889.6832069326965	0.025511199999982637	epochs	2.0
889.6832069326965	0.012774400000012065	epochs	3.0
889.6959813326965	0.012736799999970572	epochs	3.0
889.7087181326965	0.025362299999983406	epochs	2.0
889.7087181326965	0.01269969999998466	epochs	3.0
889.7214178326965	0.012662599999998747	epochs	3.0
889.7340804326965	0.025215000000002874	epochs	2.0
889.7340804326965	0.012625800000023446	epochs	3.0
889.7467062326965	0.012589199999979428	epochs	3.0
889.7592954326965	0.024584800000070572	epochs	2.0
889.7833209326965	0.5	epochs	-1.0
889.7838802326966	0.5172799999999143	epochs	1.0
890.3011602326965	0.48264000000006035	epochs	0.0
891.4619998931885	0.1028800000000274	epochs	0.0
891.4619998931885	0.0464399999999614	epochs	1.0
891.5084398931884	0.009999999999990905	epochs	1.0
891.5184398931884	0.04644000000007509	epochs	1.0
891.5648798931885	2.0	epochs	0.0
893.5648798931885	21.999919999999975	epochs	0.0
893.5648798931885	1.0	epochs	1.0
893.5648805931885	0.5	epochs	-1.0
894.0648805931885	19.999439999999936	epochs	-1.0
894.5648798931885	20.0	epochs	1.0
894.5648798931885	4.356753899999944	epochs	-1.0
894.5648798931885	1.9745871999999736	epochs	2.0
894.5648798931885	1.0985621999999466	epochs	3.0
895.6634420931885	0.8760250000000269	epochs	3.0
896.5394670931885	1.3524075000000266	epochs	2.0
896.5394670931885	0.7286354999999958	epochs	3.0
897.2681025931885	0.6237720000000309	epochs	3.0
897.8918745931885	1.029759199999944	epochs	2.0
897.8918745931885	0.5453292999999348	epochs	3.0
898.4372038931884	0.4844299000000092	epochs	3.0
898.9216337931884	0.8317862000000105	epochs	2.0
898.9216337931884	0.4357763000000432	epochs	3.0
899.3574100931885	0.3960098999999673	epochs	3.0
899.7534199931885	0.6977970000000369	epochs	2.0
899.7534199931885	0.3628982000000178	epochs	3.0
900.1163181931885	0.33489880000001904	epochs	3.0
900.4512169931885	0.601045699999986	epochs	2.0
900.4512169931885	0.3109122999999272	epochs	3.0
900.7621292931884	0.2901334000000588	epochs	3.0
901.0522626931885	0.5278859000000011	epochs	2.0
901.0522626931885	0.2719585999999481	epochs	3.0
901.3242212931884	0.25592730000005304	epochs	3.0
901.5801485931885	0.470619299999953	epochs	2.0
901.5801485931885	0.241681299999982	epochs	3.0
901.8218298931885	0.228937999999971	epochs	3.0
902.0507678931884	0.42457039999999324	epochs	2.0
902.0507678931884	0.21747140000002219	epochs	3.0
902.2682392931885	0.20709899999997106	epochs	3.0
902.4753382931884	0.3867354000000205	epochs	2.0
902.4753382931884	0.19767110000009325	epochs	3.0
902.6730093931885	0.18906429999992724	epochs	3.0
902.8620736931884	0.3550953000000163	epochs	2.0
902.8620736931884	0.18117589999997108	epochs	3.0
903.0432495931884	0.17391940000004524	epochs	3.0
903.2171689931885	0.3282431000000088	epochs	2.0
903.2171689931885	0.16722189999995862	epochs	3.0
903.3843908931884	0.16102120000005016	epochs	3.0
903.5454120931885	0.30516799999998057	epochs	2.0
903.5454120931885	0.15526390000002266	epochs	3.0
903.7006759931885	0.1499040999999579	epochs	3.0
903.8505800931885	0.28512530000000424	epochs	2.0
903.8505800931885	0.1449020999999675	epochs	3.0
903.9954821931884	0.14022320000003674	epochs	3.0
904.1357053931885	0.2675537999999733	epochs	2.0
904.1357053931885	0.1358369000000721	epochs	3.0
904.2715422931885	0.13171689999990122	epochs	3.0
904.4032591931884	0.2520229000000427	epochs	2.0
904.4032591931884	0.1278393000000051	epochs	3.0
904.5310984931884	0.12418360000003759	epochs	3.0
904.6552820931885	0.23819649999995818	epochs	2.0
904.6552820931885	0.12073109999994358	epochs	3.0
904.7760131931884	0.1174654000000146	epochs	3.0
904.8934785931884	0.2258088000000953	epochs	2.0
904.8934785931884	0.11437190000003739	epochs	3.0
905.0078504931885	0.1114369000000579	epochs	3.0
905.1192873931885	0.21464599999990241	epochs	2.0
905.1192873931885	0.10864889999993466	epochs	3.0
905.2279362931885	0.10599709999996776	epochs	3.0
905.3339333931884	0.20453500000007807	epochs	2.0
905.3339333931884	0.10347150000006877	epochs	3.0
905.4374048931885	0.1010635000000093	epochs	3.0
905.5384683931885	0.19533400000000256	epochs	2.0
905.5384683931885	0.09876509999992322	epochs	3.0
905.6372334931884	0.09656890000007934	epochs	3.0
905.7338023931885	0.18692529999998442	epochs	2.0
905.7338023931885	0.09446830000001682	epochs	3.0
905.8282706931885	0.09245699999996759	epochs	3.0
905.9207276931885	0.17921069999999872	epochs	2.0
905.9207276931885	0.09052959999996801	epochs	3.0
906.0112572931885	0.08868110000003071	epochs	3.0
906.0999383931885	0.17210769999996955	epochs	2.0
906.0999383931885	0.08690630000000965	epochs	3.0
906.1868446931885	0.0852013999999599	epochs	3.0
906.2720460931885	0.16554640000003928	epochs	2.0
906.2720460931885	0.08356190000006336	epochs	3.0
906.3556079931885	0.08198449999997592	epochs	3.0
906.4375924931885	0.15946710000002895	epochs	2.0
906.4375924931885	0.08046539999998004	epochs	3.0
906.5180578931885	0.07900170000004891	epochs	3.0
906.5970595931885	0.15381839999997737	epochs	2.0
906.5970595931885	0.07759009999995214	epochs	3.0
906.6746496931885	0.07622830000002523	epochs	3.0
906.7508779931885	0.14855639999996129	epochs	2.0
906.7508779931885	0.07491329999993468	epochs	3.0
906.8257912931884	0.0736431000000266	epochs	3.0
906.8994343931885	0.14364239999997608	epochs	2.0
906.8994343931885	0.07241499999997814	epochs	3.0
906.9718493931884	0.07122739999999794	epochs	3.0
907.0430767931884	0.13904309999998077	epochs	2.0
907.0430767931884	0.07007800000008046	epochs	3.0
907.1131547931885	0.0689650999999003	epochs	3.0
907.1821198931884	0.1347293000000036	epochs	2.0
907.1821198931884	0.0678871000000072	epochs	3.0
907.2500069931884	0.06684219999999641	epochs	3.0
907.3168491931884	0.1306752000000415	epochs	2.0
907.3168491931884	0.06582910000008724	epochs	3.0
907.3826782931885	0.06484609999995428	epochs	3.0
907.4475243931885	0.12685780000003888	epochs	2.0
907.4475243931885	0.06389200000000983	epochs	3.0
907.5114163931885	0.06296580000002905	epochs	3.0
907.5743821931885	0.12325720000001184	epochs	2.0
907.5743821931885	0.062065799999913907	epochs	3.0
907.6364479931884	0.06119140000009793	epochs	3.0
907.6976393931885	0.11985540000000583	epochs	2.0
907.6976393931885	0.060341099999959624	epochs	3.0
907.7579804931885	0.059514300000046205	epochs	3.0
907.8174947931885	0.1166361999999026	epochs	2.0
907.8174947931885	0.058709599999929196	epochs	3.0
907.8762043931885	0.057926599999973405	epochs	3.0
907.9341309931884	0.11358560000007856	epochs	2.0
907.9341309931884	0.05716420000010203	epochs	3.0
907.9912951931885	0.05642139999997653	epochs	3.0
908.0477165931885	0.11069049999991876	epochs	2.0
908.0477165931885	0.05569789999992736	epochs	3.0
908.1034144931884	0.0549925999999914	epochs	3.0
908.1584070931884	0.1079391000000669	epochs	2.0
908.1584070931884	0.05430490000003374	epochs	3.0
908.2127119931885	0.05363420000003316	epochs	3.0
908.2663461931885	0.10532149999994544	epochs	2.0
908.2663461931885	0.05297999999993408	epochs	3.0
908.3193261931884	0.052341500000011365	epochs	3.0
908.3716676931884	0.10282760000006874	epochs	2.0
908.3716676931884	0.05171810000001642	epochs	3.0
908.4233857931885	0.05110950000005232	epochs	3.0
908.4744952931885	0.10044909999999163	epochs	2.0
908.4744952931885	0.05051489999993919	epochs	3.0
908.5250101931885	0.04993420000005244	epochs	3.0
908.5749443931885	0.0981782999999723	epochs	2.0
908.5749443931885	0.04936659999998483	epochs	3.0
908.6243109931885	0.04881169999998747	epochs	3.0
908.6731226931885	0.09600780000005216	epochs	2.0
908.6731226931885	0.04826920000004975	epochs	3.0
908.7213918931885	0.04773860000000241	epochs	3.0
908.7691304931885	0.09393119999992905	epochs	2.0
908.7691304931885	0.04721949999998287	epochs	3.0
908.8163499931885	0.04671169999994618	epochs	3.0
908.8630616931885	0.09194260000003851	epochs	2.0
908.8630616931885	0.046214599999984785	epochs	3.0
908.9092762931884	0.045728000000053726	epochs	3.0
908.9550042931885	0.09003629999995155	epochs	2.0
908.9550042931885	0.045251499999949374	epochs	3.0
909.0002557931884	0.04478480000000218	epochs	3.0
909.0450405931884	0.08820760000003247	epochs	2.0
909.0450405931884	0.044327800000019124	epochs	3.0
909.0893683931885	0.04387980000001335	epochs	3.0
909.1332481931885	0.0864516999999978	epochs	2.0
909.1332481931885	0.04344100000002982	epochs	3.0
909.1766891931885	0.04301069999996798	epochs	3.0
909.2196998931885	0.08476429999996071	epochs	2.0
909.2196998931885	0.04258900000002086	epochs	3.0
909.2622888931885	0.04217529999993985	epochs	3.0
909.3044641931884	0.08314150000001064	epochs	2.0
909.3044641931884	0.04176970000003166	epochs	3.0
909.3462338931885	0.041371799999978975	epochs	3.0
909.3876056931884	0.08157970000002024	epochs	2.0
909.3876056931884	0.04098140000007788	epochs	3.0
909.4285870931885	0.040598299999942355	epochs	3.0
909.4691853931885	0.08007550000002084	epochs	2.0
909.4691853931885	0.04022229999998217	epochs	3.0
909.5094076931885	0.03985320000003867	epochs	3.0
909.5492608931885	0.07862569999997504	epochs	2.0
909.5492608931885	0.0394907999999532	epochs	3.0
909.5887516931884	0.039134900000021844	epochs	3.0
909.6278865931885	0.07722760000001472	epochs	2.0
909.6278865931885	0.038785400000051595	epochs	3.0
909.6666719931885	0.03844219999996312	epochs	3.0
909.7051141931885	0.07587820000003376	epochs	2.0
909.7051141931885	0.038104800000041905	epochs	3.0
909.7432189931885	0.03777339999999185	epochs	3.0
909.7809923931885	0.07457519999991291	epochs	2.0
909.7809923931885	0.03744769999991604	epochs	3.0
909.8184400931884	0.03712749999999687	epochs	3.0
909.8555675931884	0.07331630000010136	epochs	2.0
909.8555675931884	0.0368129000000863	epochs	3.0
909.8923804931885	0.03650340000001506	epochs	3.0
909.9288838931885	0.07209899999998015	epochs	2.0
909.9288838931885	0.03619909999997617	epochs	3.0
909.9650829931885	0.03589990000000398	epochs	3.0
910.0009828931885	0.07092169999998532	epochs	2.0
910.0009828931885	0.03560559999993984	epochs	3.0
910.0365884931884	0.03531610000004548	epochs	3.0
910.0719045931885	0.06978200000003199	epochs	2.0
910.0719045931885	0.03503119999993487	epochs	3.0
910.1069357931884	0.034750800000097115	epochs	3.0
910.1416865931885	0.06867859999999837	epochs	2.0
910.1416865931885	0.03447510000000875	epochs	3.0
910.1761616931885	0.03420349999998962	epochs	3.0
910.2103651931885	0.06760929999995824	epochs	2.0
910.2103651931885	0.033936199999970995	epochs	3.0
910.2443013931885	0.033673099999987244	epochs	3.0
910.2779744931885	0.06657289999998284	epochs	2.0
910.2779744931885	0.03341399999999339	epochs	3.0
910.3113884931885	0.033158899999989444	epochs	3.0
910.3445473931885	0.06556780000005347	epochs	2.0
910.3445473931885	0.032907700000009754	epochs	3.0
910.3774550931885	0.03266010000004371	epochs	3.0
910.4101151931885	0.06459259999996902	epochs	2.0
910.4101151931885	0.032416399999988244	epochs	3.0
910.4425315931885	0.03217619999998078	epochs	3.0
910.4747077931885	0.0636459999999488	epochs	2.0
910.4747077931885	0.03193959999998697	epochs	3.0
910.5066473931885	0.03170639999996183	epochs	3.0
910.5383537931884	0.0627266999999847	epochs	2.0
910.5383537931884	0.03147660000001906	epochs	3.0
910.5698303931885	0.03125009999996564	epochs	3.0
910.6010804931884	0.06183359999999993	epochs	2.0
910.6010804931884	0.031026900000028945	epochs	3.0
910.6321073931884	0.030806699999970988	epochs	3.0
910.6629140931884	0.06096560000003137	epochs	2.0
910.6629140931884	0.030589800000029754	epochs	3.0
910.6935038931884	0.030375800000001618	epochs	3.0
910.7238796931885	0.06012160000000222	epochs	2.0
910.7238796931885	0.030164900000045236	epochs	3.0
910.7540445931885	0.02995669999995698	epochs	3.0
910.7840012931885	0.05930069999999432	epochs	2.0
910.7840012931885	0.029751600000054168	epochs	3.0
910.8137528931885	0.029549099999940154	epochs	3.0
910.8433019931884	0.05850180000004457	epochs	2.0
910.8433019931884	0.02934940000000097	epochs	3.0
910.8726513931884	0.0291524000000436	epochs	3.0
910.9018037931885	0.05772419999993872	epochs	2.0
910.9018037931885	0.028957999999988715	epochs	3.0
910.9307617931885	0.028766199999950004	epochs	3.0
910.9595279931884	0.05696710000006533	epochs	2.0
910.9595279931884	0.028577000000041153	epochs	3.0
910.9881049931885	0.028390100000024177	epochs	3.0
911.0164950931885	0.05622949999997218	epochs	2.0
911.0164950931885	0.028205699999944045	epochs	3.0
911.0447007931884	0.028023800000028132	epochs	3.0
911.0727245931885	0.05551070000001346	epochs	2.0
911.0727245931885	0.027843999999959124	epochs	3.0
911.1005685931884	0.027666700000054334	epochs	3.0
911.1282352931885	0.054810200000019904	epochs	2.0
911.1282352931885	0.02749149999999645	epochs	3.0
911.1557267931885	0.027318700000023455	epochs	3.0
911.1830454931885	0.05412699999999404	epochs	2.0
911.1830454931885	0.027147799999966082	epochs	3.0
911.2101932931885	0.02697920000002796	epochs	3.0
911.2371724931885	0.053460699999959616	epochs	2.0
911.2371724931885	0.0268125999999711	epochs	3.0
911.2639850931885	0.026648099999988517	epochs	3.0
911.2906331931885	0.05281070000000909	epochs	2.0
911.2906331931885	0.026485600000000886	epochs	3.0
911.3171187931885	0.026325100000008206	epochs	3.0
911.3434438931885	0.05217619999996259	epochs	2.0
911.3434438931885	0.026166399999965506	epochs	3.0
911.3696102931884	0.026009799999997085	epochs	3.0
911.3956200931884	0.051556699999991906	epochs	2.0
911.3956200931884	0.025854800000047362	epochs	3.0
911.4214748931885	0.025701899999944544	epochs	3.0
911.4471767931884	0.050951900000086425	epochs	2.0
911.4471767931884	0.02555070000005344	epochs	3.0
911.4727274931885	0.025401200000032986	epochs	3.0
911.4981286931885	0.05036099999995258	epochs	2.0
911.4981286931885	0.025253499999962514	epochs	3.0
911.5233821931885	0.02510749999999007	epochs	3.0
911.5484896931885	0.049783800000000156	epochs	2.0
911.5484896931885	0.02496320000000196	epochs	3.0
911.5734528931885	0.024820599999998194	epochs	3.0
911.5982734931885	0.049219500000049266	epochs	2.0
911.5982734931885	0.024679399999968155	epochs	3.0
911.6229528931884	0.02454010000008111	epochs	3.0
911.6474929931885	0.048667899999941255	epochs	2.0
911.6474929931885	0.02440209999997478	epochs	3.0
911.6718950931885	0.024265799999966475	epochs	3.0
911.6961608931884	0.04812860000004093	epochs	2.0
911.6961608931884	0.024131000000011227	epochs	3.0
911.7202918931885	0.023997600000029706	epochs	3.0
911.7442894931885	0.04760109999995166	epochs	2.0
911.7442894931885	0.023865799999953197	epochs	3.0
911.7681552931884	0.02373529999999846	epochs	3.0
911.7918905931884	0.047085000000038235	epochs	2.0
911.7918905931884	0.023606299999983094	epochs	3.0
911.8154968931884	0.02347870000005514	epochs	3.0
911.8389755931885	0.046579999999948996	epochs	2.0
911.8389755931885	0.02335249999998723	epochs	3.0
911.8623280931885	0.023227499999961765	epochs	3.0
911.8855555931884	0.046085700000048746	epochs	2.0
911.8855555931884	0.023104000000103042	epochs	3.0
911.9086595931885	0.022981699999945704	epochs	3.0
911.9316412931885	0.045601799999985815	epochs	2.0
911.9316412931885	0.022860700000023826	epochs	3.0
911.9545019931885	0.02274109999996199	epochs	3.0
911.9772430931885	0.04512790000001132	epochs	2.0
911.9772430931885	0.022622500000011314	epochs	3.0
911.9998655931885	0.02250540000000001	epochs	3.0
912.0223709931885	0.044663799999966614	epochs	2.0
912.0223709931885	0.02238929999998618	epochs	3.0
912.0447602931885	0.022274499999980435	epochs	3.0
912.0670347931884	0.04420920000006845	epochs	2.0
912.0670347931884	0.022160800000051495	epochs	3.0
912.0891955931885	0.022048400000016954	epochs	3.0
912.1112439931885	0.04376359999992019	epochs	2.0
912.1112439931885	0.021936900000014248	epochs	3.0
912.1331808931885	0.02182669999990594	epochs	3.0
912.1550075931884	0.04332710000005591	epochs	2.0
912.1550075931884	0.02171760000010181	epochs	3.0
912.1767251931885	0.021609499999954096	epochs	3.0
912.1983346931885	0.04289900000003399	epochs	2.0
912.1983346931885	0.02150249999999687	epochs	3.0
912.2198371931885	0.021396500000037122	epochs	3.0
912.2412336931885	0.042479500000013104	epochs	2.0
912.2412336931885	0.02129170000000613	epochs	3.0
912.2625253931885	0.021187800000006973	epochs	3.0
912.2837131931885	0.04206789999989269	epochs	2.0
912.2837131931885	0.021084899999891604	epochs	3.0
912.3047980931884	0.020983000000001084	epochs	3.0
912.3257810931884	0.04166440000005878	epochs	2.0
912.3257810931884	0.02088220000007368	epochs	3.0
912.3466632931885	0.020782199999985096	epochs	3.0
912.3674454931885	0.04126850000000104	epochs	2.0
912.3674454931885	0.020683299999973315	epochs	3.0
912.3881287931885	0.020585200000027726	epochs	3.0
912.4087139931885	0.04088000000001557	epochs	2.0
912.4087139931885	0.020488099999965925	epochs	3.0
912.4292020931885	0.020391900000049645	epochs	3.0
912.4495939931885	0.04049880000002304	epochs	2.0
912.4495939931885	0.020296599999937825	epochs	3.0
912.4698905931884	0.020202200000085213	epochs	3.0
912.4900927931885	0.040124599999899146	epochs	2.0
912.4900927931885	0.020108699999923374	epochs	3.0
912.5102014931884	0.020015899999975773	epochs	3.0
912.5302173931884	0.03975730000001931	epochs	2.0
912.5302173931884	0.019924200000104975	epochs	3.0
912.5501415931885	0.01983309999991434	epochs	3.0
912.5699746931884	0.03939669999999751	epochs	2.0
912.5699746931884	0.01974300000006224	epochs	3.0
912.5897176931885	0.01965369999993527	epochs	3.0
912.6093713931884	0.039042400000084854	epochs	2.0
912.6093713931884	0.01956510000002254	epochs	3.0
912.6289364931885	0.019477300000062314	epochs	3.0
912.6484137931885	0.03869459999998526	epochs	2.0
912.6484137931885	0.01939039999990655	epochs	3.0
912.6678041931884	0.01930420000007871	epochs	3.0
912.6871083931885	0.03835289999994984	epochs	2.0
912.6871083931885	0.019218799999976	epochs	3.0
912.7063271931885	0.01913409999997384	epochs	3.0
912.7254612931885	0.03801720000001296	epochs	2.0
912.7254612931885	0.019050200000037876	epochs	3.0
912.7445114931885	0.018966999999975087	epochs	3.0
912.7634784931885	0.037687200000050325	epochs	2.0
912.7634784931885	0.01888450000001285	epochs	3.0
912.7823629931885	0.018802700000037476	epochs	3.0
912.8011656931885	0.03736309999999321	epochs	2.0
912.8011656931885	0.01872169999990092	epochs	3.0
912.8198873931884	0.01864140000009229	epochs	3.0
912.8385287931885	0.03704429999993408	epochs	2.0
912.8385287931885	0.01856159999999818	epochs	3.0
912.8570903931885	0.018482699999935903	epochs	3.0
912.8755730931885	0.0367310000000316	epochs	2.0
912.8755730931885	0.018404300000042895	epochs	3.0
912.8939773931885	0.018326699999988705	epochs	3.0
912.9123040931885	0.036422900000047775	epochs	2.0
912.9123040931885	0.018249599999990096	epochs	3.0
912.9305536931885	0.01817330000005768	epochs	3.0
912.9487269931885	0.03612009999994825	epochs	2.0
912.9487269931885	0.01809759999991911	epochs	3.0
912.9668245931884	0.01802250000002914	epochs	3.0
912.9848470931885	0.03582210000001851	epochs	2.0
912.9848470931885	0.017947899999967376	epochs	3.0
913.0027949931884	0.017874200000051133	epochs	3.0
913.0206691931885	0.03552899999999681	epochs	2.0
913.0206691931885	0.017800800000031813	epochs	3.0
913.0384699931885	0.017728199999965	epochs	3.0
913.0561981931885	0.03524070000003121	epochs	2.0
913.0561981931885	0.017656099999953767	epochs	3.0
913.0738542931884	0.017584600000077444	epochs	3.0
913.0914388931885	0.03495709999992869	epochs	2.0
913.0914388931885	0.01751369999999497	epochs	3.0
913.1089525931885	0.017443399999933717	epochs	3.0
913.1263959931885	0.03467790000001969	epochs	2.0
913.1263959931885	0.017373600000041733	epochs	3.0
913.1437695931885	0.017304299999977957	epochs	3.0
913.1610738931885	0.03440330000000813	epochs	2.0
913.1610738931885	0.01723570000001473	epochs	3.0
913.1783095931885	0.0171675999999934	epochs	3.0
913.1954771931885	0.03413279999995211	epochs	2.0
913.1954771931885	0.01709989999994832	epochs	3.0
913.2125770931884	0.017032900000003792	epochs	3.0
913.2296099931884	0.03386670000008962	epochs	2.0
913.2296099931884	0.01696640000000116	epochs	3.0
913.2465763931884	0.016900300000088464	epochs	3.0
913.2634766931885	0.03360459999998966	epochs	2.0
913.2634766931885	0.01683479999996962	epochs	3.0
913.2803114931885	0.01676980000002004	epochs	3.0
913.2970812931885	0.033346599999958926	epochs	2.0
913.2970812931885	0.016705300000012357	epochs	3.0
913.3137865931885	0.01664129999994657	epochs	3.0
913.3304278931885	0.03309249999995245	epochs	2.0
913.3304278931885	0.016577800000050047	epochs	3.0
913.3470056931885	0.016514699999902405	epochs	3.0
913.3635203931884	0.032842300000083924	epochs	2.0
913.3635203931884	0.01645220000000336	epochs	3.0
913.3799725931884	0.016390100000080565	epochs	3.0
913.3963626931885	0.03259570000000167	epochs	2.0
913.3963626931885	0.016328400000020338	epochs	3.0
913.4126910931885	0.016267299999981333	epochs	3.0
913.4289583931885	0.032352899999978035	epochs	2.0
913.4289583931885	0.01620659999991858	epochs	3.0
913.4451649931884	0.016146300000059455	epochs	3.0
913.4613112931885	0.03211369999996805	epochs	2.0
913.4613112931885	0.016086599999994178	epochs	3.0
913.4773978931885	0.01602709999997387	epochs	3.0
913.4934249931885	0.03187800000000607	epochs	2.0
913.4934249931885	0.015968199999974786	epochs	3.0
913.5093931931884	0.015909800000031282	epochs	3.0
913.5253029931885	0.031645700000012766	epochs	2.0
913.5253029931885	0.01585160000001906	epochs	3.0
913.5411545931885	0.015794099999993705	epochs	3.0
913.5569486931885	0.0314167000000225	epochs	2.0
913.5569486931885	0.015736700000047676	epochs	3.0
913.5726853931885	0.015679999999974825	epochs	3.0
913.5883653931885	0.031191100000000915	epochs	2.0
913.5883653931885	0.015623600000026272	epochs	3.0
913.6039889931885	0.015567499999974643	epochs	3.0
913.6195564931885	0.030968700000016725	epochs	2.0
913.6195564931885	0.015511999999944237	epochs	3.0
913.6350684931884	0.015456700000072487	epochs	3.0
913.6505251931885	0.030749499999956242	epochs	2.0
913.6505251931885	0.015401999999994587	epochs	3.0
913.6659271931885	0.015347499999961656	epochs	3.0
913.6812746931885	0.03053320000003623	epochs	2.0
913.6812746931885	0.015293400000018664	epochs	3.0
913.6965680931885	0.015239800000017567	epochs	3.0
913.7118078931885	0.030320099999926242	epochs	2.0
913.7118078931885	0.015186500000027081	epochs	3.0
913.7269943931885	0.015133599999899161	epochs	3.0
913.7421279931884	0.03010990000007041	epochs	2.0
913.7421279931884	0.015081000000009226	epochs	3.0
913.7572089931884	0.015028900000061185	epochs	3.0
913.7722378931885	0.029902499999934662	epochs	2.0
913.7722378931885	0.01497699999993074	epochs	3.0
913.7872148931884	0.014925500000003922	epochs	3.0
913.8021403931884	0.029698100000018712	epochs	2.0
913.8021403931884	0.014874400000053356	epochs	3.0
913.8170147931885	0.014823699999965356	epochs	3.0
913.8318384931885	0.02949630000000525	epochs	2.0
913.8318384931885	0.014773200000036013	epochs	3.0
913.8466116931885	0.014723099999969236	epochs	3.0
913.8613347931885	0.02929740000001857	epochs	2.0
913.8613347931885	0.014673399999992398	epochs	3.0
913.8760081931885	0.014624000000026172	epochs	3.0
913.8906321931885	0.029101100000048064	epochs	2.0
913.8906321931885	0.01457489999995687	epochs	3.0
913.9052070931884	0.014526200000091194	epochs	3.0
913.9197332931885	0.028907399999980044	epochs	2.0
913.9197332931885	0.014477699999929428	epochs	3.0
913.9342109931885	0.014429700000050616	epochs	3.0
913.9486406931885	0.028716199999962555	epochs	2.0
913.9486406931885	0.014381799999910072	epochs	3.0
913.9630224931884	0.014334400000052483	epochs	3.0
913.9773568931885	0.02852759999996124	epochs	2.0
913.9773568931885	0.01428720000001249	epochs	3.0
913.9916440931885	0.01424039999994875	epochs	3.0
914.0058844931884	0.028341400000044814	epochs	2.0
914.0058844931884	0.014193800000043666	epochs	3.0
914.0200782931885	0.014147600000001148	epochs	3.0
914.0342258931885	0.028157699999951546	epochs	2.0
914.0342258931885	0.014101699999969242	epochs	3.0
914.0483275931884	0.014055999999982305	epochs	3.0
914.0623835931884	0.027976300000091214	epochs	2.0
914.0623835931884	0.01401060000000598	epochs	3.0
914.0763941931884	0.013965700000085235	epochs	3.0
914.0903598931885	0.02779720000000907	epochs	2.0
914.0903598931885	0.013920799999937117	epochs	3.0
914.1042806931885	0.013876400000071953	epochs	3.0
914.1181570931885	0.027620399999932488	epochs	2.0
914.1181570931885	0.0138321999999107	epochs	3.0
914.1319892931884	0.013788200000021789	epochs	3.0
914.1457774931885	0.027445899999975154	epochs	2.0
914.1457774931885	0.013744599999995444	epochs	3.0
914.1595220931885	0.01370129999997971	epochs	3.0
914.1732233931884	0.0272735000000921	epochs	2.0
914.1732233931884	0.013658200000008947	epochs	3.0
914.1868815931884	0.013615300000083153	epochs	3.0
914.2004968931885	0.027103399999987232	epochs	2.0
914.2004968931885	0.013572799999906238	epochs	3.0
914.2140696931884	0.013530600000080995	epochs	3.0
914.2276002931885	0.026935199999911674	epochs	2.0
914.2276002931885	0.01348839999991469	epochs	3.0
914.2410886931884	0.013446799999996983	epochs	3.0
914.2545354931884	0.02676920000010341	epochs	2.0
914.2545354931884	0.013405200000079276	epochs	3.0
914.2679406931885	0.013364000000024134	epochs	3.0
914.2813046931885	0.026605199999949036	epochs	2.0
914.2813046931885	0.013322899999934634	epochs	3.0
914.2946275931885	0.013282300000014402	epochs	3.0
914.3079098931885	0.026443200000016986	epochs	2.0
914.3079098931885	0.013241699999980483	epochs	3.0
914.3211515931885	0.013201500000036503	epochs	3.0
914.3343530931885	0.0262831999999662	epochs	2.0
914.3343530931885	0.013161500000023807	epochs	3.0
914.3475145931885	0.013121699999942393	epochs	3.0
914.3606362931885	0.02612499999997908	epochs	2.0
914.3606362931885	0.013082100000019636	epochs	3.0
914.3737183931885	0.013042899999959445	epochs	3.0
914.3867612931884	0.025968900000066242	epochs	2.0
914.3867612931884	0.01300390000005791	epochs	3.0
914.3997651931885	0.012965000000008331	epochs	3.0
914.4127301931885	0.025814500000024054	epochs	2.0
914.4127301931885	0.012926399999969362	epochs	3.0
914.4256565931885	0.012888100000054692	epochs	3.0
914.4385446931885	0.025661899999931848	epochs	2.0
914.4385446931885	0.012849899999991976	epochs	3.0
914.4513945931885	0.012811999999939871	epochs	3.0
914.4642065931885	0.025511199999982637	epochs	2.0
914.4642065931885	0.012774400000012065	epochs	3.0
914.4769809931885	0.012736799999970572	epochs	3.0
914.4897177931884	0.025362299999983406	epochs	2.0
914.4897177931884	0.01269969999998466	epochs	3.0
914.5024174931884	0.012662599999998747	epochs	3.0
914.5150800931884	0.025215000000002874	epochs	2.0
914.5150800931884	0.012625800000023446	epochs	3.0
914.5277058931885	0.012589199999979428	epochs	3.0
914.5402950931884	0.024584800000070572	epochs	2.0
914.5643205931884	0.5	epochs	-1.0
914.5648798931885	0.9999199999999746	epochs	1.0
915.0643205931884	0.5	epochs	-1.0
916.6719999313354	0.1028800000000274	epochs	0.0
916.6719999313354	0.0464399999999614	epochs	1.0
916.7184399313354	0.009999999999990905	epochs	1.0
916.7284399313354	0.04644000000007509	epochs	1.0
916.7748799313355	2.0	epochs	0.0
918.7748799313355	0.5563999999999396	epochs	0.0
918.7748799313355	0.5563999999999396	epochs	1.0
918.7748806313355	0.5	epochs	-1.0
919.2748806313355	0.056399299999952746	epochs	-1.0
919.3312799313354	21.443520000000035	epochs	0.0
920.420000076294	0.1028800000000274	epochs	0.0
920.420000076294	0.0464399999999614	epochs	1.0
920.4664400762939	0.009999999999990905	epochs	1.0
920.4764400762939	0.04644000000007509	epochs	1.0
920.522880076294	2.0	epochs	0.0
922.522880076294	0.5173599999999396	epochs	0.0
922.522880076294	0.5173599999999396	epochs	1.0
922.522880776294	0.5	epochs	-1.0
923.022880776294	0.017359299999952782	epochs	-1.0
923.0402400762939	21.482560000000035	epochs	0.0
924.1989998817444	0.1028800000000274	epochs	0.0
924.1989998817444	0.0464399999999614	epochs	1.0
924.2454398817443	0.009999999999990905	epochs	1.0
924.2554398817443	0.04644000000007509	epochs	1.0
924.3018798817444	2.0	epochs	0.0
926.3018798817444	21.517279999999914	epochs	0.0
926.3018798817444	1.0	epochs	1.0
926.3018805817444	0.5	epochs	-1.0
926.8018805817444	19.999439999999936	epochs	-1.0
927.3018798817444	20.0	epochs	1.0
927.3018798817444	4.356753899999944	epochs	-1.0
927.3018798817444	1.9745871999999736	epochs	2.0
927.3018798817444	1.0985621999999466	epochs	3.0
928.4004420817444	0.8760250000000269	epochs	3.0
929.2764670817444	1.3524075000000266	epochs	2.0
929.2764670817444	0.7286354999999958	epochs	3.0
930.0051025817444	0.6237720000000309	epochs	3.0
930.6288745817444	1.029759199999944	epochs	2.0
930.6288745817444	0.5453292999999348	epochs	3.0
931.1742038817443	0.4844299000000092	epochs	3.0
931.6586337817444	0.8317862000000105	epochs	2.0
931.6586337817444	0.4357763000000432	epochs	3.0
932.0944100817444	0.3960098999999673	epochs	3.0
932.4904199817444	0.6977970000000369	epochs	2.0
932.4904199817444	0.3628982000000178	epochs	3.0
932.8533181817444	0.33489880000001904	epochs	3.0
933.1882169817444	0.601045699999986	epochs	2.0
933.1882169817444	0.3109122999999272	epochs	3.0
933.4991292817443	0.2901334000000588	epochs	3.0
933.7892626817444	0.5278859000000011	epochs	2.0
933.7892626817444	0.2719585999999481	epochs	3.0
934.0612212817443	0.25592730000005304	epochs	3.0
934.3171485817444	0.470619299999953	epochs	2.0
934.3171485817444	0.241681299999982	epochs	3.0
934.5588298817444	0.228937999999971	epochs	3.0
934.7877678817443	0.42457039999999324	epochs	2.0
934.7877678817443	0.21747140000002219	epochs	3.0
935.0052392817444	0.20709899999997106	epochs	3.0
935.2123382817443	0.3867354000000205	epochs	2.0
935.2123382817443	0.19767110000009325	epochs	3.0
935.4100093817444	0.18906429999992724	epochs	3.0
935.5990736817444	0.3550953000000163	epochs	2.0
935.5990736817444	0.18117589999997108	epochs	3.0
935.7802495817443	0.17391940000004524	epochs	3.0
935.9541689817444	0.3282431000000088	epochs	2.0
935.9541689817444	0.16722189999995862	epochs	3.0
936.1213908817443	0.16102120000005016	epochs	3.0
936.2824120817444	0.30516799999998057	epochs	2.0
936.2824120817444	0.15526390000002266	epochs	3.0
936.4376759817444	0.1499040999999579	epochs	3.0
936.5875800817444	0.28512530000000424	epochs	2.0
936.5875800817444	0.1449020999999675	epochs	3.0
936.7324821817443	0.14022320000003674	epochs	3.0
936.8727053817444	0.2675537999999733	epochs	2.0
936.8727053817444	0.1358369000000721	epochs	3.0
937.0085422817444	0.13171689999990122	epochs	3.0
937.1402591817443	0.2520229000000427	epochs	2.0
937.1402591817443	0.1278393000000051	epochs	3.0
937.2680984817443	0.12418360000003759	epochs	3.0
937.3922820817444	0.23819649999995818	epochs	2.0
937.3922820817444	0.12073109999994358	epochs	3.0
937.5130131817443	0.1174654000000146	epochs	3.0
937.6304785817443	0.2258088000000953	epochs	2.0
937.6304785817443	0.11437190000003739	epochs	3.0
937.7448504817444	0.1114369000000579	epochs	3.0
937.8562873817444	0.21464599999990241	epochs	2.0
937.8562873817444	0.10864889999993466	epochs	3.0
937.9649362817444	0.10599709999996776	epochs	3.0
938.0709333817443	0.20453500000007807	epochs	2.0
938.0709333817443	0.10347150000006877	epochs	3.0
938.1744048817444	0.1010635000000093	epochs	3.0
938.2754683817444	0.19533400000000256	epochs	2.0
938.2754683817444	0.09876509999992322	epochs	3.0
938.3742334817443	0.09656890000007934	epochs	3.0
938.4708023817444	0.18692529999998442	epochs	2.0
938.4708023817444	0.09446830000001682	epochs	3.0
938.5652706817444	0.09245699999996759	epochs	3.0
938.6577276817444	0.17921069999999872	epochs	2.0
938.6577276817444	0.09052959999996801	epochs	3.0
938.7482572817444	0.08868110000003071	epochs	3.0
938.8369383817444	0.17210769999996955	epochs	2.0
938.8369383817444	0.08690630000000965	epochs	3.0
938.9238446817444	0.0852013999999599	epochs	3.0
939.0090460817444	0.16554640000003928	epochs	2.0
939.0090460817444	0.08356190000006336	epochs	3.0
939.0926079817444	0.08198449999997592	epochs	3.0
939.1745924817444	0.15946710000002895	epochs	2.0
939.1745924817444	0.08046539999998004	epochs	3.0
939.2550578817444	0.07900170000004891	epochs	3.0
939.3340595817444	0.15381839999997737	epochs	2.0
939.3340595817444	0.07759009999995214	epochs	3.0
939.4116496817444	0.07622830000002523	epochs	3.0
939.4878779817444	0.14855639999996129	epochs	2.0
939.4878779817444	0.07491329999993468	epochs	3.0
939.5627912817444	0.0736431000000266	epochs	3.0
939.6364343817444	0.14364239999997608	epochs	2.0
939.6364343817444	0.07241499999997814	epochs	3.0
939.7088493817444	0.07122739999999794	epochs	3.0
939.7800767817444	0.13904309999998077	epochs	2.0
939.7800767817444	0.07007800000008046	epochs	3.0
939.8501547817444	0.0689650999999003	epochs	3.0
939.9191198817443	0.1347293000000036	epochs	2.0
939.9191198817443	0.0678871000000072	epochs	3.0
939.9870069817443	0.06684219999999641	epochs	3.0
940.0538491817443	0.1306752000000415	epochs	2.0
940.0538491817443	0.06582910000008724	epochs	3.0
940.1196782817444	0.06484609999995428	epochs	3.0
940.1845243817444	0.12685780000003888	epochs	2.0
940.1845243817444	0.06389200000000983	epochs	3.0
940.2484163817444	0.06296580000002905	epochs	3.0
940.3113821817444	0.12325720000001184	epochs	2.0
940.3113821817444	0.062065799999913907	epochs	3.0
940.3734479817443	0.06119140000009793	epochs	3.0
940.4346393817444	0.11985540000000583	epochs	2.0
940.4346393817444	0.060341099999959624	epochs	3.0
940.4949804817444	0.059514300000046205	epochs	3.0
940.5544947817444	0.1166361999999026	epochs	2.0
940.5544947817444	0.058709599999929196	epochs	3.0
940.6132043817444	0.057926599999973405	epochs	3.0
940.6711309817443	0.11358560000007856	epochs	2.0
940.6711309817443	0.05716420000010203	epochs	3.0
940.7282951817444	0.05642139999997653	epochs	3.0
940.7847165817444	0.11069049999991876	epochs	2.0
940.7847165817444	0.05569789999992736	epochs	3.0
940.8404144817443	0.0549925999999914	epochs	3.0
940.8954070817443	0.1079391000000669	epochs	2.0
940.8954070817443	0.05430490000003374	epochs	3.0
940.9497119817444	0.05363420000003316	epochs	3.0
941.0033461817444	0.10532149999994544	epochs	2.0
941.0033461817444	0.05297999999993408	epochs	3.0
941.0563261817443	0.052341500000011365	epochs	3.0
941.1086676817444	0.10282760000006874	epochs	2.0
941.1086676817444	0.05171810000001642	epochs	3.0
941.1603857817444	0.05110950000005232	epochs	3.0
941.2114952817444	0.10044909999999163	epochs	2.0
941.2114952817444	0.05051489999993919	epochs	3.0
941.2620101817444	0.04993420000005244	epochs	3.0
941.3119443817444	0.0981782999999723	epochs	2.0
941.3119443817444	0.04936659999998483	epochs	3.0
941.3613109817444	0.04881169999998747	epochs	3.0
941.4101226817444	0.09600780000005216	epochs	2.0
941.4101226817444	0.04826920000004975	epochs	3.0
941.4583918817444	0.04773860000000241	epochs	3.0
941.5061304817444	0.09393119999992905	epochs	2.0
941.5061304817444	0.04721949999998287	epochs	3.0
941.5533499817444	0.04671169999994618	epochs	3.0
941.6000616817444	0.09194260000003851	epochs	2.0
941.6000616817444	0.046214599999984785	epochs	3.0
941.6462762817443	0.045728000000053726	epochs	3.0
941.6920042817444	0.09003629999995155	epochs	2.0
941.6920042817444	0.045251499999949374	epochs	3.0
941.7372557817444	0.04478480000000218	epochs	3.0
941.7820405817444	0.08820760000003247	epochs	2.0
941.7820405817444	0.044327800000019124	epochs	3.0
941.8263683817444	0.04387980000001335	epochs	3.0
941.8702481817444	0.0864516999999978	epochs	2.0
941.8702481817444	0.04344100000002982	epochs	3.0
941.9136891817444	0.04301069999996798	epochs	3.0
941.9566998817444	0.08476429999996071	epochs	2.0
941.9566998817444	0.04258900000002086	epochs	3.0
941.9992888817444	0.04217529999993985	epochs	3.0
942.0414641817443	0.08314150000001064	epochs	2.0
942.0414641817443	0.04176970000003166	epochs	3.0
942.0832338817444	0.041371799999978975	epochs	3.0
942.1246056817444	0.08157970000002024	epochs	2.0
942.1246056817444	0.04098140000007788	epochs	3.0
942.1655870817444	0.040598299999942355	epochs	3.0
942.2061853817444	0.08007550000002084	epochs	2.0
942.2061853817444	0.04022229999998217	epochs	3.0
942.2464076817444	0.03985320000003867	epochs	3.0
942.2862608817444	0.07862569999997504	epochs	2.0
942.2862608817444	0.0394907999999532	epochs	3.0
942.3257516817444	0.039134900000021844	epochs	3.0
942.3648865817444	0.07722760000001472	epochs	2.0
942.3648865817444	0.038785400000051595	epochs	3.0
942.4036719817444	0.03844219999996312	epochs	3.0
942.4421141817444	0.07587820000003376	epochs	2.0
942.4421141817444	0.038104800000041905	epochs	3.0
942.4802189817444	0.03777339999999185	epochs	3.0
942.5179923817444	0.07457519999991291	epochs	2.0
942.5179923817444	0.03744769999991604	epochs	3.0
942.5554400817443	0.03712749999999687	epochs	3.0
942.5925675817443	0.07331630000010136	epochs	2.0
942.5925675817443	0.0368129000000863	epochs	3.0
942.6293804817444	0.03650340000001506	epochs	3.0
942.6658838817444	0.07209899999998015	epochs	2.0
942.6658838817444	0.03619909999997617	epochs	3.0
942.7020829817444	0.03589990000000398	epochs	3.0
942.7379828817444	0.07092169999998532	epochs	2.0
942.7379828817444	0.03560559999993984	epochs	3.0
942.7735884817444	0.03531610000004548	epochs	3.0
942.8089045817444	0.06978200000003199	epochs	2.0
942.8089045817444	0.03503119999993487	epochs	3.0
942.8439357817443	0.034750800000097115	epochs	3.0
942.8786865817444	0.06867859999999837	epochs	2.0
942.8786865817444	0.03447510000000875	epochs	3.0
942.9131616817444	0.03420349999998962	epochs	3.0
942.9473651817444	0.06760929999995824	epochs	2.0
942.9473651817444	0.033936199999970995	epochs	3.0
942.9813013817444	0.033673099999987244	epochs	3.0
943.0149744817444	0.06657289999998284	epochs	2.0
943.0149744817444	0.03341399999999339	epochs	3.0
943.0483884817444	0.033158899999989444	epochs	3.0
943.0815473817444	0.06556780000005347	epochs	2.0
943.0815473817444	0.032907700000009754	epochs	3.0
943.1144550817444	0.03266010000004371	epochs	3.0
943.1471151817444	0.06459259999996902	epochs	2.0
943.1471151817444	0.032416399999988244	epochs	3.0
943.1795315817444	0.03217619999998078	epochs	3.0
943.2117077817444	0.0636459999999488	epochs	2.0
943.2117077817444	0.03193959999998697	epochs	3.0
943.2436473817444	0.03170639999996183	epochs	3.0
943.2753537817443	0.0627266999999847	epochs	2.0
943.2753537817443	0.03147660000001906	epochs	3.0
943.3068303817444	0.03125009999996564	epochs	3.0
943.3380804817443	0.06183359999999993	epochs	2.0
943.3380804817443	0.031026900000028945	epochs	3.0
943.3691073817444	0.030806699999970988	epochs	3.0
943.3999140817443	0.06096560000003137	epochs	2.0
943.3999140817443	0.030589800000029754	epochs	3.0
943.4305038817444	0.030375800000001618	epochs	3.0
943.4608796817444	0.06012160000000222	epochs	2.0
943.4608796817444	0.030164900000045236	epochs	3.0
943.4910445817444	0.02995669999995698	epochs	3.0
943.5210012817444	0.05930069999999432	epochs	2.0
943.5210012817444	0.029751600000054168	epochs	3.0
943.5507528817444	0.029549099999940154	epochs	3.0
943.5803019817444	0.05850180000004457	epochs	2.0
943.5803019817444	0.02934940000000097	epochs	3.0
943.6096513817444	0.0291524000000436	epochs	3.0
943.6388037817444	0.05772419999993872	epochs	2.0
943.6388037817444	0.028957999999988715	epochs	3.0
943.6677617817444	0.028766199999950004	epochs	3.0
943.6965279817443	0.05696710000006533	epochs	2.0
943.6965279817443	0.028577000000041153	epochs	3.0
943.7251049817444	0.028390100000024177	epochs	3.0
943.7534950817444	0.05622949999997218	epochs	2.0
943.7534950817444	0.028205699999944045	epochs	3.0
943.7817007817443	0.028023800000028132	epochs	3.0
943.8097245817444	0.05551070000001346	epochs	2.0
943.8097245817444	0.027843999999959124	epochs	3.0
943.8375685817443	0.027666700000054334	epochs	3.0
943.8652352817444	0.054810200000019904	epochs	2.0
943.8652352817444	0.02749149999999645	epochs	3.0
943.8927267817444	0.027318700000023455	epochs	3.0
943.9200454817444	0.05412699999999404	epochs	2.0
943.9200454817444	0.027147799999966082	epochs	3.0
943.9471932817444	0.02697920000002796	epochs	3.0
943.9741724817444	0.053460699999959616	epochs	2.0
943.9741724817444	0.0268125999999711	epochs	3.0
944.0009850817444	0.026648099999988517	epochs	3.0
944.0276331817444	0.05281070000000909	epochs	2.0
944.0276331817444	0.026485600000000886	epochs	3.0
944.0541187817444	0.026325100000008206	epochs	3.0
944.0804438817444	0.05217619999996259	epochs	2.0
944.0804438817444	0.026166399999965506	epochs	3.0
944.1066102817443	0.026009799999997085	epochs	3.0
944.1326200817443	0.051556699999991906	epochs	2.0
944.1326200817443	0.025854800000047362	epochs	3.0
944.1584748817444	0.025701899999944544	epochs	3.0
944.1841767817443	0.050951900000086425	epochs	2.0
944.1841767817443	0.02555070000005344	epochs	3.0
944.2097274817444	0.025401200000032986	epochs	3.0
944.2351286817444	0.05036099999995258	epochs	2.0
944.2351286817444	0.025253499999962514	epochs	3.0
944.2603821817444	0.02510749999999007	epochs	3.0
944.2854896817444	0.049783800000000156	epochs	2.0
944.2854896817444	0.02496320000000196	epochs	3.0
944.3104528817444	0.024820599999998194	epochs	3.0
944.3352734817444	0.049219500000049266	epochs	2.0
944.3352734817444	0.024679399999968155	epochs	3.0
944.3599528817443	0.02454010000008111	epochs	3.0
944.3844929817444	0.048667899999941255	epochs	2.0
944.3844929817444	0.02440209999997478	epochs	3.0
944.4088950817444	0.024265799999966475	epochs	3.0
944.4331608817444	0.04812860000004093	epochs	2.0
944.4331608817444	0.024131000000011227	epochs	3.0
944.4572918817444	0.023997600000029706	epochs	3.0
944.4812894817444	0.04760109999995166	epochs	2.0
944.4812894817444	0.023865799999953197	epochs	3.0
944.5051552817444	0.02373529999999846	epochs	3.0
944.5288905817443	0.047085000000038235	epochs	2.0
944.5288905817443	0.023606299999983094	epochs	3.0
944.5524968817443	0.02347870000005514	epochs	3.0
944.5759755817444	0.046579999999948996	epochs	2.0
944.5759755817444	0.02335249999998723	epochs	3.0
944.5993280817444	0.023227499999961765	epochs	3.0
944.6225555817443	0.046085700000048746	epochs	2.0
944.6225555817443	0.023104000000103042	epochs	3.0
944.6456595817444	0.022981699999945704	epochs	3.0
944.6686412817444	0.045601799999985815	epochs	2.0
944.6686412817444	0.022860700000023826	epochs	3.0
944.6915019817444	0.02274109999996199	epochs	3.0
944.7142430817444	0.04512790000001132	epochs	2.0
944.7142430817444	0.022622500000011314	epochs	3.0
944.7368655817444	0.02250540000000001	epochs	3.0
944.7593709817444	0.044663799999966614	epochs	2.0
944.7593709817444	0.02238929999998618	epochs	3.0
944.7817602817444	0.022274499999980435	epochs	3.0
944.8040347817443	0.04420920000006845	epochs	2.0
944.8040347817443	0.022160800000051495	epochs	3.0
944.8261955817444	0.022048400000016954	epochs	3.0
944.8482439817444	0.04376359999992019	epochs	2.0
944.8482439817444	0.021936900000014248	epochs	3.0
944.8701808817444	0.02182669999990594	epochs	3.0
944.8920075817443	0.04332710000005591	epochs	2.0
944.8920075817443	0.02171760000010181	epochs	3.0
944.9137251817444	0.021609499999954096	epochs	3.0
944.9353346817444	0.04289900000003399	epochs	2.0
944.9353346817444	0.02150249999999687	epochs	3.0
944.9568371817444	0.021396500000037122	epochs	3.0
944.9782336817444	0.042479500000013104	epochs	2.0
944.9782336817444	0.02129170000000613	epochs	3.0
944.9995253817444	0.021187800000006973	epochs	3.0
945.0207131817444	0.04206789999989269	epochs	2.0
945.0207131817444	0.021084899999891604	epochs	3.0
945.0417980817443	0.020983000000001084	epochs	3.0
945.0627810817443	0.04166440000005878	epochs	2.0
945.0627810817443	0.02088220000007368	epochs	3.0
945.0836632817444	0.020782199999985096	epochs	3.0
945.1044454817444	0.04126850000000104	epochs	2.0
945.1044454817444	0.020683299999973315	epochs	3.0
945.1251287817444	0.020585200000027726	epochs	3.0
945.1457139817444	0.04088000000001557	epochs	2.0
945.1457139817444	0.020488099999965925	epochs	3.0
945.1662020817444	0.020391900000049645	epochs	3.0
945.1865939817444	0.04049880000002304	epochs	2.0
945.1865939817444	0.020296599999937825	epochs	3.0
945.2068905817443	0.020202200000085213	epochs	3.0
945.2270927817444	0.040124599999899146	epochs	2.0
945.2270927817444	0.020108699999923374	epochs	3.0
945.2472014817444	0.020015899999975773	epochs	3.0
945.2672173817443	0.03975730000001931	epochs	2.0
945.2672173817443	0.019924200000104975	epochs	3.0
945.2871415817444	0.01983309999991434	epochs	3.0
945.3069746817444	0.03939669999999751	epochs	2.0
945.3069746817444	0.01974300000006224	epochs	3.0
945.3267176817444	0.01965369999993527	epochs	3.0
945.3463713817443	0.039042400000084854	epochs	2.0
945.3463713817443	0.01956510000002254	epochs	3.0
945.3659364817444	0.019477300000062314	epochs	3.0
945.3854137817444	0.03869459999998526	epochs	2.0
945.3854137817444	0.01939039999990655	epochs	3.0
945.4048041817443	0.01930420000007871	epochs	3.0
945.4241083817444	0.03835289999994984	epochs	2.0
945.4241083817444	0.019218799999976	epochs	3.0
945.4433271817444	0.01913409999997384	epochs	3.0
945.4624612817444	0.03801720000001296	epochs	2.0
945.4624612817444	0.019050200000037876	epochs	3.0
945.4815114817444	0.018966999999975087	epochs	3.0
945.5004784817444	0.037687200000050325	epochs	2.0
945.5004784817444	0.01888450000001285	epochs	3.0
945.5193629817444	0.018802700000037476	epochs	3.0
945.5381656817444	0.03736309999999321	epochs	2.0
945.5381656817444	0.01872169999990092	epochs	3.0
945.5568873817443	0.01864140000009229	epochs	3.0
945.5755287817444	0.03704429999993408	epochs	2.0
945.5755287817444	0.01856159999999818	epochs	3.0
945.5940903817444	0.018482699999935903	epochs	3.0
945.6125730817444	0.0367310000000316	epochs	2.0
945.6125730817444	0.018404300000042895	epochs	3.0
945.6309773817444	0.018326699999988705	epochs	3.0
945.6493040817444	0.036422900000047775	epochs	2.0
945.6493040817444	0.018249599999990096	epochs	3.0
945.6675536817444	0.01817330000005768	epochs	3.0
945.6857269817444	0.03612009999994825	epochs	2.0
945.6857269817444	0.01809759999991911	epochs	3.0
945.7038245817444	0.01802250000002914	epochs	3.0
945.7218470817444	0.03582210000001851	epochs	2.0
945.7218470817444	0.017947899999967376	epochs	3.0
945.7397949817444	0.017874200000051133	epochs	3.0
945.7576691817444	0.03552899999999681	epochs	2.0
945.7576691817444	0.017800800000031813	epochs	3.0
945.7754699817444	0.017728199999965	epochs	3.0
945.7931981817444	0.03524070000003121	epochs	2.0
945.7931981817444	0.017656099999953767	epochs	3.0
945.8108542817444	0.017584600000077444	epochs	3.0
945.8284388817444	0.03495709999992869	epochs	2.0
945.8284388817444	0.01751369999999497	epochs	3.0
945.8459525817444	0.017443399999933717	epochs	3.0
945.8633959817444	0.03467790000001969	epochs	2.0
945.8633959817444	0.017373600000041733	epochs	3.0
945.8807695817444	0.017304299999977957	epochs	3.0
945.8980738817444	0.03440330000000813	epochs	2.0
945.8980738817444	0.01723570000001473	epochs	3.0
945.9153095817444	0.0171675999999934	epochs	3.0
945.9324771817444	0.03413279999995211	epochs	2.0
945.9324771817444	0.01709989999994832	epochs	3.0
945.9495770817443	0.017032900000003792	epochs	3.0
945.9666099817443	0.03386670000008962	epochs	2.0
945.9666099817443	0.01696640000000116	epochs	3.0
945.9835763817443	0.016900300000088464	epochs	3.0
946.0004766817444	0.03360459999998966	epochs	2.0
946.0004766817444	0.01683479999996962	epochs	3.0
946.0173114817444	0.01676980000002004	epochs	3.0
946.0340812817444	0.033346599999958926	epochs	2.0
946.0340812817444	0.016705300000012357	epochs	3.0
946.0507865817444	0.01664129999994657	epochs	3.0
946.0674278817444	0.03309249999995245	epochs	2.0
946.0674278817444	0.016577800000050047	epochs	3.0
946.0840056817444	0.016514699999902405	epochs	3.0
946.1005203817443	0.032842300000083924	epochs	2.0
946.1005203817443	0.01645220000000336	epochs	3.0
946.1169725817443	0.016390100000080565	epochs	3.0
946.1333626817444	0.03259570000000167	epochs	2.0
946.1333626817444	0.016328400000020338	epochs	3.0
946.1496910817444	0.016267299999981333	epochs	3.0
946.1659583817444	0.032352899999978035	epochs	2.0
946.1659583817444	0.01620659999991858	epochs	3.0
946.1821649817443	0.016146300000059455	epochs	3.0
946.1983112817444	0.03211369999996805	epochs	2.0
946.1983112817444	0.016086599999994178	epochs	3.0
946.2143978817444	0.01602709999997387	epochs	3.0
946.2304249817444	0.03187800000000607	epochs	2.0
946.2304249817444	0.015968199999974786	epochs	3.0
946.2463931817443	0.015909800000031282	epochs	3.0
946.2623029817444	0.031645700000012766	epochs	2.0
946.2623029817444	0.01585160000001906	epochs	3.0
946.2781545817444	0.015794099999993705	epochs	3.0
946.2939486817444	0.0314167000000225	epochs	2.0
946.2939486817444	0.015736700000047676	epochs	3.0
946.3096853817444	0.015679999999974825	epochs	3.0
946.3253653817444	0.031191100000000915	epochs	2.0
946.3253653817444	0.015623600000026272	epochs	3.0
946.3409889817444	0.015567499999974643	epochs	3.0
946.3565564817444	0.030968700000016725	epochs	2.0
946.3565564817444	0.015511999999944237	epochs	3.0
946.3720684817443	0.015456700000072487	epochs	3.0
946.3875251817444	0.030749499999956242	epochs	2.0
946.3875251817444	0.015401999999994587	epochs	3.0
946.4029271817444	0.015347499999961656	epochs	3.0
946.4182746817444	0.03053320000003623	epochs	2.0
946.4182746817444	0.015293400000018664	epochs	3.0
946.4335680817444	0.015239800000017567	epochs	3.0
946.4488078817444	0.030320099999926242	epochs	2.0
946.4488078817444	0.015186500000027081	epochs	3.0
946.4639943817444	0.015133599999899161	epochs	3.0
946.4791279817443	0.03010990000007041	epochs	2.0
946.4791279817443	0.015081000000009226	epochs	3.0
946.4942089817444	0.015028900000061185	epochs	3.0
946.5092378817444	0.029902499999934662	epochs	2.0
946.5092378817444	0.01497699999993074	epochs	3.0
946.5242148817443	0.014925500000003922	epochs	3.0
946.5391403817443	0.029698100000018712	epochs	2.0
946.5391403817443	0.014874400000053356	epochs	3.0
946.5540147817444	0.014823699999965356	epochs	3.0
946.5688384817444	0.02949630000000525	epochs	2.0
946.5688384817444	0.014773200000036013	epochs	3.0
946.5836116817444	0.014723099999969236	epochs	3.0
946.5983347817444	0.02929740000001857	epochs	2.0
946.5983347817444	0.014673399999992398	epochs	3.0
946.6130081817444	0.014624000000026172	epochs	3.0
946.6276321817444	0.029101100000048064	epochs	2.0
946.6276321817444	0.01457489999995687	epochs	3.0
946.6422070817443	0.014526200000091194	epochs	3.0
946.6567332817444	0.028907399999980044	epochs	2.0
946.6567332817444	0.014477699999929428	epochs	3.0
946.6712109817444	0.014429700000050616	epochs	3.0
946.6856406817444	0.028716199999962555	epochs	2.0
946.6856406817444	0.014381799999910072	epochs	3.0
946.7000224817443	0.014334400000052483	epochs	3.0
946.7143568817444	0.02852759999996124	epochs	2.0
946.7143568817444	0.01428720000001249	epochs	3.0
946.7286440817444	0.01424039999994875	epochs	3.0
946.7428844817443	0.028341400000044814	epochs	2.0
946.7428844817443	0.014193800000043666	epochs	3.0
946.7570782817444	0.014147600000001148	epochs	3.0
946.7712258817444	0.028157699999951546	epochs	2.0
946.7712258817444	0.014101699999969242	epochs	3.0
946.7853275817444	0.014055999999982305	epochs	3.0
946.7993835817443	0.027976300000091214	epochs	2.0
946.7993835817443	0.01401060000000598	epochs	3.0
946.8133941817443	0.013965700000085235	epochs	3.0
946.8273598817444	0.02779720000000907	epochs	2.0
946.8273598817444	0.013920799999937117	epochs	3.0
946.8412806817444	0.013876400000071953	epochs	3.0
946.8551570817444	0.027620399999932488	epochs	2.0
946.8551570817444	0.0138321999999107	epochs	3.0
946.8689892817443	0.013788200000021789	epochs	3.0
946.8827774817444	0.027445899999975154	epochs	2.0
946.8827774817444	0.013744599999995444	epochs	3.0
946.8965220817444	0.01370129999997971	epochs	3.0
946.9102233817443	0.0272735000000921	epochs	2.0
946.9102233817443	0.013658200000008947	epochs	3.0
946.9238815817444	0.013615300000083153	epochs	3.0
946.9374968817444	0.027103399999987232	epochs	2.0
946.9374968817444	0.013572799999906238	epochs	3.0
946.9510696817443	0.013530600000080995	epochs	3.0
946.9646002817444	0.026935199999911674	epochs	2.0
946.9646002817444	0.01348839999991469	epochs	3.0
946.9780886817443	0.013446799999996983	epochs	3.0
946.9915354817443	0.02676920000010341	epochs	2.0
946.9915354817443	0.013405200000079276	epochs	3.0
947.0049406817444	0.013364000000024134	epochs	3.0
947.0183046817444	0.026605199999949036	epochs	2.0
947.0183046817444	0.013322899999934634	epochs	3.0
947.0316275817444	0.013282300000014402	epochs	3.0
947.0449098817444	0.026443200000016986	epochs	2.0
947.0449098817444	0.013241699999980483	epochs	3.0
947.0581515817444	0.013201500000036503	epochs	3.0
947.0713530817444	0.0262831999999662	epochs	2.0
947.0713530817444	0.013161500000023807	epochs	3.0
947.0845145817444	0.013121699999942393	epochs	3.0
947.0976362817444	0.02612499999997908	epochs	2.0
947.0976362817444	0.013082100000019636	epochs	3.0
947.1107183817444	0.013042899999959445	epochs	3.0
947.1237612817444	0.025968900000066242	epochs	2.0
947.1237612817444	0.01300390000005791	epochs	3.0
947.1367651817444	0.012965000000008331	epochs	3.0
947.1497301817444	0.025814500000024054	epochs	2.0
947.1497301817444	0.012926399999969362	epochs	3.0
947.1626565817444	0.012888100000054692	epochs	3.0
947.1755446817444	0.025661899999931848	epochs	2.0
947.1755446817444	0.012849899999991976	epochs	3.0
947.1883945817444	0.012811999999939871	epochs	3.0
947.2012065817444	0.025511199999982637	epochs	2.0
947.2012065817444	0.012774400000012065	epochs	3.0
947.2139809817444	0.012736799999970572	epochs	3.0
947.2267177817444	0.025362299999983406	epochs	2.0
947.2267177817444	0.01269969999998466	epochs	3.0
947.2394174817443	0.012662599999998747	epochs	3.0
947.2520800817443	0.025215000000002874	epochs	2.0
947.2520800817443	0.012625800000023446	epochs	3.0
947.2647058817444	0.012589199999979428	epochs	3.0
947.2772950817443	0.024584800000070572	epochs	2.0
947.3013205817443	0.5	epochs	-1.0
947.3018798817444	0.5172799999999143	epochs	1.0
947.8191598817443	0.48264000000006035	epochs	0.0
966.4210000038147	0.1028800000000274	epochs	0.0
966.4210000038147	0.0464399999999614	epochs	1.0
966.4674400038147	0.009999999999990905	epochs	1.0
966.4774400038146	0.04644000000007509	epochs	1.0
966.5238800038147	2.0	epochs	0.0
968.5238800038147	5.396799999999985	epochs	0.0
968.5238800038147	1.0	epochs	1.0
968.5238807038147	0.5	epochs	-1.0
969.0238807038147	4.896799299999998	epochs	-1.0
969.5238800038147	4.396799999999985	epochs	1.0
969.5238800038147	4.356753899999944	epochs	-1.0
969.5238800038147	1.9745871999999736	epochs	2.0
969.5238800038147	1.0985621999999466	epochs	3.0
970.6224422038147	0.8760250000000269	epochs	3.0
971.4984672038147	1.3524075000000266	epochs	2.0
971.4984672038147	0.7286354999999958	epochs	3.0
972.2271027038147	0.6237720000000309	epochs	3.0
972.8508747038147	1.029759199999944	epochs	2.0
972.8508747038147	0.5453292999999348	epochs	3.0
973.3962040038147	0.4844299000000092	epochs	3.0
973.8806339038147	0.040046100000040497	epochs	2.0
973.8806339038147	0.040046100000040497	epochs	3.0
973.9206800038147	16.60311999999999	epochs	0.0
974.856999874115	0.1028800000000274	epochs	0.0
974.856999874115	0.0464399999999614	epochs	1.0
974.903439874115	0.009999999999990905	epochs	1.0
974.9134398741149	0.04644000000007509	epochs	1.0
974.959879874115	2.0	epochs	0.0
976.959879874115	5.396160000000009	epochs	0.0
976.959879874115	1.0	epochs	1.0
976.959880574115	0.5	epochs	-1.0
977.459880574115	4.896159300000022	epochs	-1.0
977.959879874115	4.396160000000009	epochs	1.0
977.959879874115	4.356753899999944	epochs	-1.0
977.959879874115	1.9745871999999736	epochs	2.0
977.959879874115	1.0985621999999466	epochs	3.0
979.058442074115	0.8760250000000269	epochs	3.0
979.934467074115	1.3524075000000266	epochs	2.0
979.934467074115	0.7286354999999958	epochs	3.0
980.663102574115	0.6237720000000309	epochs	3.0
981.286874574115	1.029759199999944	epochs	2.0
981.286874574115	0.5453292999999348	epochs	3.0
981.832203874115	0.4844299000000092	epochs	3.0
982.316633774115	0.039406100000064725	epochs	2.0
982.316633774115	0.039406100000064725	epochs	3.0
982.356039874115	16.603759999999966	epochs	0.0
983.3020000457764	0.1028800000000274	epochs	0.0
983.3020000457764	0.0464399999999614	epochs	1.0
983.3484400457763	0.009999999999990905	epochs	1.0
983.3584400457763	0.04644000000007509	epochs	1.0
983.4048800457764	2.0	epochs	0.0
985.4048800457764	0.5565599999999904	epochs	0.0
985.4048800457764	0.5565599999999904	epochs	1.0
985.4048807457764	0.5	epochs	-1.0
985.9048807457764	0.05655930000000353	epochs	-1.0
985.9614400457764	21.443359999999984	epochs	0.0
987.1100001335144	0.1028800000000274	epochs	0.0
987.1100001335144	0.0464399999999614	epochs	1.0
987.1564401335144	0.009999999999990905	epochs	1.0
987.1664401335144	0.04644000000007509	epochs	1.0
987.2128801335144	2.0	epochs	0.0
989.2128801335144	0.5168800000000147	epochs	0.0
989.2128801335144	0.5168800000000147	epochs	1.0
989.2128808335144	0.5	epochs	-1.0
989.7128808335144	0.016879300000027797	epochs	-1.0
989.7297601335144	21.48303999999996	epochs	0.0
990.9320001602173	0.1028800000000274	epochs	0.0
990.9320001602173	0.0464399999999614	epochs	1.0
990.9784401602172	0.009999999999990905	epochs	1.0
990.9884401602172	0.04644000000007509	epochs	1.0
991.0348801602173	2.0	epochs	0.0
993.0348801602173	21.516719999999964	epochs	0.0
993.0348801602173	1.0	epochs	1.0
993.0348808602173	0.5	epochs	-1.0
993.5348808602173	19.999040000000036	epochs	-1.0
994.0348801602173	20.0	epochs	1.0
994.0348801602173	4.356753899999944	epochs	-1.0
994.0348801602173	1.9745871999999736	epochs	2.0
994.0348801602173	1.0985621999999466	epochs	3.0
995.1334423602173	0.8760250000000269	epochs	3.0
996.0094673602173	1.3524075000000266	epochs	2.0
996.0094673602173	0.7286354999999958	epochs	3.0
996.7381028602173	0.6237720000000309	epochs	3.0
997.3618748602173	1.029759199999944	epochs	2.0
997.3618748602173	0.5453292999999348	epochs	3.0
997.9072041602172	0.4844299000000092	epochs	3.0
998.3916340602173	0.8317862000000105	epochs	2.0
998.3916340602173	0.4357763000000432	epochs	3.0
998.8274103602173	0.3960098999999673	epochs	3.0
999.2234202602173	0.6977970000000369	epochs	2.0
999.2234202602173	0.3628982000000178	epochs	3.0
999.5863184602173	0.33489880000001904	epochs	3.0
999.9212172602173	0.601045699999986	epochs	2.0
999.9212172602173	0.3109122999999272	epochs	3.0
1000.2321295602172	0.2901334000000588	epochs	3.0
1000.5222629602173	0.5278859000000011	epochs	2.0
1000.5222629602173	0.2719585999999481	epochs	3.0
1000.7942215602172	0.25592730000005304	epochs	3.0
1001.0501488602173	0.470619299999953	epochs	2.0
1001.0501488602173	0.241681299999982	epochs	3.0
1001.2918301602173	0.228937999999971	epochs	3.0
1001.5207681602172	0.42457039999999324	epochs	2.0
1001.5207681602172	0.21747140000002219	epochs	3.0
1001.7382395602173	0.20709899999997106	epochs	3.0
1001.9453385602172	0.3867354000000205	epochs	2.0
1001.9453385602172	0.19767110000009325	epochs	3.0
1002.1430096602173	0.18906429999992724	epochs	3.0
1002.3320739602173	0.3550953000000163	epochs	2.0
1002.3320739602173	0.18117589999997108	epochs	3.0
1002.5132498602172	0.17391940000004524	epochs	3.0
1002.6871692602173	0.3282431000000088	epochs	2.0
1002.6871692602173	0.16722189999995862	epochs	3.0
1002.8543911602172	0.16102120000005016	epochs	3.0
1003.0154123602173	0.30516799999998057	epochs	2.0
1003.0154123602173	0.15526390000002266	epochs	3.0
1003.1706762602173	0.1499040999999579	epochs	3.0
1003.3205803602173	0.28512530000000424	epochs	2.0
1003.3205803602173	0.1449020999999675	epochs	3.0
1003.4654824602172	0.14022320000003674	epochs	3.0
1003.6057056602173	0.2675537999999733	epochs	2.0
1003.6057056602173	0.1358369000000721	epochs	3.0
1003.7415425602173	0.13171689999990122	epochs	3.0
1003.8732594602172	0.2520229000000427	epochs	2.0
1003.8732594602172	0.1278393000000051	epochs	3.0
1004.0010987602172	0.12418360000003759	epochs	3.0
1004.1252823602173	0.23819649999995818	epochs	2.0
1004.1252823602173	0.12073109999994358	epochs	3.0
1004.2460134602172	0.1174654000000146	epochs	3.0
1004.3634788602172	0.2258088000000953	epochs	2.0
1004.3634788602172	0.11437190000003739	epochs	3.0
1004.4778507602173	0.1114369000000579	epochs	3.0
1004.5892876602173	0.21464599999990241	epochs	2.0
1004.5892876602173	0.10864889999993466	epochs	3.0
1004.6979365602173	0.10599709999996776	epochs	3.0
1004.8039336602172	0.20453500000007807	epochs	2.0
1004.8039336602172	0.10347150000006877	epochs	3.0
1004.9074051602173	0.1010635000000093	epochs	3.0
1005.0084686602173	0.19533400000000256	epochs	2.0
1005.0084686602173	0.09876509999992322	epochs	3.0
1005.1072337602172	0.09656890000007934	epochs	3.0
1005.2038026602173	0.18692529999998442	epochs	2.0
1005.2038026602173	0.09446830000001682	epochs	3.0
1005.2982709602173	0.09245699999996759	epochs	3.0
1005.3907279602173	0.17921069999999872	epochs	2.0
1005.3907279602173	0.09052959999996801	epochs	3.0
1005.4812575602173	0.08868110000003071	epochs	3.0
1005.5699386602173	0.17210769999996955	epochs	2.0
1005.5699386602173	0.08690630000000965	epochs	3.0
1005.6568449602173	0.0852013999999599	epochs	3.0
1005.7420463602173	0.16554640000003928	epochs	2.0
1005.7420463602173	0.08356190000006336	epochs	3.0
1005.8256082602173	0.08198449999997592	epochs	3.0
1005.9075927602173	0.15946710000002895	epochs	2.0
1005.9075927602173	0.08046539999998004	epochs	3.0
1005.9880581602173	0.07900170000004891	epochs	3.0
1006.0670598602173	0.15381839999997737	epochs	2.0
1006.0670598602173	0.07759009999995214	epochs	3.0
1006.1446499602173	0.07622830000002523	epochs	3.0
1006.2208782602173	0.14855639999996129	epochs	2.0
1006.2208782602173	0.07491329999993468	epochs	3.0
1006.2957915602173	0.0736431000000266	epochs	3.0
1006.3694346602173	0.14364239999997608	epochs	2.0
1006.3694346602173	0.07241499999997814	epochs	3.0
1006.4418496602173	0.07122739999999794	epochs	3.0
1006.5130770602173	0.13904309999998077	epochs	2.0
1006.5130770602173	0.07007800000008046	epochs	3.0
1006.5831550602173	0.0689650999999003	epochs	3.0
1006.6521201602172	0.1347293000000036	epochs	2.0
1006.6521201602172	0.0678871000000072	epochs	3.0
1006.7200072602172	0.06684219999999641	epochs	3.0
1006.7868494602172	0.1306752000000415	epochs	2.0
1006.7868494602172	0.06582910000008724	epochs	3.0
1006.8526785602173	0.06484609999995428	epochs	3.0
1006.9175246602173	0.12685780000003888	epochs	2.0
1006.9175246602173	0.06389200000000983	epochs	3.0
1006.9814166602173	0.06296580000002905	epochs	3.0
1007.0443824602173	0.12325720000001184	epochs	2.0
1007.0443824602173	0.062065799999913907	epochs	3.0
1007.1064482602172	0.06119140000009793	epochs	3.0
1007.1676396602173	0.11985540000000583	epochs	2.0
1007.1676396602173	0.060341099999959624	epochs	3.0
1007.2279807602173	0.059514300000046205	epochs	3.0
1007.2874950602173	0.1166361999999026	epochs	2.0
1007.2874950602173	0.058709599999929196	epochs	3.0
1007.3462046602173	0.057926599999973405	epochs	3.0
1007.4041312602172	0.11358560000007856	epochs	2.0
1007.4041312602172	0.05716420000010203	epochs	3.0
1007.4612954602173	0.05642139999997653	epochs	3.0
1007.5177168602173	0.11069049999991876	epochs	2.0
1007.5177168602173	0.05569789999992736	epochs	3.0
1007.5734147602172	0.0549925999999914	epochs	3.0
1007.6284073602172	0.1079391000000669	epochs	2.0
1007.6284073602172	0.05430490000003374	epochs	3.0
1007.6827122602173	0.05363420000003316	epochs	3.0
1007.7363464602173	0.10532149999994544	epochs	2.0
1007.7363464602173	0.05297999999993408	epochs	3.0
1007.7893264602172	0.052341500000011365	epochs	3.0
1007.8416679602173	0.10282760000006874	epochs	2.0
1007.8416679602173	0.05171810000001642	epochs	3.0
1007.8933860602173	0.05110950000005232	epochs	3.0
1007.9444955602173	0.10044909999999163	epochs	2.0
1007.9444955602173	0.05051489999993919	epochs	3.0
1007.9950104602173	0.04993420000005244	epochs	3.0
1008.0449446602173	0.0981782999999723	epochs	2.0
1008.0449446602173	0.04936659999998483	epochs	3.0
1008.0943112602173	0.04881169999998747	epochs	3.0
1008.1431229602173	0.09600780000005216	epochs	2.0
1008.1431229602173	0.04826920000004975	epochs	3.0
1008.1913921602173	0.04773860000000241	epochs	3.0
1008.2391307602173	0.09393119999992905	epochs	2.0
1008.2391307602173	0.04721949999998287	epochs	3.0
1008.2863502602173	0.04671169999994618	epochs	3.0
1008.3330619602173	0.09194260000003851	epochs	2.0
1008.3330619602173	0.046214599999984785	epochs	3.0
1008.3792765602172	0.045728000000053726	epochs	3.0
1008.4250045602173	0.09003629999995155	epochs	2.0
1008.4250045602173	0.045251499999949374	epochs	3.0
1008.4702560602173	0.04478480000000218	epochs	3.0
1008.5150408602173	0.08820760000003247	epochs	2.0
1008.5150408602173	0.044327800000019124	epochs	3.0
1008.5593686602173	0.04387980000001335	epochs	3.0
1008.6032484602173	0.0864516999999978	epochs	2.0
1008.6032484602173	0.04344100000002982	epochs	3.0
1008.6466894602173	0.04301069999996798	epochs	3.0
1008.6897001602173	0.08476429999996071	epochs	2.0
1008.6897001602173	0.04258900000002086	epochs	3.0
1008.7322891602173	0.04217529999993985	epochs	3.0
1008.7744644602172	0.08314150000001064	epochs	2.0
1008.7744644602172	0.04176970000003166	epochs	3.0
1008.8162341602173	0.041371799999978975	epochs	3.0
1008.8576059602173	0.08157970000002024	epochs	2.0
1008.8576059602173	0.04098140000007788	epochs	3.0
1008.8985873602173	0.040598299999942355	epochs	3.0
1008.9391856602173	0.08007550000002084	epochs	2.0
1008.9391856602173	0.04022229999998217	epochs	3.0
1008.9794079602173	0.03985320000003867	epochs	3.0
1009.0192611602173	0.07862569999997504	epochs	2.0
1009.0192611602173	0.0394907999999532	epochs	3.0
1009.0587519602173	0.039134900000021844	epochs	3.0
1009.0978868602173	0.07722760000001472	epochs	2.0
1009.0978868602173	0.038785400000051595	epochs	3.0
1009.1366722602173	0.03844219999996312	epochs	3.0
1009.1751144602173	0.07587820000003376	epochs	2.0
1009.1751144602173	0.038104800000041905	epochs	3.0
1009.2132192602173	0.03777339999999185	epochs	3.0
1009.2509926602173	0.07457519999991291	epochs	2.0
1009.2509926602173	0.03744769999991604	epochs	3.0
1009.2884403602172	0.03712749999999687	epochs	3.0
1009.3255678602172	0.07331630000010136	epochs	2.0
1009.3255678602172	0.0368129000000863	epochs	3.0
1009.3623807602173	0.03650340000001506	epochs	3.0
1009.3988841602173	0.07209899999998015	epochs	2.0
1009.3988841602173	0.03619909999997617	epochs	3.0
1009.4350832602173	0.03589990000000398	epochs	3.0
1009.4709831602173	0.07092169999998532	epochs	2.0
1009.4709831602173	0.03560559999993984	epochs	3.0
1009.5065887602173	0.03531610000004548	epochs	3.0
1009.5419048602173	0.06978200000003199	epochs	2.0
1009.5419048602173	0.03503119999993487	epochs	3.0
1009.5769360602172	0.034750800000097115	epochs	3.0
1009.6116868602173	0.06867859999999837	epochs	2.0
1009.6116868602173	0.03447510000000875	epochs	3.0
1009.6461619602173	0.03420349999998962	epochs	3.0
1009.6803654602173	0.06760929999995824	epochs	2.0
1009.6803654602173	0.033936199999970995	epochs	3.0
1009.7143016602173	0.033673099999987244	epochs	3.0
1009.7479747602173	0.06657289999998284	epochs	2.0
1009.7479747602173	0.03341399999999339	epochs	3.0
1009.7813887602173	0.033158899999989444	epochs	3.0
1009.8145476602173	0.06556780000005347	epochs	2.0
1009.8145476602173	0.032907700000009754	epochs	3.0
1009.8474553602173	0.03266010000004371	epochs	3.0
1009.8801154602173	0.06459259999996902	epochs	2.0
1009.8801154602173	0.032416399999988244	epochs	3.0
1009.9125318602173	0.03217619999998078	epochs	3.0
1009.9447080602173	0.0636459999999488	epochs	2.0
1009.9447080602173	0.03193959999998697	epochs	3.0
1009.9766476602173	0.03170639999996183	epochs	3.0
1010.0083540602172	0.0627266999999847	epochs	2.0
1010.0083540602172	0.03147660000001906	epochs	3.0
1010.0398306602173	0.03125009999996564	epochs	3.0
1010.0710807602172	0.06183359999999993	epochs	2.0
1010.0710807602172	0.031026900000028945	epochs	3.0
1010.1021076602173	0.030806699999970988	epochs	3.0
1010.1329143602172	0.06096560000003137	epochs	2.0
1010.1329143602172	0.030589800000029754	epochs	3.0
1010.1635041602173	0.030375800000001618	epochs	3.0
1010.1938799602173	0.06012160000000222	epochs	2.0
1010.1938799602173	0.030164900000045236	epochs	3.0
1010.2240448602173	0.02995669999995698	epochs	3.0
1010.2540015602173	0.05930069999999432	epochs	2.0
1010.2540015602173	0.029751600000054168	epochs	3.0
1010.2837531602173	0.029549099999940154	epochs	3.0
1010.3133022602173	0.05850180000004457	epochs	2.0
1010.3133022602173	0.02934940000000097	epochs	3.0
1010.3426516602173	0.0291524000000436	epochs	3.0
1010.3718040602173	0.05772419999993872	epochs	2.0
1010.3718040602173	0.028957999999988715	epochs	3.0
1010.4007620602173	0.028766199999950004	epochs	3.0
1010.4295282602172	0.05696710000006533	epochs	2.0
1010.4295282602172	0.028577000000041153	epochs	3.0
1010.4581052602173	0.028390100000024177	epochs	3.0
1010.4864953602173	0.05622949999997218	epochs	2.0
1010.4864953602173	0.028205699999944045	epochs	3.0
1010.5147010602172	0.028023800000028132	epochs	3.0
1010.5427248602173	0.05551070000001346	epochs	2.0
1010.5427248602173	0.027843999999959124	epochs	3.0
1010.5705688602172	0.027666700000054334	epochs	3.0
1010.5982355602173	0.054810200000019904	epochs	2.0
1010.5982355602173	0.02749149999999645	epochs	3.0
1010.6257270602173	0.027318700000023455	epochs	3.0
1010.6530457602173	0.05412699999999404	epochs	2.0
1010.6530457602173	0.027147799999966082	epochs	3.0
1010.6801935602173	0.02697920000002796	epochs	3.0
1010.7071727602173	0.053460699999959616	epochs	2.0
1010.7071727602173	0.0268125999999711	epochs	3.0
1010.7339853602173	0.026648099999988517	epochs	3.0
1010.7606334602173	0.05281070000000909	epochs	2.0
1010.7606334602173	0.026485600000000886	epochs	3.0
1010.7871190602173	0.026325100000008206	epochs	3.0
1010.8134441602173	0.05217619999996259	epochs	2.0
1010.8134441602173	0.026166399999965506	epochs	3.0
1010.8396105602172	0.026009799999997085	epochs	3.0
1010.8656203602172	0.051556699999991906	epochs	2.0
1010.8656203602172	0.025854800000047362	epochs	3.0
1010.8914751602173	0.025701899999944544	epochs	3.0
1010.9171770602172	0.050951900000086425	epochs	2.0
1010.9171770602172	0.02555070000005344	epochs	3.0
1010.9427277602173	0.025401200000032986	epochs	3.0
1010.9681289602173	0.05036099999995258	epochs	2.0
1010.9681289602173	0.025253499999962514	epochs	3.0
1010.9933824602173	0.02510749999999007	epochs	3.0
1011.0184899602173	0.049783800000000156	epochs	2.0
1011.0184899602173	0.02496320000000196	epochs	3.0
1011.0434531602173	0.024820599999998194	epochs	3.0
1011.0682737602173	0.049219500000049266	epochs	2.0
1011.0682737602173	0.024679399999968155	epochs	3.0
1011.0929531602172	0.02454010000008111	epochs	3.0
1011.1174932602173	0.048667899999941255	epochs	2.0
1011.1174932602173	0.02440209999997478	epochs	3.0
1011.1418953602173	0.024265799999966475	epochs	3.0
1011.1661611602173	0.04812860000004093	epochs	2.0
1011.1661611602173	0.024131000000011227	epochs	3.0
1011.1902921602173	0.023997600000029706	epochs	3.0
1011.2142897602173	0.04760109999995166	epochs	2.0
1011.2142897602173	0.023865799999953197	epochs	3.0
1011.2381555602173	0.02373529999999846	epochs	3.0
1011.2618908602172	0.047085000000038235	epochs	2.0
1011.2618908602172	0.023606299999983094	epochs	3.0
1011.2854971602172	0.02347870000005514	epochs	3.0
1011.3089758602173	0.046579999999948996	epochs	2.0
1011.3089758602173	0.02335249999998723	epochs	3.0
1011.3323283602173	0.023227499999961765	epochs	3.0
1011.3555558602172	0.046085700000048746	epochs	2.0
1011.3555558602172	0.023104000000103042	epochs	3.0
1011.3786598602173	0.022981699999945704	epochs	3.0
1011.4016415602173	0.045601799999985815	epochs	2.0
1011.4016415602173	0.022860700000023826	epochs	3.0
1011.4245022602173	0.02274109999996199	epochs	3.0
1011.4472433602173	0.04512790000001132	epochs	2.0
1011.4472433602173	0.022622500000011314	epochs	3.0
1011.4698658602173	0.02250540000000001	epochs	3.0
1011.4923712602173	0.044663799999966614	epochs	2.0
1011.4923712602173	0.02238929999998618	epochs	3.0
1011.5147605602173	0.022274499999980435	epochs	3.0
1011.5370350602172	0.04420920000006845	epochs	2.0
1011.5370350602172	0.022160800000051495	epochs	3.0
1011.5591958602173	0.022048400000016954	epochs	3.0
1011.5812442602173	0.04376359999992019	epochs	2.0
1011.5812442602173	0.021936900000014248	epochs	3.0
1011.6031811602173	0.02182669999990594	epochs	3.0
1011.6250078602172	0.04332710000005591	epochs	2.0
1011.6250078602172	0.02171760000010181	epochs	3.0
1011.6467254602173	0.021609499999954096	epochs	3.0
1011.6683349602173	0.04289900000003399	epochs	2.0
1011.6683349602173	0.02150249999999687	epochs	3.0
1011.6898374602173	0.021396500000037122	epochs	3.0
1011.7112339602173	0.042479500000013104	epochs	2.0
1011.7112339602173	0.02129170000000613	epochs	3.0
1011.7325256602173	0.021187800000006973	epochs	3.0
1011.7537134602173	0.04206789999989269	epochs	2.0
1011.7537134602173	0.021084899999891604	epochs	3.0
1011.7747983602172	0.020983000000001084	epochs	3.0
1011.7957813602172	0.04166440000005878	epochs	2.0
1011.7957813602172	0.02088220000007368	epochs	3.0
1011.8166635602173	0.020782199999985096	epochs	3.0
1011.8374457602173	0.04126850000000104	epochs	2.0
1011.8374457602173	0.020683299999973315	epochs	3.0
1011.8581290602173	0.020585200000027726	epochs	3.0
1011.8787142602173	0.04088000000001557	epochs	2.0
1011.8787142602173	0.020488099999965925	epochs	3.0
1011.8992023602173	0.020391900000049645	epochs	3.0
1011.9195942602173	0.04049880000002304	epochs	2.0
1011.9195942602173	0.020296599999937825	epochs	3.0
1011.9398908602172	0.020202200000085213	epochs	3.0
1011.9600930602173	0.040124599999899146	epochs	2.0
1011.9600930602173	0.020108699999923374	epochs	3.0
1011.9802017602173	0.020015899999975773	epochs	3.0
1012.0002176602172	0.03975730000001931	epochs	2.0
1012.0002176602172	0.019924200000104975	epochs	3.0
1012.0201418602173	0.01983309999991434	epochs	3.0
1012.0399749602173	0.03939669999999751	epochs	2.0
1012.0399749602173	0.01974300000006224	epochs	3.0
1012.0597179602173	0.01965369999993527	epochs	3.0
1012.0793716602172	0.039042400000084854	epochs	2.0
1012.0793716602172	0.01956510000002254	epochs	3.0
1012.0989367602173	0.019477300000062314	epochs	3.0
1012.1184140602173	0.03869459999998526	epochs	2.0
1012.1184140602173	0.01939039999990655	epochs	3.0
1012.1378044602172	0.01930420000007871	epochs	3.0
1012.1571086602173	0.03835289999994984	epochs	2.0
1012.1571086602173	0.019218799999976	epochs	3.0
1012.1763274602173	0.01913409999997384	epochs	3.0
1012.1954615602173	0.03801720000001296	epochs	2.0
1012.1954615602173	0.019050200000037876	epochs	3.0
1012.2145117602173	0.018966999999975087	epochs	3.0
1012.2334787602173	0.037687200000050325	epochs	2.0
1012.2334787602173	0.01888450000001285	epochs	3.0
1012.2523632602173	0.018802700000037476	epochs	3.0
1012.2711659602173	0.03736309999999321	epochs	2.0
1012.2711659602173	0.01872169999990092	epochs	3.0
1012.2898876602172	0.01864140000009229	epochs	3.0
1012.3085290602173	0.03704429999993408	epochs	2.0
1012.3085290602173	0.01856159999999818	epochs	3.0
1012.3270906602173	0.018482699999935903	epochs	3.0
1012.3455733602173	0.0367310000000316	epochs	2.0
1012.3455733602173	0.018404300000042895	epochs	3.0
1012.3639776602173	0.018326699999988705	epochs	3.0
1012.3823043602173	0.036422900000047775	epochs	2.0
1012.3823043602173	0.018249599999990096	epochs	3.0
1012.4005539602173	0.01817330000005768	epochs	3.0
1012.4187272602173	0.03612009999994825	epochs	2.0
1012.4187272602173	0.01809759999991911	epochs	3.0
1012.4368248602173	0.01802250000002914	epochs	3.0
1012.4548473602173	0.03582210000001851	epochs	2.0
1012.4548473602173	0.017947899999967376	epochs	3.0
1012.4727952602173	0.017874200000051133	epochs	3.0
1012.4906694602173	0.03552899999999681	epochs	2.0
1012.4906694602173	0.017800800000031813	epochs	3.0
1012.5084702602173	0.017728199999965	epochs	3.0
1012.5261984602173	0.03524070000003121	epochs	2.0
1012.5261984602173	0.017656099999953767	epochs	3.0
1012.5438545602173	0.017584600000077444	epochs	3.0
1012.5614391602173	0.03495709999992869	epochs	2.0
1012.5614391602173	0.01751369999999497	epochs	3.0
1012.5789528602173	0.017443399999933717	epochs	3.0
1012.5963962602173	0.03467790000001969	epochs	2.0
1012.5963962602173	0.017373600000041733	epochs	3.0
1012.6137698602173	0.017304299999977957	epochs	3.0
1012.6310741602173	0.03440330000000813	epochs	2.0
1012.6310741602173	0.01723570000001473	epochs	3.0
1012.6483098602173	0.0171675999999934	epochs	3.0
1012.6654774602173	0.03413279999995211	epochs	2.0
1012.6654774602173	0.01709989999994832	epochs	3.0
1012.6825773602172	0.017032900000003792	epochs	3.0
1012.6996102602172	0.03386670000008962	epochs	2.0
1012.6996102602172	0.01696640000000116	epochs	3.0
1012.7165766602172	0.016900300000088464	epochs	3.0
1012.7334769602173	0.03360459999998966	epochs	2.0
1012.7334769602173	0.01683479999996962	epochs	3.0
1012.7503117602173	0.01676980000002004	epochs	3.0
1012.7670815602173	0.033346599999958926	epochs	2.0
1012.7670815602173	0.016705300000012357	epochs	3.0
1012.7837868602173	0.01664129999994657	epochs	3.0
1012.8004281602173	0.03309249999995245	epochs	2.0
1012.8004281602173	0.016577800000050047	epochs	3.0
1012.8170059602173	0.016514699999902405	epochs	3.0
1012.8335206602172	0.032842300000083924	epochs	2.0
1012.8335206602172	0.01645220000000336	epochs	3.0
1012.8499728602172	0.016390100000080565	epochs	3.0
1012.8663629602173	0.03259570000000167	epochs	2.0
1012.8663629602173	0.016328400000020338	epochs	3.0
1012.8826913602173	0.016267299999981333	epochs	3.0
1012.8989586602173	0.032352899999978035	epochs	2.0
1012.8989586602173	0.01620659999991858	epochs	3.0
1012.9151652602172	0.016146300000059455	epochs	3.0
1012.9313115602173	0.03211369999996805	epochs	2.0
1012.9313115602173	0.016086599999994178	epochs	3.0
1012.9473981602173	0.01602709999997387	epochs	3.0
1012.9634252602173	0.03187800000000607	epochs	2.0
1012.9634252602173	0.015968199999974786	epochs	3.0
1012.9793934602172	0.015909800000031282	epochs	3.0
1012.9953032602173	0.031645700000012766	epochs	2.0
1012.9953032602173	0.01585160000001906	epochs	3.0
1013.0111548602173	0.015794099999993705	epochs	3.0
1013.0269489602173	0.0314167000000225	epochs	2.0
1013.0269489602173	0.015736700000047676	epochs	3.0
1013.0426856602173	0.015679999999974825	epochs	3.0
1013.0583656602173	0.031191100000000915	epochs	2.0
1013.0583656602173	0.015623600000026272	epochs	3.0
1013.0739892602173	0.015567499999974643	epochs	3.0
1013.0895567602173	0.030968700000016725	epochs	2.0
1013.0895567602173	0.015511999999944237	epochs	3.0
1013.1050687602173	0.015456700000072487	epochs	3.0
1013.1205254602173	0.030749499999956242	epochs	2.0
1013.1205254602173	0.015401999999994587	epochs	3.0
1013.1359274602173	0.015347499999961656	epochs	3.0
1013.1512749602173	0.03053320000003623	epochs	2.0
1013.1512749602173	0.015293400000018664	epochs	3.0
1013.1665683602173	0.015239800000017567	epochs	3.0
1013.1818081602173	0.030320099999926242	epochs	2.0
1013.1818081602173	0.015186500000027081	epochs	3.0
1013.1969946602173	0.015133599999899161	epochs	3.0
1013.2121282602172	0.03010990000007041	epochs	2.0
1013.2121282602172	0.015081000000009226	epochs	3.0
1013.2272092602173	0.015028900000061185	epochs	3.0
1013.2422381602173	0.029902499999934662	epochs	2.0
1013.2422381602173	0.01497699999993074	epochs	3.0
1013.2572151602172	0.014925500000003922	epochs	3.0
1013.2721406602172	0.029698100000018712	epochs	2.0
1013.2721406602172	0.014874400000053356	epochs	3.0
1013.2870150602173	0.014823699999965356	epochs	3.0
1013.3018387602173	0.02949630000000525	epochs	2.0
1013.3018387602173	0.014773200000036013	epochs	3.0
1013.3166119602173	0.014723099999969236	epochs	3.0
1013.3313350602173	0.02929740000001857	epochs	2.0
1013.3313350602173	0.014673399999992398	epochs	3.0
1013.3460084602173	0.014624000000026172	epochs	3.0
1013.3606324602173	0.029101100000048064	epochs	2.0
1013.3606324602173	0.01457489999995687	epochs	3.0
1013.3752073602172	0.014526200000091194	epochs	3.0
1013.3897335602173	0.028907399999980044	epochs	2.0
1013.3897335602173	0.014477699999929428	epochs	3.0
1013.4042112602173	0.014429700000050616	epochs	3.0
1013.4186409602173	0.028716199999962555	epochs	2.0
1013.4186409602173	0.014381799999910072	epochs	3.0
1013.4330227602172	0.014334400000052483	epochs	3.0
1013.4473571602173	0.02852759999996124	epochs	2.0
1013.4473571602173	0.01428720000001249	epochs	3.0
1013.4616443602173	0.01424039999994875	epochs	3.0
1013.4758847602172	0.028341400000044814	epochs	2.0
1013.4758847602172	0.014193800000043666	epochs	3.0
1013.4900785602173	0.014147600000001148	epochs	3.0
1013.5042261602173	0.028157699999951546	epochs	2.0
1013.5042261602173	0.014101699999969242	epochs	3.0
1013.5183278602173	0.014055999999982305	epochs	3.0
1013.5323838602172	0.027976300000091214	epochs	2.0
1013.5323838602172	0.01401060000000598	epochs	3.0
1013.5463944602172	0.013965700000085235	epochs	3.0
1013.5603601602173	0.02779720000000907	epochs	2.0
1013.5603601602173	0.013920799999937117	epochs	3.0
1013.5742809602173	0.013876400000071953	epochs	3.0
1013.5881573602173	0.027620399999932488	epochs	2.0
1013.5881573602173	0.0138321999999107	epochs	3.0
1013.6019895602172	0.013788200000021789	epochs	3.0
1013.6157777602173	0.027445899999975154	epochs	2.0
1013.6157777602173	0.013744599999995444	epochs	3.0
1013.6295223602173	0.01370129999997971	epochs	3.0
1013.6432236602172	0.0272735000000921	epochs	2.0
1013.6432236602172	0.013658200000008947	epochs	3.0
1013.6568818602173	0.013615300000083153	epochs	3.0
1013.6704971602173	0.027103399999987232	epochs	2.0
1013.6704971602173	0.013572799999906238	epochs	3.0
1013.6840699602172	0.013530600000080995	epochs	3.0
1013.6976005602173	0.026935199999911674	epochs	2.0
1013.6976005602173	0.01348839999991469	epochs	3.0
1013.7110889602172	0.013446799999996983	epochs	3.0
1013.7245357602172	0.02676920000010341	epochs	2.0
1013.7245357602172	0.013405200000079276	epochs	3.0
1013.7379409602173	0.013364000000024134	epochs	3.0
1013.7513049602173	0.026605199999949036	epochs	2.0
1013.7513049602173	0.013322899999934634	epochs	3.0
1013.7646278602173	0.013282300000014402	epochs	3.0
1013.7779101602173	0.026443200000016986	epochs	2.0
1013.7779101602173	0.013241699999980483	epochs	3.0
1013.7911518602173	0.013201500000036503	epochs	3.0
1013.8043533602173	0.0262831999999662	epochs	2.0
1013.8043533602173	0.013161500000023807	epochs	3.0
1013.8175148602173	0.013121699999942393	epochs	3.0
1013.8306365602173	0.02612499999997908	epochs	2.0
1013.8306365602173	0.013082100000019636	epochs	3.0
1013.8437186602173	0.013042899999959445	epochs	3.0
1013.8567615602173	0.025968900000066242	epochs	2.0
1013.8567615602173	0.01300390000005791	epochs	3.0
1013.8697654602173	0.012965000000008331	epochs	3.0
1013.8827304602173	0.025814500000024054	epochs	2.0
1013.8827304602173	0.012926399999969362	epochs	3.0
1013.8956568602173	0.012888100000054692	epochs	3.0
1013.9085449602173	0.025661899999931848	epochs	2.0
1013.9085449602173	0.012849899999991976	epochs	3.0
1013.9213948602173	0.012811999999939871	epochs	3.0
1013.9342068602173	0.025511199999982637	epochs	2.0
1013.9342068602173	0.012774400000012065	epochs	3.0
1013.9469812602173	0.012736799999970572	epochs	3.0
1013.9597180602173	0.025362299999983406	epochs	2.0
1013.9597180602173	0.01269969999998466	epochs	3.0
1013.9724177602172	0.012662599999998747	epochs	3.0
1013.9850803602172	0.025215000000002874	epochs	2.0
1013.9850803602172	0.012625800000023446	epochs	3.0
1013.9977061602173	0.012589199999979428	epochs	3.0
1014.0102953602172	0.024584800000070572	epochs	2.0
1014.0339208602173	0.5	epochs	-1.0
1014.0348801602173	0.5167199999999639	epochs	1.0
1014.5516001602173	0.48320000000001073	epochs	0.0
1015.5560002326965	0.1028800000000274	epochs	0.0
1015.5560002326965	0.0464399999999614	epochs	1.0
1015.6024402326965	0.009999999999990905	epochs	1.0
1015.6124402326965	0.04644000000007509	epochs	1.0
1015.6588802326966	2.0	epochs	0.0
1017.6588802326966	21.537040000000047	epochs	0.0
1017.6588802326966	1.0	epochs	1.0
1017.6588809326965	0.5	epochs	-1.0
1018.1588809326965	19.999039999999923	epochs	-1.0
1018.6588802326966	19.999999999999886	epochs	1.0
1018.6588802326966	4.356753899999944	epochs	-1.0
1018.6588802326966	1.9745871999999736	epochs	2.0
1018.6588802326966	1.0985621999999466	epochs	3.0
1019.7574424326965	0.8760250000000269	epochs	3.0
1020.6334674326965	1.3524075000000266	epochs	2.0
1020.6334674326965	0.7286354999999958	epochs	3.0
1021.3621029326965	0.6237720000000309	epochs	3.0
1021.9858749326966	1.029759199999944	epochs	2.0
1021.9858749326966	0.5453292999999348	epochs	3.0
1022.5312042326965	0.4844299000000092	epochs	3.0
1023.0156341326965	0.8317862000000105	epochs	2.0
1023.0156341326965	0.4357763000000432	epochs	3.0
1023.4514104326965	0.3960098999999673	epochs	3.0
1023.8474203326965	0.6977969999999232	epochs	2.0
1023.8474203326965	0.36289819999990414	epochs	3.0
1024.2103185326964	0.33489880000001904	epochs	3.0
1024.5452173326964	0.601045699999986	epochs	2.0
1024.5452173326964	0.3109123000001546	epochs	3.0
1024.8561296326966	0.29013339999983145	epochs	3.0
1025.1462630326964	0.5278859000000011	epochs	2.0
1025.1462630326964	0.2719586000000618	epochs	3.0
1025.4182216326965	0.25592729999993935	epochs	3.0
1025.6741489326964	0.4706193000001804	epochs	2.0
1025.6741489326964	0.24168130000020938	epochs	3.0
1025.9158302326966	0.228937999999971	epochs	3.0
1026.1447682326966	0.42457039999999324	epochs	2.0
1026.1447682326966	0.21747140000002219	epochs	3.0
1026.3622396326966	0.20709899999997106	epochs	3.0
1026.5693386326966	0.3867353999999068	epochs	2.0
1026.5693386326966	0.19767109999997956	epochs	3.0
1026.7670097326966	0.18906429999992724	epochs	3.0
1026.9560740326965	0.35509530000013	epochs	2.0
1026.9560740326965	0.18117589999997108	epochs	3.0
1027.1372499326965	0.17391940000015893	epochs	3.0
1027.3111693326966	0.3282431000000088	epochs	2.0
1027.3111693326966	0.16722189999995862	epochs	3.0
1027.4783912326966	0.16102120000005016	epochs	3.0
1027.6394124326966	0.3051679999998669	epochs	2.0
1027.6394124326966	0.15526389999990897	epochs	3.0
1027.7946763326966	0.1499040999999579	epochs	3.0
1027.9445804326965	0.28512530000011793	epochs	2.0
1027.9445804326965	0.1449021000000812	epochs	3.0
1028.0894825326966	0.14022320000003674	epochs	3.0
1028.2297057326966	0.2675537999998596	epochs	2.0
1028.2297057326966	0.1358368999999584	epochs	3.0
1028.3655426326966	0.13171689999990122	epochs	3.0
1028.4972595326965	0.25202290000015637	epochs	2.0
1028.4972595326965	0.1278393000000051	epochs	3.0
1028.6250988326965	0.12418360000015127	epochs	3.0
1028.7492824326966	0.23819649999995818	epochs	2.0
1028.7492824326966	0.1207310999998299	epochs	3.0
1028.8700135326965	0.11746540000012828	epochs	3.0
1028.9874789326966	0.22580879999986792	epochs	2.0
1028.9874789326966	0.1143718999999237	epochs	3.0
1029.1018508326965	0.11143689999994422	epochs	3.0
1029.2132877326965	0.2146460000001298	epochs	2.0
1029.2132877326965	0.10864890000016203	epochs	3.0
1029.3219366326966	0.10599709999996776	epochs	3.0
1029.4279337326966	0.2045349999998507	epochs	2.0
1029.4279337326966	0.1034714999998414	epochs	3.0
1029.5314052326964	0.1010635000000093	epochs	3.0
1029.6324687326965	0.19533400000000256	epochs	2.0
1029.6324687326965	0.09876510000003691	epochs	3.0
1029.7312338326965	0.09656889999996565	epochs	3.0
1029.8278027326965	0.18692529999998442	epochs	2.0
1029.8278027326965	0.09446830000001682	epochs	3.0
1029.9222710326965	0.09245699999996759	epochs	3.0
1030.0147280326964	0.1792107000001124	epochs	2.0
1030.0147280326964	0.0905296000000817	epochs	3.0
1030.1052576326965	0.08868110000003071	epochs	3.0
1030.1939387326966	0.17210769999996955	epochs	2.0
1030.1939387326966	0.08690630000000965	epochs	3.0
1030.2808450326966	0.0852013999999599	epochs	3.0
1030.3660464326965	0.16554640000003928	epochs	2.0
1030.3660464326965	0.08356189999994967	epochs	3.0
1030.4496083326965	0.08198450000008961	epochs	3.0
1030.5315928326966	0.15946710000002895	epochs	2.0
1030.5315928326966	0.08046539999986635	epochs	3.0
1030.6120582326964	0.0790017000001626	epochs	3.0
1030.6910599326966	0.1538183999998637	epochs	2.0
1030.6910599326966	0.07759009999995214	epochs	3.0
1030.7686500326965	0.07622829999991154	epochs	3.0
1030.8448783326965	0.14855640000018866	epochs	2.0
1030.8448783326965	0.07491330000016205	epochs	3.0
1030.9197916326966	0.0736431000000266	epochs	3.0
1030.9934347326966	0.1436423999998624	epochs	2.0
1030.9934347326966	0.07241499999986445	epochs	3.0
1031.0658497326965	0.07122739999999794	epochs	3.0
1031.1370771326965	0.13904309999998077	epochs	2.0
1031.1370771326965	0.07007799999996678	epochs	3.0
1031.2071551326965	0.06896510000001399	epochs	3.0
1031.2761202326965	0.1347293000001173	epochs	2.0
1031.2761202326965	0.0678871000000072	epochs	3.0
1031.3440073326965	0.0668422000001101	epochs	3.0
1031.4108495326966	0.1306752000000415	epochs	2.0
1031.4108495326966	0.06582909999997355	epochs	3.0
1031.4766786326966	0.06484610000006796	epochs	3.0
1031.5415247326966	0.1268577999999252	epochs	2.0
1031.5415247326966	0.06389199999989614	epochs	3.0
1031.6054167326965	0.06296580000002905	epochs	3.0
1031.6683825326966	0.12325719999989815	epochs	2.0
1031.6683825326966	0.06206580000002759	epochs	3.0
1031.7304483326966	0.061191399999870555	epochs	3.0
1031.7916397326965	0.11985540000000583	epochs	2.0
1031.7916397326965	0.060341099999959624	epochs	3.0
1031.8519808326964	0.059514300000046205	epochs	3.0
1031.9114951326965	0.11663620000012997	epochs	2.0
1031.9114951326965	0.05870960000015657	epochs	3.0
1031.9702047326966	0.057926599999973405	epochs	3.0
1032.0281313326966	0.11358559999985118	epochs	2.0
1032.0281313326966	0.05716419999998834	epochs	3.0
1032.0852955326966	0.05642139999986284	epochs	3.0
1032.1417169326965	0.11069050000014613	epochs	2.0
1032.1417169326965	0.055697900000041045	epochs	3.0
1032.1974148326965	0.054992600000105085	epochs	3.0
1032.2524074326966	0.10793909999983953	epochs	2.0
1032.2524074326966	0.05430490000003374	epochs	3.0
1032.3067123326966	0.05363419999980579	epochs	3.0
1032.3603465326964	0.10532150000017282	epochs	2.0
1032.3603465326964	0.052980000000161453	epochs	3.0
1032.4133265326966	0.052341500000011365	epochs	3.0
1032.4656680326966	0.10282759999995505	epochs	2.0
1032.4656680326966	0.05171810000001642	epochs	3.0
1032.5173861326966	0.051109499999938635	epochs	3.0
1032.5684956326966	0.10044909999987794	epochs	2.0
1032.5684956326966	0.050514900000052876	epochs	3.0
1032.6190105326966	0.04993419999982507	epochs	3.0
1032.6689447326964	0.0981782999999723	epochs	2.0
1032.6689447326964	0.04936659999998483	epochs	3.0
1032.7183113326964	0.04881169999998747	epochs	3.0
1032.7671230326964	0.09600780000005216	epochs	2.0
1032.7671230326964	0.04826920000004975	epochs	3.0
1032.8153922326965	0.04773860000000241	epochs	3.0
1032.8631308326965	0.09393120000004274	epochs	2.0
1032.8631308326965	0.04721949999998287	epochs	3.0
1032.9103503326965	0.046711700000059864	epochs	3.0
1032.9570620326965	0.09194260000003851	epochs	2.0
1032.9570620326965	0.046214599999984785	epochs	3.0
1033.0032766326965	0.045728000000053726	epochs	3.0
1033.0490046326966	0.09003630000006524	epochs	2.0
1033.0490046326966	0.045251499999949374	epochs	3.0
1033.0942561326965	0.044784800000115865	epochs	3.0
1033.1390409326966	0.0882075999998051	epochs	2.0
1033.1390409326966	0.044327800000019124	epochs	3.0
1033.1833687326966	0.04387979999978597	epochs	3.0
1033.2272485326964	0.08645170000022517	epochs	2.0
1033.2272485326964	0.04344100000002982	epochs	3.0
1033.2706895326965	0.04301070000019536	epochs	3.0
1033.3137002326966	0.08476429999996071	epochs	2.0
1033.3137002326966	0.04258899999990717	epochs	3.0
1033.3562892326966	0.04217530000005354	epochs	3.0
1033.3984645326966	0.08314150000001064	epochs	2.0
1033.3984645326966	0.04176970000003166	epochs	3.0
1033.4402342326966	0.041371799999978975	epochs	3.0
1033.4816060326966	0.08157970000002024	epochs	2.0
1033.4816060326966	0.040981399999964196	epochs	3.0
1033.5225874326966	0.04059830000005604	epochs	3.0
1033.5631857326966	0.08007549999979346	epochs	2.0
1033.5631857326966	0.04022229999986848	epochs	3.0
1033.6034080326965	0.03985319999992498	epochs	3.0
1033.6432612326964	0.07862570000020241	epochs	2.0
1033.6432612326964	0.039490800000066884	epochs	3.0
1033.6827520326965	0.03913490000013553	epochs	3.0
1033.7218869326966	0.07722759999978734	epochs	2.0
1033.7218869326966	0.03878539999982422	epochs	3.0
1033.7606723326965	0.03844219999996312	epochs	3.0
1033.7991145326964	0.07587820000003376	epochs	2.0
1033.7991145326964	0.03810480000015559	epochs	3.0
1033.8372193326966	0.037773399999878166	epochs	3.0
1033.8749927326965	0.0745752000000266	epochs	2.0
1033.8749927326965	0.03744770000002973	epochs	3.0
1033.9124404326965	0.03712749999999687	epochs	3.0
1033.9495679326965	0.07331629999998768	epochs	2.0
1033.9495679326965	0.0368129000000863	epochs	3.0
1033.9863808326966	0.036503399999901376	epochs	3.0
1034.0228842326965	0.07209899999998015	epochs	2.0
1034.0228842326965	0.03619909999997617	epochs	3.0
1034.0590833326964	0.03589990000000398	epochs	3.0
1034.0949832326964	0.07092170000009901	epochs	2.0
1034.0949832326964	0.03560560000005353	epochs	3.0
1034.1305888326965	0.03531610000004548	epochs	3.0
1034.1659049326965	0.06978200000003199	epochs	2.0
1034.1659049326965	0.03503120000004856	epochs	3.0
1034.2009361326966	0.03475079999998343	epochs	3.0
1034.2356869326966	0.06867859999988468	epochs	2.0
1034.2356869326966	0.03447510000000875	epochs	3.0
1034.2701620326966	0.03420349999987593	epochs	3.0
1034.3043655326965	0.06760929999995824	epochs	2.0
1034.3043655326965	0.033936199999970995	epochs	3.0
1034.3383017326964	0.033673099999987244	epochs	3.0
1034.3719748326964	0.06657290000021021	epochs	2.0
1034.3719748326964	0.03341400000022077	epochs	3.0
1034.4053888326966	0.033158899999989444	epochs	3.0
1034.4385477326966	0.06556779999982609	epochs	2.0
1034.4385477326966	0.03290769999989607	epochs	3.0
1034.4714554326965	0.032660099999930026	epochs	3.0
1034.5041155326965	0.06459259999996902	epochs	2.0
1034.5041155326965	0.03241640000010193	epochs	3.0
1034.5365319326966	0.032176199999867094	epochs	3.0
1034.5687081326964	0.06364600000006249	epochs	2.0
1034.5687081326964	0.03193960000021434	epochs	3.0
1034.6006477326966	0.031706399999848145	epochs	3.0
1034.6323541326965	0.0627266999999847	epochs	2.0
1034.6323541326965	0.03147660000013275	epochs	3.0
1034.6638307326966	0.031250099999851955	epochs	3.0
1034.6950808326965	0.06183359999999993	epochs	2.0
1034.6950808326965	0.031026900000142632	epochs	3.0
1034.7261077326966	0.0308066999998573	epochs	3.0
1034.7569144326965	0.06096560000014506	epochs	2.0
1034.7569144326965	0.03058980000014344	epochs	3.0
1034.7875042326966	0.030375800000001618	epochs	3.0
1034.8178800326966	0.06012160000000222	epochs	2.0
1034.8178800326966	0.030164899999817862	epochs	3.0
1034.8480449326964	0.029956700000184355	epochs	3.0
1034.8780016326966	0.05930069999999432	epochs	2.0
1034.8780016326966	0.029751599999826794	epochs	3.0
1034.9077532326965	0.029549100000167527	epochs	3.0
1034.9373023326966	0.05850179999993088	epochs	2.0
1034.9373023326966	0.02934940000000097	epochs	3.0
1034.9666517326966	0.029152399999929912	epochs	3.0
1034.9958041326965	0.05772419999993872	epochs	2.0
1034.9958041326965	0.028957999999875028	epochs	3.0
1035.0247621326964	0.02876620000006369	epochs	3.0
1035.0535283326965	0.05696710000006533	epochs	2.0
1035.0535283326965	0.028577000000041153	epochs	3.0
1035.0821053326965	0.028390100000024177	epochs	3.0
1035.1104954326966	0.05622949999997218	epochs	2.0
1035.1104954326966	0.028205699999944045	epochs	3.0
1035.1387011326965	0.028023800000028132	epochs	3.0
1035.1667249326965	0.05551070000001346	epochs	2.0
1035.1667249326965	0.027843999999959124	epochs	3.0
1035.1945689326965	0.027666700000054334	epochs	3.0
1035.2222356326965	0.054810200000019904	epochs	2.0
1035.2222356326965	0.02749149999999645	epochs	3.0
1035.2497271326965	0.027318700000023455	epochs	3.0
1035.2770458326966	0.054126999999880354	epochs	2.0
1035.2770458326966	0.027147799999966082	epochs	3.0
1035.3041936326965	0.026979199999914272	epochs	3.0
1035.3311728326964	0.05346070000018699	epochs	2.0
1035.3311728326964	0.026812600000084785	epochs	3.0
1035.3579854326965	0.026648100000102204	epochs	3.0
1035.3846335326966	0.05281070000000909	epochs	2.0
1035.3846335326966	0.0264855999998872	epochs	3.0
1035.4111191326965	0.026325100000121893	epochs	3.0
1035.4374442326966	0.052176199999848905	epochs	2.0
1035.4374442326966	0.026166399999965506	epochs	3.0
1035.4636106326966	0.0260097999998834	epochs	3.0
1035.4896204326965	0.051556699999991906	epochs	2.0
1035.4896204326965	0.02585480000016105	epochs	3.0
1035.5154752326966	0.025701899999830857	epochs	3.0
1035.5411771326965	0.05095189999997274	epochs	2.0
1035.5411771326965	0.025550700000167126	epochs	3.0
1035.5667278326966	0.025401199999805613	epochs	3.0
1035.5921290326964	0.05036100000006627	epochs	2.0
1035.5921290326964	0.025253500000189888	epochs	3.0
1035.6173825326966	0.02510749999987638	epochs	3.0
1035.6424900326965	0.04978380000011384	epochs	2.0
1035.6424900326965	0.02496320000000196	epochs	3.0
1035.6674532326965	0.02482060000011188	epochs	3.0
1035.6922738326966	0.04921949999993558	epochs	2.0
1035.6922738326966	0.024679399999968155	epochs	3.0
1035.7169532326966	0.024540099999967424	epochs	3.0
1035.7414933326966	0.04866790000005494	epochs	2.0
1035.7414933326966	0.024402099999861093	epochs	3.0
1035.7658954326964	0.02426580000019385	epochs	3.0
1035.7901612326966	0.048128599999927246	epochs	2.0
1035.7901612326966	0.02413099999989754	epochs	3.0
1035.8142922326965	0.023997600000029706	epochs	3.0
1035.8382898326965	0.047601100000065344	epochs	2.0
1035.8382898326965	0.023865800000066884	epochs	3.0
1035.8621556326966	0.02373529999999846	epochs	3.0
1035.8858909326966	0.04708499999992455	epochs	2.0
1035.8858909326966	0.023606299999983094	epochs	3.0
1035.9094972326966	0.023478699999941455	epochs	3.0
1035.9329759326965	0.046579999999948996	epochs	2.0
1035.9329759326965	0.023352500000100918	epochs	3.0
1035.9563284326966	0.023227499999848078	epochs	3.0
1035.9795559326965	0.046085700000048746	epochs	2.0
1035.9795559326965	0.023104000000103042	epochs	3.0
1036.0026599326966	0.022981699999945704	epochs	3.0
1036.0256416326965	0.045601799999985815	epochs	2.0
1036.0256416326965	0.02286069999991014	epochs	3.0
1036.0485023326964	0.022741100000075676	epochs	3.0
1036.0712434326965	0.04512790000012501	epochs	2.0
1036.0712434326965	0.022622500000125	epochs	3.0
1036.0938659326966	0.02250540000000001	epochs	3.0
1036.1163713326966	0.04466379999985293	epochs	2.0
1036.1163713326966	0.02238929999998618	epochs	3.0
1036.1387606326966	0.022274499999866748	epochs	3.0
1036.1610351326965	0.04420920000006845	epochs	2.0
1036.1610351326965	0.022160799999937808	epochs	3.0
1036.1831959326964	0.02204840000013064	epochs	3.0
1036.2052443326966	0.04376359999992019	epochs	2.0
1036.2052443326966	0.02193689999990056	epochs	3.0
1036.2271812326965	0.021826700000019628	epochs	3.0
1036.2490079326965	0.04332709999994222	epochs	2.0
1036.2490079326965	0.02171760000010181	epochs	3.0
1036.2707255326966	0.02160949999984041	epochs	3.0
1036.2923350326964	0.04289900000003399	epochs	2.0
1036.2923350326964	0.02150249999999687	epochs	3.0
1036.3138375326964	0.021396500000037122	epochs	3.0
1036.3352340326965	0.04247950000012679	epochs	2.0
1036.3352340326965	0.021291700000119818	epochs	3.0
1036.3565257326966	0.021187800000006973	epochs	3.0
1036.3777135326966	0.04206789999989269	epochs	2.0
1036.3777135326966	0.02108490000000529	epochs	3.0
1036.3987984326966	0.020982999999887397	epochs	3.0
1036.4197814326965	0.04166439999994509	epochs	2.0
1036.4197814326965	0.020882199999959994	epochs	3.0
1036.4406636326964	0.020782199999985096	epochs	3.0
1036.4614458326964	0.04126850000011473	epochs	2.0
1036.4614458326964	0.02068330000020069	epochs	3.0
1036.4821291326966	0.02058519999991404	epochs	3.0
1036.5027143326965	0.04088000000001557	epochs	2.0
1036.5027143326965	0.020488099999965925	epochs	3.0
1036.5232024326965	0.020391900000049645	epochs	3.0
1036.5435943326966	0.04049880000002304	epochs	2.0
1036.5435943326966	0.020296599999937825	epochs	3.0
1036.5638909326965	0.020202200000085213	epochs	3.0
1036.5840931326966	0.040124599999899146	epochs	2.0
1036.5840931326966	0.02010870000003706	epochs	3.0
1036.6042018326966	0.020015899999862086	epochs	3.0
1036.6242177326965	0.03975730000001931	epochs	2.0
1036.6242177326965	0.019924200000104975	epochs	3.0
1036.6441419326966	0.01983309999991434	epochs	3.0
1036.6639750326965	0.03939669999999751	epochs	2.0
1036.6639750326965	0.01974300000006224	epochs	3.0
1036.6837180326966	0.01965369999993527	epochs	3.0
1036.7033717326965	0.03904239999997117	epochs	2.0
1036.7033717326965	0.019565100000136226	epochs	3.0
1036.7229368326966	0.01947729999983494	epochs	3.0
1036.7424141326965	0.038694600000098944	epochs	2.0
1036.7424141326965	0.019390400000020236	epochs	3.0
1036.7618045326965	0.01930420000007871	epochs	3.0
1036.7811087326966	0.03835290000006353	epochs	2.0
1036.7811087326966	0.019218799999862313	epochs	3.0
1036.8003275326964	0.019134100000201215	epochs	3.0
1036.8194616326966	0.03801720000001296	epochs	2.0
1036.8194616326966	0.019050199999810502	epochs	3.0
1036.8385118326964	0.01896700000020246	epochs	3.0
1036.8574788326966	0.03768719999993664	epochs	2.0
1036.8574788326966	0.018884499999785476	epochs	3.0
1036.8763633326964	0.018802700000151162	epochs	3.0
1036.8951660326966	0.03736309999999321	epochs	2.0
1036.8951660326966	0.018721700000014607	epochs	3.0
1036.9138877326966	0.018641399999978603	epochs	3.0
1036.9325291326966	0.03704429999993408	epochs	2.0
1036.9325291326966	0.018561599999884493	epochs	3.0
1036.9510907326965	0.01848270000004959	epochs	3.0
1036.9695734326965	0.03673099999991791	epochs	2.0
1036.9695734326965	0.018404299999929208	epochs	3.0
1036.9879777326964	0.018326699999988705	epochs	3.0
1037.0063044326964	0.03642290000016146	epochs	2.0
1037.0063044326964	0.01824960000021747	epochs	3.0
1037.0245540326966	0.018173299999943993	epochs	3.0
1037.0427273326966	0.036120099999834565	epochs	2.0
1037.0427273326966	0.01809759999991911	epochs	3.0
1037.0608249326965	0.018022499999915453	epochs	3.0
1037.0788474326964	0.035822100000132195	epochs	2.0
1037.0788474326964	0.017947900000081063	epochs	3.0
1037.0967953326965	0.017874200000051133	epochs	3.0
1037.1146695326966	0.03552899999999681	epochs	2.0
1037.1146695326966	0.017800800000031813	epochs	3.0
1037.1324703326966	0.017728199999965	epochs	3.0
1037.1501985326965	0.03524070000003121	epochs	2.0
1037.1501985326965	0.017656100000067454	epochs	3.0
1037.1678546326966	0.017584599999963757	epochs	3.0
1037.1854392326966	0.03495709999992869	epochs	2.0
1037.1854392326966	0.017513699999881283	epochs	3.0
1037.2029529326965	0.017443400000047404	epochs	3.0
1037.2203963326965	0.03467790000013338	epochs	2.0
1037.2203963326965	0.017373599999928047	epochs	3.0
1037.2377699326964	0.01730430000020533	epochs	3.0
1037.2550742326966	0.03440329999989444	epochs	2.0
1037.2550742326966	0.017235699999901044	epochs	3.0
1037.2723099326965	0.0171675999999934	epochs	3.0
1037.2894775326965	0.03413279999995211	epochs	2.0
1037.2894775326965	0.01709989999994832	epochs	3.0
1037.3065774326965	0.017032900000003792	epochs	3.0
1037.3236103326965	0.03386670000008962	epochs	2.0
1037.3236103326965	0.01696640000000116	epochs	3.0
1037.3405767326965	0.016900300000088464	epochs	3.0
1037.3574770326966	0.03360459999998966	epochs	2.0
1037.3574770326966	0.01683479999996962	epochs	3.0
1037.3743118326965	0.01676980000002004	epochs	3.0
1037.3910816326966	0.033346599999958926	epochs	2.0
1037.3910816326966	0.016705300000012357	epochs	3.0
1037.4077869326966	0.01664129999994657	epochs	3.0
1037.4244282326965	0.03309250000006614	epochs	2.0
1037.4244282326965	0.016577800000050047	epochs	3.0
1037.4410060326966	0.01651470000001609	epochs	3.0
1037.4575207326966	0.03284229999985655	epochs	2.0
1037.4575207326966	0.01645220000000336	epochs	3.0
1037.4739729326966	0.01639009999985319	epochs	3.0
1037.4903630326965	0.03259570000000167	epochs	2.0
1037.4903630326965	0.016328400000020338	epochs	3.0
1037.5066914326965	0.016267299999981333	epochs	3.0
1037.5229587326965	0.032352899999978035	epochs	2.0
1037.5229587326965	0.016206600000032267	epochs	3.0
1037.5391653326965	0.016146299999945768	epochs	3.0
1037.5553116326964	0.032113700000081735	epochs	2.0
1037.5553116326964	0.016086600000107865	epochs	3.0
1037.5713982326965	0.01602709999997387	epochs	3.0
1037.5874253326965	0.03187800000000607	epochs	2.0
1037.5874253326965	0.015968200000088473	epochs	3.0
1037.6033935326966	0.015909799999917595	epochs	3.0
1037.6193033326965	0.03164570000012645	epochs	2.0
1037.6193033326965	0.015851599999905375	epochs	3.0
1037.6351549326964	0.01579410000022108	epochs	3.0
1037.6509490326966	0.031416699999908815	epochs	2.0
1037.6509490326966	0.01573669999993399	epochs	3.0
1037.6666857326966	0.015679999999974825	epochs	3.0
1037.6823657326966	0.03119109999988723	epochs	2.0
1037.6823657326966	0.015623600000026272	epochs	3.0
1037.6979893326966	0.015567499999860956	epochs	3.0
1037.7135568326964	0.03096870000013041	epochs	2.0
1037.7135568326964	0.01551200000017161	epochs	3.0
1037.7290688326966	0.0154566999999588	epochs	3.0
1037.7445255326966	0.030749499999956242	epochs	2.0
1037.7445255326966	0.015401999999994587	epochs	3.0
1037.7599275326966	0.015347499999961656	epochs	3.0
1037.7752750326965	0.03053320000003623	epochs	2.0
1037.7752750326965	0.015293400000018664	epochs	3.0
1037.7905684326965	0.015239800000017567	epochs	3.0
1037.8058082326966	0.030320099999926242	epochs	2.0
1037.8058082326966	0.015186500000027081	epochs	3.0
1037.8209947326966	0.015133599999899161	epochs	3.0
1037.8361283326965	0.03010990000007041	epochs	2.0
1037.8361283326965	0.015081000000009226	epochs	3.0
1037.8512093326965	0.015028900000061185	epochs	3.0
1037.8662382326966	0.029902499999934662	epochs	2.0
1037.8662382326966	0.014977000000044427	epochs	3.0
1037.8812152326966	0.014925499999890235	epochs	3.0
1037.8961407326965	0.0296981000001324	epochs	2.0
1037.8961407326965	0.014874400000053356	epochs	3.0
1037.9110151326965	0.014823700000079043	epochs	3.0
1037.9258388326966	0.029496299999891562	epochs	2.0
1037.9258388326966	0.01477319999980864	epochs	3.0
1037.9406120326964	0.014723100000082923	epochs	3.0
1037.9553351326965	0.029297399999904883	epochs	2.0
1037.9553351326965	0.014673399999992398	epochs	3.0
1037.9700085326965	0.014623999999912485	epochs	3.0
1037.9846325326964	0.02910110000016175	epochs	2.0
1037.9846325326964	0.014574900000070556	epochs	3.0
1037.9992074326965	0.014526200000091194	epochs	3.0
1038.0137336326966	0.028907399999980044	epochs	2.0
1038.0137336326966	0.014477700000043114	epochs	3.0
1038.0282113326966	0.014429699999936929	epochs	3.0
1038.0426410326966	0.028716199999962555	epochs	2.0
1038.0426410326966	0.014381799999910072	epochs	3.0
1038.0570228326965	0.014334400000052483	epochs	3.0
1038.0713572326965	0.02852759999996124	epochs	2.0
1038.0713572326965	0.014287199999898803	epochs	3.0
1038.0856444326964	0.014240400000062436	epochs	3.0
1038.0998848326965	0.028341400000044814	epochs	2.0
1038.0998848326965	0.014193799999929979	epochs	3.0
1038.1140786326964	0.014147600000114835	epochs	3.0
1038.1282262326965	0.028157700000065233	epochs	2.0
1038.1282262326965	0.014101700000082928	epochs	3.0
1038.1423279326966	0.014055999999982305	epochs	3.0
1038.1563839326966	0.02797629999986384	epochs	2.0
1038.1563839326966	0.014010599999892293	epochs	3.0
1038.1703945326965	0.013965699999971548	epochs	3.0
1038.1843602326965	0.027797200000122757	epochs	2.0
1038.1843602326965	0.013920800000050804	epochs	3.0
1038.1982810326965	0.013876400000071953	epochs	3.0
1038.2121574326966	0.027620399999932488	epochs	2.0
1038.2121574326966	0.013832200000024386	epochs	3.0
1038.2259896326966	0.013788199999908102	epochs	3.0
1038.2397778326965	0.027445899999975154	epochs	2.0
1038.2397778326965	0.01374460000010913	epochs	3.0
1038.2535224326966	0.013701299999866023	epochs	3.0
1038.2672237326965	0.0272735000000921	epochs	2.0
1038.2672237326965	0.013658200000008947	epochs	3.0
1038.2808819326965	0.013615300000083153	epochs	3.0
1038.2944972326966	0.027103399999987232	epochs	2.0
1038.2944972326966	0.013572800000019924	epochs	3.0
1038.3080700326966	0.013530599999967308	epochs	3.0
1038.3216006326966	0.02693520000002536	epochs	2.0
1038.3216006326966	0.01348839999991469	epochs	3.0
1038.3350890326965	0.01344680000011067	epochs	3.0
1038.3485358326966	0.026769199999989723	epochs	2.0
1038.3485358326966	0.013405199999851902	epochs	3.0
1038.3619410326964	0.013364000000137821	epochs	3.0
1038.3753050326966	0.026605199999949036	epochs	2.0
1038.3753050326966	0.013322900000048321	epochs	3.0
1038.3886279326966	0.013282299999900715	epochs	3.0
1038.4019102326965	0.0264431999999033	epochs	2.0
1038.4019102326965	0.013241699999980483	epochs	3.0
1038.4151519326965	0.013201499999922817	epochs	3.0
1038.4283534326964	0.026283200000079887	epochs	2.0
1038.4283534326964	0.013161500000023807	epochs	3.0
1038.4415149326965	0.01312170000005608	epochs	3.0
1038.4546366326965	0.02612500000009277	epochs	2.0
1038.4546366326965	0.013082100000019636	epochs	3.0
1038.4677187326965	0.013042900000073132	epochs	3.0
1038.4807616326966	0.025968899999952555	epochs	2.0
1038.4807616326966	0.013003899999830537	epochs	3.0
1038.4937655326964	0.012965000000122018	epochs	3.0
1038.5067305326966	0.025814500000024054	epochs	2.0
1038.5067305326966	0.012926399999969362	epochs	3.0
1038.5196569326965	0.012888100000054692	epochs	3.0
1038.5325450326966	0.025661899999931848	epochs	2.0
1038.5325450326966	0.012849899999991976	epochs	3.0
1038.5453949326966	0.012811999999939871	epochs	3.0
1038.5582069326965	0.025511199999982637	epochs	2.0
1038.5582069326965	0.012774400000125752	epochs	3.0
1038.5709813326966	0.012736799999856885	epochs	3.0
1038.5837181326965	0.025362300000097093	epochs	2.0
1038.5837181326965	0.01269969999998466	epochs	3.0
1038.5964178326965	0.012662600000112434	epochs	3.0
1038.6090804326966	0.025214999999889187	epochs	2.0
1038.6090804326966	0.012625800000023446	epochs	3.0
1038.6217062326966	0.012589199999865741	epochs	3.0
1038.6342954326965	0.024584799999956886	epochs	2.0
1038.6579209326965	0.5	epochs	-1.0
1038.6588802326964	0.5370400000001609	epochs	1.0
1039.1959202326966	0.46287999999981366	epochs	0.0
1040.2119998931885	0.10287999999991371	epochs	0.0
1040.2119998931885	0.04644000000007509	epochs	1.0
1040.2584398931886	0.009999999999990905	epochs	1.0
1040.2684398931885	0.046439999999847714	epochs	1.0
1040.3148798931884	2.0	epochs	0.0
1042.3148798931884	5.396560000000136	epochs	0.0
1042.3148798931884	1.0	epochs	1.0
1042.3148805931885	0.5	epochs	-1.0
1042.8148805931885	4.896559300000035	epochs	-1.0
1043.3148798931884	4.396560000000136	epochs	1.0
1043.3148798931884	4.356753900000058	epochs	-1.0
1043.3148798931884	1.9745872000000873	epochs	2.0
1043.3148798931884	1.0985622000000603	epochs	3.0
1044.4134420931885	0.8760250000000269	epochs	3.0
1045.2894670931885	1.3524075000000266	epochs	2.0
1045.2894670931885	0.7286355000001095	epochs	3.0
1046.0181025931886	0.6237719999999172	epochs	3.0
1046.6418745931885	1.029759199999944	epochs	2.0
1046.6418745931885	0.5453293000000485	epochs	3.0
1047.1872038931886	0.4844298999998955	epochs	3.0
1047.6716337931884	0.039806100000078004	epochs	2.0
1047.6716337931884	0.039806100000078004	epochs	3.0
1047.7114398931885	16.60335999999984	epochs	0.0
1048.728000164032	0.10287999999991371	epochs	0.0
1048.728000164032	0.04644000000007509	epochs	1.0
1048.774440164032	0.009999999999990905	epochs	1.0
1048.784440164032	0.046439999999847714	epochs	1.0
1048.830880164032	2.0	epochs	0.0
1050.830880164032	5.3973600000001625	epochs	0.0
1050.830880164032	1.0	epochs	1.0
1050.830880864032	0.5	epochs	-1.0
1051.330880864032	4.897359300000062	epochs	-1.0
1051.830880164032	4.3973600000001625	epochs	1.0
1051.830880164032	4.356753900000058	epochs	-1.0
1051.830880164032	1.9745872000000873	epochs	2.0
1051.830880164032	1.0985622000000603	epochs	3.0
1052.929442364032	0.8760250000000269	epochs	3.0
1053.805467364032	1.3524075000000266	epochs	2.0
1053.805467364032	0.7286355000001095	epochs	3.0
1054.534102864032	0.6237719999999172	epochs	3.0
1055.157874864032	1.029759199999944	epochs	2.0
1055.157874864032	0.5453293000000485	epochs	3.0
1055.703204164032	0.4844298999998955	epochs	3.0
1056.187634064032	0.04060610000010456	epochs	2.0
1056.187634064032	0.04060610000010456	epochs	3.0
1056.228240164032	16.602559999999812	epochs	0.0
1057.2579998970032	0.10287999999991371	epochs	0.0
1057.2579998970032	0.04644000000007509	epochs	1.0
1057.3044398970032	0.009999999999990905	epochs	1.0
1057.3144398970032	0.046439999999847714	epochs	1.0
1057.360879897003	2.0	epochs	0.0
1059.360879897003	5.397120000000086	epochs	0.0
1059.360879897003	1.0	epochs	1.0
1059.3608805970032	0.5	epochs	-1.0
1059.8608805970032	4.897119299999986	epochs	-1.0
1060.360879897003	4.397120000000086	epochs	1.0
1060.360879897003	4.356753900000058	epochs	-1.0
1060.360879897003	1.9745872000000873	epochs	2.0
1060.360879897003	1.0985622000000603	epochs	3.0
1061.4594420970031	0.8760250000000269	epochs	3.0
1062.3354670970032	1.3524075000000266	epochs	2.0
1062.3354670970032	0.7286355000001095	epochs	3.0
1063.0641025970033	0.6237719999999172	epochs	3.0
1063.6878745970032	1.029759199999944	epochs	2.0
1063.6878745970032	0.5453293000000485	epochs	3.0
1064.2332038970032	0.4844298999998955	epochs	3.0
1064.7176337970031	0.04036610000002838	epochs	2.0
1064.7176337970031	0.04036610000002838	epochs	3.0
1064.7579998970032	16.60279999999989	epochs	0.0
1065.8049998283386	0.10287999999991371	epochs	0.0
1065.8049998283386	0.04644000000007509	epochs	1.0
1065.8514398283387	0.009999999999990905	epochs	1.0
1065.8614398283387	0.046439999999847714	epochs	1.0
1065.9078798283385	2.0	epochs	0.0
1067.9078798283385	5.4167200000001685	epochs	0.0
1067.9078798283385	1.0	epochs	1.0
1067.9078805283386	0.5	epochs	-1.0
1068.4078805283386	4.916719300000068	epochs	-1.0
1068.9078798283385	4.4167200000001685	epochs	1.0
1068.9078798283385	4.356753900000058	epochs	-1.0
1068.9078798283385	1.9745872000000873	epochs	2.0
1068.9078798283385	1.0985622000000603	epochs	3.0
1070.0064420283386	0.8760250000000269	epochs	3.0
1070.8824670283386	1.3524075000000266	epochs	2.0
1070.8824670283386	0.7286355000001095	epochs	3.0
1071.6111025283387	0.6237719999999172	epochs	3.0
1072.2348745283387	1.029759199999944	epochs	2.0
1072.2348745283387	0.5453293000000485	epochs	3.0
1072.7802038283387	0.4844298999998955	epochs	3.0
1073.2646337283386	0.0599661000001106	epochs	2.0
1073.2646337283386	0.0599661000001106	epochs	3.0
1073.3245998283387	16.583199999999806	epochs	0.0
1074.3759999275208	0.10287999999991371	epochs	0.0
1074.3759999275208	0.04644000000007509	epochs	1.0
1074.4224399275208	0.009999999999990905	epochs	1.0
1074.4324399275208	0.046439999999847714	epochs	1.0
1074.4788799275207	2.0	epochs	0.0
1076.4788799275207	0.5568000000000666	epochs	0.0
1076.4788799275207	0.5568000000000666	epochs	1.0
1076.4788806275208	0.5	epochs	-1.0
1076.9788806275208	0.056799299999966024	epochs	-1.0
1077.0356799275207	21.443119999999908	epochs	0.0
1108.2239999771118	0.10287999999991371	epochs	0.0
1108.2239999771118	0.04644000000007509	epochs	1.0
1108.270439977112	0.009999999999990905	epochs	1.0
1108.2804399771119	0.046439999999847714	epochs	1.0
1108.3268799771117	0.2299199999999928	epochs	0.0
1108.3268799771117	0.0500000000001819	epochs	1.0
1108.376879977112	0.009999999999990905	epochs	1.0
1108.386879977112	0.049999999999954525	epochs	1.0
1108.4368799771119	0.009999999999990905	epochs	1.0
1108.4468799771118	0.049999999999954525	epochs	1.0
1108.4968799771118	0.009999999999990905	epochs	1.0
1108.5068799771118	0.04991999999992913	epochs	1.0
1604.4489998817444	0.10287999999991371	epochs	0.0
1604.4489998817444	0.04644000000007509	epochs	1.0
1604.4954398817445	0.009999999999990905	epochs	1.0
1604.5054398817445	0.046439999999847714	epochs	1.0
1604.5518798817443	0.2299199999999928	epochs	0.0
1604.5518798817443	0.0500000000001819	epochs	1.0
1604.6018798817445	0.009999999999990905	epochs	1.0
1604.6118798817445	0.049999999999954525	epochs	1.0
1604.6618798817444	0.009999999999990905	epochs	1.0
1604.6718798817444	0.049999999999954525	epochs	1.0
1604.7218798817444	0.009999999999990905	epochs	1.0
1604.7318798817444	0.04991999999992913	epochs	1.0
1654.276999950409	0.10287999999991371	epochs	0.0
1654.276999950409	0.04644000000007509	epochs	1.0
1654.323439950409	0.009999999999990905	epochs	1.0
1654.333439950409	0.046439999999847714	epochs	1.0
1654.3798799504088	2.9999199999999746	epochs	0.0
1654.3798799504088	1.0	epochs	1.0
1655.3798799504088	1.0	epochs	1.0
1656.3798799504088	0.9999199999999746	epochs	1.0
1658.3889999389648	0.10287999999991371	epochs	0.0
1658.3889999389648	0.04644000000007509	epochs	1.0
1658.435439938965	0.009999999999990905	epochs	1.0
1658.445439938965	0.046439999999847714	epochs	1.0
1658.4918799389648	2.9999199999999746	epochs	0.0
1658.4918799389648	1.0	epochs	1.0
1659.4918799389648	1.0	epochs	1.0
1660.4918799389648	0.9999199999999746	epochs	1.0
1662.4959998130798	0.10287999999991371	epochs	0.0
1662.4959998130798	0.04644000000007509	epochs	1.0
1662.54243981308	0.009999999999990905	epochs	1.0
1662.55243981308	0.046439999999847714	epochs	1.0
1662.5988798130797	2.9999199999999746	epochs	0.0
1662.5988798130797	1.0	epochs	1.0
1663.5988798130797	1.0	epochs	1.0
1664.5988798130797	0.9999199999999746	epochs	1.0
1666.6129999160767	0.10287999999991371	epochs	0.0
1666.6129999160767	0.04644000000007509	epochs	1.0
1666.6594399160767	0.009999999999990905	epochs	1.0
1666.6694399160767	0.046439999999847714	epochs	1.0
1666.7158799160766	2.9999199999999746	epochs	0.0
1666.7158799160766	1.0	epochs	1.0
1667.7158799160766	1.0	epochs	1.0
1668.7158799160766	0.9999199999999746	epochs	1.0
1670.7509999275208	0.10287999999991371	epochs	0.0
1670.7509999275208	0.04644000000007509	epochs	1.0
1670.7974399275208	0.009999999999990905	epochs	1.0
1670.8074399275208	0.046439999999847714	epochs	1.0
1670.8538799275207	2.9999199999999746	epochs	0.0
1670.8538799275207	1.0	epochs	1.0
1671.8538799275207	1.0	epochs	1.0
1672.8538799275207	0.9999199999999746	epochs	1.0
1674.8590002059937	0.10287999999991371	epochs	0.0
1674.8590002059937	0.04644000000007509	epochs	1.0
1674.9054402059937	0.009999999999990905	epochs	1.0
1674.9154402059937	0.046439999999847714	epochs	1.0
1674.9618802059936	2.9999199999999746	epochs	0.0
1674.9618802059936	1.0	epochs	1.0
1675.9618802059936	1.0	epochs	1.0
1676.9618802059936	0.9999199999999746	epochs	1.0
1678.9790000915527	0.10287999999991371	epochs	0.0
1678.9790000915527	0.04644000000007509	epochs	1.0
1679.0254400915528	0.009999999999990905	epochs	1.0
1679.0354400915528	0.046439999999847714	epochs	1.0
1679.0818800915526	2.9999199999999746	epochs	0.0
1679.0818800915526	1.0	epochs	1.0
1680.0818800915526	1.0	epochs	1.0
1681.0818800915526	0.9999199999999746	epochs	1.0
1683.0890002250671	0.10287999999991371	epochs	0.0
1683.0890002250671	0.04644000000007509	epochs	1.0
1683.1354402250672	0.009999999999990905	epochs	1.0
1683.1454402250672	0.046439999999847714	epochs	1.0
1683.191880225067	1.5572000000001935	epochs	0.0
1683.191880225067	1.0	epochs	1.0
1684.191880225067	0.5572000000001935	epochs	1.0
1684.7490802250672	1.442719999999781	epochs	0.0
