onset	duration	nwb_table	treelevel
9.845999717712402	0.09999999999999964	epochs	0.0
9.845999717712402	0.04499999999999993	epochs	1.0
9.890999717712402	0.009999999999999787	epochs	1.0
9.900999717712402	0.04499999999999993	epochs	1.0
9.945999717712402	0.7049950000000003	epochs	0.0
9.945999717712402	0.5	epochs	-1.0
9.945999717712402	0.5	epochs	-1.0
9.945999717712402	0.5	epochs	1.0
10.445999717712402	0.0600000000000005	epochs	-1.0
10.445999717712402	0.025000000000000355	epochs	-1.0
10.445999717712402	0.025000000000000355	epochs	1.0
10.470999717712402	0.009999999999999787	epochs	-1.0
10.470999717712402	0.009999999999999787	epochs	1.0
10.480999717712402	0.025000000000000355	epochs	-1.0
10.480999717712402	0.025000000000000355	epochs	1.0
10.505999717712402	0.0600000000000005	epochs	-1.0
10.505999717712402	0.025000000000000355	epochs	-1.0
10.505999717712402	0.025000000000000355	epochs	1.0
10.530999717712403	0.009999999999999787	epochs	-1.0
10.530999717712403	0.009999999999999787	epochs	1.0
10.540999717712403	0.025000000000000355	epochs	-1.0
10.540999717712403	0.025000000000000355	epochs	1.0
10.565999717712403	0.05999999999999872	epochs	-1.0
10.565999717712403	0.02499999999999858	epochs	-1.0
10.565999717712403	0.02499999999999858	epochs	1.0
10.590999717712402	0.010000000000001563	epochs	-1.0
10.590999717712402	0.010000000000001563	epochs	1.0
10.600999717712403	0.02499999999999858	epochs	-1.0
10.600999717712403	0.02499999999999858	epochs	1.0
10.625999717712402	0.024995000000000545	epochs	1.0
11.101999759674072	0.09999999999999964	epochs	0.0
11.101999759674072	0.04499999999999993	epochs	1.0
11.146999759674072	0.009999999999999787	epochs	1.0
11.156999759674072	0.04499999999999993	epochs	1.0
11.201999759674072	0.7049950000000003	epochs	0.0
11.201999759674072	0.5	epochs	-1.0
11.201999759674072	0.5	epochs	-1.0
11.201999759674072	0.5	epochs	1.0
11.701999759674072	0.0600000000000005	epochs	-1.0
11.701999759674072	0.025000000000000355	epochs	-1.0
11.701999759674072	0.025000000000000355	epochs	1.0
11.726999759674072	0.009999999999999787	epochs	-1.0
11.726999759674072	0.009999999999999787	epochs	1.0
11.736999759674072	0.025000000000000355	epochs	-1.0
11.736999759674072	0.025000000000000355	epochs	1.0
11.761999759674072	0.0600000000000005	epochs	-1.0
11.761999759674072	0.025000000000000355	epochs	-1.0
11.761999759674072	0.025000000000000355	epochs	1.0
11.786999759674073	0.009999999999999787	epochs	-1.0
11.786999759674073	0.009999999999999787	epochs	1.0
11.796999759674073	0.025000000000000355	epochs	-1.0
11.796999759674073	0.025000000000000355	epochs	1.0
11.821999759674073	0.05999999999999872	epochs	-1.0
11.821999759674073	0.02499999999999858	epochs	-1.0
11.821999759674073	0.02499999999999858	epochs	1.0
11.846999759674071	0.010000000000001563	epochs	-1.0
11.846999759674071	0.010000000000001563	epochs	1.0
11.856999759674073	0.02499999999999858	epochs	-1.0
11.856999759674073	0.02499999999999858	epochs	1.0
11.881999759674072	0.024995000000000545	epochs	1.0
12.264999866485596	0.09999999999999964	epochs	0.0
12.264999866485596	0.04499999999999993	epochs	1.0
12.309999866485596	0.009999999999999787	epochs	1.0
12.319999866485595	0.04499999999999993	epochs	1.0
12.364999866485595	0.7049950000000003	epochs	0.0
12.364999866485595	0.5	epochs	-1.0
12.364999866485595	0.5	epochs	-1.0
12.364999866485595	0.5	epochs	1.0
12.864999866485595	0.0600000000000005	epochs	-1.0
12.864999866485595	0.025000000000000355	epochs	-1.0
12.864999866485595	0.025000000000000355	epochs	1.0
12.889999866485596	0.009999999999999787	epochs	-1.0
12.889999866485596	0.009999999999999787	epochs	1.0
12.899999866485595	0.025000000000000355	epochs	-1.0
12.899999866485595	0.025000000000000355	epochs	1.0
12.924999866485596	0.0600000000000005	epochs	-1.0
12.924999866485596	0.025000000000000355	epochs	-1.0
12.924999866485596	0.025000000000000355	epochs	1.0
12.949999866485596	0.009999999999999787	epochs	-1.0
12.949999866485596	0.009999999999999787	epochs	1.0
12.959999866485596	0.025000000000000355	epochs	-1.0
12.959999866485596	0.025000000000000355	epochs	1.0
12.984999866485596	0.05999999999999872	epochs	-1.0
12.984999866485596	0.02499999999999858	epochs	-1.0
12.984999866485596	0.02499999999999858	epochs	1.0
13.009999866485595	0.010000000000001563	epochs	-1.0
13.009999866485595	0.010000000000001563	epochs	1.0
13.019999866485596	0.02499999999999858	epochs	-1.0
13.019999866485596	0.02499999999999858	epochs	1.0
13.044999866485595	0.024995000000000545	epochs	1.0
273.28099966049194	0.10000000000002274	epochs	0.0
273.28099966049194	0.045000000000015916	epochs	1.0
273.32599966049196	0.009999999999990905	epochs	1.0
273.33599966049195	0.045000000000015916	epochs	1.0
273.38099966049197	0.7049949999999967	epochs	0.0
273.38099966049197	0.5	epochs	-1.0
273.38099966049197	0.5	epochs	1.0
273.88099966049197	0.060000000000002274	epochs	-1.0
273.88099966049197	0.024999999999977263	epochs	-1.0
273.88099966049197	0.024999999999977263	epochs	1.0
273.90599966049194	0.009999999999990905	epochs	-1.0
273.90599966049194	0.009999999999990905	epochs	1.0
273.91599966049193	0.025000000000034106	epochs	-1.0
273.91599966049193	0.025000000000034106	epochs	1.0
273.94099966049197	0.060000000000002274	epochs	-1.0
273.94099966049197	0.024999999999977263	epochs	-1.0
273.94099966049197	0.024999999999977263	epochs	1.0
273.96599966049195	0.009999999999990905	epochs	-1.0
273.96599966049195	0.009999999999990905	epochs	1.0
273.97599966049194	0.025000000000034106	epochs	-1.0
273.97599966049194	0.025000000000034106	epochs	1.0
274.00099966049197	0.05999999999994543	epochs	-1.0
274.00099966049197	0.024999999999977263	epochs	-1.0
274.00099966049197	0.024999999999977263	epochs	1.0
274.02599966049195	0.009999999999990905	epochs	-1.0
274.02599966049195	0.009999999999990905	epochs	1.0
274.03599966049194	0.024999999999977263	epochs	-1.0
274.03599966049194	0.024999999999977263	epochs	1.0
274.0609996604919	0.02499500000004673	epochs	1.0
313.9579997062683	0.10000000000002274	epochs	0.0
313.9579997062683	0.045000000000015916	epochs	1.0
314.0029997062683	0.009999999999990905	epochs	1.0
314.0129997062683	0.045000000000015916	epochs	1.0
314.05799970626833	61.384995	epochs	0.0
314.05799970626833	0.5	epochs	-1.0
314.05799970626833	0.5	epochs	-1.0
314.05799970626833	0.5	epochs	1.0
314.55799970626833	0.060000000000002274	epochs	-1.0
314.55799970626833	0.024999999999977263	epochs	-1.0
314.55799970626833	0.024999999999977263	epochs	1.0
314.5829997062683	0.009999999999990905	epochs	-1.0
314.5829997062683	0.009999999999990905	epochs	1.0
314.5929997062683	0.025000000000034106	epochs	-1.0
314.5929997062683	0.025000000000034106	epochs	1.0
314.61799970626834	0.060000000000002274	epochs	-1.0
314.61799970626834	0.024999999999977263	epochs	-1.0
314.61799970626834	0.024999999999977263	epochs	1.0
314.6429997062683	0.009999999999990905	epochs	-1.0
314.6429997062683	0.009999999999990905	epochs	1.0
314.6529997062683	0.025000000000034106	epochs	-1.0
314.6529997062683	0.025000000000034106	epochs	1.0
314.67799970626834	0.05999999999994543	epochs	-1.0
314.67799970626834	0.024999999999977263	epochs	-1.0
314.67799970626834	0.024999999999977263	epochs	1.0
314.7029997062683	0.009999999999990905	epochs	-1.0
314.7029997062683	0.009999999999990905	epochs	1.0
314.7129997062683	0.024999999999977263	epochs	-1.0
314.7129997062683	0.024999999999977263	epochs	1.0
314.7379997062683	60.0	epochs	1.0
374.7379997062683	0.5	epochs	-1.0
374.7379997062683	0.5	epochs	-1.0
374.7379997062683	0.5	epochs	1.0
375.2379997062683	0.06000000000005912	epochs	-1.0
375.2379997062683	0.025000000000034106	epochs	-1.0
375.2379997062683	0.025000000000034106	epochs	1.0
375.2629997062683	0.009999999999990905	epochs	-1.0
375.2629997062683	0.009999999999990905	epochs	1.0
375.2729997062683	0.025000000000034106	epochs	-1.0
375.2729997062683	0.025000000000034106	epochs	1.0
375.29799970626834	0.05999999999994543	epochs	-1.0
375.29799970626834	0.024999999999977263	epochs	-1.0
375.29799970626834	0.024999999999977263	epochs	1.0
375.3229997062683	0.009999999999990905	epochs	-1.0
375.3229997062683	0.009999999999990905	epochs	1.0
375.3329997062683	0.024999999999977263	epochs	-1.0
375.3329997062683	0.024999999999977263	epochs	1.0
375.3579997062683	0.060000000000002274	epochs	-1.0
375.3579997062683	0.025000000000034106	epochs	-1.0
375.3579997062683	0.025000000000034106	epochs	1.0
375.3829997062683	0.009999999999990905	epochs	-1.0
375.3829997062683	0.009999999999990905	epochs	1.0
375.3929997062683	0.024999999999977263	epochs	-1.0
375.3929997062683	0.024999999999977263	epochs	1.0
375.4179997062683	0.02499500000004673	epochs	1.0
418.5149998664856	0.10000000000002274	epochs	0.0
418.5149998664856	0.045000000000015916	epochs	1.0
418.5599998664856	0.009999999999990905	epochs	1.0
418.5699998664856	0.045000000000015916	epochs	1.0
418.6149998664856	0.7049949999999967	epochs	0.0
418.6149998664856	0.5	epochs	-1.0
418.6149998664856	0.5	epochs	-1.0
418.6149998664856	0.5	epochs	1.0
419.1149998664856	0.060000000000002274	epochs	-1.0
419.1149998664856	0.024999999999977263	epochs	-1.0
419.1149998664856	0.024999999999977263	epochs	1.0
419.1399998664856	0.009999999999990905	epochs	-1.0
419.1399998664856	0.009999999999990905	epochs	1.0
419.1499998664856	0.025000000000034106	epochs	-1.0
419.1499998664856	0.025000000000034106	epochs	1.0
419.1749998664856	0.060000000000002274	epochs	-1.0
419.1749998664856	0.024999999999977263	epochs	-1.0
419.1749998664856	0.024999999999977263	epochs	1.0
419.1999998664856	0.009999999999990905	epochs	-1.0
419.1999998664856	0.009999999999990905	epochs	1.0
419.2099998664856	0.025000000000034106	epochs	-1.0
419.2099998664856	0.025000000000034106	epochs	1.0
419.2349998664856	0.05999999999994543	epochs	-1.0
419.2349998664856	0.024999999999977263	epochs	-1.0
419.2349998664856	0.024999999999977263	epochs	1.0
419.2599998664856	0.009999999999990905	epochs	-1.0
419.2599998664856	0.009999999999990905	epochs	1.0
419.2699998664856	0.024999999999977263	epochs	-1.0
419.2699998664856	0.024999999999977263	epochs	1.0
419.29499986648557	0.02499500000004673	epochs	1.0
451.0789999961853	0.14836000000002514	epochs	0.0
451.0789999961853	0.06918030000002773	epochs	1.0
451.14818029618533	0.009999399999969683	epochs	1.0
451.1581796961853	0.06918030000002773	epochs	1.0
451.2273599961853	5.999979999999994	epochs	0.0
451.2273599961853	0.5	epochs	1.0
451.2273679961853	0.5	epochs	-1.0
451.2273679961853	0.5	epochs	-1.0
451.7273599961853	5.0	epochs	1.0
456.7273599961853	0.49997999999999365	epochs	1.0
456.7273679961853	0.49997200000001385	epochs	-1.0
463.4609999656677	0.14836000000002514	epochs	0.0
463.4609999656677	0.06918030000002773	epochs	1.0
463.53018026566775	0.009999399999969683	epochs	1.0
463.5401796656677	0.06918030000002773	epochs	1.0
463.60935996566775	2.511479999999949	epochs	0.0
463.60935996566775	0.5	epochs	1.0
463.60936796566773	0.5	epochs	-1.0
464.10935996566775	1.0	epochs	1.0
465.10935996566775	1.011479999999949	epochs	1.0
465.60936796566773	0.5	epochs	-1.0
466.1208399656677	0.9885000000000446	epochs	0.0
466.4799995422363	0.14836000000002514	epochs	0.0
466.4799995422363	0.06918030000002773	epochs	1.0
466.54917984223636	0.009999399999969683	epochs	1.0
466.5591792422363	0.06918030000002773	epochs	1.0
466.62835954223635	2.511479999999949	epochs	0.0
466.62835954223635	0.5	epochs	1.0
466.62836754223633	0.5	epochs	-1.0
467.12835954223635	1.0	epochs	1.0
468.12835954223635	1.011479999999949	epochs	1.0
468.62836754223633	0.5	epochs	-1.0
469.1398395422363	0.9885000000000446	epochs	0.0
469.47199964523315	0.14836000000002514	epochs	0.0
469.47199964523315	0.06918030000002773	epochs	1.0
469.5411799452332	0.009999399999969683	epochs	1.0
469.55117934523315	0.06918030000002773	epochs	1.0
469.6203596452332	2.511479999999949	epochs	0.0
469.6203596452332	0.5	epochs	1.0
469.62036764523316	0.5	epochs	-1.0
470.1203596452332	1.0	epochs	1.0
471.1203596452332	1.011479999999949	epochs	1.0
471.62036764523316	0.5	epochs	-1.0
472.13183964523313	0.9885000000000446	epochs	0.0
472.4799995422363	0.14836000000002514	epochs	0.0
472.4799995422363	0.06918030000002773	epochs	1.0
472.54917984223636	0.009999399999969683	epochs	1.0
472.5591792422363	0.06918030000002773	epochs	1.0
472.62835954223635	2.511479999999949	epochs	0.0
472.62835954223635	0.5	epochs	1.0
472.62836754223633	0.5	epochs	-1.0
473.12835954223635	1.0	epochs	1.0
474.12835954223635	1.011479999999949	epochs	1.0
474.62836754223633	0.5	epochs	-1.0
475.1398395422363	0.9885000000000446	epochs	0.0
475.49799966812134	0.14836000000002514	epochs	0.0
475.49799966812134	0.06918030000002773	epochs	1.0
475.56717996812137	0.009999399999969683	epochs	1.0
475.57717936812134	0.06918030000002773	epochs	1.0
475.64635966812136	2.511479999999949	epochs	0.0
475.64635966812136	0.5	epochs	1.0
475.64636766812134	0.5	epochs	-1.0
476.14635966812136	1.0	epochs	1.0
477.14635966812136	1.011479999999949	epochs	1.0
477.64636766812134	0.5	epochs	-1.0
478.1578396681213	0.9885000000000446	epochs	0.0
478.5499997138977	0.6499800000000278	epochs	0.0
478.5499997138977	0.05000000000001137	epochs	1.0
478.5999997138977	0.5	epochs	1.0
479.0999997138977	0.09998000000001639	epochs	1.0
479.6499996185303	0.6499800000000278	epochs	0.0
479.6499996185303	0.05000000000001137	epochs	1.0
479.6999996185303	0.5	epochs	1.0
480.1999996185303	0.09998000000001639	epochs	1.0
480.7059998512268	0.6499800000000278	epochs	0.0
480.7059998512268	0.05000000000001137	epochs	1.0
480.7559998512268	0.5	epochs	1.0
481.2559998512268	0.09998000000001639	epochs	1.0
481.7739996910095	0.6499800000000278	epochs	0.0
481.7739996910095	0.05000000000001137	epochs	1.0
481.82399969100953	0.5	epochs	1.0
482.32399969100953	0.09998000000001639	epochs	1.0
482.8479995727539	0.6499800000000278	epochs	0.0
482.8479995727539	0.05000000000001137	epochs	1.0
482.8979995727539	0.5	epochs	1.0
483.3979995727539	0.09998000000001639	epochs	1.0
483.9309997558594	0.6499800000000278	epochs	0.0
483.9309997558594	0.05000000000001137	epochs	1.0
483.9809997558594	0.5	epochs	1.0
484.4809997558594	0.09998000000001639	epochs	1.0
485.07499980926514	0.14836000000002514	epochs	0.0
485.07499980926514	0.06918030000002773	epochs	1.0
485.14418010926516	0.009999399999969683	epochs	1.0
485.15417950926513	0.06918030000002773	epochs	1.0
485.22335980926516	0.5514999999999759	epochs	0.0
485.22335980926516	0.5	epochs	1.0
485.22336780926514	0.5	epochs	-1.0
485.72335980926516	0.0514999999999759	epochs	1.0
485.77485980926514	4.948480000000018	epochs	0.0
505.2960000038147	0.14836000000002514	epochs	0.0
505.2960000038147	0.06918030000002773	epochs	1.0
505.3651803038147	0.009999399999969683	epochs	1.0
505.3751797038147	0.06918030000002773	epochs	1.0
505.4443600038147	2.5114599999999996	epochs	0.0
505.4443600038147	0.5	epochs	1.0
505.4443680038147	0.5	epochs	-1.0
505.9443600038147	1.0	epochs	1.0
506.9443600038147	1.0114599999999996	epochs	1.0
507.4443679038147	0.5	epochs	-1.0
507.9558200038147	2.988519999999994	epochs	0.0
510.54899978637695	0.14836000000002514	epochs	0.0
510.54899978637695	0.06918030000002773	epochs	1.0
510.618180086377	0.009999399999969683	epochs	1.0
510.62817948637695	0.06918030000002773	epochs	1.0
510.697359786377	2.5124799999999823	epochs	0.0
510.697359786377	0.5	epochs	1.0
510.69736778637696	0.5	epochs	-1.0
511.197359786377	1.0	epochs	1.0
512.197359786377	1.0124799999999823	epochs	1.0
512.697367686377	0.5	epochs	-1.0
513.209839786377	2.9874999999999545	epochs	0.0
515.856999874115	0.14836000000002514	epochs	0.0
515.856999874115	0.06918029999997088	epochs	1.0
515.926180174115	0.00999940000008337	epochs	1.0
515.936179574115	0.06918029999997088	epochs	1.0
516.005359874115	2.511480000000006	epochs	0.0
516.005359874115	0.5	epochs	1.0
516.005367874115	0.5	epochs	-1.0
516.505359874115	1.0	epochs	1.0
517.505359874115	1.011480000000006	epochs	1.0
518.005367874115	0.5	epochs	-1.0
518.516839874115	3.988499999999931	epochs	0.0
519.025999546051	0.14836000000002514	epochs	0.0
519.025999546051	0.06918029999997088	epochs	1.0
519.095179846051	0.00999940000008337	epochs	1.0
519.1051792460511	0.06918029999997088	epochs	1.0
519.174359546051	2.511480000000006	epochs	0.0
519.174359546051	0.5	epochs	1.0
519.174367546051	0.5	epochs	-1.0
519.674359546051	1.0	epochs	1.0
520.674359546051	1.011480000000006	epochs	1.0
521.174367546051	0.5	epochs	-1.0
521.685839546051	3.988499999999931	epochs	0.0
522.1539998054504	0.14836000000002514	epochs	0.0
522.1539998054504	0.06918029999997088	epochs	1.0
522.2231801054504	0.00999940000008337	epochs	1.0
522.2331795054505	0.06918029999997088	epochs	1.0
522.3023598054505	2.511480000000006	epochs	0.0
522.3023598054505	0.5	epochs	1.0
522.3023678054504	0.5	epochs	-1.0
522.8023598054505	1.0	epochs	1.0
523.8023598054505	1.011480000000006	epochs	1.0
524.3023678054504	0.5	epochs	-1.0
524.8138398054505	3.988499999999931	epochs	0.0
525.2999997138977	0.14836000000002514	epochs	0.0
525.2999997138977	0.06918029999997088	epochs	1.0
525.3691800138977	0.00999940000008337	epochs	1.0
525.3791794138978	0.06918029999997088	epochs	1.0
525.4483597138977	2.511579999999981	epochs	0.0
525.4483597138977	0.5	epochs	1.0
525.4483677138977	0.5	epochs	-1.0
525.9483597138977	1.0	epochs	1.0
526.9483597138977	1.0115799999999808	epochs	1.0
527.4483677138977	0.5	epochs	-1.0
527.9599397138977	3.988399999999956	epochs	0.0
528.4609999656677	0.14836000000002514	epochs	0.0
528.4609999656677	0.06918029999997088	epochs	1.0
528.5301802656677	0.00999940000008337	epochs	1.0
528.5401796656678	0.06918029999997088	epochs	1.0
528.6093599656677	2.5114999999999554	epochs	0.0
528.6093599656677	0.5	epochs	1.0
528.6093679656677	0.5	epochs	-1.0
529.1093599656677	1.0	epochs	1.0
530.1093599656677	1.0114999999999554	epochs	1.0
530.6093679656677	0.5	epochs	-1.0
531.1208599656677	3.9884799999999814	epochs	0.0
531.6349997520447	0.14836000000002514	epochs	0.0
531.6349997520447	0.06918029999997088	epochs	1.0
531.7041800520446	0.00999940000008337	epochs	1.0
531.7141794520447	0.06918029999997088	epochs	1.0
531.7833597520447	4.011480000000006	epochs	0.0
531.7833597520447	0.5	epochs	1.0
531.7833677520447	0.5	epochs	-1.0
532.2833597520447	1.0	epochs	1.0
533.2833597520447	2.511480000000006	epochs	1.0
533.7833677520447	0.5	epochs	-1.0
534.2833677520447	0.5	epochs	-1.0
534.7833677520447	0.5	epochs	-1.0
535.2833677520447	0.5	epochs	-1.0
535.7948397520447	2.488499999999931	epochs	0.0
536.4489998817444	0.15297999999995682	epochs	0.0
536.4489998817444	0.049999999999954525	epochs	1.0
536.4989998817443	0.0030000000000427463	epochs	1.0
536.5019998817444	0.09997999999995955	epochs	1.0
537.1710000038147	0.15297999999995682	epochs	0.0
537.1710000038147	0.049999999999954525	epochs	1.0
537.2210000038147	0.0030000000000427463	epochs	1.0
537.2240000038147	0.09997999999995955	epochs	1.0
537.8539996147156	0.15297999999995682	epochs	0.0
537.8539996147156	0.049999999999954525	epochs	1.0
537.9039996147155	0.0030000000000427463	epochs	1.0
537.9069996147156	0.09997999999995955	epochs	1.0
538.548999786377	0.15297999999995682	epochs	0.0
538.548999786377	0.049999999999954525	epochs	1.0
538.5989997863769	0.0030000000000427463	epochs	1.0
538.601999786377	0.09997999999995955	epochs	1.0
539.2349996566772	0.15297999999995682	epochs	0.0
539.2349996566772	0.049999999999954525	epochs	1.0
539.2849996566772	0.0030000000000427463	epochs	1.0
539.2879996566772	0.09997999999995955	epochs	1.0
539.9299998283386	0.15297999999995682	epochs	0.0
539.9299998283386	0.049999999999954525	epochs	1.0
539.9799998283386	0.0030000000000427463	epochs	1.0
539.9829998283386	0.09997999999995955	epochs	1.0
540.6419997215271	0.15297999999995682	epochs	0.0
540.6419997215271	0.049999999999954525	epochs	1.0
540.691999721527	0.0030000000000427463	epochs	1.0
540.6949997215271	0.09997999999995955	epochs	1.0
541.3699998855591	0.15297999999995682	epochs	0.0
541.3699998855591	0.049999999999954525	epochs	1.0
541.419999885559	0.0030000000000427463	epochs	1.0
541.4229998855591	0.09997999999995955	epochs	1.0
542.1129999160767	0.15297999999995682	epochs	0.0
542.1129999160767	0.049999999999954525	epochs	1.0
542.1629999160766	0.0030000000000427463	epochs	1.0
542.1659999160767	0.09997999999995955	epochs	1.0
542.83899974823	0.15297999999995682	epochs	0.0
542.83899974823	0.049999999999954525	epochs	1.0
542.8889997482299	0.0030000000000427463	epochs	1.0
542.89199974823	0.09997999999995955	epochs	1.0
543.5909996032715	0.15297999999995682	epochs	0.0
543.5909996032715	0.049999999999954525	epochs	1.0
543.6409996032714	0.0030000000000427463	epochs	1.0
543.6439996032715	0.09997999999995955	epochs	1.0
544.3359999656677	0.15297999999995682	epochs	0.0
544.3359999656677	0.049999999999954525	epochs	1.0
544.3859999656677	0.0030000000000427463	epochs	1.0
544.3889999656677	0.09997999999995955	epochs	1.0
545.1089997291565	0.15297999999995682	epochs	0.0
545.1089997291565	0.049999999999954525	epochs	1.0
545.1589997291564	0.0030000000000427463	epochs	1.0
545.1619997291565	0.09997999999995955	epochs	1.0
545.8889999389648	0.15297999999995682	epochs	0.0
545.8889999389648	0.049999999999954525	epochs	1.0
545.9389999389648	0.0030000000000427463	epochs	1.0
545.9419999389648	0.09997999999995955	epochs	1.0
546.6729998588562	0.15297999999995682	epochs	0.0
546.6729998588562	0.049999999999954525	epochs	1.0
546.7229998588562	0.0030000000000427463	epochs	1.0
546.7259998588562	0.09997999999995955	epochs	1.0
547.5239996910095	0.14836000000002514	epochs	0.0
547.5239996910095	0.06918029999997088	epochs	1.0
547.5931799910095	0.00999940000008337	epochs	1.0
547.6031793910096	0.06918029999997088	epochs	1.0
547.6723596910095	1.551499999999919	epochs	0.0
547.6723596910095	0.5	epochs	1.0
547.6723676910095	0.5	epochs	-1.0
548.1723596910095	0.0029999999999290594	epochs	1.0
548.1753596910095	1.04849999999999	epochs	1.0
548.6753675910095	0.5	epochs	-1.0
549.2238596910095	0.05148000000008324	epochs	0.0
549.7879996299744	0.14836000000002514	epochs	0.0
549.7879996299744	0.06918029999997088	epochs	1.0
549.8571799299743	0.00999940000008337	epochs	1.0
549.8671793299744	0.06918029999997088	epochs	1.0
549.9363596299744	0.5525000000000091	epochs	0.0
549.9363596299744	0.5	epochs	1.0
549.9363676299744	0.5	epochs	-1.0
550.4363596299744	0.0029999999999290594	epochs	1.0
550.4393596299743	0.049500000000080036	epochs	1.0
550.4888596299744	1.0504799999999932	epochs	0.0
562.9869999885559	0.14836000000002514	epochs	0.0
562.9869999885559	0.06918029999997088	epochs	1.0
563.0561802885559	0.00999940000008337	epochs	1.0
563.066179688556	0.06918029999997088	epochs	1.0
563.1353599885559	1.5514799999999696	epochs	0.0
563.1353599885559	0.5	epochs	1.0
563.1353679885559	0.5	epochs	-1.0
563.6353599885559	0.0029999999999290594	epochs	1.0
563.6383599885559	1.0484800000000405	epochs	1.0
564.1383678885559	0.5	epochs	-1.0
564.6868399885559	0.05150000000003274	epochs	0.0
565.2649998664856	0.14836000000002514	epochs	0.0
565.2649998664856	0.06918029999997088	epochs	1.0
565.3341801664856	0.00999940000008337	epochs	1.0
565.3441795664856	0.06918029999997088	epochs	1.0
565.4133598664856	1.551499999999919	epochs	0.0
565.4133598664856	0.5	epochs	1.0
565.4133678664856	0.5	epochs	-1.0
565.9133598664856	0.0029999999999290594	epochs	1.0
565.9163598664855	1.04849999999999	epochs	1.0
566.4163677664856	0.5	epochs	-1.0
566.9648598664855	0.05148000000008324	epochs	0.0
567.5629997253418	0.14836000000002514	epochs	0.0
567.5629997253418	0.06918029999997088	epochs	1.0
567.6321800253418	0.00999940000008337	epochs	1.0
567.6421794253419	0.06918029999997088	epochs	1.0
567.7113597253418	1.551499999999919	epochs	0.0
567.7113597253418	0.5	epochs	1.0
567.7113677253418	0.5	epochs	-1.0
568.2113597253418	0.0029999999999290594	epochs	1.0
568.2143597253418	1.04849999999999	epochs	1.0
568.7143676253418	0.5	epochs	-1.0
569.2628597253417	0.05148000000008324	epochs	0.0
569.8699998855591	0.14836000000002514	epochs	0.0
569.8699998855591	0.06918029999997088	epochs	1.0
569.939180185559	0.00999940000008337	epochs	1.0
569.9491795855591	0.06918029999997088	epochs	1.0
570.0183598855591	1.5524599999999964	epochs	0.0
570.0183598855591	0.5	epochs	1.0
570.0183678855591	0.5	epochs	-1.0
570.5183598855591	0.0029999999999290594	epochs	1.0
570.521359885559	1.0494600000000673	epochs	1.0
571.021367785559	0.5	epochs	-1.0
571.5708198855591	0.050520000000005894	epochs	0.0
572.2549996376038	0.14836000000002514	epochs	0.0
572.2549996376038	0.06918029999997088	epochs	1.0
572.3241799376037	0.00999940000008337	epochs	1.0
572.3341793376038	0.06918029999997088	epochs	1.0
572.4033596376038	0.5525000000000091	epochs	0.0
572.4033596376038	0.5	epochs	1.0
572.4033676376038	0.5	epochs	-1.0
572.9033596376038	0.0029999999999290594	epochs	1.0
572.9063596376037	0.049500000000080036	epochs	1.0
572.9558596376038	1.0504799999999932	epochs	0.0
585.610999584198	0.14836000000002514	epochs	0.0
585.610999584198	0.06918029999997088	epochs	1.0
585.680179884198	0.00999940000008337	epochs	1.0
585.690179284198	0.06918029999997088	epochs	1.0
585.759359584198	1.5516000000000076	epochs	0.0
585.759359584198	0.5	epochs	1.0
585.759367584198	0.5	epochs	-1.0
586.259359584198	0.0029999999999290594	epochs	1.0
586.262359584198	1.0486000000000786	epochs	1.0
586.762367484198	0.5	epochs	-1.0
587.310959584198	0.05137999999999465	epochs	0.0
587.9839997291565	0.14836000000002514	epochs	0.0
587.9839997291565	0.06918029999997088	epochs	1.0
588.0531800291565	0.00999940000008337	epochs	1.0
588.0631794291565	0.06918029999997088	epochs	1.0
588.1323597291565	1.511480000000006	epochs	0.0
588.1323597291565	0.5	epochs	1.0
588.1323677291565	0.5	epochs	-1.0
588.6323597291565	0.0029999999999290594	epochs	1.0
588.6353597291564	1.0084800000000769	epochs	1.0
589.1353676291565	0.5	epochs	-1.0
589.6438397291565	0.09149999999999636	epochs	0.0
590.3249998092651	0.14836000000002514	epochs	0.0
590.3249998092651	0.06918029999997088	epochs	1.0
590.3941801092651	0.00999940000008337	epochs	1.0
590.4041795092652	0.06918029999997088	epochs	1.0
590.4733598092652	1.511480000000006	epochs	0.0
590.4733598092652	0.5	epochs	1.0
590.4733678092651	0.5	epochs	-1.0
590.9733598092652	0.0029999999999290594	epochs	1.0
590.9763598092651	1.0084800000000769	epochs	1.0
591.4763677092651	0.5	epochs	-1.0
591.9848398092652	0.09149999999999636	epochs	0.0
614.2069997787476	0.14836000000002514	epochs	0.0
614.2069997787476	0.06918029999997088	epochs	1.0
614.2761800787475	0.00999940000008337	epochs	1.0
614.2861794787476	0.06918029999997088	epochs	1.0
614.3553597787476	6.431280000000015	epochs	0.0
614.3553597787476	0.5	epochs	1.0
614.3553677787476	0.5	epochs	-1.0
614.8553597787476	5.931280000000015	epochs	1.0
619.7868197787476	0.9998199999999997	epochs	-1.0
619.7868197787476	0.03987999999992553	epochs	-1.0
620.2843076787476	0.5	epochs	-1.0
620.7866397787476	13.068699999999922	epochs	0.0
621.7859997749329	0.14836000000002514	epochs	0.0
621.7859997749329	0.06918029999997088	epochs	1.0
621.8551800749328	0.00999940000008337	epochs	1.0
621.8651794749329	0.06918029999997088	epochs	1.0
621.9343597749329	6.532320000000027	epochs	0.0
621.9343597749329	0.5	epochs	1.0
621.9343677749329	0.5	epochs	-1.0
622.4343597749329	6.032320000000027	epochs	1.0
627.4667997749328	0.9998800000000756	epochs	-1.0
627.4667997749328	0.03989999999998872	epochs	-1.0
627.9642876749328	0.5	epochs	-1.0
628.4666797749329	12.96765999999991	epochs	0.0
629.2349996566772	0.14836000000002514	epochs	0.0
629.2349996566772	0.06918029999997088	epochs	1.0
629.3041799566772	0.00999940000008337	epochs	1.0
629.3141793566773	0.06918029999997088	epochs	1.0
629.3833596566773	9.65125999999998	epochs	0.0
629.3833596566773	0.5	epochs	1.0
629.3833676566773	0.5	epochs	-1.0
629.8833596566773	9.15125999999998	epochs	1.0
634.5147996566773	4.5198199999999815	epochs	-1.0
634.5147996566773	0.04088000000001557	epochs	-1.0
635.0122875566773	0.5	epochs	-1.0
635.5122875566773	0.5	epochs	-1.0
636.0122875566773	0.5	epochs	-1.0
636.5122875566773	0.5	epochs	-1.0
637.0122875566773	0.5	epochs	-1.0
637.5122875566773	0.5	epochs	-1.0
638.0122875566773	0.5	epochs	-1.0
638.5122875566773	0.5	epochs	-1.0
639.0346196566773	9.848719999999958	epochs	0.0
647.6459999084473	0.14836000000002514	epochs	0.0
647.6459999084473	0.06918029999997088	epochs	1.0
647.7151802084472	0.00999940000008337	epochs	1.0
647.7251796084473	0.06918029999997088	epochs	1.0
647.7943599084473	1.552500000000009	epochs	0.0
647.7943599084473	0.5	epochs	1.0
647.7943679084473	0.5	epochs	-1.0
648.2943599084473	0.0029999999999290594	epochs	1.0
648.2973599084472	1.04950000000008	epochs	1.0
648.7973678084472	0.5	epochs	-1.0
649.3468599084473	0.0504799999999932	epochs	0.0
650.106999874115	0.14836000000002514	epochs	0.0
650.106999874115	0.06918029999997088	epochs	1.0
650.176180174115	0.00999940000008337	epochs	1.0
650.186179574115	0.06918029999997088	epochs	1.0
650.255359874115	0.551499999999919	epochs	0.0
650.255359874115	0.5	epochs	1.0
650.255367874115	0.5	epochs	-1.0
650.755359874115	0.0029999999999290594	epochs	1.0
650.758359874115	0.048499999999989996	epochs	1.0
650.8068598741149	1.0514800000000832	epochs	0.0
652.2699999809265	0.14836000000002514	epochs	0.0
652.2699999809265	0.06918029999997088	epochs	1.0
652.3391802809265	0.00999940000008337	epochs	1.0
652.3491796809266	0.06918029999997088	epochs	1.0
652.4183599809265	0.551499999999919	epochs	0.0
652.4183599809265	0.5	epochs	1.0
652.4183679809265	0.5	epochs	-1.0
652.9183599809265	0.0029999999999290594	epochs	1.0
652.9213599809265	0.048499999999989996	epochs	1.0
652.9698599809265	1.0514800000000832	epochs	0.0
665.5239996910095	0.14836000000002514	epochs	0.0
665.5239996910095	0.06918029999997088	epochs	1.0
665.5931799910095	0.00999940000008337	epochs	1.0
665.6031793910096	0.06918029999997088	epochs	1.0
665.6723596910095	1.552500000000009	epochs	0.0
665.6723596910095	0.5	epochs	1.0
665.6723676910095	0.5	epochs	-1.0
666.1723596910095	0.0029999999999290594	epochs	1.0
666.1753596910095	1.04950000000008	epochs	1.0
666.6753675910095	0.5	epochs	-1.0
667.2248596910096	0.0504799999999932	epochs	0.0
667.9969997406006	0.14836000000002514	epochs	0.0
667.9969997406006	0.06918029999997088	epochs	1.0
668.0661800406006	0.00999940000008337	epochs	1.0
668.0761794406006	0.06918029999997088	epochs	1.0
668.1453597406006	1.551499999999919	epochs	0.0
668.1453597406006	0.5	epochs	1.0
668.1453677406006	0.5	epochs	-1.0
668.6453597406006	0.0029999999999290594	epochs	1.0
668.6483597406005	1.04849999999999	epochs	1.0
669.1483676406006	0.5	epochs	-1.0
669.6968597406005	0.05148000000008324	epochs	0.0
670.4889998435974	0.14836000000002514	epochs	0.0
670.4889998435974	0.06918029999997088	epochs	1.0
670.5581801435974	0.00999940000008337	epochs	1.0
670.5681795435975	0.06918029999997088	epochs	1.0
670.6373598435974	0.5525000000000091	epochs	0.0
670.6373598435974	0.5	epochs	1.0
670.6373678435974	0.5	epochs	-1.0
671.1373598435974	0.0029999999999290594	epochs	1.0
671.1403598435974	0.049500000000080036	epochs	1.0
671.1898598435974	1.0504799999999932	epochs	0.0
672.6809997558594	0.14836000000002514	epochs	0.0
672.6809997558594	0.06918029999997088	epochs	1.0
672.7501800558593	0.00999940000008337	epochs	1.0
672.7601794558594	0.06918029999997088	epochs	1.0
672.8293597558594	1.552500000000009	epochs	0.0
672.8293597558594	0.5	epochs	1.0
672.8293677558594	0.5	epochs	-1.0
673.3293597558594	0.0029999999999290594	epochs	1.0
673.3323597558593	1.04950000000008	epochs	1.0
673.8323676558593	0.5	epochs	-1.0
674.3818597558594	0.0504799999999932	epochs	0.0
675.1839995384216	0.14836000000002514	epochs	0.0
675.1839995384216	0.06918029999997088	epochs	1.0
675.2531798384216	0.00999940000008337	epochs	1.0
675.2631792384217	0.06918029999997088	epochs	1.0
675.3323595384217	1.552500000000009	epochs	0.0
675.3323595384217	0.5	epochs	1.0
675.3323675384216	0.5	epochs	-1.0
675.8323595384217	0.0029999999999290594	epochs	1.0
675.8353595384216	1.04950000000008	epochs	1.0
676.3353674384216	0.5	epochs	-1.0
676.8848595384217	0.0504799999999932	epochs	0.0
677.7039999961853	0.14836000000002514	epochs	0.0
677.7039999961853	0.06918029999997088	epochs	1.0
677.7731802961853	0.00999940000008337	epochs	1.0
677.7831796961854	0.06918029999997088	epochs	1.0
677.8523599961853	1.551499999999919	epochs	0.0
677.8523599961853	0.5	epochs	1.0
677.8523679961853	0.5	epochs	-1.0
678.3523599961853	0.0029999999999290594	epochs	1.0
678.3553599961853	1.04849999999999	epochs	1.0
678.8553678961853	0.5	epochs	-1.0
679.4038599961852	0.05148000000008324	epochs	0.0
689.7999997138977	0.14832000000001244	epochs	0.0
689.7999997138977	0.06916160000002947	epochs	1.0
689.8691613138977	0.00999679999995351	epochs	1.0
689.8791581138977	0.06916160000002947	epochs	1.0
689.9483197138977	2.0	epochs	0.0
691.9483197138977	5.391200000000026	epochs	0.0
691.9483197138977	1.0	epochs	1.0
691.9483677138977	0.5	epochs	-1.0
692.4483677138977	4.891152000000034	epochs	-1.0
692.9483197138977	4.391200000000026	epochs	1.0
692.9483197138977	4.356753899999944	epochs	-1.0
692.9483197138977	1.9745871999999736	epochs	2.0
692.9483197138977	1.0985621999999466	epochs	3.0
694.0468819138977	0.8760250000000269	epochs	3.0
694.9229069138977	1.3524075000000266	epochs	2.0
694.9229069138977	0.7286354999999958	epochs	3.0
695.6515424138977	0.6237720000000309	epochs	3.0
696.2753144138977	1.029759199999944	epochs	2.0
696.2753144138977	0.5453292999999348	epochs	3.0
696.8206437138977	0.4844299000000092	epochs	3.0
697.3050736138977	0.03444610000008197	epochs	2.0
697.3050736138977	0.03444610000008197	epochs	3.0
697.3395197138977	16.60871999999995	epochs	0.0
698.3589997291565	0.14832000000001244	epochs	0.0
698.3589997291565	0.06916160000002947	epochs	1.0
698.4281613291565	0.00999679999995351	epochs	1.0
698.4381581291565	0.06916160000002947	epochs	1.0
698.5073197291565	2.0	epochs	0.0
700.5073197291565	21.55111999999997	epochs	0.0
700.5073197291565	1.0	epochs	1.0
700.5073677291565	0.5	epochs	-1.0
701.0073677291565	19.998399999999947	epochs	-1.0
701.5073197291565	20.0	epochs	1.0
701.5073197291565	4.356753899999944	epochs	-1.0
701.5073197291565	1.9745871999999736	epochs	2.0
701.5073197291565	1.0985621999999466	epochs	3.0
702.6058819291565	0.8760250000000269	epochs	3.0
703.4819069291565	1.3524075000000266	epochs	2.0
703.4819069291565	0.7286354999999958	epochs	3.0
704.2105424291565	0.6237720000000309	epochs	3.0
704.8343144291565	1.029759199999944	epochs	2.0
704.8343144291565	0.5453292999999348	epochs	3.0
705.3796437291564	0.4844299000000092	epochs	3.0
705.8640736291565	0.8317862000000105	epochs	2.0
705.8640736291565	0.4357763000000432	epochs	3.0
706.2998499291565	0.3960098999999673	epochs	3.0
706.6958598291565	0.6977970000000369	epochs	2.0
706.6958598291565	0.3628982000000178	epochs	3.0
707.0587580291565	0.33489880000001904	epochs	3.0
707.3936568291565	0.601045699999986	epochs	2.0
707.3936568291565	0.3109123000000409	epochs	3.0
707.7045691291565	0.29013339999994514	epochs	3.0
707.9947025291565	0.5278859000000011	epochs	2.0
707.9947025291565	0.2719586000000618	epochs	3.0
708.2666611291565	0.25592729999993935	epochs	3.0
708.5225884291565	0.470619299999953	epochs	2.0
708.5225884291565	0.241681299999982	epochs	3.0
708.7642697291565	0.228937999999971	epochs	3.0
708.9932077291564	0.42457040000010693	epochs	2.0
708.9932077291564	0.21747140000002219	epochs	3.0
709.2106791291565	0.20709900000008474	epochs	3.0
709.4177781291565	0.3867353999999068	epochs	2.0
709.4177781291565	0.19767109999997956	epochs	3.0
709.6154492291565	0.18906429999992724	epochs	3.0
709.8045135291565	0.3550953000000163	epochs	2.0
709.8045135291565	0.18117590000008477	epochs	3.0
709.9856894291565	0.17391939999993156	epochs	3.0
710.1596088291565	0.3282431000000088	epochs	2.0
710.1596088291565	0.1672219000000723	epochs	3.0
710.3268307291565	0.16102119999993647	epochs	3.0
710.4878519291565	0.30516799999998057	epochs	2.0
710.4878519291565	0.15526390000002266	epochs	3.0
710.6431158291565	0.1499040999999579	epochs	3.0
710.7930199291565	0.28512530000000424	epochs	2.0
710.7930199291565	0.1449021000000812	epochs	3.0
710.9379220291565	0.14022319999992305	epochs	3.0
711.0781452291565	0.267553800000087	epochs	2.0
711.0781452291565	0.1358369000000721	epochs	3.0
711.2139821291565	0.1317169000000149	epochs	3.0
711.3456990291565	0.252022899999929	epochs	2.0
711.3456990291565	0.1278392999998914	epochs	3.0
711.4735383291564	0.12418360000003759	epochs	3.0
711.5977219291565	0.23819650000007186	epochs	2.0
711.5977219291565	0.12073110000005727	epochs	3.0
711.7184530291565	0.1174654000000146	epochs	3.0
711.8359184291565	0.2258087999999816	epochs	2.0
711.8359184291565	0.1143718999999237	epochs	3.0
711.9502903291565	0.1114369000000579	epochs	3.0
712.0617272291565	0.2146460000000161	epochs	2.0
712.0617272291565	0.10864889999993466	epochs	3.0
712.1703761291565	0.10599710000008145	epochs	3.0
712.2763732291565	0.20453499999996438	epochs	2.0
712.2763732291565	0.10347149999995509	epochs	3.0
712.3798447291565	0.1010635000000093	epochs	3.0
712.4809082291565	0.19533400000000256	epochs	2.0
712.4809082291565	0.09876510000003691	epochs	3.0
712.5796733291565	0.09656889999996565	epochs	3.0
712.6762422291565	0.18692529999998442	epochs	2.0
712.6762422291565	0.09446830000001682	epochs	3.0
712.7707105291565	0.09245699999996759	epochs	3.0
712.8631675291565	0.17921069999999872	epochs	2.0
712.8631675291565	0.09052959999996801	epochs	3.0
712.9536971291565	0.08868110000003071	epochs	3.0
713.0423782291565	0.17210769999996955	epochs	2.0
713.0423782291565	0.08690630000000965	epochs	3.0
713.1292845291565	0.0852013999999599	epochs	3.0
713.2144859291565	0.16554640000003928	epochs	2.0
713.2144859291565	0.08356190000006336	epochs	3.0
713.2980478291565	0.08198449999997592	epochs	3.0
713.3800323291565	0.15946710000002895	epochs	2.0
713.3800323291565	0.08046539999998004	epochs	3.0
713.4604977291565	0.07900170000004891	epochs	3.0
713.5394994291565	0.15381839999997737	epochs	2.0
713.5394994291565	0.07759009999995214	epochs	3.0
713.6170895291565	0.07622830000002523	epochs	3.0
713.6933178291565	0.14855639999996129	epochs	2.0
713.6933178291565	0.07491329999993468	epochs	3.0
713.7682311291564	0.0736431000000266	epochs	3.0
713.8418742291565	0.14364239999997608	epochs	2.0
713.8418742291565	0.07241499999997814	epochs	3.0
713.9142892291565	0.07122739999999794	epochs	3.0
713.9855166291565	0.13904310000009446	epochs	2.0
713.9855166291565	0.07007800000008046	epochs	3.0
714.0555946291565	0.06896510000001399	epochs	3.0
714.1245597291565	0.1347293000000036	epochs	2.0
714.1245597291565	0.0678871000000072	epochs	3.0
714.1924468291566	0.06684219999999641	epochs	3.0
714.2592890291565	0.13067519999992783	epochs	2.0
714.2592890291565	0.06582909999997355	epochs	3.0
714.3251181291565	0.06484609999995428	epochs	3.0
714.3899642291565	0.12685780000003888	epochs	2.0
714.3899642291565	0.06389200000000983	epochs	3.0
714.4538562291565	0.06296580000002905	epochs	3.0
714.5168220291565	0.12325720000001184	epochs	2.0
714.5168220291565	0.06206580000002759	epochs	3.0
714.5788878291565	0.06119139999998424	epochs	3.0
714.6400792291565	0.11985540000000583	epochs	2.0
714.6400792291565	0.060341099999959624	epochs	3.0
714.7004203291565	0.059514300000046205	epochs	3.0
714.7599346291565	0.11663620000001629	epochs	2.0
714.7599346291565	0.058709599999929196	epochs	3.0
714.8186442291565	0.05792660000008709	epochs	3.0
714.8765708291565	0.11358559999996487	epochs	2.0
714.8765708291565	0.05716419999998834	epochs	3.0
714.9337350291565	0.05642139999997653	epochs	3.0
714.9901564291565	0.11069050000003244	epochs	2.0
714.9901564291565	0.05569789999992736	epochs	3.0
715.0458543291564	0.054992600000105085	epochs	3.0
715.1008469291565	0.10793909999995321	epochs	2.0
715.1008469291565	0.05430489999992005	epochs	3.0
715.1551518291565	0.05363420000003316	epochs	3.0
715.2087860291565	0.10532149999994544	epochs	2.0
715.2087860291565	0.05298000000004777	epochs	3.0
715.2617660291565	0.05234149999989768	epochs	3.0
715.3141075291564	0.10282760000006874	epochs	2.0
715.3141075291564	0.05171810000001642	epochs	3.0
715.3658256291565	0.05110950000005232	epochs	3.0
715.4169351291565	0.10044909999999163	epochs	2.0
715.4169351291565	0.05051489999993919	epochs	3.0
715.4674500291565	0.04993420000005244	epochs	3.0
715.5173842291565	0.0981782999999723	epochs	2.0
715.5173842291565	0.04936659999998483	epochs	3.0
715.5667508291565	0.04881169999998747	epochs	3.0
715.6155625291565	0.09600780000005216	epochs	2.0
715.6155625291565	0.04826920000004975	epochs	3.0
715.6638317291565	0.04773860000000241	epochs	3.0
715.7115703291565	0.09393119999992905	epochs	2.0
715.7115703291565	0.04721949999998287	epochs	3.0
715.7587898291565	0.04671169999994618	epochs	3.0
715.8055015291565	0.09194260000003851	epochs	2.0
715.8055015291565	0.046214599999984785	epochs	3.0
715.8517161291564	0.045728000000053726	epochs	3.0
715.8974441291565	0.09003629999995155	epochs	2.0
715.8974441291565	0.045251499999949374	epochs	3.0
715.9426956291564	0.04478480000000218	epochs	3.0
715.9874804291564	0.08820760000003247	epochs	2.0
715.9874804291564	0.044327800000019124	epochs	3.0
716.0318082291565	0.04387980000001335	epochs	3.0
716.0756880291565	0.0864516999999978	epochs	2.0
716.0756880291565	0.04344100000002982	epochs	3.0
716.1191290291565	0.04301069999996798	epochs	3.0
716.1621397291565	0.08476429999996071	epochs	2.0
716.1621397291565	0.04258900000002086	epochs	3.0
716.2047287291565	0.04217529999993985	epochs	3.0
716.2469040291564	0.08314150000001064	epochs	2.0
716.2469040291564	0.04176970000003166	epochs	3.0
716.2886737291565	0.041371799999978975	epochs	3.0
716.3300455291565	0.08157970000002024	epochs	2.0
716.3300455291565	0.04098140000007788	epochs	3.0
716.3710269291565	0.040598299999942355	epochs	3.0
716.4116252291565	0.08007550000002084	epochs	2.0
716.4116252291565	0.04022229999998217	epochs	3.0
716.4518475291565	0.03985320000003867	epochs	3.0
716.4917007291565	0.07862569999997504	epochs	2.0
716.4917007291565	0.0394907999999532	epochs	3.0
716.5311915291564	0.039134900000021844	epochs	3.0
716.5703264291565	0.07722760000001472	epochs	2.0
716.5703264291565	0.038785400000051595	epochs	3.0
716.6091118291565	0.03844219999996312	epochs	3.0
716.6475540291565	0.07587820000003376	epochs	2.0
716.6475540291565	0.038104800000041905	epochs	3.0
716.6856588291565	0.03777339999999185	epochs	3.0
716.7234322291565	0.0745752000000266	epochs	2.0
716.7234322291565	0.03744770000002973	epochs	3.0
716.7608799291565	0.03712749999999687	epochs	3.0
716.7980074291565	0.07331629999998768	epochs	2.0
716.7980074291565	0.036812899999972615	epochs	3.0
716.8348203291565	0.03650340000001506	epochs	3.0
716.8713237291565	0.07209899999998015	epochs	2.0
716.8713237291565	0.03619909999997617	epochs	3.0
716.9075228291565	0.03589990000000398	epochs	3.0
716.9434227291565	0.07092169999998532	epochs	2.0
716.9434227291565	0.03560559999993984	epochs	3.0
716.9790283291564	0.03531610000004548	epochs	3.0
717.0143444291565	0.06978200000003199	epochs	2.0
717.0143444291565	0.03503120000004856	epochs	3.0
717.0493756291565	0.03475079999998343	epochs	3.0
717.0841264291565	0.06867859999999837	epochs	2.0
717.0841264291565	0.03447510000000875	epochs	3.0
717.1186015291565	0.03420349999998962	epochs	3.0
717.1528050291565	0.06760929999995824	epochs	2.0
717.1528050291565	0.033936199999970995	epochs	3.0
717.1867412291565	0.033673099999987244	epochs	3.0
717.2204143291565	0.06657289999998284	epochs	2.0
717.2204143291565	0.03341399999999339	epochs	3.0
717.2538283291565	0.033158899999989444	epochs	3.0
717.2869872291565	0.06556780000005347	epochs	2.0
717.2869872291565	0.032907700000009754	epochs	3.0
717.3198949291565	0.03266010000004371	epochs	3.0
717.3525550291565	0.06459259999996902	epochs	2.0
717.3525550291565	0.032416399999988244	epochs	3.0
717.3849714291565	0.03217619999998078	epochs	3.0
717.4171476291565	0.06364600000006249	epochs	2.0
717.4171476291565	0.03193959999998697	epochs	3.0
717.4490872291565	0.03170640000007552	epochs	3.0
717.4807936291566	0.0627266999999847	epochs	2.0
717.4807936291566	0.031476599999905375	epochs	3.0
717.5122702291565	0.03125010000007933	epochs	3.0
717.5435203291565	0.06183359999999993	epochs	2.0
717.5435203291565	0.03102689999991526	epochs	3.0
717.5745472291565	0.030806700000084675	epochs	3.0
717.6053539291565	0.060965599999917686	epochs	2.0
717.6053539291565	0.030589799999916067	epochs	3.0
717.6359437291565	0.030375800000001618	epochs	3.0
717.6663195291565	0.06012160000000222	epochs	2.0
717.6663195291565	0.030164900000045236	epochs	3.0
717.6964844291565	0.02995669999995698	epochs	3.0
717.7264411291565	0.05930069999999432	epochs	2.0
717.7264411291565	0.029751600000054168	epochs	3.0
717.7561927291565	0.029549099999940154	epochs	3.0
717.7857418291564	0.05850180000004457	epochs	2.0
717.7857418291564	0.02934940000000097	epochs	3.0
717.8150912291565	0.0291524000000436	epochs	3.0
717.8442436291565	0.057724200000052406	epochs	2.0
717.8442436291565	0.028957999999988715	epochs	3.0
717.8732016291565	0.02876620000006369	epochs	3.0
717.9019678291565	0.05696709999995164	epochs	2.0
717.9019678291565	0.028576999999927466	epochs	3.0
717.9305448291565	0.028390100000024177	epochs	3.0
717.9589349291565	0.05622949999997218	epochs	2.0
717.9589349291565	0.028205699999944045	epochs	3.0
717.9871406291564	0.028023800000028132	epochs	3.0
718.0151644291565	0.05551070000001346	epochs	2.0
718.0151644291565	0.02784400000007281	epochs	3.0
718.0430084291565	0.027666699999940647	epochs	3.0
718.0706751291565	0.054810200000019904	epochs	2.0
718.0706751291565	0.02749149999999645	epochs	3.0
718.0981666291565	0.027318700000023455	epochs	3.0
718.1254853291565	0.05412699999999404	epochs	2.0
718.1254853291565	0.027147799999966082	epochs	3.0
718.1526331291565	0.02697920000002796	epochs	3.0
718.1796123291565	0.053460699999959616	epochs	2.0
718.1796123291565	0.0268125999999711	epochs	3.0
718.2064249291565	0.026648099999988517	epochs	3.0
718.2330730291565	0.05281070000000909	epochs	2.0
718.2330730291565	0.026485600000000886	epochs	3.0
718.2595586291565	0.026325100000008206	epochs	3.0
718.2858837291565	0.05217620000007628	epochs	2.0
718.2858837291565	0.026166400000079193	epochs	3.0
718.3120501291565	0.026009799999997085	epochs	3.0
718.3380599291565	0.051556699999991906	epochs	2.0
718.3380599291565	0.025854799999933675	epochs	3.0
718.3639147291565	0.02570190000005823	epochs	3.0
718.3896166291565	0.05095189999997274	epochs	2.0
718.3896166291565	0.025550699999939752	epochs	3.0
718.4151673291565	0.025401200000032986	epochs	3.0
718.4405685291565	0.05036099999995258	epochs	2.0
718.4405685291565	0.025253499999962514	epochs	3.0
718.4658220291565	0.02510749999999007	epochs	3.0
718.4909295291565	0.049783800000000156	epochs	2.0
718.4909295291565	0.02496320000000196	epochs	3.0
718.5158927291565	0.024820599999998194	epochs	3.0
718.5407133291565	0.049219500000049266	epochs	2.0
718.5407133291565	0.02467940000008184	epochs	3.0
718.5653927291565	0.024540099999967424	epochs	3.0
718.5899328291565	0.048667899999941255	epochs	2.0
718.5899328291565	0.02440209999997478	epochs	3.0
718.6143349291565	0.024265799999966475	epochs	3.0
718.6386007291565	0.04812860000004093	epochs	2.0
718.6386007291565	0.024131000000011227	epochs	3.0
718.6627317291565	0.023997600000029706	epochs	3.0
718.6867293291565	0.04760109999995166	epochs	2.0
718.6867293291565	0.023865799999953197	epochs	3.0
718.7105951291564	0.02373529999999846	epochs	3.0
718.7343304291564	0.047085000000038235	epochs	2.0
718.7343304291564	0.02360630000009678	epochs	3.0
718.7579367291565	0.023478699999941455	epochs	3.0
718.7814154291565	0.04658000000006268	epochs	2.0
718.7814154291565	0.02335249999998723	epochs	3.0
718.8047679291565	0.02322750000007545	epochs	3.0
718.8279954291565	0.04608569999993506	epochs	2.0
718.8279954291565	0.023103999999989355	epochs	3.0
718.8510994291565	0.022981699999945704	epochs	3.0
718.8740811291565	0.045601799999985815	epochs	2.0
718.8740811291565	0.022860700000023826	epochs	3.0
718.8969418291565	0.02274109999996199	epochs	3.0
718.9196829291565	0.04512790000001132	epochs	2.0
718.9196829291565	0.022622500000011314	epochs	3.0
718.9423054291565	0.02250540000000001	epochs	3.0
718.9648108291565	0.044663799999966614	epochs	2.0
718.9648108291565	0.02238929999998618	epochs	3.0
718.9872001291565	0.022274499999980435	epochs	3.0
719.0094746291564	0.04420920000006845	epochs	2.0
719.0094746291564	0.022160800000051495	epochs	3.0
719.0316354291565	0.022048400000016954	epochs	3.0
719.0536838291565	0.043763600000033875	epochs	2.0
719.0536838291565	0.021936900000014248	epochs	3.0
719.0756207291565	0.021826700000019628	epochs	3.0
719.0974474291565	0.04332709999994222	epochs	2.0
719.0974474291565	0.021717599999988124	epochs	3.0
719.1191650291565	0.021609499999954096	epochs	3.0
719.1407745291565	0.04289900000003399	epochs	2.0
719.1407745291565	0.02150249999999687	epochs	3.0
719.1622770291565	0.021396500000037122	epochs	3.0
719.1836735291565	0.042479500000013104	epochs	2.0
719.1836735291565	0.02129170000000613	epochs	3.0
719.2049652291565	0.021187800000006973	epochs	3.0
719.2261530291565	0.042067900000006375	epochs	2.0
719.2261530291565	0.02108490000000529	epochs	3.0
719.2472379291565	0.020983000000001084	epochs	3.0
719.2682209291565	0.04166439999994509	epochs	2.0
719.2682209291565	0.020882199999959994	epochs	3.0
719.2891031291565	0.020782199999985096	epochs	3.0
719.3098853291565	0.04126850000000104	epochs	2.0
719.3098853291565	0.020683299999973315	epochs	3.0
719.3305686291565	0.020585200000027726	epochs	3.0
719.3511538291565	0.04088000000001557	epochs	2.0
719.3511538291565	0.020488099999965925	epochs	3.0
719.3716419291565	0.020391900000049645	epochs	3.0
719.3920338291565	0.04049880000002304	epochs	2.0
719.3920338291565	0.020296599999937825	epochs	3.0
719.4123304291564	0.020202200000085213	epochs	3.0
719.4325326291565	0.04012460000001283	epochs	2.0
719.4325326291565	0.020108699999923374	epochs	3.0
719.4526413291564	0.02001590000008946	epochs	3.0
719.4726572291565	0.039757299999905626	epochs	2.0
719.4726572291565	0.019924199999991288	epochs	3.0
719.4925814291565	0.01983309999991434	epochs	3.0
719.5124145291564	0.03939669999999751	epochs	2.0
719.5124145291564	0.01974300000006224	epochs	3.0
719.5321575291565	0.01965369999993527	epochs	3.0
719.5518112291564	0.039042400000084854	epochs	2.0
719.5518112291564	0.01956510000002254	epochs	3.0
719.5713763291565	0.019477300000062314	epochs	3.0
719.5908536291565	0.03869459999998526	epochs	2.0
719.5908536291565	0.019390400000020236	epochs	3.0
719.6102440291565	0.01930419999996502	epochs	3.0
719.6295482291565	0.03835289999994984	epochs	2.0
719.6295482291565	0.019218799999976	epochs	3.0
719.6487670291565	0.01913409999997384	epochs	3.0
719.6679011291565	0.03801720000001296	epochs	2.0
719.6679011291565	0.019050200000037876	epochs	3.0
719.6869513291565	0.018966999999975087	epochs	3.0
719.7059183291565	0.037687200000050325	epochs	2.0
719.7059183291565	0.01888450000001285	epochs	3.0
719.7248028291565	0.018802700000037476	epochs	3.0
719.7436055291565	0.03736309999999321	epochs	2.0
719.7436055291565	0.018721700000014607	epochs	3.0
719.7623272291565	0.018641399999978603	epochs	3.0
719.7809686291565	0.03704429999993408	epochs	2.0
719.7809686291565	0.01856159999999818	epochs	3.0
719.7995302291565	0.018482699999935903	epochs	3.0
719.8180129291565	0.0367310000000316	epochs	2.0
719.8180129291565	0.018404300000042895	epochs	3.0
719.8364172291565	0.018326699999988705	epochs	3.0
719.8547439291565	0.036422900000047775	epochs	2.0
719.8547439291565	0.018249599999990096	epochs	3.0
719.8729935291565	0.01817330000005768	epochs	3.0
719.8911668291565	0.03612009999994825	epochs	2.0
719.8911668291565	0.01809759999991911	epochs	3.0
719.9092644291565	0.01802250000002914	epochs	3.0
719.9272869291565	0.03582210000001851	epochs	2.0
719.9272869291565	0.017947899999967376	epochs	3.0
719.9452348291564	0.017874200000051133	epochs	3.0
719.9631090291565	0.03552899999999681	epochs	2.0
719.9631090291565	0.017800800000031813	epochs	3.0
719.9809098291565	0.017728199999965	epochs	3.0
719.9986380291565	0.03524070000003121	epochs	2.0
719.9986380291565	0.017656099999953767	epochs	3.0
720.0162941291564	0.017584600000077444	epochs	3.0
720.0338787291565	0.03495709999992869	epochs	2.0
720.0338787291565	0.01751369999999497	epochs	3.0
720.0513924291565	0.017443399999933717	epochs	3.0
720.0688358291565	0.03467790000001969	epochs	2.0
720.0688358291565	0.017373600000041733	epochs	3.0
720.0862094291565	0.017304299999977957	epochs	3.0
720.1035137291565	0.03440330000000813	epochs	2.0
720.1035137291565	0.01723570000001473	epochs	3.0
720.1207494291565	0.0171675999999934	epochs	3.0
720.1379170291565	0.0341328000000658	epochs	2.0
720.1379170291565	0.017099900000062007	epochs	3.0
720.1550169291565	0.017032900000003792	epochs	3.0
720.1720498291565	0.033866699999975935	epochs	2.0
720.1720498291565	0.01696640000000116	epochs	3.0
720.1890162291566	0.016900299999974777	epochs	3.0
720.2059165291565	0.03360459999998966	epochs	2.0
720.2059165291565	0.01683479999996962	epochs	3.0
720.2227513291565	0.01676980000002004	epochs	3.0
720.2395211291565	0.033346599999958926	epochs	2.0
720.2395211291565	0.016705300000012357	epochs	3.0
720.2562264291565	0.01664129999994657	epochs	3.0
720.2728677291565	0.03309250000006614	epochs	2.0
720.2728677291565	0.016577800000050047	epochs	3.0
720.2894455291565	0.01651470000001609	epochs	3.0
720.3059602291565	0.03284229999997024	epochs	2.0
720.3059602291565	0.01645220000000336	epochs	3.0
720.3224124291565	0.01639009999996688	epochs	3.0
720.3388025291565	0.03259570000000167	epochs	2.0
720.3388025291565	0.016328400000020338	epochs	3.0
720.3551309291565	0.016267299999981333	epochs	3.0
720.3713982291565	0.032352899999978035	epochs	2.0
720.3713982291565	0.016206600000032267	epochs	3.0
720.3876048291565	0.016146299999945768	epochs	3.0
720.4037511291565	0.03211369999996805	epochs	2.0
720.4037511291565	0.016086599999994178	epochs	3.0
720.4198377291565	0.01602709999997387	epochs	3.0
720.4358648291565	0.03187800000000607	epochs	2.0
720.4358648291565	0.015968200000088473	epochs	3.0
720.4518330291565	0.015909799999917595	epochs	3.0
720.4677428291565	0.031645700000012766	epochs	2.0
720.4677428291565	0.01585160000001906	epochs	3.0
720.4835944291565	0.015794099999993705	epochs	3.0
720.4993885291565	0.0314167000000225	epochs	2.0
720.4993885291565	0.015736700000047676	epochs	3.0
720.5151252291565	0.015679999999974825	epochs	3.0
720.5308052291565	0.031191100000000915	epochs	2.0
720.5308052291565	0.015623600000026272	epochs	3.0
720.5464288291565	0.015567499999974643	epochs	3.0
720.5619963291565	0.030968700000016725	epochs	2.0
720.5619963291565	0.015511999999944237	epochs	3.0
720.5775083291564	0.015456700000072487	epochs	3.0
720.5929650291565	0.030749499999956242	epochs	2.0
720.5929650291565	0.015401999999994587	epochs	3.0
720.6083670291565	0.015347499999961656	epochs	3.0
720.6237145291565	0.03053320000003623	epochs	2.0
720.6237145291565	0.015293400000018664	epochs	3.0
720.6390079291565	0.015239800000017567	epochs	3.0
720.6542477291565	0.03032010000003993	epochs	2.0
720.6542477291565	0.015186500000027081	epochs	3.0
720.6694342291565	0.015133600000012848	epochs	3.0
720.6845678291565	0.030109899999956724	epochs	2.0
720.6845678291565	0.015080999999895539	epochs	3.0
720.6996488291564	0.015028900000061185	epochs	3.0
720.7146777291565	0.029902499999934662	epochs	2.0
720.7146777291565	0.01497699999993074	epochs	3.0
720.7296547291564	0.014925500000003922	epochs	3.0
720.7445802291564	0.029698100000018712	epochs	2.0
720.7445802291564	0.014874400000053356	epochs	3.0
720.7594546291565	0.014823699999965356	epochs	3.0
720.7742783291565	0.02949630000000525	epochs	2.0
720.7742783291565	0.014773200000036013	epochs	3.0
720.7890515291565	0.014723099999969236	epochs	3.0
720.8037746291565	0.02929740000001857	epochs	2.0
720.8037746291565	0.014673399999992398	epochs	3.0
720.8184480291565	0.014624000000026172	epochs	3.0
720.8330720291565	0.029101100000048064	epochs	2.0
720.8330720291565	0.01457489999995687	epochs	3.0
720.8476469291564	0.014526200000091194	epochs	3.0
720.8621731291565	0.028907399999980044	epochs	2.0
720.8621731291565	0.014477699999929428	epochs	3.0
720.8766508291565	0.014429700000050616	epochs	3.0
720.8910805291565	0.028716199999962555	epochs	2.0
720.8910805291565	0.014381800000023759	epochs	3.0
720.9054623291565	0.014334399999938796	epochs	3.0
720.9197967291565	0.028527600000074926	epochs	2.0
720.9197967291565	0.01428720000001249	epochs	3.0
720.9340839291565	0.014240400000062436	epochs	3.0
720.9483243291565	0.028341399999931127	epochs	2.0
720.9483243291565	0.014193799999929979	epochs	3.0
720.9625181291565	0.014147600000001148	epochs	3.0
720.9766657291565	0.028157700000065233	epochs	2.0
720.9766657291565	0.014101699999969242	epochs	3.0
720.9907674291564	0.014056000000095992	epochs	3.0
721.0048234291565	0.027976299999977527	epochs	2.0
721.0048234291565	0.01401060000000598	epochs	3.0
721.0188340291566	0.013965699999971548	epochs	3.0
721.0327997291565	0.02779720000000907	epochs	2.0
721.0327997291565	0.013920799999937117	epochs	3.0
721.0467205291565	0.013876400000071953	epochs	3.0
721.0605969291565	0.027620399999932488	epochs	2.0
721.0605969291565	0.0138321999999107	epochs	3.0
721.0744291291564	0.013788200000021789	epochs	3.0
721.0882173291565	0.027445899999975154	epochs	2.0
721.0882173291565	0.013744599999995444	epochs	3.0
721.1019619291565	0.01370129999997971	epochs	3.0
721.1156632291564	0.0272735000000921	epochs	2.0
721.1156632291564	0.013658200000008947	epochs	3.0
721.1293214291564	0.013615300000083153	epochs	3.0
721.1429367291565	0.027103399999987232	epochs	2.0
721.1429367291565	0.013572799999906238	epochs	3.0
721.1565095291564	0.013530600000080995	epochs	3.0
721.1700401291565	0.02693520000002536	epochs	2.0
721.1700401291565	0.013488400000028378	epochs	3.0
721.1835285291565	0.013446799999996983	epochs	3.0
721.1969753291565	0.026769199999989723	epochs	2.0
721.1969753291565	0.013405199999965589	epochs	3.0
721.2103805291565	0.013364000000024134	epochs	3.0
721.2237445291565	0.026605199999949036	epochs	2.0
721.2237445291565	0.013322899999934634	epochs	3.0
721.2370674291565	0.013282300000014402	epochs	3.0
721.2503497291565	0.026443200000016986	epochs	2.0
721.2503497291565	0.013241699999980483	epochs	3.0
721.2635914291565	0.013201500000036503	epochs	3.0
721.2767929291565	0.0262831999999662	epochs	2.0
721.2767929291565	0.013161500000023807	epochs	3.0
721.2899544291565	0.013121699999942393	epochs	3.0
721.3030761291565	0.02612499999997908	epochs	2.0
721.3030761291565	0.013082100000019636	epochs	3.0
721.3161582291565	0.013042899999959445	epochs	3.0
721.3292011291564	0.025968900000066242	epochs	2.0
721.3292011291564	0.01300390000005791	epochs	3.0
721.3422050291565	0.012965000000008331	epochs	3.0
721.3551700291565	0.025814500000024054	epochs	2.0
721.3551700291565	0.012926399999969362	epochs	3.0
721.3680964291565	0.012888100000054692	epochs	3.0
721.3809845291565	0.025661899999931848	epochs	2.0
721.3809845291565	0.012849899999991976	epochs	3.0
721.3938344291565	0.012811999999939871	epochs	3.0
721.4066464291565	0.025511199999982637	epochs	2.0
721.4066464291565	0.012774400000012065	epochs	3.0
721.4194208291565	0.012736799999970572	epochs	3.0
721.4321576291564	0.025362300000097093	epochs	2.0
721.4321576291564	0.012699700000098346	epochs	3.0
721.4448573291565	0.012662599999998747	epochs	3.0
721.4575199291565	0.025215000000002874	epochs	2.0
721.4575199291565	0.01262579999990976	epochs	3.0
721.4701457291565	0.012589200000093115	epochs	3.0
721.4827349291565	0.024584799999956886	epochs	2.0
721.5057677291564	0.5	epochs	-1.0
721.5073197291565	0.551119999999969	epochs	1.0
722.0584397291565	0.44880000000000564	epochs	0.0
723.1579999923706	0.14832000000001244	epochs	0.0
723.1579999923706	0.06916160000002947	epochs	1.0
723.2271615923706	0.00999679999995351	epochs	1.0
723.2371583923706	0.06916160000002947	epochs	1.0
723.3063199923706	2.0	epochs	0.0
725.3063199923706	21.551039999999944	epochs	0.0
725.3063199923706	1.0	epochs	1.0
725.3063679923706	0.5	epochs	-1.0
725.8063679923706	19.998399999999947	epochs	-1.0
726.3063199923706	20.0	epochs	1.0
726.3063199923706	4.356753899999944	epochs	-1.0
726.3063199923706	1.9745871999999736	epochs	2.0
726.3063199923706	1.0985621999999466	epochs	3.0
727.4048821923706	0.8760250000000269	epochs	3.0
728.2809071923706	1.3524075000000266	epochs	2.0
728.2809071923706	0.7286354999999958	epochs	3.0
729.0095426923706	0.6237720000000309	epochs	3.0
729.6333146923706	1.029759199999944	epochs	2.0
729.6333146923706	0.5453292999999348	epochs	3.0
730.1786439923706	0.4844299000000092	epochs	3.0
730.6630738923706	0.8317862000000105	epochs	2.0
730.6630738923706	0.4357763000000432	epochs	3.0
731.0988501923706	0.3960098999999673	epochs	3.0
731.4948600923706	0.6977970000000369	epochs	2.0
731.4948600923706	0.3628982000000178	epochs	3.0
731.8577582923706	0.33489880000001904	epochs	3.0
732.1926570923706	0.601045699999986	epochs	2.0
732.1926570923706	0.3109123000000409	epochs	3.0
732.5035693923707	0.29013339999994514	epochs	3.0
732.7937027923706	0.5278859000000011	epochs	2.0
732.7937027923706	0.2719586000000618	epochs	3.0
733.0656613923707	0.25592729999993935	epochs	3.0
733.3215886923706	0.470619299999953	epochs	2.0
733.3215886923706	0.241681299999982	epochs	3.0
733.5632699923706	0.228937999999971	epochs	3.0
733.7922079923705	0.42457040000010693	epochs	2.0
733.7922079923705	0.21747140000002219	epochs	3.0
734.0096793923706	0.20709900000008474	epochs	3.0
734.2167783923707	0.3867353999999068	epochs	2.0
734.2167783923707	0.19767109999997956	epochs	3.0
734.4144494923706	0.18906429999992724	epochs	3.0
734.6035137923706	0.3550953000000163	epochs	2.0
734.6035137923706	0.18117590000008477	epochs	3.0
734.7846896923706	0.17391939999993156	epochs	3.0
734.9586090923706	0.3282431000000088	epochs	2.0
734.9586090923706	0.1672219000000723	epochs	3.0
735.1258309923707	0.16102119999993647	epochs	3.0
735.2868521923706	0.30516799999998057	epochs	2.0
735.2868521923706	0.15526390000002266	epochs	3.0
735.4421160923706	0.1499040999999579	epochs	3.0
735.5920201923706	0.28512530000000424	epochs	2.0
735.5920201923706	0.1449021000000812	epochs	3.0
735.7369222923707	0.14022319999992305	epochs	3.0
735.8771454923706	0.267553800000087	epochs	2.0
735.8771454923706	0.1358369000000721	epochs	3.0
736.0129823923706	0.1317169000000149	epochs	3.0
736.1446992923707	0.252022899999929	epochs	2.0
736.1446992923707	0.1278392999998914	epochs	3.0
736.2725385923706	0.12418360000003759	epochs	3.0
736.3967221923706	0.23819650000007186	epochs	2.0
736.3967221923706	0.12073110000005727	epochs	3.0
736.5174532923706	0.1174654000000146	epochs	3.0
736.6349186923707	0.2258087999999816	epochs	2.0
736.6349186923707	0.1143718999999237	epochs	3.0
736.7492905923706	0.1114369000000579	epochs	3.0
736.8607274923706	0.2146460000000161	epochs	2.0
736.8607274923706	0.10864889999993466	epochs	3.0
736.9693763923706	0.10599710000008145	epochs	3.0
737.0753734923707	0.20453499999996438	epochs	2.0
737.0753734923707	0.10347149999995509	epochs	3.0
737.1788449923706	0.1010635000000093	epochs	3.0
737.2799084923706	0.19533400000000256	epochs	2.0
737.2799084923706	0.09876510000003691	epochs	3.0
737.3786735923707	0.09656889999996565	epochs	3.0
737.4752424923706	0.18692529999998442	epochs	2.0
737.4752424923706	0.09446830000001682	epochs	3.0
737.5697107923706	0.09245699999996759	epochs	3.0
737.6621677923706	0.17921069999999872	epochs	2.0
737.6621677923706	0.09052959999996801	epochs	3.0
737.7526973923706	0.08868110000003071	epochs	3.0
737.8413784923706	0.17210769999996955	epochs	2.0
737.8413784923706	0.08690630000000965	epochs	3.0
737.9282847923706	0.0852013999999599	epochs	3.0
738.0134861923706	0.16554640000003928	epochs	2.0
738.0134861923706	0.08356190000006336	epochs	3.0
738.0970480923706	0.08198449999997592	epochs	3.0
738.1790325923706	0.15946710000002895	epochs	2.0
738.1790325923706	0.08046539999998004	epochs	3.0
738.2594979923706	0.07900170000004891	epochs	3.0
738.3384996923706	0.15381839999997737	epochs	2.0
738.3384996923706	0.07759009999995214	epochs	3.0
738.4160897923706	0.07622830000002523	epochs	3.0
738.4923180923706	0.14855639999996129	epochs	2.0
738.4923180923706	0.07491329999993468	epochs	3.0
738.5672313923706	0.0736431000000266	epochs	3.0
738.6408744923706	0.14364239999997608	epochs	2.0
738.6408744923706	0.07241499999997814	epochs	3.0
738.7132894923706	0.07122739999999794	epochs	3.0
738.7845168923706	0.13904310000009446	epochs	2.0
738.7845168923706	0.07007800000008046	epochs	3.0
738.8545948923706	0.06896510000001399	epochs	3.0
738.9235599923707	0.1347293000000036	epochs	2.0
738.9235599923707	0.0678871000000072	epochs	3.0
738.9914470923707	0.06684219999999641	epochs	3.0
739.0582892923707	0.13067519999992783	epochs	2.0
739.0582892923707	0.06582909999997355	epochs	3.0
739.1241183923706	0.06484609999995428	epochs	3.0
739.1889644923706	0.12685780000003888	epochs	2.0
739.1889644923706	0.06389200000000983	epochs	3.0
739.2528564923706	0.06296580000002905	epochs	3.0
739.3158222923706	0.12325720000001184	epochs	2.0
739.3158222923706	0.06206580000002759	epochs	3.0
739.3778880923707	0.06119139999998424	epochs	3.0
739.4390794923706	0.11985540000000583	epochs	2.0
739.4390794923706	0.060341099999959624	epochs	3.0
739.4994205923706	0.059514300000046205	epochs	3.0
739.5589348923706	0.11663620000001629	epochs	2.0
739.5589348923706	0.058709599999929196	epochs	3.0
739.6176444923706	0.05792660000008709	epochs	3.0
739.6755710923707	0.11358559999996487	epochs	2.0
739.6755710923707	0.05716419999998834	epochs	3.0
739.7327352923706	0.05642139999997653	epochs	3.0
739.7891566923706	0.11069050000003244	epochs	2.0
739.7891566923706	0.05569789999992736	epochs	3.0
739.8448545923706	0.054992600000105085	epochs	3.0
739.8998471923707	0.10793909999995321	epochs	2.0
739.8998471923707	0.05430489999992005	epochs	3.0
739.9541520923706	0.05363420000003316	epochs	3.0
740.0077862923706	0.10532149999994544	epochs	2.0
740.0077862923706	0.05298000000004777	epochs	3.0
740.0607662923707	0.05234149999989768	epochs	3.0
740.1131077923706	0.10282760000006874	epochs	2.0
740.1131077923706	0.05171810000001642	epochs	3.0
740.1648258923706	0.05110950000005232	epochs	3.0
740.2159353923706	0.10044909999999163	epochs	2.0
740.2159353923706	0.05051489999993919	epochs	3.0
740.2664502923706	0.04993420000005244	epochs	3.0
740.3163844923706	0.0981782999999723	epochs	2.0
740.3163844923706	0.04936659999998483	epochs	3.0
740.3657510923706	0.04881169999998747	epochs	3.0
740.4145627923706	0.09600780000005216	epochs	2.0
740.4145627923706	0.04826920000004975	epochs	3.0
740.4628319923706	0.04773860000000241	epochs	3.0
740.5105705923706	0.09393119999992905	epochs	2.0
740.5105705923706	0.04721949999998287	epochs	3.0
740.5577900923706	0.04671169999994618	epochs	3.0
740.6045017923706	0.09194260000003851	epochs	2.0
740.6045017923706	0.046214599999984785	epochs	3.0
740.6507163923706	0.045728000000053726	epochs	3.0
740.6964443923706	0.09003629999995155	epochs	2.0
740.6964443923706	0.045251499999949374	epochs	3.0
740.7416958923706	0.04478480000000218	epochs	3.0
740.7864806923706	0.08820760000003247	epochs	2.0
740.7864806923706	0.044327800000019124	epochs	3.0
740.8308084923706	0.04387980000001335	epochs	3.0
740.8746882923706	0.0864516999999978	epochs	2.0
740.8746882923706	0.04344100000002982	epochs	3.0
740.9181292923706	0.04301069999996798	epochs	3.0
740.9611399923706	0.08476429999996071	epochs	2.0
740.9611399923706	0.04258900000002086	epochs	3.0
741.0037289923706	0.04217529999993985	epochs	3.0
741.0459042923706	0.08314150000001064	epochs	2.0
741.0459042923706	0.04176970000003166	epochs	3.0
741.0876739923706	0.041371799999978975	epochs	3.0
741.1290457923706	0.08157970000002024	epochs	2.0
741.1290457923706	0.04098140000007788	epochs	3.0
741.1700271923706	0.040598299999942355	epochs	3.0
741.2106254923706	0.08007550000002084	epochs	2.0
741.2106254923706	0.04022229999998217	epochs	3.0
741.2508477923706	0.03985320000003867	epochs	3.0
741.2907009923706	0.07862569999997504	epochs	2.0
741.2907009923706	0.0394907999999532	epochs	3.0
741.3301917923706	0.039134900000021844	epochs	3.0
741.3693266923706	0.07722760000001472	epochs	2.0
741.3693266923706	0.038785400000051595	epochs	3.0
741.4081120923706	0.03844219999996312	epochs	3.0
741.4465542923706	0.07587820000003376	epochs	2.0
741.4465542923706	0.038104800000041905	epochs	3.0
741.4846590923706	0.03777339999999185	epochs	3.0
741.5224324923706	0.0745752000000266	epochs	2.0
741.5224324923706	0.03744770000002973	epochs	3.0
741.5598801923707	0.03712749999999687	epochs	3.0
741.5970076923707	0.07331629999998768	epochs	2.0
741.5970076923707	0.036812899999972615	epochs	3.0
741.6338205923706	0.03650340000001506	epochs	3.0
741.6703239923706	0.07209899999998015	epochs	2.0
741.6703239923706	0.03619909999997617	epochs	3.0
741.7065230923706	0.03589990000000398	epochs	3.0
741.7424229923706	0.07092169999998532	epochs	2.0
741.7424229923706	0.03560559999993984	epochs	3.0
741.7780285923706	0.03531610000004548	epochs	3.0
741.8133446923706	0.06978200000003199	epochs	2.0
741.8133446923706	0.03503120000004856	epochs	3.0
741.8483758923707	0.03475079999998343	epochs	3.0
741.8831266923706	0.06867859999999837	epochs	2.0
741.8831266923706	0.03447510000000875	epochs	3.0
741.9176017923706	0.03420349999998962	epochs	3.0
741.9518052923706	0.06760929999995824	epochs	2.0
741.9518052923706	0.033936199999970995	epochs	3.0
741.9857414923706	0.033673099999987244	epochs	3.0
742.0194145923706	0.06657289999998284	epochs	2.0
742.0194145923706	0.03341399999999339	epochs	3.0
742.0528285923706	0.033158899999989444	epochs	3.0
742.0859874923706	0.06556780000005347	epochs	2.0
742.0859874923706	0.032907700000009754	epochs	3.0
742.1188951923706	0.03266010000004371	epochs	3.0
742.1515552923706	0.06459259999996902	epochs	2.0
742.1515552923706	0.032416399999988244	epochs	3.0
742.1839716923706	0.03217619999998078	epochs	3.0
742.2161478923706	0.06364600000006249	epochs	2.0
742.2161478923706	0.03193959999998697	epochs	3.0
742.2480874923706	0.03170640000007552	epochs	3.0
742.2797938923707	0.0627266999999847	epochs	2.0
742.2797938923707	0.031476599999905375	epochs	3.0
742.3112704923706	0.03125010000007933	epochs	3.0
742.3425205923706	0.06183359999999993	epochs	2.0
742.3425205923706	0.03102689999991526	epochs	3.0
742.3735474923706	0.030806700000084675	epochs	3.0
742.4043541923706	0.060965599999917686	epochs	2.0
742.4043541923706	0.030589799999916067	epochs	3.0
742.4349439923706	0.030375800000001618	epochs	3.0
742.4653197923706	0.06012160000000222	epochs	2.0
742.4653197923706	0.030164900000045236	epochs	3.0
742.4954846923706	0.02995669999995698	epochs	3.0
742.5254413923706	0.05930069999999432	epochs	2.0
742.5254413923706	0.029751600000054168	epochs	3.0
742.5551929923706	0.029549099999940154	epochs	3.0
742.5847420923706	0.05850180000004457	epochs	2.0
742.5847420923706	0.02934940000000097	epochs	3.0
742.6140914923706	0.0291524000000436	epochs	3.0
742.6432438923706	0.057724200000052406	epochs	2.0
742.6432438923706	0.028957999999988715	epochs	3.0
742.6722018923706	0.02876620000006369	epochs	3.0
742.7009680923707	0.05696709999995164	epochs	2.0
742.7009680923707	0.028576999999927466	epochs	3.0
742.7295450923706	0.028390100000024177	epochs	3.0
742.7579351923706	0.05622949999997218	epochs	2.0
742.7579351923706	0.028205699999944045	epochs	3.0
742.7861408923706	0.028023800000028132	epochs	3.0
742.8141646923706	0.05551070000001346	epochs	2.0
742.8141646923706	0.02784400000007281	epochs	3.0
742.8420086923707	0.027666699999940647	epochs	3.0
742.8696753923706	0.054810200000019904	epochs	2.0
742.8696753923706	0.02749149999999645	epochs	3.0
742.8971668923706	0.027318700000023455	epochs	3.0
742.9244855923706	0.05412699999999404	epochs	2.0
742.9244855923706	0.027147799999966082	epochs	3.0
742.9516333923706	0.02697920000002796	epochs	3.0
742.9786125923706	0.053460699999959616	epochs	2.0
742.9786125923706	0.0268125999999711	epochs	3.0
743.0054251923706	0.026648099999988517	epochs	3.0
743.0320732923706	0.05281070000000909	epochs	2.0
743.0320732923706	0.026485600000000886	epochs	3.0
743.0585588923706	0.026325100000008206	epochs	3.0
743.0848839923706	0.05217620000007628	epochs	2.0
743.0848839923706	0.026166400000079193	epochs	3.0
743.1110503923707	0.026009799999997085	epochs	3.0
743.1370601923707	0.051556699999991906	epochs	2.0
743.1370601923707	0.025854799999933675	epochs	3.0
743.1629149923706	0.02570190000005823	epochs	3.0
743.1886168923706	0.05095189999997274	epochs	2.0
743.1886168923706	0.025550699999939752	epochs	3.0
743.2141675923706	0.025401200000032986	epochs	3.0
743.2395687923706	0.05036099999995258	epochs	2.0
743.2395687923706	0.025253499999962514	epochs	3.0
743.2648222923706	0.02510749999999007	epochs	3.0
743.2899297923706	0.049783800000000156	epochs	2.0
743.2899297923706	0.02496320000000196	epochs	3.0
743.3148929923706	0.024820599999998194	epochs	3.0
743.3397135923706	0.049219500000049266	epochs	2.0
743.3397135923706	0.02467940000008184	epochs	3.0
743.3643929923707	0.024540099999967424	epochs	3.0
743.3889330923706	0.048667899999941255	epochs	2.0
743.3889330923706	0.02440209999997478	epochs	3.0
743.4133351923706	0.024265799999966475	epochs	3.0
743.4376009923706	0.04812860000004093	epochs	2.0
743.4376009923706	0.024131000000011227	epochs	3.0
743.4617319923706	0.023997600000029706	epochs	3.0
743.4857295923706	0.04760109999995166	epochs	2.0
743.4857295923706	0.023865799999953197	epochs	3.0
743.5095953923706	0.02373529999999846	epochs	3.0
743.5333306923706	0.047085000000038235	epochs	2.0
743.5333306923706	0.02360630000009678	epochs	3.0
743.5569369923707	0.023478699999941455	epochs	3.0
743.5804156923706	0.04658000000006268	epochs	2.0
743.5804156923706	0.02335249999998723	epochs	3.0
743.6037681923706	0.02322750000007545	epochs	3.0
743.6269956923707	0.04608569999993506	epochs	2.0
743.6269956923707	0.023103999999989355	epochs	3.0
743.6500996923706	0.022981699999945704	epochs	3.0
743.6730813923706	0.045601799999985815	epochs	2.0
743.6730813923706	0.022860700000023826	epochs	3.0
743.6959420923706	0.02274109999996199	epochs	3.0
743.7186831923706	0.04512790000001132	epochs	2.0
743.7186831923706	0.022622500000011314	epochs	3.0
743.7413056923706	0.02250540000000001	epochs	3.0
743.7638110923706	0.044663799999966614	epochs	2.0
743.7638110923706	0.02238929999998618	epochs	3.0
743.7862003923706	0.022274499999980435	epochs	3.0
743.8084748923706	0.04420920000006845	epochs	2.0
743.8084748923706	0.022160800000051495	epochs	3.0
743.8306356923706	0.022048400000016954	epochs	3.0
743.8526840923706	0.043763600000033875	epochs	2.0
743.8526840923706	0.021936900000014248	epochs	3.0
743.8746209923706	0.021826700000019628	epochs	3.0
743.8964476923707	0.04332709999994222	epochs	2.0
743.8964476923707	0.021717599999988124	epochs	3.0
743.9181652923706	0.021609499999954096	epochs	3.0
743.9397747923706	0.04289900000003399	epochs	2.0
743.9397747923706	0.02150249999999687	epochs	3.0
743.9612772923706	0.021396500000037122	epochs	3.0
743.9826737923706	0.042479500000013104	epochs	2.0
743.9826737923706	0.02129170000000613	epochs	3.0
744.0039654923706	0.021187800000006973	epochs	3.0
744.0251532923706	0.042067900000006375	epochs	2.0
744.0251532923706	0.02108490000000529	epochs	3.0
744.0462381923707	0.020983000000001084	epochs	3.0
744.0672211923707	0.04166439999994509	epochs	2.0
744.0672211923707	0.020882199999959994	epochs	3.0
744.0881033923706	0.020782199999985096	epochs	3.0
744.1088855923706	0.04126850000000104	epochs	2.0
744.1088855923706	0.020683299999973315	epochs	3.0
744.1295688923706	0.020585200000027726	epochs	3.0
744.1501540923706	0.04088000000001557	epochs	2.0
744.1501540923706	0.020488099999965925	epochs	3.0
744.1706421923706	0.020391900000049645	epochs	3.0
744.1910340923706	0.04049880000002304	epochs	2.0
744.1910340923706	0.020296599999937825	epochs	3.0
744.2113306923706	0.020202200000085213	epochs	3.0
744.2315328923706	0.04012460000001283	epochs	2.0
744.2315328923706	0.020108699999923374	epochs	3.0
744.2516415923706	0.02001590000008946	epochs	3.0
744.2716574923707	0.039757299999905626	epochs	2.0
744.2716574923707	0.019924199999991288	epochs	3.0
744.2915816923706	0.01983309999991434	epochs	3.0
744.3114147923706	0.03939669999999751	epochs	2.0
744.3114147923706	0.01974300000006224	epochs	3.0
744.3311577923706	0.01965369999993527	epochs	3.0
744.3508114923706	0.039042400000084854	epochs	2.0
744.3508114923706	0.01956510000002254	epochs	3.0
744.3703765923706	0.019477300000062314	epochs	3.0
744.3898538923706	0.03869459999998526	epochs	2.0
744.3898538923706	0.019390400000020236	epochs	3.0
744.4092442923707	0.01930419999996502	epochs	3.0
744.4285484923706	0.03835289999994984	epochs	2.0
744.4285484923706	0.019218799999976	epochs	3.0
744.4477672923706	0.01913409999997384	epochs	3.0
744.4669013923706	0.03801720000001296	epochs	2.0
744.4669013923706	0.019050200000037876	epochs	3.0
744.4859515923706	0.018966999999975087	epochs	3.0
744.5049185923706	0.037687200000050325	epochs	2.0
744.5049185923706	0.01888450000001285	epochs	3.0
744.5238030923706	0.018802700000037476	epochs	3.0
744.5426057923706	0.03736309999999321	epochs	2.0
744.5426057923706	0.018721700000014607	epochs	3.0
744.5613274923707	0.018641399999978603	epochs	3.0
744.5799688923706	0.03704429999993408	epochs	2.0
744.5799688923706	0.01856159999999818	epochs	3.0
744.5985304923706	0.018482699999935903	epochs	3.0
744.6170131923706	0.0367310000000316	epochs	2.0
744.6170131923706	0.018404300000042895	epochs	3.0
744.6354174923706	0.018326699999988705	epochs	3.0
744.6537441923706	0.036422900000047775	epochs	2.0
744.6537441923706	0.018249599999990096	epochs	3.0
744.6719937923706	0.01817330000005768	epochs	3.0
744.6901670923706	0.03612009999994825	epochs	2.0
744.6901670923706	0.01809759999991911	epochs	3.0
744.7082646923706	0.01802250000002914	epochs	3.0
744.7262871923706	0.03582210000001851	epochs	2.0
744.7262871923706	0.017947899999967376	epochs	3.0
744.7442350923706	0.017874200000051133	epochs	3.0
744.7621092923706	0.03552899999999681	epochs	2.0
744.7621092923706	0.017800800000031813	epochs	3.0
744.7799100923706	0.017728199999965	epochs	3.0
744.7976382923706	0.03524070000003121	epochs	2.0
744.7976382923706	0.017656099999953767	epochs	3.0
744.8152943923706	0.017584600000077444	epochs	3.0
744.8328789923706	0.03495709999992869	epochs	2.0
744.8328789923706	0.01751369999999497	epochs	3.0
744.8503926923706	0.017443399999933717	epochs	3.0
744.8678360923706	0.03467790000001969	epochs	2.0
744.8678360923706	0.017373600000041733	epochs	3.0
744.8852096923706	0.017304299999977957	epochs	3.0
744.9025139923706	0.03440330000000813	epochs	2.0
744.9025139923706	0.01723570000001473	epochs	3.0
744.9197496923706	0.0171675999999934	epochs	3.0
744.9369172923706	0.0341328000000658	epochs	2.0
744.9369172923706	0.017099900000062007	epochs	3.0
744.9540171923707	0.017032900000003792	epochs	3.0
744.9710500923707	0.033866699999975935	epochs	2.0
744.9710500923707	0.01696640000000116	epochs	3.0
744.9880164923707	0.016900299999974777	epochs	3.0
745.0049167923706	0.03360459999998966	epochs	2.0
745.0049167923706	0.01683479999996962	epochs	3.0
745.0217515923706	0.01676980000002004	epochs	3.0
745.0385213923706	0.033346599999958926	epochs	2.0
745.0385213923706	0.016705300000012357	epochs	3.0
745.0552266923706	0.01664129999994657	epochs	3.0
745.0718679923706	0.03309250000006614	epochs	2.0
745.0718679923706	0.016577800000050047	epochs	3.0
745.0884457923706	0.01651470000001609	epochs	3.0
745.1049604923707	0.03284229999997024	epochs	2.0
745.1049604923707	0.01645220000000336	epochs	3.0
745.1214126923707	0.01639009999996688	epochs	3.0
745.1378027923706	0.03259570000000167	epochs	2.0
745.1378027923706	0.016328400000020338	epochs	3.0
745.1541311923706	0.016267299999981333	epochs	3.0
745.1703984923706	0.032352899999978035	epochs	2.0
745.1703984923706	0.016206600000032267	epochs	3.0
745.1866050923707	0.016146299999945768	epochs	3.0
745.2027513923706	0.03211369999996805	epochs	2.0
745.2027513923706	0.016086599999994178	epochs	3.0
745.2188379923706	0.01602709999997387	epochs	3.0
745.2348650923706	0.03187800000000607	epochs	2.0
745.2348650923706	0.015968200000088473	epochs	3.0
745.2508332923707	0.015909799999917595	epochs	3.0
745.2667430923706	0.031645700000012766	epochs	2.0
745.2667430923706	0.01585160000001906	epochs	3.0
745.2825946923706	0.015794099999993705	epochs	3.0
745.2983887923706	0.0314167000000225	epochs	2.0
745.2983887923706	0.015736700000047676	epochs	3.0
745.3141254923706	0.015679999999974825	epochs	3.0
745.3298054923706	0.031191100000000915	epochs	2.0
745.3298054923706	0.015623600000026272	epochs	3.0
745.3454290923706	0.015567499999974643	epochs	3.0
745.3609965923706	0.030968700000016725	epochs	2.0
745.3609965923706	0.015511999999944237	epochs	3.0
745.3765085923706	0.015456700000072487	epochs	3.0
745.3919652923706	0.030749499999956242	epochs	2.0
745.3919652923706	0.015401999999994587	epochs	3.0
745.4073672923706	0.015347499999961656	epochs	3.0
745.4227147923706	0.03053320000003623	epochs	2.0
745.4227147923706	0.015293400000018664	epochs	3.0
745.4380081923706	0.015239800000017567	epochs	3.0
745.4532479923706	0.03032010000003993	epochs	2.0
745.4532479923706	0.015186500000027081	epochs	3.0
745.4684344923706	0.015133600000012848	epochs	3.0
745.4835680923707	0.030109899999956724	epochs	2.0
745.4835680923707	0.015080999999895539	epochs	3.0
745.4986490923706	0.015028900000061185	epochs	3.0
745.5136779923706	0.029902499999934662	epochs	2.0
745.5136779923706	0.01497699999993074	epochs	3.0
745.5286549923705	0.014925500000003922	epochs	3.0
745.5435804923706	0.029698100000018712	epochs	2.0
745.5435804923706	0.014874400000053356	epochs	3.0
745.5584548923706	0.014823699999965356	epochs	3.0
745.5732785923706	0.02949630000000525	epochs	2.0
745.5732785923706	0.014773200000036013	epochs	3.0
745.5880517923706	0.014723099999969236	epochs	3.0
745.6027748923706	0.02929740000001857	epochs	2.0
745.6027748923706	0.014673399999992398	epochs	3.0
745.6174482923706	0.014624000000026172	epochs	3.0
745.6320722923706	0.029101100000048064	epochs	2.0
745.6320722923706	0.01457489999995687	epochs	3.0
745.6466471923706	0.014526200000091194	epochs	3.0
745.6611733923706	0.028907399999980044	epochs	2.0
745.6611733923706	0.014477699999929428	epochs	3.0
745.6756510923706	0.014429700000050616	epochs	3.0
745.6900807923706	0.028716199999962555	epochs	2.0
745.6900807923706	0.014381800000023759	epochs	3.0
745.7044625923706	0.014334399999938796	epochs	3.0
745.7187969923706	0.028527600000074926	epochs	2.0
745.7187969923706	0.01428720000001249	epochs	3.0
745.7330841923706	0.014240400000062436	epochs	3.0
745.7473245923707	0.028341399999931127	epochs	2.0
745.7473245923707	0.014193799999929979	epochs	3.0
745.7615183923706	0.014147600000001148	epochs	3.0
745.7756659923706	0.028157700000065233	epochs	2.0
745.7756659923706	0.014101699999969242	epochs	3.0
745.7897676923706	0.014056000000095992	epochs	3.0
745.8038236923707	0.027976299999977527	epochs	2.0
745.8038236923707	0.01401060000000598	epochs	3.0
745.8178342923707	0.013965699999971548	epochs	3.0
745.8317999923706	0.02779720000000907	epochs	2.0
745.8317999923706	0.013920799999937117	epochs	3.0
745.8457207923706	0.013876400000071953	epochs	3.0
745.8595971923706	0.027620399999932488	epochs	2.0
745.8595971923706	0.0138321999999107	epochs	3.0
745.8734293923706	0.013788200000021789	epochs	3.0
745.8872175923706	0.027445899999975154	epochs	2.0
745.8872175923706	0.013744599999995444	epochs	3.0
745.9009621923706	0.01370129999997971	epochs	3.0
745.9146634923706	0.0272735000000921	epochs	2.0
745.9146634923706	0.013658200000008947	epochs	3.0
745.9283216923706	0.013615300000083153	epochs	3.0
745.9419369923706	0.027103399999987232	epochs	2.0
745.9419369923706	0.013572799999906238	epochs	3.0
745.9555097923705	0.013530600000080995	epochs	3.0
745.9690403923706	0.02693520000002536	epochs	2.0
745.9690403923706	0.013488400000028378	epochs	3.0
745.9825287923707	0.013446799999996983	epochs	3.0
745.9959755923707	0.026769199999989723	epochs	2.0
745.9959755923707	0.013405199999965589	epochs	3.0
746.0093807923706	0.013364000000024134	epochs	3.0
746.0227447923706	0.026605199999949036	epochs	2.0
746.0227447923706	0.013322899999934634	epochs	3.0
746.0360676923706	0.013282300000014402	epochs	3.0
746.0493499923706	0.026443200000016986	epochs	2.0
746.0493499923706	0.013241699999980483	epochs	3.0
746.0625916923706	0.013201500000036503	epochs	3.0
746.0757931923706	0.0262831999999662	epochs	2.0
746.0757931923706	0.013161500000023807	epochs	3.0
746.0889546923706	0.013121699999942393	epochs	3.0
746.1020763923706	0.02612499999997908	epochs	2.0
746.1020763923706	0.013082100000019636	epochs	3.0
746.1151584923706	0.013042899999959445	epochs	3.0
746.1282013923706	0.025968900000066242	epochs	2.0
746.1282013923706	0.01300390000005791	epochs	3.0
746.1412052923706	0.012965000000008331	epochs	3.0
746.1541702923706	0.025814500000024054	epochs	2.0
746.1541702923706	0.012926399999969362	epochs	3.0
746.1670966923706	0.012888100000054692	epochs	3.0
746.1799847923706	0.025661899999931848	epochs	2.0
746.1799847923706	0.012849899999991976	epochs	3.0
746.1928346923706	0.012811999999939871	epochs	3.0
746.2056466923706	0.025511199999982637	epochs	2.0
746.2056466923706	0.012774400000012065	epochs	3.0
746.2184210923706	0.012736799999970572	epochs	3.0
746.2311578923706	0.025362300000097093	epochs	2.0
746.2311578923706	0.012699700000098346	epochs	3.0
746.2438575923707	0.012662599999998747	epochs	3.0
746.2565201923707	0.025215000000002874	epochs	2.0
746.2565201923707	0.01262579999990976	epochs	3.0
746.2691459923706	0.012589200000093115	epochs	3.0
746.2817351923707	0.024584799999956886	epochs	2.0
746.3047679923706	0.5	epochs	-1.0
746.3063199923706	0.5510399999999436	epochs	1.0
746.8573599923706	0.44888000000003103	epochs	0.0
747.8319997787476	0.14832000000001244	epochs	0.0
747.8319997787476	0.06916160000002947	epochs	1.0
747.9011613787476	0.00999679999995351	epochs	1.0
747.9111581787475	0.06916160000002947	epochs	1.0
747.9803197787476	2.0	epochs	0.0
749.9803197787476	21.551039999999944	epochs	0.0
749.9803197787476	1.0	epochs	1.0
749.9803677787476	0.5	epochs	-1.0
750.4803677787476	19.998399999999947	epochs	-1.0
750.9803197787476	20.0	epochs	1.0
750.9803197787476	4.356753899999944	epochs	-1.0
750.9803197787476	1.9745871999999736	epochs	2.0
750.9803197787476	1.0985621999999466	epochs	3.0
752.0788819787475	0.8760250000000269	epochs	3.0
752.9549069787475	1.3524075000000266	epochs	2.0
752.9549069787475	0.7286354999999958	epochs	3.0
753.6835424787475	0.6237720000000309	epochs	3.0
754.3073144787476	1.029759199999944	epochs	2.0
754.3073144787476	0.5453292999999348	epochs	3.0
754.8526437787475	0.4844299000000092	epochs	3.0
755.3370736787475	0.8317862000000105	epochs	2.0
755.3370736787475	0.4357763000000432	epochs	3.0
755.7728499787476	0.3960098999999673	epochs	3.0
756.1688598787475	0.6977970000000369	epochs	2.0
756.1688598787475	0.3628982000000178	epochs	3.0
756.5317580787475	0.33489880000001904	epochs	3.0
756.8666568787476	0.601045699999986	epochs	2.0
756.8666568787476	0.3109123000000409	epochs	3.0
757.1775691787476	0.29013339999994514	epochs	3.0
757.4677025787475	0.5278859000000011	epochs	2.0
757.4677025787475	0.2719586000000618	epochs	3.0
757.7396611787476	0.25592729999993935	epochs	3.0
757.9955884787475	0.470619299999953	epochs	2.0
757.9955884787475	0.241681299999982	epochs	3.0
758.2372697787475	0.228937999999971	epochs	3.0
758.4662077787475	0.42457040000010693	epochs	2.0
758.4662077787475	0.21747140000002219	epochs	3.0
758.6836791787475	0.20709900000008474	epochs	3.0
758.8907781787476	0.3867353999999068	epochs	2.0
758.8907781787476	0.19767109999997956	epochs	3.0
759.0884492787476	0.18906429999992724	epochs	3.0
759.2775135787475	0.3550953000000163	epochs	2.0
759.2775135787475	0.18117590000008477	epochs	3.0
759.4586894787476	0.17391939999993156	epochs	3.0
759.6326088787475	0.3282431000000088	epochs	2.0
759.6326088787475	0.1672219000000723	epochs	3.0
759.7998307787476	0.16102119999993647	epochs	3.0
759.9608519787475	0.30516799999998057	epochs	2.0
759.9608519787475	0.15526390000002266	epochs	3.0
760.1161158787476	0.1499040999999579	epochs	3.0
760.2660199787475	0.28512530000000424	epochs	2.0
760.2660199787475	0.1449021000000812	epochs	3.0
760.4109220787476	0.14022319999992305	epochs	3.0
760.5511452787475	0.267553800000087	epochs	2.0
760.5511452787475	0.1358369000000721	epochs	3.0
760.6869821787476	0.1317169000000149	epochs	3.0
760.8186990787476	0.252022899999929	epochs	2.0
760.8186990787476	0.1278392999998914	epochs	3.0
760.9465383787475	0.12418360000003759	epochs	3.0
761.0707219787475	0.23819650000007186	epochs	2.0
761.0707219787475	0.12073110000005727	epochs	3.0
761.1914530787476	0.1174654000000146	epochs	3.0
761.3089184787476	0.2258087999999816	epochs	2.0
761.3089184787476	0.1143718999999237	epochs	3.0
761.4232903787475	0.1114369000000579	epochs	3.0
761.5347272787476	0.2146460000000161	epochs	2.0
761.5347272787476	0.10864889999993466	epochs	3.0
761.6433761787475	0.10599710000008145	epochs	3.0
761.7493732787476	0.20453499999996438	epochs	2.0
761.7493732787476	0.10347149999995509	epochs	3.0
761.8528447787476	0.1010635000000093	epochs	3.0
761.9539082787476	0.19533400000000256	epochs	2.0
761.9539082787476	0.09876510000003691	epochs	3.0
762.0526733787476	0.09656889999996565	epochs	3.0
762.1492422787476	0.18692529999998442	epochs	2.0
762.1492422787476	0.09446830000001682	epochs	3.0
762.2437105787476	0.09245699999996759	epochs	3.0
762.3361675787476	0.17921069999999872	epochs	2.0
762.3361675787476	0.09052959999996801	epochs	3.0
762.4266971787475	0.08868110000003071	epochs	3.0
762.5153782787476	0.17210769999996955	epochs	2.0
762.5153782787476	0.08690630000000965	epochs	3.0
762.6022845787476	0.0852013999999599	epochs	3.0
762.6874859787475	0.16554640000003928	epochs	2.0
762.6874859787475	0.08356190000006336	epochs	3.0
762.7710478787476	0.08198449999997592	epochs	3.0
762.8530323787476	0.15946710000002895	epochs	2.0
762.8530323787476	0.08046539999998004	epochs	3.0
762.9334977787476	0.07900170000004891	epochs	3.0
763.0124994787476	0.15381839999997737	epochs	2.0
763.0124994787476	0.07759009999995214	epochs	3.0
763.0900895787476	0.07622830000002523	epochs	3.0
763.1663178787476	0.14855639999996129	epochs	2.0
763.1663178787476	0.07491329999993468	epochs	3.0
763.2412311787475	0.0736431000000266	epochs	3.0
763.3148742787475	0.14364239999997608	epochs	2.0
763.3148742787475	0.07241499999997814	epochs	3.0
763.3872892787475	0.07122739999999794	epochs	3.0
763.4585166787475	0.13904310000009446	epochs	2.0
763.4585166787475	0.07007800000008046	epochs	3.0
763.5285946787476	0.06896510000001399	epochs	3.0
763.5975597787476	0.1347293000000036	epochs	2.0
763.5975597787476	0.0678871000000072	epochs	3.0
763.6654468787476	0.06684219999999641	epochs	3.0
763.7322890787476	0.13067519999992783	epochs	2.0
763.7322890787476	0.06582909999997355	epochs	3.0
763.7981181787476	0.06484609999995428	epochs	3.0
763.8629642787475	0.12685780000003888	epochs	2.0
763.8629642787475	0.06389200000000983	epochs	3.0
763.9268562787476	0.06296580000002905	epochs	3.0
763.9898220787476	0.12325720000001184	epochs	2.0
763.9898220787476	0.06206580000002759	epochs	3.0
764.0518878787476	0.06119139999998424	epochs	3.0
764.1130792787476	0.11985540000000583	epochs	2.0
764.1130792787476	0.060341099999959624	epochs	3.0
764.1734203787476	0.059514300000046205	epochs	3.0
764.2329346787476	0.11663620000001629	epochs	2.0
764.2329346787476	0.058709599999929196	epochs	3.0
764.2916442787475	0.05792660000008709	epochs	3.0
764.3495708787476	0.11358559999996487	epochs	2.0
764.3495708787476	0.05716419999998834	epochs	3.0
764.4067350787476	0.05642139999997653	epochs	3.0
764.4631564787476	0.11069050000003244	epochs	2.0
764.4631564787476	0.05569789999992736	epochs	3.0
764.5188543787475	0.054992600000105085	epochs	3.0
764.5738469787476	0.10793909999995321	epochs	2.0
764.5738469787476	0.05430489999992005	epochs	3.0
764.6281518787475	0.05363420000003316	epochs	3.0
764.6817860787476	0.10532149999994544	epochs	2.0
764.6817860787476	0.05298000000004777	epochs	3.0
764.7347660787476	0.05234149999989768	epochs	3.0
764.7871075787475	0.10282760000006874	epochs	2.0
764.7871075787475	0.05171810000001642	epochs	3.0
764.8388256787475	0.05110950000005232	epochs	3.0
764.8899351787476	0.10044909999999163	epochs	2.0
764.8899351787476	0.05051489999993919	epochs	3.0
764.9404500787475	0.04993420000005244	epochs	3.0
764.9903842787476	0.0981782999999723	epochs	2.0
764.9903842787476	0.04936659999998483	epochs	3.0
765.0397508787476	0.04881169999998747	epochs	3.0
765.0885625787475	0.09600780000005216	epochs	2.0
765.0885625787475	0.04826920000004975	epochs	3.0
765.1368317787476	0.04773860000000241	epochs	3.0
765.1845703787476	0.09393119999992905	epochs	2.0
765.1845703787476	0.04721949999998287	epochs	3.0
765.2317898787476	0.04671169999994618	epochs	3.0
765.2785015787475	0.09194260000003851	epochs	2.0
765.2785015787475	0.046214599999984785	epochs	3.0
765.3247161787475	0.045728000000053726	epochs	3.0
765.3704441787476	0.09003629999995155	epochs	2.0
765.3704441787476	0.045251499999949374	epochs	3.0
765.4156956787475	0.04478480000000218	epochs	3.0
765.4604804787475	0.08820760000003247	epochs	2.0
765.4604804787475	0.044327800000019124	epochs	3.0
765.5048082787475	0.04387980000001335	epochs	3.0
765.5486880787475	0.0864516999999978	epochs	2.0
765.5486880787475	0.04344100000002982	epochs	3.0
765.5921290787476	0.04301069999996798	epochs	3.0
765.6351397787475	0.08476429999996071	epochs	2.0
765.6351397787475	0.04258900000002086	epochs	3.0
765.6777287787476	0.04217529999993985	epochs	3.0
765.7199040787475	0.08314150000001064	epochs	2.0
765.7199040787475	0.04176970000003166	epochs	3.0
765.7616737787475	0.041371799999978975	epochs	3.0
765.8030455787475	0.08157970000002024	epochs	2.0
765.8030455787475	0.04098140000007788	epochs	3.0
765.8440269787476	0.040598299999942355	epochs	3.0
765.8846252787475	0.08007550000002084	epochs	2.0
765.8846252787475	0.04022229999998217	epochs	3.0
765.9248475787475	0.03985320000003867	epochs	3.0
765.9647007787476	0.07862569999997504	epochs	2.0
765.9647007787476	0.0394907999999532	epochs	3.0
766.0041915787475	0.039134900000021844	epochs	3.0
766.0433264787475	0.07722760000001472	epochs	2.0
766.0433264787475	0.038785400000051595	epochs	3.0
766.0821118787476	0.03844219999996312	epochs	3.0
766.1205540787475	0.07587820000003376	epochs	2.0
766.1205540787475	0.038104800000041905	epochs	3.0
766.1586588787476	0.03777339999999185	epochs	3.0
766.1964322787476	0.0745752000000266	epochs	2.0
766.1964322787476	0.03744770000002973	epochs	3.0
766.2338799787476	0.03712749999999687	epochs	3.0
766.2710074787476	0.07331629999998768	epochs	2.0
766.2710074787476	0.036812899999972615	epochs	3.0
766.3078203787476	0.03650340000001506	epochs	3.0
766.3443237787476	0.07209899999998015	epochs	2.0
766.3443237787476	0.03619909999997617	epochs	3.0
766.3805228787476	0.03589990000000398	epochs	3.0
766.4164227787476	0.07092169999998532	epochs	2.0
766.4164227787476	0.03560559999993984	epochs	3.0
766.4520283787475	0.03531610000004548	epochs	3.0
766.4873444787476	0.06978200000003199	epochs	2.0
766.4873444787476	0.03503120000004856	epochs	3.0
766.5223756787476	0.03475079999998343	epochs	3.0
766.5571264787476	0.06867859999999837	epochs	2.0
766.5571264787476	0.03447510000000875	epochs	3.0
766.5916015787476	0.03420349999998962	epochs	3.0
766.6258050787476	0.06760929999995824	epochs	2.0
766.6258050787476	0.033936199999970995	epochs	3.0
766.6597412787476	0.033673099999987244	epochs	3.0
766.6934143787475	0.06657289999998284	epochs	2.0
766.6934143787475	0.03341399999999339	epochs	3.0
766.7268283787475	0.033158899999989444	epochs	3.0
766.7599872787475	0.06556780000005347	epochs	2.0
766.7599872787475	0.032907700000009754	epochs	3.0
766.7928949787475	0.03266010000004371	epochs	3.0
766.8255550787476	0.06459259999996902	epochs	2.0
766.8255550787476	0.032416399999988244	epochs	3.0
766.8579714787476	0.03217619999998078	epochs	3.0
766.8901476787476	0.06364600000006249	epochs	2.0
766.8901476787476	0.03193959999998697	epochs	3.0
766.9220872787475	0.03170640000007552	epochs	3.0
766.9537936787476	0.0627266999999847	epochs	2.0
766.9537936787476	0.031476599999905375	epochs	3.0
766.9852702787475	0.03125010000007933	epochs	3.0
767.0165203787476	0.06183359999999993	epochs	2.0
767.0165203787476	0.03102689999991526	epochs	3.0
767.0475472787475	0.030806700000084675	epochs	3.0
767.0783539787476	0.060965599999917686	epochs	2.0
767.0783539787476	0.030589799999916067	epochs	3.0
767.1089437787475	0.030375800000001618	epochs	3.0
767.1393195787475	0.06012160000000222	epochs	2.0
767.1393195787475	0.030164900000045236	epochs	3.0
767.1694844787476	0.02995669999995698	epochs	3.0
767.1994411787475	0.05930069999999432	epochs	2.0
767.1994411787475	0.029751600000054168	epochs	3.0
767.2291927787476	0.029549099999940154	epochs	3.0
767.2587418787475	0.05850180000004457	epochs	2.0
767.2587418787475	0.02934940000000097	epochs	3.0
767.2880912787475	0.0291524000000436	epochs	3.0
767.3172436787476	0.057724200000052406	epochs	2.0
767.3172436787476	0.028957999999988715	epochs	3.0
767.3462016787475	0.02876620000006369	epochs	3.0
767.3749678787476	0.05696709999995164	epochs	2.0
767.3749678787476	0.028576999999927466	epochs	3.0
767.4035448787475	0.028390100000024177	epochs	3.0
767.4319349787476	0.05622949999997218	epochs	2.0
767.4319349787476	0.028205699999944045	epochs	3.0
767.4601406787475	0.028023800000028132	epochs	3.0
767.4881644787475	0.05551070000001346	epochs	2.0
767.4881644787475	0.02784400000007281	epochs	3.0
767.5160084787476	0.027666699999940647	epochs	3.0
767.5436751787475	0.054810200000019904	epochs	2.0
767.5436751787475	0.02749149999999645	epochs	3.0
767.5711666787475	0.027318700000023455	epochs	3.0
767.5984853787476	0.05412699999999404	epochs	2.0
767.5984853787476	0.027147799999966082	epochs	3.0
767.6256331787475	0.02697920000002796	epochs	3.0
767.6526123787476	0.053460699999959616	epochs	2.0
767.6526123787476	0.0268125999999711	epochs	3.0
767.6794249787475	0.026648099999988517	epochs	3.0
767.7060730787475	0.05281070000000909	epochs	2.0
767.7060730787475	0.026485600000000886	epochs	3.0
767.7325586787475	0.026325100000008206	epochs	3.0
767.7588837787475	0.05217620000007628	epochs	2.0
767.7588837787475	0.026166400000079193	epochs	3.0
767.7850501787476	0.026009799999997085	epochs	3.0
767.8110599787476	0.051556699999991906	epochs	2.0
767.8110599787476	0.025854799999933675	epochs	3.0
767.8369147787475	0.02570190000005823	epochs	3.0
767.8626166787476	0.05095189999997274	epochs	2.0
767.8626166787476	0.025550699999939752	epochs	3.0
767.8881673787475	0.025401200000032986	epochs	3.0
767.9135685787476	0.05036099999995258	epochs	2.0
767.9135685787476	0.025253499999962514	epochs	3.0
767.9388220787475	0.02510749999999007	epochs	3.0
767.9639295787475	0.049783800000000156	epochs	2.0
767.9639295787475	0.02496320000000196	epochs	3.0
767.9888927787475	0.024820599999998194	epochs	3.0
768.0137133787475	0.049219500000049266	epochs	2.0
768.0137133787475	0.02467940000008184	epochs	3.0
768.0383927787476	0.024540099999967424	epochs	3.0
768.0629328787476	0.048667899999941255	epochs	2.0
768.0629328787476	0.02440209999997478	epochs	3.0
768.0873349787475	0.024265799999966475	epochs	3.0
768.1116007787475	0.04812860000004093	epochs	2.0
768.1116007787475	0.024131000000011227	epochs	3.0
768.1357317787475	0.023997600000029706	epochs	3.0
768.1597293787476	0.04760109999995166	epochs	2.0
768.1597293787476	0.023865799999953197	epochs	3.0
768.1835951787475	0.02373529999999846	epochs	3.0
768.2073304787475	0.047085000000038235	epochs	2.0
768.2073304787475	0.02360630000009678	epochs	3.0
768.2309367787476	0.023478699999941455	epochs	3.0
768.2544154787475	0.04658000000006268	epochs	2.0
768.2544154787475	0.02335249999998723	epochs	3.0
768.2777679787475	0.02322750000007545	epochs	3.0
768.3009954787476	0.04608569999993506	epochs	2.0
768.3009954787476	0.023103999999989355	epochs	3.0
768.3240994787476	0.022981699999945704	epochs	3.0
768.3470811787475	0.045601799999985815	epochs	2.0
768.3470811787475	0.022860700000023826	epochs	3.0
768.3699418787476	0.02274109999996199	epochs	3.0
768.3926829787475	0.04512790000001132	epochs	2.0
768.3926829787475	0.022622500000011314	epochs	3.0
768.4153054787475	0.02250540000000001	epochs	3.0
768.4378108787475	0.044663799999966614	epochs	2.0
768.4378108787475	0.02238929999998618	epochs	3.0
768.4602001787475	0.022274499999980435	epochs	3.0
768.4824746787475	0.04420920000006845	epochs	2.0
768.4824746787475	0.022160800000051495	epochs	3.0
768.5046354787476	0.022048400000016954	epochs	3.0
768.5266838787476	0.043763600000033875	epochs	2.0
768.5266838787476	0.021936900000014248	epochs	3.0
768.5486207787476	0.021826700000019628	epochs	3.0
768.5704474787476	0.04332709999994222	epochs	2.0
768.5704474787476	0.021717599999988124	epochs	3.0
768.5921650787476	0.021609499999954096	epochs	3.0
768.6137745787476	0.04289900000003399	epochs	2.0
768.6137745787476	0.02150249999999687	epochs	3.0
768.6352770787475	0.021396500000037122	epochs	3.0
768.6566735787476	0.042479500000013104	epochs	2.0
768.6566735787476	0.02129170000000613	epochs	3.0
768.6779652787476	0.021187800000006973	epochs	3.0
768.6991530787476	0.042067900000006375	epochs	2.0
768.6991530787476	0.02108490000000529	epochs	3.0
768.7202379787476	0.020983000000001084	epochs	3.0
768.7412209787476	0.04166439999994509	epochs	2.0
768.7412209787476	0.020882199999959994	epochs	3.0
768.7621031787476	0.020782199999985096	epochs	3.0
768.7828853787476	0.04126850000000104	epochs	2.0
768.7828853787476	0.020683299999973315	epochs	3.0
768.8035686787475	0.020585200000027726	epochs	3.0
768.8241538787476	0.04088000000001557	epochs	2.0
768.8241538787476	0.020488099999965925	epochs	3.0
768.8446419787475	0.020391900000049645	epochs	3.0
768.8650338787476	0.04049880000002304	epochs	2.0
768.8650338787476	0.020296599999937825	epochs	3.0
768.8853304787475	0.020202200000085213	epochs	3.0
768.9055326787476	0.04012460000001283	epochs	2.0
768.9055326787476	0.020108699999923374	epochs	3.0
768.9256413787475	0.02001590000008946	epochs	3.0
768.9456572787476	0.039757299999905626	epochs	2.0
768.9456572787476	0.019924199999991288	epochs	3.0
768.9655814787476	0.01983309999991434	epochs	3.0
768.9854145787475	0.03939669999999751	epochs	2.0
768.9854145787475	0.01974300000006224	epochs	3.0
769.0051575787476	0.01965369999993527	epochs	3.0
769.0248112787475	0.039042400000084854	epochs	2.0
769.0248112787475	0.01956510000002254	epochs	3.0
769.0443763787475	0.019477300000062314	epochs	3.0
769.0638536787476	0.03869459999998526	epochs	2.0
769.0638536787476	0.019390400000020236	epochs	3.0
769.0832440787476	0.01930419999996502	epochs	3.0
769.1025482787476	0.03835289999994984	epochs	2.0
769.1025482787476	0.019218799999976	epochs	3.0
769.1217670787476	0.01913409999997384	epochs	3.0
769.1409011787475	0.03801720000001296	epochs	2.0
769.1409011787475	0.019050200000037876	epochs	3.0
769.1599513787476	0.018966999999975087	epochs	3.0
769.1789183787475	0.037687200000050325	epochs	2.0
769.1789183787475	0.01888450000001285	epochs	3.0
769.1978028787476	0.018802700000037476	epochs	3.0
769.2166055787476	0.03736309999999321	epochs	2.0
769.2166055787476	0.018721700000014607	epochs	3.0
769.2353272787476	0.018641399999978603	epochs	3.0
769.2539686787476	0.03704429999993408	epochs	2.0
769.2539686787476	0.01856159999999818	epochs	3.0
769.2725302787476	0.018482699999935903	epochs	3.0
769.2910129787475	0.0367310000000316	epochs	2.0
769.2910129787475	0.018404300000042895	epochs	3.0
769.3094172787476	0.018326699999988705	epochs	3.0
769.3277439787475	0.036422900000047775	epochs	2.0
769.3277439787475	0.018249599999990096	epochs	3.0
769.3459935787475	0.01817330000005768	epochs	3.0
769.3641668787476	0.03612009999994825	epochs	2.0
769.3641668787476	0.01809759999991911	epochs	3.0
769.3822644787475	0.01802250000002914	epochs	3.0
769.4002869787475	0.03582210000001851	epochs	2.0
769.4002869787475	0.017947899999967376	epochs	3.0
769.4182348787475	0.017874200000051133	epochs	3.0
769.4361090787476	0.03552899999999681	epochs	2.0
769.4361090787476	0.017800800000031813	epochs	3.0
769.4539098787476	0.017728199999965	epochs	3.0
769.4716380787476	0.03524070000003121	epochs	2.0
769.4716380787476	0.017656099999953767	epochs	3.0
769.4892941787475	0.017584600000077444	epochs	3.0
769.5068787787476	0.03495709999992869	epochs	2.0
769.5068787787476	0.01751369999999497	epochs	3.0
769.5243924787476	0.017443399999933717	epochs	3.0
769.5418358787475	0.03467790000001969	epochs	2.0
769.5418358787475	0.017373600000041733	epochs	3.0
769.5592094787476	0.017304299999977957	epochs	3.0
769.5765137787475	0.03440330000000813	epochs	2.0
769.5765137787475	0.01723570000001473	epochs	3.0
769.5937494787476	0.0171675999999934	epochs	3.0
769.6109170787475	0.0341328000000658	epochs	2.0
769.6109170787475	0.017099900000062007	epochs	3.0
769.6280169787476	0.017032900000003792	epochs	3.0
769.6450498787476	0.033866699999975935	epochs	2.0
769.6450498787476	0.01696640000000116	epochs	3.0
769.6620162787476	0.016900299999974777	epochs	3.0
769.6789165787476	0.03360459999998966	epochs	2.0
769.6789165787476	0.01683479999996962	epochs	3.0
769.6957513787476	0.01676980000002004	epochs	3.0
769.7125211787476	0.033346599999958926	epochs	2.0
769.7125211787476	0.016705300000012357	epochs	3.0
769.7292264787476	0.01664129999994657	epochs	3.0
769.7458677787475	0.03309250000006614	epochs	2.0
769.7458677787475	0.016577800000050047	epochs	3.0
769.7624455787476	0.01651470000001609	epochs	3.0
769.7789602787476	0.03284229999997024	epochs	2.0
769.7789602787476	0.01645220000000336	epochs	3.0
769.7954124787476	0.01639009999996688	epochs	3.0
769.8118025787476	0.03259570000000167	epochs	2.0
769.8118025787476	0.016328400000020338	epochs	3.0
769.8281309787476	0.016267299999981333	epochs	3.0
769.8443982787476	0.032352899999978035	epochs	2.0
769.8443982787476	0.016206600000032267	epochs	3.0
769.8606048787476	0.016146299999945768	epochs	3.0
769.8767511787476	0.03211369999996805	epochs	2.0
769.8767511787476	0.016086599999994178	epochs	3.0
769.8928377787475	0.01602709999997387	epochs	3.0
769.9088648787475	0.03187800000000607	epochs	2.0
769.9088648787475	0.015968200000088473	epochs	3.0
769.9248330787476	0.015909799999917595	epochs	3.0
769.9407428787475	0.031645700000012766	epochs	2.0
769.9407428787475	0.01585160000001906	epochs	3.0
769.9565944787475	0.015794099999993705	epochs	3.0
769.9723885787475	0.0314167000000225	epochs	2.0
769.9723885787475	0.015736700000047676	epochs	3.0
769.9881252787476	0.015679999999974825	epochs	3.0
770.0038052787476	0.031191100000000915	epochs	2.0
770.0038052787476	0.015623600000026272	epochs	3.0
770.0194288787476	0.015567499999974643	epochs	3.0
770.0349963787476	0.030968700000016725	epochs	2.0
770.0349963787476	0.015511999999944237	epochs	3.0
770.0505083787475	0.015456700000072487	epochs	3.0
770.0659650787476	0.030749499999956242	epochs	2.0
770.0659650787476	0.015401999999994587	epochs	3.0
770.0813670787476	0.015347499999961656	epochs	3.0
770.0967145787475	0.03053320000003623	epochs	2.0
770.0967145787475	0.015293400000018664	epochs	3.0
770.1120079787476	0.015239800000017567	epochs	3.0
770.1272477787476	0.03032010000003993	epochs	2.0
770.1272477787476	0.015186500000027081	epochs	3.0
770.1424342787476	0.015133600000012848	epochs	3.0
770.1575678787476	0.030109899999956724	epochs	2.0
770.1575678787476	0.015080999999895539	epochs	3.0
770.1726488787475	0.015028900000061185	epochs	3.0
770.1876777787476	0.029902499999934662	epochs	2.0
770.1876777787476	0.01497699999993074	epochs	3.0
770.2026547787475	0.014925500000003922	epochs	3.0
770.2175802787475	0.029698100000018712	epochs	2.0
770.2175802787475	0.014874400000053356	epochs	3.0
770.2324546787476	0.014823699999965356	epochs	3.0
770.2472783787475	0.02949630000000525	epochs	2.0
770.2472783787475	0.014773200000036013	epochs	3.0
770.2620515787476	0.014723099999969236	epochs	3.0
770.2767746787475	0.02929740000001857	epochs	2.0
770.2767746787475	0.014673399999992398	epochs	3.0
770.2914480787475	0.014624000000026172	epochs	3.0
770.3060720787475	0.029101100000048064	epochs	2.0
770.3060720787475	0.01457489999995687	epochs	3.0
770.3206469787475	0.014526200000091194	epochs	3.0
770.3351731787476	0.028907399999980044	epochs	2.0
770.3351731787476	0.014477699999929428	epochs	3.0
770.3496508787475	0.014429700000050616	epochs	3.0
770.3640805787476	0.028716199999962555	epochs	2.0
770.3640805787476	0.014381800000023759	epochs	3.0
770.3784623787476	0.014334399999938796	epochs	3.0
770.3927967787475	0.028527600000074926	epochs	2.0
770.3927967787475	0.01428720000001249	epochs	3.0
770.4070839787476	0.014240400000062436	epochs	3.0
770.4213243787476	0.028341399999931127	epochs	2.0
770.4213243787476	0.014193799999929979	epochs	3.0
770.4355181787475	0.014147600000001148	epochs	3.0
770.4496657787475	0.028157700000065233	epochs	2.0
770.4496657787475	0.014101699999969242	epochs	3.0
770.4637674787475	0.014056000000095992	epochs	3.0
770.4778234787476	0.027976299999977527	epochs	2.0
770.4778234787476	0.01401060000000598	epochs	3.0
770.4918340787476	0.013965699999971548	epochs	3.0
770.5057997787476	0.02779720000000907	epochs	2.0
770.5057997787476	0.013920799999937117	epochs	3.0
770.5197205787475	0.013876400000071953	epochs	3.0
770.5335969787476	0.027620399999932488	epochs	2.0
770.5335969787476	0.0138321999999107	epochs	3.0
770.5474291787475	0.013788200000021789	epochs	3.0
770.5612173787475	0.027445899999975154	epochs	2.0
770.5612173787475	0.013744599999995444	epochs	3.0
770.5749619787475	0.01370129999997971	epochs	3.0
770.5886632787475	0.0272735000000921	epochs	2.0
770.5886632787475	0.013658200000008947	epochs	3.0
770.6023214787475	0.013615300000083153	epochs	3.0
770.6159367787476	0.027103399999987232	epochs	2.0
770.6159367787476	0.013572799999906238	epochs	3.0
770.6295095787475	0.013530600000080995	epochs	3.0
770.6430401787476	0.02693520000002536	epochs	2.0
770.6430401787476	0.013488400000028378	epochs	3.0
770.6565285787476	0.013446799999996983	epochs	3.0
770.6699753787476	0.026769199999989723	epochs	2.0
770.6699753787476	0.013405199999965589	epochs	3.0
770.6833805787476	0.013364000000024134	epochs	3.0
770.6967445787476	0.026605199999949036	epochs	2.0
770.6967445787476	0.013322899999934634	epochs	3.0
770.7100674787475	0.013282300000014402	epochs	3.0
770.7233497787475	0.026443200000016986	epochs	2.0
770.7233497787475	0.013241699999980483	epochs	3.0
770.7365914787475	0.013201500000036503	epochs	3.0
770.7497929787476	0.0262831999999662	epochs	2.0
770.7497929787476	0.013161500000023807	epochs	3.0
770.7629544787476	0.013121699999942393	epochs	3.0
770.7760761787475	0.02612499999997908	epochs	2.0
770.7760761787475	0.013082100000019636	epochs	3.0
770.7891582787475	0.013042899999959445	epochs	3.0
770.8022011787475	0.025968900000066242	epochs	2.0
770.8022011787475	0.01300390000005791	epochs	3.0
770.8152050787476	0.012965000000008331	epochs	3.0
770.8281700787476	0.025814500000024054	epochs	2.0
770.8281700787476	0.012926399999969362	epochs	3.0
770.8410964787475	0.012888100000054692	epochs	3.0
770.8539845787476	0.025661899999931848	epochs	2.0
770.8539845787476	0.012849899999991976	epochs	3.0
770.8668344787476	0.012811999999939871	epochs	3.0
770.8796464787475	0.025511199999982637	epochs	2.0
770.8796464787475	0.012774400000012065	epochs	3.0
770.8924208787475	0.012736799999970572	epochs	3.0
770.9051576787475	0.025362300000097093	epochs	2.0
770.9051576787475	0.012699700000098346	epochs	3.0
770.9178573787476	0.012662599999998747	epochs	3.0
770.9305199787476	0.025215000000002874	epochs	2.0
770.9305199787476	0.01262579999990976	epochs	3.0
770.9431457787475	0.012589200000093115	epochs	3.0
770.9557349787476	0.024584799999956886	epochs	2.0
770.9787677787475	0.5	epochs	-1.0
770.9803197787476	0.5510399999999436	epochs	1.0
771.5313597787475	0.44888000000003103	epochs	0.0
781.7629995346069	0.14832000000001244	epochs	0.0
781.7629995346069	0.06916160000002947	epochs	1.0
781.832161134607	0.00999679999995351	epochs	1.0
781.8421579346069	0.06916160000002947	epochs	1.0
781.911319534607	2.0	epochs	0.0
783.911319534607	5.391200000000026	epochs	0.0
783.911319534607	1.0	epochs	1.0
783.9113675346069	0.5	epochs	-1.0
784.4113675346069	4.891152000000034	epochs	-1.0
784.911319534607	4.391200000000026	epochs	1.0
784.911319534607	4.356753899999944	epochs	-1.0
784.911319534607	1.9745871999999736	epochs	2.0
784.911319534607	1.0985621999999466	epochs	3.0
786.0098817346069	0.8760250000000269	epochs	3.0
786.8859067346069	1.3524075000000266	epochs	2.0
786.8859067346069	0.7286354999999958	epochs	3.0
787.6145422346069	0.6237720000000309	epochs	3.0
788.238314234607	1.029759199999944	epochs	2.0
788.238314234607	0.5453292999999348	epochs	3.0
788.7836435346069	0.4844299000000092	epochs	3.0
789.2680734346069	0.03444610000008197	epochs	2.0
789.2680734346069	0.03444610000008197	epochs	3.0
789.302519534607	16.60871999999995	epochs	0.0
790.2639999389648	0.14832000000001244	epochs	0.0
790.2639999389648	0.06916160000002947	epochs	1.0
790.3331615389649	0.00999679999995351	epochs	1.0
790.3431583389648	0.06916160000002947	epochs	1.0
790.4123199389649	2.0	epochs	0.0
792.4123199389649	21.51103999999998	epochs	0.0
792.4123199389649	1.0	epochs	1.0
792.4123679389648	0.5	epochs	-1.0
792.9123679389648	19.99807999999996	epochs	-1.0
793.4123199389649	20.0	epochs	1.0
793.4123199389649	4.356753899999944	epochs	-1.0
793.4123199389649	1.9745871999999736	epochs	2.0
793.4123199389649	1.0985621999999466	epochs	3.0
794.5108821389648	0.8760250000000269	epochs	3.0
795.3869071389648	1.3524075000000266	epochs	2.0
795.3869071389648	0.7286354999999958	epochs	3.0
796.1155426389648	0.6237720000000309	epochs	3.0
796.7393146389649	1.029759199999944	epochs	2.0
796.7393146389649	0.5453292999999348	epochs	3.0
797.2846439389648	0.4844299000000092	epochs	3.0
797.7690738389648	0.8317862000000105	epochs	2.0
797.7690738389648	0.4357763000000432	epochs	3.0
798.2048501389648	0.3960098999999673	epochs	3.0
798.6008600389648	0.6977970000000369	epochs	2.0
798.6008600389648	0.3628982000000178	epochs	3.0
798.9637582389648	0.33489880000001904	epochs	3.0
799.2986570389648	0.601045699999986	epochs	2.0
799.2986570389648	0.3109123000000409	epochs	3.0
799.6095693389649	0.29013339999994514	epochs	3.0
799.8997027389648	0.5278859000000011	epochs	2.0
799.8997027389648	0.2719586000000618	epochs	3.0
800.1716613389649	0.25592729999993935	epochs	3.0
800.4275886389648	0.470619299999953	epochs	2.0
800.4275886389648	0.241681299999982	epochs	3.0
800.6692699389648	0.228937999999971	epochs	3.0
800.8982079389648	0.42457040000010693	epochs	2.0
800.8982079389648	0.21747140000002219	epochs	3.0
801.1156793389648	0.20709900000008474	epochs	3.0
801.3227783389649	0.3867353999999068	epochs	2.0
801.3227783389649	0.19767109999997956	epochs	3.0
801.5204494389649	0.18906429999992724	epochs	3.0
801.7095137389648	0.3550953000000163	epochs	2.0
801.7095137389648	0.18117590000008477	epochs	3.0
801.8906896389649	0.17391939999993156	epochs	3.0
802.0646090389648	0.3282431000000088	epochs	2.0
802.0646090389648	0.1672219000000723	epochs	3.0
802.2318309389649	0.16102119999993647	epochs	3.0
802.3928521389648	0.30516799999998057	epochs	2.0
802.3928521389648	0.15526390000002266	epochs	3.0
802.5481160389648	0.1499040999999579	epochs	3.0
802.6980201389648	0.28512530000000424	epochs	2.0
802.6980201389648	0.1449021000000812	epochs	3.0
802.8429222389649	0.14022319999992305	epochs	3.0
802.9831454389648	0.267553800000087	epochs	2.0
802.9831454389648	0.1358369000000721	epochs	3.0
803.1189823389649	0.1317169000000149	epochs	3.0
803.2506992389649	0.252022899999929	epochs	2.0
803.2506992389649	0.1278392999998914	epochs	3.0
803.3785385389648	0.12418360000003759	epochs	3.0
803.5027221389648	0.23819650000007186	epochs	2.0
803.5027221389648	0.12073110000005727	epochs	3.0
803.6234532389649	0.1174654000000146	epochs	3.0
803.7409186389649	0.2258087999999816	epochs	2.0
803.7409186389649	0.1143718999999237	epochs	3.0
803.8552905389648	0.1114369000000579	epochs	3.0
803.9667274389649	0.2146460000000161	epochs	2.0
803.9667274389649	0.10864889999993466	epochs	3.0
804.0753763389648	0.10599710000008145	epochs	3.0
804.1813734389649	0.20453499999996438	epochs	2.0
804.1813734389649	0.10347149999995509	epochs	3.0
804.2848449389649	0.1010635000000093	epochs	3.0
804.3859084389649	0.19533400000000256	epochs	2.0
804.3859084389649	0.09876510000003691	epochs	3.0
804.4846735389649	0.09656889999996565	epochs	3.0
804.5812424389649	0.18692529999998442	epochs	2.0
804.5812424389649	0.09446830000001682	epochs	3.0
804.6757107389649	0.09245699999996759	epochs	3.0
804.7681677389648	0.17921069999999872	epochs	2.0
804.7681677389648	0.09052959999996801	epochs	3.0
804.8586973389648	0.08868110000003071	epochs	3.0
804.9473784389648	0.17210769999996955	epochs	2.0
804.9473784389648	0.08690630000000965	epochs	3.0
805.0342847389649	0.0852013999999599	epochs	3.0
805.1194861389648	0.16554640000003928	epochs	2.0
805.1194861389648	0.08356190000006336	epochs	3.0
805.2030480389649	0.08198449999997592	epochs	3.0
805.2850325389649	0.15946710000002895	epochs	2.0
805.2850325389649	0.08046539999998004	epochs	3.0
805.3654979389648	0.07900170000004891	epochs	3.0
805.4444996389649	0.15381839999997737	epochs	2.0
805.4444996389649	0.07759009999995214	epochs	3.0
805.5220897389648	0.07622830000002523	epochs	3.0
805.5983180389649	0.14855639999996129	epochs	2.0
805.5983180389649	0.07491329999993468	epochs	3.0
805.6732313389648	0.0736431000000266	epochs	3.0
805.7468744389648	0.14364239999997608	epochs	2.0
805.7468744389648	0.07241499999997814	epochs	3.0
805.8192894389648	0.07122739999999794	epochs	3.0
805.8905168389648	0.13904310000009446	epochs	2.0
805.8905168389648	0.07007800000008046	epochs	3.0
805.9605948389649	0.06896510000001399	epochs	3.0
806.0295599389649	0.1347293000000036	epochs	2.0
806.0295599389649	0.0678871000000072	epochs	3.0
806.0974470389649	0.06684219999999641	epochs	3.0
806.1642892389649	0.13067519999992783	epochs	2.0
806.1642892389649	0.06582909999997355	epochs	3.0
806.2301183389649	0.06484609999995428	epochs	3.0
806.2949644389648	0.12685780000003888	epochs	2.0
806.2949644389648	0.06389200000000983	epochs	3.0
806.3588564389648	0.06296580000002905	epochs	3.0
806.4218222389649	0.12325720000001184	epochs	2.0
806.4218222389649	0.06206580000002759	epochs	3.0
806.4838880389649	0.06119139999998424	epochs	3.0
806.5450794389649	0.11985540000000583	epochs	2.0
806.5450794389649	0.060341099999959624	epochs	3.0
806.6054205389648	0.059514300000046205	epochs	3.0
806.6649348389649	0.11663620000001629	epochs	2.0
806.6649348389649	0.058709599999929196	epochs	3.0
806.7236444389648	0.05792660000008709	epochs	3.0
806.7815710389649	0.11358559999996487	epochs	2.0
806.7815710389649	0.05716419999998834	epochs	3.0
806.8387352389649	0.05642139999997653	epochs	3.0
806.8951566389649	0.11069050000003244	epochs	2.0
806.8951566389649	0.05569789999992736	epochs	3.0
806.9508545389648	0.054992600000105085	epochs	3.0
807.0058471389649	0.10793909999995321	epochs	2.0
807.0058471389649	0.05430489999992005	epochs	3.0
807.0601520389648	0.05363420000003316	epochs	3.0
807.1137862389648	0.10532149999994544	epochs	2.0
807.1137862389648	0.05298000000004777	epochs	3.0
807.1667662389649	0.05234149999989768	epochs	3.0
807.2191077389648	0.10282760000006874	epochs	2.0
807.2191077389648	0.05171810000001642	epochs	3.0
807.2708258389648	0.05110950000005232	epochs	3.0
807.3219353389649	0.10044909999999163	epochs	2.0
807.3219353389649	0.05051489999993919	epochs	3.0
807.3724502389648	0.04993420000005244	epochs	3.0
807.4223844389649	0.0981782999999723	epochs	2.0
807.4223844389649	0.04936659999998483	epochs	3.0
807.4717510389648	0.04881169999998747	epochs	3.0
807.5205627389648	0.09600780000005216	epochs	2.0
807.5205627389648	0.04826920000004975	epochs	3.0
807.5688319389649	0.04773860000000241	epochs	3.0
807.6165705389649	0.09393119999992905	epochs	2.0
807.6165705389649	0.04721949999998287	epochs	3.0
807.6637900389649	0.04671169999994618	epochs	3.0
807.7105017389648	0.09194260000003851	epochs	2.0
807.7105017389648	0.046214599999984785	epochs	3.0
807.7567163389648	0.045728000000053726	epochs	3.0
807.8024443389648	0.09003629999995155	epochs	2.0
807.8024443389648	0.045251499999949374	epochs	3.0
807.8476958389648	0.04478480000000218	epochs	3.0
807.8924806389648	0.08820760000003247	epochs	2.0
807.8924806389648	0.044327800000019124	epochs	3.0
807.9368084389648	0.04387980000001335	epochs	3.0
807.9806882389648	0.0864516999999978	epochs	2.0
807.9806882389648	0.04344100000002982	epochs	3.0
808.0241292389649	0.04301069999996798	epochs	3.0
808.0671399389648	0.08476429999996071	epochs	2.0
808.0671399389648	0.04258900000002086	epochs	3.0
808.1097289389648	0.04217529999993985	epochs	3.0
808.1519042389648	0.08314150000001064	epochs	2.0
808.1519042389648	0.04176970000003166	epochs	3.0
808.1936739389648	0.041371799999978975	epochs	3.0
808.2350457389648	0.08157970000002024	epochs	2.0
808.2350457389648	0.04098140000007788	epochs	3.0
808.2760271389649	0.040598299999942355	epochs	3.0
808.3166254389648	0.08007550000002084	epochs	2.0
808.3166254389648	0.04022229999998217	epochs	3.0
808.3568477389648	0.03985320000003867	epochs	3.0
808.3967009389648	0.07862569999997504	epochs	2.0
808.3967009389648	0.0394907999999532	epochs	3.0
808.4361917389648	0.039134900000021844	epochs	3.0
808.4753266389648	0.07722760000001472	epochs	2.0
808.4753266389648	0.038785400000051595	epochs	3.0
808.5141120389649	0.03844219999996312	epochs	3.0
808.5525542389648	0.07587820000003376	epochs	2.0
808.5525542389648	0.038104800000041905	epochs	3.0
808.5906590389649	0.03777339999999185	epochs	3.0
808.6284324389649	0.0745752000000266	epochs	2.0
808.6284324389649	0.03744770000002973	epochs	3.0
808.6658801389649	0.03712749999999687	epochs	3.0
808.7030076389649	0.07331629999998768	epochs	2.0
808.7030076389649	0.036812899999972615	epochs	3.0
808.7398205389649	0.03650340000001506	epochs	3.0
808.7763239389649	0.07209899999998015	epochs	2.0
808.7763239389649	0.03619909999997617	epochs	3.0
808.8125230389649	0.03589990000000398	epochs	3.0
808.8484229389649	0.07092169999998532	epochs	2.0
808.8484229389649	0.03560559999993984	epochs	3.0
808.8840285389648	0.03531610000004548	epochs	3.0
808.9193446389648	0.06978200000003199	epochs	2.0
808.9193446389648	0.03503120000004856	epochs	3.0
808.9543758389649	0.03475079999998343	epochs	3.0
808.9891266389649	0.06867859999999837	epochs	2.0
808.9891266389649	0.03447510000000875	epochs	3.0
809.0236017389649	0.03420349999998962	epochs	3.0
809.0578052389649	0.06760929999995824	epochs	2.0
809.0578052389649	0.033936199999970995	epochs	3.0
809.0917414389648	0.033673099999987244	epochs	3.0
809.1254145389648	0.06657289999998284	epochs	2.0
809.1254145389648	0.03341399999999339	epochs	3.0
809.1588285389648	0.033158899999989444	epochs	3.0
809.1919874389648	0.06556780000005347	epochs	2.0
809.1919874389648	0.032907700000009754	epochs	3.0
809.2248951389648	0.03266010000004371	epochs	3.0
809.2575552389649	0.06459259999996902	epochs	2.0
809.2575552389649	0.032416399999988244	epochs	3.0
809.2899716389649	0.03217619999998078	epochs	3.0
809.3221478389648	0.06364600000006249	epochs	2.0
809.3221478389648	0.03193959999998697	epochs	3.0
809.3540874389648	0.03170640000007552	epochs	3.0
809.3857938389649	0.0627266999999847	epochs	2.0
809.3857938389649	0.031476599999905375	epochs	3.0
809.4172704389648	0.03125010000007933	epochs	3.0
809.4485205389649	0.06183359999999993	epochs	2.0
809.4485205389649	0.03102689999991526	epochs	3.0
809.4795474389648	0.030806700000084675	epochs	3.0
809.5103541389649	0.060965599999917686	epochs	2.0
809.5103541389649	0.030589799999916067	epochs	3.0
809.5409439389648	0.030375800000001618	epochs	3.0
809.5713197389648	0.06012160000000222	epochs	2.0
809.5713197389648	0.030164900000045236	epochs	3.0
809.6014846389648	0.02995669999995698	epochs	3.0
809.6314413389648	0.05930069999999432	epochs	2.0
809.6314413389648	0.029751600000054168	epochs	3.0
809.6611929389649	0.029549099999940154	epochs	3.0
809.6907420389648	0.05850180000004457	epochs	2.0
809.6907420389648	0.02934940000000097	epochs	3.0
809.7200914389648	0.0291524000000436	epochs	3.0
809.7492438389648	0.057724200000052406	epochs	2.0
809.7492438389648	0.028957999999988715	epochs	3.0
809.7782018389648	0.02876620000006369	epochs	3.0
809.8069680389649	0.05696709999995164	epochs	2.0
809.8069680389649	0.028576999999927466	epochs	3.0
809.8355450389648	0.028390100000024177	epochs	3.0
809.8639351389648	0.05622949999997218	epochs	2.0
809.8639351389648	0.028205699999944045	epochs	3.0
809.8921408389648	0.028023800000028132	epochs	3.0
809.9201646389648	0.05551070000001346	epochs	2.0
809.9201646389648	0.02784400000007281	epochs	3.0
809.9480086389649	0.027666699999940647	epochs	3.0
809.9756753389648	0.054810200000019904	epochs	2.0
809.9756753389648	0.02749149999999645	epochs	3.0
810.0031668389648	0.027318700000023455	epochs	3.0
810.0304855389649	0.05412699999999404	epochs	2.0
810.0304855389649	0.027147799999966082	epochs	3.0
810.0576333389648	0.02697920000002796	epochs	3.0
810.0846125389648	0.053460699999959616	epochs	2.0
810.0846125389648	0.0268125999999711	epochs	3.0
810.1114251389648	0.026648099999988517	epochs	3.0
810.1380732389648	0.05281070000000909	epochs	2.0
810.1380732389648	0.026485600000000886	epochs	3.0
810.1645588389648	0.026325100000008206	epochs	3.0
810.1908839389648	0.05217620000007628	epochs	2.0
810.1908839389648	0.026166400000079193	epochs	3.0
810.2170503389649	0.026009799999997085	epochs	3.0
810.2430601389649	0.051556699999991906	epochs	2.0
810.2430601389649	0.025854799999933675	epochs	3.0
810.2689149389648	0.02570190000005823	epochs	3.0
810.2946168389649	0.05095189999997274	epochs	2.0
810.2946168389649	0.025550699999939752	epochs	3.0
810.3201675389648	0.025401200000032986	epochs	3.0
810.3455687389649	0.05036099999995258	epochs	2.0
810.3455687389649	0.025253499999962514	epochs	3.0
810.3708222389648	0.02510749999999007	epochs	3.0
810.3959297389648	0.049783800000000156	epochs	2.0
810.3959297389648	0.02496320000000196	epochs	3.0
810.4208929389648	0.024820599999998194	epochs	3.0
810.4457135389648	0.049219500000049266	epochs	2.0
810.4457135389648	0.02467940000008184	epochs	3.0
810.4703929389649	0.024540099999967424	epochs	3.0
810.4949330389649	0.048667899999941255	epochs	2.0
810.4949330389649	0.02440209999997478	epochs	3.0
810.5193351389648	0.024265799999966475	epochs	3.0
810.5436009389648	0.04812860000004093	epochs	2.0
810.5436009389648	0.024131000000011227	epochs	3.0
810.5677319389648	0.023997600000029706	epochs	3.0
810.5917295389648	0.04760109999995166	epochs	2.0
810.5917295389648	0.023865799999953197	epochs	3.0
810.6155953389648	0.02373529999999846	epochs	3.0
810.6393306389648	0.047085000000038235	epochs	2.0
810.6393306389648	0.02360630000009678	epochs	3.0
810.6629369389649	0.023478699999941455	epochs	3.0
810.6864156389648	0.04658000000006268	epochs	2.0
810.6864156389648	0.02335249999998723	epochs	3.0
810.7097681389648	0.02322750000007545	epochs	3.0
810.7329956389649	0.04608569999993506	epochs	2.0
810.7329956389649	0.023103999999989355	epochs	3.0
810.7560996389649	0.022981699999945704	epochs	3.0
810.7790813389648	0.045601799999985815	epochs	2.0
810.7790813389648	0.022860700000023826	epochs	3.0
810.8019420389649	0.02274109999996199	epochs	3.0
810.8246831389648	0.04512790000001132	epochs	2.0
810.8246831389648	0.022622500000011314	epochs	3.0
810.8473056389648	0.02250540000000001	epochs	3.0
810.8698110389648	0.044663799999966614	epochs	2.0
810.8698110389648	0.02238929999998618	epochs	3.0
810.8922003389648	0.022274499999980435	epochs	3.0
810.9144748389648	0.04420920000006845	epochs	2.0
810.9144748389648	0.022160800000051495	epochs	3.0
810.9366356389648	0.022048400000016954	epochs	3.0
810.9586840389649	0.043763600000033875	epochs	2.0
810.9586840389649	0.021936900000014248	epochs	3.0
810.9806209389649	0.021826700000019628	epochs	3.0
811.0024476389649	0.04332709999994222	epochs	2.0
811.0024476389649	0.021717599999988124	epochs	3.0
811.0241652389649	0.021609499999954096	epochs	3.0
811.0457747389648	0.04289900000003399	epochs	2.0
811.0457747389648	0.02150249999999687	epochs	3.0
811.0672772389648	0.021396500000037122	epochs	3.0
811.0886737389649	0.042479500000013104	epochs	2.0
811.0886737389649	0.02129170000000613	epochs	3.0
811.1099654389649	0.021187800000006973	epochs	3.0
811.1311532389649	0.042067900000006375	epochs	2.0
811.1311532389649	0.02108490000000529	epochs	3.0
811.1522381389649	0.020983000000001084	epochs	3.0
811.1732211389649	0.04166439999994509	epochs	2.0
811.1732211389649	0.020882199999959994	epochs	3.0
811.1941033389649	0.020782199999985096	epochs	3.0
811.2148855389648	0.04126850000000104	epochs	2.0
811.2148855389648	0.020683299999973315	epochs	3.0
811.2355688389648	0.020585200000027726	epochs	3.0
811.2561540389648	0.04088000000001557	epochs	2.0
811.2561540389648	0.020488099999965925	epochs	3.0
811.2766421389648	0.020391900000049645	epochs	3.0
811.2970340389649	0.04049880000002304	epochs	2.0
811.2970340389649	0.020296599999937825	epochs	3.0
811.3173306389648	0.020202200000085213	epochs	3.0
811.3375328389649	0.04012460000001283	epochs	2.0
811.3375328389649	0.020108699999923374	epochs	3.0
811.3576415389648	0.02001590000008946	epochs	3.0
811.3776574389649	0.039757299999905626	epochs	2.0
811.3776574389649	0.019924199999991288	epochs	3.0
811.3975816389649	0.01983309999991434	epochs	3.0
811.4174147389648	0.03939669999999751	epochs	2.0
811.4174147389648	0.01974300000006224	epochs	3.0
811.4371577389649	0.01965369999993527	epochs	3.0
811.4568114389648	0.039042400000084854	epochs	2.0
811.4568114389648	0.01956510000002254	epochs	3.0
811.4763765389648	0.019477300000062314	epochs	3.0
811.4958538389649	0.03869459999998526	epochs	2.0
811.4958538389649	0.019390400000020236	epochs	3.0
811.5152442389649	0.01930419999996502	epochs	3.0
811.5345484389649	0.03835289999994984	epochs	2.0
811.5345484389649	0.019218799999976	epochs	3.0
811.5537672389648	0.01913409999997384	epochs	3.0
811.5729013389648	0.03801720000001296	epochs	2.0
811.5729013389648	0.019050200000037876	epochs	3.0
811.5919515389648	0.018966999999975087	epochs	3.0
811.6109185389648	0.037687200000050325	epochs	2.0
811.6109185389648	0.01888450000001285	epochs	3.0
811.6298030389648	0.018802700000037476	epochs	3.0
811.6486057389649	0.03736309999999321	epochs	2.0
811.6486057389649	0.018721700000014607	epochs	3.0
811.6673274389649	0.018641399999978603	epochs	3.0
811.6859688389649	0.03704429999993408	epochs	2.0
811.6859688389649	0.01856159999999818	epochs	3.0
811.7045304389649	0.018482699999935903	epochs	3.0
811.7230131389648	0.0367310000000316	epochs	2.0
811.7230131389648	0.018404300000042895	epochs	3.0
811.7414174389648	0.018326699999988705	epochs	3.0
811.7597441389648	0.036422900000047775	epochs	2.0
811.7597441389648	0.018249599999990096	epochs	3.0
811.7779937389648	0.01817330000005768	epochs	3.0
811.7961670389649	0.03612009999994825	epochs	2.0
811.7961670389649	0.01809759999991911	epochs	3.0
811.8142646389648	0.01802250000002914	epochs	3.0
811.8322871389648	0.03582210000001851	epochs	2.0
811.8322871389648	0.017947899999967376	epochs	3.0
811.8502350389648	0.017874200000051133	epochs	3.0
811.8681092389648	0.03552899999999681	epochs	2.0
811.8681092389648	0.017800800000031813	epochs	3.0
811.8859100389649	0.017728199999965	epochs	3.0
811.9036382389648	0.03524070000003121	epochs	2.0
811.9036382389648	0.017656099999953767	epochs	3.0
811.9212943389648	0.017584600000077444	epochs	3.0
811.9388789389649	0.03495709999992869	epochs	2.0
811.9388789389649	0.01751369999999497	epochs	3.0
811.9563926389649	0.017443399999933717	epochs	3.0
811.9738360389648	0.03467790000001969	epochs	2.0
811.9738360389648	0.017373600000041733	epochs	3.0
811.9912096389648	0.017304299999977957	epochs	3.0
812.0085139389648	0.03440330000000813	epochs	2.0
812.0085139389648	0.01723570000001473	epochs	3.0
812.0257496389648	0.0171675999999934	epochs	3.0
812.0429172389648	0.0341328000000658	epochs	2.0
812.0429172389648	0.017099900000062007	epochs	3.0
812.0600171389649	0.017032900000003792	epochs	3.0
812.0770500389649	0.033866699999975935	epochs	2.0
812.0770500389649	0.01696640000000116	epochs	3.0
812.0940164389649	0.016900299999974777	epochs	3.0
812.1109167389649	0.03360459999998966	epochs	2.0
812.1109167389649	0.01683479999996962	epochs	3.0
812.1277515389648	0.01676980000002004	epochs	3.0
812.1445213389649	0.033346599999958926	epochs	2.0
812.1445213389649	0.016705300000012357	epochs	3.0
812.1612266389649	0.01664129999994657	epochs	3.0
812.1778679389648	0.03309250000006614	epochs	2.0
812.1778679389648	0.016577800000050047	epochs	3.0
812.1944457389649	0.01651470000001609	epochs	3.0
812.2109604389649	0.03284229999997024	epochs	2.0
812.2109604389649	0.01645220000000336	epochs	3.0
812.2274126389649	0.01639009999996688	epochs	3.0
812.2438027389649	0.03259570000000167	epochs	2.0
812.2438027389649	0.016328400000020338	epochs	3.0
812.2601311389649	0.016267299999981333	epochs	3.0
812.2763984389649	0.032352899999978035	epochs	2.0
812.2763984389649	0.016206600000032267	epochs	3.0
812.2926050389649	0.016146299999945768	epochs	3.0
812.3087513389648	0.03211369999996805	epochs	2.0
812.3087513389648	0.016086599999994178	epochs	3.0
812.3248379389648	0.01602709999997387	epochs	3.0
812.3408650389648	0.03187800000000607	epochs	2.0
812.3408650389648	0.015968200000088473	epochs	3.0
812.3568332389649	0.015909799999917595	epochs	3.0
812.3727430389648	0.031645700000012766	epochs	2.0
812.3727430389648	0.01585160000001906	epochs	3.0
812.3885946389648	0.015794099999993705	epochs	3.0
812.4043887389648	0.0314167000000225	epochs	2.0
812.4043887389648	0.015736700000047676	epochs	3.0
812.4201254389649	0.015679999999974825	epochs	3.0
812.4358054389648	0.031191100000000915	epochs	2.0
812.4358054389648	0.015623600000026272	epochs	3.0
812.4514290389649	0.015567499999974643	epochs	3.0
812.4669965389648	0.030968700000016725	epochs	2.0
812.4669965389648	0.015511999999944237	epochs	3.0
812.4825085389648	0.015456700000072487	epochs	3.0
812.4979652389649	0.030749499999956242	epochs	2.0
812.4979652389649	0.015401999999994587	epochs	3.0
812.5133672389649	0.015347499999961656	epochs	3.0
812.5287147389648	0.03053320000003623	epochs	2.0
812.5287147389648	0.015293400000018664	epochs	3.0
812.5440081389648	0.015239800000017567	epochs	3.0
812.5592479389649	0.03032010000003993	epochs	2.0
812.5592479389649	0.015186500000027081	epochs	3.0
812.5744344389649	0.015133600000012848	epochs	3.0
812.5895680389649	0.030109899999956724	epochs	2.0
812.5895680389649	0.015080999999895539	epochs	3.0
812.6046490389648	0.015028900000061185	epochs	3.0
812.6196779389649	0.029902499999934662	epochs	2.0
812.6196779389649	0.01497699999993074	epochs	3.0
812.6346549389648	0.014925500000003922	epochs	3.0
812.6495804389648	0.029698100000018712	epochs	2.0
812.6495804389648	0.014874400000053356	epochs	3.0
812.6644548389648	0.014823699999965356	epochs	3.0
812.6792785389648	0.02949630000000525	epochs	2.0
812.6792785389648	0.014773200000036013	epochs	3.0
812.6940517389648	0.014723099999969236	epochs	3.0
812.7087748389648	0.02929740000001857	epochs	2.0
812.7087748389648	0.014673399999992398	epochs	3.0
812.7234482389648	0.014624000000026172	epochs	3.0
812.7380722389648	0.029101100000048064	epochs	2.0
812.7380722389648	0.01457489999995687	epochs	3.0
812.7526471389648	0.014526200000091194	epochs	3.0
812.7671733389649	0.028907399999980044	epochs	2.0
812.7671733389649	0.014477699999929428	epochs	3.0
812.7816510389648	0.014429700000050616	epochs	3.0
812.7960807389649	0.028716199999962555	epochs	2.0
812.7960807389649	0.014381800000023759	epochs	3.0
812.8104625389649	0.014334399999938796	epochs	3.0
812.8247969389648	0.028527600000074926	epochs	2.0
812.8247969389648	0.01428720000001249	epochs	3.0
812.8390841389648	0.014240400000062436	epochs	3.0
812.8533245389649	0.028341399999931127	epochs	2.0
812.8533245389649	0.014193799999929979	epochs	3.0
812.8675183389648	0.014147600000001148	epochs	3.0
812.8816659389648	0.028157700000065233	epochs	2.0
812.8816659389648	0.014101699999969242	epochs	3.0
812.8957676389648	0.014056000000095992	epochs	3.0
812.9098236389649	0.027976299999977527	epochs	2.0
812.9098236389649	0.01401060000000598	epochs	3.0
812.9238342389649	0.013965699999971548	epochs	3.0
812.9377999389649	0.02779720000000907	epochs	2.0
812.9377999389649	0.013920799999937117	epochs	3.0
812.9517207389648	0.013876400000071953	epochs	3.0
812.9655971389649	0.027620399999932488	epochs	2.0
812.9655971389649	0.0138321999999107	epochs	3.0
812.9794293389648	0.013788200000021789	epochs	3.0
812.9932175389648	0.027445899999975154	epochs	2.0
812.9932175389648	0.013744599999995444	epochs	3.0
813.0069621389648	0.01370129999997971	epochs	3.0
813.0206634389648	0.0272735000000921	epochs	2.0
813.0206634389648	0.013658200000008947	epochs	3.0
813.0343216389648	0.013615300000083153	epochs	3.0
813.0479369389649	0.027103399999987232	epochs	2.0
813.0479369389649	0.013572799999906238	epochs	3.0
813.0615097389648	0.013530600000080995	epochs	3.0
813.0750403389649	0.02693520000002536	epochs	2.0
813.0750403389649	0.013488400000028378	epochs	3.0
813.0885287389649	0.013446799999996983	epochs	3.0
813.1019755389649	0.026769199999989723	epochs	2.0
813.1019755389649	0.013405199999965589	epochs	3.0
813.1153807389649	0.013364000000024134	epochs	3.0
813.1287447389649	0.026605199999949036	epochs	2.0
813.1287447389649	0.013322899999934634	epochs	3.0
813.1420676389648	0.013282300000014402	epochs	3.0
813.1553499389648	0.026443200000016986	epochs	2.0
813.1553499389648	0.013241699999980483	epochs	3.0
813.1685916389648	0.013201500000036503	epochs	3.0
813.1817931389648	0.0262831999999662	epochs	2.0
813.1817931389648	0.013161500000023807	epochs	3.0
813.1949546389649	0.013121699999942393	epochs	3.0
813.2080763389648	0.02612499999997908	epochs	2.0
813.2080763389648	0.013082100000019636	epochs	3.0
813.2211584389648	0.013042899999959445	epochs	3.0
813.2342013389648	0.025968900000066242	epochs	2.0
813.2342013389648	0.01300390000005791	epochs	3.0
813.2472052389649	0.012965000000008331	epochs	3.0
813.2601702389649	0.025814500000024054	epochs	2.0
813.2601702389649	0.012926399999969362	epochs	3.0
813.2730966389648	0.012888100000054692	epochs	3.0
813.2859847389649	0.025661899999931848	epochs	2.0
813.2859847389649	0.012849899999991976	epochs	3.0
813.2988346389649	0.012811999999939871	epochs	3.0
813.3116466389648	0.025511199999982637	epochs	2.0
813.3116466389648	0.012774400000012065	epochs	3.0
813.3244210389648	0.012736799999970572	epochs	3.0
813.3371578389648	0.025362300000097093	epochs	2.0
813.3371578389648	0.012699700000098346	epochs	3.0
813.3498575389649	0.012662599999998747	epochs	3.0
813.3625201389649	0.025215000000002874	epochs	2.0
813.3625201389649	0.01262579999990976	epochs	3.0
813.3751459389648	0.012589200000093115	epochs	3.0
813.3877351389649	0.024584799999956886	epochs	2.0
813.4104479389648	0.5	epochs	-1.0
813.4123199389649	0.51103999999998	epochs	1.0
813.9233599389648	0.48887999999999465	epochs	0.0
814.9289999008179	0.14832000000001244	epochs	0.0
814.9289999008179	0.06916160000002947	epochs	1.0
814.9981615008179	0.00999679999995351	epochs	1.0
815.0081583008179	0.06916160000002947	epochs	1.0
815.0773199008179	2.0	epochs	0.0
817.0773199008179	21.999919999999975	epochs	0.0
817.0773199008179	1.0	epochs	1.0
817.0773679008179	0.5	epochs	-1.0
817.5773679008179	19.99807999999996	epochs	-1.0
818.0773199008179	20.0	epochs	1.0
818.0773199008179	4.356753899999944	epochs	-1.0
818.0773199008179	1.9745871999999736	epochs	2.0
818.0773199008179	1.0985621999999466	epochs	3.0
819.1758821008178	0.8760250000000269	epochs	3.0
820.0519071008179	1.3524075000000266	epochs	2.0
820.0519071008179	0.7286354999999958	epochs	3.0
820.7805426008179	0.6237720000000309	epochs	3.0
821.4043146008179	1.029759199999944	epochs	2.0
821.4043146008179	0.5453292999999348	epochs	3.0
821.9496439008178	0.4844299000000092	epochs	3.0
822.4340738008178	0.8317862000000105	epochs	2.0
822.4340738008178	0.4357763000000432	epochs	3.0
822.8698501008179	0.3960098999999673	epochs	3.0
823.2658600008178	0.6977970000000369	epochs	2.0
823.2658600008178	0.3628982000000178	epochs	3.0
823.6287582008179	0.33489880000001904	epochs	3.0
823.9636570008179	0.601045699999986	epochs	2.0
823.9636570008179	0.3109123000000409	epochs	3.0
824.2745693008179	0.29013339999994514	epochs	3.0
824.5647027008179	0.5278859000000011	epochs	2.0
824.5647027008179	0.2719586000000618	epochs	3.0
824.8366613008179	0.25592729999993935	epochs	3.0
825.0925886008179	0.470619299999953	epochs	2.0
825.0925886008179	0.241681299999982	epochs	3.0
825.3342699008178	0.228937999999971	epochs	3.0
825.5632079008178	0.42457040000010693	epochs	2.0
825.5632079008178	0.21747140000002219	epochs	3.0
825.7806793008178	0.20709900000008474	epochs	3.0
825.9877783008179	0.3867353999999068	epochs	2.0
825.9877783008179	0.19767109999997956	epochs	3.0
826.1854494008179	0.18906429999992724	epochs	3.0
826.3745137008178	0.3550953000000163	epochs	2.0
826.3745137008178	0.18117590000008477	epochs	3.0
826.5556896008179	0.17391939999993156	epochs	3.0
826.7296090008178	0.3282431000000088	epochs	2.0
826.7296090008178	0.1672219000000723	epochs	3.0
826.8968309008179	0.16102119999993647	epochs	3.0
827.0578521008179	0.30516799999998057	epochs	2.0
827.0578521008179	0.15526390000002266	epochs	3.0
827.2131160008179	0.1499040999999579	epochs	3.0
827.3630201008178	0.28512530000000424	epochs	2.0
827.3630201008178	0.1449021000000812	epochs	3.0
827.5079222008179	0.14022319999992305	epochs	3.0
827.6481454008178	0.267553800000087	epochs	2.0
827.6481454008178	0.1358369000000721	epochs	3.0
827.7839823008179	0.1317169000000149	epochs	3.0
827.9156992008179	0.252022899999929	epochs	2.0
827.9156992008179	0.1278392999998914	epochs	3.0
828.0435385008178	0.12418360000003759	epochs	3.0
828.1677221008179	0.23819650000007186	epochs	2.0
828.1677221008179	0.12073110000005727	epochs	3.0
828.2884532008179	0.1174654000000146	epochs	3.0
828.4059186008179	0.2258087999999816	epochs	2.0
828.4059186008179	0.1143718999999237	epochs	3.0
828.5202905008179	0.1114369000000579	epochs	3.0
828.6317274008179	0.2146460000000161	epochs	2.0
828.6317274008179	0.10864889999993466	epochs	3.0
828.7403763008178	0.10599710000008145	epochs	3.0
828.8463734008179	0.20453499999996438	epochs	2.0
828.8463734008179	0.10347149999995509	epochs	3.0
828.9498449008179	0.1010635000000093	epochs	3.0
829.0509084008179	0.19533400000000256	epochs	2.0
829.0509084008179	0.09876510000003691	epochs	3.0
829.1496735008179	0.09656889999996565	epochs	3.0
829.2462424008179	0.18692529999998442	epochs	2.0
829.2462424008179	0.09446830000001682	epochs	3.0
829.3407107008179	0.09245699999996759	epochs	3.0
829.4331677008179	0.17921069999999872	epochs	2.0
829.4331677008179	0.09052959999996801	epochs	3.0
829.5236973008178	0.08868110000003071	epochs	3.0
829.6123784008179	0.17210769999996955	epochs	2.0
829.6123784008179	0.08690630000000965	epochs	3.0
829.6992847008179	0.0852013999999599	epochs	3.0
829.7844861008178	0.16554640000003928	epochs	2.0
829.7844861008178	0.08356190000006336	epochs	3.0
829.8680480008179	0.08198449999997592	epochs	3.0
829.9500325008179	0.15946710000002895	epochs	2.0
829.9500325008179	0.08046539999998004	epochs	3.0
830.0304979008179	0.07900170000004891	epochs	3.0
830.1094996008179	0.15381839999997737	epochs	2.0
830.1094996008179	0.07759009999995214	epochs	3.0
830.1870897008179	0.07622830000002523	epochs	3.0
830.2633180008179	0.14855639999996129	epochs	2.0
830.2633180008179	0.07491329999993468	epochs	3.0
830.3382313008178	0.0736431000000266	epochs	3.0
830.4118744008179	0.14364239999997608	epochs	2.0
830.4118744008179	0.07241499999997814	epochs	3.0
830.4842894008178	0.07122739999999794	epochs	3.0
830.5555168008178	0.13904310000009446	epochs	2.0
830.5555168008178	0.07007800000008046	epochs	3.0
830.6255948008179	0.06896510000001399	epochs	3.0
830.6945599008179	0.1347293000000036	epochs	2.0
830.6945599008179	0.0678871000000072	epochs	3.0
830.7624470008179	0.06684219999999641	epochs	3.0
830.8292892008179	0.13067519999992783	epochs	2.0
830.8292892008179	0.06582909999997355	epochs	3.0
830.8951183008179	0.06484609999995428	epochs	3.0
830.9599644008179	0.12685780000003888	epochs	2.0
830.9599644008179	0.06389200000000983	epochs	3.0
831.0238564008179	0.06296580000002905	epochs	3.0
831.0868222008179	0.12325720000001184	epochs	2.0
831.0868222008179	0.06206580000002759	epochs	3.0
831.1488880008179	0.06119139999998424	epochs	3.0
831.2100794008179	0.11985540000000583	epochs	2.0
831.2100794008179	0.060341099999959624	epochs	3.0
831.2704205008179	0.059514300000046205	epochs	3.0
831.3299348008179	0.11663620000001629	epochs	2.0
831.3299348008179	0.058709599999929196	epochs	3.0
831.3886444008178	0.05792660000008709	epochs	3.0
831.4465710008179	0.11358559999996487	epochs	2.0
831.4465710008179	0.05716419999998834	epochs	3.0
831.5037352008179	0.05642139999997653	epochs	3.0
831.5601566008179	0.11069050000003244	epochs	2.0
831.5601566008179	0.05569789999992736	epochs	3.0
831.6158545008178	0.054992600000105085	epochs	3.0
831.6708471008179	0.10793909999995321	epochs	2.0
831.6708471008179	0.05430489999992005	epochs	3.0
831.7251520008178	0.05363420000003316	epochs	3.0
831.7787862008179	0.10532149999994544	epochs	2.0
831.7787862008179	0.05298000000004777	epochs	3.0
831.8317662008179	0.05234149999989768	epochs	3.0
831.8841077008178	0.10282760000006874	epochs	2.0
831.8841077008178	0.05171810000001642	epochs	3.0
831.9358258008178	0.05110950000005232	epochs	3.0
831.9869353008179	0.10044909999999163	epochs	2.0
831.9869353008179	0.05051489999993919	epochs	3.0
832.0374502008178	0.04993420000005244	epochs	3.0
832.0873844008179	0.0981782999999723	epochs	2.0
832.0873844008179	0.04936659999998483	epochs	3.0
832.1367510008179	0.04881169999998747	epochs	3.0
832.1855627008179	0.09600780000005216	epochs	2.0
832.1855627008179	0.04826920000004975	epochs	3.0
832.2338319008179	0.04773860000000241	epochs	3.0
832.2815705008179	0.09393119999992905	epochs	2.0
832.2815705008179	0.04721949999998287	epochs	3.0
832.3287900008179	0.04671169999994618	epochs	3.0
832.3755017008178	0.09194260000003851	epochs	2.0
832.3755017008178	0.046214599999984785	epochs	3.0
832.4217163008178	0.045728000000053726	epochs	3.0
832.4674443008179	0.09003629999995155	epochs	2.0
832.4674443008179	0.045251499999949374	epochs	3.0
832.5126958008178	0.04478480000000218	epochs	3.0
832.5574806008178	0.08820760000003247	epochs	2.0
832.5574806008178	0.044327800000019124	epochs	3.0
832.6018084008178	0.04387980000001335	epochs	3.0
832.6456882008179	0.0864516999999978	epochs	2.0
832.6456882008179	0.04344100000002982	epochs	3.0
832.6891292008179	0.04301069999996798	epochs	3.0
832.7321399008179	0.08476429999996071	epochs	2.0
832.7321399008179	0.04258900000002086	epochs	3.0
832.7747289008179	0.04217529999993985	epochs	3.0
832.8169042008178	0.08314150000001064	epochs	2.0
832.8169042008178	0.04176970000003166	epochs	3.0
832.8586739008178	0.041371799999978975	epochs	3.0
832.9000457008178	0.08157970000002024	epochs	2.0
832.9000457008178	0.04098140000007788	epochs	3.0
832.9410271008179	0.040598299999942355	epochs	3.0
832.9816254008178	0.08007550000002084	epochs	2.0
832.9816254008178	0.04022229999998217	epochs	3.0
833.0218477008178	0.03985320000003867	epochs	3.0
833.0617009008179	0.07862569999997504	epochs	2.0
833.0617009008179	0.0394907999999532	epochs	3.0
833.1011917008178	0.039134900000021844	epochs	3.0
833.1403266008178	0.07722760000001472	epochs	2.0
833.1403266008178	0.038785400000051595	epochs	3.0
833.1791120008179	0.03844219999996312	epochs	3.0
833.2175542008179	0.07587820000003376	epochs	2.0
833.2175542008179	0.038104800000041905	epochs	3.0
833.2556590008179	0.03777339999999185	epochs	3.0
833.2934324008179	0.0745752000000266	epochs	2.0
833.2934324008179	0.03744770000002973	epochs	3.0
833.3308801008179	0.03712749999999687	epochs	3.0
833.3680076008179	0.07331629999998768	epochs	2.0
833.3680076008179	0.036812899999972615	epochs	3.0
833.4048205008179	0.03650340000001506	epochs	3.0
833.4413239008179	0.07209899999998015	epochs	2.0
833.4413239008179	0.03619909999997617	epochs	3.0
833.4775230008179	0.03589990000000398	epochs	3.0
833.5134229008179	0.07092169999998532	epochs	2.0
833.5134229008179	0.03560559999993984	epochs	3.0
833.5490285008178	0.03531610000004548	epochs	3.0
833.5843446008179	0.06978200000003199	epochs	2.0
833.5843446008179	0.03503120000004856	epochs	3.0
833.6193758008179	0.03475079999998343	epochs	3.0
833.6541266008179	0.06867859999999837	epochs	2.0
833.6541266008179	0.03447510000000875	epochs	3.0
833.6886017008179	0.03420349999998962	epochs	3.0
833.7228052008179	0.06760929999995824	epochs	2.0
833.7228052008179	0.033936199999970995	epochs	3.0
833.7567414008179	0.033673099999987244	epochs	3.0
833.7904145008179	0.06657289999998284	epochs	2.0
833.7904145008179	0.03341399999999339	epochs	3.0
833.8238285008179	0.033158899999989444	epochs	3.0
833.8569874008178	0.06556780000005347	epochs	2.0
833.8569874008178	0.032907700000009754	epochs	3.0
833.8898951008179	0.03266010000004371	epochs	3.0
833.9225552008179	0.06459259999996902	epochs	2.0
833.9225552008179	0.032416399999988244	epochs	3.0
833.9549716008179	0.03217619999998078	epochs	3.0
833.9871478008179	0.06364600000006249	epochs	2.0
833.9871478008179	0.03193959999998697	epochs	3.0
834.0190874008179	0.03170640000007552	epochs	3.0
834.0507938008179	0.0627266999999847	epochs	2.0
834.0507938008179	0.031476599999905375	epochs	3.0
834.0822704008178	0.03125010000007933	epochs	3.0
834.1135205008179	0.06183359999999993	epochs	2.0
834.1135205008179	0.03102689999991526	epochs	3.0
834.1445474008178	0.030806700000084675	epochs	3.0
834.1753541008179	0.060965599999917686	epochs	2.0
834.1753541008179	0.030589799999916067	epochs	3.0
834.2059439008178	0.030375800000001618	epochs	3.0
834.2363197008178	0.06012160000000222	epochs	2.0
834.2363197008178	0.030164900000045236	epochs	3.0
834.2664846008179	0.02995669999995698	epochs	3.0
834.2964413008178	0.05930069999999432	epochs	2.0
834.2964413008178	0.029751600000054168	epochs	3.0
834.3261929008179	0.029549099999940154	epochs	3.0
834.3557420008178	0.05850180000004457	epochs	2.0
834.3557420008178	0.02934940000000097	epochs	3.0
834.3850914008178	0.0291524000000436	epochs	3.0
834.4142438008179	0.057724200000052406	epochs	2.0
834.4142438008179	0.028957999999988715	epochs	3.0
834.4432018008179	0.02876620000006369	epochs	3.0
834.4719680008179	0.05696709999995164	epochs	2.0
834.4719680008179	0.028576999999927466	epochs	3.0
834.5005450008179	0.028390100000024177	epochs	3.0
834.5289351008179	0.05622949999997218	epochs	2.0
834.5289351008179	0.028205699999944045	epochs	3.0
834.5571408008178	0.028023800000028132	epochs	3.0
834.5851646008178	0.05551070000001346	epochs	2.0
834.5851646008178	0.02784400000007281	epochs	3.0
834.6130086008179	0.027666699999940647	epochs	3.0
834.6406753008179	0.054810200000019904	epochs	2.0
834.6406753008179	0.02749149999999645	epochs	3.0
834.6681668008179	0.027318700000023455	epochs	3.0
834.6954855008179	0.05412699999999404	epochs	2.0
834.6954855008179	0.027147799999966082	epochs	3.0
834.7226333008178	0.02697920000002796	epochs	3.0
834.7496125008179	0.053460699999959616	epochs	2.0
834.7496125008179	0.0268125999999711	epochs	3.0
834.7764251008178	0.026648099999988517	epochs	3.0
834.8030732008178	0.05281070000000909	epochs	2.0
834.8030732008178	0.026485600000000886	epochs	3.0
834.8295588008178	0.026325100000008206	epochs	3.0
834.8558839008178	0.05217620000007628	epochs	2.0
834.8558839008178	0.026166400000079193	epochs	3.0
834.8820503008179	0.026009799999997085	epochs	3.0
834.9080601008179	0.051556699999991906	epochs	2.0
834.9080601008179	0.025854799999933675	epochs	3.0
834.9339149008179	0.02570190000005823	epochs	3.0
834.9596168008179	0.05095189999997274	epochs	2.0
834.9596168008179	0.025550699999939752	epochs	3.0
834.9851675008179	0.025401200000032986	epochs	3.0
835.0105687008179	0.05036099999995258	epochs	2.0
835.0105687008179	0.025253499999962514	epochs	3.0
835.0358222008178	0.02510749999999007	epochs	3.0
835.0609297008178	0.049783800000000156	epochs	2.0
835.0609297008178	0.02496320000000196	epochs	3.0
835.0858929008178	0.024820599999998194	epochs	3.0
835.1107135008178	0.049219500000049266	epochs	2.0
835.1107135008178	0.02467940000008184	epochs	3.0
835.1353929008179	0.024540099999967424	epochs	3.0
835.1599330008179	0.048667899999941255	epochs	2.0
835.1599330008179	0.02440209999997478	epochs	3.0
835.1843351008179	0.024265799999966475	epochs	3.0
835.2086009008178	0.04812860000004093	epochs	2.0
835.2086009008178	0.024131000000011227	epochs	3.0
835.2327319008178	0.023997600000029706	epochs	3.0
835.2567295008179	0.04760109999995166	epochs	2.0
835.2567295008179	0.023865799999953197	epochs	3.0
835.2805953008178	0.02373529999999846	epochs	3.0
835.3043306008178	0.047085000000038235	epochs	2.0
835.3043306008178	0.02360630000009678	epochs	3.0
835.3279369008179	0.023478699999941455	epochs	3.0
835.3514156008179	0.04658000000006268	epochs	2.0
835.3514156008179	0.02335249999998723	epochs	3.0
835.3747681008178	0.02322750000007545	epochs	3.0
835.3979956008179	0.04608569999993506	epochs	2.0
835.3979956008179	0.023103999999989355	epochs	3.0
835.4210996008179	0.022981699999945704	epochs	3.0
835.4440813008179	0.045601799999985815	epochs	2.0
835.4440813008179	0.022860700000023826	epochs	3.0
835.4669420008179	0.02274109999996199	epochs	3.0
835.4896831008178	0.04512790000001132	epochs	2.0
835.4896831008178	0.022622500000011314	epochs	3.0
835.5123056008179	0.02250540000000001	epochs	3.0
835.5348110008179	0.044663799999966614	epochs	2.0
835.5348110008179	0.02238929999998618	epochs	3.0
835.5572003008178	0.022274499999980435	epochs	3.0
835.5794748008178	0.04420920000006845	epochs	2.0
835.5794748008178	0.022160800000051495	epochs	3.0
835.6016356008179	0.022048400000016954	epochs	3.0
835.6236840008179	0.043763600000033875	epochs	2.0
835.6236840008179	0.021936900000014248	epochs	3.0
835.6456209008179	0.021826700000019628	epochs	3.0
835.6674476008179	0.04332709999994222	epochs	2.0
835.6674476008179	0.021717599999988124	epochs	3.0
835.6891652008179	0.021609499999954096	epochs	3.0
835.7107747008179	0.04289900000003399	epochs	2.0
835.7107747008179	0.02150249999999687	epochs	3.0
835.7322772008179	0.021396500000037122	epochs	3.0
835.7536737008179	0.042479500000013104	epochs	2.0
835.7536737008179	0.02129170000000613	epochs	3.0
835.7749654008179	0.021187800000006973	epochs	3.0
835.7961532008179	0.042067900000006375	epochs	2.0
835.7961532008179	0.02108490000000529	epochs	3.0
835.8172381008179	0.020983000000001084	epochs	3.0
835.8382211008179	0.04166439999994509	epochs	2.0
835.8382211008179	0.020882199999959994	epochs	3.0
835.8591033008179	0.020782199999985096	epochs	3.0
835.8798855008179	0.04126850000000104	epochs	2.0
835.8798855008179	0.020683299999973315	epochs	3.0
835.9005688008178	0.020585200000027726	epochs	3.0
835.9211540008179	0.04088000000001557	epochs	2.0
835.9211540008179	0.020488099999965925	epochs	3.0
835.9416421008178	0.020391900000049645	epochs	3.0
835.9620340008179	0.04049880000002304	epochs	2.0
835.9620340008179	0.020296599999937825	epochs	3.0
835.9823306008178	0.020202200000085213	epochs	3.0
836.0025328008179	0.04012460000001283	epochs	2.0
836.0025328008179	0.020108699999923374	epochs	3.0
836.0226415008178	0.02001590000008946	epochs	3.0
836.0426574008179	0.039757299999905626	epochs	2.0
836.0426574008179	0.019924199999991288	epochs	3.0
836.0625816008179	0.01983309999991434	epochs	3.0
836.0824147008178	0.03939669999999751	epochs	2.0
836.0824147008178	0.01974300000006224	epochs	3.0
836.1021577008179	0.01965369999993527	epochs	3.0
836.1218114008178	0.039042400000084854	epochs	2.0
836.1218114008178	0.01956510000002254	epochs	3.0
836.1413765008178	0.019477300000062314	epochs	3.0
836.1608538008179	0.03869459999998526	epochs	2.0
836.1608538008179	0.019390400000020236	epochs	3.0
836.1802442008179	0.01930419999996502	epochs	3.0
836.1995484008179	0.03835289999994984	epochs	2.0
836.1995484008179	0.019218799999976	epochs	3.0
836.2187672008179	0.01913409999997384	epochs	3.0
836.2379013008178	0.03801720000001296	epochs	2.0
836.2379013008178	0.019050200000037876	epochs	3.0
836.2569515008179	0.018966999999975087	epochs	3.0
836.2759185008179	0.037687200000050325	epochs	2.0
836.2759185008179	0.01888450000001285	epochs	3.0
836.2948030008179	0.018802700000037476	epochs	3.0
836.3136057008179	0.03736309999999321	epochs	2.0
836.3136057008179	0.018721700000014607	epochs	3.0
836.3323274008179	0.018641399999978603	epochs	3.0
836.3509688008179	0.03704429999993408	epochs	2.0
836.3509688008179	0.01856159999999818	epochs	3.0
836.3695304008179	0.018482699999935903	epochs	3.0
836.3880131008178	0.0367310000000316	epochs	2.0
836.3880131008178	0.018404300000042895	epochs	3.0
836.4064174008179	0.018326699999988705	epochs	3.0
836.4247441008179	0.036422900000047775	epochs	2.0
836.4247441008179	0.018249599999990096	epochs	3.0
836.4429937008179	0.01817330000005768	epochs	3.0
836.4611670008179	0.03612009999994825	epochs	2.0
836.4611670008179	0.01809759999991911	epochs	3.0
836.4792646008178	0.01802250000002914	epochs	3.0
836.4972871008179	0.03582210000001851	epochs	2.0
836.4972871008179	0.017947899999967376	epochs	3.0
836.5152350008178	0.017874200000051133	epochs	3.0
836.5331092008179	0.03552899999999681	epochs	2.0
836.5331092008179	0.017800800000031813	epochs	3.0
836.5509100008179	0.017728199999965	epochs	3.0
836.5686382008179	0.03524070000003121	epochs	2.0
836.5686382008179	0.017656099999953767	epochs	3.0
836.5862943008178	0.017584600000077444	epochs	3.0
836.6038789008179	0.03495709999992869	epochs	2.0
836.6038789008179	0.01751369999999497	epochs	3.0
836.6213926008179	0.017443399999933717	epochs	3.0
836.6388360008178	0.03467790000001969	epochs	2.0
836.6388360008178	0.017373600000041733	epochs	3.0
836.6562096008179	0.017304299999977957	epochs	3.0
836.6735139008179	0.03440330000000813	epochs	2.0
836.6735139008179	0.01723570000001473	epochs	3.0
836.6907496008179	0.0171675999999934	epochs	3.0
836.7079172008179	0.0341328000000658	epochs	2.0
836.7079172008179	0.017099900000062007	epochs	3.0
836.7250171008179	0.017032900000003792	epochs	3.0
836.7420500008179	0.033866699999975935	epochs	2.0
836.7420500008179	0.01696640000000116	epochs	3.0
836.7590164008179	0.016900299999974777	epochs	3.0
836.7759167008179	0.03360459999998966	epochs	2.0
836.7759167008179	0.01683479999996962	epochs	3.0
836.7927515008179	0.01676980000002004	epochs	3.0
836.8095213008179	0.033346599999958926	epochs	2.0
836.8095213008179	0.016705300000012357	epochs	3.0
836.8262266008179	0.01664129999994657	epochs	3.0
836.8428679008179	0.03309250000006614	epochs	2.0
836.8428679008179	0.016577800000050047	epochs	3.0
836.8594457008179	0.01651470000001609	epochs	3.0
836.8759604008179	0.03284229999997024	epochs	2.0
836.8759604008179	0.01645220000000336	epochs	3.0
836.8924126008179	0.01639009999996688	epochs	3.0
836.9088027008179	0.03259570000000167	epochs	2.0
836.9088027008179	0.016328400000020338	epochs	3.0
836.9251311008179	0.016267299999981333	epochs	3.0
836.9413984008179	0.032352899999978035	epochs	2.0
836.9413984008179	0.016206600000032267	epochs	3.0
836.9576050008179	0.016146299999945768	epochs	3.0
836.9737513008179	0.03211369999996805	epochs	2.0
836.9737513008179	0.016086599999994178	epochs	3.0
836.9898379008179	0.01602709999997387	epochs	3.0
837.0058650008178	0.03187800000000607	epochs	2.0
837.0058650008178	0.015968200000088473	epochs	3.0
837.0218332008179	0.015909799999917595	epochs	3.0
837.0377430008178	0.031645700000012766	epochs	2.0
837.0377430008178	0.01585160000001906	epochs	3.0
837.0535946008179	0.015794099999993705	epochs	3.0
837.0693887008179	0.0314167000000225	epochs	2.0
837.0693887008179	0.015736700000047676	epochs	3.0
837.0851254008179	0.015679999999974825	epochs	3.0
837.1008054008179	0.031191100000000915	epochs	2.0
837.1008054008179	0.015623600000026272	epochs	3.0
837.1164290008179	0.015567499999974643	epochs	3.0
837.1319965008179	0.030968700000016725	epochs	2.0
837.1319965008179	0.015511999999944237	epochs	3.0
837.1475085008178	0.015456700000072487	epochs	3.0
837.1629652008179	0.030749499999956242	epochs	2.0
837.1629652008179	0.015401999999994587	epochs	3.0
837.1783672008179	0.015347499999961656	epochs	3.0
837.1937147008178	0.03053320000003623	epochs	2.0
837.1937147008178	0.015293400000018664	epochs	3.0
837.2090081008179	0.015239800000017567	epochs	3.0
837.2242479008179	0.03032010000003993	epochs	2.0
837.2242479008179	0.015186500000027081	epochs	3.0
837.2394344008179	0.015133600000012848	epochs	3.0
837.2545680008179	0.030109899999956724	epochs	2.0
837.2545680008179	0.015080999999895539	epochs	3.0
837.2696490008178	0.015028900000061185	epochs	3.0
837.2846779008179	0.029902499999934662	epochs	2.0
837.2846779008179	0.01497699999993074	epochs	3.0
837.2996549008178	0.014925500000003922	epochs	3.0
837.3145804008178	0.029698100000018712	epochs	2.0
837.3145804008178	0.014874400000053356	epochs	3.0
837.3294548008179	0.014823699999965356	epochs	3.0
837.3442785008178	0.02949630000000525	epochs	2.0
837.3442785008178	0.014773200000036013	epochs	3.0
837.3590517008179	0.014723099999969236	epochs	3.0
837.3737748008178	0.02929740000001857	epochs	2.0
837.3737748008178	0.014673399999992398	epochs	3.0
837.3884482008178	0.014624000000026172	epochs	3.0
837.4030722008179	0.029101100000048064	epochs	2.0
837.4030722008179	0.01457489999995687	epochs	3.0
837.4176471008178	0.014526200000091194	epochs	3.0
837.4321733008179	0.028907399999980044	epochs	2.0
837.4321733008179	0.014477699999929428	epochs	3.0
837.4466510008178	0.014429700000050616	epochs	3.0
837.4610807008179	0.028716199999962555	epochs	2.0
837.4610807008179	0.014381800000023759	epochs	3.0
837.4754625008179	0.014334399999938796	epochs	3.0
837.4897969008179	0.028527600000074926	epochs	2.0
837.4897969008179	0.01428720000001249	epochs	3.0
837.5040841008179	0.014240400000062436	epochs	3.0
837.5183245008179	0.028341399999931127	epochs	2.0
837.5183245008179	0.014193799999929979	epochs	3.0
837.5325183008179	0.014147600000001148	epochs	3.0
837.5466659008179	0.028157700000065233	epochs	2.0
837.5466659008179	0.014101699999969242	epochs	3.0
837.5607676008178	0.014056000000095992	epochs	3.0
837.5748236008179	0.027976299999977527	epochs	2.0
837.5748236008179	0.01401060000000598	epochs	3.0
837.5888342008179	0.013965699999971548	epochs	3.0
837.6027999008179	0.02779720000000907	epochs	2.0
837.6027999008179	0.013920799999937117	epochs	3.0
837.6167207008178	0.013876400000071953	epochs	3.0
837.6305971008179	0.027620399999932488	epochs	2.0
837.6305971008179	0.0138321999999107	epochs	3.0
837.6444293008178	0.013788200000021789	epochs	3.0
837.6582175008178	0.027445899999975154	epochs	2.0
837.6582175008178	0.013744599999995444	epochs	3.0
837.6719621008178	0.01370129999997971	epochs	3.0
837.6856634008178	0.0272735000000921	epochs	2.0
837.6856634008178	0.013658200000008947	epochs	3.0
837.6993216008178	0.013615300000083153	epochs	3.0
837.7129369008179	0.027103399999987232	epochs	2.0
837.7129369008179	0.013572799999906238	epochs	3.0
837.7265097008178	0.013530600000080995	epochs	3.0
837.7400403008179	0.02693520000002536	epochs	2.0
837.7400403008179	0.013488400000028378	epochs	3.0
837.7535287008179	0.013446799999996983	epochs	3.0
837.7669755008179	0.026769199999989723	epochs	2.0
837.7669755008179	0.013405199999965589	epochs	3.0
837.7803807008179	0.013364000000024134	epochs	3.0
837.7937447008179	0.026605199999949036	epochs	2.0
837.7937447008179	0.013322899999934634	epochs	3.0
837.8070676008178	0.013282300000014402	epochs	3.0
837.8203499008179	0.026443200000016986	epochs	2.0
837.8203499008179	0.013241699999980483	epochs	3.0
837.8335916008178	0.013201500000036503	epochs	3.0
837.8467931008179	0.0262831999999662	epochs	2.0
837.8467931008179	0.013161500000023807	epochs	3.0
837.8599546008179	0.013121699999942393	epochs	3.0
837.8730763008178	0.02612499999997908	epochs	2.0
837.8730763008178	0.013082100000019636	epochs	3.0
837.8861584008179	0.013042899999959445	epochs	3.0
837.8992013008178	0.025968900000066242	epochs	2.0
837.8992013008178	0.01300390000005791	epochs	3.0
837.9122052008179	0.012965000000008331	epochs	3.0
837.9251702008179	0.025814500000024054	epochs	2.0
837.9251702008179	0.012926399999969362	epochs	3.0
837.9380966008179	0.012888100000054692	epochs	3.0
837.9509847008179	0.025661899999931848	epochs	2.0
837.9509847008179	0.012849899999991976	epochs	3.0
837.9638346008179	0.012811999999939871	epochs	3.0
837.9766466008178	0.025511199999982637	epochs	2.0
837.9766466008178	0.012774400000012065	epochs	3.0
837.9894210008179	0.012736799999970572	epochs	3.0
838.0021578008178	0.025362300000097093	epochs	2.0
838.0021578008178	0.012699700000098346	epochs	3.0
838.0148575008179	0.012662599999998747	epochs	3.0
838.0275201008179	0.025215000000002874	epochs	2.0
838.0275201008179	0.01262579999990976	epochs	3.0
838.0401459008178	0.012589200000093115	epochs	3.0
838.0527351008179	0.024584799999956886	epochs	2.0
838.0754479008178	0.5	epochs	-1.0
838.0773199008179	0.9999199999999746	epochs	1.0
838.5754479008178	0.5	epochs	-1.0
840.33899974823	0.14832000000001244	epochs	0.0
840.33899974823	0.06916160000002947	epochs	1.0
840.40816134823	0.00999679999995351	epochs	1.0
840.41815814823	0.06916160000002947	epochs	1.0
840.48731974823	2.0	epochs	0.0
842.48731974823	0.5112799999999424	epochs	0.0
842.48731974823	0.5112799999999424	epochs	1.0
842.48736774823	0.5	epochs	-1.0
842.98736774823	0.011231999999949949	epochs	-1.0
842.9985997482299	21.488640000000032	epochs	0.0
844.2349996566772	0.14832000000001244	epochs	0.0
844.2349996566772	0.06916160000002947	epochs	1.0
844.3041612566773	0.00999679999995351	epochs	1.0
844.3141580566772	0.06916160000002947	epochs	1.0
844.3833196566773	2.0	epochs	0.0
846.3833196566773	0.5112799999999424	epochs	0.0
846.3833196566773	0.5112799999999424	epochs	1.0
846.3833676566773	0.5	epochs	-1.0
846.8833676566773	0.011231999999949949	epochs	-1.0
846.8945996566772	21.488640000000032	epochs	0.0
847.9259996414185	0.14832000000001244	epochs	0.0
847.9259996414185	0.06916160000002947	epochs	1.0
847.9951612414185	0.00999679999995351	epochs	1.0
848.0051580414184	0.06916160000002947	epochs	1.0
848.0743196414185	2.0	epochs	0.0
850.0743196414185	0.5112799999999424	epochs	0.0
850.0743196414185	0.5112799999999424	epochs	1.0
850.0743676414185	0.5	epochs	-1.0
850.5743676414185	0.011231999999949949	epochs	-1.0
850.5855996414184	21.488640000000032	epochs	0.0
851.6409997940063	0.14832000000001244	epochs	0.0
851.6409997940063	0.06916160000002947	epochs	1.0
851.7101613940064	0.00999679999995351	epochs	1.0
851.7201581940063	0.06916160000002947	epochs	1.0
851.7893197940064	2.0	epochs	0.0
853.7893197940064	0.5112799999999424	epochs	0.0
853.7893197940064	0.5112799999999424	epochs	1.0
853.7893677940064	0.5	epochs	-1.0
854.2893677940064	0.011231999999949949	epochs	-1.0
854.3005997940063	21.488640000000032	epochs	0.0
855.3509998321533	0.14832000000001244	epochs	0.0
855.3509998321533	0.06916160000002947	epochs	1.0
855.4201614321533	0.00999679999995351	epochs	1.0
855.4301582321533	0.06916160000002947	epochs	1.0
855.4993198321533	2.0	epochs	0.0
857.4993198321533	0.5122400000000198	epochs	0.0
857.4993198321533	0.5122400000000198	epochs	1.0
857.4993678321533	0.5	epochs	-1.0
857.9993678321533	0.012192000000027292	epochs	-1.0
858.0115598321534	21.487679999999955	epochs	0.0
859.0939998626709	0.14832000000001244	epochs	0.0
859.0939998626709	0.06916160000002947	epochs	1.0
859.1631614626709	0.00999679999995351	epochs	1.0
859.1731582626709	0.06916160000002947	epochs	1.0
859.2423198626709	2.0	epochs	0.0
861.2423198626709	0.5112799999999424	epochs	0.0
861.2423198626709	0.5112799999999424	epochs	1.0
861.2423678626709	0.5	epochs	-1.0
861.7423678626709	0.011231999999949949	epochs	-1.0
861.7535998626709	21.488640000000032	epochs	0.0
862.820999622345	0.14832000000001244	epochs	0.0
862.820999622345	0.06916160000002947	epochs	1.0
862.890161222345	0.00999679999995351	epochs	1.0
862.900158022345	0.06916160000002947	epochs	1.0
862.969319622345	2.0	epochs	0.0
864.969319622345	0.5512800000000198	epochs	0.0
864.969319622345	0.5512800000000198	epochs	1.0
864.969367622345	0.5	epochs	-1.0
865.469367622345	0.051232000000027256	epochs	-1.0
865.520599622345	21.448639999999955	epochs	0.0
877.2279996871948	0.14832000000001244	epochs	0.0
877.2279996871948	0.06916160000002947	epochs	1.0
877.2971612871949	0.00999679999995351	epochs	1.0
877.3071580871948	0.06916160000002947	epochs	1.0
877.3763196871948	0.2299199999999928	epochs	0.0
877.3763196871948	0.049999999999954525	epochs	1.0
877.4263196871948	0.009999999999990905	epochs	1.0
877.4363196871948	0.05000000000006821	epochs	1.0
877.4863196871949	0.009999999999990905	epochs	1.0
877.4963196871948	0.049999999999954525	epochs	1.0
877.5463196871948	0.009999999999990905	epochs	1.0
877.5563196871948	0.04992000000004282	epochs	1.0
