onset	duration	nwb_table	treelevel
14.889999866485596	0.09999999999999964	epochs	0.0
14.889999866485596	0.04499999999999993	epochs	1.0
14.934999866485596	0.009999999999999787	epochs	1.0
14.944999866485595	0.04499999999999993	epochs	1.0
14.989999866485595	0.5401749999999996	epochs	0.0
14.989999866485595	0.5	epochs	-1.0
14.989999866485595	0.5	epochs	-1.0
14.989999866485595	0.5	epochs	1.0
15.489999866485595	0.04017499999999963	epochs	-1.0
15.489999866485595	0.025000000000000355	epochs	-1.0
15.489999866485595	0.025000000000000355	epochs	1.0
15.514999866485596	0.009999999999999787	epochs	-1.0
15.514999866485596	0.009999999999999787	epochs	1.0
15.524999866485595	0.005174999999999486	epochs	-1.0
15.524999866485595	0.005174999999999486	epochs	1.0
15.530174866485595	0.16482000000000063	epochs	0.0
15.683000087738037	0.09999999999999964	epochs	0.0
15.683000087738037	0.04499999999999993	epochs	1.0
15.728000087738037	0.009999999999999787	epochs	1.0
15.738000087738037	0.04499999999999993	epochs	1.0
15.783000087738037	0.5403050000000018	epochs	0.0
15.783000087738037	0.5000000000000018	epochs	-1.0
15.783000087738037	0.5000000000000018	epochs	-1.0
15.783000087738037	0.5000000000000018	epochs	1.0
16.28300008773804	0.040305000000000035	epochs	-1.0
16.28300008773804	0.02499999999999858	epochs	-1.0
16.28300008773804	0.02499999999999858	epochs	1.0
16.308000087738037	0.010000000000001563	epochs	-1.0
16.308000087738037	0.010000000000001563	epochs	1.0
16.31800008773804	0.005304999999999893	epochs	-1.0
16.31800008773804	0.005304999999999893	epochs	1.0
16.32330508773804	0.16469000000000023	epochs	0.0
16.488999843597412	0.10000000000000142	epochs	0.0
16.488999843597412	0.045000000000001705	epochs	1.0
16.533999843597414	0.00999999999999801	epochs	1.0
16.543999843597412	0.045000000000001705	epochs	1.0
16.588999843597414	0.5005649999999982	epochs	0.0
16.588999843597414	0.5	epochs	-1.0
16.588999843597414	0.5	epochs	-1.0
16.588999843597414	0.5	epochs	1.0
17.088999843597414	0.0005649999999981503	epochs	-1.0
17.088999843597414	0.0005649999999981503	epochs	-1.0
17.088999843597414	0.0005649999999981503	epochs	1.0
17.08956484359741	0.2044300000000021	epochs	0.0
473.3849997520447	0.10000000000002274	epochs	0.0
473.3849997520447	0.045000000000015916	epochs	1.0
473.4299997520447	0.009999999999990905	epochs	1.0
473.4399997520447	0.045000000000015916	epochs	1.0
473.4849997520447	0.7049949999999967	epochs	0.0
473.4849997520447	0.5	epochs	-1.0
473.4849997520447	0.5	epochs	1.0
473.9849997520447	0.060000000000002274	epochs	-1.0
473.9849997520447	0.024999999999977263	epochs	-1.0
473.9849997520447	0.024999999999977263	epochs	1.0
474.0099997520447	0.009999999999990905	epochs	-1.0
474.0099997520447	0.009999999999990905	epochs	1.0
474.01999975204467	0.025000000000034106	epochs	-1.0
474.01999975204467	0.025000000000034106	epochs	1.0
474.0449997520447	0.060000000000002274	epochs	-1.0
474.0449997520447	0.024999999999977263	epochs	-1.0
474.0449997520447	0.024999999999977263	epochs	1.0
474.0699997520447	0.009999999999990905	epochs	-1.0
474.0699997520447	0.009999999999990905	epochs	1.0
474.07999975204467	0.025000000000034106	epochs	-1.0
474.07999975204467	0.025000000000034106	epochs	1.0
474.1049997520447	0.05999999999994543	epochs	-1.0
474.1049997520447	0.024999999999977263	epochs	-1.0
474.1049997520447	0.024999999999977263	epochs	1.0
474.1299997520447	0.009999999999990905	epochs	-1.0
474.1299997520447	0.009999999999990905	epochs	1.0
474.1399997520447	0.024999999999977263	epochs	-1.0
474.1399997520447	0.024999999999977263	epochs	1.0
474.16499975204465	0.02499500000004673	epochs	1.0
545.5639996528625	0.10000000000002274	epochs	0.0
545.5639996528625	0.04499999999995907	epochs	1.0
545.6089996528625	0.009999999999990905	epochs	1.0
545.6189996528625	0.04500000000007276	epochs	1.0
545.6639996528626	61.384995	epochs	0.0
545.6639996528626	0.5	epochs	-1.0
545.6639996528626	0.5	epochs	-1.0
545.6639996528626	0.5	epochs	1.0
546.1639996528626	0.05999999999994543	epochs	-1.0
546.1639996528626	0.024999999999977263	epochs	-1.0
546.1639996528626	0.024999999999977263	epochs	1.0
546.1889996528625	0.009999999999990905	epochs	-1.0
546.1889996528625	0.009999999999990905	epochs	1.0
546.1989996528625	0.024999999999977263	epochs	-1.0
546.1989996528625	0.024999999999977263	epochs	1.0
546.2239996528625	0.06000000000005912	epochs	-1.0
546.2239996528625	0.024999999999977263	epochs	-1.0
546.2239996528625	0.024999999999977263	epochs	1.0
546.2489996528625	0.010000000000104592	epochs	-1.0
546.2489996528625	0.010000000000104592	epochs	1.0
546.2589996528626	0.024999999999977263	epochs	-1.0
546.2589996528626	0.024999999999977263	epochs	1.0
546.2839996528626	0.05999999999994543	epochs	-1.0
546.2839996528626	0.024999999999977263	epochs	-1.0
546.2839996528626	0.024999999999977263	epochs	1.0
546.3089996528626	0.009999999999990905	epochs	-1.0
546.3089996528626	0.009999999999990905	epochs	1.0
546.3189996528625	0.024999999999977263	epochs	-1.0
546.3189996528625	0.024999999999977263	epochs	1.0
546.3439996528625	60.0	epochs	1.0
606.3439996528625	0.5	epochs	-1.0
606.3439996528625	0.5	epochs	-1.0
606.3439996528625	0.5	epochs	1.0
606.8439996528625	0.06000000000005912	epochs	-1.0
606.8439996528625	0.024999999999977263	epochs	-1.0
606.8439996528625	0.024999999999977263	epochs	1.0
606.8689996528625	0.010000000000104592	epochs	-1.0
606.8689996528625	0.010000000000104592	epochs	1.0
606.8789996528626	0.024999999999977263	epochs	-1.0
606.8789996528626	0.024999999999977263	epochs	1.0
606.9039996528626	0.05999999999994543	epochs	-1.0
606.9039996528626	0.024999999999977263	epochs	-1.0
606.9039996528626	0.024999999999977263	epochs	1.0
606.9289996528626	0.009999999999990905	epochs	-1.0
606.9289996528626	0.009999999999990905	epochs	1.0
606.9389996528625	0.024999999999977263	epochs	-1.0
606.9389996528625	0.024999999999977263	epochs	1.0
606.9639996528625	0.06000000000005912	epochs	-1.0
606.9639996528625	0.024999999999977263	epochs	-1.0
606.9639996528625	0.024999999999977263	epochs	1.0
606.9889996528625	0.009999999999990905	epochs	-1.0
606.9889996528625	0.009999999999990905	epochs	1.0
606.9989996528625	0.02500000000009095	epochs	-1.0
606.9989996528625	0.02500000000009095	epochs	1.0
607.0239996528626	0.024994999999989886	epochs	1.0
615.4809999465942	0.10000000000002274	epochs	0.0
615.4809999465942	0.04499999999995907	epochs	1.0
615.5259999465942	0.009999999999990905	epochs	1.0
615.5359999465942	0.04500000000007276	epochs	1.0
615.5809999465943	0.7049949999999399	epochs	0.0
615.5809999465943	0.5	epochs	-1.0
615.5809999465943	0.5	epochs	-1.0
615.5809999465943	0.5	epochs	1.0
616.0809999465943	0.05999999999994543	epochs	-1.0
616.0809999465943	0.024999999999977263	epochs	-1.0
616.0809999465943	0.024999999999977263	epochs	1.0
616.1059999465942	0.009999999999990905	epochs	-1.0
616.1059999465942	0.009999999999990905	epochs	1.0
616.1159999465942	0.024999999999977263	epochs	-1.0
616.1159999465942	0.024999999999977263	epochs	1.0
616.1409999465942	0.06000000000005912	epochs	-1.0
616.1409999465942	0.024999999999977263	epochs	-1.0
616.1409999465942	0.024999999999977263	epochs	1.0
616.1659999465942	0.010000000000104592	epochs	-1.0
616.1659999465942	0.010000000000104592	epochs	1.0
616.1759999465943	0.024999999999977263	epochs	-1.0
616.1759999465943	0.024999999999977263	epochs	1.0
616.2009999465943	0.05999999999994543	epochs	-1.0
616.2009999465943	0.024999999999977263	epochs	-1.0
616.2009999465943	0.024999999999977263	epochs	1.0
616.2259999465942	0.009999999999990905	epochs	-1.0
616.2259999465942	0.009999999999990905	epochs	1.0
616.2359999465942	0.024999999999977263	epochs	-1.0
616.2359999465942	0.024999999999977263	epochs	1.0
616.2609999465942	0.024994999999989886	epochs	1.0
616.6630001068115	0.10000000000002274	epochs	0.0
616.6630001068115	0.04499999999995907	epochs	1.0
616.7080001068115	0.009999999999990905	epochs	1.0
616.7180001068115	0.04500000000007276	epochs	1.0
616.7630001068115	0.7049949999999399	epochs	0.0
616.7630001068115	0.5	epochs	-1.0
616.7630001068115	0.5	epochs	-1.0
616.7630001068115	0.5	epochs	1.0
617.2630001068115	0.05999999999994543	epochs	-1.0
617.2630001068115	0.024999999999977263	epochs	-1.0
617.2630001068115	0.024999999999977263	epochs	1.0
617.2880001068115	0.009999999999990905	epochs	-1.0
617.2880001068115	0.009999999999990905	epochs	1.0
617.2980001068115	0.024999999999977263	epochs	-1.0
617.2980001068115	0.024999999999977263	epochs	1.0
617.3230001068115	0.06000000000005912	epochs	-1.0
617.3230001068115	0.024999999999977263	epochs	-1.0
617.3230001068115	0.024999999999977263	epochs	1.0
617.3480001068115	0.010000000000104592	epochs	-1.0
617.3480001068115	0.010000000000104592	epochs	1.0
617.3580001068116	0.024999999999977263	epochs	-1.0
617.3580001068116	0.024999999999977263	epochs	1.0
617.3830001068116	0.05999999999994543	epochs	-1.0
617.3830001068116	0.024999999999977263	epochs	-1.0
617.3830001068116	0.024999999999977263	epochs	1.0
617.4080001068115	0.009999999999990905	epochs	-1.0
617.4080001068115	0.009999999999990905	epochs	1.0
617.4180001068115	0.024999999999977263	epochs	-1.0
617.4180001068115	0.024999999999977263	epochs	1.0
617.4430001068115	0.024994999999989886	epochs	1.0
666.6809997558594	0.07483999999999469	epochs	0.0
666.6809997558594	0.032420699999988756	epochs	1.0
666.7134204558594	0.009998600000017177	epochs	1.0
666.7234190558594	0.032420699999988756	epochs	1.0
666.7558500558594	0.5	epochs	-1.0
666.7558500558594	0.5	epochs	-1.0
666.7558597558593	5.9999800000000505	epochs	0.0
666.7558597558593	0.5	epochs	1.0
667.2558597558593	5.0	epochs	1.0
672.2558500558594	0.49998970000001464	epochs	-1.0
672.2558597558593	0.4999800000000505	epochs	1.0
677.0869998931885	0.07483999999999469	epochs	0.0
677.0869998931885	0.032420699999988756	epochs	1.0
677.1194205931885	0.009998600000017177	epochs	1.0
677.1294191931885	0.032420699999988756	epochs	1.0
677.1618501931885	0.5	epochs	-1.0
677.1618598931884	2.54496000000006	epochs	0.0
677.1618598931884	0.5	epochs	1.0
677.6618598931884	1.0	epochs	1.0
678.6618598931884	1.04496000000006	epochs	1.0
679.1618501931885	0.5	epochs	-1.0
679.7068198931885	0.9550199999999904	epochs	0.0
679.9509997367859	0.07483999999999469	epochs	0.0
679.9509997367859	0.032420699999988756	epochs	1.0
679.9834204367859	0.009998600000017177	epochs	1.0
679.9934190367859	0.032420699999988756	epochs	1.0
680.0258500367859	0.5	epochs	-1.0
680.0258597367858	2.5242000000000644	epochs	0.0
680.0258597367858	0.5	epochs	1.0
680.5258597367858	1.0	epochs	1.0
681.5258597367858	1.0242000000000644	epochs	1.0
682.0258500367859	0.5	epochs	-1.0
682.5500597367859	0.9757799999999861	epochs	0.0
682.7890000343323	0.07483999999999469	epochs	0.0
682.7890000343323	0.032420699999988756	epochs	1.0
682.8214207343323	0.009998600000017177	epochs	1.0
682.8314193343323	0.032420699999988756	epochs	1.0
682.8638503343323	0.5	epochs	-1.0
682.8638600343322	2.5247000000000526	epochs	0.0
682.8638600343322	0.5	epochs	1.0
683.3638600343322	1.0	epochs	1.0
684.3638600343322	1.0247000000000526	epochs	1.0
684.8638503343323	0.5	epochs	-1.0
685.3885600343323	0.9752799999999979	epochs	0.0
685.6209998130798	0.07483999999999469	epochs	0.0
685.6209998130798	0.032420699999988756	epochs	1.0
685.6534205130798	0.009998600000017177	epochs	1.0
685.6634191130798	0.032420699999988756	epochs	1.0
685.6958501130798	0.5	epochs	-1.0
685.6958598130798	2.5250800000000027	epochs	0.0
685.6958598130798	0.5	epochs	1.0
686.1958598130798	1.0	epochs	1.0
687.1958598130798	1.0250800000000027	epochs	1.0
687.6958501130798	0.5	epochs	-1.0
688.2209398130798	0.9749000000000478	epochs	0.0
688.4720001220703	0.07483999999999469	epochs	0.0
688.4720001220703	0.032420699999988756	epochs	1.0
688.5044208220703	0.009998600000017177	epochs	1.0
688.5144194220703	0.032420699999988756	epochs	1.0
688.5468504220703	0.5	epochs	-1.0
688.5468601220703	2.5250800000000027	epochs	0.0
688.5468601220703	0.5	epochs	1.0
689.0468601220703	1.0	epochs	1.0
690.0468601220703	1.0250800000000027	epochs	1.0
690.5468504220703	0.5	epochs	-1.0
691.0719401220703	0.9749000000000478	epochs	0.0
691.3379998207092	0.6499800000000278	epochs	0.0
691.3379998207092	0.049999999999954525	epochs	1.0
691.3879998207092	0.5	epochs	1.0
691.8879998207092	0.09998000000007323	epochs	1.0
692.2849998474121	0.6499800000000278	epochs	0.0
692.2849998474121	0.049999999999954525	epochs	1.0
692.3349998474121	0.5	epochs	1.0
692.8349998474121	0.09998000000007323	epochs	1.0
693.204999923706	0.6499800000000278	epochs	0.0
693.204999923706	0.049999999999954525	epochs	1.0
693.254999923706	0.5	epochs	1.0
693.754999923706	0.09998000000007323	epochs	1.0
694.1180000305176	0.6499800000000278	epochs	0.0
694.1180000305176	0.049999999999954525	epochs	1.0
694.1680000305175	0.5	epochs	1.0
694.6680000305175	0.09998000000007323	epochs	1.0
695.0539999008179	0.6499800000000278	epochs	0.0
695.0539999008179	0.049999999999954525	epochs	1.0
695.1039999008178	0.5	epochs	1.0
695.6039999008178	0.09998000000007323	epochs	1.0
695.9889998435974	0.6499800000000278	epochs	0.0
695.9889998435974	0.049999999999954525	epochs	1.0
696.0389998435974	0.5	epochs	1.0
696.5389998435974	0.09998000000007323	epochs	1.0
696.9579997062683	0.07483999999999469	epochs	0.0
696.9579997062683	0.032420699999988756	epochs	1.0
696.9904204062683	0.009998600000017177	epochs	1.0
697.0004190062683	0.032420699999988756	epochs	1.0
697.0328500062683	0.5	epochs	-1.0
697.0328597062683	2.52484000000004	epochs	0.0
697.0328597062683	0.5	epochs	1.0
697.5328597062683	1.0	epochs	1.0
698.5328597062683	1.0248400000000402	epochs	1.0
699.0328500062683	0.5	epochs	-1.0
699.5576997062683	2.9751400000000103	epochs	0.0
702.1599998474121	0.07483999999999469	epochs	0.0
702.1599998474121	0.032420699999988756	epochs	1.0
702.1924205474121	0.009998600000017177	epochs	1.0
702.2024191474121	0.032420699999988756	epochs	1.0
702.2348501474121	0.5	epochs	-1.0
702.234859847412	2.52484000000004	epochs	0.0
702.234859847412	0.5	epochs	1.0
702.734859847412	1.0	epochs	1.0
703.734859847412	1.0248400000000402	epochs	1.0
704.2348501474121	0.5	epochs	-1.0
704.7596998474121	2.9751400000000103	epochs	0.0
707.5099997520447	0.07483999999999469	epochs	0.0
707.5099997520447	0.032420699999988756	epochs	1.0
707.5424204520447	0.009998600000017177	epochs	1.0
707.5524190520447	0.032420699999988756	epochs	1.0
707.5848500520447	0.5	epochs	-1.0
707.5848597520446	2.5252000000000407	epochs	0.0
707.5848597520446	0.5	epochs	1.0
708.0848597520446	1.0	epochs	1.0
709.0848597520446	1.0252000000000407	epochs	1.0
709.5848500520447	0.5	epochs	-1.0
710.1100597520447	3.9747800000000097	epochs	0.0
710.4569997787476	0.07483999999999469	epochs	0.0
710.4569997787476	0.032420699999988756	epochs	1.0
710.4894204787475	0.009998600000017177	epochs	1.0
710.4994190787476	0.032420699999988756	epochs	1.0
710.5318500787475	0.5	epochs	-1.0
710.5318597787475	2.5242000000000644	epochs	0.0
710.5318597787475	0.5	epochs	1.0
711.0318597787475	1.0	epochs	1.0
712.0318597787475	1.0242000000000644	epochs	1.0
712.5318500787475	0.5	epochs	-1.0
713.0560597787476	3.975779999999986	epochs	0.0
713.3340001106262	0.07483999999999469	epochs	0.0
713.3340001106262	0.032420699999988756	epochs	1.0
713.3664208106262	0.009998600000017177	epochs	1.0
713.3764194106262	0.032420699999988756	epochs	1.0
713.4088504106262	0.5	epochs	-1.0
713.4088601106262	4.544900000000098	epochs	0.0
713.4088601106262	0.5	epochs	1.0
713.9088601106262	1.0	epochs	1.0
714.9088601106262	3.044900000000098	epochs	1.0
715.4088504106262	0.5	epochs	-1.0
715.9088504106262	0.5	epochs	-1.0
716.4088504106262	0.5	epochs	-1.0
716.9088504106262	0.5	epochs	-1.0
717.4088504106262	0.5	epochs	-1.0
717.9537601106263	1.9550799999999526	epochs	0.0
718.3229999542236	0.07483999999999469	epochs	0.0
718.3229999542236	0.032420699999988756	epochs	1.0
718.3554206542236	0.009998600000017177	epochs	1.0
718.3654192542236	0.032420699999988756	epochs	1.0
718.3978502542236	0.5	epochs	-1.0
718.3978599542236	2.5247000000000526	epochs	0.0
718.3978599542236	0.5	epochs	1.0
718.8978599542236	1.0	epochs	1.0
719.8978599542236	1.0247000000000526	epochs	1.0
720.3978502542236	0.5	epochs	-1.0
720.9225599542236	3.975279999999998	epochs	0.0
721.2360000610352	0.07483999999999469	epochs	0.0
721.2360000610352	0.032420699999988756	epochs	1.0
721.2684207610351	0.009998600000017177	epochs	1.0
721.2784193610352	0.032420699999988756	epochs	1.0
721.3108503610351	0.5	epochs	-1.0
721.3108600610351	2.544200000000046	epochs	0.0
721.3108600610351	0.5	epochs	1.0
721.8108600610351	1.0	epochs	1.0
722.8108600610351	1.0442000000000462	epochs	1.0
723.3108503610351	0.5	epochs	-1.0
723.8550600610351	3.9557800000000043	epochs	0.0
724.1409997940063	0.07483999999999469	epochs	0.0
724.1409997940063	0.032420699999988756	epochs	1.0
724.1734204940063	0.009998600000017177	epochs	1.0
724.1834190940064	0.032420699999988756	epochs	1.0
724.2158500940063	0.5	epochs	-1.0
724.2158597940063	2.5254400000000032	epochs	0.0
724.2158597940063	0.5	epochs	1.0
724.7158597940063	1.0	epochs	1.0
725.7158597940063	1.0254400000000032	epochs	1.0
726.2158500940063	0.5	epochs	-1.0
726.7412997940063	3.9745400000000473	epochs	0.0
727.0520000457764	0.15297999999995682	epochs	0.0
727.0520000457764	0.049999999999954525	epochs	1.0
727.1020000457763	0.0030000000000427463	epochs	1.0
727.1050000457764	0.09997999999995955	epochs	1.0
727.5079998970032	0.15297999999995682	epochs	0.0
727.5079998970032	0.049999999999954525	epochs	1.0
727.5579998970031	0.0030000000000427463	epochs	1.0
727.5609998970032	0.09997999999995955	epochs	1.0
727.9649996757507	0.15297999999995682	epochs	0.0
727.9649996757507	0.049999999999954525	epochs	1.0
728.0149996757507	0.0030000000000427463	epochs	1.0
728.0179996757507	0.09997999999995955	epochs	1.0
728.4309997558594	0.15297999999995682	epochs	0.0
728.4309997558594	0.049999999999954525	epochs	1.0
728.4809997558593	0.0030000000000427463	epochs	1.0
728.4839997558594	0.09997999999995955	epochs	1.0
728.8949999809265	0.15297999999995682	epochs	0.0
728.8949999809265	0.049999999999954525	epochs	1.0
728.9449999809265	0.0030000000000427463	epochs	1.0
728.9479999809265	0.09997999999995955	epochs	1.0
729.3709998130798	0.15297999999995682	epochs	0.0
729.3709998130798	0.049999999999954525	epochs	1.0
729.4209998130798	0.0030000000000427463	epochs	1.0
729.4239998130798	0.09997999999995955	epochs	1.0
729.8210000991821	0.15297999999995682	epochs	0.0
729.8210000991821	0.049999999999954525	epochs	1.0
729.8710000991821	0.0030000000000427463	epochs	1.0
729.8740000991821	0.09997999999995955	epochs	1.0
730.2620000839233	0.15297999999995682	epochs	0.0
730.2620000839233	0.049999999999954525	epochs	1.0
730.3120000839233	0.0030000000000427463	epochs	1.0
730.3150000839233	0.09997999999995955	epochs	1.0
730.7339997291565	0.15297999999995682	epochs	0.0
730.7339997291565	0.049999999999954525	epochs	1.0
730.7839997291564	0.0030000000000427463	epochs	1.0
730.7869997291565	0.09997999999995955	epochs	1.0
731.210000038147	0.15297999999995682	epochs	0.0
731.210000038147	0.049999999999954525	epochs	1.0
731.2600000381469	0.0030000000000427463	epochs	1.0
731.263000038147	0.09997999999995955	epochs	1.0
731.710000038147	0.07483999999999469	epochs	0.0
731.710000038147	0.032420699999988756	epochs	1.0
731.742420738147	0.009998600000017177	epochs	1.0
731.752419338147	0.032420699999988756	epochs	1.0
731.784850338147	0.5	epochs	-1.0
731.7848600381469	1.5248000000000275	epochs	0.0
731.7848600381469	0.5	epochs	1.0
732.2848600381469	0.0030000000000427463	epochs	1.0
732.287860038147	1.0217999999999847	epochs	1.0
732.787850338147	0.5	epochs	-1.0
733.309660038147	0.07817999999997483	epochs	0.0
733.9670000076294	0.07483999999999469	epochs	0.0
733.9670000076294	0.032420699999988756	epochs	1.0
733.9994207076294	0.009998600000017177	epochs	1.0
734.0094193076294	0.032420699999988756	epochs	1.0
734.0418503076294	0.5	epochs	-1.0
734.0418600076293	0.5242600000000266	epochs	0.0
734.0418600076293	0.5	epochs	1.0
734.5418600076293	0.0030000000000427463	epochs	1.0
734.5448600076294	0.021259999999983847	epochs	1.0
734.5661200076294	1.0787199999999757	epochs	0.0
747.3439998626709	0.07483999999999469	epochs	0.0
747.3439998626709	0.032420699999988756	epochs	1.0
747.3764205626709	0.009998600000017177	epochs	1.0
747.3864191626709	0.032420699999988756	epochs	1.0
747.4188501626709	0.5	epochs	-1.0
747.4188598626708	1.5245400000000018	epochs	0.0
747.4188598626708	0.5	epochs	1.0
747.9188598626708	0.0030000000000427463	epochs	1.0
747.9218598626709	1.021539999999959	epochs	1.0
748.4218501626709	0.5	epochs	-1.0
748.9433998626708	0.07844000000000051	epochs	0.0
749.3940000534058	0.07483999999999469	epochs	0.0
749.3940000534058	0.032420699999988756	epochs	1.0
749.4264207534058	0.009998600000017177	epochs	1.0
749.4364193534058	0.032420699999988756	epochs	1.0
749.4688503534057	0.5	epochs	-1.0
749.4688600534057	1.525160000000028	epochs	0.0
749.4688600534057	0.5	epochs	1.0
749.9688600534057	0.0030000000000427463	epochs	1.0
749.9718600534057	1.0221599999999853	epochs	1.0
750.4718503534058	0.5	epochs	-1.0
750.9940200534057	0.07781999999997424	epochs	0.0
751.6999998092651	0.07483999999999469	epochs	0.0
751.6999998092651	0.032420699999988756	epochs	1.0
751.7324205092651	0.009998600000017177	epochs	1.0
751.7424191092651	0.032420699999988756	epochs	1.0
751.7748501092651	0.5	epochs	-1.0
751.7748598092651	7.665580000000091	epochs	0.0
751.7748598092651	0.5	epochs	1.0
752.2748598092651	7.165580000000091	epochs	1.0
758.4402398092651	1.0002000000000635	epochs	-1.0
758.4402398092651	0.04032000000006519	epochs	-1.0
758.9377101092651	0.5	epochs	-1.0
759.4404398092652	11.83439999999996	epochs	0.0
759.8540000915527	0.07483999999999469	epochs	0.0
759.8540000915527	0.032420699999988756	epochs	1.0
759.8864207915527	0.009998600000017177	epochs	1.0
759.8964193915527	0.032420699999988756	epochs	1.0
759.9288503915527	0.5	epochs	-1.0
759.9288600915527	8.423880000000054	epochs	0.0
759.9288600915527	0.5	epochs	1.0
760.4288600915527	7.923880000000054	epochs	1.0
766.8528200915528	1.4999199999999746	epochs	-1.0
766.8528200915528	0.040300000000002	epochs	-1.0
767.3502903915528	0.5	epochs	-1.0
767.8502903915528	0.5	epochs	-1.0
768.3527400915527	11.076099999999997	epochs	0.0
768.7309999465942	0.07483999999999469	epochs	0.0
768.7309999465942	0.032420699999988756	epochs	1.0
768.7634206465942	0.009998600000017177	epochs	1.0
768.7734192465942	0.032420699999988756	epochs	1.0
768.8058502465942	0.5	epochs	-1.0
768.8058599465942	7.704200000000014	epochs	0.0
768.8058599465942	0.5	epochs	1.0
769.3058599465942	7.204200000000014	epochs	1.0
775.5105999465942	0.9994599999999991	epochs	-1.0
775.5105999465942	0.038819999999986976	epochs	-1.0
776.0080702465942	0.5	epochs	-1.0
776.5100599465942	11.795780000000036	epochs	0.0
788.5809998512268	0.07479999999998199	epochs	0.0
788.5809998512268	0.032403400000021065	epochs	1.0
788.6134032512268	0.009993199999939861	epochs	1.0
788.6233964512268	0.032403400000021065	epochs	1.0
788.6558798512268	2.0	epochs	0.0
790.6558501512268	0.5	epochs	-1.0
790.6558798512268	5.364720000000034	epochs	0.0
790.6558798512268	1.0	epochs	1.0
791.1558501512268	4.864749700000061	epochs	-1.0
791.6558798512268	4.364720000000034	epochs	1.0
791.6558798512268	4.356753899999944	epochs	-1.0
791.6558798512268	1.9745871999999736	epochs	2.0
791.6558798512268	1.0985621999999466	epochs	3.0
792.7544420512268	0.8760250000000269	epochs	3.0
793.6304670512268	1.3524075000000266	epochs	2.0
793.6304670512268	0.7286354999999958	epochs	3.0
794.3591025512268	0.6237720000000309	epochs	3.0
794.9828745512268	1.029759199999944	epochs	2.0
794.9828745512268	0.5453293000000485	epochs	3.0
795.5282038512269	0.4844298999998955	epochs	3.0
796.0126337512268	0.007966100000089682	epochs	2.0
796.0126337512268	0.007966100000089682	epochs	3.0
796.0205998512268	16.63519999999994	epochs	0.0
796.4079999923706	0.07479999999998199	epochs	0.0
796.4079999923706	0.032403400000021065	epochs	1.0
796.4404033923706	0.009993199999939861	epochs	1.0
796.4503965923706	0.032403400000021065	epochs	1.0
796.4828799923706	2.0	epochs	0.0
798.4828502923706	0.5	epochs	-1.0
798.4828799923706	21.544719999999984	epochs	0.0
798.4828799923706	1.0	epochs	1.0
798.9828502923706	19.99872000000005	epochs	-1.0
799.4828799923706	20.0	epochs	1.0
799.4828799923706	4.356753899999944	epochs	-1.0
799.4828799923706	1.9745871999999736	epochs	2.0
799.4828799923706	1.0985621999999466	epochs	3.0
800.5814421923706	0.8760250000000269	epochs	3.0
801.4574671923706	1.3524075000000266	epochs	2.0
801.4574671923706	0.7286354999999958	epochs	3.0
802.1861026923706	0.6237720000000309	epochs	3.0
802.8098746923706	1.029759199999944	epochs	2.0
802.8098746923706	0.5453293000000485	epochs	3.0
803.3552039923707	0.4844298999998955	epochs	3.0
803.8396338923706	0.8317862000000105	epochs	2.0
803.8396338923706	0.4357763000000432	epochs	3.0
804.2754101923706	0.3960098999999673	epochs	3.0
804.6714200923706	0.6977970000000369	epochs	2.0
804.6714200923706	0.3628982000000178	epochs	3.0
805.0343182923706	0.33489880000001904	epochs	3.0
805.3692170923706	0.601045699999986	epochs	2.0
805.3692170923706	0.3109123000000409	epochs	3.0
805.6801293923706	0.29013339999994514	epochs	3.0
805.9702627923706	0.5278859000000011	epochs	2.0
805.9702627923706	0.2719586000000618	epochs	3.0
806.2422213923707	0.25592729999993935	epochs	3.0
806.4981486923706	0.4706193000000667	epochs	2.0
806.4981486923706	0.241681299999982	epochs	3.0
806.7398299923706	0.22893800000008468	epochs	3.0
806.9687679923707	0.42457039999999324	epochs	2.0
806.9687679923707	0.2174713999999085	epochs	3.0
807.1862393923706	0.20709900000008474	epochs	3.0
807.3933383923707	0.3867353999999068	epochs	2.0
807.3933383923707	0.19767109999997956	epochs	3.0
807.5910094923706	0.18906429999992724	epochs	3.0
807.7800737923706	0.3550953000000163	epochs	2.0
807.7800737923706	0.18117590000008477	epochs	3.0
807.9612496923706	0.17391939999993156	epochs	3.0
808.1351690923706	0.3282431000000088	epochs	2.0
808.1351690923706	0.1672219000000723	epochs	3.0
808.3023909923706	0.16102119999993647	epochs	3.0
808.4634121923706	0.30516799999998057	epochs	2.0
808.4634121923706	0.15526390000002266	epochs	3.0
808.6186760923706	0.1499040999999579	epochs	3.0
808.7685801923706	0.28512530000000424	epochs	2.0
808.7685801923706	0.1449021000000812	epochs	3.0
808.9134822923706	0.14022319999992305	epochs	3.0
809.0537054923706	0.267553800000087	epochs	2.0
809.0537054923706	0.1358369000000721	epochs	3.0
809.1895423923706	0.1317169000000149	epochs	3.0
809.3212592923707	0.252022899999929	epochs	2.0
809.3212592923707	0.1278393000000051	epochs	3.0
809.4490985923707	0.1241835999999239	epochs	3.0
809.5732821923706	0.23819650000007186	epochs	2.0
809.5732821923706	0.12073110000005727	epochs	3.0
809.6940132923706	0.1174654000000146	epochs	3.0
809.8114786923707	0.2258087999999816	epochs	2.0
809.8114786923707	0.1143718999999237	epochs	3.0
809.9258505923706	0.1114369000000579	epochs	3.0
810.0372874923706	0.2146460000000161	epochs	2.0
810.0372874923706	0.10864889999993466	epochs	3.0
810.1459363923706	0.10599710000008145	epochs	3.0
810.2519334923707	0.20453499999996438	epochs	2.0
810.2519334923707	0.10347149999995509	epochs	3.0
810.3554049923706	0.1010635000000093	epochs	3.0
810.4564684923706	0.19533400000000256	epochs	2.0
810.4564684923706	0.09876510000003691	epochs	3.0
810.5552335923707	0.09656889999996565	epochs	3.0
810.6518024923706	0.18692529999998442	epochs	2.0
810.6518024923706	0.09446830000001682	epochs	3.0
810.7462707923706	0.09245699999996759	epochs	3.0
810.8387277923706	0.17921069999999872	epochs	2.0
810.8387277923706	0.09052959999996801	epochs	3.0
810.9292573923706	0.08868110000003071	epochs	3.0
811.0179384923706	0.17210769999996955	epochs	2.0
811.0179384923706	0.08690630000000965	epochs	3.0
811.1048447923706	0.0852013999999599	epochs	3.0
811.1900461923706	0.16554640000003928	epochs	2.0
811.1900461923706	0.08356190000006336	epochs	3.0
811.2736080923706	0.08198449999997592	epochs	3.0
811.3555925923706	0.15946710000002895	epochs	2.0
811.3555925923706	0.08046539999998004	epochs	3.0
811.4360579923706	0.07900170000004891	epochs	3.0
811.5150596923706	0.15381839999997737	epochs	2.0
811.5150596923706	0.07759009999995214	epochs	3.0
811.5926497923706	0.07622830000002523	epochs	3.0
811.6688780923706	0.14855639999996129	epochs	2.0
811.6688780923706	0.07491329999993468	epochs	3.0
811.7437913923706	0.0736431000000266	epochs	3.0
811.8174344923706	0.14364239999997608	epochs	2.0
811.8174344923706	0.07241499999997814	epochs	3.0
811.8898494923706	0.07122739999999794	epochs	3.0
811.9610768923706	0.13904310000009446	epochs	2.0
811.9610768923706	0.07007800000008046	epochs	3.0
812.0311548923706	0.06896510000001399	epochs	3.0
812.1001199923707	0.1347293000000036	epochs	2.0
812.1001199923707	0.0678871000000072	epochs	3.0
812.1680070923707	0.06684219999999641	epochs	3.0
812.2348492923707	0.13067519999992783	epochs	2.0
812.2348492923707	0.06582909999997355	epochs	3.0
812.3006783923706	0.06484609999995428	epochs	3.0
812.3655244923706	0.12685780000003888	epochs	2.0
812.3655244923706	0.06389200000000983	epochs	3.0
812.4294164923706	0.06296580000002905	epochs	3.0
812.4923822923706	0.12325720000001184	epochs	2.0
812.4923822923706	0.06206580000002759	epochs	3.0
812.5544480923706	0.06119139999998424	epochs	3.0
812.6156394923706	0.11985540000000583	epochs	2.0
812.6156394923706	0.060341099999959624	epochs	3.0
812.6759805923706	0.059514300000046205	epochs	3.0
812.7354948923706	0.11663620000001629	epochs	2.0
812.7354948923706	0.058709599999929196	epochs	3.0
812.7942044923706	0.05792660000008709	epochs	3.0
812.8521310923707	0.11358559999996487	epochs	2.0
812.8521310923707	0.05716419999998834	epochs	3.0
812.9092952923706	0.05642139999997653	epochs	3.0
812.9657166923706	0.11069050000003244	epochs	2.0
812.9657166923706	0.05569789999992736	epochs	3.0
813.0214145923705	0.054992600000105085	epochs	3.0
813.0764071923707	0.10793909999995321	epochs	2.0
813.0764071923707	0.05430489999992005	epochs	3.0
813.1307120923706	0.05363420000003316	epochs	3.0
813.1843462923706	0.10532149999994544	epochs	2.0
813.1843462923706	0.05298000000004777	epochs	3.0
813.2373262923707	0.05234149999989768	epochs	3.0
813.2896677923706	0.10282760000006874	epochs	2.0
813.2896677923706	0.05171810000001642	epochs	3.0
813.3413858923706	0.05110950000005232	epochs	3.0
813.3924953923706	0.10044909999999163	epochs	2.0
813.3924953923706	0.05051489999993919	epochs	3.0
813.4430102923706	0.04993420000005244	epochs	3.0
813.4929444923706	0.0981782999999723	epochs	2.0
813.4929444923706	0.04936659999998483	epochs	3.0
813.5423110923706	0.04881169999998747	epochs	3.0
813.5911227923706	0.09600780000005216	epochs	2.0
813.5911227923706	0.04826920000004975	epochs	3.0
813.6393919923706	0.04773860000000241	epochs	3.0
813.6871305923706	0.09393119999992905	epochs	2.0
813.6871305923706	0.04721949999998287	epochs	3.0
813.7343500923706	0.04671169999994618	epochs	3.0
813.7810617923706	0.09194260000003851	epochs	2.0
813.7810617923706	0.046214599999984785	epochs	3.0
813.8272763923705	0.045728000000053726	epochs	3.0
813.8730043923706	0.09003629999995155	epochs	2.0
813.8730043923706	0.045251499999949374	epochs	3.0
813.9182558923706	0.04478480000000218	epochs	3.0
813.9630406923706	0.08820760000003247	epochs	2.0
813.9630406923706	0.044327800000019124	epochs	3.0
814.0073684923706	0.04387980000001335	epochs	3.0
814.0512482923706	0.0864516999999978	epochs	2.0
814.0512482923706	0.04344100000002982	epochs	3.0
814.0946892923706	0.04301069999996798	epochs	3.0
814.1376999923706	0.0847643000000744	epochs	2.0
814.1376999923706	0.04258900000002086	epochs	3.0
814.1802889923706	0.04217530000005354	epochs	3.0
814.2224642923707	0.08314149999989695	epochs	2.0
814.2224642923707	0.041769699999917975	epochs	3.0
814.2642339923706	0.041371799999978975	epochs	3.0
814.3056057923706	0.08157970000002024	epochs	2.0
814.3056057923706	0.04098140000007788	epochs	3.0
814.3465871923706	0.040598299999942355	epochs	3.0
814.3871854923706	0.08007550000002084	epochs	2.0
814.3871854923706	0.04022229999998217	epochs	3.0
814.4274077923706	0.03985320000003867	epochs	3.0
814.4672609923706	0.07862569999997504	epochs	2.0
814.4672609923706	0.0394907999999532	epochs	3.0
814.5067517923706	0.039134900000021844	epochs	3.0
814.5458866923706	0.07722760000001472	epochs	2.0
814.5458866923706	0.038785400000051595	epochs	3.0
814.5846720923706	0.03844219999996312	epochs	3.0
814.6231142923706	0.07587820000003376	epochs	2.0
814.6231142923706	0.038104800000041905	epochs	3.0
814.6612190923706	0.03777339999999185	epochs	3.0
814.6989924923706	0.0745752000000266	epochs	2.0
814.6989924923706	0.03744770000002973	epochs	3.0
814.7364401923707	0.03712749999999687	epochs	3.0
814.7735676923706	0.07331629999998768	epochs	2.0
814.7735676923706	0.036812899999972615	epochs	3.0
814.8103805923706	0.03650340000001506	epochs	3.0
814.8468839923706	0.07209899999998015	epochs	2.0
814.8468839923706	0.03619909999997617	epochs	3.0
814.8830830923706	0.03589990000000398	epochs	3.0
814.9189829923706	0.07092169999998532	epochs	2.0
814.9189829923706	0.03560559999993984	epochs	3.0
814.9545885923706	0.03531610000004548	epochs	3.0
814.9899046923706	0.06978200000003199	epochs	2.0
814.9899046923706	0.03503120000004856	epochs	3.0
815.0249358923706	0.03475079999998343	epochs	3.0
815.0596866923706	0.06867859999999837	epochs	2.0
815.0596866923706	0.03447510000000875	epochs	3.0
815.0941617923706	0.03420349999998962	epochs	3.0
815.1283652923706	0.06760929999995824	epochs	2.0
815.1283652923706	0.033936199999970995	epochs	3.0
815.1623014923706	0.033673099999987244	epochs	3.0
815.1959745923706	0.06657289999998284	epochs	2.0
815.1959745923706	0.03341399999999339	epochs	3.0
815.2293885923706	0.033158899999989444	epochs	3.0
815.2625474923706	0.06556780000005347	epochs	2.0
815.2625474923706	0.032907700000009754	epochs	3.0
815.2954551923706	0.03266010000004371	epochs	3.0
815.3281152923706	0.06459259999996902	epochs	2.0
815.3281152923706	0.032416399999988244	epochs	3.0
815.3605316923706	0.03217619999998078	epochs	3.0
815.3927078923706	0.06364600000006249	epochs	2.0
815.3927078923706	0.03193959999998697	epochs	3.0
815.4246474923706	0.03170640000007552	epochs	3.0
815.4563538923707	0.0627266999999847	epochs	2.0
815.4563538923707	0.031476599999905375	epochs	3.0
815.4878304923706	0.03125010000007933	epochs	3.0
815.5190805923706	0.06183359999999993	epochs	2.0
815.5190805923706	0.03102689999991526	epochs	3.0
815.5501074923706	0.030806700000084675	epochs	3.0
815.5809141923706	0.060965599999917686	epochs	2.0
815.5809141923706	0.030589799999916067	epochs	3.0
815.6115039923706	0.030375800000001618	epochs	3.0
815.6418797923706	0.06012160000000222	epochs	2.0
815.6418797923706	0.030164900000045236	epochs	3.0
815.6720446923706	0.02995669999995698	epochs	3.0
815.7020013923706	0.05930069999999432	epochs	2.0
815.7020013923706	0.029751600000054168	epochs	3.0
815.7317529923706	0.029549099999940154	epochs	3.0
815.7613020923706	0.05850180000004457	epochs	2.0
815.7613020923706	0.02934940000000097	epochs	3.0
815.7906514923706	0.0291524000000436	epochs	3.0
815.8198038923706	0.057724200000052406	epochs	2.0
815.8198038923706	0.028957999999988715	epochs	3.0
815.8487618923706	0.02876620000006369	epochs	3.0
815.8775280923707	0.05696709999995164	epochs	2.0
815.8775280923707	0.028576999999927466	epochs	3.0
815.9061050923706	0.028390100000024177	epochs	3.0
815.9344951923706	0.05622949999997218	epochs	2.0
815.9344951923706	0.028205699999944045	epochs	3.0
815.9627008923705	0.028023800000028132	epochs	3.0
815.9907246923706	0.05551070000001346	epochs	2.0
815.9907246923706	0.02784400000007281	epochs	3.0
816.0185686923706	0.027666699999940647	epochs	3.0
816.0462353923706	0.054810200000019904	epochs	2.0
816.0462353923706	0.02749149999999645	epochs	3.0
816.0737268923706	0.027318700000023455	epochs	3.0
816.1010455923706	0.05412699999999404	epochs	2.0
816.1010455923706	0.027147799999966082	epochs	3.0
816.1281933923706	0.02697920000002796	epochs	3.0
816.1551725923706	0.053460699999959616	epochs	2.0
816.1551725923706	0.0268125999999711	epochs	3.0
816.1819851923706	0.026648099999988517	epochs	3.0
816.2086332923706	0.05281070000000909	epochs	2.0
816.2086332923706	0.026485600000000886	epochs	3.0
816.2351188923706	0.026325100000008206	epochs	3.0
816.2614439923706	0.05217620000007628	epochs	2.0
816.2614439923706	0.026166400000079193	epochs	3.0
816.2876103923707	0.026009799999997085	epochs	3.0
816.3136201923706	0.051556699999991906	epochs	2.0
816.3136201923706	0.025854799999933675	epochs	3.0
816.3394749923706	0.02570190000005823	epochs	3.0
816.3651768923706	0.05095189999997274	epochs	2.0
816.3651768923706	0.025550699999939752	epochs	3.0
816.3907275923706	0.025401200000032986	epochs	3.0
816.4161287923706	0.05036099999995258	epochs	2.0
816.4161287923706	0.025253499999962514	epochs	3.0
816.4413822923706	0.02510749999999007	epochs	3.0
816.4664897923706	0.049783800000000156	epochs	2.0
816.4664897923706	0.02496320000000196	epochs	3.0
816.4914529923706	0.024820599999998194	epochs	3.0
816.5162735923706	0.049219500000049266	epochs	2.0
816.5162735923706	0.02467940000008184	epochs	3.0
816.5409529923706	0.024540099999967424	epochs	3.0
816.5654930923706	0.048667899999941255	epochs	2.0
816.5654930923706	0.02440209999997478	epochs	3.0
816.5898951923706	0.024265799999966475	epochs	3.0
816.6141609923706	0.04812860000004093	epochs	2.0
816.6141609923706	0.024131000000011227	epochs	3.0
816.6382919923706	0.023997600000029706	epochs	3.0
816.6622895923706	0.047601100000065344	epochs	2.0
816.6622895923706	0.023865799999953197	epochs	3.0
816.6861553923706	0.023735300000112147	epochs	3.0
816.7098906923707	0.04708499999992455	epochs	2.0
816.7098906923707	0.023606299999983094	epochs	3.0
816.7334969923706	0.023478699999941455	epochs	3.0
816.7569756923706	0.04658000000006268	epochs	2.0
816.7569756923706	0.02335249999998723	epochs	3.0
816.7803281923706	0.02322750000007545	epochs	3.0
816.8035556923707	0.04608569999993506	epochs	2.0
816.8035556923707	0.023103999999989355	epochs	3.0
816.8266596923706	0.022981699999945704	epochs	3.0
816.8496413923706	0.045601799999985815	epochs	2.0
816.8496413923706	0.022860700000023826	epochs	3.0
816.8725020923706	0.02274109999996199	epochs	3.0
816.8952431923706	0.04512790000001132	epochs	2.0
816.8952431923706	0.022622500000011314	epochs	3.0
816.9178656923706	0.02250540000000001	epochs	3.0
816.9403710923706	0.044663799999966614	epochs	2.0
816.9403710923706	0.02238929999998618	epochs	3.0
816.9627603923706	0.022274499999980435	epochs	3.0
816.9850348923705	0.04420920000006845	epochs	2.0
816.9850348923705	0.022160800000051495	epochs	3.0
817.0071956923706	0.022048400000016954	epochs	3.0
817.0292440923706	0.043763600000033875	epochs	2.0
817.0292440923706	0.021936900000014248	epochs	3.0
817.0511809923706	0.021826700000019628	epochs	3.0
817.0730076923707	0.04332709999994222	epochs	2.0
817.0730076923707	0.021717599999988124	epochs	3.0
817.0947252923706	0.021609499999954096	epochs	3.0
817.1163347923706	0.04289900000003399	epochs	2.0
817.1163347923706	0.02150249999999687	epochs	3.0
817.1378372923706	0.021396500000037122	epochs	3.0
817.1592337923706	0.042479500000013104	epochs	2.0
817.1592337923706	0.02129170000000613	epochs	3.0
817.1805254923706	0.021187800000006973	epochs	3.0
817.2017132923706	0.042067900000006375	epochs	2.0
817.2017132923706	0.02108490000000529	epochs	3.0
817.2227981923706	0.020983000000001084	epochs	3.0
817.2437811923706	0.04166439999994509	epochs	2.0
817.2437811923706	0.020882199999959994	epochs	3.0
817.2646633923706	0.020782199999985096	epochs	3.0
817.2854455923706	0.04126850000000104	epochs	2.0
817.2854455923706	0.020683299999973315	epochs	3.0
817.3061288923706	0.020585200000027726	epochs	3.0
817.3267140923706	0.04088000000001557	epochs	2.0
817.3267140923706	0.020488099999965925	epochs	3.0
817.3472021923706	0.020391900000049645	epochs	3.0
817.3675940923706	0.04049880000002304	epochs	2.0
817.3675940923706	0.020296599999937825	epochs	3.0
817.3878906923705	0.020202200000085213	epochs	3.0
817.4080928923706	0.04012460000001283	epochs	2.0
817.4080928923706	0.020108699999923374	epochs	3.0
817.4282015923706	0.02001590000008946	epochs	3.0
817.4482174923706	0.039757299999905626	epochs	2.0
817.4482174923706	0.019924199999991288	epochs	3.0
817.4681416923706	0.01983309999991434	epochs	3.0
817.4879747923706	0.03939669999999751	epochs	2.0
817.4879747923706	0.01974300000006224	epochs	3.0
817.5077177923706	0.01965369999993527	epochs	3.0
817.5273714923705	0.039042400000084854	epochs	2.0
817.5273714923705	0.01956510000002254	epochs	3.0
817.5469365923706	0.019477300000062314	epochs	3.0
817.5664138923706	0.03869459999998526	epochs	2.0
817.5664138923706	0.019390400000020236	epochs	3.0
817.5858042923707	0.01930419999996502	epochs	3.0
817.6051084923706	0.03835289999994984	epochs	2.0
817.6051084923706	0.019218799999976	epochs	3.0
817.6243272923706	0.01913409999997384	epochs	3.0
817.6434613923706	0.03801720000001296	epochs	2.0
817.6434613923706	0.019050200000037876	epochs	3.0
817.6625115923706	0.018966999999975087	epochs	3.0
817.6814785923706	0.037687200000050325	epochs	2.0
817.6814785923706	0.01888450000001285	epochs	3.0
817.7003630923706	0.018802700000037476	epochs	3.0
817.7191657923706	0.03736309999999321	epochs	2.0
817.7191657923706	0.018721700000014607	epochs	3.0
817.7378874923706	0.018641399999978603	epochs	3.0
817.7565288923706	0.03704429999993408	epochs	2.0
817.7565288923706	0.01856159999999818	epochs	3.0
817.7750904923706	0.018482699999935903	epochs	3.0
817.7935731923706	0.0367310000000316	epochs	2.0
817.7935731923706	0.018404300000042895	epochs	3.0
817.8119774923706	0.018326699999988705	epochs	3.0
817.8303041923706	0.036422900000047775	epochs	2.0
817.8303041923706	0.018249599999990096	epochs	3.0
817.8485537923706	0.01817330000005768	epochs	3.0
817.8667270923706	0.03612009999994825	epochs	2.0
817.8667270923706	0.01809759999991911	epochs	3.0
817.8848246923706	0.01802250000002914	epochs	3.0
817.9028471923706	0.03582210000001851	epochs	2.0
817.9028471923706	0.017947899999967376	epochs	3.0
817.9207950923706	0.017874200000051133	epochs	3.0
817.9386692923706	0.03552899999999681	epochs	2.0
817.9386692923706	0.017800800000031813	epochs	3.0
817.9564700923706	0.017728199999965	epochs	3.0
817.9741982923706	0.03524070000003121	epochs	2.0
817.9741982923706	0.017656099999953767	epochs	3.0
817.9918543923706	0.017584600000077444	epochs	3.0
818.0094389923706	0.03495709999992869	epochs	2.0
818.0094389923706	0.01751369999999497	epochs	3.0
818.0269526923706	0.017443399999933717	epochs	3.0
818.0443960923706	0.03467790000001969	epochs	2.0
818.0443960923706	0.017373600000041733	epochs	3.0
818.0617696923706	0.017304299999977957	epochs	3.0
818.0790739923706	0.03440330000000813	epochs	2.0
818.0790739923706	0.01723570000001473	epochs	3.0
818.0963096923706	0.0171675999999934	epochs	3.0
818.1134772923706	0.0341328000000658	epochs	2.0
818.1134772923706	0.017099900000062007	epochs	3.0
818.1305771923707	0.017032900000003792	epochs	3.0
818.1476100923707	0.033866699999975935	epochs	2.0
818.1476100923707	0.01696640000000116	epochs	3.0
818.1645764923707	0.016900299999974777	epochs	3.0
818.1814767923706	0.03360459999998966	epochs	2.0
818.1814767923706	0.01683479999996962	epochs	3.0
818.1983115923706	0.01676980000002004	epochs	3.0
818.2150813923706	0.033346599999958926	epochs	2.0
818.2150813923706	0.016705300000012357	epochs	3.0
818.2317866923706	0.01664129999994657	epochs	3.0
818.2484279923706	0.03309250000006614	epochs	2.0
818.2484279923706	0.016577800000050047	epochs	3.0
818.2650057923706	0.01651470000001609	epochs	3.0
818.2815204923706	0.03284229999997024	epochs	2.0
818.2815204923706	0.01645220000000336	epochs	3.0
818.2979726923706	0.01639009999996688	epochs	3.0
818.3143627923706	0.03259570000000167	epochs	2.0
818.3143627923706	0.016328400000020338	epochs	3.0
818.3306911923706	0.016267299999981333	epochs	3.0
818.3469584923706	0.032352899999978035	epochs	2.0
818.3469584923706	0.016206600000032267	epochs	3.0
818.3631650923707	0.016146299999945768	epochs	3.0
818.3793113923706	0.03211369999996805	epochs	2.0
818.3793113923706	0.016086599999994178	epochs	3.0
818.3953979923706	0.01602709999997387	epochs	3.0
818.4114250923706	0.03187800000000607	epochs	2.0
818.4114250923706	0.015968200000088473	epochs	3.0
818.4273932923707	0.015909799999917595	epochs	3.0
818.4433030923706	0.031645700000012766	epochs	2.0
818.4433030923706	0.01585160000001906	epochs	3.0
818.4591546923706	0.015794099999993705	epochs	3.0
818.4749487923706	0.0314167000000225	epochs	2.0
818.4749487923706	0.015736700000047676	epochs	3.0
818.4906854923706	0.015679999999974825	epochs	3.0
818.5063654923706	0.031191100000000915	epochs	2.0
818.5063654923706	0.015623600000026272	epochs	3.0
818.5219890923706	0.015567499999974643	epochs	3.0
818.5375565923706	0.030968700000016725	epochs	2.0
818.5375565923706	0.015511999999944237	epochs	3.0
818.5530685923706	0.015456700000072487	epochs	3.0
818.5685252923706	0.030749499999956242	epochs	2.0
818.5685252923706	0.015401999999994587	epochs	3.0
818.5839272923706	0.015347499999961656	epochs	3.0
818.5992747923706	0.03053320000003623	epochs	2.0
818.5992747923706	0.015293400000018664	epochs	3.0
818.6145681923706	0.015239800000017567	epochs	3.0
818.6298079923706	0.03032010000003993	epochs	2.0
818.6298079923706	0.015186500000027081	epochs	3.0
818.6449944923706	0.015133600000012848	epochs	3.0
818.6601280923707	0.030109899999956724	epochs	2.0
818.6601280923707	0.015080999999895539	epochs	3.0
818.6752090923706	0.015028900000061185	epochs	3.0
818.6902379923706	0.02990250000004835	epochs	2.0
818.6902379923706	0.014977000000044427	epochs	3.0
818.7052149923707	0.014925500000003922	epochs	3.0
818.7201404923707	0.029698099999905025	epochs	2.0
818.7201404923707	0.01487439999993967	epochs	3.0
818.7350148923706	0.014823699999965356	epochs	3.0
818.7498385923706	0.02949630000000525	epochs	2.0
818.7498385923706	0.014773200000036013	epochs	3.0
818.7646117923706	0.014723099999969236	epochs	3.0
818.7793348923706	0.02929740000001857	epochs	2.0
818.7793348923706	0.014673399999992398	epochs	3.0
818.7940082923706	0.014624000000026172	epochs	3.0
818.8086322923706	0.029101100000048064	epochs	2.0
818.8086322923706	0.014574900000070556	epochs	3.0
818.8232071923707	0.014526199999977507	epochs	3.0
818.8377333923706	0.028907399999980044	epochs	2.0
818.8377333923706	0.014477699999929428	epochs	3.0
818.8522110923706	0.014429700000050616	epochs	3.0
818.8666407923706	0.028716199999962555	epochs	2.0
818.8666407923706	0.014381800000023759	epochs	3.0
818.8810225923706	0.014334399999938796	epochs	3.0
818.8953569923706	0.028527600000074926	epochs	2.0
818.8953569923706	0.01428720000001249	epochs	3.0
818.9096441923706	0.014240400000062436	epochs	3.0
818.9238845923707	0.028341399999931127	epochs	2.0
818.9238845923707	0.014193799999929979	epochs	3.0
818.9380783923706	0.014147600000001148	epochs	3.0
818.9522259923706	0.028157700000065233	epochs	2.0
818.9522259923706	0.014101699999969242	epochs	3.0
818.9663276923706	0.014056000000095992	epochs	3.0
818.9803836923707	0.027976299999977527	epochs	2.0
818.9803836923707	0.01401060000000598	epochs	3.0
818.9943942923707	0.013965699999971548	epochs	3.0
819.0083599923706	0.02779720000000907	epochs	2.0
819.0083599923706	0.013920799999937117	epochs	3.0
819.0222807923706	0.013876400000071953	epochs	3.0
819.0361571923706	0.027620399999932488	epochs	2.0
819.0361571923706	0.013832200000024386	epochs	3.0
819.0499893923707	0.013788199999908102	epochs	3.0
819.0637775923706	0.02744590000008884	epochs	2.0
819.0637775923706	0.013744599999995444	epochs	3.0
819.0775221923706	0.013701300000093397	epochs	3.0
819.0912234923707	0.027273499999978412	epochs	2.0
819.0912234923707	0.01365819999989526	epochs	3.0
819.1048816923706	0.013615300000083153	epochs	3.0
819.1184969923706	0.027103399999987232	epochs	2.0
819.1184969923706	0.013572800000019924	epochs	3.0
819.1320697923707	0.013530599999967308	epochs	3.0
819.1456003923706	0.02693520000002536	epochs	2.0
819.1456003923706	0.013488400000028378	epochs	3.0
819.1590887923707	0.013446799999996983	epochs	3.0
819.1725355923707	0.026769199999989723	epochs	2.0
819.1725355923707	0.013405199999965589	epochs	3.0
819.1859407923706	0.013364000000024134	epochs	3.0
819.1993047923706	0.026605199999949036	epochs	2.0
819.1993047923706	0.013322899999934634	epochs	3.0
819.2126276923706	0.013282300000014402	epochs	3.0
819.2259099923706	0.026443200000016986	epochs	2.0
819.2259099923706	0.013241699999980483	epochs	3.0
819.2391516923706	0.013201500000036503	epochs	3.0
819.2523531923706	0.0262831999999662	epochs	2.0
819.2523531923706	0.013161500000023807	epochs	3.0
819.2655146923706	0.013121699999942393	epochs	3.0
819.2786363923706	0.02612499999997908	epochs	2.0
819.2786363923706	0.013082100000019636	epochs	3.0
819.2917184923706	0.013042899999959445	epochs	3.0
819.3047613923706	0.025968900000066242	epochs	2.0
819.3047613923706	0.01300390000005791	epochs	3.0
819.3177652923706	0.012965000000008331	epochs	3.0
819.3307302923706	0.025814500000024054	epochs	2.0
819.3307302923706	0.012926399999969362	epochs	3.0
819.3436566923706	0.012888100000054692	epochs	3.0
819.3565447923706	0.025661899999931848	epochs	2.0
819.3565447923706	0.012849899999991976	epochs	3.0
819.3693946923706	0.012811999999939871	epochs	3.0
819.3822066923706	0.025511199999982637	epochs	2.0
819.3822066923706	0.012774400000012065	epochs	3.0
819.3949810923706	0.012736799999970572	epochs	3.0
819.4077178923706	0.025362300000097093	epochs	2.0
819.4077178923706	0.012699700000098346	epochs	3.0
819.4204175923707	0.012662599999998747	epochs	3.0
819.4330801923707	0.025215000000002874	epochs	2.0
819.4330801923707	0.01262579999990976	epochs	3.0
819.4457059923706	0.012589200000093115	epochs	3.0
819.4582951923707	0.024584799999956886	epochs	2.0
819.4815702923706	0.5	epochs	-1.0
819.4828799923706	0.5447199999999839	epochs	1.0
820.0275999923706	0.4551999999999907	epochs	0.0
820.4349999427795	0.07479999999998199	epochs	0.0
820.4349999427795	0.032403400000021065	epochs	1.0
820.4674033427796	0.009993199999939861	epochs	1.0
820.4773965427795	0.032403400000021065	epochs	1.0
820.5098799427795	2.0	epochs	0.0
822.5098502427795	0.5	epochs	-1.0
822.5098799427795	0.5248799999999392	epochs	0.0
822.5098799427795	0.5248799999999392	epochs	1.0
823.0098502427795	0.024909699999966506	epochs	-1.0
823.0347599427795	21.475040000000035	epochs	0.0
824.2799997329712	0.07479999999998199	epochs	0.0
824.2799997329712	0.032403400000021065	epochs	1.0
824.3124031329712	0.009993199999939861	epochs	1.0
824.3223963329712	0.032403400000021065	epochs	1.0
824.3548797329712	2.0	epochs	0.0
826.3548500329712	0.5	epochs	-1.0
826.3548797329712	21.54480000000001	epochs	0.0
826.3548797329712	1.0	epochs	1.0
826.8548500329712	19.99872000000005	epochs	-1.0
827.3548797329712	20.0	epochs	1.0
827.3548797329712	4.356753899999944	epochs	-1.0
827.3548797329712	1.9745871999999736	epochs	2.0
827.3548797329712	1.0985621999999466	epochs	3.0
828.4534419329711	0.8760250000000269	epochs	3.0
829.3294669329712	1.3524075000000266	epochs	2.0
829.3294669329712	0.7286354999999958	epochs	3.0
830.0581024329712	0.6237720000000309	epochs	3.0
830.6818744329712	1.029759199999944	epochs	2.0
830.6818744329712	0.5453293000000485	epochs	3.0
831.2272037329712	0.4844298999998955	epochs	3.0
831.7116336329711	0.8317862000000105	epochs	2.0
831.7116336329711	0.4357763000000432	epochs	3.0
832.1474099329712	0.3960098999999673	epochs	3.0
832.5434198329712	0.6977970000000369	epochs	2.0
832.5434198329712	0.3628982000000178	epochs	3.0
832.9063180329712	0.33489880000001904	epochs	3.0
833.2412168329712	0.601045699999986	epochs	2.0
833.2412168329712	0.3109123000000409	epochs	3.0
833.5521291329712	0.29013339999994514	epochs	3.0
833.8422625329712	0.5278859000000011	epochs	2.0
833.8422625329712	0.2719586000000618	epochs	3.0
834.1142211329712	0.25592729999993935	epochs	3.0
834.3701484329712	0.4706193000000667	epochs	2.0
834.3701484329712	0.241681299999982	epochs	3.0
834.6118297329712	0.22893800000008468	epochs	3.0
834.8407677329712	0.42457039999999324	epochs	2.0
834.8407677329712	0.2174713999999085	epochs	3.0
835.0582391329712	0.20709900000008474	epochs	3.0
835.2653381329712	0.3867353999999068	epochs	2.0
835.2653381329712	0.19767109999997956	epochs	3.0
835.4630092329712	0.18906429999992724	epochs	3.0
835.6520735329711	0.3550953000000163	epochs	2.0
835.6520735329711	0.18117590000008477	epochs	3.0
835.8332494329712	0.17391939999993156	epochs	3.0
836.0071688329712	0.3282431000000088	epochs	2.0
836.0071688329712	0.1672219000000723	epochs	3.0
836.1743907329712	0.16102119999993647	epochs	3.0
836.3354119329712	0.30516799999998057	epochs	2.0
836.3354119329712	0.15526390000002266	epochs	3.0
836.4906758329712	0.1499040999999579	epochs	3.0
836.6405799329711	0.28512530000000424	epochs	2.0
836.6405799329711	0.1449021000000812	epochs	3.0
836.7854820329712	0.14022319999992305	epochs	3.0
836.9257052329712	0.267553800000087	epochs	2.0
836.9257052329712	0.1358369000000721	epochs	3.0
837.0615421329712	0.1317169000000149	epochs	3.0
837.1932590329712	0.252022899999929	epochs	2.0
837.1932590329712	0.1278393000000051	epochs	3.0
837.3210983329712	0.1241835999999239	epochs	3.0
837.4452819329712	0.23819650000007186	epochs	2.0
837.4452819329712	0.12073110000005727	epochs	3.0
837.5660130329712	0.1174654000000146	epochs	3.0
837.6834784329712	0.2258087999999816	epochs	2.0
837.6834784329712	0.1143718999999237	epochs	3.0
837.7978503329712	0.1114369000000579	epochs	3.0
837.9092872329712	0.2146460000000161	epochs	2.0
837.9092872329712	0.10864889999993466	epochs	3.0
838.0179361329712	0.10599710000008145	epochs	3.0
838.1239332329712	0.20453499999996438	epochs	2.0
838.1239332329712	0.10347149999995509	epochs	3.0
838.2274047329712	0.1010635000000093	epochs	3.0
838.3284682329712	0.19533400000000256	epochs	2.0
838.3284682329712	0.09876510000003691	epochs	3.0
838.4272333329712	0.09656889999996565	epochs	3.0
838.5238022329712	0.18692529999998442	epochs	2.0
838.5238022329712	0.09446830000001682	epochs	3.0
838.6182705329712	0.09245699999996759	epochs	3.0
838.7107275329712	0.17921069999999872	epochs	2.0
838.7107275329712	0.09052959999996801	epochs	3.0
838.8012571329712	0.08868110000003071	epochs	3.0
838.8899382329712	0.17210769999996955	epochs	2.0
838.8899382329712	0.08690630000000965	epochs	3.0
838.9768445329712	0.0852013999999599	epochs	3.0
839.0620459329712	0.16554640000003928	epochs	2.0
839.0620459329712	0.08356190000006336	epochs	3.0
839.1456078329712	0.08198449999997592	epochs	3.0
839.2275923329712	0.15946710000002895	epochs	2.0
839.2275923329712	0.08046539999998004	epochs	3.0
839.3080577329712	0.07900170000004891	epochs	3.0
839.3870594329712	0.15381839999997737	epochs	2.0
839.3870594329712	0.07759009999995214	epochs	3.0
839.4646495329712	0.07622830000002523	epochs	3.0
839.5408778329712	0.14855639999996129	epochs	2.0
839.5408778329712	0.07491329999993468	epochs	3.0
839.6157911329711	0.0736431000000266	epochs	3.0
839.6894342329712	0.14364239999997608	epochs	2.0
839.6894342329712	0.07241499999997814	epochs	3.0
839.7618492329711	0.07122739999999794	epochs	3.0
839.8330766329711	0.13904310000009446	epochs	2.0
839.8330766329711	0.07007800000008046	epochs	3.0
839.9031546329712	0.06896510000001399	epochs	3.0
839.9721197329712	0.1347293000000036	epochs	2.0
839.9721197329712	0.0678871000000072	epochs	3.0
840.0400068329712	0.06684219999999641	epochs	3.0
840.1068490329712	0.13067519999992783	epochs	2.0
840.1068490329712	0.06582909999997355	epochs	3.0
840.1726781329712	0.06484609999995428	epochs	3.0
840.2375242329712	0.12685780000003888	epochs	2.0
840.2375242329712	0.06389200000000983	epochs	3.0
840.3014162329712	0.06296580000002905	epochs	3.0
840.3643820329712	0.12325720000001184	epochs	2.0
840.3643820329712	0.06206580000002759	epochs	3.0
840.4264478329712	0.06119139999998424	epochs	3.0
840.4876392329712	0.11985540000000583	epochs	2.0
840.4876392329712	0.060341099999959624	epochs	3.0
840.5479803329712	0.059514300000046205	epochs	3.0
840.6074946329712	0.11663620000001629	epochs	2.0
840.6074946329712	0.058709599999929196	epochs	3.0
840.6662042329712	0.05792660000008709	epochs	3.0
840.7241308329712	0.11358559999996487	epochs	2.0
840.7241308329712	0.05716419999998834	epochs	3.0
840.7812950329712	0.05642139999997653	epochs	3.0
840.8377164329712	0.11069050000003244	epochs	2.0
840.8377164329712	0.05569789999992736	epochs	3.0
840.8934143329711	0.054992600000105085	epochs	3.0
840.9484069329712	0.10793909999995321	epochs	2.0
840.9484069329712	0.05430489999992005	epochs	3.0
841.0027118329712	0.05363420000003316	epochs	3.0
841.0563460329712	0.10532149999994544	epochs	2.0
841.0563460329712	0.05298000000004777	epochs	3.0
841.1093260329712	0.05234149999989768	epochs	3.0
841.1616675329711	0.10282760000006874	epochs	2.0
841.1616675329711	0.05171810000001642	epochs	3.0
841.2133856329712	0.05110950000005232	epochs	3.0
841.2644951329712	0.10044909999999163	epochs	2.0
841.2644951329712	0.05051489999993919	epochs	3.0
841.3150100329711	0.04993420000005244	epochs	3.0
841.3649442329712	0.0981782999999723	epochs	2.0
841.3649442329712	0.04936659999998483	epochs	3.0
841.4143108329712	0.04881169999998747	epochs	3.0
841.4631225329712	0.09600780000005216	epochs	2.0
841.4631225329712	0.04826920000004975	epochs	3.0
841.5113917329712	0.04773860000000241	epochs	3.0
841.5591303329712	0.09393119999992905	epochs	2.0
841.5591303329712	0.04721949999998287	epochs	3.0
841.6063498329712	0.04671169999994618	epochs	3.0
841.6530615329712	0.09194260000003851	epochs	2.0
841.6530615329712	0.046214599999984785	epochs	3.0
841.6992761329711	0.045728000000053726	epochs	3.0
841.7450041329712	0.09003629999995155	epochs	2.0
841.7450041329712	0.045251499999949374	epochs	3.0
841.7902556329711	0.04478480000000218	epochs	3.0
841.8350404329711	0.08820760000003247	epochs	2.0
841.8350404329711	0.044327800000019124	epochs	3.0
841.8793682329712	0.04387980000001335	epochs	3.0
841.9232480329712	0.0864516999999978	epochs	2.0
841.9232480329712	0.04344100000002982	epochs	3.0
841.9666890329712	0.04301069999996798	epochs	3.0
842.0096997329712	0.0847643000000744	epochs	2.0
842.0096997329712	0.04258900000002086	epochs	3.0
842.0522887329712	0.04217530000005354	epochs	3.0
842.0944640329712	0.08314149999989695	epochs	2.0
842.0944640329712	0.041769699999917975	epochs	3.0
842.1362337329712	0.041371799999978975	epochs	3.0
842.1776055329711	0.08157970000002024	epochs	2.0
842.1776055329711	0.04098140000007788	epochs	3.0
842.2185869329712	0.040598299999942355	epochs	3.0
842.2591852329712	0.08007550000002084	epochs	2.0
842.2591852329712	0.04022229999998217	epochs	3.0
842.2994075329711	0.03985320000003867	epochs	3.0
842.3392607329712	0.07862569999997504	epochs	2.0
842.3392607329712	0.0394907999999532	epochs	3.0
842.3787515329711	0.039134900000021844	epochs	3.0
842.4178864329712	0.07722760000001472	epochs	2.0
842.4178864329712	0.038785400000051595	epochs	3.0
842.4566718329712	0.03844219999996312	epochs	3.0
842.4951140329712	0.07587820000003376	epochs	2.0
842.4951140329712	0.038104800000041905	epochs	3.0
842.5332188329712	0.03777339999999185	epochs	3.0
842.5709922329712	0.0745752000000266	epochs	2.0
842.5709922329712	0.03744770000002973	epochs	3.0
842.6084399329712	0.03712749999999687	epochs	3.0
842.6455674329712	0.07331629999998768	epochs	2.0
842.6455674329712	0.036812899999972615	epochs	3.0
842.6823803329712	0.03650340000001506	epochs	3.0
842.7188837329712	0.07209899999998015	epochs	2.0
842.7188837329712	0.03619909999997617	epochs	3.0
842.7550828329712	0.03589990000000398	epochs	3.0
842.7909827329712	0.07092169999998532	epochs	2.0
842.7909827329712	0.03560559999993984	epochs	3.0
842.8265883329711	0.03531610000004548	epochs	3.0
842.8619044329712	0.06978200000003199	epochs	2.0
842.8619044329712	0.03503120000004856	epochs	3.0
842.8969356329712	0.03475079999998343	epochs	3.0
842.9316864329712	0.06867859999999837	epochs	2.0
842.9316864329712	0.03447510000000875	epochs	3.0
842.9661615329712	0.03420349999998962	epochs	3.0
843.0003650329712	0.06760929999995824	epochs	2.0
843.0003650329712	0.033936199999970995	epochs	3.0
843.0343012329712	0.033673099999987244	epochs	3.0
843.0679743329712	0.06657289999998284	epochs	2.0
843.0679743329712	0.03341399999999339	epochs	3.0
843.1013883329712	0.033158899999989444	epochs	3.0
843.1345472329712	0.06556780000005347	epochs	2.0
843.1345472329712	0.032907700000009754	epochs	3.0
843.1674549329712	0.03266010000004371	epochs	3.0
843.2001150329712	0.06459259999996902	epochs	2.0
843.2001150329712	0.032416399999988244	epochs	3.0
843.2325314329712	0.03217619999998078	epochs	3.0
843.2647076329712	0.06364600000006249	epochs	2.0
843.2647076329712	0.03193959999998697	epochs	3.0
843.2966472329712	0.03170640000007552	epochs	3.0
843.3283536329712	0.0627266999999847	epochs	2.0
843.3283536329712	0.031476599999905375	epochs	3.0
843.3598302329711	0.03125010000007933	epochs	3.0
843.3910803329712	0.06183359999999993	epochs	2.0
843.3910803329712	0.03102689999991526	epochs	3.0
843.4221072329711	0.030806700000084675	epochs	3.0
843.4529139329712	0.060965599999917686	epochs	2.0
843.4529139329712	0.030589799999916067	epochs	3.0
843.4835037329711	0.030375800000001618	epochs	3.0
843.5138795329711	0.06012160000000222	epochs	2.0
843.5138795329711	0.030164900000045236	epochs	3.0
843.5440444329712	0.02995669999995698	epochs	3.0
843.5740011329711	0.05930069999999432	epochs	2.0
843.5740011329711	0.029751600000054168	epochs	3.0
843.6037527329712	0.029549099999940154	epochs	3.0
843.6333018329711	0.05850180000004457	epochs	2.0
843.6333018329711	0.02934940000000097	epochs	3.0
843.6626512329711	0.0291524000000436	epochs	3.0
843.6918036329712	0.057724200000052406	epochs	2.0
843.6918036329712	0.028957999999988715	epochs	3.0
843.7207616329712	0.02876620000006369	epochs	3.0
843.7495278329712	0.05696709999995164	epochs	2.0
843.7495278329712	0.028576999999927466	epochs	3.0
843.7781048329712	0.028390100000024177	epochs	3.0
843.8064949329712	0.05622949999997218	epochs	2.0
843.8064949329712	0.028205699999944045	epochs	3.0
843.8347006329711	0.028023800000028132	epochs	3.0
843.8627244329712	0.05551070000001346	epochs	2.0
843.8627244329712	0.02784400000007281	epochs	3.0
843.8905684329712	0.027666699999940647	epochs	3.0
843.9182351329712	0.054810200000019904	epochs	2.0
843.9182351329712	0.02749149999999645	epochs	3.0
843.9457266329712	0.027318700000023455	epochs	3.0
843.9730453329712	0.05412699999999404	epochs	2.0
843.9730453329712	0.027147799999966082	epochs	3.0
844.0001931329712	0.02697920000002796	epochs	3.0
844.0271723329712	0.053460699999959616	epochs	2.0
844.0271723329712	0.0268125999999711	epochs	3.0
844.0539849329712	0.026648099999988517	epochs	3.0
844.0806330329711	0.05281070000000909	epochs	2.0
844.0806330329711	0.026485600000000886	epochs	3.0
844.1071186329712	0.026325100000008206	epochs	3.0
844.1334437329712	0.05217620000007628	epochs	2.0
844.1334437329712	0.026166400000079193	epochs	3.0
844.1596101329712	0.026009799999997085	epochs	3.0
844.1856199329712	0.051556699999991906	epochs	2.0
844.1856199329712	0.025854799999933675	epochs	3.0
844.2114747329712	0.02570190000005823	epochs	3.0
844.2371766329712	0.05095189999997274	epochs	2.0
844.2371766329712	0.025550699999939752	epochs	3.0
844.2627273329712	0.025401200000032986	epochs	3.0
844.2881285329712	0.05036099999995258	epochs	2.0
844.2881285329712	0.025253499999962514	epochs	3.0
844.3133820329712	0.02510749999999007	epochs	3.0
844.3384895329712	0.049783800000000156	epochs	2.0
844.3384895329712	0.02496320000000196	epochs	3.0
844.3634527329712	0.024820599999998194	epochs	3.0
844.3882733329712	0.049219500000049266	epochs	2.0
844.3882733329712	0.02467940000008184	epochs	3.0
844.4129527329712	0.024540099999967424	epochs	3.0
844.4374928329712	0.048667899999941255	epochs	2.0
844.4374928329712	0.02440209999997478	epochs	3.0
844.4618949329712	0.024265799999966475	epochs	3.0
844.4861607329711	0.04812860000004093	epochs	2.0
844.4861607329711	0.024131000000011227	epochs	3.0
844.5102917329712	0.023997600000029706	epochs	3.0
844.5342893329712	0.047601100000065344	epochs	2.0
844.5342893329712	0.023865799999953197	epochs	3.0
844.5581551329711	0.023735300000112147	epochs	3.0
844.5818904329712	0.04708499999992455	epochs	2.0
844.5818904329712	0.023606299999983094	epochs	3.0
844.6054967329712	0.023478699999941455	epochs	3.0
844.6289754329712	0.04658000000006268	epochs	2.0
844.6289754329712	0.02335249999998723	epochs	3.0
844.6523279329712	0.02322750000007545	epochs	3.0
844.6755554329712	0.04608569999993506	epochs	2.0
844.6755554329712	0.023103999999989355	epochs	3.0
844.6986594329712	0.022981699999945704	epochs	3.0
844.7216411329712	0.045601799999985815	epochs	2.0
844.7216411329712	0.022860700000023826	epochs	3.0
844.7445018329712	0.02274109999996199	epochs	3.0
844.7672429329712	0.04512790000001132	epochs	2.0
844.7672429329712	0.022622500000011314	epochs	3.0
844.7898654329712	0.02250540000000001	epochs	3.0
844.8123708329712	0.044663799999966614	epochs	2.0
844.8123708329712	0.02238929999998618	epochs	3.0
844.8347601329712	0.022274499999980435	epochs	3.0
844.8570346329711	0.04420920000006845	epochs	2.0
844.8570346329711	0.022160800000051495	epochs	3.0
844.8791954329712	0.022048400000016954	epochs	3.0
844.9012438329712	0.043763600000033875	epochs	2.0
844.9012438329712	0.021936900000014248	epochs	3.0
844.9231807329712	0.021826700000019628	epochs	3.0
844.9450074329712	0.04332709999994222	epochs	2.0
844.9450074329712	0.021717599999988124	epochs	3.0
844.9667250329712	0.021609499999954096	epochs	3.0
844.9883345329712	0.04289900000003399	epochs	2.0
844.9883345329712	0.02150249999999687	epochs	3.0
845.0098370329712	0.021396500000037122	epochs	3.0
845.0312335329712	0.042479500000013104	epochs	2.0
845.0312335329712	0.02129170000000613	epochs	3.0
845.0525252329712	0.021187800000006973	epochs	3.0
845.0737130329712	0.042067900000006375	epochs	2.0
845.0737130329712	0.02108490000000529	epochs	3.0
845.0947979329712	0.020983000000001084	epochs	3.0
845.1157809329712	0.04166439999994509	epochs	2.0
845.1157809329712	0.020882199999959994	epochs	3.0
845.1366631329712	0.020782199999985096	epochs	3.0
845.1574453329712	0.04126850000000104	epochs	2.0
845.1574453329712	0.020683299999973315	epochs	3.0
845.1781286329712	0.020585200000027726	epochs	3.0
845.1987138329712	0.04088000000001557	epochs	2.0
845.1987138329712	0.020488099999965925	epochs	3.0
845.2192019329711	0.020391900000049645	epochs	3.0
845.2395938329712	0.04049880000002304	epochs	2.0
845.2395938329712	0.020296599999937825	epochs	3.0
845.2598904329711	0.020202200000085213	epochs	3.0
845.2800926329712	0.04012460000001283	epochs	2.0
845.2800926329712	0.020108699999923374	epochs	3.0
845.3002013329711	0.02001590000008946	epochs	3.0
845.3202172329712	0.039757299999905626	epochs	2.0
845.3202172329712	0.019924199999991288	epochs	3.0
845.3401414329712	0.01983309999991434	epochs	3.0
845.3599745329711	0.03939669999999751	epochs	2.0
845.3599745329711	0.01974300000006224	epochs	3.0
845.3797175329712	0.01965369999993527	epochs	3.0
845.3993712329711	0.039042400000084854	epochs	2.0
845.3993712329711	0.01956510000002254	epochs	3.0
845.4189363329712	0.019477300000062314	epochs	3.0
845.4384136329712	0.03869459999998526	epochs	2.0
845.4384136329712	0.019390400000020236	epochs	3.0
845.4578040329712	0.01930419999996502	epochs	3.0
845.4771082329712	0.03835289999994984	epochs	2.0
845.4771082329712	0.019218799999976	epochs	3.0
845.4963270329712	0.01913409999997384	epochs	3.0
845.5154611329712	0.03801720000001296	epochs	2.0
845.5154611329712	0.019050200000037876	epochs	3.0
845.5345113329712	0.018966999999975087	epochs	3.0
845.5534783329712	0.037687200000050325	epochs	2.0
845.5534783329712	0.01888450000001285	epochs	3.0
845.5723628329712	0.018802700000037476	epochs	3.0
845.5911655329712	0.03736309999999321	epochs	2.0
845.5911655329712	0.018721700000014607	epochs	3.0
845.6098872329712	0.018641399999978603	epochs	3.0
845.6285286329712	0.03704429999993408	epochs	2.0
845.6285286329712	0.01856159999999818	epochs	3.0
845.6470902329712	0.018482699999935903	epochs	3.0
845.6655729329711	0.0367310000000316	epochs	2.0
845.6655729329711	0.018404300000042895	epochs	3.0
845.6839772329712	0.018326699999988705	epochs	3.0
845.7023039329712	0.036422900000047775	epochs	2.0
845.7023039329712	0.018249599999990096	epochs	3.0
845.7205535329712	0.01817330000005768	epochs	3.0
845.7387268329712	0.03612009999994825	epochs	2.0
845.7387268329712	0.01809759999991911	epochs	3.0
845.7568244329711	0.01802250000002914	epochs	3.0
845.7748469329712	0.03582210000001851	epochs	2.0
845.7748469329712	0.017947899999967376	epochs	3.0
845.7927948329711	0.017874200000051133	epochs	3.0
845.8106690329712	0.03552899999999681	epochs	2.0
845.8106690329712	0.017800800000031813	epochs	3.0
845.8284698329712	0.017728199999965	epochs	3.0
845.8461980329712	0.03524070000003121	epochs	2.0
845.8461980329712	0.017656099999953767	epochs	3.0
845.8638541329711	0.017584600000077444	epochs	3.0
845.8814387329712	0.03495709999992869	epochs	2.0
845.8814387329712	0.01751369999999497	epochs	3.0
845.8989524329712	0.017443399999933717	epochs	3.0
845.9163958329711	0.03467790000001969	epochs	2.0
845.9163958329711	0.017373600000041733	epochs	3.0
845.9337694329712	0.017304299999977957	epochs	3.0
845.9510737329712	0.03440330000000813	epochs	2.0
845.9510737329712	0.01723570000001473	epochs	3.0
845.9683094329712	0.0171675999999934	epochs	3.0
845.9854770329712	0.0341328000000658	epochs	2.0
845.9854770329712	0.017099900000062007	epochs	3.0
846.0025769329712	0.017032900000003792	epochs	3.0
846.0196098329712	0.033866699999975935	epochs	2.0
846.0196098329712	0.01696640000000116	epochs	3.0
846.0365762329712	0.016900299999974777	epochs	3.0
846.0534765329712	0.03360459999998966	epochs	2.0
846.0534765329712	0.01683479999996962	epochs	3.0
846.0703113329712	0.01676980000002004	epochs	3.0
846.0870811329712	0.033346599999958926	epochs	2.0
846.0870811329712	0.016705300000012357	epochs	3.0
846.1037864329712	0.01664129999994657	epochs	3.0
846.1204277329712	0.03309250000006614	epochs	2.0
846.1204277329712	0.016577800000050047	epochs	3.0
846.1370055329712	0.01651470000001609	epochs	3.0
846.1535202329712	0.03284229999997024	epochs	2.0
846.1535202329712	0.01645220000000336	epochs	3.0
846.1699724329712	0.01639009999996688	epochs	3.0
846.1863625329712	0.03259570000000167	epochs	2.0
846.1863625329712	0.016328400000020338	epochs	3.0
846.2026909329712	0.016267299999981333	epochs	3.0
846.2189582329712	0.032352899999978035	epochs	2.0
846.2189582329712	0.016206600000032267	epochs	3.0
846.2351648329712	0.016146299999945768	epochs	3.0
846.2513111329712	0.03211369999996805	epochs	2.0
846.2513111329712	0.016086599999994178	epochs	3.0
846.2673977329712	0.01602709999997387	epochs	3.0
846.2834248329711	0.03187800000000607	epochs	2.0
846.2834248329711	0.015968200000088473	epochs	3.0
846.2993930329712	0.015909799999917595	epochs	3.0
846.3153028329712	0.031645700000012766	epochs	2.0
846.3153028329712	0.01585160000001906	epochs	3.0
846.3311544329712	0.015794099999993705	epochs	3.0
846.3469485329712	0.0314167000000225	epochs	2.0
846.3469485329712	0.015736700000047676	epochs	3.0
846.3626852329712	0.015679999999974825	epochs	3.0
846.3783652329712	0.031191100000000915	epochs	2.0
846.3783652329712	0.015623600000026272	epochs	3.0
846.3939888329712	0.015567499999974643	epochs	3.0
846.4095563329712	0.030968700000016725	epochs	2.0
846.4095563329712	0.015511999999944237	epochs	3.0
846.4250683329711	0.015456700000072487	epochs	3.0
846.4405250329712	0.030749499999956242	epochs	2.0
846.4405250329712	0.015401999999994587	epochs	3.0
846.4559270329712	0.015347499999961656	epochs	3.0
846.4712745329712	0.03053320000003623	epochs	2.0
846.4712745329712	0.015293400000018664	epochs	3.0
846.4865679329712	0.015239800000017567	epochs	3.0
846.5018077329712	0.03032010000003993	epochs	2.0
846.5018077329712	0.015186500000027081	epochs	3.0
846.5169942329712	0.015133600000012848	epochs	3.0
846.5321278329712	0.030109899999956724	epochs	2.0
846.5321278329712	0.015080999999895539	epochs	3.0
846.5472088329711	0.015028900000061185	epochs	3.0
846.5622377329712	0.02990250000004835	epochs	2.0
846.5622377329712	0.014977000000044427	epochs	3.0
846.5772147329712	0.014925500000003922	epochs	3.0
846.5921402329712	0.029698099999905025	epochs	2.0
846.5921402329712	0.01487439999993967	epochs	3.0
846.6070146329712	0.014823699999965356	epochs	3.0
846.6218383329712	0.02949630000000525	epochs	2.0
846.6218383329712	0.014773200000036013	epochs	3.0
846.6366115329712	0.014723099999969236	epochs	3.0
846.6513346329712	0.02929740000001857	epochs	2.0
846.6513346329712	0.014673399999992398	epochs	3.0
846.6660080329711	0.014624000000026172	epochs	3.0
846.6806320329712	0.029101100000048064	epochs	2.0
846.6806320329712	0.014574900000070556	epochs	3.0
846.6952069329712	0.014526199999977507	epochs	3.0
846.7097331329712	0.028907399999980044	epochs	2.0
846.7097331329712	0.014477699999929428	epochs	3.0
846.7242108329712	0.014429700000050616	epochs	3.0
846.7386405329712	0.028716199999962555	epochs	2.0
846.7386405329712	0.014381800000023759	epochs	3.0
846.7530223329712	0.014334399999938796	epochs	3.0
846.7673567329712	0.028527600000074926	epochs	2.0
846.7673567329712	0.01428720000001249	epochs	3.0
846.7816439329712	0.014240400000062436	epochs	3.0
846.7958843329712	0.028341399999931127	epochs	2.0
846.7958843329712	0.014193799999929979	epochs	3.0
846.8100781329712	0.014147600000001148	epochs	3.0
846.8242257329712	0.028157700000065233	epochs	2.0
846.8242257329712	0.014101699999969242	epochs	3.0
846.8383274329711	0.014056000000095992	epochs	3.0
846.8523834329712	0.027976299999977527	epochs	2.0
846.8523834329712	0.01401060000000598	epochs	3.0
846.8663940329712	0.013965699999971548	epochs	3.0
846.8803597329712	0.02779720000000907	epochs	2.0
846.8803597329712	0.013920799999937117	epochs	3.0
846.8942805329712	0.013876400000071953	epochs	3.0
846.9081569329712	0.027620399999932488	epochs	2.0
846.9081569329712	0.013832200000024386	epochs	3.0
846.9219891329712	0.013788199999908102	epochs	3.0
846.9357773329712	0.02744590000008884	epochs	2.0
846.9357773329712	0.013744599999995444	epochs	3.0
846.9495219329712	0.013701300000093397	epochs	3.0
846.9632232329712	0.027273499999978412	epochs	2.0
846.9632232329712	0.01365819999989526	epochs	3.0
846.9768814329711	0.013615300000083153	epochs	3.0
846.9904967329712	0.027103399999987232	epochs	2.0
846.9904967329712	0.013572800000019924	epochs	3.0
847.0040695329712	0.013530599999967308	epochs	3.0
847.0176001329712	0.02693520000002536	epochs	2.0
847.0176001329712	0.013488400000028378	epochs	3.0
847.0310885329712	0.013446799999996983	epochs	3.0
847.0445353329712	0.026769199999989723	epochs	2.0
847.0445353329712	0.013405199999965589	epochs	3.0
847.0579405329712	0.013364000000024134	epochs	3.0
847.0713045329712	0.026605199999949036	epochs	2.0
847.0713045329712	0.013322899999934634	epochs	3.0
847.0846274329712	0.013282300000014402	epochs	3.0
847.0979097329712	0.026443200000016986	epochs	2.0
847.0979097329712	0.013241699999980483	epochs	3.0
847.1111514329712	0.013201500000036503	epochs	3.0
847.1243529329712	0.0262831999999662	epochs	2.0
847.1243529329712	0.013161500000023807	epochs	3.0
847.1375144329712	0.013121699999942393	epochs	3.0
847.1506361329712	0.02612499999997908	epochs	2.0
847.1506361329712	0.013082100000019636	epochs	3.0
847.1637182329712	0.013042899999959445	epochs	3.0
847.1767611329711	0.025968900000066242	epochs	2.0
847.1767611329711	0.01300390000005791	epochs	3.0
847.1897650329712	0.012965000000008331	epochs	3.0
847.2027300329712	0.025814500000024054	epochs	2.0
847.2027300329712	0.012926399999969362	epochs	3.0
847.2156564329712	0.012888100000054692	epochs	3.0
847.2285445329712	0.025661899999931848	epochs	2.0
847.2285445329712	0.012849899999991976	epochs	3.0
847.2413944329712	0.012811999999939871	epochs	3.0
847.2542064329712	0.025511199999982637	epochs	2.0
847.2542064329712	0.012774400000012065	epochs	3.0
847.2669808329712	0.012736799999970572	epochs	3.0
847.2797176329711	0.025362300000097093	epochs	2.0
847.2797176329711	0.012699700000098346	epochs	3.0
847.2924173329712	0.012662599999998747	epochs	3.0
847.3050799329712	0.025215000000002874	epochs	2.0
847.3050799329712	0.01262579999990976	epochs	3.0
847.3177057329711	0.012589200000093115	epochs	3.0
847.3302949329712	0.024584799999956886	epochs	2.0
847.3535700329712	0.5	epochs	-1.0
847.3548797329712	0.5448000000000093	epochs	1.0
847.8996797329712	0.45511999999996533	epochs	0.0
848.3629999160767	0.07479999999998199	epochs	0.0
848.3629999160767	0.032403400000021065	epochs	1.0
848.3954033160767	0.009993199999939861	epochs	1.0
848.4053965160766	0.032403400000021065	epochs	1.0
848.4378799160767	2.0	epochs	0.0
850.4378502160766	0.5	epochs	-1.0
850.4378799160767	21.52520000000004	epochs	0.0
850.4378799160767	1.0	epochs	1.0
850.9378502160766	19.99872000000005	epochs	-1.0
851.4378799160767	20.0	epochs	1.0
851.4378799160767	4.356753899999944	epochs	-1.0
851.4378799160767	1.9745871999999736	epochs	2.0
851.4378799160767	1.0985621999999466	epochs	3.0
852.5364421160766	0.8760250000000269	epochs	3.0
853.4124671160766	1.3524075000000266	epochs	2.0
853.4124671160766	0.7286354999999958	epochs	3.0
854.1411026160766	0.6237720000000309	epochs	3.0
854.7648746160767	1.029759199999944	epochs	2.0
854.7648746160767	0.5453293000000485	epochs	3.0
855.3102039160767	0.4844298999998955	epochs	3.0
855.7946338160766	0.8317862000000105	epochs	2.0
855.7946338160766	0.4357763000000432	epochs	3.0
856.2304101160767	0.3960098999999673	epochs	3.0
856.6264200160766	0.6977970000000369	epochs	2.0
856.6264200160766	0.3628982000000178	epochs	3.0
856.9893182160766	0.33489880000001904	epochs	3.0
857.3242170160767	0.601045699999986	epochs	2.0
857.3242170160767	0.3109123000000409	epochs	3.0
857.6351293160767	0.29013339999994514	epochs	3.0
857.9252627160766	0.5278859000000011	epochs	2.0
857.9252627160766	0.2719586000000618	epochs	3.0
858.1972213160767	0.25592729999993935	epochs	3.0
858.4531486160766	0.4706193000000667	epochs	2.0
858.4531486160766	0.241681299999982	epochs	3.0
858.6948299160766	0.22893800000008468	epochs	3.0
858.9237679160767	0.42457039999999324	epochs	2.0
858.9237679160767	0.2174713999999085	epochs	3.0
859.1412393160766	0.20709900000008474	epochs	3.0
859.3483383160767	0.3867353999999068	epochs	2.0
859.3483383160767	0.19767109999997956	epochs	3.0
859.5460094160767	0.18906429999992724	epochs	3.0
859.7350737160766	0.3550953000000163	epochs	2.0
859.7350737160766	0.18117590000008477	epochs	3.0
859.9162496160767	0.17391939999993156	epochs	3.0
860.0901690160766	0.3282431000000088	epochs	2.0
860.0901690160766	0.1672219000000723	epochs	3.0
860.2573909160767	0.16102119999993647	epochs	3.0
860.4184121160766	0.30516799999998057	epochs	2.0
860.4184121160766	0.15526390000002266	epochs	3.0
860.5736760160767	0.1499040999999579	epochs	3.0
860.7235801160766	0.28512530000000424	epochs	2.0
860.7235801160766	0.1449021000000812	epochs	3.0
860.8684822160767	0.14022319999992305	epochs	3.0
861.0087054160766	0.267553800000087	epochs	2.0
861.0087054160766	0.1358369000000721	epochs	3.0
861.1445423160767	0.1317169000000149	epochs	3.0
861.2762592160767	0.252022899999929	epochs	2.0
861.2762592160767	0.1278393000000051	epochs	3.0
861.4040985160767	0.1241835999999239	epochs	3.0
861.5282821160766	0.23819650000007186	epochs	2.0
861.5282821160766	0.12073110000005727	epochs	3.0
861.6490132160767	0.1174654000000146	epochs	3.0
861.7664786160767	0.2258087999999816	epochs	2.0
861.7664786160767	0.1143718999999237	epochs	3.0
861.8808505160766	0.1114369000000579	epochs	3.0
861.9922874160767	0.2146460000000161	epochs	2.0
861.9922874160767	0.10864889999993466	epochs	3.0
862.1009363160766	0.10599710000008145	epochs	3.0
862.2069334160767	0.20453499999996438	epochs	2.0
862.2069334160767	0.10347149999995509	epochs	3.0
862.3104049160767	0.1010635000000093	epochs	3.0
862.4114684160767	0.19533400000000256	epochs	2.0
862.4114684160767	0.09876510000003691	epochs	3.0
862.5102335160767	0.09656889999996565	epochs	3.0
862.6068024160767	0.18692529999998442	epochs	2.0
862.6068024160767	0.09446830000001682	epochs	3.0
862.7012707160767	0.09245699999996759	epochs	3.0
862.7937277160767	0.17921069999999872	epochs	2.0
862.7937277160767	0.09052959999996801	epochs	3.0
862.8842573160766	0.08868110000003071	epochs	3.0
862.9729384160767	0.17210769999996955	epochs	2.0
862.9729384160767	0.08690630000000965	epochs	3.0
863.0598447160767	0.0852013999999599	epochs	3.0
863.1450461160766	0.16554640000003928	epochs	2.0
863.1450461160766	0.08356190000006336	epochs	3.0
863.2286080160767	0.08198449999997592	epochs	3.0
863.3105925160767	0.15946710000002895	epochs	2.0
863.3105925160767	0.08046539999998004	epochs	3.0
863.3910579160766	0.07900170000004891	epochs	3.0
863.4700596160767	0.15381839999997737	epochs	2.0
863.4700596160767	0.07759009999995214	epochs	3.0
863.5476497160766	0.07622830000002523	epochs	3.0
863.6238780160767	0.14855639999996129	epochs	2.0
863.6238780160767	0.07491329999993468	epochs	3.0
863.6987913160766	0.0736431000000266	epochs	3.0
863.7724344160766	0.14364239999997608	epochs	2.0
863.7724344160766	0.07241499999997814	epochs	3.0
863.8448494160766	0.07122739999999794	epochs	3.0
863.9160768160766	0.13904310000009446	epochs	2.0
863.9160768160766	0.07007800000008046	epochs	3.0
863.9861548160767	0.06896510000001399	epochs	3.0
864.0551199160767	0.1347293000000036	epochs	2.0
864.0551199160767	0.0678871000000072	epochs	3.0
864.1230070160767	0.06684219999999641	epochs	3.0
864.1898492160767	0.13067519999992783	epochs	2.0
864.1898492160767	0.06582909999997355	epochs	3.0
864.2556783160767	0.06484609999995428	epochs	3.0
864.3205244160766	0.12685780000003888	epochs	2.0
864.3205244160766	0.06389200000000983	epochs	3.0
864.3844164160766	0.06296580000002905	epochs	3.0
864.4473822160767	0.12325720000001184	epochs	2.0
864.4473822160767	0.06206580000002759	epochs	3.0
864.5094480160767	0.06119139999998424	epochs	3.0
864.5706394160767	0.11985540000000583	epochs	2.0
864.5706394160767	0.060341099999959624	epochs	3.0
864.6309805160766	0.059514300000046205	epochs	3.0
864.6904948160767	0.11663620000001629	epochs	2.0
864.6904948160767	0.058709599999929196	epochs	3.0
864.7492044160766	0.05792660000008709	epochs	3.0
864.8071310160767	0.11358559999996487	epochs	2.0
864.8071310160767	0.05716419999998834	epochs	3.0
864.8642952160767	0.05642139999997653	epochs	3.0
864.9207166160767	0.11069050000003244	epochs	2.0
864.9207166160767	0.05569789999992736	epochs	3.0
864.9764145160766	0.054992600000105085	epochs	3.0
865.0314071160767	0.10793909999995321	epochs	2.0
865.0314071160767	0.05430489999992005	epochs	3.0
865.0857120160766	0.05363420000003316	epochs	3.0
865.1393462160767	0.10532149999994544	epochs	2.0
865.1393462160767	0.05298000000004777	epochs	3.0
865.1923262160767	0.05234149999989768	epochs	3.0
865.2446677160766	0.10282760000006874	epochs	2.0
865.2446677160766	0.05171810000001642	epochs	3.0
865.2963858160766	0.05110950000005232	epochs	3.0
865.3474953160767	0.10044909999999163	epochs	2.0
865.3474953160767	0.05051489999993919	epochs	3.0
865.3980102160766	0.04993420000005244	epochs	3.0
865.4479444160767	0.0981782999999723	epochs	2.0
865.4479444160767	0.04936659999998483	epochs	3.0
865.4973110160767	0.04881169999998747	epochs	3.0
865.5461227160766	0.09600780000005216	epochs	2.0
865.5461227160766	0.04826920000004975	epochs	3.0
865.5943919160767	0.04773860000000241	epochs	3.0
865.6421305160767	0.09393119999992905	epochs	2.0
865.6421305160767	0.04721949999998287	epochs	3.0
865.6893500160767	0.04671169999994618	epochs	3.0
865.7360617160766	0.09194260000003851	epochs	2.0
865.7360617160766	0.046214599999984785	epochs	3.0
865.7822763160766	0.045728000000053726	epochs	3.0
865.8280043160767	0.09003629999995155	epochs	2.0
865.8280043160767	0.045251499999949374	epochs	3.0
865.8732558160766	0.04478480000000218	epochs	3.0
865.9180406160766	0.08820760000003247	epochs	2.0
865.9180406160766	0.044327800000019124	epochs	3.0
865.9623684160766	0.04387980000001335	epochs	3.0
866.0062482160766	0.0864516999999978	epochs	2.0
866.0062482160766	0.04344100000002982	epochs	3.0
866.0496892160767	0.04301069999996798	epochs	3.0
866.0926999160766	0.0847643000000744	epochs	2.0
866.0926999160766	0.04258900000002086	epochs	3.0
866.1352889160767	0.04217530000005354	epochs	3.0
866.1774642160767	0.08314149999989695	epochs	2.0
866.1774642160767	0.041769699999917975	epochs	3.0
866.2192339160766	0.041371799999978975	epochs	3.0
866.2606057160766	0.08157970000002024	epochs	2.0
866.2606057160766	0.04098140000007788	epochs	3.0
866.3015871160767	0.040598299999942355	epochs	3.0
866.3421854160766	0.08007550000002084	epochs	2.0
866.3421854160766	0.04022229999998217	epochs	3.0
866.3824077160766	0.03985320000003867	epochs	3.0
866.4222609160767	0.07862569999997504	epochs	2.0
866.4222609160767	0.0394907999999532	epochs	3.0
866.4617517160766	0.039134900000021844	epochs	3.0
866.5008866160766	0.07722760000001472	epochs	2.0
866.5008866160766	0.038785400000051595	epochs	3.0
866.5396720160767	0.03844219999996312	epochs	3.0
866.5781142160766	0.07587820000003376	epochs	2.0
866.5781142160766	0.038104800000041905	epochs	3.0
866.6162190160767	0.03777339999999185	epochs	3.0
866.6539924160767	0.0745752000000266	epochs	2.0
866.6539924160767	0.03744770000002973	epochs	3.0
866.6914401160767	0.03712749999999687	epochs	3.0
866.7285676160767	0.07331629999998768	epochs	2.0
866.7285676160767	0.036812899999972615	epochs	3.0
866.7653805160767	0.03650340000001506	epochs	3.0
866.8018839160767	0.07209899999998015	epochs	2.0
866.8018839160767	0.03619909999997617	epochs	3.0
866.8380830160767	0.03589990000000398	epochs	3.0
866.8739829160767	0.07092169999998532	epochs	2.0
866.8739829160767	0.03560559999993984	epochs	3.0
866.9095885160766	0.03531610000004548	epochs	3.0
866.9449046160767	0.06978200000003199	epochs	2.0
866.9449046160767	0.03503120000004856	epochs	3.0
866.9799358160767	0.03475079999998343	epochs	3.0
867.0146866160767	0.06867859999999837	epochs	2.0
867.0146866160767	0.03447510000000875	epochs	3.0
867.0491617160767	0.03420349999998962	epochs	3.0
867.0833652160767	0.06760929999995824	epochs	2.0
867.0833652160767	0.033936199999970995	epochs	3.0
867.1173014160767	0.033673099999987244	epochs	3.0
867.1509745160766	0.06657289999998284	epochs	2.0
867.1509745160766	0.03341399999999339	epochs	3.0
867.1843885160766	0.033158899999989444	epochs	3.0
867.2175474160766	0.06556780000005347	epochs	2.0
867.2175474160766	0.032907700000009754	epochs	3.0
867.2504551160766	0.03266010000004371	epochs	3.0
867.2831152160767	0.06459259999996902	epochs	2.0
867.2831152160767	0.032416399999988244	epochs	3.0
867.3155316160767	0.03217619999998078	epochs	3.0
867.3477078160766	0.06364600000006249	epochs	2.0
867.3477078160766	0.03193959999998697	epochs	3.0
867.3796474160766	0.03170640000007552	epochs	3.0
867.4113538160767	0.0627266999999847	epochs	2.0
867.4113538160767	0.031476599999905375	epochs	3.0
867.4428304160766	0.03125010000007933	epochs	3.0
867.4740805160767	0.06183359999999993	epochs	2.0
867.4740805160767	0.03102689999991526	epochs	3.0
867.5051074160766	0.030806700000084675	epochs	3.0
867.5359141160767	0.060965599999917686	epochs	2.0
867.5359141160767	0.030589799999916067	epochs	3.0
867.5665039160766	0.030375800000001618	epochs	3.0
867.5968797160766	0.06012160000000222	epochs	2.0
867.5968797160766	0.030164900000045236	epochs	3.0
867.6270446160767	0.02995669999995698	epochs	3.0
867.6570013160766	0.05930069999999432	epochs	2.0
867.6570013160766	0.029751600000054168	epochs	3.0
867.6867529160767	0.029549099999940154	epochs	3.0
867.7163020160766	0.05850180000004457	epochs	2.0
867.7163020160766	0.02934940000000097	epochs	3.0
867.7456514160766	0.0291524000000436	epochs	3.0
867.7748038160767	0.057724200000052406	epochs	2.0
867.7748038160767	0.028957999999988715	epochs	3.0
867.8037618160766	0.02876620000006369	epochs	3.0
867.8325280160767	0.05696709999995164	epochs	2.0
867.8325280160767	0.028576999999927466	epochs	3.0
867.8611050160766	0.028390100000024177	epochs	3.0
867.8894951160767	0.05622949999997218	epochs	2.0
867.8894951160767	0.028205699999944045	epochs	3.0
867.9177008160766	0.028023800000028132	epochs	3.0
867.9457246160766	0.05551070000001346	epochs	2.0
867.9457246160766	0.02784400000007281	epochs	3.0
867.9735686160767	0.027666699999940647	epochs	3.0
868.0012353160766	0.054810200000019904	epochs	2.0
868.0012353160766	0.02749149999999645	epochs	3.0
868.0287268160766	0.027318700000023455	epochs	3.0
868.0560455160767	0.05412699999999404	epochs	2.0
868.0560455160767	0.027147799999966082	epochs	3.0
868.0831933160766	0.02697920000002796	epochs	3.0
868.1101725160767	0.053460699999959616	epochs	2.0
868.1101725160767	0.0268125999999711	epochs	3.0
868.1369851160766	0.026648099999988517	epochs	3.0
868.1636332160766	0.05281070000000909	epochs	2.0
868.1636332160766	0.026485600000000886	epochs	3.0
868.1901188160766	0.026325100000008206	epochs	3.0
868.2164439160766	0.05217620000007628	epochs	2.0
868.2164439160766	0.026166400000079193	epochs	3.0
868.2426103160767	0.026009799999997085	epochs	3.0
868.2686201160767	0.051556699999991906	epochs	2.0
868.2686201160767	0.025854799999933675	epochs	3.0
868.2944749160766	0.02570190000005823	epochs	3.0
868.3201768160767	0.05095189999997274	epochs	2.0
868.3201768160767	0.025550699999939752	epochs	3.0
868.3457275160766	0.025401200000032986	epochs	3.0
868.3711287160767	0.05036099999995258	epochs	2.0
868.3711287160767	0.025253499999962514	epochs	3.0
868.3963822160766	0.02510749999999007	epochs	3.0
868.4214897160766	0.049783800000000156	epochs	2.0
868.4214897160766	0.02496320000000196	epochs	3.0
868.4464529160766	0.024820599999998194	epochs	3.0
868.4712735160766	0.049219500000049266	epochs	2.0
868.4712735160766	0.02467940000008184	epochs	3.0
868.4959529160767	0.024540099999967424	epochs	3.0
868.5204930160767	0.048667899999941255	epochs	2.0
868.5204930160767	0.02440209999997478	epochs	3.0
868.5448951160766	0.024265799999966475	epochs	3.0
868.5691609160766	0.04812860000004093	epochs	2.0
868.5691609160766	0.024131000000011227	epochs	3.0
868.5932919160766	0.023997600000029706	epochs	3.0
868.6172895160767	0.047601100000065344	epochs	2.0
868.6172895160767	0.023865799999953197	epochs	3.0
868.6411553160766	0.023735300000112147	epochs	3.0
868.6648906160767	0.04708499999992455	epochs	2.0
868.6648906160767	0.023606299999983094	epochs	3.0
868.6884969160767	0.023478699999941455	epochs	3.0
868.7119756160766	0.04658000000006268	epochs	2.0
868.7119756160766	0.02335249999998723	epochs	3.0
868.7353281160766	0.02322750000007545	epochs	3.0
868.7585556160767	0.04608569999993506	epochs	2.0
868.7585556160767	0.023103999999989355	epochs	3.0
868.7816596160767	0.022981699999945704	epochs	3.0
868.8046413160766	0.045601799999985815	epochs	2.0
868.8046413160766	0.022860700000023826	epochs	3.0
868.8275020160767	0.02274109999996199	epochs	3.0
868.8502431160766	0.04512790000001132	epochs	2.0
868.8502431160766	0.022622500000011314	epochs	3.0
868.8728656160766	0.02250540000000001	epochs	3.0
868.8953710160766	0.044663799999966614	epochs	2.0
868.8953710160766	0.02238929999998618	epochs	3.0
868.9177603160766	0.022274499999980435	epochs	3.0
868.9400348160766	0.04420920000006845	epochs	2.0
868.9400348160766	0.022160800000051495	epochs	3.0
868.9621956160767	0.022048400000016954	epochs	3.0
868.9842440160767	0.043763600000033875	epochs	2.0
868.9842440160767	0.021936900000014248	epochs	3.0
869.0061809160767	0.021826700000019628	epochs	3.0
869.0280076160767	0.04332709999994222	epochs	2.0
869.0280076160767	0.021717599999988124	epochs	3.0
869.0497252160767	0.021609499999954096	epochs	3.0
869.0713347160766	0.04289900000003399	epochs	2.0
869.0713347160766	0.02150249999999687	epochs	3.0
869.0928372160766	0.021396500000037122	epochs	3.0
869.1142337160767	0.042479500000013104	epochs	2.0
869.1142337160767	0.02129170000000613	epochs	3.0
869.1355254160767	0.021187800000006973	epochs	3.0
869.1567132160767	0.042067900000006375	epochs	2.0
869.1567132160767	0.02108490000000529	epochs	3.0
869.1777981160767	0.020983000000001084	epochs	3.0
869.1987811160767	0.04166439999994509	epochs	2.0
869.1987811160767	0.020882199999959994	epochs	3.0
869.2196633160767	0.020782199999985096	epochs	3.0
869.2404455160766	0.04126850000000104	epochs	2.0
869.2404455160766	0.020683299999973315	epochs	3.0
869.2611288160766	0.020585200000027726	epochs	3.0
869.2817140160766	0.04088000000001557	epochs	2.0
869.2817140160766	0.020488099999965925	epochs	3.0
869.3022021160766	0.020391900000049645	epochs	3.0
869.3225940160767	0.04049880000002304	epochs	2.0
869.3225940160767	0.020296599999937825	epochs	3.0
869.3428906160766	0.020202200000085213	epochs	3.0
869.3630928160767	0.04012460000001283	epochs	2.0
869.3630928160767	0.020108699999923374	epochs	3.0
869.3832015160766	0.02001590000008946	epochs	3.0
869.4032174160767	0.039757299999905626	epochs	2.0
869.4032174160767	0.019924199999991288	epochs	3.0
869.4231416160767	0.01983309999991434	epochs	3.0
869.4429747160766	0.03939669999999751	epochs	2.0
869.4429747160766	0.01974300000006224	epochs	3.0
869.4627177160767	0.01965369999993527	epochs	3.0
869.4823714160766	0.039042400000084854	epochs	2.0
869.4823714160766	0.01956510000002254	epochs	3.0
869.5019365160766	0.019477300000062314	epochs	3.0
869.5214138160767	0.03869459999998526	epochs	2.0
869.5214138160767	0.019390400000020236	epochs	3.0
869.5408042160767	0.01930419999996502	epochs	3.0
869.5601084160767	0.03835289999994984	epochs	2.0
869.5601084160767	0.019218799999976	epochs	3.0
869.5793272160766	0.01913409999997384	epochs	3.0
869.5984613160766	0.03801720000001296	epochs	2.0
869.5984613160766	0.019050200000037876	epochs	3.0
869.6175115160767	0.018966999999975087	epochs	3.0
869.6364785160766	0.037687200000050325	epochs	2.0
869.6364785160766	0.01888450000001285	epochs	3.0
869.6553630160766	0.018802700000037476	epochs	3.0
869.6741657160767	0.03736309999999321	epochs	2.0
869.6741657160767	0.018721700000014607	epochs	3.0
869.6928874160767	0.018641399999978603	epochs	3.0
869.7115288160767	0.03704429999993408	epochs	2.0
869.7115288160767	0.01856159999999818	epochs	3.0
869.7300904160767	0.018482699999935903	epochs	3.0
869.7485731160766	0.0367310000000316	epochs	2.0
869.7485731160766	0.018404300000042895	epochs	3.0
869.7669774160767	0.018326699999988705	epochs	3.0
869.7853041160766	0.036422900000047775	epochs	2.0
869.7853041160766	0.018249599999990096	epochs	3.0
869.8035537160766	0.01817330000005768	epochs	3.0
869.8217270160767	0.03612009999994825	epochs	2.0
869.8217270160767	0.01809759999991911	epochs	3.0
869.8398246160766	0.01802250000002914	epochs	3.0
869.8578471160766	0.03582210000001851	epochs	2.0
869.8578471160766	0.017947899999967376	epochs	3.0
869.8757950160766	0.017874200000051133	epochs	3.0
869.8936692160767	0.03552899999999681	epochs	2.0
869.8936692160767	0.017800800000031813	epochs	3.0
869.9114700160767	0.017728199999965	epochs	3.0
869.9291982160767	0.03524070000003121	epochs	2.0
869.9291982160767	0.017656099999953767	epochs	3.0
869.9468543160766	0.017584600000077444	epochs	3.0
869.9644389160767	0.03495709999992869	epochs	2.0
869.9644389160767	0.01751369999999497	epochs	3.0
869.9819526160767	0.017443399999933717	epochs	3.0
869.9993960160766	0.03467790000001969	epochs	2.0
869.9993960160766	0.017373600000041733	epochs	3.0
870.0167696160767	0.017304299999977957	epochs	3.0
870.0340739160766	0.03440330000000813	epochs	2.0
870.0340739160766	0.01723570000001473	epochs	3.0
870.0513096160767	0.0171675999999934	epochs	3.0
870.0684772160766	0.0341328000000658	epochs	2.0
870.0684772160766	0.017099900000062007	epochs	3.0
870.0855771160767	0.017032900000003792	epochs	3.0
870.1026100160767	0.033866699999975935	epochs	2.0
870.1026100160767	0.01696640000000116	epochs	3.0
870.1195764160767	0.016900299999974777	epochs	3.0
870.1364767160767	0.03360459999998966	epochs	2.0
870.1364767160767	0.01683479999996962	epochs	3.0
870.1533115160767	0.01676980000002004	epochs	3.0
870.1700813160767	0.033346599999958926	epochs	2.0
870.1700813160767	0.016705300000012357	epochs	3.0
870.1867866160767	0.01664129999994657	epochs	3.0
870.2034279160766	0.03309250000006614	epochs	2.0
870.2034279160766	0.016577800000050047	epochs	3.0
870.2200057160767	0.01651470000001609	epochs	3.0
870.2365204160767	0.03284229999997024	epochs	2.0
870.2365204160767	0.01645220000000336	epochs	3.0
870.2529726160767	0.01639009999996688	epochs	3.0
870.2693627160767	0.03259570000000167	epochs	2.0
870.2693627160767	0.016328400000020338	epochs	3.0
870.2856911160767	0.016267299999981333	epochs	3.0
870.3019584160767	0.032352899999978035	epochs	2.0
870.3019584160767	0.016206600000032267	epochs	3.0
870.3181650160767	0.016146299999945768	epochs	3.0
870.3343113160767	0.03211369999996805	epochs	2.0
870.3343113160767	0.016086599999994178	epochs	3.0
870.3503979160766	0.01602709999997387	epochs	3.0
870.3664250160766	0.03187800000000607	epochs	2.0
870.3664250160766	0.015968200000088473	epochs	3.0
870.3823932160767	0.015909799999917595	epochs	3.0
870.3983030160766	0.031645700000012766	epochs	2.0
870.3983030160766	0.01585160000001906	epochs	3.0
870.4141546160766	0.015794099999993705	epochs	3.0
870.4299487160766	0.0314167000000225	epochs	2.0
870.4299487160766	0.015736700000047676	epochs	3.0
870.4456854160767	0.015679999999974825	epochs	3.0
870.4613654160767	0.031191100000000915	epochs	2.0
870.4613654160767	0.015623600000026272	epochs	3.0
870.4769890160767	0.015567499999974643	epochs	3.0
870.4925565160767	0.030968700000016725	epochs	2.0
870.4925565160767	0.015511999999944237	epochs	3.0
870.5080685160766	0.015456700000072487	epochs	3.0
870.5235252160767	0.030749499999956242	epochs	2.0
870.5235252160767	0.015401999999994587	epochs	3.0
870.5389272160767	0.015347499999961656	epochs	3.0
870.5542747160766	0.03053320000003623	epochs	2.0
870.5542747160766	0.015293400000018664	epochs	3.0
870.5695681160767	0.015239800000017567	epochs	3.0
870.5848079160767	0.03032010000003993	epochs	2.0
870.5848079160767	0.015186500000027081	epochs	3.0
870.5999944160767	0.015133600000012848	epochs	3.0
870.6151280160767	0.030109899999956724	epochs	2.0
870.6151280160767	0.015080999999895539	epochs	3.0
870.6302090160766	0.015028900000061185	epochs	3.0
870.6452379160767	0.02990250000004835	epochs	2.0
870.6452379160767	0.014977000000044427	epochs	3.0
870.6602149160767	0.014925500000003922	epochs	3.0
870.6751404160767	0.029698099999905025	epochs	2.0
870.6751404160767	0.01487439999993967	epochs	3.0
870.6900148160767	0.014823699999965356	epochs	3.0
870.7048385160766	0.02949630000000525	epochs	2.0
870.7048385160766	0.014773200000036013	epochs	3.0
870.7196117160767	0.014723099999969236	epochs	3.0
870.7343348160766	0.02929740000001857	epochs	2.0
870.7343348160766	0.014673399999992398	epochs	3.0
870.7490082160766	0.014624000000026172	epochs	3.0
870.7636322160766	0.029101100000048064	epochs	2.0
870.7636322160766	0.014574900000070556	epochs	3.0
870.7782071160767	0.014526199999977507	epochs	3.0
870.7927333160767	0.028907399999980044	epochs	2.0
870.7927333160767	0.014477699999929428	epochs	3.0
870.8072110160766	0.014429700000050616	epochs	3.0
870.8216407160767	0.028716199999962555	epochs	2.0
870.8216407160767	0.014381800000023759	epochs	3.0
870.8360225160767	0.014334399999938796	epochs	3.0
870.8503569160766	0.028527600000074926	epochs	2.0
870.8503569160766	0.01428720000001249	epochs	3.0
870.8646441160766	0.014240400000062436	epochs	3.0
870.8788845160767	0.028341399999931127	epochs	2.0
870.8788845160767	0.014193799999929979	epochs	3.0
870.8930783160766	0.014147600000001148	epochs	3.0
870.9072259160766	0.028157700000065233	epochs	2.0
870.9072259160766	0.014101699999969242	epochs	3.0
870.9213276160766	0.014056000000095992	epochs	3.0
870.9353836160767	0.027976299999977527	epochs	2.0
870.9353836160767	0.01401060000000598	epochs	3.0
870.9493942160767	0.013965699999971548	epochs	3.0
870.9633599160767	0.02779720000000907	epochs	2.0
870.9633599160767	0.013920799999937117	epochs	3.0
870.9772807160766	0.013876400000071953	epochs	3.0
870.9911571160767	0.027620399999932488	epochs	2.0
870.9911571160767	0.013832200000024386	epochs	3.0
871.0049893160767	0.013788199999908102	epochs	3.0
871.0187775160766	0.02744590000008884	epochs	2.0
871.0187775160766	0.013744599999995444	epochs	3.0
871.0325221160766	0.013701300000093397	epochs	3.0
871.0462234160767	0.027273499999978412	epochs	2.0
871.0462234160767	0.01365819999989526	epochs	3.0
871.0598816160766	0.013615300000083153	epochs	3.0
871.0734969160767	0.027103399999987232	epochs	2.0
871.0734969160767	0.013572800000019924	epochs	3.0
871.0870697160767	0.013530599999967308	epochs	3.0
871.1006003160767	0.02693520000002536	epochs	2.0
871.1006003160767	0.013488400000028378	epochs	3.0
871.1140887160767	0.013446799999996983	epochs	3.0
871.1275355160767	0.026769199999989723	epochs	2.0
871.1275355160767	0.013405199999965589	epochs	3.0
871.1409407160767	0.013364000000024134	epochs	3.0
871.1543047160767	0.026605199999949036	epochs	2.0
871.1543047160767	0.013322899999934634	epochs	3.0
871.1676276160766	0.013282300000014402	epochs	3.0
871.1809099160766	0.026443200000016986	epochs	2.0
871.1809099160766	0.013241699999980483	epochs	3.0
871.1941516160766	0.013201500000036503	epochs	3.0
871.2073531160767	0.0262831999999662	epochs	2.0
871.2073531160767	0.013161500000023807	epochs	3.0
871.2205146160767	0.013121699999942393	epochs	3.0
871.2336363160766	0.02612499999997908	epochs	2.0
871.2336363160766	0.013082100000019636	epochs	3.0
871.2467184160766	0.013042899999959445	epochs	3.0
871.2597613160766	0.025968900000066242	epochs	2.0
871.2597613160766	0.01300390000005791	epochs	3.0
871.2727652160767	0.012965000000008331	epochs	3.0
871.2857302160767	0.025814500000024054	epochs	2.0
871.2857302160767	0.012926399999969362	epochs	3.0
871.2986566160766	0.012888100000054692	epochs	3.0
871.3115447160767	0.025661899999931848	epochs	2.0
871.3115447160767	0.012849899999991976	epochs	3.0
871.3243946160767	0.012811999999939871	epochs	3.0
871.3372066160766	0.025511199999982637	epochs	2.0
871.3372066160766	0.012774400000012065	epochs	3.0
871.3499810160766	0.012736799999970572	epochs	3.0
871.3627178160766	0.025362300000097093	epochs	2.0
871.3627178160766	0.012699700000098346	epochs	3.0
871.3754175160767	0.012662599999998747	epochs	3.0
871.3880801160767	0.025215000000002874	epochs	2.0
871.3880801160767	0.01262579999990976	epochs	3.0
871.4007059160766	0.012589200000093115	epochs	3.0
871.4132951160767	0.024584799999956886	epochs	2.0
871.4365702160767	0.5	epochs	-1.0
871.4378799160767	0.5252000000000407	epochs	1.0
871.9630799160767	0.47471999999993386	epochs	0.0
872.4299998283386	0.07479999999998199	epochs	0.0
872.4299998283386	0.032403400000021065	epochs	1.0
872.4624032283386	0.009993199999939861	epochs	1.0
872.4723964283386	0.032403400000021065	epochs	1.0
872.5048798283386	2.0	epochs	0.0
874.5048501283386	0.5	epochs	-1.0
874.5048798283386	0.52503999999999	epochs	0.0
874.5048798283386	0.52503999999999	epochs	1.0
875.0048501283386	0.025069700000017292	epochs	-1.0
875.0299198283386	21.474879999999985	epochs	0.0
876.3010001182556	0.07479999999998199	epochs	0.0
876.3010001182556	0.032403400000021065	epochs	1.0
876.3334035182556	0.009993199999939861	epochs	1.0
876.3433967182556	0.032403400000021065	epochs	1.0
876.3758801182556	2.0	epochs	0.0
878.3758504182556	0.5	epochs	-1.0
878.3758801182556	0.5248000000000275	epochs	0.0
878.3758801182556	0.5248000000000275	epochs	1.0
878.8758504182556	0.0248297000000548	epochs	-1.0
878.9006801182557	21.475119999999947	epochs	0.0
880.0720000267029	0.07479999999998199	epochs	0.0
880.0720000267029	0.032403400000021065	epochs	1.0
880.1044034267029	0.009993199999939861	epochs	1.0
880.1143966267028	0.032403400000021065	epochs	1.0
880.1468800267029	2.0	epochs	0.0
882.1468503267029	0.5	epochs	-1.0
882.1468800267029	0.5245599999999513	epochs	0.0
882.1468800267029	0.5245599999999513	epochs	1.0
882.6468503267029	0.02458969999997862	epochs	-1.0
882.6714400267028	21.475360000000023	epochs	0.0
884.079999923706	0.07479999999998199	epochs	0.0
884.079999923706	0.032403400000021065	epochs	1.0
884.1124033237061	0.009993199999939861	epochs	1.0
884.122396523706	0.032403400000021065	epochs	1.0
884.1548799237061	2.0	epochs	0.0
886.154850223706	0.5	epochs	-1.0
886.1548799237061	0.5445600000000468	epochs	0.0
886.1548799237061	0.5445600000000468	epochs	1.0
886.654850223706	0.04458970000007412	epochs	-1.0
886.6994399237061	21.455359999999928	epochs	0.0
887.9889998435974	0.07479999999998199	epochs	0.0
887.9889998435974	0.032403400000021065	epochs	1.0
888.0214032435974	0.009993199999939861	epochs	1.0
888.0313964435974	0.032403400000021065	epochs	1.0
888.0638798435974	2.0	epochs	0.0
890.0638501435974	0.5	epochs	-1.0
890.0638798435974	0.5252000000000407	epochs	0.0
890.0638798435974	0.5252000000000407	epochs	1.0
890.5638501435974	0.025229700000068078	epochs	-1.0
890.5890798435975	21.474719999999934	epochs	0.0
891.7430000305176	0.07479999999998199	epochs	0.0
891.7430000305176	0.032403400000021065	epochs	1.0
891.7754034305176	0.009993199999939861	epochs	1.0
891.7853966305175	0.032403400000021065	epochs	1.0
891.8178800305176	2.0	epochs	0.0
893.8178503305176	0.5	epochs	-1.0
893.8178800305176	5.364959999999996	epochs	0.0
893.8178800305176	1.0	epochs	1.0
894.3178503305176	4.864989700000024	epochs	-1.0
894.8178800305176	4.364959999999996	epochs	1.0
894.8178800305176	4.356753899999944	epochs	-1.0
894.8178800305176	1.9745871999999736	epochs	2.0
894.8178800305176	1.0985621999999466	epochs	3.0
895.9164422305175	0.8760250000000269	epochs	3.0
896.7924672305176	1.3524075000000266	epochs	2.0
896.7924672305176	0.7286354999999958	epochs	3.0
897.5211027305176	0.6237720000000309	epochs	3.0
898.1448747305176	1.029759199999944	epochs	2.0
898.1448747305176	0.5453293000000485	epochs	3.0
898.6902040305176	0.4844298999998955	epochs	3.0
899.1746339305175	0.008206100000052174	epochs	2.0
899.1746339305175	0.008206100000052174	epochs	3.0
899.1828400305176	16.634959999999978	epochs	0.0
899.5520000457764	0.07479999999998199	epochs	0.0
899.5520000457764	0.032403400000021065	epochs	1.0
899.5844034457764	0.009993199999939861	epochs	1.0
899.5943966457763	0.032403400000021065	epochs	1.0
899.6268800457764	2.0	epochs	0.0
901.6268503457763	0.5	epochs	-1.0
901.6268800457764	21.999919999999975	epochs	0.0
901.6268800457764	1.0	epochs	1.0
902.1268503457763	19.998559999999998	epochs	-1.0
902.6268800457764	20.0	epochs	1.0
902.6268800457764	4.356753899999944	epochs	-1.0
902.6268800457764	1.9745871999999736	epochs	2.0
902.6268800457764	1.0985621999999466	epochs	3.0
903.7254422457763	0.8760250000000269	epochs	3.0
904.6014672457763	1.3524075000000266	epochs	2.0
904.6014672457763	0.7286354999999958	epochs	3.0
905.3301027457763	0.6237720000000309	epochs	3.0
905.9538747457764	1.029759199999944	epochs	2.0
905.9538747457764	0.5453293000000485	epochs	3.0
906.4992040457764	0.4844298999998955	epochs	3.0
906.9836339457763	0.8317862000000105	epochs	2.0
906.9836339457763	0.4357763000000432	epochs	3.0
907.4194102457764	0.3960098999999673	epochs	3.0
907.8154201457763	0.6977970000000369	epochs	2.0
907.8154201457763	0.3628982000000178	epochs	3.0
908.1783183457763	0.33489880000001904	epochs	3.0
908.5132171457764	0.601045699999986	epochs	2.0
908.5132171457764	0.3109123000000409	epochs	3.0
908.8241294457764	0.29013339999994514	epochs	3.0
909.1142628457764	0.5278859000000011	epochs	2.0
909.1142628457764	0.2719586000000618	epochs	3.0
909.3862214457764	0.25592729999993935	epochs	3.0
909.6421487457764	0.4706193000000667	epochs	2.0
909.6421487457764	0.241681299999982	epochs	3.0
909.8838300457763	0.22893800000008468	epochs	3.0
910.1127680457764	0.42457039999999324	epochs	2.0
910.1127680457764	0.2174713999999085	epochs	3.0
910.3302394457763	0.20709900000008474	epochs	3.0
910.5373384457764	0.3867353999999068	epochs	2.0
910.5373384457764	0.19767109999997956	epochs	3.0
910.7350095457764	0.18906429999992724	epochs	3.0
910.9240738457763	0.3550953000000163	epochs	2.0
910.9240738457763	0.18117590000008477	epochs	3.0
911.1052497457764	0.17391939999993156	epochs	3.0
911.2791691457763	0.3282431000000088	epochs	2.0
911.2791691457763	0.1672219000000723	epochs	3.0
911.4463910457764	0.16102119999993647	epochs	3.0
911.6074122457763	0.30516799999998057	epochs	2.0
911.6074122457763	0.15526390000002266	epochs	3.0
911.7626761457764	0.1499040999999579	epochs	3.0
911.9125802457763	0.28512530000000424	epochs	2.0
911.9125802457763	0.1449021000000812	epochs	3.0
912.0574823457764	0.14022319999992305	epochs	3.0
912.1977055457763	0.267553800000087	epochs	2.0
912.1977055457763	0.1358369000000721	epochs	3.0
912.3335424457764	0.1317169000000149	epochs	3.0
912.4652593457764	0.252022899999929	epochs	2.0
912.4652593457764	0.1278393000000051	epochs	3.0
912.5930986457764	0.1241835999999239	epochs	3.0
912.7172822457763	0.23819650000007186	epochs	2.0
912.7172822457763	0.12073110000005727	epochs	3.0
912.8380133457764	0.1174654000000146	epochs	3.0
912.9554787457764	0.2258087999999816	epochs	2.0
912.9554787457764	0.1143718999999237	epochs	3.0
913.0698506457763	0.1114369000000579	epochs	3.0
913.1812875457764	0.2146460000000161	epochs	2.0
913.1812875457764	0.10864889999993466	epochs	3.0
913.2899364457763	0.10599710000008145	epochs	3.0
913.3959335457764	0.20453499999996438	epochs	2.0
913.3959335457764	0.10347149999995509	epochs	3.0
913.4994050457764	0.1010635000000093	epochs	3.0
913.6004685457764	0.19533400000000256	epochs	2.0
913.6004685457764	0.09876510000003691	epochs	3.0
913.6992336457764	0.09656889999996565	epochs	3.0
913.7958025457764	0.18692529999998442	epochs	2.0
913.7958025457764	0.09446830000001682	epochs	3.0
913.8902708457764	0.09245699999996759	epochs	3.0
913.9827278457764	0.17921069999999872	epochs	2.0
913.9827278457764	0.09052959999996801	epochs	3.0
914.0732574457763	0.08868110000003071	epochs	3.0
914.1619385457764	0.17210769999996955	epochs	2.0
914.1619385457764	0.08690630000000965	epochs	3.0
914.2488448457764	0.0852013999999599	epochs	3.0
914.3340462457763	0.16554640000003928	epochs	2.0
914.3340462457763	0.08356190000006336	epochs	3.0
914.4176081457764	0.08198449999997592	epochs	3.0
914.4995926457764	0.15946710000002895	epochs	2.0
914.4995926457764	0.08046539999998004	epochs	3.0
914.5800580457764	0.07900170000004891	epochs	3.0
914.6590597457764	0.15381839999997737	epochs	2.0
914.6590597457764	0.07759009999995214	epochs	3.0
914.7366498457764	0.07622830000002523	epochs	3.0
914.8128781457764	0.14855639999996129	epochs	2.0
914.8128781457764	0.07491329999993468	epochs	3.0
914.8877914457763	0.0736431000000266	epochs	3.0
914.9614345457763	0.14364239999997608	epochs	2.0
914.9614345457763	0.07241499999997814	epochs	3.0
915.0338495457763	0.07122739999999794	epochs	3.0
915.1050769457763	0.13904310000009446	epochs	2.0
915.1050769457763	0.07007800000008046	epochs	3.0
915.1751549457764	0.06896510000001399	epochs	3.0
915.2441200457764	0.1347293000000036	epochs	2.0
915.2441200457764	0.0678871000000072	epochs	3.0
915.3120071457764	0.06684219999999641	epochs	3.0
915.3788493457764	0.13067519999992783	epochs	2.0
915.3788493457764	0.06582909999997355	epochs	3.0
915.4446784457764	0.06484609999995428	epochs	3.0
915.5095245457763	0.12685780000003888	epochs	2.0
915.5095245457763	0.06389200000000983	epochs	3.0
915.5734165457764	0.06296580000002905	epochs	3.0
915.6363823457764	0.12325720000001184	epochs	2.0
915.6363823457764	0.06206580000002759	epochs	3.0
915.6984481457764	0.06119139999998424	epochs	3.0
915.7596395457764	0.11985540000000583	epochs	2.0
915.7596395457764	0.060341099999959624	epochs	3.0
915.8199806457764	0.059514300000046205	epochs	3.0
915.8794949457764	0.11663620000001629	epochs	2.0
915.8794949457764	0.058709599999929196	epochs	3.0
915.9382045457763	0.05792660000008709	epochs	3.0
915.9961311457764	0.11358559999996487	epochs	2.0
915.9961311457764	0.05716419999998834	epochs	3.0
916.0532953457764	0.05642139999997653	epochs	3.0
916.1097167457764	0.11069050000003244	epochs	2.0
916.1097167457764	0.05569789999992736	epochs	3.0
916.1654146457763	0.054992600000105085	epochs	3.0
916.2204072457764	0.10793909999995321	epochs	2.0
916.2204072457764	0.05430489999992005	epochs	3.0
916.2747121457763	0.05363420000003316	epochs	3.0
916.3283463457764	0.10532149999994544	epochs	2.0
916.3283463457764	0.05298000000004777	epochs	3.0
916.3813263457764	0.05234149999989768	epochs	3.0
916.4336678457763	0.10282760000006874	epochs	2.0
916.4336678457763	0.05171810000001642	epochs	3.0
916.4853859457763	0.05110950000005232	epochs	3.0
916.5364954457764	0.10044909999999163	epochs	2.0
916.5364954457764	0.05051489999993919	epochs	3.0
916.5870103457763	0.04993420000005244	epochs	3.0
916.6369445457764	0.0981782999999723	epochs	2.0
916.6369445457764	0.04936659999998483	epochs	3.0
916.6863111457764	0.04881169999998747	epochs	3.0
916.7351228457763	0.09600780000005216	epochs	2.0
916.7351228457763	0.04826920000004975	epochs	3.0
916.7833920457764	0.04773860000000241	epochs	3.0
916.8311306457764	0.09393119999992905	epochs	2.0
916.8311306457764	0.04721949999998287	epochs	3.0
916.8783501457764	0.04671169999994618	epochs	3.0
916.9250618457763	0.09194260000003851	epochs	2.0
916.9250618457763	0.046214599999984785	epochs	3.0
916.9712764457763	0.045728000000053726	epochs	3.0
917.0170044457764	0.09003629999995155	epochs	2.0
917.0170044457764	0.045251499999949374	epochs	3.0
917.0622559457763	0.04478480000000218	epochs	3.0
917.1070407457763	0.08820760000003247	epochs	2.0
917.1070407457763	0.044327800000019124	epochs	3.0
917.1513685457763	0.04387980000001335	epochs	3.0
917.1952483457763	0.0864516999999978	epochs	2.0
917.1952483457763	0.04344100000002982	epochs	3.0
917.2386893457764	0.04301069999996798	epochs	3.0
917.2817000457763	0.0847643000000744	epochs	2.0
917.2817000457763	0.04258900000002086	epochs	3.0
917.3242890457764	0.04217530000005354	epochs	3.0
917.3664643457764	0.08314149999989695	epochs	2.0
917.3664643457764	0.041769699999917975	epochs	3.0
917.4082340457763	0.041371799999978975	epochs	3.0
917.4496058457763	0.08157970000002024	epochs	2.0
917.4496058457763	0.04098140000007788	epochs	3.0
917.4905872457764	0.040598299999942355	epochs	3.0
917.5311855457763	0.08007550000002084	epochs	2.0
917.5311855457763	0.04022229999998217	epochs	3.0
917.5714078457763	0.03985320000003867	epochs	3.0
917.6112610457764	0.07862569999997504	epochs	2.0
917.6112610457764	0.0394907999999532	epochs	3.0
917.6507518457763	0.039134900000021844	epochs	3.0
917.6898867457763	0.07722760000001472	epochs	2.0
917.6898867457763	0.038785400000051595	epochs	3.0
917.7286721457764	0.03844219999996312	epochs	3.0
917.7671143457763	0.07587820000003376	epochs	2.0
917.7671143457763	0.038104800000041905	epochs	3.0
917.8052191457764	0.03777339999999185	epochs	3.0
917.8429925457764	0.0745752000000266	epochs	2.0
917.8429925457764	0.03744770000002973	epochs	3.0
917.8804402457764	0.03712749999999687	epochs	3.0
917.9175677457764	0.07331629999998768	epochs	2.0
917.9175677457764	0.036812899999972615	epochs	3.0
917.9543806457764	0.03650340000001506	epochs	3.0
917.9908840457764	0.07209899999998015	epochs	2.0
917.9908840457764	0.03619909999997617	epochs	3.0
918.0270831457764	0.03589990000000398	epochs	3.0
918.0629830457764	0.07092169999998532	epochs	2.0
918.0629830457764	0.03560559999993984	epochs	3.0
918.0985886457763	0.03531610000004548	epochs	3.0
918.1339047457764	0.06978200000003199	epochs	2.0
918.1339047457764	0.03503120000004856	epochs	3.0
918.1689359457764	0.03475079999998343	epochs	3.0
918.2036867457764	0.06867859999999837	epochs	2.0
918.2036867457764	0.03447510000000875	epochs	3.0
918.2381618457764	0.03420349999998962	epochs	3.0
918.2723653457764	0.06760929999995824	epochs	2.0
918.2723653457764	0.033936199999970995	epochs	3.0
918.3063015457764	0.033673099999987244	epochs	3.0
918.3399746457764	0.06657289999998284	epochs	2.0
918.3399746457764	0.03341399999999339	epochs	3.0
918.3733886457763	0.033158899999989444	epochs	3.0
918.4065475457763	0.06556780000005347	epochs	2.0
918.4065475457763	0.032907700000009754	epochs	3.0
918.4394552457763	0.03266010000004371	epochs	3.0
918.4721153457764	0.06459259999996902	epochs	2.0
918.4721153457764	0.032416399999988244	epochs	3.0
918.5045317457764	0.03217619999998078	epochs	3.0
918.5367079457764	0.06364600000006249	epochs	2.0
918.5367079457764	0.03193959999998697	epochs	3.0
918.5686475457763	0.03170640000007552	epochs	3.0
918.6003539457764	0.0627266999999847	epochs	2.0
918.6003539457764	0.031476599999905375	epochs	3.0
918.6318305457763	0.03125010000007933	epochs	3.0
918.6630806457764	0.06183359999999993	epochs	2.0
918.6630806457764	0.03102689999991526	epochs	3.0
918.6941075457763	0.030806700000084675	epochs	3.0
918.7249142457764	0.060965599999917686	epochs	2.0
918.7249142457764	0.030589799999916067	epochs	3.0
918.7555040457763	0.030375800000001618	epochs	3.0
918.7858798457763	0.06012160000000222	epochs	2.0
918.7858798457763	0.030164900000045236	epochs	3.0
918.8160447457764	0.02995669999995698	epochs	3.0
918.8460014457763	0.05930069999999432	epochs	2.0
918.8460014457763	0.029751600000054168	epochs	3.0
918.8757530457764	0.029549099999940154	epochs	3.0
918.9053021457763	0.05850180000004457	epochs	2.0
918.9053021457763	0.02934940000000097	epochs	3.0
918.9346515457763	0.0291524000000436	epochs	3.0
918.9638039457764	0.057724200000052406	epochs	2.0
918.9638039457764	0.028957999999988715	epochs	3.0
918.9927619457764	0.02876620000006369	epochs	3.0
919.0215281457764	0.05696709999995164	epochs	2.0
919.0215281457764	0.028576999999927466	epochs	3.0
919.0501051457763	0.028390100000024177	epochs	3.0
919.0784952457764	0.05622949999997218	epochs	2.0
919.0784952457764	0.028205699999944045	epochs	3.0
919.1067009457763	0.028023800000028132	epochs	3.0
919.1347247457763	0.05551070000001346	epochs	2.0
919.1347247457763	0.02784400000007281	epochs	3.0
919.1625687457764	0.027666699999940647	epochs	3.0
919.1902354457764	0.054810200000019904	epochs	2.0
919.1902354457764	0.02749149999999645	epochs	3.0
919.2177269457763	0.027318700000023455	epochs	3.0
919.2450456457764	0.05412699999999404	epochs	2.0
919.2450456457764	0.027147799999966082	epochs	3.0
919.2721934457763	0.02697920000002796	epochs	3.0
919.2991726457764	0.053460699999959616	epochs	2.0
919.2991726457764	0.0268125999999711	epochs	3.0
919.3259852457763	0.026648099999988517	epochs	3.0
919.3526333457763	0.05281070000000909	epochs	2.0
919.3526333457763	0.026485600000000886	epochs	3.0
919.3791189457763	0.026325100000008206	epochs	3.0
919.4054440457763	0.05217620000007628	epochs	2.0
919.4054440457763	0.026166400000079193	epochs	3.0
919.4316104457764	0.026009799999997085	epochs	3.0
919.4576202457764	0.051556699999991906	epochs	2.0
919.4576202457764	0.025854799999933675	epochs	3.0
919.4834750457763	0.02570190000005823	epochs	3.0
919.5091769457764	0.05095189999997274	epochs	2.0
919.5091769457764	0.025550699999939752	epochs	3.0
919.5347276457763	0.025401200000032986	epochs	3.0
919.5601288457764	0.05036099999995258	epochs	2.0
919.5601288457764	0.025253499999962514	epochs	3.0
919.5853823457763	0.02510749999999007	epochs	3.0
919.6104898457763	0.049783800000000156	epochs	2.0
919.6104898457763	0.02496320000000196	epochs	3.0
919.6354530457763	0.024820599999998194	epochs	3.0
919.6602736457763	0.049219500000049266	epochs	2.0
919.6602736457763	0.02467940000008184	epochs	3.0
919.6849530457764	0.024540099999967424	epochs	3.0
919.7094931457764	0.048667899999941255	epochs	2.0
919.7094931457764	0.02440209999997478	epochs	3.0
919.7338952457764	0.024265799999966475	epochs	3.0
919.7581610457763	0.04812860000004093	epochs	2.0
919.7581610457763	0.024131000000011227	epochs	3.0
919.7822920457763	0.023997600000029706	epochs	3.0
919.8062896457764	0.047601100000065344	epochs	2.0
919.8062896457764	0.023865799999953197	epochs	3.0
919.8301554457763	0.023735300000112147	epochs	3.0
919.8538907457764	0.04708499999992455	epochs	2.0
919.8538907457764	0.023606299999983094	epochs	3.0
919.8774970457764	0.023478699999941455	epochs	3.0
919.9009757457763	0.04658000000006268	epochs	2.0
919.9009757457763	0.02335249999998723	epochs	3.0
919.9243282457763	0.02322750000007545	epochs	3.0
919.9475557457764	0.04608569999993506	epochs	2.0
919.9475557457764	0.023103999999989355	epochs	3.0
919.9706597457764	0.022981699999945704	epochs	3.0
919.9936414457763	0.045601799999985815	epochs	2.0
919.9936414457763	0.022860700000023826	epochs	3.0
920.0165021457764	0.02274109999996199	epochs	3.0
920.0392432457763	0.04512790000001132	epochs	2.0
920.0392432457763	0.022622500000011314	epochs	3.0
920.0618657457763	0.02250540000000001	epochs	3.0
920.0843711457763	0.044663799999966614	epochs	2.0
920.0843711457763	0.02238929999998618	epochs	3.0
920.1067604457763	0.022274499999980435	epochs	3.0
920.1290349457763	0.04420920000006845	epochs	2.0
920.1290349457763	0.022160800000051495	epochs	3.0
920.1511957457764	0.022048400000016954	epochs	3.0
920.1732441457764	0.043763600000033875	epochs	2.0
920.1732441457764	0.021936900000014248	epochs	3.0
920.1951810457764	0.021826700000019628	epochs	3.0
920.2170077457764	0.04332709999994222	epochs	2.0
920.2170077457764	0.021717599999988124	epochs	3.0
920.2387253457764	0.021609499999954096	epochs	3.0
920.2603348457764	0.04289900000003399	epochs	2.0
920.2603348457764	0.02150249999999687	epochs	3.0
920.2818373457764	0.021396500000037122	epochs	3.0
920.3032338457764	0.042479500000013104	epochs	2.0
920.3032338457764	0.02129170000000613	epochs	3.0
920.3245255457764	0.021187800000006973	epochs	3.0
920.3457133457764	0.042067900000006375	epochs	2.0
920.3457133457764	0.02108490000000529	epochs	3.0
920.3667982457764	0.020983000000001084	epochs	3.0
920.3877812457764	0.04166439999994509	epochs	2.0
920.3877812457764	0.020882199999959994	epochs	3.0
920.4086634457764	0.020782199999985096	epochs	3.0
920.4294456457764	0.04126850000000104	epochs	2.0
920.4294456457764	0.020683299999973315	epochs	3.0
920.4501289457763	0.020585200000027726	epochs	3.0
920.4707141457764	0.04088000000001557	epochs	2.0
920.4707141457764	0.020488099999965925	epochs	3.0
920.4912022457763	0.020391900000049645	epochs	3.0
920.5115941457764	0.04049880000002304	epochs	2.0
920.5115941457764	0.020296599999937825	epochs	3.0
920.5318907457763	0.020202200000085213	epochs	3.0
920.5520929457764	0.04012460000001283	epochs	2.0
920.5520929457764	0.020108699999923374	epochs	3.0
920.5722016457763	0.02001590000008946	epochs	3.0
920.5922175457764	0.039757299999905626	epochs	2.0
920.5922175457764	0.019924199999991288	epochs	3.0
920.6121417457764	0.01983309999991434	epochs	3.0
920.6319748457763	0.03939669999999751	epochs	2.0
920.6319748457763	0.01974300000006224	epochs	3.0
920.6517178457764	0.01965369999993527	epochs	3.0
920.6713715457763	0.039042400000084854	epochs	2.0
920.6713715457763	0.01956510000002254	epochs	3.0
920.6909366457763	0.019477300000062314	epochs	3.0
920.7104139457764	0.03869459999998526	epochs	2.0
920.7104139457764	0.019390400000020236	epochs	3.0
920.7298043457764	0.01930419999996502	epochs	3.0
920.7491085457764	0.03835289999994984	epochs	2.0
920.7491085457764	0.019218799999976	epochs	3.0
920.7683273457764	0.01913409999997384	epochs	3.0
920.7874614457763	0.03801720000001296	epochs	2.0
920.7874614457763	0.019050200000037876	epochs	3.0
920.8065116457764	0.018966999999975087	epochs	3.0
920.8254786457763	0.037687200000050325	epochs	2.0
920.8254786457763	0.01888450000001285	epochs	3.0
920.8443631457764	0.018802700000037476	epochs	3.0
920.8631658457764	0.03736309999999321	epochs	2.0
920.8631658457764	0.018721700000014607	epochs	3.0
920.8818875457764	0.018641399999978603	epochs	3.0
920.9005289457764	0.03704429999993408	epochs	2.0
920.9005289457764	0.01856159999999818	epochs	3.0
920.9190905457764	0.018482699999935903	epochs	3.0
920.9375732457763	0.0367310000000316	epochs	2.0
920.9375732457763	0.018404300000042895	epochs	3.0
920.9559775457764	0.018326699999988705	epochs	3.0
920.9743042457764	0.036422900000047775	epochs	2.0
920.9743042457764	0.018249599999990096	epochs	3.0
920.9925538457763	0.01817330000005768	epochs	3.0
921.0107271457764	0.03612009999994825	epochs	2.0
921.0107271457764	0.01809759999991911	epochs	3.0
921.0288247457763	0.01802250000002914	epochs	3.0
921.0468472457763	0.03582210000001851	epochs	2.0
921.0468472457763	0.017947899999967376	epochs	3.0
921.0647951457763	0.017874200000051133	epochs	3.0
921.0826693457764	0.03552899999999681	epochs	2.0
921.0826693457764	0.017800800000031813	epochs	3.0
921.1004701457764	0.017728199999965	epochs	3.0
921.1181983457764	0.03524070000003121	epochs	2.0
921.1181983457764	0.017656099999953767	epochs	3.0
921.1358544457763	0.017584600000077444	epochs	3.0
921.1534390457764	0.03495709999992869	epochs	2.0
921.1534390457764	0.01751369999999497	epochs	3.0
921.1709527457764	0.017443399999933717	epochs	3.0
921.1883961457763	0.03467790000001969	epochs	2.0
921.1883961457763	0.017373600000041733	epochs	3.0
921.2057697457764	0.017304299999977957	epochs	3.0
921.2230740457763	0.03440330000000813	epochs	2.0
921.2230740457763	0.01723570000001473	epochs	3.0
921.2403097457764	0.0171675999999934	epochs	3.0
921.2574773457764	0.0341328000000658	epochs	2.0
921.2574773457764	0.017099900000062007	epochs	3.0
921.2745772457764	0.017032900000003792	epochs	3.0
921.2916101457764	0.033866699999975935	epochs	2.0
921.2916101457764	0.01696640000000116	epochs	3.0
921.3085765457764	0.016900299999974777	epochs	3.0
921.3254768457764	0.03360459999998966	epochs	2.0
921.3254768457764	0.01683479999996962	epochs	3.0
921.3423116457764	0.01676980000002004	epochs	3.0
921.3590814457764	0.033346599999958926	epochs	2.0
921.3590814457764	0.016705300000012357	epochs	3.0
921.3757867457764	0.01664129999994657	epochs	3.0
921.3924280457763	0.03309250000006614	epochs	2.0
921.3924280457763	0.016577800000050047	epochs	3.0
921.4090058457764	0.01651470000001609	epochs	3.0
921.4255205457764	0.03284229999997024	epochs	2.0
921.4255205457764	0.01645220000000336	epochs	3.0
921.4419727457764	0.01639009999996688	epochs	3.0
921.4583628457764	0.03259570000000167	epochs	2.0
921.4583628457764	0.016328400000020338	epochs	3.0
921.4746912457764	0.016267299999981333	epochs	3.0
921.4909585457764	0.032352899999978035	epochs	2.0
921.4909585457764	0.016206600000032267	epochs	3.0
921.5071651457764	0.016146299999945768	epochs	3.0
921.5233114457764	0.03211369999996805	epochs	2.0
921.5233114457764	0.016086599999994178	epochs	3.0
921.5393980457764	0.01602709999997387	epochs	3.0
921.5554251457763	0.03187800000000607	epochs	2.0
921.5554251457763	0.015968200000088473	epochs	3.0
921.5713933457764	0.015909799999917595	epochs	3.0
921.5873031457763	0.031645700000012766	epochs	2.0
921.5873031457763	0.01585160000001906	epochs	3.0
921.6031547457764	0.015794099999993705	epochs	3.0
921.6189488457763	0.0314167000000225	epochs	2.0
921.6189488457763	0.015736700000047676	epochs	3.0
921.6346855457764	0.015679999999974825	epochs	3.0
921.6503655457764	0.031191100000000915	epochs	2.0
921.6503655457764	0.015623600000026272	epochs	3.0
921.6659891457764	0.015567499999974643	epochs	3.0
921.6815566457764	0.030968700000016725	epochs	2.0
921.6815566457764	0.015511999999944237	epochs	3.0
921.6970686457763	0.015456700000072487	epochs	3.0
921.7125253457764	0.030749499999956242	epochs	2.0
921.7125253457764	0.015401999999994587	epochs	3.0
921.7279273457764	0.015347499999961656	epochs	3.0
921.7432748457763	0.03053320000003623	epochs	2.0
921.7432748457763	0.015293400000018664	epochs	3.0
921.7585682457764	0.015239800000017567	epochs	3.0
921.7738080457764	0.03032010000003993	epochs	2.0
921.7738080457764	0.015186500000027081	epochs	3.0
921.7889945457764	0.015133600000012848	epochs	3.0
921.8041281457764	0.030109899999956724	epochs	2.0
921.8041281457764	0.015080999999895539	epochs	3.0
921.8192091457763	0.015028900000061185	epochs	3.0
921.8342380457764	0.02990250000004835	epochs	2.0
921.8342380457764	0.014977000000044427	epochs	3.0
921.8492150457764	0.014925500000003922	epochs	3.0
921.8641405457764	0.029698099999905025	epochs	2.0
921.8641405457764	0.01487439999993967	epochs	3.0
921.8790149457764	0.014823699999965356	epochs	3.0
921.8938386457763	0.02949630000000525	epochs	2.0
921.8938386457763	0.014773200000036013	epochs	3.0
921.9086118457764	0.014723099999969236	epochs	3.0
921.9233349457763	0.02929740000001857	epochs	2.0
921.9233349457763	0.014673399999992398	epochs	3.0
921.9380083457763	0.014624000000026172	epochs	3.0
921.9526323457764	0.029101100000048064	epochs	2.0
921.9526323457764	0.014574900000070556	epochs	3.0
921.9672072457764	0.014526199999977507	epochs	3.0
921.9817334457764	0.028907399999980044	epochs	2.0
921.9817334457764	0.014477699999929428	epochs	3.0
921.9962111457763	0.014429700000050616	epochs	3.0
922.0106408457764	0.028716199999962555	epochs	2.0
922.0106408457764	0.014381800000023759	epochs	3.0
922.0250226457764	0.014334399999938796	epochs	3.0
922.0393570457763	0.028527600000074926	epochs	2.0
922.0393570457763	0.01428720000001249	epochs	3.0
922.0536442457764	0.014240400000062436	epochs	3.0
922.0678846457764	0.028341399999931127	epochs	2.0
922.0678846457764	0.014193799999929979	epochs	3.0
922.0820784457763	0.014147600000001148	epochs	3.0
922.0962260457763	0.028157700000065233	epochs	2.0
922.0962260457763	0.014101699999969242	epochs	3.0
922.1103277457763	0.014056000000095992	epochs	3.0
922.1243837457764	0.027976299999977527	epochs	2.0
922.1243837457764	0.01401060000000598	epochs	3.0
922.1383943457764	0.013965699999971548	epochs	3.0
922.1523600457764	0.02779720000000907	epochs	2.0
922.1523600457764	0.013920799999937117	epochs	3.0
922.1662808457763	0.013876400000071953	epochs	3.0
922.1801572457764	0.027620399999932488	epochs	2.0
922.1801572457764	0.013832200000024386	epochs	3.0
922.1939894457764	0.013788199999908102	epochs	3.0
922.2077776457763	0.02744590000008884	epochs	2.0
922.2077776457763	0.013744599999995444	epochs	3.0
922.2215222457763	0.013701300000093397	epochs	3.0
922.2352235457764	0.027273499999978412	epochs	2.0
922.2352235457764	0.01365819999989526	epochs	3.0
922.2488817457763	0.013615300000083153	epochs	3.0
922.2624970457764	0.027103399999987232	epochs	2.0
922.2624970457764	0.013572800000019924	epochs	3.0
922.2760698457764	0.013530599999967308	epochs	3.0
922.2896004457764	0.02693520000002536	epochs	2.0
922.2896004457764	0.013488400000028378	epochs	3.0
922.3030888457764	0.013446799999996983	epochs	3.0
922.3165356457764	0.026769199999989723	epochs	2.0
922.3165356457764	0.013405199999965589	epochs	3.0
922.3299408457764	0.013364000000024134	epochs	3.0
922.3433048457764	0.026605199999949036	epochs	2.0
922.3433048457764	0.013322899999934634	epochs	3.0
922.3566277457763	0.013282300000014402	epochs	3.0
922.3699100457764	0.026443200000016986	epochs	2.0
922.3699100457764	0.013241699999980483	epochs	3.0
922.3831517457763	0.013201500000036503	epochs	3.0
922.3963532457764	0.0262831999999662	epochs	2.0
922.3963532457764	0.013161500000023807	epochs	3.0
922.4095147457764	0.013121699999942393	epochs	3.0
922.4226364457763	0.02612499999997908	epochs	2.0
922.4226364457763	0.013082100000019636	epochs	3.0
922.4357185457764	0.013042899999959445	epochs	3.0
922.4487614457763	0.025968900000066242	epochs	2.0
922.4487614457763	0.01300390000005791	epochs	3.0
922.4617653457764	0.012965000000008331	epochs	3.0
922.4747303457764	0.025814500000024054	epochs	2.0
922.4747303457764	0.012926399999969362	epochs	3.0
922.4876567457763	0.012888100000054692	epochs	3.0
922.5005448457764	0.025661899999931848	epochs	2.0
922.5005448457764	0.012849899999991976	epochs	3.0
922.5133947457764	0.012811999999939871	epochs	3.0
922.5262067457763	0.025511199999982637	epochs	2.0
922.5262067457763	0.012774400000012065	epochs	3.0
922.5389811457763	0.012736799999970572	epochs	3.0
922.5517179457763	0.025362300000097093	epochs	2.0
922.5517179457763	0.012699700000098346	epochs	3.0
922.5644176457764	0.012662599999998747	epochs	3.0
922.5770802457764	0.025215000000002874	epochs	2.0
922.5770802457764	0.01262579999990976	epochs	3.0
922.5897060457763	0.012589200000093115	epochs	3.0
922.6022952457764	0.024584799999956886	epochs	2.0
922.6254103457763	0.5	epochs	-1.0
922.6268800457764	0.9999199999999746	epochs	1.0
923.1254103457763	0.5	epochs	-1.0
924.1589999198914	0.07479999999998199	epochs	0.0
924.1589999198914	0.032403400000021065	epochs	1.0
924.1914033198914	0.009993199999939861	epochs	1.0
924.2013965198913	0.032403400000021065	epochs	1.0
924.2338799198914	2.0	epochs	0.0
926.2338502198913	0.5	epochs	-1.0
926.2338799198914	21.524800000000027	epochs	0.0
926.2338799198914	1.0	epochs	1.0
926.7338502198913	19.998559999999998	epochs	-1.0
927.2338799198914	20.0	epochs	1.0
927.2338799198914	4.356753899999944	epochs	-1.0
927.2338799198914	1.9745871999999736	epochs	2.0
927.2338799198914	1.0985621999999466	epochs	3.0
928.3324421198913	0.8760250000000269	epochs	3.0
929.2084671198913	1.3524075000000266	epochs	2.0
929.2084671198913	0.7286354999999958	epochs	3.0
929.9371026198913	0.6237720000000309	epochs	3.0
930.5608746198914	1.029759199999944	epochs	2.0
930.5608746198914	0.5453293000000485	epochs	3.0
931.1062039198914	0.4844298999998955	epochs	3.0
931.5906338198913	0.8317862000000105	epochs	2.0
931.5906338198913	0.4357763000000432	epochs	3.0
932.0264101198914	0.3960098999999673	epochs	3.0
932.4224200198913	0.6977970000000369	epochs	2.0
932.4224200198913	0.3628982000000178	epochs	3.0
932.7853182198913	0.33489880000001904	epochs	3.0
933.1202170198914	0.601045699999986	epochs	2.0
933.1202170198914	0.3109123000000409	epochs	3.0
933.4311293198914	0.29013339999994514	epochs	3.0
933.7212627198913	0.5278859000000011	epochs	2.0
933.7212627198913	0.2719586000000618	epochs	3.0
933.9932213198914	0.25592729999993935	epochs	3.0
934.2491486198913	0.4706193000000667	epochs	2.0
934.2491486198913	0.241681299999982	epochs	3.0
934.4908299198913	0.22893800000008468	epochs	3.0
934.7197679198914	0.42457039999999324	epochs	2.0
934.7197679198914	0.2174713999999085	epochs	3.0
934.9372393198913	0.20709900000008474	epochs	3.0
935.1443383198914	0.3867353999999068	epochs	2.0
935.1443383198914	0.19767109999997956	epochs	3.0
935.3420094198914	0.18906429999992724	epochs	3.0
935.5310737198913	0.3550953000000163	epochs	2.0
935.5310737198913	0.18117590000008477	epochs	3.0
935.7122496198914	0.17391939999993156	epochs	3.0
935.8861690198913	0.3282431000000088	epochs	2.0
935.8861690198913	0.1672219000000723	epochs	3.0
936.0533909198914	0.16102119999993647	epochs	3.0
936.2144121198913	0.30516799999998057	epochs	2.0
936.2144121198913	0.15526390000002266	epochs	3.0
936.3696760198914	0.1499040999999579	epochs	3.0
936.5195801198913	0.28512530000000424	epochs	2.0
936.5195801198913	0.1449021000000812	epochs	3.0
936.6644822198914	0.14022319999992305	epochs	3.0
936.8047054198913	0.267553800000087	epochs	2.0
936.8047054198913	0.1358369000000721	epochs	3.0
936.9405423198914	0.1317169000000149	epochs	3.0
937.0722592198914	0.252022899999929	epochs	2.0
937.0722592198914	0.1278393000000051	epochs	3.0
937.2000985198914	0.1241835999999239	epochs	3.0
937.3242821198913	0.23819650000007186	epochs	2.0
937.3242821198913	0.12073110000005727	epochs	3.0
937.4450132198914	0.1174654000000146	epochs	3.0
937.5624786198914	0.2258087999999816	epochs	2.0
937.5624786198914	0.1143718999999237	epochs	3.0
937.6768505198913	0.1114369000000579	epochs	3.0
937.7882874198914	0.2146460000000161	epochs	2.0
937.7882874198914	0.10864889999993466	epochs	3.0
937.8969363198913	0.10599710000008145	epochs	3.0
938.0029334198914	0.20453499999996438	epochs	2.0
938.0029334198914	0.10347149999995509	epochs	3.0
938.1064049198914	0.1010635000000093	epochs	3.0
938.2074684198914	0.19533400000000256	epochs	2.0
938.2074684198914	0.09876510000003691	epochs	3.0
938.3062335198914	0.09656889999996565	epochs	3.0
938.4028024198914	0.18692529999998442	epochs	2.0
938.4028024198914	0.09446830000001682	epochs	3.0
938.4972707198914	0.09245699999996759	epochs	3.0
938.5897277198914	0.17921069999999872	epochs	2.0
938.5897277198914	0.09052959999996801	epochs	3.0
938.6802573198913	0.08868110000003071	epochs	3.0
938.7689384198914	0.17210769999996955	epochs	2.0
938.7689384198914	0.08690630000000965	epochs	3.0
938.8558447198914	0.0852013999999599	epochs	3.0
938.9410461198913	0.16554640000003928	epochs	2.0
938.9410461198913	0.08356190000006336	epochs	3.0
939.0246080198914	0.08198449999997592	epochs	3.0
939.1065925198914	0.15946710000002895	epochs	2.0
939.1065925198914	0.08046539999998004	epochs	3.0
939.1870579198913	0.07900170000004891	epochs	3.0
939.2660596198914	0.15381839999997737	epochs	2.0
939.2660596198914	0.07759009999995214	epochs	3.0
939.3436497198913	0.07622830000002523	epochs	3.0
939.4198780198914	0.14855639999996129	epochs	2.0
939.4198780198914	0.07491329999993468	epochs	3.0
939.4947913198913	0.0736431000000266	epochs	3.0
939.5684344198913	0.14364239999997608	epochs	2.0
939.5684344198913	0.07241499999997814	epochs	3.0
939.6408494198913	0.07122739999999794	epochs	3.0
939.7120768198913	0.13904310000009446	epochs	2.0
939.7120768198913	0.07007800000008046	epochs	3.0
939.7821548198914	0.06896510000001399	epochs	3.0
939.8511199198914	0.1347293000000036	epochs	2.0
939.8511199198914	0.0678871000000072	epochs	3.0
939.9190070198914	0.06684219999999641	epochs	3.0
939.9858492198914	0.13067519999992783	epochs	2.0
939.9858492198914	0.06582909999997355	epochs	3.0
940.0516783198914	0.06484609999995428	epochs	3.0
940.1165244198913	0.12685780000003888	epochs	2.0
940.1165244198913	0.06389200000000983	epochs	3.0
940.1804164198913	0.06296580000002905	epochs	3.0
940.2433822198914	0.12325720000001184	epochs	2.0
940.2433822198914	0.06206580000002759	epochs	3.0
940.3054480198914	0.06119139999998424	epochs	3.0
940.3666394198914	0.11985540000000583	epochs	2.0
940.3666394198914	0.060341099999959624	epochs	3.0
940.4269805198913	0.059514300000046205	epochs	3.0
940.4864948198914	0.11663620000001629	epochs	2.0
940.4864948198914	0.058709599999929196	epochs	3.0
940.5452044198913	0.05792660000008709	epochs	3.0
940.6031310198914	0.11358559999996487	epochs	2.0
940.6031310198914	0.05716419999998834	epochs	3.0
940.6602952198914	0.05642139999997653	epochs	3.0
940.7167166198914	0.11069050000003244	epochs	2.0
940.7167166198914	0.05569789999992736	epochs	3.0
940.7724145198913	0.054992600000105085	epochs	3.0
940.8274071198914	0.10793909999995321	epochs	2.0
940.8274071198914	0.05430489999992005	epochs	3.0
940.8817120198913	0.05363420000003316	epochs	3.0
940.9353462198914	0.10532149999994544	epochs	2.0
940.9353462198914	0.05298000000004777	epochs	3.0
940.9883262198914	0.05234149999989768	epochs	3.0
941.0406677198913	0.10282760000006874	epochs	2.0
941.0406677198913	0.05171810000001642	epochs	3.0
941.0923858198913	0.05110950000005232	epochs	3.0
941.1434953198914	0.10044909999999163	epochs	2.0
941.1434953198914	0.05051489999993919	epochs	3.0
941.1940102198913	0.04993420000005244	epochs	3.0
941.2439444198914	0.0981782999999723	epochs	2.0
941.2439444198914	0.04936659999998483	epochs	3.0
941.2933110198913	0.04881169999998747	epochs	3.0
941.3421227198913	0.09600780000005216	epochs	2.0
941.3421227198913	0.04826920000004975	epochs	3.0
941.3903919198914	0.04773860000000241	epochs	3.0
941.4381305198914	0.09393119999992905	epochs	2.0
941.4381305198914	0.04721949999998287	epochs	3.0
941.4853500198914	0.04671169999994618	epochs	3.0
941.5320617198913	0.09194260000003851	epochs	2.0
941.5320617198913	0.046214599999984785	epochs	3.0
941.5782763198913	0.045728000000053726	epochs	3.0
941.6240043198914	0.09003629999995155	epochs	2.0
941.6240043198914	0.045251499999949374	epochs	3.0
941.6692558198913	0.04478480000000218	epochs	3.0
941.7140406198913	0.08820760000003247	epochs	2.0
941.7140406198913	0.044327800000019124	epochs	3.0
941.7583684198913	0.04387980000001335	epochs	3.0
941.8022482198913	0.0864516999999978	epochs	2.0
941.8022482198913	0.04344100000002982	epochs	3.0
941.8456892198914	0.04301069999996798	epochs	3.0
941.8886999198913	0.0847643000000744	epochs	2.0
941.8886999198913	0.04258900000002086	epochs	3.0
941.9312889198914	0.04217530000005354	epochs	3.0
941.9734642198914	0.08314149999989695	epochs	2.0
941.9734642198914	0.041769699999917975	epochs	3.0
942.0152339198913	0.041371799999978975	epochs	3.0
942.0566057198913	0.08157970000002024	epochs	2.0
942.0566057198913	0.04098140000007788	epochs	3.0
942.0975871198914	0.040598299999942355	epochs	3.0
942.1381854198913	0.08007550000002084	epochs	2.0
942.1381854198913	0.04022229999998217	epochs	3.0
942.1784077198913	0.03985320000003867	epochs	3.0
942.2182609198913	0.07862569999997504	epochs	2.0
942.2182609198913	0.0394907999999532	epochs	3.0
942.2577517198913	0.039134900000021844	epochs	3.0
942.2968866198913	0.07722760000001472	epochs	2.0
942.2968866198913	0.038785400000051595	epochs	3.0
942.3356720198914	0.03844219999996312	epochs	3.0
942.3741142198913	0.07587820000003376	epochs	2.0
942.3741142198913	0.038104800000041905	epochs	3.0
942.4122190198914	0.03777339999999185	epochs	3.0
942.4499924198914	0.0745752000000266	epochs	2.0
942.4499924198914	0.03744770000002973	epochs	3.0
942.4874401198914	0.03712749999999687	epochs	3.0
942.5245676198914	0.07331629999998768	epochs	2.0
942.5245676198914	0.036812899999972615	epochs	3.0
942.5613805198914	0.03650340000001506	epochs	3.0
942.5978839198914	0.07209899999998015	epochs	2.0
942.5978839198914	0.03619909999997617	epochs	3.0
942.6340830198914	0.03589990000000398	epochs	3.0
942.6699829198914	0.07092169999998532	epochs	2.0
942.6699829198914	0.03560559999993984	epochs	3.0
942.7055885198913	0.03531610000004548	epochs	3.0
942.7409046198914	0.06978200000003199	epochs	2.0
942.7409046198914	0.03503120000004856	epochs	3.0
942.7759358198914	0.03475079999998343	epochs	3.0
942.8106866198914	0.06867859999999837	epochs	2.0
942.8106866198914	0.03447510000000875	epochs	3.0
942.8451617198914	0.03420349999998962	epochs	3.0
942.8793652198914	0.06760929999995824	epochs	2.0
942.8793652198914	0.033936199999970995	epochs	3.0
942.9133014198914	0.033673099999987244	epochs	3.0
942.9469745198913	0.06657289999998284	epochs	2.0
942.9469745198913	0.03341399999999339	epochs	3.0
942.9803885198913	0.033158899999989444	epochs	3.0
943.0135474198913	0.06556780000005347	epochs	2.0
943.0135474198913	0.032907700000009754	epochs	3.0
943.0464551198913	0.03266010000004371	epochs	3.0
943.0791152198914	0.06459259999996902	epochs	2.0
943.0791152198914	0.032416399999988244	epochs	3.0
943.1115316198914	0.03217619999998078	epochs	3.0
943.1437078198913	0.06364600000006249	epochs	2.0
943.1437078198913	0.03193959999998697	epochs	3.0
943.1756474198913	0.03170640000007552	epochs	3.0
943.2073538198914	0.0627266999999847	epochs	2.0
943.2073538198914	0.031476599999905375	epochs	3.0
943.2388304198913	0.03125010000007933	epochs	3.0
943.2700805198914	0.06183359999999993	epochs	2.0
943.2700805198914	0.03102689999991526	epochs	3.0
943.3011074198913	0.030806700000084675	epochs	3.0
943.3319141198914	0.060965599999917686	epochs	2.0
943.3319141198914	0.030589799999916067	epochs	3.0
943.3625039198913	0.030375800000001618	epochs	3.0
943.3928797198913	0.06012160000000222	epochs	2.0
943.3928797198913	0.030164900000045236	epochs	3.0
943.4230446198914	0.02995669999995698	epochs	3.0
943.4530013198913	0.05930069999999432	epochs	2.0
943.4530013198913	0.029751600000054168	epochs	3.0
943.4827529198914	0.029549099999940154	epochs	3.0
943.5123020198913	0.05850180000004457	epochs	2.0
943.5123020198913	0.02934940000000097	epochs	3.0
943.5416514198913	0.0291524000000436	epochs	3.0
943.5708038198914	0.057724200000052406	epochs	2.0
943.5708038198914	0.028957999999988715	epochs	3.0
943.5997618198913	0.02876620000006369	epochs	3.0
943.6285280198914	0.05696709999995164	epochs	2.0
943.6285280198914	0.028576999999927466	epochs	3.0
943.6571050198913	0.028390100000024177	epochs	3.0
943.6854951198914	0.05622949999997218	epochs	2.0
943.6854951198914	0.028205699999944045	epochs	3.0
943.7137008198913	0.028023800000028132	epochs	3.0
943.7417246198913	0.05551070000001346	epochs	2.0
943.7417246198913	0.02784400000007281	epochs	3.0
943.7695686198914	0.027666699999940647	epochs	3.0
943.7972353198913	0.054810200000019904	epochs	2.0
943.7972353198913	0.02749149999999645	epochs	3.0
943.8247268198913	0.027318700000023455	epochs	3.0
943.8520455198914	0.05412699999999404	epochs	2.0
943.8520455198914	0.027147799999966082	epochs	3.0
943.8791933198913	0.02697920000002796	epochs	3.0
943.9061725198914	0.053460699999959616	epochs	2.0
943.9061725198914	0.0268125999999711	epochs	3.0
943.9329851198913	0.026648099999988517	epochs	3.0
943.9596332198913	0.05281070000000909	epochs	2.0
943.9596332198913	0.026485600000000886	epochs	3.0
943.9861188198913	0.026325100000008206	epochs	3.0
944.0124439198913	0.05217620000007628	epochs	2.0
944.0124439198913	0.026166400000079193	epochs	3.0
944.0386103198914	0.026009799999997085	epochs	3.0
944.0646201198914	0.051556699999991906	epochs	2.0
944.0646201198914	0.025854799999933675	epochs	3.0
944.0904749198913	0.02570190000005823	epochs	3.0
944.1161768198914	0.05095189999997274	epochs	2.0
944.1161768198914	0.025550699999939752	epochs	3.0
944.1417275198913	0.025401200000032986	epochs	3.0
944.1671287198914	0.05036099999995258	epochs	2.0
944.1671287198914	0.025253499999962514	epochs	3.0
944.1923822198913	0.02510749999999007	epochs	3.0
944.2174897198913	0.049783800000000156	epochs	2.0
944.2174897198913	0.02496320000000196	epochs	3.0
944.2424529198913	0.024820599999998194	epochs	3.0
944.2672735198913	0.049219500000049266	epochs	2.0
944.2672735198913	0.02467940000008184	epochs	3.0
944.2919529198914	0.024540099999967424	epochs	3.0
944.3164930198914	0.048667899999941255	epochs	2.0
944.3164930198914	0.02440209999997478	epochs	3.0
944.3408951198913	0.024265799999966475	epochs	3.0
944.3651609198913	0.04812860000004093	epochs	2.0
944.3651609198913	0.024131000000011227	epochs	3.0
944.3892919198913	0.023997600000029706	epochs	3.0
944.4132895198914	0.047601100000065344	epochs	2.0
944.4132895198914	0.023865799999953197	epochs	3.0
944.4371553198913	0.023735300000112147	epochs	3.0
944.4608906198914	0.04708499999992455	epochs	2.0
944.4608906198914	0.023606299999983094	epochs	3.0
944.4844969198914	0.023478699999941455	epochs	3.0
944.5079756198913	0.04658000000006268	epochs	2.0
944.5079756198913	0.02335249999998723	epochs	3.0
944.5313281198913	0.02322750000007545	epochs	3.0
944.5545556198914	0.04608569999993506	epochs	2.0
944.5545556198914	0.023103999999989355	epochs	3.0
944.5776596198914	0.022981699999945704	epochs	3.0
944.6006413198913	0.045601799999985815	epochs	2.0
944.6006413198913	0.022860700000023826	epochs	3.0
944.6235020198914	0.02274109999996199	epochs	3.0
944.6462431198913	0.04512790000001132	epochs	2.0
944.6462431198913	0.022622500000011314	epochs	3.0
944.6688656198913	0.02250540000000001	epochs	3.0
944.6913710198913	0.044663799999966614	epochs	2.0
944.6913710198913	0.02238929999998618	epochs	3.0
944.7137603198913	0.022274499999980435	epochs	3.0
944.7360348198913	0.04420920000006845	epochs	2.0
944.7360348198913	0.022160800000051495	epochs	3.0
944.7581956198914	0.022048400000016954	epochs	3.0
944.7802440198914	0.043763600000033875	epochs	2.0
944.7802440198914	0.021936900000014248	epochs	3.0
944.8021809198914	0.021826700000019628	epochs	3.0
944.8240076198914	0.04332709999994222	epochs	2.0
944.8240076198914	0.021717599999988124	epochs	3.0
944.8457252198914	0.021609499999954096	epochs	3.0
944.8673347198913	0.04289900000003399	epochs	2.0
944.8673347198913	0.02150249999999687	epochs	3.0
944.8888372198913	0.021396500000037122	epochs	3.0
944.9102337198914	0.042479500000013104	epochs	2.0
944.9102337198914	0.02129170000000613	epochs	3.0
944.9315254198914	0.021187800000006973	epochs	3.0
944.9527132198914	0.042067900000006375	epochs	2.0
944.9527132198914	0.02108490000000529	epochs	3.0
944.9737981198914	0.020983000000001084	epochs	3.0
944.9947811198914	0.04166439999994509	epochs	2.0
944.9947811198914	0.020882199999959994	epochs	3.0
945.0156633198914	0.020782199999985096	epochs	3.0
945.0364455198913	0.04126850000000104	epochs	2.0
945.0364455198913	0.020683299999973315	epochs	3.0
945.0571288198913	0.020585200000027726	epochs	3.0
945.0777140198913	0.04088000000001557	epochs	2.0
945.0777140198913	0.020488099999965925	epochs	3.0
945.0982021198913	0.020391900000049645	epochs	3.0
945.1185940198914	0.04049880000002304	epochs	2.0
945.1185940198914	0.020296599999937825	epochs	3.0
945.1388906198913	0.020202200000085213	epochs	3.0
945.1590928198914	0.04012460000001283	epochs	2.0
945.1590928198914	0.020108699999923374	epochs	3.0
945.1792015198913	0.02001590000008946	epochs	3.0
945.1992174198914	0.039757299999905626	epochs	2.0
945.1992174198914	0.019924199999991288	epochs	3.0
945.2191416198914	0.01983309999991434	epochs	3.0
945.2389747198913	0.03939669999999751	epochs	2.0
945.2389747198913	0.01974300000006224	epochs	3.0
945.2587177198914	0.01965369999993527	epochs	3.0
945.2783714198913	0.039042400000084854	epochs	2.0
945.2783714198913	0.01956510000002254	epochs	3.0
945.2979365198913	0.019477300000062314	epochs	3.0
945.3174138198914	0.03869459999998526	epochs	2.0
945.3174138198914	0.019390400000020236	epochs	3.0
945.3368042198914	0.01930419999996502	epochs	3.0
945.3561084198914	0.03835289999994984	epochs	2.0
945.3561084198914	0.019218799999976	epochs	3.0
945.3753272198913	0.01913409999997384	epochs	3.0
945.3944613198913	0.03801720000001296	epochs	2.0
945.3944613198913	0.019050200000037876	epochs	3.0
945.4135115198914	0.018966999999975087	epochs	3.0
945.4324785198913	0.037687200000050325	epochs	2.0
945.4324785198913	0.01888450000001285	epochs	3.0
945.4513630198913	0.018802700000037476	epochs	3.0
945.4701657198914	0.03736309999999321	epochs	2.0
945.4701657198914	0.018721700000014607	epochs	3.0
945.4888874198914	0.018641399999978603	epochs	3.0
945.5075288198914	0.03704429999993408	epochs	2.0
945.5075288198914	0.01856159999999818	epochs	3.0
945.5260904198914	0.018482699999935903	epochs	3.0
945.5445731198913	0.0367310000000316	epochs	2.0
945.5445731198913	0.018404300000042895	epochs	3.0
945.5629774198914	0.018326699999988705	epochs	3.0
945.5813041198913	0.036422900000047775	epochs	2.0
945.5813041198913	0.018249599999990096	epochs	3.0
945.5995537198913	0.01817330000005768	epochs	3.0
945.6177270198914	0.03612009999994825	epochs	2.0
945.6177270198914	0.01809759999991911	epochs	3.0
945.6358246198913	0.01802250000002914	epochs	3.0
945.6538471198913	0.03582210000001851	epochs	2.0
945.6538471198913	0.017947899999967376	epochs	3.0
945.6717950198913	0.017874200000051133	epochs	3.0
945.6896692198914	0.03552899999999681	epochs	2.0
945.6896692198914	0.017800800000031813	epochs	3.0
945.7074700198914	0.017728199999965	epochs	3.0
945.7251982198914	0.03524070000003121	epochs	2.0
945.7251982198914	0.017656099999953767	epochs	3.0
945.7428543198913	0.017584600000077444	epochs	3.0
945.7604389198914	0.03495709999992869	epochs	2.0
945.7604389198914	0.01751369999999497	epochs	3.0
945.7779526198914	0.017443399999933717	epochs	3.0
945.7953960198913	0.03467790000001969	epochs	2.0
945.7953960198913	0.017373600000041733	epochs	3.0
945.8127696198914	0.017304299999977957	epochs	3.0
945.8300739198913	0.03440330000000813	epochs	2.0
945.8300739198913	0.01723570000001473	epochs	3.0
945.8473096198913	0.0171675999999934	epochs	3.0
945.8644772198913	0.0341328000000658	epochs	2.0
945.8644772198913	0.017099900000062007	epochs	3.0
945.8815771198914	0.017032900000003792	epochs	3.0
945.8986100198914	0.033866699999975935	epochs	2.0
945.8986100198914	0.01696640000000116	epochs	3.0
945.9155764198914	0.016900299999974777	epochs	3.0
945.9324767198914	0.03360459999998966	epochs	2.0
945.9324767198914	0.01683479999996962	epochs	3.0
945.9493115198914	0.01676980000002004	epochs	3.0
945.9660813198914	0.033346599999958926	epochs	2.0
945.9660813198914	0.016705300000012357	epochs	3.0
945.9827866198914	0.01664129999994657	epochs	3.0
945.9994279198913	0.03309250000006614	epochs	2.0
945.9994279198913	0.016577800000050047	epochs	3.0
946.0160057198914	0.01651470000001609	epochs	3.0
946.0325204198914	0.03284229999997024	epochs	2.0
946.0325204198914	0.01645220000000336	epochs	3.0
946.0489726198914	0.01639009999996688	epochs	3.0
946.0653627198914	0.03259570000000167	epochs	2.0
946.0653627198914	0.016328400000020338	epochs	3.0
946.0816911198914	0.016267299999981333	epochs	3.0
946.0979584198914	0.032352899999978035	epochs	2.0
946.0979584198914	0.016206600000032267	epochs	3.0
946.1141650198914	0.016146299999945768	epochs	3.0
946.1303113198913	0.03211369999996805	epochs	2.0
946.1303113198913	0.016086599999994178	epochs	3.0
946.1463979198913	0.01602709999997387	epochs	3.0
946.1624250198913	0.03187800000000607	epochs	2.0
946.1624250198913	0.015968200000088473	epochs	3.0
946.1783932198914	0.015909799999917595	epochs	3.0
946.1943030198913	0.031645700000012766	epochs	2.0
946.1943030198913	0.01585160000001906	epochs	3.0
946.2101546198913	0.015794099999993705	epochs	3.0
946.2259487198913	0.0314167000000225	epochs	2.0
946.2259487198913	0.015736700000047676	epochs	3.0
946.2416854198914	0.015679999999974825	epochs	3.0
946.2573654198914	0.031191100000000915	epochs	2.0
946.2573654198914	0.015623600000026272	epochs	3.0
946.2729890198914	0.015567499999974643	epochs	3.0
946.2885565198914	0.030968700000016725	epochs	2.0
946.2885565198914	0.015511999999944237	epochs	3.0
946.3040685198913	0.015456700000072487	epochs	3.0
946.3195252198914	0.030749499999956242	epochs	2.0
946.3195252198914	0.015401999999994587	epochs	3.0
946.3349272198914	0.015347499999961656	epochs	3.0
946.3502747198913	0.03053320000003623	epochs	2.0
946.3502747198913	0.015293400000018664	epochs	3.0
946.3655681198913	0.015239800000017567	epochs	3.0
946.3808079198914	0.03032010000003993	epochs	2.0
946.3808079198914	0.015186500000027081	epochs	3.0
946.3959944198914	0.015133600000012848	epochs	3.0
946.4111280198914	0.030109899999956724	epochs	2.0
946.4111280198914	0.015080999999895539	epochs	3.0
946.4262090198913	0.015028900000061185	epochs	3.0
946.4412379198914	0.02990250000004835	epochs	2.0
946.4412379198914	0.014977000000044427	epochs	3.0
946.4562149198914	0.014925500000003922	epochs	3.0
946.4711404198914	0.029698099999905025	epochs	2.0
946.4711404198914	0.01487439999993967	epochs	3.0
946.4860148198914	0.014823699999965356	epochs	3.0
946.5008385198913	0.02949630000000525	epochs	2.0
946.5008385198913	0.014773200000036013	epochs	3.0
946.5156117198914	0.014723099999969236	epochs	3.0
946.5303348198913	0.02929740000001857	epochs	2.0
946.5303348198913	0.014673399999992398	epochs	3.0
946.5450082198913	0.014624000000026172	epochs	3.0
946.5596322198913	0.029101100000048064	epochs	2.0
946.5596322198913	0.014574900000070556	epochs	3.0
946.5742071198914	0.014526199999977507	epochs	3.0
946.5887333198914	0.028907399999980044	epochs	2.0
946.5887333198914	0.014477699999929428	epochs	3.0
946.6032110198913	0.014429700000050616	epochs	3.0
946.6176407198914	0.028716199999962555	epochs	2.0
946.6176407198914	0.014381800000023759	epochs	3.0
946.6320225198914	0.014334399999938796	epochs	3.0
946.6463569198913	0.028527600000074926	epochs	2.0
946.6463569198913	0.01428720000001249	epochs	3.0
946.6606441198913	0.014240400000062436	epochs	3.0
946.6748845198914	0.028341399999931127	epochs	2.0
946.6748845198914	0.014193799999929979	epochs	3.0
946.6890783198913	0.014147600000001148	epochs	3.0
946.7032259198913	0.028157700000065233	epochs	2.0
946.7032259198913	0.014101699999969242	epochs	3.0
946.7173276198913	0.014056000000095992	epochs	3.0
946.7313836198914	0.027976299999977527	epochs	2.0
946.7313836198914	0.01401060000000598	epochs	3.0
946.7453942198914	0.013965699999971548	epochs	3.0
946.7593599198914	0.02779720000000907	epochs	2.0
946.7593599198914	0.013920799999937117	epochs	3.0
946.7732807198913	0.013876400000071953	epochs	3.0
946.7871571198914	0.027620399999932488	epochs	2.0
946.7871571198914	0.013832200000024386	epochs	3.0
946.8009893198914	0.013788199999908102	epochs	3.0
946.8147775198913	0.02744590000008884	epochs	2.0
946.8147775198913	0.013744599999995444	epochs	3.0
946.8285221198913	0.013701300000093397	epochs	3.0
946.8422234198914	0.027273499999978412	epochs	2.0
946.8422234198914	0.01365819999989526	epochs	3.0
946.8558816198913	0.013615300000083153	epochs	3.0
946.8694969198914	0.027103399999987232	epochs	2.0
946.8694969198914	0.013572800000019924	epochs	3.0
946.8830697198914	0.013530599999967308	epochs	3.0
946.8966003198914	0.02693520000002536	epochs	2.0
946.8966003198914	0.013488400000028378	epochs	3.0
946.9100887198914	0.013446799999996983	epochs	3.0
946.9235355198914	0.026769199999989723	epochs	2.0
946.9235355198914	0.013405199999965589	epochs	3.0
946.9369407198914	0.013364000000024134	epochs	3.0
946.9503047198914	0.026605199999949036	epochs	2.0
946.9503047198914	0.013322899999934634	epochs	3.0
946.9636276198913	0.013282300000014402	epochs	3.0
946.9769099198913	0.026443200000016986	epochs	2.0
946.9769099198913	0.013241699999980483	epochs	3.0
946.9901516198913	0.013201500000036503	epochs	3.0
947.0033531198914	0.0262831999999662	epochs	2.0
947.0033531198914	0.013161500000023807	epochs	3.0
947.0165146198914	0.013121699999942393	epochs	3.0
947.0296363198913	0.02612499999997908	epochs	2.0
947.0296363198913	0.013082100000019636	epochs	3.0
947.0427184198913	0.013042899999959445	epochs	3.0
947.0557613198913	0.025968900000066242	epochs	2.0
947.0557613198913	0.01300390000005791	epochs	3.0
947.0687652198914	0.012965000000008331	epochs	3.0
947.0817302198914	0.025814500000024054	epochs	2.0
947.0817302198914	0.012926399999969362	epochs	3.0
947.0946566198913	0.012888100000054692	epochs	3.0
947.1075447198914	0.025661899999931848	epochs	2.0
947.1075447198914	0.012849899999991976	epochs	3.0
947.1203946198914	0.012811999999939871	epochs	3.0
947.1332066198913	0.025511199999982637	epochs	2.0
947.1332066198913	0.012774400000012065	epochs	3.0
947.1459810198913	0.012736799999970572	epochs	3.0
947.1587178198913	0.025362300000097093	epochs	2.0
947.1587178198913	0.012699700000098346	epochs	3.0
947.1714175198914	0.012662599999998747	epochs	3.0
947.1840801198914	0.025215000000002874	epochs	2.0
947.1840801198914	0.01262579999990976	epochs	3.0
947.1967059198913	0.012589200000093115	epochs	3.0
947.2092951198914	0.024584799999956886	epochs	2.0
947.2324102198913	0.5	epochs	-1.0
947.2338799198914	0.5248000000000275	epochs	1.0
947.7586799198914	0.47511999999994714	epochs	0.0
948.146999835968	0.07479999999998199	epochs	0.0
948.146999835968	0.032403400000021065	epochs	1.0
948.179403235968	0.009993199999939861	epochs	1.0
948.189396435968	0.032403400000021065	epochs	1.0
948.221879835968	2.0	epochs	0.0
950.221850135968	0.5	epochs	-1.0
950.221879835968	5.364479999999958	epochs	0.0
950.221879835968	1.0	epochs	1.0
950.721850135968	4.864509699999985	epochs	-1.0
951.221879835968	4.364479999999958	epochs	1.0
951.221879835968	4.356753899999944	epochs	-1.0
951.221879835968	1.9745871999999736	epochs	2.0
951.221879835968	1.0985621999999466	epochs	3.0
952.320442035968	0.8760250000000269	epochs	3.0
953.196467035968	1.3524075000000266	epochs	2.0
953.196467035968	0.7286354999999958	epochs	3.0
953.925102535968	0.6237720000000309	epochs	3.0
954.548874535968	1.029759199999944	epochs	2.0
954.548874535968	0.5453293000000485	epochs	3.0
955.0942038359681	0.4844298999998955	epochs	3.0
955.578633735968	0.007726100000013503	epochs	2.0
955.578633735968	0.007726100000013503	epochs	3.0
955.586359835968	16.635440000000017	epochs	0.0
955.9679999351501	0.07479999999998199	epochs	0.0
955.9679999351501	0.032403400000021065	epochs	1.0
956.0004033351502	0.009993199999939861	epochs	1.0
956.0103965351501	0.032403400000021065	epochs	1.0
956.0428799351502	2.0	epochs	0.0
958.0428502351501	0.5	epochs	-1.0
958.0428799351502	0.5448000000000093	epochs	0.0
958.0428799351502	0.5448000000000093	epochs	1.0
958.5428502351501	0.04482970000003661	epochs	-1.0
958.5876799351502	21.455119999999965	epochs	0.0
959.7579998970032	0.07479999999998199	epochs	0.0
959.7579998970032	0.032403400000021065	epochs	1.0
959.7904032970032	0.009993199999939861	epochs	1.0
959.8003964970031	0.032403400000021065	epochs	1.0
959.8328798970032	2.0	epochs	0.0
961.8328501970032	0.5	epochs	-1.0
961.8328798970032	21.54535999999996	epochs	0.0
961.8328798970032	1.0	epochs	1.0
962.3328501970032	19.998159999999984	epochs	-1.0
962.8328798970032	20.0	epochs	1.0
962.8328798970032	4.356753899999944	epochs	-1.0
962.8328798970032	1.9745871999999736	epochs	2.0
962.8328798970032	1.0985621999999466	epochs	3.0
963.9314420970031	0.8760250000000269	epochs	3.0
964.8074670970032	1.3524075000000266	epochs	2.0
964.8074670970032	0.7286354999999958	epochs	3.0
965.5361025970032	0.6237720000000309	epochs	3.0
966.1598745970032	1.029759199999944	epochs	2.0
966.1598745970032	0.5453293000000485	epochs	3.0
966.7052038970032	0.4844298999998955	epochs	3.0
967.1896337970031	0.8317862000000105	epochs	2.0
967.1896337970031	0.4357763000000432	epochs	3.0
967.6254100970032	0.3960098999999673	epochs	3.0
968.0214199970031	0.6977970000000369	epochs	2.0
968.0214199970031	0.3628982000000178	epochs	3.0
968.3843181970032	0.33489880000001904	epochs	3.0
968.7192169970032	0.601045699999986	epochs	2.0
968.7192169970032	0.3109123000000409	epochs	3.0
969.0301292970032	0.29013339999994514	epochs	3.0
969.3202626970032	0.5278859000000011	epochs	2.0
969.3202626970032	0.2719586000000618	epochs	3.0
969.5922212970032	0.25592729999993935	epochs	3.0
969.8481485970032	0.4706193000000667	epochs	2.0
969.8481485970032	0.241681299999982	epochs	3.0
970.0898298970031	0.22893800000008468	epochs	3.0
970.3187678970032	0.42457039999999324	epochs	2.0
970.3187678970032	0.2174713999999085	epochs	3.0
970.5362392970031	0.20709900000008474	epochs	3.0
970.7433382970032	0.3867353999999068	epochs	2.0
970.7433382970032	0.19767109999997956	epochs	3.0
970.9410093970032	0.18906429999992724	epochs	3.0
971.1300736970031	0.3550953000000163	epochs	2.0
971.1300736970031	0.18117590000008477	epochs	3.0
971.3112495970032	0.17391939999993156	epochs	3.0
971.4851689970031	0.3282431000000088	epochs	2.0
971.4851689970031	0.1672219000000723	epochs	3.0
971.6523908970032	0.16102119999993647	epochs	3.0
971.8134120970032	0.30516799999998057	epochs	2.0
971.8134120970032	0.15526390000002266	epochs	3.0
971.9686759970032	0.1499040999999579	epochs	3.0
972.1185800970031	0.28512530000000424	epochs	2.0
972.1185800970031	0.1449021000000812	epochs	3.0
972.2634821970032	0.14022319999992305	epochs	3.0
972.4037053970031	0.267553800000087	epochs	2.0
972.4037053970031	0.1358369000000721	epochs	3.0
972.5395422970032	0.1317169000000149	epochs	3.0
972.6712591970032	0.252022899999929	epochs	2.0
972.6712591970032	0.1278393000000051	epochs	3.0
972.7990984970032	0.1241835999999239	epochs	3.0
972.9232820970032	0.23819650000007186	epochs	2.0
972.9232820970032	0.12073110000005727	epochs	3.0
973.0440131970032	0.1174654000000146	epochs	3.0
973.1614785970032	0.2258087999999816	epochs	2.0
973.1614785970032	0.1143718999999237	epochs	3.0
973.2758504970031	0.1114369000000579	epochs	3.0
973.3872873970032	0.2146460000000161	epochs	2.0
973.3872873970032	0.10864889999993466	epochs	3.0
973.4959362970031	0.10599710000008145	epochs	3.0
973.6019333970032	0.20453499999996438	epochs	2.0
973.6019333970032	0.10347149999995509	epochs	3.0
973.7054048970032	0.1010635000000093	epochs	3.0
973.8064683970032	0.19533400000000256	epochs	2.0
973.8064683970032	0.09876510000003691	epochs	3.0
973.9052334970032	0.09656889999996565	epochs	3.0
974.0018023970032	0.18692529999998442	epochs	2.0
974.0018023970032	0.09446830000001682	epochs	3.0
974.0962706970032	0.09245699999996759	epochs	3.0
974.1887276970032	0.17921069999999872	epochs	2.0
974.1887276970032	0.09052959999996801	epochs	3.0
974.2792572970031	0.08868110000003071	epochs	3.0
974.3679383970032	0.17210769999996955	epochs	2.0
974.3679383970032	0.08690630000000965	epochs	3.0
974.4548446970032	0.0852013999999599	epochs	3.0
974.5400460970031	0.16554640000003928	epochs	2.0
974.5400460970031	0.08356190000006336	epochs	3.0
974.6236079970032	0.08198449999997592	epochs	3.0
974.7055924970032	0.15946710000002895	epochs	2.0
974.7055924970032	0.08046539999998004	epochs	3.0
974.7860578970032	0.07900170000004891	epochs	3.0
974.8650595970032	0.15381839999997737	epochs	2.0
974.8650595970032	0.07759009999995214	epochs	3.0
974.9426496970032	0.07622830000002523	epochs	3.0
975.0188779970032	0.14855639999996129	epochs	2.0
975.0188779970032	0.07491329999993468	epochs	3.0
975.0937912970031	0.0736431000000266	epochs	3.0
975.1674343970031	0.14364239999997608	epochs	2.0
975.1674343970031	0.07241499999997814	epochs	3.0
975.2398493970031	0.07122739999999794	epochs	3.0
975.3110767970031	0.13904310000009446	epochs	2.0
975.3110767970031	0.07007800000008046	epochs	3.0
975.3811547970032	0.06896510000001399	epochs	3.0
975.4501198970032	0.1347293000000036	epochs	2.0
975.4501198970032	0.0678871000000072	epochs	3.0
975.5180069970032	0.06684219999999641	epochs	3.0
975.5848491970032	0.13067519999992783	epochs	2.0
975.5848491970032	0.06582909999997355	epochs	3.0
975.6506782970032	0.06484609999995428	epochs	3.0
975.7155243970032	0.12685780000003888	epochs	2.0
975.7155243970032	0.06389200000000983	epochs	3.0
975.7794163970032	0.06296580000002905	epochs	3.0
975.8423821970032	0.12325720000001184	epochs	2.0
975.8423821970032	0.06206580000002759	epochs	3.0
975.9044479970032	0.06119139999998424	epochs	3.0
975.9656393970032	0.11985540000000583	epochs	2.0
975.9656393970032	0.060341099999959624	epochs	3.0
976.0259804970032	0.059514300000046205	epochs	3.0
976.0854947970032	0.11663620000001629	epochs	2.0
976.0854947970032	0.058709599999929196	epochs	3.0
976.1442043970031	0.05792660000008709	epochs	3.0
976.2021309970032	0.11358559999996487	epochs	2.0
976.2021309970032	0.05716419999998834	epochs	3.0
976.2592951970032	0.05642139999997653	epochs	3.0
976.3157165970032	0.11069050000003244	epochs	2.0
976.3157165970032	0.05569789999992736	epochs	3.0
976.3714144970031	0.054992600000105085	epochs	3.0
976.4264070970032	0.10793909999995321	epochs	2.0
976.4264070970032	0.05430489999992005	epochs	3.0
976.4807119970031	0.05363420000003316	epochs	3.0
976.5343461970032	0.10532149999994544	epochs	2.0
976.5343461970032	0.05298000000004777	epochs	3.0
976.5873261970032	0.05234149999989768	epochs	3.0
976.6396676970031	0.10282760000006874	epochs	2.0
976.6396676970031	0.05171810000001642	epochs	3.0
976.6913857970031	0.05110950000005232	epochs	3.0
976.7424952970032	0.10044909999999163	epochs	2.0
976.7424952970032	0.05051489999993919	epochs	3.0
976.7930101970031	0.04993420000005244	epochs	3.0
976.8429443970032	0.0981782999999723	epochs	2.0
976.8429443970032	0.04936659999998483	epochs	3.0
976.8923109970032	0.04881169999998747	epochs	3.0
976.9411226970032	0.09600780000005216	epochs	2.0
976.9411226970032	0.04826920000004975	epochs	3.0
976.9893918970032	0.04773860000000241	epochs	3.0
977.0371304970032	0.09393119999992905	epochs	2.0
977.0371304970032	0.04721949999998287	epochs	3.0
977.0843499970032	0.04671169999994618	epochs	3.0
977.1310616970031	0.09194260000003851	epochs	2.0
977.1310616970031	0.046214599999984785	epochs	3.0
977.1772762970031	0.045728000000053726	epochs	3.0
977.2230042970032	0.09003629999995155	epochs	2.0
977.2230042970032	0.045251499999949374	epochs	3.0
977.2682557970031	0.04478480000000218	epochs	3.0
977.3130405970031	0.08820760000003247	epochs	2.0
977.3130405970031	0.044327800000019124	epochs	3.0
977.3573683970031	0.04387980000001335	epochs	3.0
977.4012481970032	0.0864516999999978	epochs	2.0
977.4012481970032	0.04344100000002982	epochs	3.0
977.4446891970032	0.04301069999996798	epochs	3.0
977.4876998970032	0.0847643000000744	epochs	2.0
977.4876998970032	0.04258900000002086	epochs	3.0
977.5302888970032	0.04217530000005354	epochs	3.0
977.5724641970032	0.08314149999989695	epochs	2.0
977.5724641970032	0.041769699999917975	epochs	3.0
977.6142338970031	0.041371799999978975	epochs	3.0
977.6556056970031	0.08157970000002024	epochs	2.0
977.6556056970031	0.04098140000007788	epochs	3.0
977.6965870970032	0.040598299999942355	epochs	3.0
977.7371853970031	0.08007550000002084	epochs	2.0
977.7371853970031	0.04022229999998217	epochs	3.0
977.7774076970031	0.03985320000003867	epochs	3.0
977.8172608970032	0.07862569999997504	epochs	2.0
977.8172608970032	0.0394907999999532	epochs	3.0
977.8567516970031	0.039134900000021844	epochs	3.0
977.8958865970031	0.07722760000001472	epochs	2.0
977.8958865970031	0.038785400000051595	epochs	3.0
977.9346719970032	0.03844219999996312	epochs	3.0
977.9731141970032	0.07587820000003376	epochs	2.0
977.9731141970032	0.038104800000041905	epochs	3.0
978.0112189970032	0.03777339999999185	epochs	3.0
978.0489923970032	0.0745752000000266	epochs	2.0
978.0489923970032	0.03744770000002973	epochs	3.0
978.0864400970032	0.03712749999999687	epochs	3.0
978.1235675970032	0.07331629999998768	epochs	2.0
978.1235675970032	0.036812899999972615	epochs	3.0
978.1603804970032	0.03650340000001506	epochs	3.0
978.1968838970032	0.07209899999998015	epochs	2.0
978.1968838970032	0.03619909999997617	epochs	3.0
978.2330829970032	0.03589990000000398	epochs	3.0
978.2689828970032	0.07092169999998532	epochs	2.0
978.2689828970032	0.03560559999993984	epochs	3.0
978.3045884970031	0.03531610000004548	epochs	3.0
978.3399045970032	0.06978200000003199	epochs	2.0
978.3399045970032	0.03503120000004856	epochs	3.0
978.3749357970032	0.03475079999998343	epochs	3.0
978.4096865970032	0.06867859999999837	epochs	2.0
978.4096865970032	0.03447510000000875	epochs	3.0
978.4441616970032	0.03420349999998962	epochs	3.0
978.4783651970032	0.06760929999995824	epochs	2.0
978.4783651970032	0.033936199999970995	epochs	3.0
978.5123013970032	0.033673099999987244	epochs	3.0
978.5459744970032	0.06657289999998284	epochs	2.0
978.5459744970032	0.03341399999999339	epochs	3.0
978.5793884970032	0.033158899999989444	epochs	3.0
978.6125473970031	0.06556780000005347	epochs	2.0
978.6125473970031	0.032907700000009754	epochs	3.0
978.6454550970032	0.03266010000004371	epochs	3.0
978.6781151970032	0.06459259999996902	epochs	2.0
978.6781151970032	0.032416399999988244	epochs	3.0
978.7105315970032	0.03217619999998078	epochs	3.0
978.7427077970032	0.06364600000006249	epochs	2.0
978.7427077970032	0.03193959999998697	epochs	3.0
978.7746473970032	0.03170640000007552	epochs	3.0
978.8063537970032	0.0627266999999847	epochs	2.0
978.8063537970032	0.031476599999905375	epochs	3.0
978.8378303970031	0.03125010000007933	epochs	3.0
978.8690804970032	0.06183359999999993	epochs	2.0
978.8690804970032	0.03102689999991526	epochs	3.0
978.9001073970031	0.030806700000084675	epochs	3.0
978.9309140970032	0.060965599999917686	epochs	2.0
978.9309140970032	0.030589799999916067	epochs	3.0
978.9615038970031	0.030375800000001618	epochs	3.0
978.9918796970031	0.06012160000000222	epochs	2.0
978.9918796970031	0.030164900000045236	epochs	3.0
979.0220445970032	0.02995669999995698	epochs	3.0
979.0520012970031	0.05930069999999432	epochs	2.0
979.0520012970031	0.029751600000054168	epochs	3.0
979.0817528970032	0.029549099999940154	epochs	3.0
979.1113019970031	0.05850180000004457	epochs	2.0
979.1113019970031	0.02934940000000097	epochs	3.0
979.1406513970031	0.0291524000000436	epochs	3.0
979.1698037970032	0.057724200000052406	epochs	2.0
979.1698037970032	0.028957999999988715	epochs	3.0
979.1987617970032	0.02876620000006369	epochs	3.0
979.2275279970032	0.05696709999995164	epochs	2.0
979.2275279970032	0.028576999999927466	epochs	3.0
979.2561049970031	0.028390100000024177	epochs	3.0
979.2844950970032	0.05622949999997218	epochs	2.0
979.2844950970032	0.028205699999944045	epochs	3.0
979.3127007970031	0.028023800000028132	epochs	3.0
979.3407245970031	0.05551070000001346	epochs	2.0
979.3407245970031	0.02784400000007281	epochs	3.0
979.3685685970032	0.027666699999940647	epochs	3.0
979.3962352970032	0.054810200000019904	epochs	2.0
979.3962352970032	0.02749149999999645	epochs	3.0
979.4237267970032	0.027318700000023455	epochs	3.0
979.4510454970032	0.05412699999999404	epochs	2.0
979.4510454970032	0.027147799999966082	epochs	3.0
979.4781932970031	0.02697920000002796	epochs	3.0
979.5051724970032	0.053460699999959616	epochs	2.0
979.5051724970032	0.0268125999999711	epochs	3.0
979.5319850970031	0.026648099999988517	epochs	3.0
979.5586331970031	0.05281070000000909	epochs	2.0
979.5586331970031	0.026485600000000886	epochs	3.0
979.5851187970031	0.026325100000008206	epochs	3.0
979.6114438970031	0.05217620000007628	epochs	2.0
979.6114438970031	0.026166400000079193	epochs	3.0
979.6376102970032	0.026009799999997085	epochs	3.0
979.6636200970032	0.051556699999991906	epochs	2.0
979.6636200970032	0.025854799999933675	epochs	3.0
979.6894748970032	0.02570190000005823	epochs	3.0
979.7151767970032	0.05095189999997274	epochs	2.0
979.7151767970032	0.025550699999939752	epochs	3.0
979.7407274970031	0.025401200000032986	epochs	3.0
979.7661286970032	0.05036099999995258	epochs	2.0
979.7661286970032	0.025253499999962514	epochs	3.0
979.7913821970031	0.02510749999999007	epochs	3.0
979.8164896970031	0.049783800000000156	epochs	2.0
979.8164896970031	0.02496320000000196	epochs	3.0
979.8414528970031	0.024820599999998194	epochs	3.0
979.8662734970031	0.049219500000049266	epochs	2.0
979.8662734970031	0.02467940000008184	epochs	3.0
979.8909528970032	0.024540099999967424	epochs	3.0
979.9154929970032	0.048667899999941255	epochs	2.0
979.9154929970032	0.02440209999997478	epochs	3.0
979.9398950970032	0.024265799999966475	epochs	3.0
979.9641608970031	0.04812860000004093	epochs	2.0
979.9641608970031	0.024131000000011227	epochs	3.0
979.9882918970031	0.023997600000029706	epochs	3.0
980.0122894970032	0.047601100000065344	epochs	2.0
980.0122894970032	0.023865799999953197	epochs	3.0
980.0361552970031	0.023735300000112147	epochs	3.0
980.0598905970032	0.04708499999992455	epochs	2.0
980.0598905970032	0.023606299999983094	epochs	3.0
980.0834968970032	0.023478699999941455	epochs	3.0
980.1069755970032	0.04658000000006268	epochs	2.0
980.1069755970032	0.02335249999998723	epochs	3.0
980.1303280970031	0.02322750000007545	epochs	3.0
980.1535555970032	0.04608569999993506	epochs	2.0
980.1535555970032	0.023103999999989355	epochs	3.0
980.1766595970032	0.022981699999945704	epochs	3.0
980.1996412970032	0.045601799999985815	epochs	2.0
980.1996412970032	0.022860700000023826	epochs	3.0
980.2225019970032	0.02274109999996199	epochs	3.0
980.2452430970031	0.04512790000001132	epochs	2.0
980.2452430970031	0.022622500000011314	epochs	3.0
980.2678655970032	0.02250540000000001	epochs	3.0
980.2903709970032	0.044663799999966614	epochs	2.0
980.2903709970032	0.02238929999998618	epochs	3.0
980.3127602970031	0.022274499999980435	epochs	3.0
980.3350347970031	0.04420920000006845	epochs	2.0
980.3350347970031	0.022160800000051495	epochs	3.0
980.3571955970032	0.022048400000016954	epochs	3.0
980.3792439970032	0.043763600000033875	epochs	2.0
980.3792439970032	0.021936900000014248	epochs	3.0
980.4011808970032	0.021826700000019628	epochs	3.0
980.4230075970032	0.04332709999994222	epochs	2.0
980.4230075970032	0.021717599999988124	epochs	3.0
980.4447251970032	0.021609499999954096	epochs	3.0
980.4663346970032	0.04289900000003399	epochs	2.0
980.4663346970032	0.02150249999999687	epochs	3.0
980.4878371970032	0.021396500000037122	epochs	3.0
980.5092336970032	0.042479500000013104	epochs	2.0
980.5092336970032	0.02129170000000613	epochs	3.0
980.5305253970032	0.021187800000006973	epochs	3.0
980.5517131970032	0.042067900000006375	epochs	2.0
980.5517131970032	0.02108490000000529	epochs	3.0
980.5727980970032	0.020983000000001084	epochs	3.0
980.5937810970032	0.04166439999994509	epochs	2.0
980.5937810970032	0.020882199999959994	epochs	3.0
980.6146632970032	0.020782199999985096	epochs	3.0
980.6354454970032	0.04126850000000104	epochs	2.0
980.6354454970032	0.020683299999973315	epochs	3.0
980.6561287970031	0.020585200000027726	epochs	3.0
980.6767139970032	0.04088000000001557	epochs	2.0
980.6767139970032	0.020488099999965925	epochs	3.0
980.6972020970031	0.020391900000049645	epochs	3.0
980.7175939970032	0.04049880000002304	epochs	2.0
980.7175939970032	0.020296599999937825	epochs	3.0
980.7378905970031	0.020202200000085213	epochs	3.0
980.7580927970032	0.04012460000001283	epochs	2.0
980.7580927970032	0.020108699999923374	epochs	3.0
980.7782014970031	0.02001590000008946	epochs	3.0
980.7982173970032	0.039757299999905626	epochs	2.0
980.7982173970032	0.019924199999991288	epochs	3.0
980.8181415970032	0.01983309999991434	epochs	3.0
980.8379746970031	0.03939669999999751	epochs	2.0
980.8379746970031	0.01974300000006224	epochs	3.0
980.8577176970032	0.01965369999993527	epochs	3.0
980.8773713970031	0.039042400000084854	epochs	2.0
980.8773713970031	0.01956510000002254	epochs	3.0
980.8969364970031	0.019477300000062314	epochs	3.0
980.9164137970032	0.03869459999998526	epochs	2.0
980.9164137970032	0.019390400000020236	epochs	3.0
980.9358041970032	0.01930419999996502	epochs	3.0
980.9551083970032	0.03835289999994984	epochs	2.0
980.9551083970032	0.019218799999976	epochs	3.0
980.9743271970032	0.01913409999997384	epochs	3.0
980.9934612970031	0.03801720000001296	epochs	2.0
980.9934612970031	0.019050200000037876	epochs	3.0
981.0125114970032	0.018966999999975087	epochs	3.0
981.0314784970031	0.037687200000050325	epochs	2.0
981.0314784970031	0.01888450000001285	epochs	3.0
981.0503629970032	0.018802700000037476	epochs	3.0
981.0691656970032	0.03736309999999321	epochs	2.0
981.0691656970032	0.018721700000014607	epochs	3.0
981.0878873970032	0.018641399999978603	epochs	3.0
981.1065287970032	0.03704429999993408	epochs	2.0
981.1065287970032	0.01856159999999818	epochs	3.0
981.1250903970032	0.018482699999935903	epochs	3.0
981.1435730970031	0.0367310000000316	epochs	2.0
981.1435730970031	0.018404300000042895	epochs	3.0
981.1619773970032	0.018326699999988705	epochs	3.0
981.1803040970032	0.036422900000047775	epochs	2.0
981.1803040970032	0.018249599999990096	epochs	3.0
981.1985536970031	0.01817330000005768	epochs	3.0
981.2167269970032	0.03612009999994825	epochs	2.0
981.2167269970032	0.01809759999991911	epochs	3.0
981.2348245970031	0.01802250000002914	epochs	3.0
981.2528470970032	0.03582210000001851	epochs	2.0
981.2528470970032	0.017947899999967376	epochs	3.0
981.2707949970031	0.017874200000051133	epochs	3.0
981.2886691970032	0.03552899999999681	epochs	2.0
981.2886691970032	0.017800800000031813	epochs	3.0
981.3064699970032	0.017728199999965	epochs	3.0
981.3241981970032	0.03524070000003121	epochs	2.0
981.3241981970032	0.017656099999953767	epochs	3.0
981.3418542970031	0.017584600000077444	epochs	3.0
981.3594388970032	0.03495709999992869	epochs	2.0
981.3594388970032	0.01751369999999497	epochs	3.0
981.3769525970032	0.017443399999933717	epochs	3.0
981.3943959970031	0.03467790000001969	epochs	2.0
981.3943959970031	0.017373600000041733	epochs	3.0
981.4117695970032	0.017304299999977957	epochs	3.0
981.4290738970031	0.03440330000000813	epochs	2.0
981.4290738970031	0.01723570000001473	epochs	3.0
981.4463095970032	0.0171675999999934	epochs	3.0
981.4634771970032	0.0341328000000658	epochs	2.0
981.4634771970032	0.017099900000062007	epochs	3.0
981.4805770970032	0.017032900000003792	epochs	3.0
981.4976099970032	0.033866699999975935	epochs	2.0
981.4976099970032	0.01696640000000116	epochs	3.0
981.5145763970032	0.016900299999974777	epochs	3.0
981.5314766970032	0.03360459999998966	epochs	2.0
981.5314766970032	0.01683479999996962	epochs	3.0
981.5483114970032	0.01676980000002004	epochs	3.0
981.5650812970032	0.033346599999958926	epochs	2.0
981.5650812970032	0.016705300000012357	epochs	3.0
981.5817865970032	0.01664129999994657	epochs	3.0
981.5984278970031	0.03309250000006614	epochs	2.0
981.5984278970031	0.016577800000050047	epochs	3.0
981.6150056970032	0.01651470000001609	epochs	3.0
981.6315203970032	0.03284229999997024	epochs	2.0
981.6315203970032	0.01645220000000336	epochs	3.0
981.6479725970032	0.01639009999996688	epochs	3.0
981.6643626970032	0.03259570000000167	epochs	2.0
981.6643626970032	0.016328400000020338	epochs	3.0
981.6806910970032	0.016267299999981333	epochs	3.0
981.6969583970032	0.032352899999978035	epochs	2.0
981.6969583970032	0.016206600000032267	epochs	3.0
981.7131649970032	0.016146299999945768	epochs	3.0
981.7293112970032	0.03211369999996805	epochs	2.0
981.7293112970032	0.016086599999994178	epochs	3.0
981.7453978970032	0.01602709999997387	epochs	3.0
981.7614249970031	0.03187800000000607	epochs	2.0
981.7614249970031	0.015968200000088473	epochs	3.0
981.7773931970032	0.015909799999917595	epochs	3.0
981.7933029970031	0.031645700000012766	epochs	2.0
981.7933029970031	0.01585160000001906	epochs	3.0
981.8091545970032	0.015794099999993705	epochs	3.0
981.8249486970032	0.0314167000000225	epochs	2.0
981.8249486970032	0.015736700000047676	epochs	3.0
981.8406853970032	0.015679999999974825	epochs	3.0
981.8563653970032	0.031191100000000915	epochs	2.0
981.8563653970032	0.015623600000026272	epochs	3.0
981.8719889970032	0.015567499999974643	epochs	3.0
981.8875564970032	0.030968700000016725	epochs	2.0
981.8875564970032	0.015511999999944237	epochs	3.0
981.9030684970031	0.015456700000072487	epochs	3.0
981.9185251970032	0.030749499999956242	epochs	2.0
981.9185251970032	0.015401999999994587	epochs	3.0
981.9339271970032	0.015347499999961656	epochs	3.0
981.9492746970031	0.03053320000003623	epochs	2.0
981.9492746970031	0.015293400000018664	epochs	3.0
981.9645680970032	0.015239800000017567	epochs	3.0
981.9798078970032	0.03032010000003993	epochs	2.0
981.9798078970032	0.015186500000027081	epochs	3.0
981.9949943970032	0.015133600000012848	epochs	3.0
982.0101279970032	0.030109899999956724	epochs	2.0
982.0101279970032	0.015080999999895539	epochs	3.0
982.0252089970031	0.015028900000061185	epochs	3.0
982.0402378970032	0.02990250000004835	epochs	2.0
982.0402378970032	0.014977000000044427	epochs	3.0
982.0552148970032	0.014925500000003922	epochs	3.0
982.0701403970032	0.029698099999905025	epochs	2.0
982.0701403970032	0.01487439999993967	epochs	3.0
982.0850147970032	0.014823699999965356	epochs	3.0
982.0998384970031	0.02949630000000525	epochs	2.0
982.0998384970031	0.014773200000036013	epochs	3.0
982.1146116970032	0.014723099999969236	epochs	3.0
982.1293347970031	0.02929740000001857	epochs	2.0
982.1293347970031	0.014673399999992398	epochs	3.0
982.1440081970031	0.014624000000026172	epochs	3.0
982.1586321970032	0.029101100000048064	epochs	2.0
982.1586321970032	0.014574900000070556	epochs	3.0
982.1732070970032	0.014526199999977507	epochs	3.0
982.1877332970032	0.028907399999980044	epochs	2.0
982.1877332970032	0.014477699999929428	epochs	3.0
982.2022109970031	0.014429700000050616	epochs	3.0
982.2166406970032	0.028716199999962555	epochs	2.0
982.2166406970032	0.014381800000023759	epochs	3.0
982.2310224970032	0.014334399999938796	epochs	3.0
982.2453568970031	0.028527600000074926	epochs	2.0
982.2453568970031	0.01428720000001249	epochs	3.0
982.2596440970032	0.014240400000062436	epochs	3.0
982.2738844970032	0.028341399999931127	epochs	2.0
982.2738844970032	0.014193799999929979	epochs	3.0
982.2880782970032	0.014147600000001148	epochs	3.0
982.3022258970032	0.028157700000065233	epochs	2.0
982.3022258970032	0.014101699999969242	epochs	3.0
982.3163275970031	0.014056000000095992	epochs	3.0
982.3303835970032	0.027976299999977527	epochs	2.0
982.3303835970032	0.01401060000000598	epochs	3.0
982.3443941970032	0.013965699999971548	epochs	3.0
982.3583598970032	0.02779720000000907	epochs	2.0
982.3583598970032	0.013920799999937117	epochs	3.0
982.3722806970031	0.013876400000071953	epochs	3.0
982.3861570970032	0.027620399999932488	epochs	2.0
982.3861570970032	0.013832200000024386	epochs	3.0
982.3999892970032	0.013788199999908102	epochs	3.0
982.4137774970031	0.02744590000008884	epochs	2.0
982.4137774970031	0.013744599999995444	epochs	3.0
982.4275220970031	0.013701300000093397	epochs	3.0
982.4412233970032	0.027273499999978412	epochs	2.0
982.4412233970032	0.01365819999989526	epochs	3.0
982.4548815970031	0.013615300000083153	epochs	3.0
982.4684968970032	0.027103399999987232	epochs	2.0
982.4684968970032	0.013572800000019924	epochs	3.0
982.4820696970032	0.013530599999967308	epochs	3.0
982.4956002970032	0.02693520000002536	epochs	2.0
982.4956002970032	0.013488400000028378	epochs	3.0
982.5090886970032	0.013446799999996983	epochs	3.0
982.5225354970032	0.026769199999989723	epochs	2.0
982.5225354970032	0.013405199999965589	epochs	3.0
982.5359406970032	0.013364000000024134	epochs	3.0
982.5493046970032	0.026605199999949036	epochs	2.0
982.5493046970032	0.013322899999934634	epochs	3.0
982.5626275970031	0.013282300000014402	epochs	3.0
982.5759098970032	0.026443200000016986	epochs	2.0
982.5759098970032	0.013241699999980483	epochs	3.0
982.5891515970031	0.013201500000036503	epochs	3.0
982.6023530970032	0.0262831999999662	epochs	2.0
982.6023530970032	0.013161500000023807	epochs	3.0
982.6155145970032	0.013121699999942393	epochs	3.0
982.6286362970031	0.02612499999997908	epochs	2.0
982.6286362970031	0.013082100000019636	epochs	3.0
982.6417183970032	0.013042899999959445	epochs	3.0
982.6547612970031	0.025968900000066242	epochs	2.0
982.6547612970031	0.01300390000005791	epochs	3.0
982.6677651970032	0.012965000000008331	epochs	3.0
982.6807301970032	0.025814500000024054	epochs	2.0
982.6807301970032	0.012926399999969362	epochs	3.0
982.6936565970032	0.012888100000054692	epochs	3.0
982.7065446970032	0.025661899999931848	epochs	2.0
982.7065446970032	0.012849899999991976	epochs	3.0
982.7193945970032	0.012811999999939871	epochs	3.0
982.7322065970031	0.025511199999982637	epochs	2.0
982.7322065970031	0.012774400000012065	epochs	3.0
982.7449809970032	0.012736799999970572	epochs	3.0
982.7577177970031	0.025362300000097093	epochs	2.0
982.7577177970031	0.012699700000098346	epochs	3.0
982.7704174970032	0.012662599999998747	epochs	3.0
982.7830800970032	0.025215000000002874	epochs	2.0
982.7830800970032	0.01262579999990976	epochs	3.0
982.7957058970031	0.012589200000093115	epochs	3.0
982.8082950970032	0.024584799999956886	epochs	2.0
982.8310101970031	0.5	epochs	-1.0
982.8328798970032	0.5453599999999597	epochs	1.0
983.3782398970031	0.45456000000001495	epochs	0.0
1003.3779997825623	0.07479999999998199	epochs	0.0
1003.3779997825623	0.032403400000021065	epochs	1.0
1003.4104031825623	0.009993199999939861	epochs	1.0
1003.4203963825622	0.032403400000021065	epochs	1.0
1003.4528797825623	0.2299199999999928	epochs	0.0
1003.4528797825623	0.049999999999954525	epochs	1.0
1003.5028797825622	0.009999999999990905	epochs	1.0
1003.5128797825622	0.05000000000006821	epochs	1.0
1003.5628797825623	0.009999999999990905	epochs	1.0
1003.5728797825623	0.049999999999954525	epochs	1.0
1003.6228797825622	0.009999999999990905	epochs	1.0
1003.6328797825622	0.04992000000004282	epochs	1.0
1463.5079998970032	0.07480000000009568	epochs	0.0
1463.5079998970032	0.032403400000021065	epochs	1.0
1463.5404032970032	0.009993200000053548	epochs	1.0
1463.5503964970032	0.032403400000021065	epochs	1.0
1463.582879897003	0.2299199999999928	epochs	0.0
1463.582879897003	0.0500000000001819	epochs	1.0
1463.6328798970032	0.009999999999990905	epochs	1.0
1463.6428798970032	0.049999999999954525	epochs	1.0
1463.6928798970032	0.009999999999990905	epochs	1.0
1463.7028798970032	0.049999999999954525	epochs	1.0
1463.7528798970031	0.009999999999990905	epochs	1.0
1463.7628798970031	0.04991999999992913	epochs	1.0
1504.9920001029968	0.07480000000009568	epochs	0.0
1504.9920001029968	0.032403400000021065	epochs	1.0
1505.0244035029968	0.009993200000053548	epochs	1.0
1505.034396702997	0.032403400000021065	epochs	1.0
1505.0668801029967	2.999920000000202	epochs	0.0
1505.0668801029967	1.0	epochs	1.0
1506.0668801029967	1.0	epochs	1.0
1507.0668801029967	0.999920000000202	epochs	1.0
1509.1110000610352	0.07480000000009568	epochs	0.0
1509.1110000610352	0.032403400000021065	epochs	1.0
1509.1434034610352	0.009993200000053548	epochs	1.0
1509.1533966610352	0.032403400000021065	epochs	1.0
1509.185880061035	2.999920000000202	epochs	0.0
1509.185880061035	1.0	epochs	1.0
1510.185880061035	1.0	epochs	1.0
1511.185880061035	0.999920000000202	epochs	1.0
1513.3499999046326	0.07480000000009568	epochs	0.0
1513.3499999046326	0.032403400000021065	epochs	1.0
1513.3824033046326	0.009993200000053548	epochs	1.0
1513.3923965046326	0.032403400000021065	epochs	1.0
1513.4248799046325	2.999920000000202	epochs	0.0
1513.4248799046325	1.0	epochs	1.0
1514.4248799046325	1.0	epochs	1.0
1515.4248799046325	0.999920000000202	epochs	1.0
1517.6009998321533	0.07480000000009568	epochs	0.0
1517.6009998321533	0.032403400000021065	epochs	1.0
1517.6334032321533	0.009993200000053548	epochs	1.0
1517.6433964321534	0.032403400000021065	epochs	1.0
1517.6758798321532	2.999920000000202	epochs	0.0
1517.6758798321532	1.0	epochs	1.0
1518.6758798321532	1.0	epochs	1.0
1519.6758798321532	0.999920000000202	epochs	1.0
1523.843999862671	0.07480000000009568	epochs	0.0
1523.843999862671	0.032403400000021065	epochs	1.0
1523.876403262671	0.009993200000053548	epochs	1.0
1523.886396462671	0.032403400000021065	epochs	1.0
1523.9188798626708	2.999920000000202	epochs	0.0
1523.9188798626708	1.0	epochs	1.0
1524.9188798626708	1.0	epochs	1.0
1525.9188798626708	0.999920000000202	epochs	1.0
1528.1040000915527	0.07480000000009568	epochs	0.0
1528.1040000915527	0.032403400000021065	epochs	1.0
1528.1364034915528	0.009993200000053548	epochs	1.0
1528.1463966915528	0.032403400000021065	epochs	1.0
1528.1788800915526	1.0644000000002052	epochs	0.0
1528.1788800915526	1.0	epochs	1.0
1529.1788800915526	0.06440000000020518	epochs	1.0
1529.2432800915528	1.9355199999999968	epochs	0.0
