onset	duration	nwb_table	treelevel
8.775000095367432	0.09999999999999964	epochs	0.0
8.775000095367432	0.04499999999999993	epochs	1.0
8.820000095367432	0.009999999999999787	epochs	1.0
8.830000095367431	0.04499999999999993	epochs	1.0
8.875000095367431	0.7049950000000003	epochs	0.0
8.875000095367431	0.5	epochs	-1.0
8.875000095367431	0.5	epochs	-1.0
8.875000095367431	0.5	epochs	1.0
9.375000095367431	0.0600000000000005	epochs	-1.0
9.375000095367431	0.025000000000000355	epochs	-1.0
9.375000095367431	0.025000000000000355	epochs	1.0
9.400000095367432	0.009999999999999787	epochs	-1.0
9.400000095367432	0.009999999999999787	epochs	1.0
9.410000095367431	0.025000000000000355	epochs	-1.0
9.410000095367431	0.025000000000000355	epochs	1.0
9.435000095367432	0.0600000000000005	epochs	-1.0
9.435000095367432	0.025000000000000355	epochs	-1.0
9.435000095367432	0.025000000000000355	epochs	1.0
9.460000095367432	0.009999999999999787	epochs	-1.0
9.460000095367432	0.009999999999999787	epochs	1.0
9.470000095367432	0.025000000000000355	epochs	-1.0
9.470000095367432	0.025000000000000355	epochs	1.0
9.495000095367432	0.05999999999999872	epochs	-1.0
9.495000095367432	0.02499999999999858	epochs	-1.0
9.495000095367432	0.02499999999999858	epochs	1.0
9.52000009536743	0.010000000000001563	epochs	-1.0
9.52000009536743	0.010000000000001563	epochs	1.0
9.530000095367432	0.02499999999999858	epochs	-1.0
9.530000095367432	0.02499999999999858	epochs	1.0
9.555000095367431	0.024995000000000545	epochs	1.0
1256.7790002822876	0.09999999999990905	epochs	0.0
1256.7790002822876	0.04500000000007276	epochs	1.0
1256.8240002822877	0.009999999999990905	epochs	1.0
1256.8340002822877	0.044999999999845386	epochs	1.0
1256.8790002822875	0.5398050000001149	epochs	0.0
1256.8790002822875	0.5	epochs	-1.0
1256.8790002822875	0.5	epochs	1.0
1257.3790002822875	0.03980500000011489	epochs	-1.0
1257.3790002822875	0.02500000000009095	epochs	-1.0
1257.3790002822875	0.02500000000009095	epochs	1.0
1257.4040002822876	0.009999999999990905	epochs	-1.0
1257.4040002822876	0.009999999999990905	epochs	1.0
1257.4140002822876	0.004805000000033033	epochs	-1.0
1257.4140002822876	0.004805000000033033	epochs	1.0
1257.4188052822876	0.16518999999993866	epochs	0.0
1266.969000339508	0.09999999999990905	epochs	0.0
1266.969000339508	0.04500000000007276	epochs	1.0
1267.0140003395081	0.009999999999990905	epochs	1.0
1267.0240003395081	0.044999999999845386	epochs	1.0
1267.069000339508	0.7049950000000536	epochs	0.0
1267.069000339508	0.5	epochs	-1.0
1267.069000339508	0.5	epochs	1.0
1267.569000339508	0.060000000000172804	epochs	-1.0
1267.569000339508	0.02500000000009095	epochs	-1.0
1267.569000339508	0.02500000000009095	epochs	1.0
1267.594000339508	0.009999999999990905	epochs	-1.0
1267.594000339508	0.009999999999990905	epochs	1.0
1267.604000339508	0.02500000000009095	epochs	-1.0
1267.604000339508	0.02500000000009095	epochs	1.0
1267.6290003395081	0.05999999999994543	epochs	-1.0
1267.6290003395081	0.024999999999863576	epochs	-1.0
1267.6290003395081	0.024999999999863576	epochs	1.0
1267.654000339508	0.009999999999990905	epochs	-1.0
1267.654000339508	0.009999999999990905	epochs	1.0
1267.664000339508	0.02500000000009095	epochs	-1.0
1267.664000339508	0.02500000000009095	epochs	1.0
1267.689000339508	0.05999999999994543	epochs	-1.0
1267.689000339508	0.024999999999863576	epochs	-1.0
1267.689000339508	0.024999999999863576	epochs	1.0
1267.714000339508	0.010000000000218279	epochs	-1.0
1267.714000339508	0.010000000000218279	epochs	1.0
1267.7240003395082	0.024999999999863576	epochs	-1.0
1267.7240003395082	0.024999999999863576	epochs	1.0
1267.749000339508	0.024994999999989886	epochs	1.0
1353.4580001831055	0.09999999999990905	epochs	0.0
1353.4580001831055	0.04500000000007276	epochs	1.0
1353.5030001831055	0.009999999999990905	epochs	1.0
1353.5130001831055	0.044999999999845386	epochs	1.0
1353.5580001831054	61.38499500000012	epochs	0.0
1353.5580001831054	0.5	epochs	-1.0
1353.5580001831054	0.5	epochs	-1.0
1353.5580001831054	0.5	epochs	1.0
1354.0580001831054	0.060000000000172804	epochs	-1.0
1354.0580001831054	0.02500000000009095	epochs	-1.0
1354.0580001831054	0.02500000000009095	epochs	1.0
1354.0830001831055	0.009999999999990905	epochs	-1.0
1354.0830001831055	0.009999999999990905	epochs	1.0
1354.0930001831055	0.02500000000009095	epochs	-1.0
1354.0930001831055	0.02500000000009095	epochs	1.0
1354.1180001831056	0.05999999999994543	epochs	-1.0
1354.1180001831056	0.024999999999863576	epochs	-1.0
1354.1180001831056	0.024999999999863576	epochs	1.0
1354.1430001831054	0.009999999999990905	epochs	-1.0
1354.1430001831054	0.009999999999990905	epochs	1.0
1354.1530001831054	0.02500000000009095	epochs	-1.0
1354.1530001831054	0.02500000000009095	epochs	1.0
1354.1780001831055	0.05999999999994543	epochs	-1.0
1354.1780001831055	0.024999999999863576	epochs	-1.0
1354.1780001831055	0.024999999999863576	epochs	1.0
1354.2030001831054	0.010000000000218279	epochs	-1.0
1354.2030001831054	0.010000000000218279	epochs	1.0
1354.2130001831056	0.024999999999863576	epochs	-1.0
1354.2130001831056	0.024999999999863576	epochs	1.0
1354.2380001831054	60.0	epochs	1.0
1414.2380001831054	0.5	epochs	-1.0
1414.2380001831054	0.5	epochs	-1.0
1414.2380001831054	0.5	epochs	1.0
1414.7380001831054	0.05999999999994543	epochs	-1.0
1414.7380001831054	0.02500000000009095	epochs	-1.0
1414.7380001831054	0.02500000000009095	epochs	1.0
1414.7630001831055	0.009999999999990905	epochs	-1.0
1414.7630001831055	0.009999999999990905	epochs	1.0
1414.7730001831055	0.024999999999863576	epochs	-1.0
1414.7730001831055	0.024999999999863576	epochs	1.0
1414.7980001831054	0.060000000000172804	epochs	-1.0
1414.7980001831054	0.02500000000009095	epochs	-1.0
1414.7980001831054	0.02500000000009095	epochs	1.0
1414.8230001831055	0.009999999999990905	epochs	-1.0
1414.8230001831055	0.009999999999990905	epochs	1.0
1414.8330001831055	0.02500000000009095	epochs	-1.0
1414.8330001831055	0.02500000000009095	epochs	1.0
1414.8580001831056	0.05999999999994543	epochs	-1.0
1414.8580001831056	0.024999999999863576	epochs	-1.0
1414.8580001831056	0.024999999999863576	epochs	1.0
1414.8830001831054	0.009999999999990905	epochs	-1.0
1414.8830001831054	0.009999999999990905	epochs	1.0
1414.8930001831054	0.02500000000009095	epochs	-1.0
1414.8930001831054	0.02500000000009095	epochs	1.0
1414.9180001831055	0.024994999999989886	epochs	1.0
1504.8240003585815	0.09999999999990905	epochs	0.0
1504.8240003585815	0.04500000000007276	epochs	1.0
1504.8690003585816	0.009999999999990905	epochs	1.0
1504.8790003585816	0.044999999999845386	epochs	1.0
1504.9240003585815	0.7049950000000536	epochs	0.0
1504.9240003585815	0.5	epochs	-1.0
1504.9240003585815	0.5	epochs	-1.0
1504.9240003585815	0.5	epochs	1.0
1505.4240003585815	0.060000000000172804	epochs	-1.0
1505.4240003585815	0.02500000000009095	epochs	-1.0
1505.4240003585815	0.02500000000009095	epochs	1.0
1505.4490003585815	0.009999999999990905	epochs	-1.0
1505.4490003585815	0.009999999999990905	epochs	1.0
1505.4590003585815	0.02500000000009095	epochs	-1.0
1505.4590003585815	0.02500000000009095	epochs	1.0
1505.4840003585816	0.05999999999994543	epochs	-1.0
1505.4840003585816	0.024999999999863576	epochs	-1.0
1505.4840003585816	0.024999999999863576	epochs	1.0
1505.5090003585815	0.009999999999990905	epochs	-1.0
1505.5090003585815	0.009999999999990905	epochs	1.0
1505.5190003585815	0.02500000000009095	epochs	-1.0
1505.5190003585815	0.02500000000009095	epochs	1.0
1505.5440003585816	0.05999999999994543	epochs	-1.0
1505.5440003585816	0.024999999999863576	epochs	-1.0
1505.5440003585816	0.024999999999863576	epochs	1.0
1505.5690003585814	0.010000000000218279	epochs	-1.0
1505.5690003585814	0.010000000000218279	epochs	1.0
1505.5790003585817	0.024999999999863576	epochs	-1.0
1505.5790003585817	0.024999999999863576	epochs	1.0
1505.6040003585815	0.024994999999989886	epochs	1.0
1593.4970002174377	0.042300000000068394	epochs	0.0
1593.4970002174377	0.016150100000004386	epochs	1.0
1593.5131503174377	0.009999800000059622	epochs	1.0
1593.5231501174378	0.016150100000004386	epochs	1.0
1593.5393002174378	5.999979999999823	epochs	0.0
1593.5393002174378	0.5	epochs	1.0
1593.5393014174379	0.5	epochs	-1.0
1593.5393014174379	0.5	epochs	-1.0
1594.0393002174378	5.0	epochs	1.0
1599.0393002174378	0.4999799999998231	epochs	1.0
1599.0393014174379	0.4999787999997807	epochs	-1.0
1613.1640000343323	0.042300000000068394	epochs	0.0
1613.1640000343323	0.016150100000004386	epochs	1.0
1613.1801501343323	0.009999800000059622	epochs	1.0
1613.1901499343323	0.016150100000004386	epochs	1.0
1613.2063000343323	2.518139999999903	epochs	0.0
1613.2063000343323	0.5	epochs	1.0
1613.2063012343324	0.5	epochs	-1.0
1613.7063000343323	1.0	epochs	1.0
1614.7063000343323	1.018139999999903	epochs	1.0
1615.2063012343324	0.5	epochs	-1.0
1615.7244400343322	0.9818399999999201	epochs	0.0
1616.041000366211	0.042300000000068394	epochs	0.0
1616.041000366211	0.016150100000004386	epochs	1.0
1616.057150466211	0.009999800000059622	epochs	1.0
1616.067150266211	0.016150100000004386	epochs	1.0
1616.083300366211	2.5176400000000285	epochs	0.0
1616.083300366211	0.5	epochs	1.0
1616.083301566211	0.5	epochs	-1.0
1616.583300366211	1.0	epochs	1.0
1617.583300366211	1.0176400000000285	epochs	1.0
1618.083301566211	0.5	epochs	-1.0
1618.600940366211	0.9823399999997946	epochs	0.0
1618.8990001678467	0.042300000000068394	epochs	0.0
1618.8990001678467	0.016150100000004386	epochs	1.0
1618.9151502678467	0.009999800000059622	epochs	1.0
1618.9251500678467	0.016150100000004386	epochs	1.0
1618.9413001678467	2.5176400000000285	epochs	0.0
1618.9413001678467	0.5	epochs	1.0
1618.9413013678468	0.5	epochs	-1.0
1619.4413001678467	1.0	epochs	1.0
1620.4413001678467	1.0176400000000285	epochs	1.0
1620.9413013678468	0.5	epochs	-1.0
1621.4589401678468	0.9823399999997946	epochs	0.0
1621.7600002288818	0.042300000000068394	epochs	0.0
1621.7600002288818	0.016150100000004386	epochs	1.0
1621.7761503288818	0.009999800000059622	epochs	1.0
1621.786150128882	0.016150100000004386	epochs	1.0
1621.802300228882	2.518139999999903	epochs	0.0
1621.802300228882	0.5	epochs	1.0
1621.802301428882	0.5	epochs	-1.0
1622.302300228882	1.0	epochs	1.0
1623.302300228882	1.018139999999903	epochs	1.0
1623.802301428882	0.5	epochs	-1.0
1624.3204402288818	0.9818399999999201	epochs	0.0
1624.6360001564026	0.042300000000068394	epochs	0.0
1624.6360001564026	0.016150100000004386	epochs	1.0
1624.6521502564026	0.009999800000059622	epochs	1.0
1624.6621500564027	0.016150100000004386	epochs	1.0
1624.6783001564027	2.5175199999998767	epochs	0.0
1624.6783001564027	0.5	epochs	1.0
1624.6783013564027	0.5	epochs	-1.0
1625.1783001564027	1.0	epochs	1.0
1626.1783001564027	1.0175199999998767	epochs	1.0
1626.6783013564027	0.5	epochs	-1.0
1627.1958201564025	0.9824599999999464	epochs	0.0
1627.5440001487732	0.6499799999999141	epochs	0.0
1627.5440001487732	0.049999999999954525	epochs	1.0
1627.5940001487731	0.5	epochs	1.0
1628.0940001487731	0.09997999999995955	epochs	1.0
1628.594000339508	0.6499799999999141	epochs	0.0
1628.594000339508	0.049999999999954525	epochs	1.0
1628.644000339508	0.5	epochs	1.0
1629.144000339508	0.09997999999995955	epochs	1.0
1629.6410002708435	0.6499799999999141	epochs	0.0
1629.6410002708435	0.049999999999954525	epochs	1.0
1629.6910002708435	0.5	epochs	1.0
1630.1910002708435	0.09997999999995955	epochs	1.0
1630.6720004081726	0.6499799999999141	epochs	0.0
1630.6720004081726	0.049999999999954525	epochs	1.0
1630.7220004081726	0.5	epochs	1.0
1631.2220004081726	0.09997999999995955	epochs	1.0
1631.7070002555847	0.6499799999999141	epochs	0.0
1631.7070002555847	0.049999999999954525	epochs	1.0
1631.7570002555847	0.5	epochs	1.0
1632.2570002555847	0.09997999999995955	epochs	1.0
1632.799000263214	0.042300000000068394	epochs	0.0
1632.799000263214	0.016150100000004386	epochs	1.0
1632.8151503632141	0.009999800000059622	epochs	1.0
1632.8251501632142	0.016150100000004386	epochs	1.0
1632.8413002632142	2.518139999999903	epochs	0.0
1632.8413002632142	0.5	epochs	1.0
1632.8413014632142	0.5	epochs	-1.0
1633.3413002632142	1.0	epochs	1.0
1634.3413002632142	1.018139999999903	epochs	1.0
1634.8413014632142	0.5	epochs	-1.0
1635.359440263214	2.98183999999992	epochs	0.0
1638.014000415802	0.042300000000068394	epochs	0.0
1638.014000415802	0.016150100000004386	epochs	1.0
1638.030150515802	0.009999800000059622	epochs	1.0
1638.040150315802	0.016150100000004386	epochs	1.0
1638.056300415802	2.517280000000028	epochs	0.0
1638.056300415802	0.5	epochs	1.0
1638.056301615802	0.5	epochs	-1.0
1638.556300415802	1.0	epochs	1.0
1639.556300415802	1.017280000000028	epochs	1.0
1640.056301615802	0.5	epochs	-1.0
1640.573580415802	2.982699999999795	epochs	0.0
1643.2110004425049	0.042300000000068394	epochs	0.0
1643.2110004425049	0.016150100000004386	epochs	1.0
1643.227150542505	0.009999800000059622	epochs	1.0
1643.237150342505	0.016150100000004386	epochs	1.0
1643.253300442505	2.5173999999999523	epochs	0.0
1643.253300442505	0.5	epochs	1.0
1643.253301642505	0.5	epochs	-1.0
1643.753300442505	1.0	epochs	1.0
1644.753300442505	1.0173999999999523	epochs	1.0
1645.253301642505	0.5	epochs	-1.0
1645.770700442505	3.982579999999871	epochs	0.0
1646.1970000267029	0.042300000000068394	epochs	0.0
1646.1970000267029	0.016150100000004386	epochs	1.0
1646.2131501267029	0.009999800000059622	epochs	1.0
1646.223149926703	0.016150100000004386	epochs	1.0
1646.239300026703	2.5182599999998274	epochs	0.0
1646.239300026703	0.5	epochs	1.0
1646.239301226703	0.5	epochs	-1.0
1646.739300026703	1.0	epochs	1.0
1647.739300026703	1.0182599999998274	epochs	1.0
1648.239301226703	0.5	epochs	-1.0
1648.7575600267028	3.9817199999999957	epochs	0.0
1649.1680002212524	0.042300000000068394	epochs	0.0
1649.1680002212524	0.016150100000004386	epochs	1.0
1649.1841503212524	0.009999800000059622	epochs	1.0
1649.1941501212525	0.016150100000004386	epochs	1.0
1649.2103002212525	2.5181599999998525	epochs	0.0
1649.2103002212525	0.5	epochs	1.0
1649.2103014212526	0.5	epochs	-1.0
1649.7103002212525	1.0	epochs	1.0
1650.7103002212525	1.0181599999998525	epochs	1.0
1651.2103014212526	0.5	epochs	-1.0
1651.7284602212524	3.9818199999999706	epochs	0.0
1652.1500000953674	0.042300000000068394	epochs	0.0
1652.1500000953674	0.016150100000004386	epochs	1.0
1652.1661501953674	0.009999800000059622	epochs	1.0
1652.1761499953675	0.016150100000004386	epochs	1.0
1652.1923000953675	2.517259999999851	epochs	0.0
1652.1923000953675	0.5	epochs	1.0
1652.1923012953675	0.5	epochs	-1.0
1652.6923000953675	1.0	epochs	1.0
1653.6923000953675	1.017259999999851	epochs	1.0
1654.1923012953675	0.5	epochs	-1.0
1654.7095600953674	3.982719999999972	epochs	0.0
1655.1440000534058	0.042300000000068394	epochs	0.0
1655.1440000534058	0.016150100000004386	epochs	1.0
1655.1601501534058	0.009999800000059622	epochs	1.0
1655.1701499534058	0.016150100000004386	epochs	1.0
1655.1863000534058	0.5575599999999667	epochs	0.0
1655.1863000534058	0.5	epochs	1.0
1655.1863012534059	0.5	epochs	-1.0
1655.6863000534058	0.05755999999996675	epochs	1.0
1655.7438600534058	5.942419999999856	epochs	0.0
1671.3270001411438	0.042300000000068394	epochs	0.0
1671.3270001411438	0.016150100000004386	epochs	1.0
1671.3431502411438	0.009999800000059622	epochs	1.0
1671.3531500411439	0.016150100000004386	epochs	1.0
1671.3693001411439	2.517759999999953	epochs	0.0
1671.3693001411439	0.5	epochs	1.0
1671.369301341144	0.5	epochs	-1.0
1671.8693001411439	1.0	epochs	1.0
1672.8693001411439	1.017759999999953	epochs	1.0
1673.369301341144	0.5	epochs	-1.0
1673.8870601411438	3.98221999999987	epochs	0.0
1674.3500003814697	0.042300000000068394	epochs	0.0
1674.3500003814697	0.016150100000004386	epochs	1.0
1674.3661504814697	0.009999800000059622	epochs	1.0
1674.3761502814698	0.016150100000004386	epochs	1.0
1674.3923003814698	2.517259999999851	epochs	0.0
1674.3923003814698	0.5	epochs	1.0
1674.3923015814698	0.5	epochs	-1.0
1674.8923003814698	1.0	epochs	1.0
1675.8923003814698	1.017259999999851	epochs	1.0
1676.3923015814698	0.5	epochs	-1.0
1676.9095603814696	3.982719999999972	epochs	0.0
1677.4130001068115	0.1529800000000705	epochs	0.0
1677.4130001068115	0.049999999999954525	epochs	1.0
1677.4630001068115	0.003000000000156433	epochs	1.0
1677.4660001068116	0.09997999999995955	epochs	1.0
1678.054000377655	0.1529800000000705	epochs	0.0
1678.054000377655	0.049999999999954525	epochs	1.0
1678.104000377655	0.003000000000156433	epochs	1.0
1678.1070003776551	0.09997999999995955	epochs	1.0
1678.6800003051758	0.1529800000000705	epochs	0.0
1678.6800003051758	0.049999999999954525	epochs	1.0
1678.7300003051757	0.003000000000156433	epochs	1.0
1678.733000305176	0.09997999999995955	epochs	1.0
1679.3070001602173	0.1529800000000705	epochs	0.0
1679.3070001602173	0.049999999999954525	epochs	1.0
1679.3570001602172	0.003000000000156433	epochs	1.0
1679.3600001602174	0.09997999999995955	epochs	1.0
1679.9409999847412	0.1529800000000705	epochs	0.0
1679.9409999847412	0.049999999999954525	epochs	1.0
1679.9909999847412	0.003000000000156433	epochs	1.0
1679.9939999847413	0.09997999999995955	epochs	1.0
1680.5920000076294	0.1529800000000705	epochs	0.0
1680.5920000076294	0.049999999999954525	epochs	1.0
1680.6420000076293	0.003000000000156433	epochs	1.0
1680.6450000076295	0.09997999999995955	epochs	1.0
1681.241000175476	0.1529800000000705	epochs	0.0
1681.241000175476	0.049999999999954525	epochs	1.0
1681.291000175476	0.003000000000156433	epochs	1.0
1681.2940001754762	0.09997999999995955	epochs	1.0
1681.8940000534058	0.1529800000000705	epochs	0.0
1681.8940000534058	0.049999999999954525	epochs	1.0
1681.9440000534057	0.003000000000156433	epochs	1.0
1681.9470000534059	0.09997999999995955	epochs	1.0
1682.5710000991821	0.1529800000000705	epochs	0.0
1682.5710000991821	0.049999999999954525	epochs	1.0
1682.621000099182	0.003000000000156433	epochs	1.0
1682.6240000991822	0.09997999999995955	epochs	1.0
1683.2400002479553	0.1529800000000705	epochs	0.0
1683.2400002479553	0.049999999999954525	epochs	1.0
1683.2900002479553	0.003000000000156433	epochs	1.0
1683.2930002479554	0.09997999999995955	epochs	1.0
1683.9270000457764	0.1529800000000705	epochs	0.0
1683.9270000457764	0.049999999999954525	epochs	1.0
1683.9770000457763	0.003000000000156433	epochs	1.0
1683.9800000457765	0.09997999999995955	epochs	1.0
1684.6290001869202	0.1529800000000705	epochs	0.0
1684.6290001869202	0.049999999999954525	epochs	1.0
1684.6790001869201	0.003000000000156433	epochs	1.0
1684.6820001869203	0.09997999999995955	epochs	1.0
1685.380000114441	0.042300000000068394	epochs	0.0
1685.380000114441	0.016150100000004386	epochs	1.0
1685.396150214441	0.009999800000059622	epochs	1.0
1685.406150014441	0.016150100000004386	epochs	1.0
1685.422300114441	1.55733999999984	epochs	0.0
1685.422300114441	0.5	epochs	1.0
1685.422301314441	0.5	epochs	-1.0
1685.922300114441	0.0029999999999290594	epochs	1.0
1685.925300114441	1.054339999999911	epochs	1.0
1686.425301314441	0.5	epochs	-1.0
1686.9796401144408	0.04564000000004853	epochs	0.0
1687.4670000076294	0.042300000000068394	epochs	0.0
1687.4670000076294	0.016150100000004386	epochs	1.0
1687.4831501076294	0.009999800000059622	epochs	1.0
1687.4931499076295	0.016150100000004386	epochs	1.0
1687.5093000076295	1.5582399999998415	epochs	0.0
1687.5093000076295	0.5	epochs	1.0
1687.5093012076295	0.5	epochs	-1.0
1688.0093000076295	0.0029999999999290594	epochs	1.0
1688.0123000076294	1.0552399999999125	epochs	1.0
1688.5123012076294	0.5	epochs	-1.0
1689.0675400076293	0.044740000000047075	epochs	0.0
1689.6240000724792	0.042300000000068394	epochs	0.0
1689.6240000724792	0.016150100000004386	epochs	1.0
1689.6401501724793	0.009999800000059622	epochs	1.0
1689.6501499724793	0.016150100000004386	epochs	1.0
1689.6663000724793	8.757799999999861	epochs	0.0
1689.6663000724793	0.5	epochs	1.0
1689.6663012724794	0.5	epochs	-1.0
1690.1663000724793	8.257799999999861	epochs	1.0
1697.4241400724793	0.9999599999998736	epochs	-1.0
1697.4241400724793	0.039559999999937645	epochs	-1.0
1697.9216212724793	0.5	epochs	-1.0
1698.4241000724792	10.742179999999962	epochs	0.0
1699.1100001335144	0.042300000000068394	epochs	0.0
1699.1100001335144	0.016150100000004386	epochs	1.0
1699.1261502335144	0.009999800000059622	epochs	1.0
1699.1361500335145	0.016150100000004386	epochs	1.0
1699.1523001335145	8.657899999999927	epochs	0.0
1699.1523001335145	0.5	epochs	1.0
1699.1523013335145	0.5	epochs	-1.0
1699.6523001335145	8.157899999999927	epochs	1.0
1706.8097601335144	1.000440000000026	epochs	-1.0
1706.8097601335144	0.039559999999937645	epochs	-1.0
1707.3072413335144	0.5	epochs	-1.0
1707.8102001335144	10.842079999999896	epochs	0.0
1708.402000427246	0.042300000000068394	epochs	0.0
1708.402000427246	0.016150100000004386	epochs	1.0
1708.418150527246	0.009999800000059622	epochs	1.0
1708.4281503272462	0.016150100000004386	epochs	1.0
1708.4443004272462	8.49815999999987	epochs	0.0
1708.4443004272462	0.5	epochs	1.0
1708.4443016272462	0.5	epochs	-1.0
1708.9443004272462	7.998159999999871	epochs	1.0
1715.9424004272462	1.0000599999998485	epochs	-1.0
1715.9424004272462	0.03953999999998814	epochs	-1.0
1716.439881627246	0.5	epochs	-1.0
1716.942460427246	11.001819999999952	epochs	0.0
1740.7310004234314	0.042239999999992506	epochs	0.0
1740.7310004234314	0.016127200000028097	epochs	1.0
1740.7471276234314	0.009985599999936312	epochs	1.0
1740.7571132234314	0.016127200000028097	epochs	1.0
1740.7732404234314	2.0	epochs	0.0
1742.7732404234314	5.357760000000098	epochs	0.0
1742.7732404234314	1.0	epochs	1.0
1742.7733016234315	0.5	epochs	-1.0
1743.2733016234315	4.85769879999998	epochs	-1.0
1743.7732404234314	4.357760000000098	epochs	1.0
1743.7732404234314	4.356753900000058	epochs	-1.0
1743.7732404234314	1.9745872000000873	epochs	2.0
1743.7732404234314	1.0985622000000603	epochs	3.0
1744.8718026234314	0.8760250000000269	epochs	3.0
1745.7478276234315	1.3524075000000266	epochs	2.0
1745.7478276234315	0.7286354999998821	epochs	3.0
1746.4764631234314	0.6237720000001445	epochs	3.0
1747.1002351234315	1.029759199999944	epochs	2.0
1747.1002351234315	0.5453292999998212	epochs	3.0
1747.6455644234313	0.48442990000012287	epochs	3.0
1748.1299943234314	0.001006100000040533	epochs	2.0
1748.1299943234314	0.001006100000040533	epochs	3.0
1748.1310004234315	16.642159999999876	epochs	0.0
1748.7980003356934	0.042239999999992506	epochs	0.0
1748.7980003356934	0.016127200000028097	epochs	1.0
1748.8141275356934	0.009985599999936312	epochs	1.0
1748.8241131356933	0.016127200000028097	epochs	1.0
1748.8402403356934	2.0	epochs	0.0
1750.8402403356934	21.53800000000001	epochs	0.0
1750.8402403356934	1.0	epochs	1.0
1750.8403015356935	0.5	epochs	-1.0
1751.3403015356935	19.99928	epochs	-1.0
1751.8402403356934	20.0	epochs	1.0
1751.8402403356934	4.356753900000058	epochs	-1.0
1751.8402403356934	1.9745872000000873	epochs	2.0
1751.8402403356934	1.0985622000000603	epochs	3.0
1752.9388025356934	0.8760250000000269	epochs	3.0
1753.8148275356934	1.3524075000000266	epochs	2.0
1753.8148275356934	0.7286354999998821	epochs	3.0
1754.5434630356933	0.6237720000001445	epochs	3.0
1755.1672350356935	1.029759199999944	epochs	2.0
1755.1672350356935	0.5453292999998212	epochs	3.0
1755.7125643356933	0.48442990000012287	epochs	3.0
1756.1969942356934	0.8317861999998968	epochs	2.0
1756.1969942356934	0.4357763000000432	epochs	3.0
1756.6327705356935	0.3960098999998536	epochs	3.0
1757.0287804356933	0.6977970000000369	epochs	2.0
1757.0287804356933	0.3628982000000178	epochs	3.0
1757.3916786356933	0.33489880000001904	epochs	3.0
1757.7265774356933	0.601045699999986	epochs	2.0
1757.7265774356933	0.3109122999999272	epochs	3.0
1758.0374897356933	0.2901334000000588	epochs	3.0
1758.3276231356933	0.5278859000000011	epochs	2.0
1758.3276231356933	0.2719586000000618	epochs	3.0
1758.5995817356934	0.25592729999993935	epochs	3.0
1758.8555090356933	0.470619299999953	epochs	2.0
1758.8555090356933	0.241681299999982	epochs	3.0
1759.0971903356933	0.228937999999971	epochs	3.0
1759.3261283356933	0.42457039999999324	epochs	2.0
1759.3261283356933	0.21747140000002219	epochs	3.0
1759.5435997356933	0.20709899999997106	epochs	3.0
1759.7506987356933	0.3867354000001342	epochs	2.0
1759.7506987356933	0.19767109999997956	epochs	3.0
1759.9483698356933	0.18906430000015462	epochs	3.0
1760.1374341356934	0.35509529999990264	epochs	2.0
1760.1374341356934	0.18117589999997108	epochs	3.0
1760.3186100356934	0.17391939999993156	epochs	3.0
1760.4925294356933	0.3282431000000088	epochs	2.0
1760.4925294356933	0.16722189999995862	epochs	3.0
1760.6597513356933	0.16102120000005016	epochs	3.0
1760.8207725356933	0.30516800000009425	epochs	2.0
1760.8207725356933	0.15526390000013635	epochs	3.0
1760.9760364356935	0.1499040999999579	epochs	3.0
1761.1259405356934	0.28512529999989056	epochs	2.0
1761.1259405356934	0.14490209999985382	epochs	3.0
1761.2708426356933	0.14022320000003674	epochs	3.0
1761.4110658356933	0.267553800000087	epochs	2.0
1761.4110658356933	0.1358368999999584	epochs	3.0
1761.5469027356933	0.1317169000001286	epochs	3.0
1761.6786196356934	0.252022899999929	epochs	2.0
1761.6786196356934	0.1278393000000051	epochs	3.0
1761.8064589356934	0.1241835999999239	epochs	3.0
1761.9306425356933	0.23819649999995818	epochs	2.0
1761.9306425356933	0.12073110000005727	epochs	3.0
1762.0513736356934	0.11746539999990091	epochs	3.0
1762.1688390356933	0.2258088000000953	epochs	2.0
1762.1688390356933	0.11437190000015107	epochs	3.0
1762.2832109356934	0.11143689999994422	epochs	3.0
1762.3946478356934	0.21464599999990241	epochs	2.0
1762.3946478356934	0.10864889999993466	epochs	3.0
1762.5032967356933	0.10599709999996776	epochs	3.0
1762.6092938356933	0.20453500000007807	epochs	2.0
1762.6092938356933	0.10347150000006877	epochs	3.0
1762.7127653356933	0.1010635000000093	epochs	3.0
1762.8138288356934	0.19533400000000256	epochs	2.0
1762.8138288356934	0.09876510000003691	epochs	3.0
1762.9125939356934	0.09656889999996565	epochs	3.0
1763.0091628356934	0.18692529999998442	epochs	2.0
1763.0091628356934	0.09446830000001682	epochs	3.0
1763.1036311356934	0.09245699999996759	epochs	3.0
1763.1960881356933	0.1792107000001124	epochs	2.0
1763.1960881356933	0.0905296000000817	epochs	3.0
1763.2866177356934	0.08868110000003071	epochs	3.0
1763.3752988356935	0.17210769999996955	epochs	2.0
1763.3752988356935	0.08690630000000965	epochs	3.0
1763.4622051356935	0.0852013999999599	epochs	3.0
1763.5474065356934	0.16554640000003928	epochs	2.0
1763.5474065356934	0.08356189999994967	epochs	3.0
1763.6309684356934	0.08198450000008961	epochs	3.0
1763.7129529356935	0.15946709999980158	epochs	2.0
1763.7129529356935	0.08046539999986635	epochs	3.0
1763.7934183356933	0.07900169999993523	epochs	3.0
1763.8724200356933	0.15381840000009106	epochs	2.0
1763.8724200356933	0.07759010000017952	epochs	3.0
1763.9500101356934	0.07622829999991154	epochs	3.0
1764.0262384356934	0.14855639999996129	epochs	2.0
1764.0262384356934	0.07491329999993468	epochs	3.0
1764.1011517356933	0.0736431000000266	epochs	3.0
1764.1747948356933	0.14364240000008976	epochs	2.0
1764.1747948356933	0.07241500000009182	epochs	3.0
1764.2472098356934	0.07122739999999794	epochs	3.0
1764.3184372356934	0.13904309999998077	epochs	2.0
1764.3184372356934	0.07007799999996678	epochs	3.0
1764.3885152356934	0.06896510000001399	epochs	3.0
1764.4574803356934	0.13472929999988992	epochs	2.0
1764.4574803356934	0.0678871000000072	epochs	3.0
1764.5253674356934	0.06684219999988272	epochs	3.0
1764.5922096356933	0.1306752000000415	epochs	2.0
1764.5922096356933	0.06582909999997355	epochs	3.0
1764.6580387356933	0.06484610000006796	epochs	3.0
1764.7228848356933	0.12685780000015257	epochs	2.0
1764.7228848356933	0.06389200000012352	epochs	3.0
1764.7867768356934	0.06296580000002905	epochs	3.0
1764.8497426356935	0.12325719999989815	epochs	2.0
1764.8497426356935	0.06206579999980022	epochs	3.0
1764.9118084356933	0.06119140000009793	epochs	3.0
1764.9729998356934	0.11985540000000583	epochs	2.0
1764.9729998356934	0.060341099999959624	epochs	3.0
1765.0333409356933	0.059514300000046205	epochs	3.0
1765.0928552356934	0.1166361999999026	epochs	2.0
1765.0928552356934	0.058709599999929196	epochs	3.0
1765.1515648356933	0.057926599999973405	epochs	3.0
1765.2094914356933	0.11358560000007856	epochs	2.0
1765.2094914356933	0.05716419999998834	epochs	3.0
1765.2666556356933	0.056421400000090216	epochs	3.0
1765.3230770356934	0.11069049999991876	epochs	2.0
1765.3230770356934	0.055697900000041045	epochs	3.0
1765.3787749356934	0.05499259999987771	epochs	3.0
1765.4337675356933	0.1079391000000669	epochs	2.0
1765.4337675356933	0.05430490000003374	epochs	3.0
1765.4880724356933	0.05363420000003316	epochs	3.0
1765.5417066356933	0.10532149999994544	epochs	2.0
1765.5417066356933	0.05297999999993408	epochs	3.0
1765.5946866356933	0.052341500000011365	epochs	3.0
1765.6470281356933	0.10282760000018243	epochs	2.0
1765.6470281356933	0.05171810000001642	epochs	3.0
1765.6987462356933	0.05110950000016601	epochs	3.0
1765.7498557356935	0.10044909999987794	epochs	2.0
1765.7498557356935	0.0505148999998255	epochs	3.0
1765.8003706356933	0.04993420000005244	epochs	3.0
1765.8503048356934	0.0981782999999723	epochs	2.0
1765.8503048356934	0.04936659999998483	epochs	3.0
1765.8996714356933	0.04881169999998747	epochs	3.0
1765.9484831356933	0.09600780000005216	epochs	2.0
1765.9484831356933	0.04826920000004975	epochs	3.0
1765.9967523356934	0.04773860000000241	epochs	3.0
1766.0444909356934	0.09393120000004274	epochs	2.0
1766.0444909356934	0.04721949999998287	epochs	3.0
1766.0917104356934	0.046711700000059864	epochs	3.0
1766.1384221356934	0.09194260000003851	epochs	2.0
1766.1384221356934	0.046214599999984785	epochs	3.0
1766.1846367356934	0.045728000000053726	epochs	3.0
1766.2303647356935	0.09003629999983787	epochs	2.0
1766.2303647356935	0.045251499999949374	epochs	3.0
1766.2756162356934	0.04478479999988849	epochs	3.0
1766.3204010356933	0.08820760000003247	epochs	2.0
1766.3204010356933	0.044327800000019124	epochs	3.0
1766.3647288356933	0.04387980000001335	epochs	3.0
1766.4086086356933	0.0864516999999978	epochs	2.0
1766.4086086356933	0.04344100000002982	epochs	3.0
1766.4520496356934	0.04301069999996798	epochs	3.0
1766.4950603356933	0.08476429999996071	epochs	2.0
1766.4950603356933	0.04258900000013455	epochs	3.0
1766.5376493356935	0.042175299999826166	epochs	3.0
1766.5798246356933	0.08314150000001064	epochs	2.0
1766.5798246356933	0.04176970000003166	epochs	3.0
1766.6215943356933	0.041371799999978975	epochs	3.0
1766.6629661356933	0.08157970000002024	epochs	2.0
1766.6629661356933	0.040981399999964196	epochs	3.0
1766.7039475356933	0.04059830000005604	epochs	3.0
1766.7445458356933	0.08007550000002084	epochs	2.0
1766.7445458356933	0.040222300000095856	epochs	3.0
1766.7847681356934	0.03985319999992498	epochs	3.0
1766.8246213356933	0.07862569999997504	epochs	2.0
1766.8246213356933	0.039490800000066884	epochs	3.0
1766.8641121356934	0.03913489999990816	epochs	3.0
1766.9032470356933	0.07722760000001472	epochs	2.0
1766.9032470356933	0.038785400000051595	epochs	3.0
1766.9420324356934	0.03844219999996312	epochs	3.0
1766.9804746356933	0.07587820000003376	epochs	2.0
1766.9804746356933	0.03810479999992822	epochs	3.0
1767.0185794356933	0.03777340000010554	epochs	3.0
1767.0563528356934	0.0745752000000266	epochs	2.0
1767.0563528356934	0.03744770000002973	epochs	3.0
1767.0938005356934	0.03712749999999687	epochs	3.0
1767.1309280356934	0.07331629999998768	epochs	2.0
1767.1309280356934	0.0368129000000863	epochs	3.0
1767.1677409356935	0.036503399999901376	epochs	3.0
1767.2042443356934	0.07209899999998015	epochs	2.0
1767.2042443356934	0.03619909999997617	epochs	3.0
1767.2404434356934	0.03589990000000398	epochs	3.0
1767.2763433356934	0.07092170000009901	epochs	2.0
1767.2763433356934	0.03560560000005353	epochs	3.0
1767.3119489356934	0.03531610000004548	epochs	3.0
1767.3472650356935	0.06978199999980461	epochs	2.0
1767.3472650356935	0.03503119999982118	epochs	3.0
1767.3822962356933	0.03475079999998343	epochs	3.0
1767.4170470356933	0.06867860000011206	epochs	2.0
1767.4170470356933	0.03447510000000875	epochs	3.0
1767.4515221356933	0.034203500000103304	epochs	3.0
1767.4857256356934	0.06760929999995824	epochs	2.0
1767.4857256356934	0.033936199999970995	epochs	3.0
1767.5196618356933	0.033673099999987244	epochs	3.0
1767.5533349356933	0.06657289999998284	epochs	2.0
1767.5533349356933	0.03341399999999339	epochs	3.0
1767.5867489356933	0.033158899999989444	epochs	3.0
1767.6199078356933	0.06556780000005347	epochs	2.0
1767.6199078356933	0.03290770000012344	epochs	3.0
1767.6528155356934	0.032660099999930026	epochs	3.0
1767.6854756356934	0.06459259999996902	epochs	2.0
1767.6854756356934	0.03241640000010193	epochs	3.0
1767.7178920356935	0.032176199999867094	epochs	3.0
1767.7500682356933	0.06364600000006249	epochs	2.0
1767.7500682356933	0.03193959999998697	epochs	3.0
1767.7820078356933	0.03170640000007552	epochs	3.0
1767.8137142356934	0.0627266999999847	epochs	2.0
1767.8137142356934	0.031476599999905375	epochs	3.0
1767.8451908356933	0.03125010000007933	epochs	3.0
1767.8764409356934	0.06183359999999993	epochs	2.0
1767.8764409356934	0.03102689999991526	epochs	3.0
1767.9074678356933	0.030806700000084675	epochs	3.0
1767.9382745356934	0.060965599999917686	epochs	2.0
1767.9382745356934	0.030589799999916067	epochs	3.0
1767.9688643356933	0.030375800000001618	epochs	3.0
1767.9992401356933	0.06012160000000222	epochs	2.0
1767.9992401356933	0.030164900000045236	epochs	3.0
1768.0294050356933	0.02995669999995698	epochs	3.0
1768.0593617356933	0.05930069999999432	epochs	2.0
1768.0593617356933	0.029751600000054168	epochs	3.0
1768.0891133356934	0.029549099999940154	epochs	3.0
1768.1186624356933	0.058501800000158255	epochs	2.0
1768.1186624356933	0.02934940000000097	epochs	3.0
1768.1480118356933	0.029152400000157286	epochs	3.0
1768.1771642356935	0.05772419999993872	epochs	2.0
1768.1771642356935	0.028957999999875028	epochs	3.0
1768.2061222356933	0.02876620000006369	epochs	3.0
1768.2348884356934	0.05696710000006533	epochs	2.0
1768.2348884356934	0.028577000000041153	epochs	3.0
1768.2634654356934	0.028390100000024177	epochs	3.0
1768.2918555356935	0.05622949999997218	epochs	2.0
1768.2918555356935	0.028205699999944045	epochs	3.0
1768.3200612356934	0.028023800000028132	epochs	3.0
1768.3480850356934	0.05551070000001346	epochs	2.0
1768.3480850356934	0.027843999999959124	epochs	3.0
1768.3759290356934	0.027666700000054334	epochs	3.0
1768.4035957356934	0.054810200000019904	epochs	2.0
1768.4035957356934	0.02749149999999645	epochs	3.0
1768.4310872356934	0.027318700000023455	epochs	3.0
1768.4584059356935	0.054126999999880354	epochs	2.0
1768.4584059356935	0.027147799999966082	epochs	3.0
1768.4855537356934	0.026979199999914272	epochs	3.0
1768.5125329356933	0.053460699999959616	epochs	2.0
1768.5125329356933	0.026812600000084785	epochs	3.0
1768.5393455356934	0.02664809999987483	epochs	3.0
1768.5659936356933	0.05281070000000909	epochs	2.0
1768.5659936356933	0.026485600000114573	epochs	3.0
1768.5924792356934	0.02632509999989452	epochs	3.0
1768.6188043356933	0.05217620000007628	epochs	2.0
1768.6188043356933	0.026166399999965506	epochs	3.0
1768.6449707356933	0.026009800000110772	epochs	3.0
1768.6709805356934	0.051556699999991906	epochs	2.0
1768.6709805356934	0.025854799999933675	epochs	3.0
1768.6968353356933	0.02570190000005823	epochs	3.0
1768.7225372356934	0.05095189999997274	epochs	2.0
1768.7225372356934	0.025550699999939752	epochs	3.0
1768.7480879356933	0.025401200000032986	epochs	3.0
1768.7734891356934	0.05036100000006627	epochs	2.0
1768.7734891356934	0.025253499999962514	epochs	3.0
1768.7987426356933	0.025107500000103755	epochs	3.0
1768.8238501356934	0.04978379999988647	epochs	2.0
1768.8238501356934	0.02496320000000196	epochs	3.0
1768.8488133356934	0.024820599999884507	epochs	3.0
1768.8736339356933	0.04921950000016295	epochs	2.0
1768.8736339356933	0.024679399999968155	epochs	3.0
1768.8983133356933	0.024540100000194798	epochs	3.0
1768.9228534356935	0.04866789999982757	epochs	2.0
1768.9228534356935	0.024402099999861093	epochs	3.0
1768.9472555356933	0.024265799999966475	epochs	3.0
1768.9715213356933	0.04812860000015462	epochs	2.0
1768.9715213356933	0.024131000000124914	epochs	3.0
1768.9956523356934	0.023997600000029706	epochs	3.0
1769.0196499356935	0.04760109999983797	epochs	2.0
1769.0196499356935	0.02386579999983951	epochs	3.0
1769.0435157356933	0.02373529999999846	epochs	3.0
1769.0672510356933	0.04708500000015192	epochs	2.0
1769.0672510356933	0.023606299999983094	epochs	3.0
1769.0908573356933	0.02347870000016883	epochs	3.0
1769.1143360356934	0.046579999999948996	epochs	2.0
1769.1143360356934	0.023352499999873544	epochs	3.0
1769.1376885356933	0.02322750000007545	epochs	3.0
1769.1609160356934	0.046085700000048746	epochs	2.0
1769.1609160356934	0.02310399999987567	epochs	3.0
1769.1840200356933	0.022981700000173078	epochs	3.0
1769.2070017356934	0.045601799999985815	epochs	2.0
1769.2070017356934	0.02286069999991014	epochs	3.0
1769.2298624356933	0.022741100000075676	epochs	3.0
1769.2526035356934	0.045127899999897636	epochs	2.0
1769.2526035356934	0.022622499999897627	epochs	3.0
1769.2752260356933	0.02250540000000001	epochs	3.0
1769.2977314356933	0.0446638000000803	epochs	2.0
1769.2977314356933	0.02238929999998618	epochs	3.0
1769.3201207356933	0.022274500000094122	epochs	3.0
1769.3423952356934	0.04420920000006845	epochs	2.0
1769.3423952356934	0.022160799999937808	epochs	3.0
1769.3645560356933	0.02204840000013064	epochs	3.0
1769.3866044356935	0.04376359999992019	epochs	2.0
1769.3866044356935	0.02193689999990056	epochs	3.0
1769.4085413356934	0.021826700000019628	epochs	3.0
1769.4303680356934	0.04332709999994222	epochs	2.0
1769.4303680356934	0.021717599999874437	epochs	3.0
1769.4520856356933	0.021609500000067783	epochs	3.0
1769.4736951356933	0.04289900000003399	epochs	2.0
1769.4736951356933	0.02150249999999687	epochs	3.0
1769.4951976356933	0.021396500000037122	epochs	3.0
1769.5165941356934	0.04247949999989942	epochs	2.0
1769.5165941356934	0.021291699999892444	epochs	3.0
1769.5378858356933	0.021187800000006973	epochs	3.0
1769.5590736356933	0.04206790000012006	epochs	2.0
1769.5590736356933	0.02108490000000529	epochs	3.0
1769.5801585356933	0.02098300000011477	epochs	3.0
1769.6011415356934	0.04166439999994509	epochs	2.0
1769.6011415356934	0.020882199999959994	epochs	3.0
1769.6220237356933	0.020782199999985096	epochs	3.0
1769.6428059356933	0.04126850000011473	epochs	2.0
1769.6428059356933	0.020683299999973315	epochs	3.0
1769.6634892356933	0.020585200000141413	epochs	3.0
1769.6840744356934	0.04088000000001557	epochs	2.0
1769.6840744356934	0.020488099999965925	epochs	3.0
1769.7045625356934	0.020391900000049645	epochs	3.0
1769.7249544356935	0.040498799999795665	epochs	2.0
1769.7249544356935	0.020296599999937825	epochs	3.0
1769.7452510356934	0.02020219999985784	epochs	3.0
1769.7654532356933	0.04012460000012652	epochs	2.0
1769.7654532356933	0.02010870000003706	epochs	3.0
1769.7855619356933	0.02001590000008946	epochs	3.0
1769.8055778356934	0.03975730000001931	epochs	2.0
1769.8055778356934	0.0199241999998776	epochs	3.0
1769.8255020356933	0.019833100000141712	epochs	3.0
1769.8453351356934	0.03939669999999751	epochs	2.0
1769.8453351356934	0.01974300000006224	epochs	3.0
1769.8650781356935	0.01965369999993527	epochs	3.0
1769.8847318356934	0.03904239999997117	epochs	2.0
1769.8847318356934	0.019565099999908853	epochs	3.0
1769.9042969356933	0.019477300000062314	epochs	3.0
1769.9237742356934	0.038694600000098944	epochs	2.0
1769.9237742356934	0.019390400000020236	epochs	3.0
1769.9431646356934	0.01930420000007871	epochs	3.0
1769.9624688356935	0.038352899999836154	epochs	2.0
1769.9624688356935	0.019218799999862313	epochs	3.0
1769.9816876356933	0.01913409999997384	epochs	3.0
1770.0008217356933	0.03801720000001296	epochs	2.0
1770.0008217356933	0.019050200000037876	epochs	3.0
1770.0198719356933	0.018966999999975087	epochs	3.0
1770.0388389356933	0.03768719999993664	epochs	2.0
1770.0388389356933	0.01888450000001285	epochs	3.0
1770.0577234356933	0.01880269999992379	epochs	3.0
1770.0765261356933	0.03736309999999321	epochs	2.0
1770.0765261356933	0.018721700000014607	epochs	3.0
1770.0952478356933	0.018641399999978603	epochs	3.0
1770.1138892356933	0.037044300000161456	epochs	2.0
1770.1138892356933	0.018561600000111866	epochs	3.0
1770.1324508356934	0.01848270000004959	epochs	3.0
1770.1509335356934	0.03673099999991791	epochs	2.0
1770.1509335356934	0.018404299999929208	epochs	3.0
1770.1693378356933	0.018326699999988705	epochs	3.0
1770.1876645356933	0.03642289999993409	epochs	2.0
1770.1876645356933	0.018249599999990096	epochs	3.0
1770.2059141356933	0.018173299999943993	epochs	3.0
1770.2240874356933	0.03612010000006194	epochs	2.0
1770.2240874356933	0.018097600000146485	epochs	3.0
1770.2421850356934	0.018022499999915453	epochs	3.0
1770.2602075356933	0.035822100000132195	epochs	2.0
1770.2602075356933	0.017947900000081063	epochs	3.0
1770.2781554356934	0.017874200000051133	epochs	3.0
1770.2960296356935	0.03552899999999681	epochs	2.0
1770.2960296356935	0.01780079999980444	epochs	3.0
1770.3138304356933	0.017728200000192373	epochs	3.0
1770.3315586356935	0.03524069999980384	epochs	2.0
1770.3315586356935	0.01765609999984008	epochs	3.0
1770.3492147356933	0.017584599999963757	epochs	3.0
1770.3667993356933	0.03495710000015606	epochs	2.0
1770.3667993356933	0.017513700000108656	epochs	3.0
1770.3843130356934	0.017443400000047404	epochs	3.0
1770.4017564356934	0.034677899999906	epochs	2.0
1770.4017564356934	0.017373599999928047	epochs	3.0
1770.4191300356933	0.017304299999977957	epochs	3.0
1770.4364343356933	0.03440330000012182	epochs	2.0
1770.4364343356933	0.017235700000128418	epochs	3.0
1770.4536700356934	0.0171675999999934	epochs	3.0
1770.4708376356934	0.03413279999995211	epochs	2.0
1770.4708376356934	0.01709989999994832	epochs	3.0
1770.4879375356934	0.017032900000003792	epochs	3.0
1770.5049704356934	0.03386669999986225	epochs	2.0
1770.5049704356934	0.01696640000000116	epochs	3.0
1770.5219368356934	0.01690029999986109	epochs	3.0
1770.5388371356933	0.03360459999998966	epochs	2.0
1770.5388371356933	0.016834800000196992	epochs	3.0
1770.5556719356935	0.016769799999792667	epochs	3.0
1770.5724417356932	0.0333466000001863	epochs	2.0
1770.5724417356932	0.016705300000012357	epochs	3.0
1770.5891470356933	0.016641300000173942	epochs	3.0
1770.6057883356934	0.033092499999838765	epochs	2.0
1770.6057883356934	0.016577799999822673	epochs	3.0
1770.6223661356933	0.01651470000001609	epochs	3.0
1770.6388808356933	0.032842300000083924	epochs	2.0
1770.6388808356933	0.01645220000000336	epochs	3.0
1770.6553330356933	0.016390100000080565	epochs	3.0
1770.6717231356934	0.03259570000000167	epochs	2.0
1770.6717231356934	0.016328400000020338	epochs	3.0
1770.6880515356934	0.016267299999981333	epochs	3.0
1770.7043188356934	0.032352899999978035	epochs	2.0
1770.7043188356934	0.016206600000032267	epochs	3.0
1770.7205254356934	0.016146299999945768	epochs	3.0
1770.7366717356933	0.032113700000081735	epochs	2.0
1770.7366717356933	0.016086600000107865	epochs	3.0
1770.7527583356934	0.01602709999997387	epochs	3.0
1770.7687854356934	0.03187800000000607	epochs	2.0
1770.7687854356934	0.0159681999998611	epochs	3.0
1770.7847536356933	0.01590980000014497	epochs	3.0
1770.8006634356934	0.03164569999989908	epochs	2.0
1770.8006634356934	0.015851599999905375	epochs	3.0
1770.8165150356933	0.015794099999993705	epochs	3.0
1770.8323091356933	0.03141670000013619	epochs	2.0
1770.8323091356933	0.01573669999993399	epochs	3.0
1770.8480458356933	0.0156800000002022	epochs	3.0
1770.8637258356935	0.03119109999988723	epochs	2.0
1770.8637258356935	0.015623599999798898	epochs	3.0
1770.8793494356933	0.01556750000008833	epochs	3.0
1770.8949169356933	0.030968699999903038	epochs	2.0
1770.8949169356933	0.015511999999944237	epochs	3.0
1770.9104289356933	0.0154566999999588	epochs	3.0
1770.9258856356932	0.030749500000183616	epochs	2.0
1770.9258856356932	0.01540200000022196	epochs	3.0
1770.9412876356935	0.015347499999961656	epochs	3.0
1770.9566351356934	0.03053320000003623	epochs	2.0
1770.9566351356934	0.015293400000018664	epochs	3.0
1770.9719285356935	0.015239800000017567	epochs	3.0
1770.9871683356935	0.030320099999926242	epochs	2.0
1770.9871683356935	0.015186499999799707	epochs	3.0
1771.0023548356933	0.015133600000126535	epochs	3.0
1771.0174884356934	0.03010990000007041	epochs	2.0
1771.0174884356934	0.015081000000009226	epochs	3.0
1771.0325694356934	0.015028900000061185	epochs	3.0
1771.0475983356935	0.029902499999934662	epochs	2.0
1771.0475983356935	0.014976999999817053	epochs	3.0
1771.0625753356933	0.014925500000117609	epochs	3.0
1771.0775008356934	0.029698099999905025	epochs	2.0
1771.0775008356934	0.014874400000053356	epochs	3.0
1771.0923752356935	0.01482369999985167	epochs	3.0
1771.1071989356933	0.029496300000118936	epochs	2.0
1771.1071989356933	0.014773200000036013	epochs	3.0
1771.1219721356933	0.014723100000082923	epochs	3.0
1771.1366952356934	0.029297399999904883	epochs	2.0
1771.1366952356934	0.014673399999992398	epochs	3.0
1771.1513686356934	0.014623999999912485	epochs	3.0
1771.1659926356933	0.029101099999934377	epochs	2.0
1771.1659926356933	0.014574900000070556	epochs	3.0
1771.1805675356934	0.01452619999986382	epochs	3.0
1771.1950937356933	0.028907400000207417	epochs	2.0
1771.1950937356933	0.014477700000043114	epochs	3.0
1771.2095714356933	0.014429700000164303	epochs	3.0
1771.2240011356935	0.028716199999962555	epochs	2.0
1771.2240011356935	0.014381799999910072	epochs	3.0
1771.2383829356934	0.014334400000052483	epochs	3.0
1771.2527173356934	0.02852759999996124	epochs	2.0
1771.2527173356934	0.014287199999898803	epochs	3.0
1771.2670045356933	0.014240400000062436	epochs	3.0
1771.2812449356934	0.028341400000044814	epochs	2.0
1771.2812449356934	0.014193799999929979	epochs	3.0
1771.2954387356933	0.014147600000114835	epochs	3.0
1771.3095863356934	0.02815769999983786	epochs	2.0
1771.3095863356934	0.014101699999855555	epochs	3.0
1771.3236880356933	0.014055999999982305	epochs	3.0
1771.3377440356933	0.027976300000091214	epochs	2.0
1771.3377440356933	0.014010600000119666	epochs	3.0
1771.3517546356934	0.013965699999971548	epochs	3.0
1771.3657203356934	0.027797199999895383	epochs	2.0
1771.3657203356934	0.013920800000050804	epochs	3.0
1771.3796411356934	0.01387639999984458	epochs	3.0
1771.3935175356933	0.02762040000015986	epochs	2.0
1771.3935175356933	0.013832200000024386	epochs	3.0
1771.4073497356933	0.013788200000135475	epochs	3.0
1771.4211379356934	0.027445899999975154	epochs	2.0
1771.4211379356934	0.013744599999881757	epochs	3.0
1771.4348825356933	0.013701300000093397	epochs	3.0
1771.4485838356934	0.027273499999864725	epochs	2.0
1771.4485838356934	0.013658200000008947	epochs	3.0
1771.4622420356934	0.013615299999855779	epochs	3.0
1771.4758573356933	0.027103399999987232	epochs	2.0
1771.4758573356933	0.013572800000019924	epochs	3.0
1771.4894301356933	0.013530599999967308	epochs	3.0
1771.5029607356933	0.02693520000002536	epochs	2.0
1771.5029607356933	0.013488400000142065	epochs	3.0
1771.5164491356934	0.013446799999883297	epochs	3.0
1771.5298959356933	0.026769199999989723	epochs	2.0
1771.5298959356933	0.013405200000079276	epochs	3.0
1771.5433011356934	0.013363999999910448	epochs	3.0
1771.5566651356933	0.02660520000017641	epochs	2.0
1771.5566651356933	0.013322900000048321	epochs	3.0
1771.5699880356933	0.013282300000128089	epochs	3.0
1771.5832703356934	0.0264431999999033	epochs	2.0
1771.5832703356934	0.013241699999980483	epochs	3.0
1771.5965120356934	0.013201499999922817	epochs	3.0
1771.6097135356933	0.026283200000079887	epochs	2.0
1771.6097135356933	0.013161500000023807	epochs	3.0
1771.6228750356934	0.01312170000005608	epochs	3.0
1771.6359967356934	0.026124999999865395	epochs	2.0
1771.6359967356934	0.013082100000019636	epochs	3.0
1771.6490788356934	0.013042899999845758	epochs	3.0
1771.6621217356933	0.02596890000017993	epochs	2.0
1771.6621217356933	0.01300390000005791	epochs	3.0
1771.6751256356933	0.012965000000122018	epochs	3.0
1771.6880906356935	0.02581449999979668	epochs	2.0
1771.6880906356935	0.012926399999969362	epochs	3.0
1771.7010170356934	0.012888099999827318	epochs	3.0
1771.7139051356933	0.02566190000015922	epochs	2.0
1771.7139051356933	0.012849899999991976	epochs	3.0
1771.7267550356933	0.012812000000167245	epochs	3.0
1771.7395670356934	0.025511199999982637	epochs	2.0
1771.7395670356934	0.012774399999898378	epochs	3.0
1771.7523414356933	0.012736800000084258	epochs	3.0
1771.7650782356934	0.02536229999986972	epochs	2.0
1771.7650782356934	0.01269969999998466	epochs	3.0
1771.7777779356934	0.01266259999988506	epochs	3.0
1771.7904405356933	0.02521500000011656	epochs	2.0
1771.7904405356933	0.012625800000023446	epochs	3.0
1771.8030663356933	0.012589200000093115	epochs	3.0
1771.8156555356934	0.024584799999956886	epochs	2.0
1771.8395815356935	0.5	epochs	-1.0
1771.8402403356934	0.5380000000000109	epochs	1.0
1772.3782403356934	0.4619199999999637	epochs	0.0
1773.0920000076294	0.042239999999992506	epochs	0.0
1773.0920000076294	0.016127200000028097	epochs	1.0
1773.1081272076294	0.009985599999936312	epochs	1.0
1773.1181128076294	0.016127200000028097	epochs	1.0
1773.1342400076294	2.0	epochs	0.0
1775.1342400076294	21.53760000000011	epochs	0.0
1775.1342400076294	1.0	epochs	1.0
1775.1343012076295	0.5	epochs	-1.0
1775.6343012076295	19.99928	epochs	-1.0
1776.1342400076294	20.0	epochs	1.0
1776.1342400076294	4.356753900000058	epochs	-1.0
1776.1342400076294	1.9745872000000873	epochs	2.0
1776.1342400076294	1.0985622000000603	epochs	3.0
1777.2328022076294	0.8760250000000269	epochs	3.0
1778.1088272076295	1.3524075000000266	epochs	2.0
1778.1088272076295	0.7286354999998821	epochs	3.0
1778.8374627076294	0.6237720000001445	epochs	3.0
1779.4612347076295	1.029759199999944	epochs	2.0
1779.4612347076295	0.5453292999998212	epochs	3.0
1780.0065640076293	0.48442990000012287	epochs	3.0
1780.4909939076294	0.8317861999998968	epochs	2.0
1780.4909939076294	0.4357763000000432	epochs	3.0
1780.9267702076295	0.3960098999998536	epochs	3.0
1781.3227801076293	0.6977970000000369	epochs	2.0
1781.3227801076293	0.3628982000000178	epochs	3.0
1781.6856783076294	0.33489880000001904	epochs	3.0
1782.0205771076294	0.601045699999986	epochs	2.0
1782.0205771076294	0.3109122999999272	epochs	3.0
1782.3314894076293	0.2901334000000588	epochs	3.0
1782.6216228076294	0.5278859000000011	epochs	2.0
1782.6216228076294	0.2719586000000618	epochs	3.0
1782.8935814076294	0.25592729999993935	epochs	3.0
1783.1495087076294	0.470619299999953	epochs	2.0
1783.1495087076294	0.241681299999982	epochs	3.0
1783.3911900076293	0.228937999999971	epochs	3.0
1783.6201280076293	0.42457039999999324	epochs	2.0
1783.6201280076293	0.21747140000002219	epochs	3.0
1783.8375994076293	0.20709899999997106	epochs	3.0
1784.0446984076293	0.3867354000001342	epochs	2.0
1784.0446984076293	0.19767109999997956	epochs	3.0
1784.2423695076293	0.18906430000015462	epochs	3.0
1784.4314338076294	0.35509529999990264	epochs	2.0
1784.4314338076294	0.18117589999997108	epochs	3.0
1784.6126097076294	0.17391939999993156	epochs	3.0
1784.7865291076293	0.3282431000000088	epochs	2.0
1784.7865291076293	0.16722189999995862	epochs	3.0
1784.9537510076293	0.16102120000005016	epochs	3.0
1785.1147722076294	0.30516800000009425	epochs	2.0
1785.1147722076294	0.15526390000013635	epochs	3.0
1785.2700361076295	0.1499040999999579	epochs	3.0
1785.4199402076295	0.28512529999989056	epochs	2.0
1785.4199402076295	0.14490209999985382	epochs	3.0
1785.5648423076293	0.14022320000003674	epochs	3.0
1785.7050655076293	0.267553800000087	epochs	2.0
1785.7050655076293	0.1358368999999584	epochs	3.0
1785.8409024076293	0.1317169000001286	epochs	3.0
1785.9726193076294	0.252022899999929	epochs	2.0
1785.9726193076294	0.1278393000000051	epochs	3.0
1786.1004586076294	0.1241835999999239	epochs	3.0
1786.2246422076294	0.23819649999995818	epochs	2.0
1786.2246422076294	0.12073110000005727	epochs	3.0
1786.3453733076294	0.11746539999990091	epochs	3.0
1786.4628387076293	0.2258088000000953	epochs	2.0
1786.4628387076293	0.11437190000015107	epochs	3.0
1786.5772106076295	0.11143689999994422	epochs	3.0
1786.6886475076294	0.21464599999990241	epochs	2.0
1786.6886475076294	0.10864889999993466	epochs	3.0
1786.7972964076293	0.10599709999996776	epochs	3.0
1786.9032935076293	0.20453500000007807	epochs	2.0
1786.9032935076293	0.10347150000006877	epochs	3.0
1787.0067650076294	0.1010635000000093	epochs	3.0
1787.1078285076294	0.19533400000000256	epochs	2.0
1787.1078285076294	0.09876510000003691	epochs	3.0
1787.2065936076294	0.09656889999996565	epochs	3.0
1787.3031625076294	0.18692529999998442	epochs	2.0
1787.3031625076294	0.09446830000001682	epochs	3.0
1787.3976308076294	0.09245699999996759	epochs	3.0
1787.4900878076294	0.1792107000001124	epochs	2.0
1787.4900878076294	0.0905296000000817	epochs	3.0
1787.5806174076295	0.08868110000003071	epochs	3.0
1787.6692985076295	0.17210769999996955	epochs	2.0
1787.6692985076295	0.08690630000000965	epochs	3.0
1787.7562048076295	0.0852013999999599	epochs	3.0
1787.8414062076295	0.16554640000003928	epochs	2.0
1787.8414062076295	0.08356189999994967	epochs	3.0
1787.9249681076294	0.08198450000008961	epochs	3.0
1788.0069526076295	0.15946709999980158	epochs	2.0
1788.0069526076295	0.08046539999986635	epochs	3.0
1788.0874180076294	0.07900169999993523	epochs	3.0
1788.1664197076293	0.15381840000009106	epochs	2.0
1788.1664197076293	0.07759010000017952	epochs	3.0
1788.2440098076295	0.07622829999991154	epochs	3.0
1788.3202381076294	0.14855639999996129	epochs	2.0
1788.3202381076294	0.07491329999993468	epochs	3.0
1788.3951514076293	0.0736431000000266	epochs	3.0
1788.4687945076294	0.14364240000008976	epochs	2.0
1788.4687945076294	0.07241500000009182	epochs	3.0
1788.5412095076294	0.07122739999999794	epochs	3.0
1788.6124369076294	0.13904309999998077	epochs	2.0
1788.6124369076294	0.07007799999996678	epochs	3.0
1788.6825149076294	0.06896510000001399	epochs	3.0
1788.7514800076294	0.13472929999988992	epochs	2.0
1788.7514800076294	0.0678871000000072	epochs	3.0
1788.8193671076294	0.06684219999988272	epochs	3.0
1788.8862093076293	0.1306752000000415	epochs	2.0
1788.8862093076293	0.06582909999997355	epochs	3.0
1788.9520384076293	0.06484610000006796	epochs	3.0
1789.0168845076294	0.12685780000015257	epochs	2.0
1789.0168845076294	0.06389200000012352	epochs	3.0
1789.0807765076295	0.06296580000002905	epochs	3.0
1789.1437423076295	0.12325719999989815	epochs	2.0
1789.1437423076295	0.06206579999980022	epochs	3.0
1789.2058081076293	0.06119140000009793	epochs	3.0
1789.2669995076294	0.11985540000000583	epochs	2.0
1789.2669995076294	0.060341099999959624	epochs	3.0
1789.3273406076294	0.059514300000046205	epochs	3.0
1789.3868549076294	0.1166361999999026	epochs	2.0
1789.3868549076294	0.058709599999929196	epochs	3.0
1789.4455645076293	0.057926599999973405	epochs	3.0
1789.5034911076293	0.11358560000007856	epochs	2.0
1789.5034911076293	0.05716419999998834	epochs	3.0
1789.5606553076293	0.056421400000090216	epochs	3.0
1789.6170767076294	0.11069049999991876	epochs	2.0
1789.6170767076294	0.055697900000041045	epochs	3.0
1789.6727746076294	0.05499259999987771	epochs	3.0
1789.7277672076293	0.1079391000000669	epochs	2.0
1789.7277672076293	0.05430490000003374	epochs	3.0
1789.7820721076293	0.05363420000003316	epochs	3.0
1789.8357063076294	0.10532149999994544	epochs	2.0
1789.8357063076294	0.05297999999993408	epochs	3.0
1789.8886863076293	0.052341500000011365	epochs	3.0
1789.9410278076293	0.10282760000018243	epochs	2.0
1789.9410278076293	0.05171810000001642	epochs	3.0
1789.9927459076293	0.05110950000016601	epochs	3.0
1790.0438554076295	0.10044909999987794	epochs	2.0
1790.0438554076295	0.0505148999998255	epochs	3.0
1790.0943703076293	0.04993420000005244	epochs	3.0
1790.1443045076294	0.0981782999999723	epochs	2.0
1790.1443045076294	0.04936659999998483	epochs	3.0
1790.1936711076294	0.04881169999998747	epochs	3.0
1790.2424828076294	0.09600780000005216	epochs	2.0
1790.2424828076294	0.04826920000004975	epochs	3.0
1790.2907520076294	0.04773860000000241	epochs	3.0
1790.3384906076294	0.09393120000004274	epochs	2.0
1790.3384906076294	0.04721949999998287	epochs	3.0
1790.3857101076294	0.046711700000059864	epochs	3.0
1790.4324218076295	0.09194260000003851	epochs	2.0
1790.4324218076295	0.046214599999984785	epochs	3.0
1790.4786364076294	0.045728000000053726	epochs	3.0
1790.5243644076295	0.09003629999983787	epochs	2.0
1790.5243644076295	0.045251499999949374	epochs	3.0
1790.5696159076294	0.04478479999988849	epochs	3.0
1790.6144007076293	0.08820760000003247	epochs	2.0
1790.6144007076293	0.044327800000019124	epochs	3.0
1790.6587285076293	0.04387980000001335	epochs	3.0
1790.7026083076294	0.0864516999999978	epochs	2.0
1790.7026083076294	0.04344100000002982	epochs	3.0
1790.7460493076294	0.04301069999996798	epochs	3.0
1790.7890600076294	0.08476429999996071	epochs	2.0
1790.7890600076294	0.04258900000013455	epochs	3.0
1790.8316490076295	0.042175299999826166	epochs	3.0
1790.8738243076293	0.08314150000001064	epochs	2.0
1790.8738243076293	0.04176970000003166	epochs	3.0
1790.9155940076294	0.041371799999978975	epochs	3.0
1790.9569658076293	0.08157970000002024	epochs	2.0
1790.9569658076293	0.040981399999964196	epochs	3.0
1790.9979472076293	0.04059830000005604	epochs	3.0
1791.0385455076294	0.08007550000002084	epochs	2.0
1791.0385455076294	0.040222300000095856	epochs	3.0
1791.0787678076294	0.03985319999992498	epochs	3.0
1791.1186210076294	0.07862569999997504	epochs	2.0
1791.1186210076294	0.039490800000066884	epochs	3.0
1791.1581118076294	0.03913489999990816	epochs	3.0
1791.1972467076293	0.07722760000001472	epochs	2.0
1791.1972467076293	0.038785400000051595	epochs	3.0
1791.2360321076294	0.03844219999996312	epochs	3.0
1791.2744743076294	0.07587820000003376	epochs	2.0
1791.2744743076294	0.03810479999992822	epochs	3.0
1791.3125791076293	0.03777340000010554	epochs	3.0
1791.3503525076294	0.0745752000000266	epochs	2.0
1791.3503525076294	0.03744770000002973	epochs	3.0
1791.3878002076294	0.03712749999999687	epochs	3.0
1791.4249277076294	0.07331629999998768	epochs	2.0
1791.4249277076294	0.0368129000000863	epochs	3.0
1791.4617406076295	0.036503399999901376	epochs	3.0
1791.4982440076294	0.07209899999998015	epochs	2.0
1791.4982440076294	0.03619909999997617	epochs	3.0
1791.5344431076294	0.03589990000000398	epochs	3.0
1791.5703430076294	0.07092170000009901	epochs	2.0
1791.5703430076294	0.03560560000005353	epochs	3.0
1791.6059486076294	0.03531610000004548	epochs	3.0
1791.6412647076295	0.06978199999980461	epochs	2.0
1791.6412647076295	0.03503119999982118	epochs	3.0
1791.6762959076293	0.03475079999998343	epochs	3.0
1791.7110467076293	0.06867860000011206	epochs	2.0
1791.7110467076293	0.03447510000000875	epochs	3.0
1791.7455218076293	0.034203500000103304	epochs	3.0
1791.7797253076294	0.06760929999995824	epochs	2.0
1791.7797253076294	0.033936199999970995	epochs	3.0
1791.8136615076294	0.033673099999987244	epochs	3.0
1791.8473346076294	0.06657289999998284	epochs	2.0
1791.8473346076294	0.03341399999999339	epochs	3.0
1791.8807486076294	0.033158899999989444	epochs	3.0
1791.9139075076293	0.06556780000005347	epochs	2.0
1791.9139075076293	0.03290770000012344	epochs	3.0
1791.9468152076295	0.032660099999930026	epochs	3.0
1791.9794753076294	0.06459259999996902	epochs	2.0
1791.9794753076294	0.03241640000010193	epochs	3.0
1792.0118917076295	0.032176199999867094	epochs	3.0
1792.0440679076294	0.06364600000006249	epochs	2.0
1792.0440679076294	0.03193959999998697	epochs	3.0
1792.0760075076294	0.03170640000007552	epochs	3.0
1792.1077139076294	0.0627266999999847	epochs	2.0
1792.1077139076294	0.031476599999905375	epochs	3.0
1792.1391905076293	0.03125010000007933	epochs	3.0
1792.1704406076294	0.06183359999999993	epochs	2.0
1792.1704406076294	0.03102689999991526	epochs	3.0
1792.2014675076293	0.030806700000084675	epochs	3.0
1792.2322742076294	0.060965599999917686	epochs	2.0
1792.2322742076294	0.030589799999916067	epochs	3.0
1792.2628640076293	0.030375800000001618	epochs	3.0
1792.2932398076293	0.06012160000000222	epochs	2.0
1792.2932398076293	0.030164900000045236	epochs	3.0
1792.3234047076294	0.02995669999995698	epochs	3.0
1792.3533614076293	0.05930069999999432	epochs	2.0
1792.3533614076293	0.029751600000054168	epochs	3.0
1792.3831130076294	0.029549099999940154	epochs	3.0
1792.4126621076293	0.058501800000158255	epochs	2.0
1792.4126621076293	0.02934940000000097	epochs	3.0
1792.4420115076293	0.029152400000157286	epochs	3.0
1792.4711639076295	0.05772419999993872	epochs	2.0
1792.4711639076295	0.028957999999875028	epochs	3.0
1792.5001219076294	0.02876620000006369	epochs	3.0
1792.5288881076294	0.05696710000006533	epochs	2.0
1792.5288881076294	0.028577000000041153	epochs	3.0
1792.5574651076295	0.028390100000024177	epochs	3.0
1792.5858552076295	0.05622949999997218	epochs	2.0
1792.5858552076295	0.028205699999944045	epochs	3.0
1792.6140609076294	0.028023800000028132	epochs	3.0
1792.6420847076295	0.05551070000001346	epochs	2.0
1792.6420847076295	0.027843999999959124	epochs	3.0
1792.6699287076294	0.027666700000054334	epochs	3.0
1792.6975954076295	0.054810200000019904	epochs	2.0
1792.6975954076295	0.02749149999999645	epochs	3.0
1792.7250869076295	0.027318700000023455	epochs	3.0
1792.7524056076295	0.054126999999880354	epochs	2.0
1792.7524056076295	0.027147799999966082	epochs	3.0
1792.7795534076295	0.026979199999914272	epochs	3.0
1792.8065326076294	0.053460699999959616	epochs	2.0
1792.8065326076294	0.026812600000084785	epochs	3.0
1792.8333452076295	0.02664809999987483	epochs	3.0
1792.8599933076293	0.05281070000000909	epochs	2.0
1792.8599933076293	0.026485600000114573	epochs	3.0
1792.8864789076295	0.02632509999989452	epochs	3.0
1792.9128040076293	0.05217620000007628	epochs	2.0
1792.9128040076293	0.026166399999965506	epochs	3.0
1792.9389704076293	0.026009800000110772	epochs	3.0
1792.9649802076294	0.051556699999991906	epochs	2.0
1792.9649802076294	0.025854799999933675	epochs	3.0
1792.9908350076294	0.02570190000005823	epochs	3.0
1793.0165369076294	0.05095189999997274	epochs	2.0
1793.0165369076294	0.025550699999939752	epochs	3.0
1793.0420876076294	0.025401200000032986	epochs	3.0
1793.0674888076294	0.05036100000006627	epochs	2.0
1793.0674888076294	0.025253499999962514	epochs	3.0
1793.0927423076294	0.025107500000103755	epochs	3.0
1793.1178498076295	0.04978379999988647	epochs	2.0
1793.1178498076295	0.02496320000000196	epochs	3.0
1793.1428130076295	0.024820599999884507	epochs	3.0
1793.1676336076293	0.04921950000016295	epochs	2.0
1793.1676336076293	0.024679399999968155	epochs	3.0
1793.1923130076293	0.024540100000194798	epochs	3.0
1793.2168531076295	0.04866789999982757	epochs	2.0
1793.2168531076295	0.024402099999861093	epochs	3.0
1793.2412552076294	0.024265799999966475	epochs	3.0
1793.2655210076293	0.04812860000015462	epochs	2.0
1793.2655210076293	0.024131000000124914	epochs	3.0
1793.2896520076295	0.023997600000029706	epochs	3.0
1793.3136496076295	0.04760109999983797	epochs	2.0
1793.3136496076295	0.02386579999983951	epochs	3.0
1793.3375154076293	0.02373529999999846	epochs	3.0
1793.3612507076293	0.04708500000015192	epochs	2.0
1793.3612507076293	0.023606299999983094	epochs	3.0
1793.3848570076293	0.02347870000016883	epochs	3.0
1793.4083357076295	0.046579999999948996	epochs	2.0
1793.4083357076295	0.023352499999873544	epochs	3.0
1793.4316882076293	0.02322750000007545	epochs	3.0
1793.4549157076294	0.046085700000048746	epochs	2.0
1793.4549157076294	0.02310399999987567	epochs	3.0
1793.4780197076293	0.022981700000173078	epochs	3.0
1793.5010014076295	0.045601799999985815	epochs	2.0
1793.5010014076295	0.02286069999991014	epochs	3.0
1793.5238621076294	0.022741100000075676	epochs	3.0
1793.5466032076295	0.045127899999897636	epochs	2.0
1793.5466032076295	0.022622499999897627	epochs	3.0
1793.5692257076294	0.02250540000000001	epochs	3.0
1793.5917311076294	0.0446638000000803	epochs	2.0
1793.5917311076294	0.02238929999998618	epochs	3.0
1793.6141204076293	0.022274500000094122	epochs	3.0
1793.6363949076294	0.04420920000006845	epochs	2.0
1793.6363949076294	0.022160799999937808	epochs	3.0
1793.6585557076294	0.02204840000013064	epochs	3.0
1793.6806041076295	0.04376359999992019	epochs	2.0
1793.6806041076295	0.02193689999990056	epochs	3.0
1793.7025410076294	0.021826700000019628	epochs	3.0
1793.7243677076294	0.04332709999994222	epochs	2.0
1793.7243677076294	0.021717599999874437	epochs	3.0
1793.7460853076293	0.021609500000067783	epochs	3.0
1793.7676948076294	0.04289900000003399	epochs	2.0
1793.7676948076294	0.02150249999999687	epochs	3.0
1793.7891973076294	0.021396500000037122	epochs	3.0
1793.8105938076294	0.04247949999989942	epochs	2.0
1793.8105938076294	0.021291699999892444	epochs	3.0
1793.8318855076293	0.021187800000006973	epochs	3.0
1793.8530733076293	0.04206790000012006	epochs	2.0
1793.8530733076293	0.02108490000000529	epochs	3.0
1793.8741582076293	0.02098300000011477	epochs	3.0
1793.8951412076294	0.04166439999994509	epochs	2.0
1793.8951412076294	0.020882199999959994	epochs	3.0
1793.9160234076294	0.020782199999985096	epochs	3.0
1793.9368056076294	0.04126850000011473	epochs	2.0
1793.9368056076294	0.020683299999973315	epochs	3.0
1793.9574889076293	0.020585200000141413	epochs	3.0
1793.9780741076295	0.04088000000001557	epochs	2.0
1793.9780741076295	0.020488099999965925	epochs	3.0
1793.9985622076294	0.020391900000049645	epochs	3.0
1794.0189541076295	0.040498799999795665	epochs	2.0
1794.0189541076295	0.020296599999937825	epochs	3.0
1794.0392507076294	0.02020219999985784	epochs	3.0
1794.0594529076293	0.04012460000012652	epochs	2.0
1794.0594529076293	0.02010870000003706	epochs	3.0
1794.0795616076293	0.02001590000008946	epochs	3.0
1794.0995775076294	0.03975730000001931	epochs	2.0
1794.0995775076294	0.0199241999998776	epochs	3.0
1794.1195017076293	0.019833100000141712	epochs	3.0
1794.1393348076294	0.03939669999999751	epochs	2.0
1794.1393348076294	0.01974300000006224	epochs	3.0
1794.1590778076295	0.01965369999993527	epochs	3.0
1794.1787315076294	0.03904239999997117	epochs	2.0
1794.1787315076294	0.019565099999908853	epochs	3.0
1794.1982966076293	0.019477300000062314	epochs	3.0
1794.2177739076294	0.038694600000098944	epochs	2.0
1794.2177739076294	0.019390400000020236	epochs	3.0
1794.2371643076294	0.01930420000007871	epochs	3.0
1794.2564685076295	0.038352899999836154	epochs	2.0
1794.2564685076295	0.019218799999862313	epochs	3.0
1794.2756873076294	0.01913409999997384	epochs	3.0
1794.2948214076293	0.03801720000001296	epochs	2.0
1794.2948214076293	0.019050200000037876	epochs	3.0
1794.3138716076294	0.018966999999975087	epochs	3.0
1794.3328386076294	0.03768719999993664	epochs	2.0
1794.3328386076294	0.01888450000001285	epochs	3.0
1794.3517231076294	0.01880269999992379	epochs	3.0
1794.3705258076293	0.03736309999999321	epochs	2.0
1794.3705258076293	0.018721700000014607	epochs	3.0
1794.3892475076293	0.018641399999978603	epochs	3.0
1794.4078889076293	0.037044300000161456	epochs	2.0
1794.4078889076293	0.018561600000111866	epochs	3.0
1794.4264505076294	0.01848270000004959	epochs	3.0
1794.4449332076294	0.03673099999991791	epochs	2.0
1794.4449332076294	0.018404299999929208	epochs	3.0
1794.4633375076294	0.018326699999988705	epochs	3.0
1794.4816642076294	0.03642289999993409	epochs	2.0
1794.4816642076294	0.018249599999990096	epochs	3.0
1794.4999138076294	0.018173299999943993	epochs	3.0
1794.5180871076293	0.03612010000006194	epochs	2.0
1794.5180871076293	0.018097600000146485	epochs	3.0
1794.5361847076294	0.018022499999915453	epochs	3.0
1794.5542072076294	0.035822100000132195	epochs	2.0
1794.5542072076294	0.017947900000081063	epochs	3.0
1794.5721551076294	0.017874200000051133	epochs	3.0
1794.5900293076295	0.03552899999999681	epochs	2.0
1794.5900293076295	0.01780079999980444	epochs	3.0
1794.6078301076293	0.017728200000192373	epochs	3.0
1794.6255583076295	0.03524069999980384	epochs	2.0
1794.6255583076295	0.01765609999984008	epochs	3.0
1794.6432144076293	0.017584599999963757	epochs	3.0
1794.6607990076293	0.03495710000015606	epochs	2.0
1794.6607990076293	0.017513700000108656	epochs	3.0
1794.6783127076294	0.017443400000047404	epochs	3.0
1794.6957561076294	0.034677899999906	epochs	2.0
1794.6957561076294	0.017373599999928047	epochs	3.0
1794.7131297076294	0.017304299999977957	epochs	3.0
1794.7304340076294	0.03440330000012182	epochs	2.0
1794.7304340076294	0.017235700000128418	epochs	3.0
1794.7476697076295	0.0171675999999934	epochs	3.0
1794.7648373076295	0.03413279999995211	epochs	2.0
1794.7648373076295	0.01709989999994832	epochs	3.0
1794.7819372076294	0.017032900000003792	epochs	3.0
1794.7989701076294	0.03386669999986225	epochs	2.0
1794.7989701076294	0.01696640000000116	epochs	3.0
1794.8159365076294	0.01690029999986109	epochs	3.0
1794.8328368076293	0.03360459999998966	epochs	2.0
1794.8328368076293	0.016834800000196992	epochs	3.0
1794.8496716076295	0.016769799999792667	epochs	3.0
1794.8664414076293	0.0333466000001863	epochs	2.0
1794.8664414076293	0.016705300000012357	epochs	3.0
1794.8831467076293	0.016641300000173942	epochs	3.0
1794.8997880076295	0.033092499999838765	epochs	2.0
1794.8997880076295	0.016577799999822673	epochs	3.0
1794.9163658076293	0.01651470000001609	epochs	3.0
1794.9328805076293	0.032842300000083924	epochs	2.0
1794.9328805076293	0.01645220000000336	epochs	3.0
1794.9493327076293	0.016390100000080565	epochs	3.0
1794.9657228076294	0.03259570000000167	epochs	2.0
1794.9657228076294	0.016328400000020338	epochs	3.0
1794.9820512076294	0.016267299999981333	epochs	3.0
1794.9983185076294	0.032352899999978035	epochs	2.0
1794.9983185076294	0.016206600000032267	epochs	3.0
1795.0145251076294	0.016146299999945768	epochs	3.0
1795.0306714076294	0.032113700000081735	epochs	2.0
1795.0306714076294	0.016086600000107865	epochs	3.0
1795.0467580076295	0.01602709999997387	epochs	3.0
1795.0627851076295	0.03187800000000607	epochs	2.0
1795.0627851076295	0.0159681999998611	epochs	3.0
1795.0787533076293	0.01590980000014497	epochs	3.0
1795.0946631076295	0.03164569999989908	epochs	2.0
1795.0946631076295	0.015851599999905375	epochs	3.0
1795.1105147076294	0.015794099999993705	epochs	3.0
1795.1263088076294	0.03141670000013619	epochs	2.0
1795.1263088076294	0.01573669999993399	epochs	3.0
1795.1420455076293	0.0156800000002022	epochs	3.0
1795.1577255076295	0.03119109999988723	epochs	2.0
1795.1577255076295	0.015623599999798898	epochs	3.0
1795.1733491076293	0.01556750000008833	epochs	3.0
1795.1889166076294	0.030968699999903038	epochs	2.0
1795.1889166076294	0.015511999999944237	epochs	3.0
1795.2044286076293	0.0154566999999588	epochs	3.0
1795.2198853076293	0.030749500000183616	epochs	2.0
1795.2198853076293	0.01540200000022196	epochs	3.0
1795.2352873076295	0.015347499999961656	epochs	3.0
1795.2506348076295	0.03053320000003623	epochs	2.0
1795.2506348076295	0.015293400000018664	epochs	3.0
1795.2659282076295	0.015239800000017567	epochs	3.0
1795.2811680076295	0.030320099999926242	epochs	2.0
1795.2811680076295	0.015186499999799707	epochs	3.0
1795.2963545076293	0.015133600000126535	epochs	3.0
1795.3114881076294	0.03010990000007041	epochs	2.0
1795.3114881076294	0.015081000000009226	epochs	3.0
1795.3265691076294	0.015028900000061185	epochs	3.0
1795.3415980076295	0.029902499999934662	epochs	2.0
1795.3415980076295	0.014976999999817053	epochs	3.0
1795.3565750076293	0.014925500000117609	epochs	3.0
1795.3715005076294	0.029698099999905025	epochs	2.0
1795.3715005076294	0.014874400000053356	epochs	3.0
1795.3863749076295	0.01482369999985167	epochs	3.0
1795.4011986076293	0.029496300000118936	epochs	2.0
1795.4011986076293	0.014773200000036013	epochs	3.0
1795.4159718076294	0.014723100000082923	epochs	3.0
1795.4306949076295	0.029297399999904883	epochs	2.0
1795.4306949076295	0.014673399999992398	epochs	3.0
1795.4453683076295	0.014623999999912485	epochs	3.0
1795.4599923076294	0.029101099999934377	epochs	2.0
1795.4599923076294	0.014574900000070556	epochs	3.0
1795.4745672076294	0.01452619999986382	epochs	3.0
1795.4890934076293	0.028907400000207417	epochs	2.0
1795.4890934076293	0.014477700000043114	epochs	3.0
1795.5035711076293	0.014429700000164303	epochs	3.0
1795.5180008076295	0.028716199999962555	epochs	2.0
1795.5180008076295	0.014381799999910072	epochs	3.0
1795.5323826076294	0.014334400000052483	epochs	3.0
1795.5467170076295	0.02852759999996124	epochs	2.0
1795.5467170076295	0.014287199999898803	epochs	3.0
1795.5610042076294	0.014240400000062436	epochs	3.0
1795.5752446076294	0.028341400000044814	epochs	2.0
1795.5752446076294	0.014193799999929979	epochs	3.0
1795.5894384076294	0.014147600000114835	epochs	3.0
1795.6035860076295	0.02815769999983786	epochs	2.0
1795.6035860076295	0.014101699999855555	epochs	3.0
1795.6176877076293	0.014055999999982305	epochs	3.0
1795.6317437076293	0.027976300000091214	epochs	2.0
1795.6317437076293	0.014010600000119666	epochs	3.0
1795.6457543076294	0.013965699999971548	epochs	3.0
1795.6597200076294	0.027797199999895383	epochs	2.0
1795.6597200076294	0.013920800000050804	epochs	3.0
1795.6736408076295	0.01387639999984458	epochs	3.0
1795.6875172076293	0.02762040000015986	epochs	2.0
1795.6875172076293	0.013832200000024386	epochs	3.0
1795.7013494076293	0.013788200000135475	epochs	3.0
1795.7151376076295	0.027445899999975154	epochs	2.0
1795.7151376076295	0.013744599999881757	epochs	3.0
1795.7288822076293	0.013701300000093397	epochs	3.0
1795.7425835076294	0.027273499999864725	epochs	2.0
1795.7425835076294	0.013658200000008947	epochs	3.0
1795.7562417076294	0.013615299999855779	epochs	3.0
1795.7698570076293	0.027103399999987232	epochs	2.0
1795.7698570076293	0.013572800000019924	epochs	3.0
1795.7834298076293	0.013530599999967308	epochs	3.0
1795.7969604076293	0.02693520000002536	epochs	2.0
1795.7969604076293	0.013488400000142065	epochs	3.0
1795.8104488076294	0.013446799999883297	epochs	3.0
1795.8238956076293	0.026769199999989723	epochs	2.0
1795.8238956076293	0.013405200000079276	epochs	3.0
1795.8373008076294	0.013363999999910448	epochs	3.0
1795.8506648076293	0.02660520000017641	epochs	2.0
1795.8506648076293	0.013322900000048321	epochs	3.0
1795.8639877076293	0.013282300000128089	epochs	3.0
1795.8772700076295	0.0264431999999033	epochs	2.0
1795.8772700076295	0.013241699999980483	epochs	3.0
1795.8905117076295	0.013201499999922817	epochs	3.0
1795.9037132076294	0.026283200000079887	epochs	2.0
1795.9037132076294	0.013161500000023807	epochs	3.0
1795.9168747076294	0.01312170000005608	epochs	3.0
1795.9299964076295	0.026124999999865395	epochs	2.0
1795.9299964076295	0.013082100000019636	epochs	3.0
1795.9430785076295	0.013042899999845758	epochs	3.0
1795.9561214076293	0.02596890000017993	epochs	2.0
1795.9561214076293	0.01300390000005791	epochs	3.0
1795.9691253076294	0.012965000000122018	epochs	3.0
1795.9820903076295	0.02581449999979668	epochs	2.0
1795.9820903076295	0.012926399999969362	epochs	3.0
1795.9950167076295	0.012888099999827318	epochs	3.0
1796.0079048076293	0.02566190000015922	epochs	2.0
1796.0079048076293	0.012849899999991976	epochs	3.0
1796.0207547076293	0.012812000000167245	epochs	3.0
1796.0335667076295	0.025511199999982637	epochs	2.0
1796.0335667076295	0.012774399999898378	epochs	3.0
1796.0463411076294	0.012736800000084258	epochs	3.0
1796.0590779076294	0.02536229999986972	epochs	2.0
1796.0590779076294	0.01269969999998466	epochs	3.0
1796.0717776076294	0.01266259999988506	epochs	3.0
1796.0844402076293	0.02521500000011656	epochs	2.0
1796.0844402076293	0.012625800000023446	epochs	3.0
1796.0970660076293	0.012589200000093115	epochs	3.0
1796.1096552076294	0.024584799999956886	epochs	2.0
1796.1335812076295	0.5	epochs	-1.0
1796.1342400076294	0.5376000000001113	epochs	1.0
1796.6718400076295	0.4623199999998633	epochs	0.0
1797.340000152588	0.042239999999992506	epochs	0.0
1797.340000152588	0.016127200000028097	epochs	1.0
1797.356127352588	0.009985599999936312	epochs	1.0
1797.3661129525879	0.016127200000028097	epochs	1.0
1797.3822401525879	2.0	epochs	0.0
1799.3822401525879	21.999919999999975	epochs	0.0
1799.3822401525879	1.0	epochs	1.0
1799.382301352588	0.5	epochs	-1.0
1799.882301352588	19.99928	epochs	-1.0
1800.3822401525879	20.0	epochs	1.0
1800.3822401525879	4.356753900000058	epochs	-1.0
1800.3822401525879	1.9745872000000873	epochs	2.0
1800.3822401525879	1.0985622000000603	epochs	3.0
1801.480802352588	0.8760250000000269	epochs	3.0
1802.356827352588	1.3524075000000266	epochs	2.0
1802.356827352588	0.7286354999998821	epochs	3.0
1803.0854628525879	0.6237720000001445	epochs	3.0
1803.709234852588	1.029759199999944	epochs	2.0
1803.709234852588	0.5453292999998212	epochs	3.0
1804.2545641525878	0.48442990000012287	epochs	3.0
1804.738994052588	0.8317861999998968	epochs	2.0
1804.738994052588	0.4357763000000432	epochs	3.0
1805.174770352588	0.3960098999998536	epochs	3.0
1805.5707802525878	0.6977970000000369	epochs	2.0
1805.5707802525878	0.3628982000000178	epochs	3.0
1805.9336784525879	0.33489880000001904	epochs	3.0
1806.2685772525879	0.601045699999986	epochs	2.0
1806.2685772525879	0.3109122999999272	epochs	3.0
1806.5794895525878	0.2901334000000588	epochs	3.0
1806.8696229525879	0.5278859000000011	epochs	2.0
1806.8696229525879	0.2719586000000618	epochs	3.0
1807.141581552588	0.25592729999993935	epochs	3.0
1807.3975088525879	0.470619299999953	epochs	2.0
1807.3975088525879	0.241681299999982	epochs	3.0
1807.6391901525878	0.228937999999971	epochs	3.0
1807.8681281525878	0.42457039999999324	epochs	2.0
1807.8681281525878	0.21747140000002219	epochs	3.0
1808.0855995525878	0.20709899999997106	epochs	3.0
1808.2926985525878	0.3867354000001342	epochs	2.0
1808.2926985525878	0.19767109999997956	epochs	3.0
1808.4903696525878	0.18906430000015462	epochs	3.0
1808.679433952588	0.35509529999990264	epochs	2.0
1808.679433952588	0.18117589999997108	epochs	3.0
1808.860609852588	0.17391939999993156	epochs	3.0
1809.0345292525878	0.3282431000000088	epochs	2.0
1809.0345292525878	0.16722189999995862	epochs	3.0
1809.2017511525878	0.16102120000005016	epochs	3.0
1809.3627723525879	0.30516800000009425	epochs	2.0
1809.3627723525879	0.15526390000013635	epochs	3.0
1809.518036252588	0.1499040999999579	epochs	3.0
1809.667940352588	0.28512529999989056	epochs	2.0
1809.667940352588	0.14490209999985382	epochs	3.0
1809.8128424525878	0.14022320000003674	epochs	3.0
1809.9530656525878	0.267553800000087	epochs	2.0
1809.9530656525878	0.1358368999999584	epochs	3.0
1810.0889025525878	0.1317169000001286	epochs	3.0
1810.220619452588	0.252022899999929	epochs	2.0
1810.220619452588	0.1278393000000051	epochs	3.0
1810.348458752588	0.1241835999999239	epochs	3.0
1810.4726423525879	0.23819649999995818	epochs	2.0
1810.4726423525879	0.12073110000005727	epochs	3.0
1810.593373452588	0.11746539999990091	epochs	3.0
1810.7108388525878	0.2258088000000953	epochs	2.0
1810.7108388525878	0.11437190000015107	epochs	3.0
1810.825210752588	0.11143689999994422	epochs	3.0
1810.936647652588	0.21464599999990241	epochs	2.0
1810.936647652588	0.10864889999993466	epochs	3.0
1811.0452965525878	0.10599709999996776	epochs	3.0
1811.1512936525878	0.20453500000007807	epochs	2.0
1811.1512936525878	0.10347150000006877	epochs	3.0
1811.2547651525879	0.1010635000000093	epochs	3.0
1811.355828652588	0.19533400000000256	epochs	2.0
1811.355828652588	0.09876510000003691	epochs	3.0
1811.454593752588	0.09656889999996565	epochs	3.0
1811.551162652588	0.18692529999998442	epochs	2.0
1811.551162652588	0.09446830000001682	epochs	3.0
1811.645630952588	0.09245699999996759	epochs	3.0
1811.7380879525879	0.1792107000001124	epochs	2.0
1811.7380879525879	0.0905296000000817	epochs	3.0
1811.828617552588	0.08868110000003071	epochs	3.0
1811.917298652588	0.17210769999996955	epochs	2.0
1811.917298652588	0.08690630000000965	epochs	3.0
1812.004204952588	0.0852013999999599	epochs	3.0
1812.089406352588	0.16554640000003928	epochs	2.0
1812.089406352588	0.08356189999994967	epochs	3.0
1812.172968252588	0.08198450000008961	epochs	3.0
1812.254952752588	0.15946709999980158	epochs	2.0
1812.254952752588	0.08046539999986635	epochs	3.0
1812.3354181525879	0.07900169999993523	epochs	3.0
1812.4144198525878	0.15381840000009106	epochs	2.0
1812.4144198525878	0.07759010000017952	epochs	3.0
1812.492009952588	0.07622829999991154	epochs	3.0
1812.568238252588	0.14855639999996129	epochs	2.0
1812.568238252588	0.07491329999993468	epochs	3.0
1812.6431515525878	0.0736431000000266	epochs	3.0
1812.7167946525879	0.14364240000008976	epochs	2.0
1812.7167946525879	0.07241500000009182	epochs	3.0
1812.789209652588	0.07122739999999794	epochs	3.0
1812.860437052588	0.13904309999998077	epochs	2.0
1812.860437052588	0.07007799999996678	epochs	3.0
1812.930515052588	0.06896510000001399	epochs	3.0
1812.999480152588	0.13472929999988992	epochs	2.0
1812.999480152588	0.0678871000000072	epochs	3.0
1813.067367252588	0.06684219999988272	epochs	3.0
1813.1342094525878	0.1306752000000415	epochs	2.0
1813.1342094525878	0.06582909999997355	epochs	3.0
1813.2000385525878	0.06484610000006796	epochs	3.0
1813.2648846525879	0.12685780000015257	epochs	2.0
1813.2648846525879	0.06389200000012352	epochs	3.0
1813.328776652588	0.06296580000002905	epochs	3.0
1813.391742452588	0.12325719999989815	epochs	2.0
1813.391742452588	0.06206579999980022	epochs	3.0
1813.4538082525878	0.06119140000009793	epochs	3.0
1813.514999652588	0.11985540000000583	epochs	2.0
1813.514999652588	0.060341099999959624	epochs	3.0
1813.5753407525879	0.059514300000046205	epochs	3.0
1813.634855052588	0.1166361999999026	epochs	2.0
1813.634855052588	0.058709599999929196	epochs	3.0
1813.6935646525878	0.057926599999973405	epochs	3.0
1813.7514912525878	0.11358560000007856	epochs	2.0
1813.7514912525878	0.05716419999998834	epochs	3.0
1813.8086554525878	0.056421400000090216	epochs	3.0
1813.865076852588	0.11069049999991876	epochs	2.0
1813.865076852588	0.055697900000041045	epochs	3.0
1813.920774752588	0.05499259999987771	epochs	3.0
1813.9757673525878	0.1079391000000669	epochs	2.0
1813.9757673525878	0.05430490000003374	epochs	3.0
1814.0300722525878	0.05363420000003316	epochs	3.0
1814.0837064525879	0.10532149999994544	epochs	2.0
1814.0837064525879	0.05297999999993408	epochs	3.0
1814.1366864525878	0.052341500000011365	epochs	3.0
1814.1890279525878	0.10282760000018243	epochs	2.0
1814.1890279525878	0.05171810000001642	epochs	3.0
1814.2407460525878	0.05110950000016601	epochs	3.0
1814.291855552588	0.10044909999987794	epochs	2.0
1814.291855552588	0.0505148999998255	epochs	3.0
1814.3423704525878	0.04993420000005244	epochs	3.0
1814.3923046525879	0.0981782999999723	epochs	2.0
1814.3923046525879	0.04936659999998483	epochs	3.0
1814.4416712525879	0.04881169999998747	epochs	3.0
1814.4904829525879	0.09600780000005216	epochs	2.0
1814.4904829525879	0.04826920000004975	epochs	3.0
1814.538752152588	0.04773860000000241	epochs	3.0
1814.586490752588	0.09393120000004274	epochs	2.0
1814.586490752588	0.04721949999998287	epochs	3.0
1814.633710252588	0.046711700000059864	epochs	3.0
1814.680421952588	0.09194260000003851	epochs	2.0
1814.680421952588	0.046214599999984785	epochs	3.0
1814.726636552588	0.045728000000053726	epochs	3.0
1814.772364552588	0.09003629999983787	epochs	2.0
1814.772364552588	0.045251499999949374	epochs	3.0
1814.817616052588	0.04478479999988849	epochs	3.0
1814.8624008525878	0.08820760000003247	epochs	2.0
1814.8624008525878	0.044327800000019124	epochs	3.0
1814.9067286525878	0.04387980000001335	epochs	3.0
1814.9506084525879	0.0864516999999978	epochs	2.0
1814.9506084525879	0.04344100000002982	epochs	3.0
1814.994049452588	0.04301069999996798	epochs	3.0
1815.0370601525879	0.08476429999996071	epochs	2.0
1815.0370601525879	0.04258900000013455	epochs	3.0
1815.079649152588	0.042175299999826166	epochs	3.0
1815.1218244525878	0.08314150000001064	epochs	2.0
1815.1218244525878	0.04176970000003166	epochs	3.0
1815.1635941525878	0.041371799999978975	epochs	3.0
1815.2049659525878	0.08157970000002024	epochs	2.0
1815.2049659525878	0.040981399999964196	epochs	3.0
1815.2459473525878	0.04059830000005604	epochs	3.0
1815.2865456525878	0.08007550000002084	epochs	2.0
1815.2865456525878	0.040222300000095856	epochs	3.0
1815.326767952588	0.03985319999992498	epochs	3.0
1815.3666211525879	0.07862569999997504	epochs	2.0
1815.3666211525879	0.039490800000066884	epochs	3.0
1815.406111952588	0.03913489999990816	epochs	3.0
1815.4452468525878	0.07722760000001472	epochs	2.0
1815.4452468525878	0.038785400000051595	epochs	3.0
1815.484032252588	0.03844219999996312	epochs	3.0
1815.5224744525879	0.07587820000003376	epochs	2.0
1815.5224744525879	0.03810479999992822	epochs	3.0
1815.5605792525878	0.03777340000010554	epochs	3.0
1815.598352652588	0.0745752000000266	epochs	2.0
1815.598352652588	0.03744770000002973	epochs	3.0
1815.635800352588	0.03712749999999687	epochs	3.0
1815.672927852588	0.07331629999998768	epochs	2.0
1815.672927852588	0.0368129000000863	epochs	3.0
1815.709740752588	0.036503399999901376	epochs	3.0
1815.746244152588	0.07209899999998015	epochs	2.0
1815.746244152588	0.03619909999997617	epochs	3.0
1815.7824432525879	0.03589990000000398	epochs	3.0
1815.8183431525879	0.07092170000009901	epochs	2.0
1815.8183431525879	0.03560560000005353	epochs	3.0
1815.853948752588	0.03531610000004548	epochs	3.0
1815.889264852588	0.06978199999980461	epochs	2.0
1815.889264852588	0.03503119999982118	epochs	3.0
1815.9242960525878	0.03475079999998343	epochs	3.0
1815.9590468525878	0.06867860000011206	epochs	2.0
1815.9590468525878	0.03447510000000875	epochs	3.0
1815.9935219525878	0.034203500000103304	epochs	3.0
1816.027725452588	0.06760929999995824	epochs	2.0
1816.027725452588	0.033936199999970995	epochs	3.0
1816.0616616525879	0.033673099999987244	epochs	3.0
1816.0953347525879	0.06657289999998284	epochs	2.0
1816.0953347525879	0.03341399999999339	epochs	3.0
1816.1287487525879	0.033158899999989444	epochs	3.0
1816.1619076525878	0.06556780000005347	epochs	2.0
1816.1619076525878	0.03290770000012344	epochs	3.0
1816.194815352588	0.032660099999930026	epochs	3.0
1816.227475452588	0.06459259999996902	epochs	2.0
1816.227475452588	0.03241640000010193	epochs	3.0
1816.259891852588	0.032176199999867094	epochs	3.0
1816.2920680525879	0.06364600000006249	epochs	2.0
1816.2920680525879	0.03193959999998697	epochs	3.0
1816.3240076525879	0.03170640000007552	epochs	3.0
1816.355714052588	0.0627266999999847	epochs	2.0
1816.355714052588	0.031476599999905375	epochs	3.0
1816.3871906525878	0.03125010000007933	epochs	3.0
1816.418440752588	0.06183359999999993	epochs	2.0
1816.418440752588	0.03102689999991526	epochs	3.0
1816.4494676525878	0.030806700000084675	epochs	3.0
1816.480274352588	0.060965599999917686	epochs	2.0
1816.480274352588	0.030589799999916067	epochs	3.0
1816.5108641525878	0.030375800000001618	epochs	3.0
1816.5412399525878	0.06012160000000222	epochs	2.0
1816.5412399525878	0.030164900000045236	epochs	3.0
1816.5714048525879	0.02995669999995698	epochs	3.0
1816.6013615525878	0.05930069999999432	epochs	2.0
1816.6013615525878	0.029751600000054168	epochs	3.0
1816.631113152588	0.029549099999940154	epochs	3.0
1816.6606622525878	0.058501800000158255	epochs	2.0
1816.6606622525878	0.02934940000000097	epochs	3.0
1816.6900116525878	0.029152400000157286	epochs	3.0
1816.719164052588	0.05772419999993872	epochs	2.0
1816.719164052588	0.028957999999875028	epochs	3.0
1816.7481220525879	0.02876620000006369	epochs	3.0
1816.776888252588	0.05696710000006533	epochs	2.0
1816.776888252588	0.028577000000041153	epochs	3.0
1816.805465252588	0.028390100000024177	epochs	3.0
1816.833855352588	0.05622949999997218	epochs	2.0
1816.833855352588	0.028205699999944045	epochs	3.0
1816.862061052588	0.028023800000028132	epochs	3.0
1816.890084852588	0.05551070000001346	epochs	2.0
1816.890084852588	0.027843999999959124	epochs	3.0
1816.917928852588	0.027666700000054334	epochs	3.0
1816.945595552588	0.054810200000019904	epochs	2.0
1816.945595552588	0.02749149999999645	epochs	3.0
1816.973087052588	0.027318700000023455	epochs	3.0
1817.000405752588	0.054126999999880354	epochs	2.0
1817.000405752588	0.027147799999966082	epochs	3.0
1817.027553552588	0.026979199999914272	epochs	3.0
1817.0545327525879	0.053460699999959616	epochs	2.0
1817.0545327525879	0.026812600000084785	epochs	3.0
1817.081345352588	0.02664809999987483	epochs	3.0
1817.1079934525878	0.05281070000000909	epochs	2.0
1817.1079934525878	0.026485600000114573	epochs	3.0
1817.134479052588	0.02632509999989452	epochs	3.0
1817.1608041525878	0.05217620000007628	epochs	2.0
1817.1608041525878	0.026166399999965506	epochs	3.0
1817.1869705525878	0.026009800000110772	epochs	3.0
1817.212980352588	0.051556699999991906	epochs	2.0
1817.212980352588	0.025854799999933675	epochs	3.0
1817.2388351525879	0.02570190000005823	epochs	3.0
1817.264537052588	0.05095189999997274	epochs	2.0
1817.264537052588	0.025550699999939752	epochs	3.0
1817.2900877525879	0.025401200000032986	epochs	3.0
1817.3154889525879	0.05036100000006627	epochs	2.0
1817.3154889525879	0.025253499999962514	epochs	3.0
1817.3407424525878	0.025107500000103755	epochs	3.0
1817.365849952588	0.04978379999988647	epochs	2.0
1817.365849952588	0.02496320000000196	epochs	3.0
1817.390813152588	0.024820599999884507	epochs	3.0
1817.4156337525878	0.04921950000016295	epochs	2.0
1817.4156337525878	0.024679399999968155	epochs	3.0
1817.4403131525878	0.024540100000194798	epochs	3.0
1817.464853252588	0.04866789999982757	epochs	2.0
1817.464853252588	0.024402099999861093	epochs	3.0
1817.4892553525879	0.024265799999966475	epochs	3.0
1817.5135211525878	0.04812860000015462	epochs	2.0
1817.5135211525878	0.024131000000124914	epochs	3.0
1817.537652152588	0.023997600000029706	epochs	3.0
1817.561649752588	0.04760109999983797	epochs	2.0
1817.561649752588	0.02386579999983951	epochs	3.0
1817.5855155525878	0.02373529999999846	epochs	3.0
1817.6092508525878	0.04708500000015192	epochs	2.0
1817.6092508525878	0.023606299999983094	epochs	3.0
1817.6328571525878	0.02347870000016883	epochs	3.0
1817.656335852588	0.046579999999948996	epochs	2.0
1817.656335852588	0.023352499999873544	epochs	3.0
1817.6796883525878	0.02322750000007545	epochs	3.0
1817.702915852588	0.046085700000048746	epochs	2.0
1817.702915852588	0.02310399999987567	epochs	3.0
1817.7260198525878	0.022981700000173078	epochs	3.0
1817.749001552588	0.045601799999985815	epochs	2.0
1817.749001552588	0.02286069999991014	epochs	3.0
1817.7718622525879	0.022741100000075676	epochs	3.0
1817.794603352588	0.045127899999897636	epochs	2.0
1817.794603352588	0.022622499999897627	epochs	3.0
1817.8172258525879	0.02250540000000001	epochs	3.0
1817.8397312525879	0.0446638000000803	epochs	2.0
1817.8397312525879	0.02238929999998618	epochs	3.0
1817.8621205525878	0.022274500000094122	epochs	3.0
1817.884395052588	0.04420920000006845	epochs	2.0
1817.884395052588	0.022160799999937808	epochs	3.0
1817.9065558525879	0.02204840000013064	epochs	3.0
1817.928604252588	0.04376359999992019	epochs	2.0
1817.928604252588	0.02193689999990056	epochs	3.0
1817.950541152588	0.021826700000019628	epochs	3.0
1817.972367852588	0.04332709999994222	epochs	2.0
1817.972367852588	0.021717599999874437	epochs	3.0
1817.9940854525878	0.021609500000067783	epochs	3.0
1818.0156949525879	0.04289900000003399	epochs	2.0
1818.0156949525879	0.02150249999999687	epochs	3.0
1818.0371974525879	0.021396500000037122	epochs	3.0
1818.058593952588	0.04247949999989942	epochs	2.0
1818.058593952588	0.021291699999892444	epochs	3.0
1818.0798856525878	0.021187800000006973	epochs	3.0
1818.1010734525878	0.04206790000012006	epochs	2.0
1818.1010734525878	0.02108490000000529	epochs	3.0
1818.1221583525878	0.02098300000011477	epochs	3.0
1818.143141352588	0.04166439999994509	epochs	2.0
1818.143141352588	0.020882199999959994	epochs	3.0
1818.1640235525879	0.020782199999985096	epochs	3.0
1818.1848057525879	0.04126850000011473	epochs	2.0
1818.1848057525879	0.020683299999973315	epochs	3.0
1818.2054890525878	0.020585200000141413	epochs	3.0
1818.226074252588	0.04088000000001557	epochs	2.0
1818.226074252588	0.020488099999965925	epochs	3.0
1818.246562352588	0.020391900000049645	epochs	3.0
1818.266954252588	0.040498799999795665	epochs	2.0
1818.266954252588	0.020296599999937825	epochs	3.0
1818.287250852588	0.02020219999985784	epochs	3.0
1818.3074530525878	0.04012460000012652	epochs	2.0
1818.3074530525878	0.02010870000003706	epochs	3.0
1818.3275617525878	0.02001590000008946	epochs	3.0
1818.347577652588	0.03975730000001931	epochs	2.0
1818.347577652588	0.0199241999998776	epochs	3.0
1818.3675018525878	0.019833100000141712	epochs	3.0
1818.387334952588	0.03939669999999751	epochs	2.0
1818.387334952588	0.01974300000006224	epochs	3.0
1818.407077952588	0.01965369999993527	epochs	3.0
1818.426731652588	0.03904239999997117	epochs	2.0
1818.426731652588	0.019565099999908853	epochs	3.0
1818.4462967525878	0.019477300000062314	epochs	3.0
1818.465774052588	0.038694600000098944	epochs	2.0
1818.465774052588	0.019390400000020236	epochs	3.0
1818.485164452588	0.01930420000007871	epochs	3.0
1818.504468652588	0.038352899999836154	epochs	2.0
1818.504468652588	0.019218799999862313	epochs	3.0
1818.5236874525879	0.01913409999997384	epochs	3.0
1818.5428215525878	0.03801720000001296	epochs	2.0
1818.5428215525878	0.019050200000037876	epochs	3.0
1818.5618717525879	0.018966999999975087	epochs	3.0
1818.5808387525879	0.03768719999993664	epochs	2.0
1818.5808387525879	0.01888450000001285	epochs	3.0
1818.5997232525879	0.01880269999992379	epochs	3.0
1818.6185259525878	0.03736309999999321	epochs	2.0
1818.6185259525878	0.018721700000014607	epochs	3.0
1818.6372476525878	0.018641399999978603	epochs	3.0
1818.6558890525878	0.037044300000161456	epochs	2.0
1818.6558890525878	0.018561600000111866	epochs	3.0
1818.674450652588	0.01848270000004959	epochs	3.0
1818.692933352588	0.03673099999991791	epochs	2.0
1818.692933352588	0.018404299999929208	epochs	3.0
1818.7113376525879	0.018326699999988705	epochs	3.0
1818.7296643525879	0.03642289999993409	epochs	2.0
1818.7296643525879	0.018249599999990096	epochs	3.0
1818.7479139525879	0.018173299999943993	epochs	3.0
1818.7660872525878	0.03612010000006194	epochs	2.0
1818.7660872525878	0.018097600000146485	epochs	3.0
1818.784184852588	0.018022499999915453	epochs	3.0
1818.8022073525879	0.035822100000132195	epochs	2.0
1818.8022073525879	0.017947900000081063	epochs	3.0
1818.820155252588	0.017874200000051133	epochs	3.0
1818.838029452588	0.03552899999999681	epochs	2.0
1818.838029452588	0.01780079999980444	epochs	3.0
1818.8558302525878	0.017728200000192373	epochs	3.0
1818.873558452588	0.03524069999980384	epochs	2.0
1818.873558452588	0.01765609999984008	epochs	3.0
1818.8912145525878	0.017584599999963757	epochs	3.0
1818.9087991525878	0.03495710000015606	epochs	2.0
1818.9087991525878	0.017513700000108656	epochs	3.0
1818.926312852588	0.017443400000047404	epochs	3.0
1818.943756252588	0.034677899999906	epochs	2.0
1818.943756252588	0.017373599999928047	epochs	3.0
1818.9611298525879	0.017304299999977957	epochs	3.0
1818.9784341525879	0.03440330000012182	epochs	2.0
1818.9784341525879	0.017235700000128418	epochs	3.0
1818.995669852588	0.0171675999999934	epochs	3.0
1819.012837452588	0.03413279999995211	epochs	2.0
1819.012837452588	0.01709989999994832	epochs	3.0
1819.029937352588	0.017032900000003792	epochs	3.0
1819.046970252588	0.03386669999986225	epochs	2.0
1819.046970252588	0.01696640000000116	epochs	3.0
1819.063936652588	0.01690029999986109	epochs	3.0
1819.0808369525878	0.03360459999998966	epochs	2.0
1819.0808369525878	0.016834800000196992	epochs	3.0
1819.097671752588	0.016769799999792667	epochs	3.0
1819.1144415525878	0.0333466000001863	epochs	2.0
1819.1144415525878	0.016705300000012357	epochs	3.0
1819.1311468525878	0.016641300000173942	epochs	3.0
1819.147788152588	0.033092499999838765	epochs	2.0
1819.147788152588	0.016577799999822673	epochs	3.0
1819.1643659525878	0.01651470000001609	epochs	3.0
1819.1808806525878	0.032842300000083924	epochs	2.0
1819.1808806525878	0.01645220000000336	epochs	3.0
1819.1973328525878	0.016390100000080565	epochs	3.0
1819.213722952588	0.03259570000000167	epochs	2.0
1819.213722952588	0.016328400000020338	epochs	3.0
1819.230051352588	0.016267299999981333	epochs	3.0
1819.246318652588	0.032352899999978035	epochs	2.0
1819.246318652588	0.016206600000032267	epochs	3.0
1819.262525252588	0.016146299999945768	epochs	3.0
1819.2786715525879	0.032113700000081735	epochs	2.0
1819.2786715525879	0.016086600000107865	epochs	3.0
1819.294758152588	0.01602709999997387	epochs	3.0
1819.310785252588	0.03187800000000607	epochs	2.0
1819.310785252588	0.0159681999998611	epochs	3.0
1819.3267534525878	0.01590980000014497	epochs	3.0
1819.342663252588	0.03164569999989908	epochs	2.0
1819.342663252588	0.015851599999905375	epochs	3.0
1819.3585148525879	0.015794099999993705	epochs	3.0
1819.3743089525879	0.03141670000013619	epochs	2.0
1819.3743089525879	0.01573669999993399	epochs	3.0
1819.3900456525878	0.0156800000002022	epochs	3.0
1819.405725652588	0.03119109999988723	epochs	2.0
1819.405725652588	0.015623599999798898	epochs	3.0
1819.4213492525878	0.01556750000008833	epochs	3.0
1819.4369167525879	0.030968699999903038	epochs	2.0
1819.4369167525879	0.015511999999944237	epochs	3.0
1819.4524287525878	0.0154566999999588	epochs	3.0
1819.4678854525878	0.030749500000183616	epochs	2.0
1819.4678854525878	0.01540200000022196	epochs	3.0
1819.483287452588	0.015347499999961656	epochs	3.0
1819.498634952588	0.03053320000003623	epochs	2.0
1819.498634952588	0.015293400000018664	epochs	3.0
1819.513928352588	0.015239800000017567	epochs	3.0
1819.529168152588	0.030320099999926242	epochs	2.0
1819.529168152588	0.015186499999799707	epochs	3.0
1819.5443546525878	0.015133600000126535	epochs	3.0
1819.559488252588	0.03010990000007041	epochs	2.0
1819.559488252588	0.015081000000009226	epochs	3.0
1819.574569252588	0.015028900000061185	epochs	3.0
1819.589598152588	0.029902499999934662	epochs	2.0
1819.589598152588	0.014976999999817053	epochs	3.0
1819.6045751525878	0.014925500000117609	epochs	3.0
1819.619500652588	0.029698099999905025	epochs	2.0
1819.619500652588	0.014874400000053356	epochs	3.0
1819.634375052588	0.01482369999985167	epochs	3.0
1819.6491987525878	0.029496300000118936	epochs	2.0
1819.6491987525878	0.014773200000036013	epochs	3.0
1819.6639719525879	0.014723100000082923	epochs	3.0
1819.678695052588	0.029297399999904883	epochs	2.0
1819.678695052588	0.014673399999992398	epochs	3.0
1819.693368452588	0.014623999999912485	epochs	3.0
1819.7079924525879	0.029101099999934377	epochs	2.0
1819.7079924525879	0.014574900000070556	epochs	3.0
1819.722567352588	0.01452619999986382	epochs	3.0
1819.7370935525878	0.028907400000207417	epochs	2.0
1819.7370935525878	0.014477700000043114	epochs	3.0
1819.7515712525878	0.014429700000164303	epochs	3.0
1819.766000952588	0.028716199999962555	epochs	2.0
1819.766000952588	0.014381799999910072	epochs	3.0
1819.780382752588	0.014334400000052483	epochs	3.0
1819.794717152588	0.02852759999996124	epochs	2.0
1819.794717152588	0.014287199999898803	epochs	3.0
1819.8090043525879	0.014240400000062436	epochs	3.0
1819.823244752588	0.028341400000044814	epochs	2.0
1819.823244752588	0.014193799999929979	epochs	3.0
1819.8374385525879	0.014147600000114835	epochs	3.0
1819.851586152588	0.02815769999983786	epochs	2.0
1819.851586152588	0.014101699999855555	epochs	3.0
1819.8656878525878	0.014055999999982305	epochs	3.0
1819.8797438525878	0.027976300000091214	epochs	2.0
1819.8797438525878	0.014010600000119666	epochs	3.0
1819.893754452588	0.013965699999971548	epochs	3.0
1819.907720152588	0.027797199999895383	epochs	2.0
1819.907720152588	0.013920800000050804	epochs	3.0
1819.921640952588	0.01387639999984458	epochs	3.0
1819.9355173525878	0.02762040000015986	epochs	2.0
1819.9355173525878	0.013832200000024386	epochs	3.0
1819.9493495525878	0.013788200000135475	epochs	3.0
1819.963137752588	0.027445899999975154	epochs	2.0
1819.963137752588	0.013744599999881757	epochs	3.0
1819.9768823525878	0.013701300000093397	epochs	3.0
1819.990583652588	0.027273499999864725	epochs	2.0
1819.990583652588	0.013658200000008947	epochs	3.0
1820.004241852588	0.013615299999855779	epochs	3.0
1820.0178571525878	0.027103399999987232	epochs	2.0
1820.0178571525878	0.013572800000019924	epochs	3.0
1820.0314299525878	0.013530599999967308	epochs	3.0
1820.0449605525878	0.02693520000002536	epochs	2.0
1820.0449605525878	0.013488400000142065	epochs	3.0
1820.058448952588	0.013446799999883297	epochs	3.0
1820.0718957525878	0.026769199999989723	epochs	2.0
1820.0718957525878	0.013405200000079276	epochs	3.0
1820.0853009525879	0.013363999999910448	epochs	3.0
1820.0986649525878	0.02660520000017641	epochs	2.0
1820.0986649525878	0.013322900000048321	epochs	3.0
1820.1119878525878	0.013282300000128089	epochs	3.0
1820.125270152588	0.0264431999999033	epochs	2.0
1820.125270152588	0.013241699999980483	epochs	3.0
1820.138511852588	0.013201499999922817	epochs	3.0
1820.1517133525879	0.026283200000079887	epochs	2.0
1820.1517133525879	0.013161500000023807	epochs	3.0
1820.164874852588	0.01312170000005608	epochs	3.0
1820.177996552588	0.026124999999865395	epochs	2.0
1820.177996552588	0.013082100000019636	epochs	3.0
1820.191078652588	0.013042899999845758	epochs	3.0
1820.2041215525878	0.02596890000017993	epochs	2.0
1820.2041215525878	0.01300390000005791	epochs	3.0
1820.2171254525879	0.012965000000122018	epochs	3.0
1820.230090452588	0.02581449999979668	epochs	2.0
1820.230090452588	0.012926399999969362	epochs	3.0
1820.243016852588	0.012888099999827318	epochs	3.0
1820.2559049525878	0.02566190000015922	epochs	2.0
1820.2559049525878	0.012849899999991976	epochs	3.0
1820.2687548525878	0.012812000000167245	epochs	3.0
1820.281566852588	0.025511199999982637	epochs	2.0
1820.281566852588	0.012774399999898378	epochs	3.0
1820.2943412525879	0.012736800000084258	epochs	3.0
1820.307078052588	0.02536229999986972	epochs	2.0
1820.307078052588	0.01269969999998466	epochs	3.0
1820.319777752588	0.01266259999988506	epochs	3.0
1820.3324403525878	0.02521500000011656	epochs	2.0
1820.3324403525878	0.012625800000023446	epochs	3.0
1820.3450661525878	0.012589200000093115	epochs	3.0
1820.357655352588	0.024584799999956886	epochs	2.0
1820.381581352588	0.5	epochs	-1.0
1820.3822401525879	0.9999199999999746	epochs	1.0
1820.881581352588	0.5	epochs	-1.0
1831.139000415802	0.042239999999992506	epochs	0.0
1831.139000415802	0.016127200000028097	epochs	1.0
1831.155127615802	0.009985599999936312	epochs	1.0
1831.165113215802	0.016127200000028097	epochs	1.0
1831.181240415802	2.0	epochs	0.0
1833.181240415802	0.5174400000000787	epochs	0.0
1833.181240415802	0.5174400000000787	epochs	1.0
1833.181301615802	0.5	epochs	-1.0
1833.681301615802	0.017378799999960393	epochs	-1.0
1833.698680415802	21.482479999999896	epochs	0.0
1835.0560002326965	0.042239999999992506	epochs	0.0
1835.0560002326965	0.016127200000028097	epochs	1.0
1835.0721274326966	0.009985599999936312	epochs	1.0
1835.0821130326965	0.016127200000028097	epochs	1.0
1835.0982402326965	2.0	epochs	0.0
1837.0982402326965	1.6778400000000602	epochs	0.0
1837.0982402326965	1.0	epochs	1.0
1837.0983014326966	0.5	epochs	-1.0
1837.5983014326966	1.1777787999999418	epochs	-1.0
1838.0982402326965	0.6778400000000602	epochs	-1.0
1838.0982402326965	0.6778400000000602	epochs	1.0
1838.0982402326965	0.6778400000000602	epochs	2.0
1838.0982402326965	0.6778400000000602	epochs	3.0
1838.7760802326966	20.322079999999914	epochs	0.0
1839.5030002593994	0.042239999999992506	epochs	0.0
1839.5030002593994	0.016127200000028097	epochs	1.0
1839.5191274593994	0.009985599999936312	epochs	1.0
1839.5291130593994	0.016127200000028097	epochs	1.0
1839.5452402593994	2.0	epochs	0.0
1841.5452402593994	5.3978400000000875	epochs	0.0
1841.5452402593994	1.0	epochs	1.0
1841.5453014593995	0.5	epochs	-1.0
1842.0453014593995	4.897778799999969	epochs	-1.0
1842.5452402593994	4.3978400000000875	epochs	1.0
1842.5452402593994	4.356753900000058	epochs	-1.0
1842.5452402593994	1.9745872000000873	epochs	2.0
1842.5452402593994	1.0985622000000603	epochs	3.0
1843.6438024593995	0.8760250000000269	epochs	3.0
1844.5198274593995	1.3524075000000266	epochs	2.0
1844.5198274593995	0.7286354999998821	epochs	3.0
1845.2484629593994	0.6237720000001445	epochs	3.0
1845.8722349593995	1.029759199999944	epochs	2.0
1845.8722349593995	0.5453292999998212	epochs	3.0
1846.4175642593993	0.48442990000012287	epochs	3.0
1846.9019941593995	0.041086100000029546	epochs	2.0
1846.9019941593995	0.041086100000029546	epochs	3.0
1846.9430802593995	16.602079999999887	epochs	0.0
1847.6690001487732	0.042239999999992506	epochs	0.0
1847.6690001487732	0.016127200000028097	epochs	1.0
1847.6851273487732	0.009985599999936312	epochs	1.0
1847.6951129487732	0.016127200000028097	epochs	1.0
1847.7112401487732	2.0	epochs	0.0
1849.7112401487732	21.53744000000006	epochs	0.0
1849.7112401487732	1.0	epochs	1.0
1849.7113013487733	0.5	epochs	-1.0
1850.2113013487733	19.99871999999982	epochs	-1.0
1850.7112401487732	20.0	epochs	1.0
1850.7112401487732	4.356753900000058	epochs	-1.0
1850.7112401487732	1.9745872000000873	epochs	2.0
1850.7112401487732	1.0985622000000603	epochs	3.0
1851.8098023487732	0.8760250000000269	epochs	3.0
1852.6858273487733	1.3524075000000266	epochs	2.0
1852.6858273487733	0.7286354999998821	epochs	3.0
1853.4144628487732	0.6237720000001445	epochs	3.0
1854.0382348487733	1.029759199999944	epochs	2.0
1854.0382348487733	0.5453292999998212	epochs	3.0
1854.5835641487731	0.48442990000012287	epochs	3.0
1855.0679940487732	0.8317861999998968	epochs	2.0
1855.0679940487732	0.4357763000000432	epochs	3.0
1855.5037703487733	0.3960098999998536	epochs	3.0
1855.8997802487731	0.6977970000000369	epochs	2.0
1855.8997802487731	0.3628982000000178	epochs	3.0
1856.2626784487732	0.33489880000001904	epochs	3.0
1856.5975772487732	0.601045699999986	epochs	2.0
1856.5975772487732	0.3109122999999272	epochs	3.0
1856.908489548773	0.2901334000000588	epochs	3.0
1857.1986229487732	0.5278859000000011	epochs	2.0
1857.1986229487732	0.2719586000000618	epochs	3.0
1857.4705815487732	0.25592729999993935	epochs	3.0
1857.7265088487732	0.470619299999953	epochs	2.0
1857.7265088487732	0.241681299999982	epochs	3.0
1857.9681901487731	0.228937999999971	epochs	3.0
1858.1971281487731	0.42457039999999324	epochs	2.0
1858.1971281487731	0.21747140000002219	epochs	3.0
1858.4145995487731	0.20709899999997106	epochs	3.0
1858.621698548773	0.3867354000001342	epochs	2.0
1858.621698548773	0.19767109999997956	epochs	3.0
1858.819369648773	0.18906430000015462	epochs	3.0
1859.0084339487732	0.35509529999990264	epochs	2.0
1859.0084339487732	0.18117589999997108	epochs	3.0
1859.1896098487732	0.17391939999993156	epochs	3.0
1859.3635292487731	0.3282431000000088	epochs	2.0
1859.3635292487731	0.16722189999995862	epochs	3.0
1859.530751148773	0.16102120000005016	epochs	3.0
1859.6917723487732	0.30516800000009425	epochs	2.0
1859.6917723487732	0.15526390000013635	epochs	3.0
1859.8470362487733	0.1499040999999579	epochs	3.0
1859.9969403487733	0.28512529999989056	epochs	2.0
1859.9969403487733	0.14490209999985382	epochs	3.0
1860.141842448773	0.14022320000003674	epochs	3.0
1860.2820656487731	0.267553800000087	epochs	2.0
1860.2820656487731	0.1358368999999584	epochs	3.0
1860.417902548773	0.1317169000001286	epochs	3.0
1860.5496194487732	0.252022899999929	epochs	2.0
1860.5496194487732	0.1278393000000051	epochs	3.0
1860.6774587487732	0.1241835999999239	epochs	3.0
1860.8016423487732	0.23819649999995818	epochs	2.0
1860.8016423487732	0.12073110000005727	epochs	3.0
1860.9223734487732	0.11746539999990091	epochs	3.0
1861.0398388487731	0.2258088000000953	epochs	2.0
1861.0398388487731	0.11437190000015107	epochs	3.0
1861.1542107487733	0.11143689999994422	epochs	3.0
1861.2656476487732	0.21464599999990241	epochs	2.0
1861.2656476487732	0.10864889999993466	epochs	3.0
1861.3742965487731	0.10599709999996776	epochs	3.0
1861.480293648773	0.20453500000007807	epochs	2.0
1861.480293648773	0.10347150000006877	epochs	3.0
1861.5837651487732	0.1010635000000093	epochs	3.0
1861.6848286487732	0.19533400000000256	epochs	2.0
1861.6848286487732	0.09876510000003691	epochs	3.0
1861.7835937487732	0.09656889999996565	epochs	3.0
1861.8801626487732	0.18692529999998442	epochs	2.0
1861.8801626487732	0.09446830000001682	epochs	3.0
1861.9746309487732	0.09245699999996759	epochs	3.0
1862.0670879487732	0.1792107000001124	epochs	2.0
1862.0670879487732	0.0905296000000817	epochs	3.0
1862.1576175487733	0.08868110000003071	epochs	3.0
1862.2462986487733	0.17210769999996955	epochs	2.0
1862.2462986487733	0.08690630000000965	epochs	3.0
1862.3332049487733	0.0852013999999599	epochs	3.0
1862.4184063487733	0.16554640000003928	epochs	2.0
1862.4184063487733	0.08356189999994967	epochs	3.0
1862.5019682487732	0.08198450000008961	epochs	3.0
1862.5839527487733	0.15946709999980158	epochs	2.0
1862.5839527487733	0.08046539999986635	epochs	3.0
1862.6644181487732	0.07900169999993523	epochs	3.0
1862.743419848773	0.15381840000009106	epochs	2.0
1862.743419848773	0.07759010000017952	epochs	3.0
1862.8210099487733	0.07622829999991154	epochs	3.0
1862.8972382487732	0.14855639999996129	epochs	2.0
1862.8972382487732	0.07491329999993468	epochs	3.0
1862.9721515487731	0.0736431000000266	epochs	3.0
1863.0457946487732	0.14364240000008976	epochs	2.0
1863.0457946487732	0.07241500000009182	epochs	3.0
1863.1182096487732	0.07122739999999794	epochs	3.0
1863.1894370487732	0.13904309999998077	epochs	2.0
1863.1894370487732	0.07007799999996678	epochs	3.0
1863.2595150487732	0.06896510000001399	epochs	3.0
1863.3284801487732	0.13472929999988992	epochs	2.0
1863.3284801487732	0.0678871000000072	epochs	3.0
1863.3963672487732	0.06684219999988272	epochs	3.0
1863.4632094487731	0.1306752000000415	epochs	2.0
1863.4632094487731	0.06582909999997355	epochs	3.0
1863.529038548773	0.06484610000006796	epochs	3.0
1863.5938846487732	0.12685780000015257	epochs	2.0
1863.5938846487732	0.06389200000012352	epochs	3.0
1863.6577766487733	0.06296580000002905	epochs	3.0
1863.7207424487733	0.12325719999989815	epochs	2.0
1863.7207424487733	0.06206579999980022	epochs	3.0
1863.782808248773	0.06119140000009793	epochs	3.0
1863.8439996487732	0.11985540000000583	epochs	2.0
1863.8439996487732	0.060341099999959624	epochs	3.0
1863.9043407487732	0.059514300000046205	epochs	3.0
1863.9638550487732	0.1166361999999026	epochs	2.0
1863.9638550487732	0.058709599999929196	epochs	3.0
1864.0225646487731	0.057926599999973405	epochs	3.0
1864.0804912487731	0.11358560000007856	epochs	2.0
1864.0804912487731	0.05716419999998834	epochs	3.0
1864.137655448773	0.056421400000090216	epochs	3.0
1864.1940768487732	0.11069049999991876	epochs	2.0
1864.1940768487732	0.055697900000041045	epochs	3.0
1864.2497747487732	0.05499259999987771	epochs	3.0
1864.304767348773	0.1079391000000669	epochs	2.0
1864.304767348773	0.05430490000003374	epochs	3.0
1864.3590722487731	0.05363420000003316	epochs	3.0
1864.4127064487732	0.10532149999994544	epochs	2.0
1864.4127064487732	0.05297999999993408	epochs	3.0
1864.465686448773	0.052341500000011365	epochs	3.0
1864.5180279487731	0.10282760000018243	epochs	2.0
1864.5180279487731	0.05171810000001642	epochs	3.0
1864.5697460487731	0.05110950000016601	epochs	3.0
1864.6208555487733	0.10044909999987794	epochs	2.0
1864.6208555487733	0.0505148999998255	epochs	3.0
1864.6713704487731	0.04993420000005244	epochs	3.0
1864.7213046487732	0.0981782999999723	epochs	2.0
1864.7213046487732	0.04936659999998483	epochs	3.0
1864.7706712487732	0.04881169999998747	epochs	3.0
1864.8194829487732	0.09600780000005216	epochs	2.0
1864.8194829487732	0.04826920000004975	epochs	3.0
1864.8677521487732	0.04773860000000241	epochs	3.0
1864.9154907487732	0.09393120000004274	epochs	2.0
1864.9154907487732	0.04721949999998287	epochs	3.0
1864.9627102487732	0.046711700000059864	epochs	3.0
1865.0094219487733	0.09194260000003851	epochs	2.0
1865.0094219487733	0.046214599999984785	epochs	3.0
1865.0556365487732	0.045728000000053726	epochs	3.0
1865.1013645487733	0.09003629999983787	epochs	2.0
1865.1013645487733	0.045251499999949374	epochs	3.0
1865.1466160487732	0.04478479999988849	epochs	3.0
1865.1914008487731	0.08820760000003247	epochs	2.0
1865.1914008487731	0.044327800000019124	epochs	3.0
1865.2357286487731	0.04387980000001335	epochs	3.0
1865.2796084487732	0.0864516999999978	epochs	2.0
1865.2796084487732	0.04344100000002982	epochs	3.0
1865.3230494487732	0.04301069999996798	epochs	3.0
1865.3660601487732	0.08476429999996071	epochs	2.0
1865.3660601487732	0.04258900000013455	epochs	3.0
1865.4086491487733	0.042175299999826166	epochs	3.0
1865.4508244487731	0.08314150000001064	epochs	2.0
1865.4508244487731	0.04176970000003166	epochs	3.0
1865.4925941487732	0.041371799999978975	epochs	3.0
1865.5339659487731	0.08157970000002024	epochs	2.0
1865.5339659487731	0.040981399999964196	epochs	3.0
1865.574947348773	0.04059830000005604	epochs	3.0
1865.6155456487731	0.08007550000002084	epochs	2.0
1865.6155456487731	0.040222300000095856	epochs	3.0
1865.6557679487732	0.03985319999992498	epochs	3.0
1865.6956211487732	0.07862569999997504	epochs	2.0
1865.6956211487732	0.039490800000066884	epochs	3.0
1865.7351119487732	0.03913489999990816	epochs	3.0
1865.7742468487731	0.07722760000001472	epochs	2.0
1865.7742468487731	0.038785400000051595	epochs	3.0
1865.8130322487732	0.03844219999996312	epochs	3.0
1865.8514744487732	0.07587820000003376	epochs	2.0
1865.8514744487732	0.03810479999992822	epochs	3.0
1865.889579248773	0.03777340000010554	epochs	3.0
1865.9273526487732	0.0745752000000266	epochs	2.0
1865.9273526487732	0.03744770000002973	epochs	3.0
1865.9648003487732	0.03712749999999687	epochs	3.0
1866.0019278487732	0.07331629999998768	epochs	2.0
1866.0019278487732	0.0368129000000863	epochs	3.0
1866.0387407487733	0.036503399999901376	epochs	3.0
1866.0752441487732	0.07209899999998015	epochs	2.0
1866.0752441487732	0.03619909999997617	epochs	3.0
1866.1114432487732	0.03589990000000398	epochs	3.0
1866.1473431487732	0.07092170000009901	epochs	2.0
1866.1473431487732	0.03560560000005353	epochs	3.0
1866.1829487487732	0.03531610000004548	epochs	3.0
1866.2182648487733	0.06978199999980461	epochs	2.0
1866.2182648487733	0.03503119999982118	epochs	3.0
1866.253296048773	0.03475079999998343	epochs	3.0
1866.288046848773	0.06867860000011206	epochs	2.0
1866.288046848773	0.03447510000000875	epochs	3.0
1866.322521948773	0.034203500000103304	epochs	3.0
1866.3567254487732	0.06760929999995824	epochs	2.0
1866.3567254487732	0.033936199999970995	epochs	3.0
1866.3906616487732	0.033673099999987244	epochs	3.0
1866.4243347487732	0.06657289999998284	epochs	2.0
1866.4243347487732	0.03341399999999339	epochs	3.0
1866.4577487487732	0.033158899999989444	epochs	3.0
1866.4909076487731	0.06556780000005347	epochs	2.0
1866.4909076487731	0.03290770000012344	epochs	3.0
1866.5238153487733	0.032660099999930026	epochs	3.0
1866.5564754487732	0.06459259999996902	epochs	2.0
1866.5564754487732	0.03241640000010193	epochs	3.0
1866.5888918487733	0.032176199999867094	epochs	3.0
1866.6210680487732	0.06364600000006249	epochs	2.0
1866.6210680487732	0.03193959999998697	epochs	3.0
1866.6530076487732	0.03170640000007552	epochs	3.0
1866.6847140487732	0.0627266999999847	epochs	2.0
1866.6847140487732	0.031476599999905375	epochs	3.0
1866.7161906487731	0.03125010000007933	epochs	3.0
1866.7474407487732	0.06183359999999993	epochs	2.0
1866.7474407487732	0.03102689999991526	epochs	3.0
1866.7784676487731	0.030806700000084675	epochs	3.0
1866.8092743487732	0.060965599999917686	epochs	2.0
1866.8092743487732	0.030589799999916067	epochs	3.0
1866.8398641487731	0.030375800000001618	epochs	3.0
1866.8702399487731	0.06012160000000222	epochs	2.0
1866.8702399487731	0.030164900000045236	epochs	3.0
1866.9004048487732	0.02995669999995698	epochs	3.0
1866.9303615487731	0.05930069999999432	epochs	2.0
1866.9303615487731	0.029751600000054168	epochs	3.0
1866.9601131487732	0.029549099999940154	epochs	3.0
1866.9896622487731	0.058501800000158255	epochs	2.0
1866.9896622487731	0.02934940000000097	epochs	3.0
1867.0190116487731	0.029152400000157286	epochs	3.0
1867.0481640487733	0.05772419999993872	epochs	2.0
1867.0481640487733	0.028957999999875028	epochs	3.0
1867.0771220487732	0.02876620000006369	epochs	3.0
1867.1058882487732	0.05696710000006533	epochs	2.0
1867.1058882487732	0.028577000000041153	epochs	3.0
1867.1344652487733	0.028390100000024177	epochs	3.0
1867.1628553487733	0.05622949999997218	epochs	2.0
1867.1628553487733	0.028205699999944045	epochs	3.0
1867.1910610487732	0.028023800000028132	epochs	3.0
1867.2190848487733	0.05551070000001346	epochs	2.0
1867.2190848487733	0.027843999999959124	epochs	3.0
1867.2469288487732	0.027666700000054334	epochs	3.0
1867.2745955487733	0.054810200000019904	epochs	2.0
1867.2745955487733	0.02749149999999645	epochs	3.0
1867.3020870487733	0.027318700000023455	epochs	3.0
1867.3294057487733	0.054126999999880354	epochs	2.0
1867.3294057487733	0.027147799999966082	epochs	3.0
1867.3565535487733	0.026979199999914272	epochs	3.0
1867.3835327487732	0.053460699999959616	epochs	2.0
1867.3835327487732	0.026812600000084785	epochs	3.0
1867.4103453487733	0.02664809999987483	epochs	3.0
1867.4369934487731	0.05281070000000909	epochs	2.0
1867.4369934487731	0.026485600000114573	epochs	3.0
1867.4634790487733	0.02632509999989452	epochs	3.0
1867.4898041487731	0.05217620000007628	epochs	2.0
1867.4898041487731	0.026166399999965506	epochs	3.0
1867.515970548773	0.026009800000110772	epochs	3.0
1867.5419803487732	0.051556699999991906	epochs	2.0
1867.5419803487732	0.025854799999933675	epochs	3.0
1867.5678351487732	0.02570190000005823	epochs	3.0
1867.5935370487732	0.05095189999997274	epochs	2.0
1867.5935370487732	0.025550699999939752	epochs	3.0
1867.6190877487732	0.025401200000032986	epochs	3.0
1867.6444889487732	0.05036100000006627	epochs	2.0
1867.6444889487732	0.025253499999962514	epochs	3.0
1867.6697424487731	0.025107500000103755	epochs	3.0
1867.6948499487733	0.04978379999988647	epochs	2.0
1867.6948499487733	0.02496320000000196	epochs	3.0
1867.7198131487733	0.024820599999884507	epochs	3.0
1867.7446337487731	0.04921950000016295	epochs	2.0
1867.7446337487731	0.024679399999968155	epochs	3.0
1867.769313148773	0.024540100000194798	epochs	3.0
1867.7938532487733	0.04866789999982757	epochs	2.0
1867.7938532487733	0.024402099999861093	epochs	3.0
1867.8182553487732	0.024265799999966475	epochs	3.0
1867.8425211487731	0.04812860000015462	epochs	2.0
1867.8425211487731	0.024131000000124914	epochs	3.0
1867.8666521487733	0.023997600000029706	epochs	3.0
1867.8906497487733	0.04760109999983797	epochs	2.0
1867.8906497487733	0.02386579999983951	epochs	3.0
1867.9145155487731	0.02373529999999846	epochs	3.0
1867.9382508487731	0.04708500000015192	epochs	2.0
1867.9382508487731	0.023606299999983094	epochs	3.0
1867.961857148773	0.02347870000016883	epochs	3.0
1867.9853358487733	0.046579999999948996	epochs	2.0
1867.9853358487733	0.023352499999873544	epochs	3.0
1868.0086883487731	0.02322750000007545	epochs	3.0
1868.0319158487732	0.046085700000048746	epochs	2.0
1868.0319158487732	0.02310399999987567	epochs	3.0
1868.055019848773	0.022981700000173078	epochs	3.0
1868.0780015487733	0.045601799999985815	epochs	2.0
1868.0780015487733	0.02286069999991014	epochs	3.0
1868.1008622487732	0.022741100000075676	epochs	3.0
1868.1236033487733	0.045127899999897636	epochs	2.0
1868.1236033487733	0.022622499999897627	epochs	3.0
1868.1462258487732	0.02250540000000001	epochs	3.0
1868.1687312487732	0.0446638000000803	epochs	2.0
1868.1687312487732	0.02238929999998618	epochs	3.0
1868.1911205487731	0.022274500000094122	epochs	3.0
1868.2133950487732	0.04420920000006845	epochs	2.0
1868.2133950487732	0.022160799999937808	epochs	3.0
1868.2355558487732	0.02204840000013064	epochs	3.0
1868.2576042487733	0.04376359999992019	epochs	2.0
1868.2576042487733	0.02193689999990056	epochs	3.0
1868.2795411487732	0.021826700000019628	epochs	3.0
1868.3013678487732	0.04332709999994222	epochs	2.0
1868.3013678487732	0.021717599999874437	epochs	3.0
1868.323085448773	0.021609500000067783	epochs	3.0
1868.3446949487732	0.04289900000003399	epochs	2.0
1868.3446949487732	0.02150249999999687	epochs	3.0
1868.3661974487732	0.021396500000037122	epochs	3.0
1868.3875939487732	0.04247949999989942	epochs	2.0
1868.3875939487732	0.021291699999892444	epochs	3.0
1868.408885648773	0.021187800000006973	epochs	3.0
1868.430073448773	0.04206790000012006	epochs	2.0
1868.430073448773	0.02108490000000529	epochs	3.0
1868.451158348773	0.02098300000011477	epochs	3.0
1868.4721413487732	0.04166439999994509	epochs	2.0
1868.4721413487732	0.020882199999959994	epochs	3.0
1868.4930235487732	0.020782199999985096	epochs	3.0
1868.5138057487732	0.04126850000011473	epochs	2.0
1868.5138057487732	0.020683299999973315	epochs	3.0
1868.5344890487731	0.020585200000141413	epochs	3.0
1868.5550742487733	0.04088000000001557	epochs	2.0
1868.5550742487733	0.020488099999965925	epochs	3.0
1868.5755623487732	0.020391900000049645	epochs	3.0
1868.5959542487733	0.040498799999795665	epochs	2.0
1868.5959542487733	0.020296599999937825	epochs	3.0
1868.6162508487732	0.02020219999985784	epochs	3.0
1868.636453048773	0.04012460000012652	epochs	2.0
1868.636453048773	0.02010870000003706	epochs	3.0
1868.6565617487731	0.02001590000008946	epochs	3.0
1868.6765776487732	0.03975730000001931	epochs	2.0
1868.6765776487732	0.0199241999998776	epochs	3.0
1868.696501848773	0.019833100000141712	epochs	3.0
1868.7163349487732	0.03939669999999751	epochs	2.0
1868.7163349487732	0.01974300000006224	epochs	3.0
1868.7360779487733	0.01965369999993527	epochs	3.0
1868.7557316487732	0.03904239999997117	epochs	2.0
1868.7557316487732	0.019565099999908853	epochs	3.0
1868.7752967487731	0.019477300000062314	epochs	3.0
1868.7947740487732	0.038694600000098944	epochs	2.0
1868.7947740487732	0.019390400000020236	epochs	3.0
1868.8141644487732	0.01930420000007871	epochs	3.0
1868.8334686487733	0.038352899999836154	epochs	2.0
1868.8334686487733	0.019218799999862313	epochs	3.0
1868.8526874487732	0.01913409999997384	epochs	3.0
1868.8718215487731	0.03801720000001296	epochs	2.0
1868.8718215487731	0.019050200000037876	epochs	3.0
1868.8908717487732	0.018966999999975087	epochs	3.0
1868.9098387487732	0.03768719999993664	epochs	2.0
1868.9098387487732	0.01888450000001285	epochs	3.0
1868.9287232487732	0.01880269999992379	epochs	3.0
1868.947525948773	0.03736309999999321	epochs	2.0
1868.947525948773	0.018721700000014607	epochs	3.0
1868.966247648773	0.018641399999978603	epochs	3.0
1868.984889048773	0.037044300000161456	epochs	2.0
1868.984889048773	0.018561600000111866	epochs	3.0
1869.0034506487732	0.01848270000004959	epochs	3.0
1869.0219333487732	0.03673099999991791	epochs	2.0
1869.0219333487732	0.018404299999929208	epochs	3.0
1869.0403376487732	0.018326699999988705	epochs	3.0
1869.0586643487732	0.03642289999993409	epochs	2.0
1869.0586643487732	0.018249599999990096	epochs	3.0
1869.0769139487732	0.018173299999943993	epochs	3.0
1869.095087248773	0.03612010000006194	epochs	2.0
1869.095087248773	0.018097600000146485	epochs	3.0
1869.1131848487732	0.018022499999915453	epochs	3.0
1869.1312073487732	0.035822100000132195	epochs	2.0
1869.1312073487732	0.017947900000081063	epochs	3.0
1869.1491552487732	0.017874200000051133	epochs	3.0
1869.1670294487733	0.03552899999999681	epochs	2.0
1869.1670294487733	0.01780079999980444	epochs	3.0
1869.184830248773	0.017728200000192373	epochs	3.0
1869.2025584487733	0.03524069999980384	epochs	2.0
1869.2025584487733	0.01765609999984008	epochs	3.0
1869.2202145487731	0.017584599999963757	epochs	3.0
1869.237799148773	0.03495710000015606	epochs	2.0
1869.237799148773	0.017513700000108656	epochs	3.0
1869.2553128487732	0.017443400000047404	epochs	3.0
1869.2727562487732	0.034677899999906	epochs	2.0
1869.2727562487732	0.017373599999928047	epochs	3.0
1869.2901298487732	0.017304299999977957	epochs	3.0
1869.3074341487732	0.03440330000012182	epochs	2.0
1869.3074341487732	0.017235700000128418	epochs	3.0
1869.3246698487733	0.0171675999999934	epochs	3.0
1869.3418374487733	0.03413279999995211	epochs	2.0
1869.3418374487733	0.01709989999994832	epochs	3.0
1869.3589373487732	0.017032900000003792	epochs	3.0
1869.3759702487732	0.03386669999986225	epochs	2.0
1869.3759702487732	0.01696640000000116	epochs	3.0
1869.3929366487732	0.01690029999986109	epochs	3.0
1869.409836948773	0.03360459999998966	epochs	2.0
1869.409836948773	0.016834800000196992	epochs	3.0
1869.4266717487733	0.016769799999792667	epochs	3.0
1869.443441548773	0.0333466000001863	epochs	2.0
1869.443441548773	0.016705300000012357	epochs	3.0
1869.460146848773	0.016641300000173942	epochs	3.0
1869.4767881487733	0.033092499999838765	epochs	2.0
1869.4767881487733	0.016577799999822673	epochs	3.0
1869.493365948773	0.01651470000001609	epochs	3.0
1869.509880648773	0.032842300000083924	epochs	2.0
1869.509880648773	0.01645220000000336	epochs	3.0
1869.526332848773	0.016390100000080565	epochs	3.0
1869.5427229487732	0.03259570000000167	epochs	2.0
1869.5427229487732	0.016328400000020338	epochs	3.0
1869.5590513487732	0.016267299999981333	epochs	3.0
1869.5753186487732	0.032352899999978035	epochs	2.0
1869.5753186487732	0.016206600000032267	epochs	3.0
1869.5915252487732	0.016146299999945768	epochs	3.0
1869.6076715487732	0.032113700000081735	epochs	2.0
1869.6076715487732	0.016086600000107865	epochs	3.0
1869.6237581487733	0.01602709999997387	epochs	3.0
1869.6397852487733	0.03187800000000607	epochs	2.0
1869.6397852487733	0.0159681999998611	epochs	3.0
1869.655753448773	0.01590980000014497	epochs	3.0
1869.6716632487733	0.03164569999989908	epochs	2.0
1869.6716632487733	0.015851599999905375	epochs	3.0
1869.6875148487732	0.015794099999993705	epochs	3.0
1869.7033089487732	0.03141670000013619	epochs	2.0
1869.7033089487732	0.01573669999993399	epochs	3.0
1869.719045648773	0.0156800000002022	epochs	3.0
1869.7347256487733	0.03119109999988723	epochs	2.0
1869.7347256487733	0.015623599999798898	epochs	3.0
1869.750349248773	0.01556750000008833	epochs	3.0
1869.7659167487732	0.030968699999903038	epochs	2.0
1869.7659167487732	0.015511999999944237	epochs	3.0
1869.7814287487731	0.0154566999999588	epochs	3.0
1869.796885448773	0.030749500000183616	epochs	2.0
1869.796885448773	0.01540200000022196	epochs	3.0
1869.8122874487733	0.015347499999961656	epochs	3.0
1869.8276349487733	0.03053320000003623	epochs	2.0
1869.8276349487733	0.015293400000018664	epochs	3.0
1869.8429283487733	0.015239800000017567	epochs	3.0
1869.8581681487733	0.030320099999926242	epochs	2.0
1869.8581681487733	0.015186499999799707	epochs	3.0
1869.873354648773	0.015133600000126535	epochs	3.0
1869.8884882487732	0.03010990000007041	epochs	2.0
1869.8884882487732	0.015081000000009226	epochs	3.0
1869.9035692487732	0.015028900000061185	epochs	3.0
1869.9185981487733	0.029902499999934662	epochs	2.0
1869.9185981487733	0.014976999999817053	epochs	3.0
1869.9335751487731	0.014925500000117609	epochs	3.0
1869.9485006487732	0.029698099999905025	epochs	2.0
1869.9485006487732	0.014874400000053356	epochs	3.0
1869.9633750487733	0.01482369999985167	epochs	3.0
1869.9781987487731	0.029496300000118936	epochs	2.0
1869.9781987487731	0.014773200000036013	epochs	3.0
1869.9929719487732	0.014723100000082923	epochs	3.0
1870.0076950487733	0.029297399999904883	epochs	2.0
1870.0076950487733	0.014673399999992398	epochs	3.0
1870.0223684487732	0.014623999999912485	epochs	3.0
1870.0369924487732	0.029101099999934377	epochs	2.0
1870.0369924487732	0.014574900000070556	epochs	3.0
1870.0515673487732	0.01452619999986382	epochs	3.0
1870.066093548773	0.028907400000207417	epochs	2.0
1870.066093548773	0.014477700000043114	epochs	3.0
1870.0805712487731	0.014429700000164303	epochs	3.0
1870.0950009487733	0.028716199999962555	epochs	2.0
1870.0950009487733	0.014381799999910072	epochs	3.0
1870.1093827487732	0.014334400000052483	epochs	3.0
1870.1237171487733	0.02852759999996124	epochs	2.0
1870.1237171487733	0.014287199999898803	epochs	3.0
1870.1380043487732	0.014240400000062436	epochs	3.0
1870.1522447487732	0.028341400000044814	epochs	2.0
1870.1522447487732	0.014193799999929979	epochs	3.0
1870.1664385487732	0.014147600000114835	epochs	3.0
1870.1805861487733	0.02815769999983786	epochs	2.0
1870.1805861487733	0.014101699999855555	epochs	3.0
1870.1946878487731	0.014055999999982305	epochs	3.0
1870.208743848773	0.027976300000091214	epochs	2.0
1870.208743848773	0.014010600000119666	epochs	3.0
1870.2227544487732	0.013965699999971548	epochs	3.0
1870.2367201487732	0.027797199999895383	epochs	2.0
1870.2367201487732	0.013920800000050804	epochs	3.0
1870.2506409487733	0.01387639999984458	epochs	3.0
1870.264517348773	0.02762040000015986	epochs	2.0
1870.264517348773	0.013832200000024386	epochs	3.0
1870.2783495487731	0.013788200000135475	epochs	3.0
1870.2921377487733	0.027445899999975154	epochs	2.0
1870.2921377487733	0.013744599999881757	epochs	3.0
1870.3058823487731	0.013701300000093397	epochs	3.0
1870.3195836487732	0.027273499999864725	epochs	2.0
1870.3195836487732	0.013658200000008947	epochs	3.0
1870.3332418487732	0.013615299999855779	epochs	3.0
1870.346857148773	0.027103399999987232	epochs	2.0
1870.346857148773	0.013572800000019924	epochs	3.0
1870.3604299487731	0.013530599999967308	epochs	3.0
1870.373960548773	0.02693520000002536	epochs	2.0
1870.373960548773	0.013488400000142065	epochs	3.0
1870.3874489487732	0.013446799999883297	epochs	3.0
1870.400895748773	0.026769199999989723	epochs	2.0
1870.400895748773	0.013405200000079276	epochs	3.0
1870.4143009487732	0.013363999999910448	epochs	3.0
1870.427664948773	0.02660520000017641	epochs	2.0
1870.427664948773	0.013322900000048321	epochs	3.0
1870.4409878487731	0.013282300000128089	epochs	3.0
1870.4542701487733	0.0264431999999033	epochs	2.0
1870.4542701487733	0.013241699999980483	epochs	3.0
1870.4675118487733	0.013201499999922817	epochs	3.0
1870.4807133487732	0.026283200000079887	epochs	2.0
1870.4807133487732	0.013161500000023807	epochs	3.0
1870.4938748487732	0.01312170000005608	epochs	3.0
1870.5069965487733	0.026124999999865395	epochs	2.0
1870.5069965487733	0.013082100000019636	epochs	3.0
1870.5200786487733	0.013042899999845758	epochs	3.0
1870.5331215487731	0.02596890000017993	epochs	2.0
1870.5331215487731	0.01300390000005791	epochs	3.0
1870.5461254487732	0.012965000000122018	epochs	3.0
1870.5590904487733	0.02581449999979668	epochs	2.0
1870.5590904487733	0.012926399999969362	epochs	3.0
1870.5720168487733	0.012888099999827318	epochs	3.0
1870.584904948773	0.02566190000015922	epochs	2.0
1870.584904948773	0.012849899999991976	epochs	3.0
1870.597754848773	0.012812000000167245	epochs	3.0
1870.6105668487733	0.025511199999982637	epochs	2.0
1870.6105668487733	0.012774399999898378	epochs	3.0
1870.6233412487732	0.012736800000084258	epochs	3.0
1870.6360780487732	0.02536229999986972	epochs	2.0
1870.6360780487732	0.01269969999998466	epochs	3.0
1870.6487777487732	0.01266259999988506	epochs	3.0
1870.661440348773	0.02521500000011656	epochs	2.0
1870.661440348773	0.012625800000023446	epochs	3.0
1870.6740661487731	0.012589200000093115	epochs	3.0
1870.6866553487732	0.024584799999956886	epochs	2.0
1870.7100213487731	0.5	epochs	-1.0
1870.7112401487732	0.5374400000000605	epochs	1.0
1871.2486801487732	0.46247999999991407	epochs	0.0
1872.0069999694824	0.042239999999992506	epochs	0.0
1872.0069999694824	0.016127200000028097	epochs	1.0
1872.0231271694824	0.009985599999936312	epochs	1.0
1872.0331127694824	0.016127200000028097	epochs	1.0
1872.0492399694824	2.0	epochs	0.0
1874.0492399694824	21.53760000000011	epochs	0.0
1874.0492399694824	1.0	epochs	1.0
1874.0493011694825	0.5	epochs	-1.0
1874.5493011694825	19.99871999999982	epochs	-1.0
1875.0492399694824	20.0	epochs	1.0
1875.0492399694824	4.356753900000058	epochs	-1.0
1875.0492399694824	1.9745872000000873	epochs	2.0
1875.0492399694824	1.0985622000000603	epochs	3.0
1876.1478021694825	0.8760250000000269	epochs	3.0
1877.0238271694825	1.3524075000000266	epochs	2.0
1877.0238271694825	0.7286354999998821	epochs	3.0
1877.7524626694824	0.6237720000001445	epochs	3.0
1878.3762346694825	1.029759199999944	epochs	2.0
1878.3762346694825	0.5453292999998212	epochs	3.0
1878.9215639694823	0.48442990000012287	epochs	3.0
1879.4059938694825	0.8317861999998968	epochs	2.0
1879.4059938694825	0.4357763000000432	epochs	3.0
1879.8417701694825	0.3960098999998536	epochs	3.0
1880.2377800694824	0.6977970000000369	epochs	2.0
1880.2377800694824	0.3628982000000178	epochs	3.0
1880.6006782694824	0.33489880000001904	epochs	3.0
1880.9355770694824	0.601045699999986	epochs	2.0
1880.9355770694824	0.3109122999999272	epochs	3.0
1881.2464893694823	0.2901334000000588	epochs	3.0
1881.5366227694824	0.5278859000000011	epochs	2.0
1881.5366227694824	0.2719586000000618	epochs	3.0
1881.8085813694825	0.25592729999993935	epochs	3.0
1882.0645086694824	0.470619299999953	epochs	2.0
1882.0645086694824	0.241681299999982	epochs	3.0
1882.3061899694824	0.228937999999971	epochs	3.0
1882.5351279694823	0.42457039999999324	epochs	2.0
1882.5351279694823	0.21747140000002219	epochs	3.0
1882.7525993694824	0.20709899999997106	epochs	3.0
1882.9596983694823	0.3867354000001342	epochs	2.0
1882.9596983694823	0.19767109999997956	epochs	3.0
1883.1573694694823	0.18906430000015462	epochs	3.0
1883.3464337694825	0.35509529999990264	epochs	2.0
1883.3464337694825	0.18117589999997108	epochs	3.0
1883.5276096694824	0.17391939999993156	epochs	3.0
1883.7015290694824	0.3282431000000088	epochs	2.0
1883.7015290694824	0.16722189999995862	epochs	3.0
1883.8687509694823	0.16102120000005016	epochs	3.0
1884.0297721694824	0.30516800000009425	epochs	2.0
1884.0297721694824	0.15526390000013635	epochs	3.0
1884.1850360694825	0.1499040999999579	epochs	3.0
1884.3349401694825	0.28512529999989056	epochs	2.0
1884.3349401694825	0.14490209999985382	epochs	3.0
1884.4798422694823	0.14022320000003674	epochs	3.0
1884.6200654694824	0.267553800000087	epochs	2.0
1884.6200654694824	0.1358368999999584	epochs	3.0
1884.7559023694823	0.1317169000001286	epochs	3.0
1884.8876192694825	0.252022899999929	epochs	2.0
1884.8876192694825	0.1278393000000051	epochs	3.0
1885.0154585694825	0.1241835999999239	epochs	3.0
1885.1396421694824	0.23819649999995818	epochs	2.0
1885.1396421694824	0.12073110000005727	epochs	3.0
1885.2603732694824	0.11746539999990091	epochs	3.0
1885.3778386694823	0.2258088000000953	epochs	2.0
1885.3778386694823	0.11437190000015107	epochs	3.0
1885.4922105694825	0.11143689999994422	epochs	3.0
1885.6036474694824	0.21464599999990241	epochs	2.0
1885.6036474694824	0.10864889999993466	epochs	3.0
1885.7122963694824	0.10599709999996776	epochs	3.0
1885.8182934694823	0.20453500000007807	epochs	2.0
1885.8182934694823	0.10347150000006877	epochs	3.0
1885.9217649694824	0.1010635000000093	epochs	3.0
1886.0228284694824	0.19533400000000256	epochs	2.0
1886.0228284694824	0.09876510000003691	epochs	3.0
1886.1215935694825	0.09656889999996565	epochs	3.0
1886.2181624694824	0.18692529999998442	epochs	2.0
1886.2181624694824	0.09446830000001682	epochs	3.0
1886.3126307694824	0.09245699999996759	epochs	3.0
1886.4050877694824	0.1792107000001124	epochs	2.0
1886.4050877694824	0.0905296000000817	epochs	3.0
1886.4956173694825	0.08868110000003071	epochs	3.0
1886.5842984694825	0.17210769999996955	epochs	2.0
1886.5842984694825	0.08690630000000965	epochs	3.0
1886.6712047694825	0.0852013999999599	epochs	3.0
1886.7564061694825	0.16554640000003928	epochs	2.0
1886.7564061694825	0.08356189999994967	epochs	3.0
1886.8399680694824	0.08198450000008961	epochs	3.0
1886.9219525694825	0.15946709999980158	epochs	2.0
1886.9219525694825	0.08046539999986635	epochs	3.0
1887.0024179694824	0.07900169999993523	epochs	3.0
1887.0814196694823	0.15381840000009106	epochs	2.0
1887.0814196694823	0.07759010000017952	epochs	3.0
1887.1590097694825	0.07622829999991154	epochs	3.0
1887.2352380694824	0.14855639999996129	epochs	2.0
1887.2352380694824	0.07491329999993468	epochs	3.0
1887.3101513694824	0.0736431000000266	epochs	3.0
1887.3837944694824	0.14364240000008976	epochs	2.0
1887.3837944694824	0.07241500000009182	epochs	3.0
1887.4562094694825	0.07122739999999794	epochs	3.0
1887.5274368694825	0.13904309999998077	epochs	2.0
1887.5274368694825	0.07007799999996678	epochs	3.0
1887.5975148694824	0.06896510000001399	epochs	3.0
1887.6664799694825	0.13472929999988992	epochs	2.0
1887.6664799694825	0.0678871000000072	epochs	3.0
1887.7343670694825	0.06684219999988272	epochs	3.0
1887.8012092694823	0.1306752000000415	epochs	2.0
1887.8012092694823	0.06582909999997355	epochs	3.0
1887.8670383694823	0.06484610000006796	epochs	3.0
1887.9318844694824	0.12685780000015257	epochs	2.0
1887.9318844694824	0.06389200000012352	epochs	3.0
1887.9957764694825	0.06296580000002905	epochs	3.0
1888.0587422694825	0.12325719999989815	epochs	2.0
1888.0587422694825	0.06206579999980022	epochs	3.0
1888.1208080694823	0.06119140000009793	epochs	3.0
1888.1819994694824	0.11985540000000583	epochs	2.0
1888.1819994694824	0.060341099999959624	epochs	3.0
1888.2423405694824	0.059514300000046205	epochs	3.0
1888.3018548694824	0.1166361999999026	epochs	2.0
1888.3018548694824	0.058709599999929196	epochs	3.0
1888.3605644694824	0.057926599999973405	epochs	3.0
1888.4184910694823	0.11358560000007856	epochs	2.0
1888.4184910694823	0.05716419999998834	epochs	3.0
1888.4756552694823	0.056421400000090216	epochs	3.0
1888.5320766694824	0.11069049999991876	epochs	2.0
1888.5320766694824	0.055697900000041045	epochs	3.0
1888.5877745694825	0.05499259999987771	epochs	3.0
1888.6427671694823	0.1079391000000669	epochs	2.0
1888.6427671694823	0.05430490000003374	epochs	3.0
1888.6970720694824	0.05363420000003316	epochs	3.0
1888.7507062694824	0.10532149999994544	epochs	2.0
1888.7507062694824	0.05297999999993408	epochs	3.0
1888.8036862694823	0.052341500000011365	epochs	3.0
1888.8560277694824	0.10282760000018243	epochs	2.0
1888.8560277694824	0.05171810000001642	epochs	3.0
1888.9077458694824	0.05110950000016601	epochs	3.0
1888.9588553694825	0.10044909999987794	epochs	2.0
1888.9588553694825	0.0505148999998255	epochs	3.0
1889.0093702694824	0.04993420000005244	epochs	3.0
1889.0593044694824	0.0981782999999723	epochs	2.0
1889.0593044694824	0.04936659999998483	epochs	3.0
1889.1086710694824	0.04881169999998747	epochs	3.0
1889.1574827694824	0.09600780000005216	epochs	2.0
1889.1574827694824	0.04826920000004975	epochs	3.0
1889.2057519694824	0.04773860000000241	epochs	3.0
1889.2534905694824	0.09393120000004274	epochs	2.0
1889.2534905694824	0.04721949999998287	epochs	3.0
1889.3007100694824	0.046711700000059864	epochs	3.0
1889.3474217694825	0.09194260000003851	epochs	2.0
1889.3474217694825	0.046214599999984785	epochs	3.0
1889.3936363694825	0.045728000000053726	epochs	3.0
1889.4393643694825	0.09003629999983787	epochs	2.0
1889.4393643694825	0.045251499999949374	epochs	3.0
1889.4846158694825	0.04478479999988849	epochs	3.0
1889.5294006694824	0.08820760000003247	epochs	2.0
1889.5294006694824	0.044327800000019124	epochs	3.0
1889.5737284694824	0.04387980000001335	epochs	3.0
1889.6176082694824	0.0864516999999978	epochs	2.0
1889.6176082694824	0.04344100000002982	epochs	3.0
1889.6610492694824	0.04301069999996798	epochs	3.0
1889.7040599694824	0.08476429999996071	epochs	2.0
1889.7040599694824	0.04258900000013455	epochs	3.0
1889.7466489694825	0.042175299999826166	epochs	3.0
1889.7888242694823	0.08314150000001064	epochs	2.0
1889.7888242694823	0.04176970000003166	epochs	3.0
1889.8305939694824	0.041371799999978975	epochs	3.0
1889.8719657694824	0.08157970000002024	epochs	2.0
1889.8719657694824	0.040981399999964196	epochs	3.0
1889.9129471694823	0.04059830000005604	epochs	3.0
1889.9535454694824	0.08007550000002084	epochs	2.0
1889.9535454694824	0.040222300000095856	epochs	3.0
1889.9937677694825	0.03985319999992498	epochs	3.0
1890.0336209694824	0.07862569999997504	epochs	2.0
1890.0336209694824	0.039490800000066884	epochs	3.0
1890.0731117694825	0.03913489999990816	epochs	3.0
1890.1122466694824	0.07722760000001472	epochs	2.0
1890.1122466694824	0.038785400000051595	epochs	3.0
1890.1510320694824	0.03844219999996312	epochs	3.0
1890.1894742694824	0.07587820000003376	epochs	2.0
1890.1894742694824	0.03810479999992822	epochs	3.0
1890.2275790694823	0.03777340000010554	epochs	3.0
1890.2653524694824	0.0745752000000266	epochs	2.0
1890.2653524694824	0.03744770000002973	epochs	3.0
1890.3028001694825	0.03712749999999687	epochs	3.0
1890.3399276694824	0.07331629999998768	epochs	2.0
1890.3399276694824	0.0368129000000863	epochs	3.0
1890.3767405694825	0.036503399999901376	epochs	3.0
1890.4132439694824	0.07209899999998015	epochs	2.0
1890.4132439694824	0.03619909999997617	epochs	3.0
1890.4494430694824	0.03589990000000398	epochs	3.0
1890.4853429694824	0.07092170000009901	epochs	2.0
1890.4853429694824	0.03560560000005353	epochs	3.0
1890.5209485694825	0.03531610000004548	epochs	3.0
1890.5562646694825	0.06978199999980461	epochs	2.0
1890.5562646694825	0.03503119999982118	epochs	3.0
1890.5912958694823	0.03475079999998343	epochs	3.0
1890.6260466694823	0.06867860000011206	epochs	2.0
1890.6260466694823	0.03447510000000875	epochs	3.0
1890.6605217694823	0.034203500000103304	epochs	3.0
1890.6947252694824	0.06760929999995824	epochs	2.0
1890.6947252694824	0.033936199999970995	epochs	3.0
1890.7286614694824	0.033673099999987244	epochs	3.0
1890.7623345694824	0.06657289999998284	epochs	2.0
1890.7623345694824	0.03341399999999339	epochs	3.0
1890.7957485694824	0.033158899999989444	epochs	3.0
1890.8289074694824	0.06556780000005347	epochs	2.0
1890.8289074694824	0.03290770000012344	epochs	3.0
1890.8618151694825	0.032660099999930026	epochs	3.0
1890.8944752694824	0.06459259999996902	epochs	2.0
1890.8944752694824	0.03241640000010193	epochs	3.0
1890.9268916694825	0.032176199999867094	epochs	3.0
1890.9590678694824	0.06364600000006249	epochs	2.0
1890.9590678694824	0.03193959999998697	epochs	3.0
1890.9910074694824	0.03170640000007552	epochs	3.0
1891.0227138694825	0.0627266999999847	epochs	2.0
1891.0227138694825	0.031476599999905375	epochs	3.0
1891.0541904694824	0.03125010000007933	epochs	3.0
1891.0854405694824	0.06183359999999993	epochs	2.0
1891.0854405694824	0.03102689999991526	epochs	3.0
1891.1164674694824	0.030806700000084675	epochs	3.0
1891.1472741694824	0.060965599999917686	epochs	2.0
1891.1472741694824	0.030589799999916067	epochs	3.0
1891.1778639694824	0.030375800000001618	epochs	3.0
1891.2082397694824	0.06012160000000222	epochs	2.0
1891.2082397694824	0.030164900000045236	epochs	3.0
1891.2384046694824	0.02995669999995698	epochs	3.0
1891.2683613694824	0.05930069999999432	epochs	2.0
1891.2683613694824	0.029751600000054168	epochs	3.0
1891.2981129694824	0.029549099999940154	epochs	3.0
1891.3276620694824	0.058501800000158255	epochs	2.0
1891.3276620694824	0.02934940000000097	epochs	3.0
1891.3570114694824	0.029152400000157286	epochs	3.0
1891.3861638694825	0.05772419999993872	epochs	2.0
1891.3861638694825	0.028957999999875028	epochs	3.0
1891.4151218694824	0.02876620000006369	epochs	3.0
1891.4438880694825	0.05696710000006533	epochs	2.0
1891.4438880694825	0.028577000000041153	epochs	3.0
1891.4724650694825	0.028390100000024177	epochs	3.0
1891.5008551694825	0.05622949999997218	epochs	2.0
1891.5008551694825	0.028205699999944045	epochs	3.0
1891.5290608694825	0.028023800000028132	epochs	3.0
1891.5570846694825	0.05551070000001346	epochs	2.0
1891.5570846694825	0.027843999999959124	epochs	3.0
1891.5849286694825	0.027666700000054334	epochs	3.0
1891.6125953694825	0.054810200000019904	epochs	2.0
1891.6125953694825	0.02749149999999645	epochs	3.0
1891.6400868694825	0.027318700000023455	epochs	3.0
1891.6674055694825	0.054126999999880354	epochs	2.0
1891.6674055694825	0.027147799999966082	epochs	3.0
1891.6945533694825	0.026979199999914272	epochs	3.0
1891.7215325694824	0.053460699999959616	epochs	2.0
1891.7215325694824	0.026812600000084785	epochs	3.0
1891.7483451694825	0.02664809999987483	epochs	3.0
1891.7749932694824	0.05281070000000909	epochs	2.0
1891.7749932694824	0.026485600000114573	epochs	3.0
1891.8014788694825	0.02632509999989452	epochs	3.0
1891.8278039694824	0.05217620000007628	epochs	2.0
1891.8278039694824	0.026166399999965506	epochs	3.0
1891.8539703694823	0.026009800000110772	epochs	3.0
1891.8799801694825	0.051556699999991906	epochs	2.0
1891.8799801694825	0.025854799999933675	epochs	3.0
1891.9058349694824	0.02570190000005823	epochs	3.0
1891.9315368694824	0.05095189999997274	epochs	2.0
1891.9315368694824	0.025550699999939752	epochs	3.0
1891.9570875694824	0.025401200000032986	epochs	3.0
1891.9824887694824	0.05036100000006627	epochs	2.0
1891.9824887694824	0.025253499999962514	epochs	3.0
1892.0077422694824	0.025107500000103755	epochs	3.0
1892.0328497694825	0.04978379999988647	epochs	2.0
1892.0328497694825	0.02496320000000196	epochs	3.0
1892.0578129694825	0.024820599999884507	epochs	3.0
1892.0826335694824	0.04921950000016295	epochs	2.0
1892.0826335694824	0.024679399999968155	epochs	3.0
1892.1073129694823	0.024540100000194798	epochs	3.0
1892.1318530694825	0.04866789999982757	epochs	2.0
1892.1318530694825	0.024402099999861093	epochs	3.0
1892.1562551694824	0.024265799999966475	epochs	3.0
1892.1805209694824	0.04812860000015462	epochs	2.0
1892.1805209694824	0.024131000000124914	epochs	3.0
1892.2046519694825	0.023997600000029706	epochs	3.0
1892.2286495694825	0.04760109999983797	epochs	2.0
1892.2286495694825	0.02386579999983951	epochs	3.0
1892.2525153694824	0.02373529999999846	epochs	3.0
1892.2762506694824	0.04708500000015192	epochs	2.0
1892.2762506694824	0.023606299999983094	epochs	3.0
1892.2998569694823	0.02347870000016883	epochs	3.0
1892.3233356694825	0.046579999999948996	epochs	2.0
1892.3233356694825	0.023352499999873544	epochs	3.0
1892.3466881694824	0.02322750000007545	epochs	3.0
1892.3699156694825	0.046085700000048746	epochs	2.0
1892.3699156694825	0.02310399999987567	epochs	3.0
1892.3930196694823	0.022981700000173078	epochs	3.0
1892.4160013694825	0.045601799999985815	epochs	2.0
1892.4160013694825	0.02286069999991014	epochs	3.0
1892.4388620694824	0.022741100000075676	epochs	3.0
1892.4616031694825	0.045127899999897636	epochs	2.0
1892.4616031694825	0.022622499999897627	epochs	3.0
1892.4842256694824	0.02250540000000001	epochs	3.0
1892.5067310694824	0.0446638000000803	epochs	2.0
1892.5067310694824	0.02238929999998618	epochs	3.0
1892.5291203694824	0.022274500000094122	epochs	3.0
1892.5513948694825	0.04420920000006845	epochs	2.0
1892.5513948694825	0.022160799999937808	epochs	3.0
1892.5735556694824	0.02204840000013064	epochs	3.0
1892.5956040694825	0.04376359999992019	epochs	2.0
1892.5956040694825	0.02193689999990056	epochs	3.0
1892.6175409694824	0.021826700000019628	epochs	3.0
1892.6393676694825	0.04332709999994222	epochs	2.0
1892.6393676694825	0.021717599999874437	epochs	3.0
1892.6610852694823	0.021609500000067783	epochs	3.0
1892.6826947694824	0.04289900000003399	epochs	2.0
1892.6826947694824	0.02150249999999687	epochs	3.0
1892.7041972694824	0.021396500000037122	epochs	3.0
1892.7255937694824	0.04247949999989942	epochs	2.0
1892.7255937694824	0.021291699999892444	epochs	3.0
1892.7468854694823	0.021187800000006973	epochs	3.0
1892.7680732694823	0.04206790000012006	epochs	2.0
1892.7680732694823	0.02108490000000529	epochs	3.0
1892.7891581694823	0.02098300000011477	epochs	3.0
1892.8101411694824	0.04166439999994509	epochs	2.0
1892.8101411694824	0.020882199999959994	epochs	3.0
1892.8310233694824	0.020782199999985096	epochs	3.0
1892.8518055694824	0.04126850000011473	epochs	2.0
1892.8518055694824	0.020683299999973315	epochs	3.0
1892.8724888694824	0.020585200000141413	epochs	3.0
1892.8930740694825	0.04088000000001557	epochs	2.0
1892.8930740694825	0.020488099999965925	epochs	3.0
1892.9135621694825	0.020391900000049645	epochs	3.0
1892.9339540694825	0.040498799999795665	epochs	2.0
1892.9339540694825	0.020296599999937825	epochs	3.0
1892.9542506694825	0.02020219999985784	epochs	3.0
1892.9744528694823	0.04012460000012652	epochs	2.0
1892.9744528694823	0.02010870000003706	epochs	3.0
1892.9945615694824	0.02001590000008946	epochs	3.0
1893.0145774694824	0.03975730000001931	epochs	2.0
1893.0145774694824	0.0199241999998776	epochs	3.0
1893.0345016694823	0.019833100000141712	epochs	3.0
1893.0543347694825	0.03939669999999751	epochs	2.0
1893.0543347694825	0.01974300000006224	epochs	3.0
1893.0740777694825	0.01965369999993527	epochs	3.0
1893.0937314694825	0.03904239999997117	epochs	2.0
1893.0937314694825	0.019565099999908853	epochs	3.0
1893.1132965694824	0.019477300000062314	epochs	3.0
1893.1327738694824	0.038694600000098944	epochs	2.0
1893.1327738694824	0.019390400000020236	epochs	3.0
1893.1521642694825	0.01930420000007871	epochs	3.0
1893.1714684694825	0.038352899999836154	epochs	2.0
1893.1714684694825	0.019218799999862313	epochs	3.0
1893.1906872694824	0.01913409999997384	epochs	3.0
1893.2098213694824	0.03801720000001296	epochs	2.0
1893.2098213694824	0.019050200000037876	epochs	3.0
1893.2288715694824	0.018966999999975087	epochs	3.0
1893.2478385694824	0.03768719999993664	epochs	2.0
1893.2478385694824	0.01888450000001285	epochs	3.0
1893.2667230694824	0.01880269999992379	epochs	3.0
1893.2855257694823	0.03736309999999321	epochs	2.0
1893.2855257694823	0.018721700000014607	epochs	3.0
1893.3042474694823	0.018641399999978603	epochs	3.0
1893.3228888694823	0.037044300000161456	epochs	2.0
1893.3228888694823	0.018561600000111866	epochs	3.0
1893.3414504694824	0.01848270000004959	epochs	3.0
1893.3599331694825	0.03673099999991791	epochs	2.0
1893.3599331694825	0.018404299999929208	epochs	3.0
1893.3783374694824	0.018326699999988705	epochs	3.0
1893.3966641694824	0.03642289999993409	epochs	2.0
1893.3966641694824	0.018249599999990096	epochs	3.0
1893.4149137694824	0.018173299999943993	epochs	3.0
1893.4330870694823	0.03612010000006194	epochs	2.0
1893.4330870694823	0.018097600000146485	epochs	3.0
1893.4511846694825	0.018022499999915453	epochs	3.0
1893.4692071694824	0.035822100000132195	epochs	2.0
1893.4692071694824	0.017947900000081063	epochs	3.0
1893.4871550694825	0.017874200000051133	epochs	3.0
1893.5050292694825	0.03552899999999681	epochs	2.0
1893.5050292694825	0.01780079999980444	epochs	3.0
1893.5228300694823	0.017728200000192373	epochs	3.0
1893.5405582694825	0.03524069999980384	epochs	2.0
1893.5405582694825	0.01765609999984008	epochs	3.0
1893.5582143694824	0.017584599999963757	epochs	3.0
1893.5757989694823	0.03495710000015606	epochs	2.0
1893.5757989694823	0.017513700000108656	epochs	3.0
1893.5933126694824	0.017443400000047404	epochs	3.0
1893.6107560694825	0.034677899999906	epochs	2.0
1893.6107560694825	0.017373599999928047	epochs	3.0
1893.6281296694824	0.017304299999977957	epochs	3.0
1893.6454339694824	0.03440330000012182	epochs	2.0
1893.6454339694824	0.017235700000128418	epochs	3.0
1893.6626696694825	0.0171675999999934	epochs	3.0
1893.6798372694825	0.03413279999995211	epochs	2.0
1893.6798372694825	0.01709989999994832	epochs	3.0
1893.6969371694825	0.017032900000003792	epochs	3.0
1893.7139700694825	0.03386669999986225	epochs	2.0
1893.7139700694825	0.01696640000000116	epochs	3.0
1893.7309364694825	0.01690029999986109	epochs	3.0
1893.7478367694823	0.03360459999998966	epochs	2.0
1893.7478367694823	0.016834800000196992	epochs	3.0
1893.7646715694825	0.016769799999792667	epochs	3.0
1893.7814413694823	0.0333466000001863	epochs	2.0
1893.7814413694823	0.016705300000012357	epochs	3.0
1893.7981466694823	0.016641300000173942	epochs	3.0
1893.8147879694825	0.033092499999838765	epochs	2.0
1893.8147879694825	0.016577799999822673	epochs	3.0
1893.8313657694823	0.01651470000001609	epochs	3.0
1893.8478804694823	0.032842300000083924	epochs	2.0
1893.8478804694823	0.01645220000000336	epochs	3.0
1893.8643326694823	0.016390100000080565	epochs	3.0
1893.8807227694824	0.03259570000000167	epochs	2.0
1893.8807227694824	0.016328400000020338	epochs	3.0
1893.8970511694824	0.016267299999981333	epochs	3.0
1893.9133184694824	0.032352899999978035	epochs	2.0
1893.9133184694824	0.016206600000032267	epochs	3.0
1893.9295250694825	0.016146299999945768	epochs	3.0
1893.9456713694824	0.032113700000081735	epochs	2.0
1893.9456713694824	0.016086600000107865	epochs	3.0
1893.9617579694825	0.01602709999997387	epochs	3.0
1893.9777850694825	0.03187800000000607	epochs	2.0
1893.9777850694825	0.0159681999998611	epochs	3.0
1893.9937532694823	0.01590980000014497	epochs	3.0
1894.0096630694825	0.03164569999989908	epochs	2.0
1894.0096630694825	0.015851599999905375	epochs	3.0
1894.0255146694824	0.015794099999993705	epochs	3.0
1894.0413087694824	0.03141670000013619	epochs	2.0
1894.0413087694824	0.01573669999993399	epochs	3.0
1894.0570454694823	0.0156800000002022	epochs	3.0
1894.0727254694825	0.03119109999988723	epochs	2.0
1894.0727254694825	0.015623599999798898	epochs	3.0
1894.0883490694823	0.01556750000008833	epochs	3.0
1894.1039165694824	0.030968699999903038	epochs	2.0
1894.1039165694824	0.015511999999944237	epochs	3.0
1894.1194285694824	0.0154566999999588	epochs	3.0
1894.1348852694823	0.030749500000183616	epochs	2.0
1894.1348852694823	0.01540200000022196	epochs	3.0
1894.1502872694825	0.015347499999961656	epochs	3.0
1894.1656347694825	0.03053320000003623	epochs	2.0
1894.1656347694825	0.015293400000018664	epochs	3.0
1894.1809281694825	0.015239800000017567	epochs	3.0
1894.1961679694825	0.030320099999926242	epochs	2.0
1894.1961679694825	0.015186499999799707	epochs	3.0
1894.2113544694823	0.015133600000126535	epochs	3.0
1894.2264880694825	0.03010990000007041	epochs	2.0
1894.2264880694825	0.015081000000009226	epochs	3.0
1894.2415690694825	0.015028900000061185	epochs	3.0
1894.2565979694825	0.029902499999934662	epochs	2.0
1894.2565979694825	0.014976999999817053	epochs	3.0
1894.2715749694823	0.014925500000117609	epochs	3.0
1894.2865004694825	0.029698099999905025	epochs	2.0
1894.2865004694825	0.014874400000053356	epochs	3.0
1894.3013748694825	0.01482369999985167	epochs	3.0
1894.3161985694824	0.029496300000118936	epochs	2.0
1894.3161985694824	0.014773200000036013	epochs	3.0
1894.3309717694824	0.014723100000082923	epochs	3.0
1894.3456948694825	0.029297399999904883	epochs	2.0
1894.3456948694825	0.014673399999992398	epochs	3.0
1894.3603682694825	0.014623999999912485	epochs	3.0
1894.3749922694824	0.029101099999934377	epochs	2.0
1894.3749922694824	0.014574900000070556	epochs	3.0
1894.3895671694825	0.01452619999986382	epochs	3.0
1894.4040933694823	0.028907400000207417	epochs	2.0
1894.4040933694823	0.014477700000043114	epochs	3.0
1894.4185710694824	0.014429700000164303	epochs	3.0
1894.4330007694825	0.028716199999962555	epochs	2.0
1894.4330007694825	0.014381799999910072	epochs	3.0
1894.4473825694824	0.014334400000052483	epochs	3.0
1894.4617169694825	0.02852759999996124	epochs	2.0
1894.4617169694825	0.014287199999898803	epochs	3.0
1894.4760041694824	0.014240400000062436	epochs	3.0
1894.4902445694825	0.028341400000044814	epochs	2.0
1894.4902445694825	0.014193799999929979	epochs	3.0
1894.5044383694824	0.014147600000114835	epochs	3.0
1894.5185859694825	0.02815769999983786	epochs	2.0
1894.5185859694825	0.014101699999855555	epochs	3.0
1894.5326876694824	0.014055999999982305	epochs	3.0
1894.5467436694823	0.027976300000091214	epochs	2.0
1894.5467436694823	0.014010600000119666	epochs	3.0
1894.5607542694825	0.013965699999971548	epochs	3.0
1894.5747199694824	0.027797199999895383	epochs	2.0
1894.5747199694824	0.013920800000050804	epochs	3.0
1894.5886407694825	0.01387639999984458	epochs	3.0
1894.6025171694823	0.02762040000015986	epochs	2.0
1894.6025171694823	0.013832200000024386	epochs	3.0
1894.6163493694824	0.013788200000135475	epochs	3.0
1894.6301375694825	0.027445899999975154	epochs	2.0
1894.6301375694825	0.013744599999881757	epochs	3.0
1894.6438821694824	0.013701300000093397	epochs	3.0
1894.6575834694825	0.027273499999864725	epochs	2.0
1894.6575834694825	0.013658200000008947	epochs	3.0
1894.6712416694825	0.013615299999855779	epochs	3.0
1894.6848569694823	0.027103399999987232	epochs	2.0
1894.6848569694823	0.013572800000019924	epochs	3.0
1894.6984297694823	0.013530599999967308	epochs	3.0
1894.7119603694823	0.02693520000002536	epochs	2.0
1894.7119603694823	0.013488400000142065	epochs	3.0
1894.7254487694825	0.013446799999883297	epochs	3.0
1894.7388955694823	0.026769199999989723	epochs	2.0
1894.7388955694823	0.013405200000079276	epochs	3.0
1894.7523007694824	0.013363999999910448	epochs	3.0
1894.7656647694823	0.02660520000017641	epochs	2.0
1894.7656647694823	0.013322900000048321	epochs	3.0
1894.7789876694824	0.013282300000128089	epochs	3.0
1894.7922699694825	0.0264431999999033	epochs	2.0
1894.7922699694825	0.013241699999980483	epochs	3.0
1894.8055116694825	0.013201499999922817	epochs	3.0
1894.8187131694824	0.026283200000079887	epochs	2.0
1894.8187131694824	0.013161500000023807	epochs	3.0
1894.8318746694824	0.01312170000005608	epochs	3.0
1894.8449963694825	0.026124999999865395	epochs	2.0
1894.8449963694825	0.013082100000019636	epochs	3.0
1894.8580784694825	0.013042899999845758	epochs	3.0
1894.8711213694824	0.02596890000017993	epochs	2.0
1894.8711213694824	0.01300390000005791	epochs	3.0
1894.8841252694824	0.012965000000122018	epochs	3.0
1894.8970902694825	0.02581449999979668	epochs	2.0
1894.8970902694825	0.012926399999969362	epochs	3.0
1894.9100166694825	0.012888099999827318	epochs	3.0
1894.9229047694823	0.02566190000015922	epochs	2.0
1894.9229047694823	0.012849899999991976	epochs	3.0
1894.9357546694823	0.012812000000167245	epochs	3.0
1894.9485666694825	0.025511199999982637	epochs	2.0
1894.9485666694825	0.012774399999898378	epochs	3.0
1894.9613410694824	0.012736800000084258	epochs	3.0
1894.9740778694825	0.02536229999986972	epochs	2.0
1894.9740778694825	0.01269969999998466	epochs	3.0
1894.9867775694825	0.01266259999988506	epochs	3.0
1894.9994401694823	0.02521500000011656	epochs	2.0
1894.9994401694823	0.012625800000023446	epochs	3.0
1895.0120659694824	0.012589200000093115	epochs	3.0
1895.0246551694825	0.024584799999956886	epochs	2.0
1895.0480211694824	0.5	epochs	-1.0
1895.0492399694824	0.5376000000001113	epochs	1.0
1895.5868399694825	0.4623199999998633	epochs	0.0
1896.3940000534058	0.042239999999992506	epochs	0.0
1896.3940000534058	0.016127200000028097	epochs	1.0
1896.4101272534058	0.009985599999936312	epochs	1.0
1896.4201128534057	0.016127200000028097	epochs	1.0
1896.4362400534058	2.0	epochs	0.0
1898.4362400534058	21.517360000000053	epochs	0.0
1898.4362400534058	1.0	epochs	1.0
1898.4363012534059	0.5	epochs	-1.0
1898.9363012534059	19.99871999999982	epochs	-1.0
1899.4362400534058	20.0	epochs	1.0
1899.4362400534058	4.356753900000058	epochs	-1.0
1899.4362400534058	1.9745872000000873	epochs	2.0
1899.4362400534058	1.0985622000000603	epochs	3.0
1900.5348022534058	0.8760250000000269	epochs	3.0
1901.4108272534058	1.3524075000000266	epochs	2.0
1901.4108272534058	0.7286354999998821	epochs	3.0
1902.1394627534057	0.6237720000001445	epochs	3.0
1902.7632347534059	1.029759199999944	epochs	2.0
1902.7632347534059	0.5453292999998212	epochs	3.0
1903.3085640534057	0.48442990000012287	epochs	3.0
1903.7929939534058	0.8317861999998968	epochs	2.0
1903.7929939534058	0.4357763000000432	epochs	3.0
1904.2287702534059	0.3960098999998536	epochs	3.0
1904.6247801534057	0.6977970000000369	epochs	2.0
1904.6247801534057	0.3628982000000178	epochs	3.0
1904.9876783534057	0.33489880000001904	epochs	3.0
1905.3225771534057	0.601045699999986	epochs	2.0
1905.3225771534057	0.3109122999999272	epochs	3.0
1905.6334894534057	0.2901334000000588	epochs	3.0
1905.9236228534057	0.5278859000000011	epochs	2.0
1905.9236228534057	0.2719586000000618	epochs	3.0
1906.1955814534058	0.25592729999993935	epochs	3.0
1906.4515087534057	0.470619299999953	epochs	2.0
1906.4515087534057	0.241681299999982	epochs	3.0
1906.6931900534057	0.228937999999971	epochs	3.0
1906.9221280534057	0.42457039999999324	epochs	2.0
1906.9221280534057	0.21747140000002219	epochs	3.0
1907.1395994534057	0.20709899999997106	epochs	3.0
1907.3466984534057	0.3867354000001342	epochs	2.0
1907.3466984534057	0.19767109999997956	epochs	3.0
1907.5443695534057	0.18906430000015462	epochs	3.0
1907.7334338534058	0.35509529999990264	epochs	2.0
1907.7334338534058	0.18117589999997108	epochs	3.0
1907.9146097534058	0.17391939999993156	epochs	3.0
1908.0885291534057	0.3282431000000088	epochs	2.0
1908.0885291534057	0.16722189999995862	epochs	3.0
1908.2557510534057	0.16102120000005016	epochs	3.0
1908.4167722534057	0.30516800000009425	epochs	2.0
1908.4167722534057	0.15526390000013635	epochs	3.0
1908.5720361534059	0.1499040999999579	epochs	3.0
1908.7219402534058	0.28512529999989056	epochs	2.0
1908.7219402534058	0.14490209999985382	epochs	3.0
1908.8668423534057	0.14022320000003674	epochs	3.0
1909.0070655534057	0.267553800000087	epochs	2.0
1909.0070655534057	0.1358368999999584	epochs	3.0
1909.1429024534057	0.1317169000001286	epochs	3.0
1909.2746193534058	0.252022899999929	epochs	2.0
1909.2746193534058	0.1278393000000051	epochs	3.0
1909.4024586534058	0.1241835999999239	epochs	3.0
1909.5266422534057	0.23819649999995818	epochs	2.0
1909.5266422534057	0.12073110000005727	epochs	3.0
1909.6473733534058	0.11746539999990091	epochs	3.0
1909.7648387534057	0.2258088000000953	epochs	2.0
1909.7648387534057	0.11437190000015107	epochs	3.0
1909.8792106534058	0.11143689999994422	epochs	3.0
1909.9906475534058	0.21464599999990241	epochs	2.0
1909.9906475534058	0.10864889999993466	epochs	3.0
1910.0992964534057	0.10599709999996776	epochs	3.0
1910.2052935534057	0.20453500000007807	epochs	2.0
1910.2052935534057	0.10347150000006877	epochs	3.0
1910.3087650534058	0.1010635000000093	epochs	3.0
1910.4098285534058	0.19533400000000256	epochs	2.0
1910.4098285534058	0.09876510000003691	epochs	3.0
1910.5085936534058	0.09656889999996565	epochs	3.0
1910.6051625534058	0.18692529999998442	epochs	2.0
1910.6051625534058	0.09446830000001682	epochs	3.0
1910.6996308534058	0.09245699999996759	epochs	3.0
1910.7920878534057	0.1792107000001124	epochs	2.0
1910.7920878534057	0.0905296000000817	epochs	3.0
1910.8826174534058	0.08868110000003071	epochs	3.0
1910.9712985534059	0.17210769999996955	epochs	2.0
1910.9712985534059	0.08690630000000965	epochs	3.0
1911.0582048534059	0.0852013999999599	epochs	3.0
1911.1434062534058	0.16554640000003928	epochs	2.0
1911.1434062534058	0.08356189999994967	epochs	3.0
1911.2269681534058	0.08198450000008961	epochs	3.0
1911.3089526534059	0.15946709999980158	epochs	2.0
1911.3089526534059	0.08046539999986635	epochs	3.0
1911.3894180534057	0.07900169999993523	epochs	3.0
1911.4684197534057	0.15381840000009106	epochs	2.0
1911.4684197534057	0.07759010000017952	epochs	3.0
1911.5460098534058	0.07622829999991154	epochs	3.0
1911.6222381534058	0.14855639999996129	epochs	2.0
1911.6222381534058	0.07491329999993468	epochs	3.0
1911.6971514534057	0.0736431000000266	epochs	3.0
1911.7707945534057	0.14364240000008976	epochs	2.0
1911.7707945534057	0.07241500000009182	epochs	3.0
1911.8432095534058	0.07122739999999794	epochs	3.0
1911.9144369534058	0.13904309999998077	epochs	2.0
1911.9144369534058	0.07007799999996678	epochs	3.0
1911.9845149534058	0.06896510000001399	epochs	3.0
1912.0534800534058	0.13472929999988992	epochs	2.0
1912.0534800534058	0.0678871000000072	epochs	3.0
1912.1213671534058	0.06684219999988272	epochs	3.0
1912.1882093534057	0.1306752000000415	epochs	2.0
1912.1882093534057	0.06582909999997355	epochs	3.0
1912.2540384534057	0.06484610000006796	epochs	3.0
1912.3188845534057	0.12685780000015257	epochs	2.0
1912.3188845534057	0.06389200000012352	epochs	3.0
1912.3827765534058	0.06296580000002905	epochs	3.0
1912.4457423534059	0.12325719999989815	epochs	2.0
1912.4457423534059	0.06206579999980022	epochs	3.0
1912.5078081534057	0.06119140000009793	epochs	3.0
1912.5689995534058	0.11985540000000583	epochs	2.0
1912.5689995534058	0.060341099999959624	epochs	3.0
1912.6293406534057	0.059514300000046205	epochs	3.0
1912.6888549534058	0.1166361999999026	epochs	2.0
1912.6888549534058	0.058709599999929196	epochs	3.0
1912.7475645534057	0.057926599999973405	epochs	3.0
1912.8054911534057	0.11358560000007856	epochs	2.0
1912.8054911534057	0.05716419999998834	epochs	3.0
1912.8626553534057	0.056421400000090216	epochs	3.0
1912.9190767534058	0.11069049999991876	epochs	2.0
1912.9190767534058	0.055697900000041045	epochs	3.0
1912.9747746534058	0.05499259999987771	epochs	3.0
1913.0297672534057	0.1079391000000669	epochs	2.0
1913.0297672534057	0.05430490000003374	epochs	3.0
1913.0840721534057	0.05363420000003316	epochs	3.0
1913.1377063534057	0.10532149999994544	epochs	2.0
1913.1377063534057	0.05297999999993408	epochs	3.0
1913.1906863534057	0.052341500000011365	epochs	3.0
1913.2430278534057	0.10282760000018243	epochs	2.0
1913.2430278534057	0.05171810000001642	epochs	3.0
1913.2947459534057	0.05110950000016601	epochs	3.0
1913.3458554534059	0.10044909999987794	epochs	2.0
1913.3458554534059	0.0505148999998255	epochs	3.0
1913.3963703534057	0.04993420000005244	epochs	3.0
1913.4463045534058	0.0981782999999723	epochs	2.0
1913.4463045534058	0.04936659999998483	epochs	3.0
1913.4956711534057	0.04881169999998747	epochs	3.0
1913.5444828534057	0.09600780000005216	epochs	2.0
1913.5444828534057	0.04826920000004975	epochs	3.0
1913.5927520534058	0.04773860000000241	epochs	3.0
1913.6404906534058	0.09393120000004274	epochs	2.0
1913.6404906534058	0.04721949999998287	epochs	3.0
1913.6877101534058	0.046711700000059864	epochs	3.0
1913.7344218534058	0.09194260000003851	epochs	2.0
1913.7344218534058	0.046214599999984785	epochs	3.0
1913.7806364534058	0.045728000000053726	epochs	3.0
1913.8263644534059	0.09003629999983787	epochs	2.0
1913.8263644534059	0.045251499999949374	epochs	3.0
1913.8716159534058	0.04478479999988849	epochs	3.0
1913.9164007534057	0.08820760000003247	epochs	2.0
1913.9164007534057	0.044327800000019124	epochs	3.0
1913.9607285534057	0.04387980000001335	epochs	3.0
1914.0046083534057	0.0864516999999978	epochs	2.0
1914.0046083534057	0.04344100000002982	epochs	3.0
1914.0480493534058	0.04301069999996798	epochs	3.0
1914.0910600534057	0.08476429999996071	epochs	2.0
1914.0910600534057	0.04258900000013455	epochs	3.0
1914.1336490534059	0.042175299999826166	epochs	3.0
1914.1758243534057	0.08314150000001064	epochs	2.0
1914.1758243534057	0.04176970000003166	epochs	3.0
1914.2175940534057	0.041371799999978975	epochs	3.0
1914.2589658534057	0.08157970000002024	epochs	2.0
1914.2589658534057	0.040981399999964196	epochs	3.0
1914.2999472534057	0.04059830000005604	epochs	3.0
1914.3405455534057	0.08007550000002084	epochs	2.0
1914.3405455534057	0.040222300000095856	epochs	3.0
1914.3807678534058	0.03985319999992498	epochs	3.0
1914.4206210534057	0.07862569999997504	epochs	2.0
1914.4206210534057	0.039490800000066884	epochs	3.0
1914.4601118534058	0.03913489999990816	epochs	3.0
1914.4992467534057	0.07722760000001472	epochs	2.0
1914.4992467534057	0.038785400000051595	epochs	3.0
1914.5380321534058	0.03844219999996312	epochs	3.0
1914.5764743534057	0.07587820000003376	epochs	2.0
1914.5764743534057	0.03810479999992822	epochs	3.0
1914.6145791534057	0.03777340000010554	epochs	3.0
1914.6523525534058	0.0745752000000266	epochs	2.0
1914.6523525534058	0.03744770000002973	epochs	3.0
1914.6898002534058	0.03712749999999687	epochs	3.0
1914.7269277534058	0.07331629999998768	epochs	2.0
1914.7269277534058	0.0368129000000863	epochs	3.0
1914.7637406534059	0.036503399999901376	epochs	3.0
1914.8002440534058	0.07209899999998015	epochs	2.0
1914.8002440534058	0.03619909999997617	epochs	3.0
1914.8364431534058	0.03589990000000398	epochs	3.0
1914.8723430534058	0.07092170000009901	epochs	2.0
1914.8723430534058	0.03560560000005353	epochs	3.0
1914.9079486534058	0.03531610000004548	epochs	3.0
1914.9432647534059	0.06978199999980461	epochs	2.0
1914.9432647534059	0.03503119999982118	epochs	3.0
1914.9782959534057	0.03475079999998343	epochs	3.0
1915.0130467534057	0.06867860000011206	epochs	2.0
1915.0130467534057	0.03447510000000875	epochs	3.0
1915.0475218534057	0.034203500000103304	epochs	3.0
1915.0817253534058	0.06760929999995824	epochs	2.0
1915.0817253534058	0.033936199999970995	epochs	3.0
1915.1156615534057	0.033673099999987244	epochs	3.0
1915.1493346534057	0.06657289999998284	epochs	2.0
1915.1493346534057	0.03341399999999339	epochs	3.0
1915.1827486534057	0.033158899999989444	epochs	3.0
1915.2159075534057	0.06556780000005347	epochs	2.0
1915.2159075534057	0.03290770000012344	epochs	3.0
1915.2488152534058	0.032660099999930026	epochs	3.0
1915.2814753534058	0.06459259999996902	epochs	2.0
1915.2814753534058	0.03241640000010193	epochs	3.0
1915.3138917534059	0.032176199999867094	epochs	3.0
1915.3460679534057	0.06364600000006249	epochs	2.0
1915.3460679534057	0.03193959999998697	epochs	3.0
1915.3780075534057	0.03170640000007552	epochs	3.0
1915.4097139534058	0.0627266999999847	epochs	2.0
1915.4097139534058	0.031476599999905375	epochs	3.0
1915.4411905534057	0.03125010000007933	epochs	3.0
1915.4724406534058	0.06183359999999993	epochs	2.0
1915.4724406534058	0.03102689999991526	epochs	3.0
1915.5034675534057	0.030806700000084675	epochs	3.0
1915.5342742534058	0.060965599999917686	epochs	2.0
1915.5342742534058	0.030589799999916067	epochs	3.0
1915.5648640534057	0.030375800000001618	epochs	3.0
1915.5952398534057	0.06012160000000222	epochs	2.0
1915.5952398534057	0.030164900000045236	epochs	3.0
1915.6254047534057	0.02995669999995698	epochs	3.0
1915.6553614534057	0.05930069999999432	epochs	2.0
1915.6553614534057	0.029751600000054168	epochs	3.0
1915.6851130534058	0.029549099999940154	epochs	3.0
1915.7146621534057	0.058501800000158255	epochs	2.0
1915.7146621534057	0.02934940000000097	epochs	3.0
1915.7440115534057	0.029152400000157286	epochs	3.0
1915.7731639534059	0.05772419999993872	epochs	2.0
1915.7731639534059	0.028957999999875028	epochs	3.0
1915.8021219534057	0.02876620000006369	epochs	3.0
1915.8308881534058	0.05696710000006533	epochs	2.0
1915.8308881534058	0.028577000000041153	epochs	3.0
1915.8594651534058	0.028390100000024177	epochs	3.0
1915.8878552534059	0.05622949999997218	epochs	2.0
1915.8878552534059	0.028205699999944045	epochs	3.0
1915.9160609534058	0.028023800000028132	epochs	3.0
1915.9440847534058	0.05551070000001346	epochs	2.0
1915.9440847534058	0.027843999999959124	epochs	3.0
1915.9719287534058	0.027666700000054334	epochs	3.0
1915.9995954534058	0.054810200000019904	epochs	2.0
1915.9995954534058	0.02749149999999645	epochs	3.0
1916.0270869534058	0.027318700000023455	epochs	3.0
1916.0544056534059	0.054126999999880354	epochs	2.0
1916.0544056534059	0.027147799999966082	epochs	3.0
1916.0815534534058	0.026979199999914272	epochs	3.0
1916.1085326534057	0.053460699999959616	epochs	2.0
1916.1085326534057	0.026812600000084785	epochs	3.0
1916.1353452534058	0.02664809999987483	epochs	3.0
1916.1619933534057	0.05281070000000909	epochs	2.0
1916.1619933534057	0.026485600000114573	epochs	3.0
1916.1884789534058	0.02632509999989452	epochs	3.0
1916.2148040534057	0.05217620000007628	epochs	2.0
1916.2148040534057	0.026166399999965506	epochs	3.0
1916.2409704534057	0.026009800000110772	epochs	3.0
1916.2669802534058	0.051556699999991906	epochs	2.0
1916.2669802534058	0.025854799999933675	epochs	3.0
1916.2928350534057	0.02570190000005823	epochs	3.0
1916.3185369534058	0.05095189999997274	epochs	2.0
1916.3185369534058	0.025550699999939752	epochs	3.0
1916.3440876534057	0.025401200000032986	epochs	3.0
1916.3694888534058	0.05036100000006627	epochs	2.0
1916.3694888534058	0.025253499999962514	epochs	3.0
1916.3947423534057	0.025107500000103755	epochs	3.0
1916.4198498534058	0.04978379999988647	epochs	2.0
1916.4198498534058	0.02496320000000196	epochs	3.0
1916.4448130534058	0.024820599999884507	epochs	3.0
1916.4696336534057	0.04921950000016295	epochs	2.0
1916.4696336534057	0.024679399999968155	epochs	3.0
1916.4943130534057	0.024540100000194798	epochs	3.0
1916.5188531534059	0.04866789999982757	epochs	2.0
1916.5188531534059	0.024402099999861093	epochs	3.0
1916.5432552534057	0.024265799999966475	epochs	3.0
1916.5675210534057	0.04812860000015462	epochs	2.0
1916.5675210534057	0.024131000000124914	epochs	3.0
1916.5916520534058	0.023997600000029706	epochs	3.0
1916.6156496534059	0.04760109999983797	epochs	2.0
1916.6156496534059	0.02386579999983951	epochs	3.0
1916.6395154534057	0.02373529999999846	epochs	3.0
1916.6632507534057	0.04708500000015192	epochs	2.0
1916.6632507534057	0.023606299999983094	epochs	3.0
1916.6868570534057	0.02347870000016883	epochs	3.0
1916.7103357534058	0.046579999999948996	epochs	2.0
1916.7103357534058	0.023352499999873544	epochs	3.0
1916.7336882534057	0.02322750000007545	epochs	3.0
1916.7569157534058	0.046085700000048746	epochs	2.0
1916.7569157534058	0.02310399999987567	epochs	3.0
1916.7800197534057	0.022981700000173078	epochs	3.0
1916.8030014534058	0.045601799999985815	epochs	2.0
1916.8030014534058	0.02286069999991014	epochs	3.0
1916.8258621534058	0.022741100000075676	epochs	3.0
1916.8486032534058	0.045127899999897636	epochs	2.0
1916.8486032534058	0.022622499999897627	epochs	3.0
1916.8712257534057	0.02250540000000001	epochs	3.0
1916.8937311534057	0.0446638000000803	epochs	2.0
1916.8937311534057	0.02238929999998618	epochs	3.0
1916.9161204534057	0.022274500000094122	epochs	3.0
1916.9383949534058	0.04420920000006845	epochs	2.0
1916.9383949534058	0.022160799999937808	epochs	3.0
1916.9605557534057	0.02204840000013064	epochs	3.0
1916.9826041534059	0.04376359999992019	epochs	2.0
1916.9826041534059	0.02193689999990056	epochs	3.0
1917.0045410534058	0.021826700000019628	epochs	3.0
1917.0263677534058	0.04332709999994222	epochs	2.0
1917.0263677534058	0.021717599999874437	epochs	3.0
1917.0480853534057	0.021609500000067783	epochs	3.0
1917.0696948534057	0.04289900000003399	epochs	2.0
1917.0696948534057	0.02150249999999687	epochs	3.0
1917.0911973534057	0.021396500000037122	epochs	3.0
1917.1125938534058	0.04247949999989942	epochs	2.0
1917.1125938534058	0.021291699999892444	epochs	3.0
1917.1338855534057	0.021187800000006973	epochs	3.0
1917.1550733534057	0.04206790000012006	epochs	2.0
1917.1550733534057	0.02108490000000529	epochs	3.0
1917.1761582534057	0.02098300000011477	epochs	3.0
1917.1971412534058	0.04166439999994509	epochs	2.0
1917.1971412534058	0.020882199999959994	epochs	3.0
1917.2180234534057	0.020782199999985096	epochs	3.0
1917.2388056534057	0.04126850000011473	epochs	2.0
1917.2388056534057	0.020683299999973315	epochs	3.0
1917.2594889534057	0.020585200000141413	epochs	3.0
1917.2800741534058	0.04088000000001557	epochs	2.0
1917.2800741534058	0.020488099999965925	epochs	3.0
1917.3005622534058	0.020391900000049645	epochs	3.0
1917.3209541534059	0.040498799999795665	epochs	2.0
1917.3209541534059	0.020296599999937825	epochs	3.0
1917.3412507534058	0.02020219999985784	epochs	3.0
1917.3614529534057	0.04012460000012652	epochs	2.0
1917.3614529534057	0.02010870000003706	epochs	3.0
1917.3815616534057	0.02001590000008946	epochs	3.0
1917.4015775534058	0.03975730000001931	epochs	2.0
1917.4015775534058	0.0199241999998776	epochs	3.0
1917.4215017534057	0.019833100000141712	epochs	3.0
1917.4413348534058	0.03939669999999751	epochs	2.0
1917.4413348534058	0.01974300000006224	epochs	3.0
1917.4610778534059	0.01965369999993527	epochs	3.0
1917.4807315534058	0.03904239999997117	epochs	2.0
1917.4807315534058	0.019565099999908853	epochs	3.0
1917.5002966534057	0.019477300000062314	epochs	3.0
1917.5197739534058	0.038694600000098944	epochs	2.0
1917.5197739534058	0.019390400000020236	epochs	3.0
1917.5391643534058	0.01930420000007871	epochs	3.0
1917.5584685534059	0.038352899999836154	epochs	2.0
1917.5584685534059	0.019218799999862313	epochs	3.0
1917.5776873534057	0.01913409999997384	epochs	3.0
1917.5968214534057	0.03801720000001296	epochs	2.0
1917.5968214534057	0.019050200000037876	epochs	3.0
1917.6158716534057	0.018966999999975087	epochs	3.0
1917.6348386534057	0.03768719999993664	epochs	2.0
1917.6348386534057	0.01888450000001285	epochs	3.0
1917.6537231534057	0.01880269999992379	epochs	3.0
1917.6725258534057	0.03736309999999321	epochs	2.0
1917.6725258534057	0.018721700000014607	epochs	3.0
1917.6912475534057	0.018641399999978603	epochs	3.0
1917.7098889534057	0.037044300000161456	epochs	2.0
1917.7098889534057	0.018561600000111866	epochs	3.0
1917.7284505534058	0.01848270000004959	epochs	3.0
1917.7469332534058	0.03673099999991791	epochs	2.0
1917.7469332534058	0.018404299999929208	epochs	3.0
1917.7653375534057	0.018326699999988705	epochs	3.0
1917.7836642534057	0.03642289999993409	epochs	2.0
1917.7836642534057	0.018249599999990096	epochs	3.0
1917.8019138534057	0.018173299999943993	epochs	3.0
1917.8200871534057	0.03612010000006194	epochs	2.0
1917.8200871534057	0.018097600000146485	epochs	3.0
1917.8381847534058	0.018022499999915453	epochs	3.0
1917.8562072534057	0.035822100000132195	epochs	2.0
1917.8562072534057	0.017947900000081063	epochs	3.0
1917.8741551534058	0.017874200000051133	epochs	3.0
1917.8920293534059	0.03552899999999681	epochs	2.0
1917.8920293534059	0.01780079999980444	epochs	3.0
1917.9098301534057	0.017728200000192373	epochs	3.0
1917.9275583534059	0.03524069999980384	epochs	2.0
1917.9275583534059	0.01765609999984008	epochs	3.0
1917.9452144534057	0.017584599999963757	epochs	3.0
1917.9627990534057	0.03495710000015606	epochs	2.0
1917.9627990534057	0.017513700000108656	epochs	3.0
1917.9803127534058	0.017443400000047404	epochs	3.0
1917.9977561534058	0.034677899999906	epochs	2.0
1917.9977561534058	0.017373599999928047	epochs	3.0
1918.0151297534057	0.017304299999977957	epochs	3.0
1918.0324340534057	0.03440330000012182	epochs	2.0
1918.0324340534057	0.017235700000128418	epochs	3.0
1918.0496697534059	0.0171675999999934	epochs	3.0
1918.0668373534058	0.03413279999995211	epochs	2.0
1918.0668373534058	0.01709989999994832	epochs	3.0
1918.0839372534058	0.017032900000003792	epochs	3.0
1918.1009701534058	0.03386669999986225	epochs	2.0
1918.1009701534058	0.01696640000000116	epochs	3.0
1918.1179365534058	0.01690029999986109	epochs	3.0
1918.1348368534057	0.03360459999998966	epochs	2.0
1918.1348368534057	0.016834800000196992	epochs	3.0
1918.1516716534059	0.016769799999792667	epochs	3.0
1918.1684414534056	0.0333466000001863	epochs	2.0
1918.1684414534056	0.016705300000012357	epochs	3.0
1918.1851467534057	0.016641300000173942	epochs	3.0
1918.2017880534058	0.033092499999838765	epochs	2.0
1918.2017880534058	0.016577799999822673	epochs	3.0
1918.2183658534057	0.01651470000001609	epochs	3.0
1918.2348805534057	0.032842300000083924	epochs	2.0
1918.2348805534057	0.01645220000000336	epochs	3.0
1918.2513327534057	0.016390100000080565	epochs	3.0
1918.2677228534058	0.03259570000000167	epochs	2.0
1918.2677228534058	0.016328400000020338	epochs	3.0
1918.2840512534058	0.016267299999981333	epochs	3.0
1918.3003185534058	0.032352899999978035	epochs	2.0
1918.3003185534058	0.016206600000032267	epochs	3.0
1918.3165251534058	0.016146299999945768	epochs	3.0
1918.3326714534057	0.032113700000081735	epochs	2.0
1918.3326714534057	0.016086600000107865	epochs	3.0
1918.3487580534058	0.01602709999997387	epochs	3.0
1918.3647851534058	0.03187800000000607	epochs	2.0
1918.3647851534058	0.0159681999998611	epochs	3.0
1918.3807533534057	0.01590980000014497	epochs	3.0
1918.3966631534058	0.03164569999989908	epochs	2.0
1918.3966631534058	0.015851599999905375	epochs	3.0
1918.4125147534057	0.015794099999993705	epochs	3.0
1918.4283088534057	0.03141670000013619	epochs	2.0
1918.4283088534057	0.01573669999993399	epochs	3.0
1918.4440455534057	0.0156800000002022	epochs	3.0
1918.4597255534059	0.03119109999988723	epochs	2.0
1918.4597255534059	0.015623599999798898	epochs	3.0
1918.4753491534057	0.01556750000008833	epochs	3.0
1918.4909166534057	0.030968699999903038	epochs	2.0
1918.4909166534057	0.015511999999944237	epochs	3.0
1918.5064286534057	0.0154566999999588	epochs	3.0
1918.5218853534057	0.030749500000183616	epochs	2.0
1918.5218853534057	0.01540200000022196	epochs	3.0
1918.5372873534059	0.015347499999961656	epochs	3.0
1918.5526348534058	0.03053320000003623	epochs	2.0
1918.5526348534058	0.015293400000018664	epochs	3.0
1918.5679282534059	0.015239800000017567	epochs	3.0
1918.5831680534059	0.030320099999926242	epochs	2.0
1918.5831680534059	0.015186499999799707	epochs	3.0
1918.5983545534057	0.015133600000126535	epochs	3.0
1918.6134881534058	0.03010990000007041	epochs	2.0
1918.6134881534058	0.015081000000009226	epochs	3.0
1918.6285691534058	0.015028900000061185	epochs	3.0
1918.6435980534059	0.029902499999934662	epochs	2.0
1918.6435980534059	0.014976999999817053	epochs	3.0
1918.6585750534057	0.014925500000117609	epochs	3.0
1918.6735005534058	0.029698099999905025	epochs	2.0
1918.6735005534058	0.014874400000053356	epochs	3.0
1918.6883749534059	0.01482369999985167	epochs	3.0
1918.7031986534057	0.029496300000118936	epochs	2.0
1918.7031986534057	0.014773200000036013	epochs	3.0
1918.7179718534057	0.014723100000082923	epochs	3.0
1918.7326949534058	0.029297399999904883	epochs	2.0
1918.7326949534058	0.014673399999992398	epochs	3.0
1918.7473683534058	0.014623999999912485	epochs	3.0
1918.7619923534057	0.029101099999934377	epochs	2.0
1918.7619923534057	0.014574900000070556	epochs	3.0
1918.7765672534058	0.01452619999986382	epochs	3.0
1918.7910934534057	0.028907400000207417	epochs	2.0
1918.7910934534057	0.014477700000043114	epochs	3.0
1918.8055711534057	0.014429700000164303	epochs	3.0
1918.8200008534059	0.028716199999962555	epochs	2.0
1918.8200008534059	0.014381799999910072	epochs	3.0
1918.8343826534058	0.014334400000052483	epochs	3.0
1918.8487170534058	0.02852759999996124	epochs	2.0
1918.8487170534058	0.014287199999898803	epochs	3.0
1918.8630042534057	0.014240400000062436	epochs	3.0
1918.8772446534058	0.028341400000044814	epochs	2.0
1918.8772446534058	0.014193799999929979	epochs	3.0
1918.8914384534057	0.014147600000114835	epochs	3.0
1918.9055860534058	0.02815769999983786	epochs	2.0
1918.9055860534058	0.014101699999855555	epochs	3.0
1918.9196877534057	0.014055999999982305	epochs	3.0
1918.9337437534057	0.027976300000091214	epochs	2.0
1918.9337437534057	0.014010600000119666	epochs	3.0
1918.9477543534058	0.013965699999971548	epochs	3.0
1918.9617200534058	0.027797199999895383	epochs	2.0
1918.9617200534058	0.013920800000050804	epochs	3.0
1918.9756408534058	0.01387639999984458	epochs	3.0
1918.9895172534057	0.02762040000015986	epochs	2.0
1918.9895172534057	0.013832200000024386	epochs	3.0
1919.0033494534057	0.013788200000135475	epochs	3.0
1919.0171376534058	0.027445899999975154	epochs	2.0
1919.0171376534058	0.013744599999881757	epochs	3.0
1919.0308822534057	0.013701300000093397	epochs	3.0
1919.0445835534058	0.027273499999864725	epochs	2.0
1919.0445835534058	0.013658200000008947	epochs	3.0
1919.0582417534058	0.013615299999855779	epochs	3.0
1919.0718570534057	0.027103399999987232	epochs	2.0
1919.0718570534057	0.013572800000019924	epochs	3.0
1919.0854298534057	0.013530599999967308	epochs	3.0
1919.0989604534057	0.02693520000002536	epochs	2.0
1919.0989604534057	0.013488400000142065	epochs	3.0
1919.1124488534058	0.013446799999883297	epochs	3.0
1919.1258956534057	0.026769199999989723	epochs	2.0
1919.1258956534057	0.013405200000079276	epochs	3.0
1919.1393008534058	0.013363999999910448	epochs	3.0
1919.1526648534057	0.02660520000017641	epochs	2.0
1919.1526648534057	0.013322900000048321	epochs	3.0
1919.1659877534057	0.013282300000128089	epochs	3.0
1919.1792700534058	0.0264431999999033	epochs	2.0
1919.1792700534058	0.013241699999980483	epochs	3.0
1919.1925117534058	0.013201499999922817	epochs	3.0
1919.2057132534057	0.026283200000079887	epochs	2.0
1919.2057132534057	0.013161500000023807	epochs	3.0
1919.2188747534058	0.01312170000005608	epochs	3.0
1919.2319964534058	0.026124999999865395	epochs	2.0
1919.2319964534058	0.013082100000019636	epochs	3.0
1919.2450785534058	0.013042899999845758	epochs	3.0
1919.2581214534057	0.02596890000017993	epochs	2.0
1919.2581214534057	0.01300390000005791	epochs	3.0
1919.2711253534058	0.012965000000122018	epochs	3.0
1919.2840903534059	0.02581449999979668	epochs	2.0
1919.2840903534059	0.012926399999969362	epochs	3.0
1919.2970167534058	0.012888099999827318	epochs	3.0
1919.3099048534057	0.02566190000015922	epochs	2.0
1919.3099048534057	0.012849899999991976	epochs	3.0
1919.3227547534057	0.012812000000167245	epochs	3.0
1919.3355667534058	0.025511199999982637	epochs	2.0
1919.3355667534058	0.012774399999898378	epochs	3.0
1919.3483411534057	0.012736800000084258	epochs	3.0
1919.3610779534058	0.02536229999986972	epochs	2.0
1919.3610779534058	0.01269969999998466	epochs	3.0
1919.3737776534058	0.01266259999988506	epochs	3.0
1919.3864402534057	0.02521500000011656	epochs	2.0
1919.3864402534057	0.012625800000023446	epochs	3.0
1919.3990660534057	0.012589200000093115	epochs	3.0
1919.4116552534058	0.024584799999956886	epochs	2.0
1919.4350212534057	0.5	epochs	-1.0
1919.4362400534058	0.5173600000000533	epochs	1.0
1919.9536000534058	0.4825599999999213	epochs	0.0
1968.6950001716614	0.042239999999992506	epochs	0.0
1968.6950001716614	0.016127200000028097	epochs	1.0
1968.7111273716614	0.009985599999936312	epochs	1.0
1968.7211129716613	0.016127200000028097	epochs	1.0
1968.7372401716614	2.0	epochs	0.0
1970.7372401716614	0.5176799999999275	epochs	0.0
1970.7372401716614	0.5176799999999275	epochs	1.0
1970.7373013716615	0.5	epochs	-1.0
1971.2373013716615	0.017618799999809198	epochs	-1.0
1971.2549201716613	21.482240000000047	epochs	0.0
1972.514000415802	0.042239999999992506	epochs	0.0
1972.514000415802	0.016127200000028097	epochs	1.0
1972.530127615802	0.009985599999936312	epochs	1.0
1972.540113215802	0.016127200000028097	epochs	1.0
1972.556240415802	2.0	epochs	0.0
1974.556240415802	0.5175200000001041	epochs	0.0
1974.556240415802	0.5175200000001041	epochs	1.0
1974.556301615802	0.5	epochs	-1.0
1975.056301615802	0.017458799999985786	epochs	-1.0
1975.073760415802	21.48239999999987	epochs	0.0
1976.398000240326	0.042239999999992506	epochs	0.0
1976.398000240326	0.016127200000028097	epochs	1.0
1976.414127440326	0.009985599999936312	epochs	1.0
1976.424113040326	0.016127200000028097	epochs	1.0
1976.440240240326	2.0	epochs	0.0
1978.440240240326	0.5175200000001041	epochs	0.0
1978.440240240326	0.5175200000001041	epochs	1.0
1978.440301440326	0.5	epochs	-1.0
1978.940301440326	0.017458799999985786	epochs	-1.0
1978.957760240326	21.48239999999987	epochs	0.0
1980.2870001792908	0.042239999999992506	epochs	0.0
1980.2870001792908	0.016127200000028097	epochs	1.0
1980.3031273792908	0.009985599999936312	epochs	1.0
1980.3131129792907	0.016127200000028097	epochs	1.0
1980.3292401792908	2.0	epochs	0.0
1982.3292401792908	0.5172000000000025	epochs	0.0
1982.3292401792908	0.5172000000000025	epochs	1.0
1982.3293013792909	0.5	epochs	-1.0
1982.8293013792909	0.017138799999884213	epochs	-1.0
1982.8464401792908	21.482719999999972	epochs	0.0
1984.1600003242493	0.042239999999992506	epochs	0.0
1984.1600003242493	0.016127200000028097	epochs	1.0
1984.1761275242493	0.009985599999936312	epochs	1.0
1984.1861131242492	0.016127200000028097	epochs	1.0
1984.2022403242493	2.0	epochs	0.0
1986.2022403242493	0.5176799999999275	epochs	0.0
1986.2022403242493	0.5176799999999275	epochs	1.0
1986.2023015242494	0.5	epochs	-1.0
1986.7023015242494	0.017618799999809198	epochs	-1.0
1986.7199203242492	21.482240000000047	epochs	0.0
1988.0170001983643	0.042239999999992506	epochs	0.0
1988.0170001983643	0.016127200000028097	epochs	1.0
1988.0331273983643	0.009985599999936312	epochs	1.0
1988.0431129983642	0.016127200000028097	epochs	1.0
1988.0592401983643	2.0	epochs	0.0
1990.0592401983643	0.5176799999999275	epochs	0.0
1990.0592401983643	0.5176799999999275	epochs	1.0
1990.0593013983644	0.5	epochs	-1.0
1990.5593013983644	0.017618799999809198	epochs	-1.0
1990.5769201983642	21.482240000000047	epochs	0.0
1991.9340000152588	0.042239999999992506	epochs	0.0
1991.9340000152588	0.016127200000028097	epochs	1.0
1991.9501272152588	0.009985599999936312	epochs	1.0
1991.9601128152588	0.016127200000028097	epochs	1.0
1991.9762400152588	2.0	epochs	0.0
1993.9762400152588	1.3371199999999135	epochs	0.0
1993.9762400152588	1.0	epochs	1.0
1993.976301215259	0.5	epochs	-1.0
1994.476301215259	0.8370587999997952	epochs	-1.0
1994.9762400152588	0.3371199999999135	epochs	-1.0
1994.9762400152588	0.3371199999999135	epochs	1.0
1994.9762400152588	0.3371199999999135	epochs	2.0
1994.9762400152588	0.3371199999999135	epochs	3.0
1995.3133600152587	20.66280000000006	epochs	0.0
1996.179000377655	0.042239999999992506	epochs	0.0
1996.179000377655	0.016127200000028097	epochs	1.0
1996.195127577655	0.009985599999936312	epochs	1.0
1996.205113177655	0.016127200000028097	epochs	1.0
1996.221240377655	2.0	epochs	0.0
1998.221240377655	0.5172000000000025	epochs	0.0
1998.221240377655	0.5172000000000025	epochs	1.0
1998.2213015776551	0.5	epochs	-1.0
1998.7213015776551	0.017138799999884213	epochs	-1.0
1998.738440377655	21.482719999999972	epochs	0.0
2000.0320000648499	0.042239999999992506	epochs	0.0
2000.0320000648499	0.016127200000028097	epochs	1.0
2000.0481272648499	0.009985599999936312	epochs	1.0
2000.0581128648498	0.016127200000028097	epochs	1.0
2000.0742400648498	2.0	epochs	0.0
2002.0742400648498	0.5176799999999275	epochs	0.0
2002.0742400648498	0.5176799999999275	epochs	1.0
2002.07430126485	0.5	epochs	-1.0
2002.57430126485	0.017618799999809198	epochs	-1.0
2002.5919200648498	21.482240000000047	epochs	0.0
2021.076000213623	0.042239999999992506	epochs	0.0
2021.076000213623	0.016127200000028097	epochs	1.0
2021.092127413623	0.009985599999936312	epochs	1.0
2021.102113013623	0.016127200000028097	epochs	1.0
2021.118240213623	2.0	epochs	0.0
2023.118240213623	0.5172800000000279	epochs	0.0
2023.118240213623	0.5172800000000279	epochs	1.0
2023.1183014136232	0.5	epochs	-1.0
2023.6183014136232	0.017218799999909606	epochs	-1.0
2023.635520213623	21.482639999999947	epochs	0.0
2024.9739999771118	0.042239999999992506	epochs	0.0
2024.9739999771118	0.016127200000028097	epochs	1.0
2024.9901271771118	0.009985599999936312	epochs	1.0
2025.0001127771118	0.016127200000028097	epochs	1.0
2025.0162399771118	2.0	epochs	0.0
2027.0162399771118	0.5174400000000787	epochs	0.0
2027.0162399771118	0.5174400000000787	epochs	1.0
2027.016301177112	0.5	epochs	-1.0
2027.516301177112	0.017378799999960393	epochs	-1.0
2027.533679977112	21.482479999999896	epochs	0.0
2028.8289999961853	0.042239999999992506	epochs	0.0
2028.8289999961853	0.016127200000028097	epochs	1.0
2028.8451271961853	0.009985599999936312	epochs	1.0
2028.8551127961853	0.016127200000028097	epochs	1.0
2028.8712399961853	2.0	epochs	0.0
2030.8712399961853	1.3171199999999317	epochs	0.0
2030.8712399961853	1.0	epochs	1.0
2030.8713011961854	0.5	epochs	-1.0
2031.3713011961854	0.8170587999998133	epochs	-1.0
2031.8712399961853	0.3171199999999317	epochs	-1.0
2031.8712399961853	0.3171199999999317	epochs	1.0
2031.8712399961853	0.3171199999999317	epochs	2.0
2031.8712399961853	0.3171199999999317	epochs	3.0
2032.1883599961852	20.682800000000043	epochs	0.0
2033.0890002250671	0.042239999999992506	epochs	0.0
2033.0890002250671	0.016127200000028097	epochs	1.0
2033.1051274250672	0.009985599999936312	epochs	1.0
2033.115113025067	0.016127200000028097	epochs	1.0
2033.1312402250671	2.0	epochs	0.0
2035.1312402250671	0.5172000000000025	epochs	0.0
2035.1312402250671	0.5172000000000025	epochs	1.0
2035.1313014250672	0.5	epochs	-1.0
2035.6313014250672	0.017138799999884213	epochs	-1.0
2035.6484402250671	21.482719999999972	epochs	0.0
2036.9420003890991	0.042239999999992506	epochs	0.0
2036.9420003890991	0.016127200000028097	epochs	1.0
2036.9581275890991	0.009985599999936312	epochs	1.0
2036.968113189099	0.016127200000028097	epochs	1.0
2036.984240389099	2.0	epochs	0.0
2038.984240389099	1.3777600000000803	epochs	0.0
2038.984240389099	1.0	epochs	1.0
2038.9843015890992	0.5	epochs	-1.0
2039.4843015890992	0.8776987999999619	epochs	-1.0
2039.984240389099	0.37776000000008025	epochs	-1.0
2039.984240389099	0.37776000000008025	epochs	1.0
2039.984240389099	0.37776000000008025	epochs	2.0
2039.984240389099	0.37776000000008025	epochs	3.0
2040.3620003890992	20.622159999999894	epochs	0.0
2041.2850003242493	0.042239999999992506	epochs	0.0
2041.2850003242493	0.016127200000028097	epochs	1.0
2041.3011275242493	0.009985599999936312	epochs	1.0
2041.3111131242492	0.016127200000028097	epochs	1.0
2041.3272403242493	2.0	epochs	0.0
2043.3272403242493	1.417120000000068	epochs	0.0
2043.3272403242493	1.0	epochs	1.0
2043.3273015242494	0.5	epochs	-1.0
2043.8273015242494	0.9170587999999498	epochs	-1.0
2044.3272403242493	0.4171200000000681	epochs	-1.0
2044.3272403242493	0.4171200000000681	epochs	1.0
2044.3272403242493	0.4171200000000681	epochs	2.0
2044.3272403242493	0.4171200000000681	epochs	3.0
2044.7443603242493	20.582799999999907	epochs	0.0
2045.6840000152588	0.042239999999992506	epochs	0.0
2045.6840000152588	0.016127200000028097	epochs	1.0
2045.7001272152588	0.009985599999936312	epochs	1.0
2045.7101128152588	0.016127200000028097	epochs	1.0
2045.7262400152588	2.0	epochs	0.0
2047.7262400152588	1.417520000000195	epochs	0.0
2047.7262400152588	1.0000000000002274	epochs	1.0
2047.726301215259	0.5	epochs	-1.0
2048.226301215259	0.9174588000000767	epochs	-1.0
2048.726240015259	0.4175199999999677	epochs	-1.0
2048.726240015259	0.4175199999999677	epochs	1.0
2048.726240015259	0.4175199999999677	epochs	2.0
2048.726240015259	0.4175199999999677	epochs	3.0
2049.143760015259	20.58239999999978	epochs	0.0
2050.098000049591	0.04224000000021988	epochs	0.0
2050.098000049591	0.016127200000028097	epochs	1.0
2050.114127249591	0.009985600000163686	epochs	1.0
2050.1241128495913	0.016127200000028097	epochs	1.0
2050.1402400495913	2.0	epochs	0.0
2052.1402400495913	1.4774399999996604	epochs	0.0
2052.1402400495913	1.0	epochs	1.0
2052.140301249591	0.5	epochs	-1.0
2052.640301249591	0.9773787999997694	epochs	-1.0
2053.1402400495913	0.47743999999966036	epochs	-1.0
2053.1402400495913	0.47743999999966036	epochs	1.0
2053.1402400495913	0.47743999999966036	epochs	2.0
2053.1402400495913	0.47743999999966036	epochs	3.0
2053.617680049591	20.522480000000087	epochs	0.0
2054.5820002555847	0.04224000000021988	epochs	0.0
2054.5820002555847	0.016127200000028097	epochs	1.0
2054.5981274555847	0.009985600000163686	epochs	1.0
2054.608113055585	0.016127200000028097	epochs	1.0
2054.624240255585	2.0	epochs	0.0
2056.624240255585	1.5177599999997256	epochs	0.0
2056.624240255585	1.0	epochs	1.0
2056.624301455585	0.5	epochs	-1.0
2057.124301455585	1.0176987999998346	epochs	-1.0
2057.624240255585	0.5177599999997256	epochs	-1.0
2057.624240255585	0.5177599999997256	epochs	1.0
2057.624240255585	0.5177599999997256	epochs	2.0
2057.624240255585	0.5177599999997256	epochs	3.0
2058.1420002555847	20.48216000000002	epochs	0.0
2069.8410000801086	0.04224000000021988	epochs	0.0
2069.8410000801086	0.016127200000028097	epochs	1.0
2069.8571272801087	0.009985600000163686	epochs	1.0
2069.867112880109	0.016127200000028097	epochs	1.0
2069.883240080109	2.0	epochs	0.0
2071.883240080109	0.5175199999998767	epochs	0.0
2071.883240080109	0.5175199999998767	epochs	1.0
2071.8833012801088	0.5	epochs	-1.0
2072.3833012801088	0.017458799999985786	epochs	-1.0
2072.4007600801087	21.48239999999987	epochs	0.0
2073.7270002365112	0.04224000000021988	epochs	0.0
2073.7270002365112	0.016127200000028097	epochs	1.0
2073.7431274365113	0.009985600000163686	epochs	1.0
2073.7531130365114	0.016127200000028097	epochs	1.0
2073.7692402365115	2.0	epochs	0.0
2075.7692402365115	0.5175199999998767	epochs	0.0
2075.7692402365115	0.5175199999998767	epochs	1.0
2075.7693014365113	0.5	epochs	-1.0
2076.2693014365113	0.017458799999985786	epochs	-1.0
2076.2867602365113	21.48239999999987	epochs	0.0
2077.6590003967285	0.04224000000021988	epochs	0.0
2077.6590003967285	0.016127200000028097	epochs	1.0
2077.6751275967285	0.009985600000163686	epochs	1.0
2077.6851131967287	0.016127200000028097	epochs	1.0
2077.7012403967287	2.0	epochs	0.0
2079.7012403967287	0.5170399999997244	epochs	0.0
2079.7012403967287	0.5170399999997244	epochs	1.0
2079.7013015967286	0.5	epochs	-1.0
2080.2013015967286	0.016978799999833427	epochs	-1.0
2080.2182803967285	21.482880000000023	epochs	0.0
2081.554000377655	0.04224000000021988	epochs	0.0
2081.554000377655	0.016127200000028097	epochs	1.0
2081.570127577655	0.009985600000163686	epochs	1.0
2081.580113177655	0.016127200000028097	epochs	1.0
2081.5962403776552	2.0	epochs	0.0
2083.5962403776552	0.5172799999995732	epochs	0.0
2083.5962403776552	0.5172799999995732	epochs	1.0
2083.596301577655	0.5	epochs	-1.0
2084.096301577655	0.017218799999682233	epochs	-1.0
2084.113520377655	21.482640000000174	epochs	0.0
2085.447000026703	0.04224000000021988	epochs	0.0
2085.447000026703	0.016127200000028097	epochs	1.0
2085.463127226703	0.009985600000163686	epochs	1.0
2085.473112826703	0.016127200000028097	epochs	1.0
2085.489240026703	2.0	epochs	0.0
2087.489240026703	0.5176799999999275	epochs	0.0
2087.489240026703	0.5176799999999275	epochs	1.0
2087.489301226703	0.5	epochs	-1.0
2087.989301226703	0.017618800000036572	epochs	-1.0
2088.006920026703	21.48223999999982	epochs	0.0
2089.2850003242493	0.04224000000021988	epochs	0.0
2089.2850003242493	0.016127200000028097	epochs	1.0
2089.3011275242493	0.009985600000163686	epochs	1.0
2089.3111131242495	0.016127200000028097	epochs	1.0
2089.3272403242495	2.0	epochs	0.0
2091.3272403242495	0.5178399999999783	epochs	0.0
2091.3272403242495	0.5178399999999783	epochs	1.0
2091.3273015242494	0.5	epochs	-1.0
2091.8273015242494	0.017778800000087358	epochs	-1.0
2091.8450803242495	21.48207999999977	epochs	0.0
2093.0960001945496	0.04224000000021988	epochs	0.0
2093.0960001945496	0.016127200000028097	epochs	1.0
2093.1121273945496	0.009985600000163686	epochs	1.0
2093.1221129945498	0.016127200000028097	epochs	1.0
2093.13824019455	2.0	epochs	0.0
2095.13824019455	0.5179199999997763	epochs	0.0
2095.13824019455	0.5179199999997763	epochs	1.0
2095.1383013945497	0.5	epochs	-1.0
2095.6383013945497	0.017858799999885377	epochs	-1.0
2095.6561601945496	21.48199999999997	epochs	0.0
2097.0420002937317	0.04224000000021988	epochs	0.0
2097.0420002937317	0.016127200000028097	epochs	1.0
2097.0581274937317	0.009985600000163686	epochs	1.0
2097.068113093732	0.016127200000028097	epochs	1.0
2097.084240293732	2.0	epochs	0.0
2099.084240293732	0.5180799999998271	epochs	0.0
2099.084240293732	0.5180799999998271	epochs	1.0
2099.084301493732	0.5	epochs	-1.0
2099.584301493732	0.018018799999936164	epochs	-1.0
2099.6023202937317	21.48183999999992	epochs	0.0
2100.9310002326965	0.04224000000021988	epochs	0.0
2100.9310002326965	0.016127200000028097	epochs	1.0
2100.9471274326966	0.009985600000163686	epochs	1.0
2100.9571130326967	0.016127200000028097	epochs	1.0
2100.9732402326968	2.0	epochs	0.0
2102.9732402326968	0.5170399999997244	epochs	0.0
2102.9732402326968	0.5170399999997244	epochs	1.0
2102.9733014326966	0.5	epochs	-1.0
2103.4733014326966	0.016978799999833427	epochs	-1.0
2103.4902802326965	21.482880000000023	epochs	0.0
2124.8949999809265	0.04224000000021988	epochs	0.0
2124.8949999809265	0.016127200000028097	epochs	1.0
2124.9111271809265	0.009985600000163686	epochs	1.0
2124.9211127809267	0.016127200000028097	epochs	1.0
2124.9372399809267	0.22991999999976542	epochs	0.0
2124.9372399809267	0.04999999999972715	epochs	1.0
2124.9872399809265	0.010000000000218279	epochs	1.0
2124.9972399809267	0.04999999999972715	epochs	1.0
2125.0472399809264	0.010000000000218279	epochs	1.0
2125.0572399809266	0.04999999999972715	epochs	1.0
2125.1072399809264	0.010000000000218279	epochs	1.0
2125.1172399809266	0.04991999999992913	epochs	1.0
2140.187000274658	0.04224000000021988	epochs	0.0
2140.187000274658	0.016127200000028097	epochs	1.0
2140.2031274746582	0.009985600000163686	epochs	1.0
2140.2131130746584	0.016127200000028097	epochs	1.0
2140.2292402746584	0.22991999999976542	epochs	0.0
2140.2292402746584	0.04999999999972715	epochs	1.0
2140.279240274658	0.010000000000218279	epochs	1.0
2140.2892402746584	0.04999999999972715	epochs	1.0
2140.339240274658	0.010000000000218279	epochs	1.0
2140.3492402746583	0.04999999999972715	epochs	1.0
2140.399240274658	0.010000000000218279	epochs	1.0
2140.4092402746583	0.04991999999992913	epochs	1.0
