onset	duration	nwb_table	treelevel
7.9579997062683105	0.09999999999999964	epochs	0.0
7.9579997062683105	0.04499999999999993	epochs	1.0
8.00299970626831	0.009999999999999787	epochs	1.0
8.01299970626831	0.04499999999999993	epochs	1.0
8.05799970626831	0.5398449999999997	epochs	0.0
8.05799970626831	0.5	epochs	-1.0
8.05799970626831	0.5	epochs	-1.0
8.05799970626831	0.5	epochs	1.0
8.55799970626831	0.039844999999999686	epochs	-1.0
8.55799970626831	0.025000000000000355	epochs	-1.0
8.55799970626831	0.025000000000000355	epochs	1.0
8.58299970626831	0.009999999999999787	epochs	-1.0
8.58299970626831	0.009999999999999787	epochs	1.0
8.59299970626831	0.004844999999999544	epochs	-1.0
8.59299970626831	0.004844999999999544	epochs	1.0
8.59784470626831	0.16515000000000057	epochs	0.0
8.777999877929688	0.09999999999999964	epochs	0.0
8.777999877929688	0.04499999999999993	epochs	1.0
8.822999877929687	0.009999999999999787	epochs	1.0
8.832999877929687	0.04499999999999993	epochs	1.0
8.877999877929687	0.5002750000000002	epochs	0.0
8.877999877929687	0.5	epochs	-1.0
8.877999877929687	0.5	epochs	-1.0
8.877999877929687	0.5	epochs	1.0
9.377999877929687	0.00027500000000024727	epochs	-1.0
9.377999877929687	0.00027500000000024727	epochs	-1.0
9.377999877929687	0.00027500000000024727	epochs	1.0
9.378274877929687	0.20472	epochs	0.0
9.548999786376953	0.09999999999999964	epochs	0.0
9.548999786376953	0.04499999999999993	epochs	1.0
9.593999786376953	0.009999999999999787	epochs	1.0
9.603999786376953	0.04499999999999993	epochs	1.0
9.648999786376953	0.7049950000000003	epochs	0.0
9.648999786376953	0.5	epochs	-1.0
9.648999786376953	0.5	epochs	-1.0
9.648999786376953	0.5	epochs	1.0
10.148999786376953	0.0600000000000005	epochs	-1.0
10.148999786376953	0.025000000000000355	epochs	-1.0
10.148999786376953	0.025000000000000355	epochs	1.0
10.173999786376953	0.009999999999999787	epochs	-1.0
10.173999786376953	0.009999999999999787	epochs	1.0
10.183999786376953	0.025000000000000355	epochs	-1.0
10.183999786376953	0.025000000000000355	epochs	1.0
10.208999786376953	0.0600000000000005	epochs	-1.0
10.208999786376953	0.025000000000000355	epochs	-1.0
10.208999786376953	0.025000000000000355	epochs	1.0
10.233999786376954	0.009999999999999787	epochs	-1.0
10.233999786376954	0.009999999999999787	epochs	1.0
10.243999786376953	0.025000000000000355	epochs	-1.0
10.243999786376953	0.025000000000000355	epochs	1.0
10.268999786376954	0.05999999999999872	epochs	-1.0
10.268999786376954	0.02499999999999858	epochs	-1.0
10.268999786376954	0.02499999999999858	epochs	1.0
10.293999786376952	0.010000000000001563	epochs	-1.0
10.293999786376952	0.010000000000001563	epochs	1.0
10.303999786376954	0.02499999999999858	epochs	-1.0
10.303999786376954	0.02499999999999858	epochs	1.0
10.328999786376952	0.024995000000000545	epochs	1.0
627.3249998092651	0.10000000000002274	epochs	0.0
627.3249998092651	0.04499999999995907	epochs	1.0
627.3699998092651	0.009999999999990905	epochs	1.0
627.3799998092651	0.04500000000007276	epochs	1.0
627.4249998092652	0.7049949999999399	epochs	0.0
627.4249998092652	0.5	epochs	-1.0
627.4249998092652	0.5	epochs	1.0
627.9249998092652	0.05999999999994543	epochs	-1.0
627.9249998092652	0.024999999999977263	epochs	-1.0
627.9249998092652	0.024999999999977263	epochs	1.0
627.9499998092651	0.009999999999990905	epochs	-1.0
627.9499998092651	0.009999999999990905	epochs	1.0
627.9599998092651	0.024999999999977263	epochs	-1.0
627.9599998092651	0.024999999999977263	epochs	1.0
627.9849998092651	0.06000000000005912	epochs	-1.0
627.9849998092651	0.024999999999977263	epochs	-1.0
627.9849998092651	0.024999999999977263	epochs	1.0
628.0099998092651	0.010000000000104592	epochs	-1.0
628.0099998092651	0.010000000000104592	epochs	1.0
628.0199998092652	0.024999999999977263	epochs	-1.0
628.0199998092652	0.024999999999977263	epochs	1.0
628.0449998092652	0.05999999999994543	epochs	-1.0
628.0449998092652	0.024999999999977263	epochs	-1.0
628.0449998092652	0.024999999999977263	epochs	1.0
628.0699998092651	0.009999999999990905	epochs	-1.0
628.0699998092651	0.009999999999990905	epochs	1.0
628.0799998092651	0.024999999999977263	epochs	-1.0
628.0799998092651	0.024999999999977263	epochs	1.0
628.1049998092651	0.024994999999989886	epochs	1.0
701.4919996261597	0.10000000000002274	epochs	0.0
701.4919996261597	0.04499999999995907	epochs	1.0
701.5369996261596	0.009999999999990905	epochs	1.0
701.5469996261596	0.04500000000007276	epochs	1.0
701.5919996261597	61.384995	epochs	0.0
701.5919996261597	0.5	epochs	-1.0
701.5919996261597	0.5	epochs	-1.0
701.5919996261597	0.5	epochs	1.0
702.0919996261597	0.05999999999994543	epochs	-1.0
702.0919996261597	0.024999999999977263	epochs	-1.0
702.0919996261597	0.024999999999977263	epochs	1.0
702.1169996261597	0.009999999999990905	epochs	-1.0
702.1169996261597	0.009999999999990905	epochs	1.0
702.1269996261597	0.024999999999977263	epochs	-1.0
702.1269996261597	0.024999999999977263	epochs	1.0
702.1519996261596	0.06000000000005912	epochs	-1.0
702.1519996261596	0.024999999999977263	epochs	-1.0
702.1519996261596	0.024999999999977263	epochs	1.0
702.1769996261596	0.010000000000104592	epochs	-1.0
702.1769996261596	0.010000000000104592	epochs	1.0
702.1869996261597	0.024999999999977263	epochs	-1.0
702.1869996261597	0.024999999999977263	epochs	1.0
702.2119996261597	0.05999999999994543	epochs	-1.0
702.2119996261597	0.024999999999977263	epochs	-1.0
702.2119996261597	0.024999999999977263	epochs	1.0
702.2369996261597	0.009999999999990905	epochs	-1.0
702.2369996261597	0.009999999999990905	epochs	1.0
702.2469996261597	0.024999999999977263	epochs	-1.0
702.2469996261597	0.024999999999977263	epochs	1.0
702.2719996261596	60.0	epochs	1.0
762.2719996261596	0.5	epochs	-1.0
762.2719996261596	0.5	epochs	-1.0
762.2719996261596	0.5	epochs	1.0
762.7719996261596	0.06000000000005912	epochs	-1.0
762.7719996261596	0.024999999999977263	epochs	-1.0
762.7719996261596	0.024999999999977263	epochs	1.0
762.7969996261596	0.010000000000104592	epochs	-1.0
762.7969996261596	0.010000000000104592	epochs	1.0
762.8069996261597	0.024999999999977263	epochs	-1.0
762.8069996261597	0.024999999999977263	epochs	1.0
762.8319996261597	0.05999999999994543	epochs	-1.0
762.8319996261597	0.024999999999977263	epochs	-1.0
762.8319996261597	0.024999999999977263	epochs	1.0
762.8569996261597	0.009999999999990905	epochs	-1.0
762.8569996261597	0.009999999999990905	epochs	1.0
762.8669996261597	0.024999999999977263	epochs	-1.0
762.8669996261597	0.024999999999977263	epochs	1.0
762.8919996261596	0.06000000000005912	epochs	-1.0
762.8919996261596	0.024999999999977263	epochs	-1.0
762.8919996261596	0.024999999999977263	epochs	1.0
762.9169996261596	0.009999999999990905	epochs	-1.0
762.9169996261596	0.009999999999990905	epochs	1.0
762.9269996261596	0.02500000000009095	epochs	-1.0
762.9269996261596	0.02500000000009095	epochs	1.0
762.9519996261597	0.024994999999989886	epochs	1.0
1170.4179997444153	0.01999999999998181	epochs	0.0
1170.4179997444153	0.005000000000109139	epochs	1.0
1170.4229997444154	0.009999999999990905	epochs	1.0
1170.4329997444154	0.004999999999881766	epochs	1.0
1170.4379997444153	0.7049950000000536	epochs	0.0
1170.4379997444153	0.5	epochs	-1.0
1170.4379997444153	0.5	epochs	-1.0
1170.4379997444153	0.5	epochs	1.0
1170.9379997444153	0.05999999999994543	epochs	-1.0
1170.9379997444153	0.02500000000009095	epochs	-1.0
1170.9379997444153	0.02500000000009095	epochs	1.0
1170.9629997444154	0.009999999999990905	epochs	-1.0
1170.9629997444154	0.009999999999990905	epochs	1.0
1170.9729997444153	0.024999999999863576	epochs	-1.0
1170.9729997444153	0.024999999999863576	epochs	1.0
1170.9979997444152	0.060000000000172804	epochs	-1.0
1170.9979997444152	0.02500000000009095	epochs	-1.0
1170.9979997444152	0.02500000000009095	epochs	1.0
1171.0229997444153	0.009999999999990905	epochs	-1.0
1171.0229997444153	0.009999999999990905	epochs	1.0
1171.0329997444153	0.02500000000009095	epochs	-1.0
1171.0329997444153	0.02500000000009095	epochs	1.0
1171.0579997444154	0.05999999999994543	epochs	-1.0
1171.0579997444154	0.024999999999863576	epochs	-1.0
1171.0579997444154	0.024999999999863576	epochs	1.0
1171.0829997444152	0.009999999999990905	epochs	-1.0
1171.0829997444152	0.009999999999990905	epochs	1.0
1171.0929997444152	0.02500000000009095	epochs	-1.0
1171.0929997444152	0.02500000000009095	epochs	1.0
1171.1179997444153	0.024994999999989886	epochs	1.0
1202.1240000724792	0.13226000000008753	epochs	0.0
1202.1240000724792	0.061130600000069535	epochs	1.0
1202.1851306724793	0.00999879999994846	epochs	1.0
1202.1951294724793	0.061130600000069535	epochs	1.0
1202.2562600724793	5.999979999999823	epochs	0.0
1202.2562600724793	0.5	epochs	1.0
1202.2562751724793	0.5	epochs	-1.0
1202.2562751724793	0.5	epochs	-1.0
1202.7562600724793	5.0	epochs	1.0
1207.7562600724793	0.4999799999998231	epochs	1.0
1207.7562751724793	0.49996489999989535	epochs	-1.0
1210.9979996681213	0.13226000000008753	epochs	0.0
1210.9979996681213	0.061130600000069535	epochs	1.0
1211.0591302681214	0.00999879999994846	epochs	1.0
1211.0691290681214	0.061130600000069535	epochs	1.0
1211.1302596681214	3.499979999999823	epochs	0.0
1211.1302596681214	0.5	epochs	1.0
1211.1302747681214	0.5	epochs	-1.0
1211.6302596681214	1.0	epochs	1.0
1212.6302596681214	1.9999799999998231	epochs	1.0
1213.1302747681214	0.5	epochs	-1.0
1213.6302747681214	0.5	epochs	-1.0
1215.003999710083	0.13226000000008753	epochs	0.0
1215.003999710083	0.061130600000069535	epochs	1.0
1215.065130310083	0.00999879999994846	epochs	1.0
1215.075129110083	0.061130600000069535	epochs	1.0
1215.136259710083	0.5079399999999623	epochs	0.0
1215.136259710083	0.5	epochs	1.0
1215.136274810083	0.5	epochs	-1.0
1215.636259710083	0.00793999999996231	epochs	1.0
1215.644199710083	2.992039999999861	epochs	0.0
1228.2170000076294	0.13226000000008753	epochs	0.0
1228.2170000076294	0.061130600000069535	epochs	1.0
1228.2781306076295	0.00999879999994846	epochs	1.0
1228.2881294076294	0.061130600000069535	epochs	1.0
1228.3492600076295	3.499979999999823	epochs	0.0
1228.3492600076295	0.5	epochs	1.0
1228.3492751076294	0.5	epochs	-1.0
1228.8492600076295	1.0	epochs	1.0
1229.8492600076295	1.9999799999998231	epochs	1.0
1230.3492751076294	0.5	epochs	-1.0
1230.8492751076294	0.5	epochs	-1.0
1232.2519998550415	0.13226000000008753	epochs	0.0
1232.2519998550415	0.061130600000069535	epochs	1.0
1232.3131304550416	0.00999879999994846	epochs	1.0
1232.3231292550415	0.061130600000069535	epochs	1.0
1232.3842598550416	0.5082199999999375	epochs	0.0
1232.3842598550416	0.5	epochs	1.0
1232.3842749550415	0.5	epochs	-1.0
1232.8842598550416	0.0082199999999375	epochs	1.0
1232.8924798550415	2.9917599999998856	epochs	0.0
1245.4709997177124	0.13226000000008753	epochs	0.0
1245.4709997177124	0.061130600000069535	epochs	1.0
1245.5321303177125	0.00999879999994846	epochs	1.0
1245.5421291177124	0.061130600000069535	epochs	1.0
1245.6032597177125	2.527939999999944	epochs	0.0
1245.6032597177125	0.5	epochs	1.0
1245.6032748177124	0.5	epochs	-1.0
1246.1032597177125	1.0	epochs	1.0
1247.1032597177125	1.0279399999999441	epochs	1.0
1247.6032748177124	0.5	epochs	-1.0
1248.1311997177124	0.972039999999879	epochs	0.0
1248.4959998130798	0.13226000000008753	epochs	0.0
1248.4959998130798	0.061130600000069535	epochs	1.0
1248.55713041308	0.00999879999994846	epochs	1.0
1248.5671292130799	0.061130600000069535	epochs	1.0
1248.62825981308	2.527280000000019	epochs	0.0
1248.62825981308	0.5	epochs	1.0
1248.6282749130798	0.5	epochs	-1.0
1249.12825981308	1.0	epochs	1.0
1250.12825981308	1.0272800000000188	epochs	1.0
1250.6282749130798	0.5	epochs	-1.0
1251.15553981308	0.9726999999998043	epochs	0.0
1251.5109996795654	0.13226000000008753	epochs	0.0
1251.5109996795654	0.061130600000069535	epochs	1.0
1251.5721302795655	0.00999879999994846	epochs	1.0
1251.5821290795654	0.061130600000069535	epochs	1.0
1251.6432596795655	3.499979999999823	epochs	0.0
1251.6432596795655	0.5	epochs	1.0
1251.6432747795654	0.5	epochs	-1.0
1252.1432596795655	1.0	epochs	1.0
1253.1432596795655	1.9999799999998231	epochs	1.0
1253.6432747795654	0.5	epochs	-1.0
1254.1432747795654	0.5	epochs	-1.0
1255.5819997787476	0.13226000000008753	epochs	0.0
1255.5819997787476	0.061130600000069535	epochs	1.0
1255.6431303787476	0.00999879999994846	epochs	1.0
1255.6531291787476	0.061130600000069535	epochs	1.0
1255.7142597787476	0.5078399999999874	epochs	0.0
1255.7142597787476	0.5	epochs	1.0
1255.7142748787476	0.5	epochs	-1.0
1256.2142597787476	0.007839999999987413	epochs	1.0
1256.2220997787476	2.9921399999998357	epochs	0.0
1268.8229999542236	0.13226000000008753	epochs	0.0
1268.8229999542236	0.061130600000069535	epochs	1.0
1268.8841305542237	0.00999879999994846	epochs	1.0
1268.8941293542237	0.061130600000069535	epochs	1.0
1268.9552599542237	2.507920000000013	epochs	0.0
1268.9552599542237	0.5	epochs	1.0
1268.9552750542236	0.5	epochs	-1.0
1269.4552599542237	1.0	epochs	1.0
1270.4552599542237	1.0079200000000128	epochs	1.0
1270.9552750542236	0.5	epochs	-1.0
1271.4631799542237	0.9920599999998103	epochs	0.0
1271.8559999465942	0.13226000000008753	epochs	0.0
1271.8559999465942	0.061130600000069535	epochs	1.0
1271.9171305465943	0.00999879999994846	epochs	1.0
1271.9271293465943	0.061130600000069535	epochs	1.0
1271.9882599465943	2.5278799999998682	epochs	0.0
1271.9882599465943	0.5	epochs	1.0
1271.9882750465943	0.5	epochs	-1.0
1272.4882599465943	1.0	epochs	1.0
1273.4882599465943	1.0278799999998682	epochs	1.0
1273.9882750465943	0.5	epochs	-1.0
1274.5161399465942	0.9720999999999549	epochs	0.0
1274.920000076294	0.13226000000008753	epochs	0.0
1274.920000076294	0.061130600000069535	epochs	1.0
1274.981130676294	0.00999879999994846	epochs	1.0
1274.991129476294	0.061130600000069535	epochs	1.0
1275.052260076294	2.527319999999918	epochs	0.0
1275.052260076294	0.5	epochs	1.0
1275.052275176294	0.5	epochs	-1.0
1275.552260076294	1.0	epochs	1.0
1276.552260076294	1.0273199999999179	epochs	1.0
1277.052275176294	0.5	epochs	-1.0
1277.579580076294	0.9726599999999053	epochs	0.0
1278.1510000228882	0.6499799999999141	epochs	0.0
1278.1510000228882	0.049999999999954525	epochs	1.0
1278.2010000228881	0.5	epochs	1.0
1278.7010000228881	0.09997999999995955	epochs	1.0
1279.3229999542236	0.6499799999999141	epochs	0.0
1279.3229999542236	0.049999999999954525	epochs	1.0
1279.3729999542236	0.5	epochs	1.0
1279.8729999542236	0.09997999999995955	epochs	1.0
1280.4429998397827	0.6499799999999141	epochs	0.0
1280.4429998397827	0.049999999999954525	epochs	1.0
1280.4929998397827	0.5	epochs	1.0
1280.9929998397827	0.09997999999995955	epochs	1.0
1281.5260000228882	0.6499799999999141	epochs	0.0
1281.5260000228882	0.049999999999954525	epochs	1.0
1281.5760000228881	0.5	epochs	1.0
1282.0760000228881	0.09997999999995955	epochs	1.0
1282.633999824524	0.6499799999999141	epochs	0.0
1282.633999824524	0.049999999999954525	epochs	1.0
1282.6839998245239	0.5	epochs	1.0
1283.1839998245239	0.09997999999995955	epochs	1.0
1283.7389998435974	0.6499799999999141	epochs	0.0
1283.7389998435974	0.049999999999954525	epochs	1.0
1283.7889998435974	0.5	epochs	1.0
1284.2889998435974	0.09997999999995955	epochs	1.0
1284.8719997406006	0.6499799999999141	epochs	0.0
1284.8719997406006	0.049999999999954525	epochs	1.0
1284.9219997406005	0.5	epochs	1.0
1285.4219997406005	0.09997999999995955	epochs	1.0
1286.0149998664856	0.6499799999999141	epochs	0.0
1286.0149998664856	0.049999999999954525	epochs	1.0
1286.0649998664856	0.5	epochs	1.0
1286.5649998664856	0.09997999999995955	epochs	1.0
1287.1629996299744	0.6499799999999141	epochs	0.0
1287.1629996299744	0.049999999999954525	epochs	1.0
1287.2129996299743	0.5	epochs	1.0
1287.7129996299743	0.09997999999995955	epochs	1.0
1288.4219999313354	0.6499799999999141	epochs	0.0
1288.4219999313354	0.049999999999954525	epochs	1.0
1288.4719999313354	0.5	epochs	1.0
1288.9719999313354	0.09997999999995955	epochs	1.0
1289.6759996414185	0.13226000000008753	epochs	0.0
1289.6759996414185	0.061130600000069535	epochs	1.0
1289.7371302414185	0.00999879999994846	epochs	1.0
1289.7471290414185	0.061130600000069535	epochs	1.0
1289.8082596414185	0.5080199999999877	epochs	0.0
1289.8082596414185	0.5	epochs	1.0
1289.8082747414185	0.5	epochs	-1.0
1290.3082596414185	0.008019999999987704	epochs	1.0
1290.3162796414185	4.991959999999835	epochs	0.0
1309.8579998016357	0.13226000000008753	epochs	0.0
1309.8579998016357	0.061130600000069535	epochs	1.0
1309.9191304016358	0.00999879999994846	epochs	1.0
1309.9291292016358	0.061130600000069535	epochs	1.0
1309.9902598016358	2.5274399999998423	epochs	0.0
1309.9902598016358	0.5	epochs	1.0
1309.9902749016358	0.5	epochs	-1.0
1310.4902598016358	1.0	epochs	1.0
1311.4902598016358	1.0274399999998423	epochs	1.0
1311.9902749016358	0.5	epochs	-1.0
1312.5176998016357	2.972539999999981	epochs	0.0
1315.0869998931885	0.13226000000008753	epochs	0.0
1315.0869998931885	0.061130600000069535	epochs	1.0
1315.1481304931885	0.00999879999994846	epochs	1.0
1315.1581292931885	0.061130600000069535	epochs	1.0
1315.2192598931886	0.5073999999999614	epochs	0.0
1315.2192598931886	0.5	epochs	1.0
1315.2192749931885	0.5	epochs	-1.0
1315.7192598931886	0.007399999999961437	epochs	1.0
1315.7266598931885	4.992579999999862	epochs	0.0
1320.2620000839233	0.13226000000008753	epochs	0.0
1320.2620000839233	0.061130600000069535	epochs	1.0
1320.3231306839234	0.00999879999994846	epochs	1.0
1320.3331294839234	0.061130600000069535	epochs	1.0
1320.3942600839234	2.5275199999998677	epochs	0.0
1320.3942600839234	0.5	epochs	1.0
1320.3942751839234	0.5	epochs	-1.0
1320.8942600839234	1.0	epochs	1.0
1321.8942600839234	1.0275199999998677	epochs	1.0
1322.3942751839234	0.5	epochs	-1.0
1322.9217800839233	2.9724599999999555	epochs	0.0
1325.5710000991821	0.13226000000008753	epochs	0.0
1325.5710000991821	0.061130600000069535	epochs	1.0
1325.6321306991822	0.00999879999994846	epochs	1.0
1325.6421294991821	0.061130600000069535	epochs	1.0
1325.7032600991822	2.5279199999999946	epochs	0.0
1325.7032600991822	0.5	epochs	1.0
1325.7032751991821	0.5	epochs	-1.0
1326.2032600991822	1.0	epochs	1.0
1327.2032600991822	1.0279199999999946	epochs	1.0
1327.7032751991821	0.5	epochs	-1.0
1328.2311800991822	2.9720599999998285	epochs	0.0
1330.7439999580383	0.13226000000008753	epochs	0.0
1330.7439999580383	0.061130600000069535	epochs	1.0
1330.8051305580384	0.00999879999994846	epochs	1.0
1330.8151293580383	0.061130600000069535	epochs	1.0
1330.8762599580384	2.528039999999919	epochs	0.0
1330.8762599580384	0.5	epochs	1.0
1330.8762750580383	0.5	epochs	-1.0
1331.3762599580384	1.0	epochs	1.0
1332.3762599580384	1.028039999999919	epochs	1.0
1332.8762750580383	0.5	epochs	-1.0
1333.4042999580383	2.971939999999904	epochs	0.0
1335.909999847412	0.13226000000008753	epochs	0.0
1335.909999847412	0.061130600000069535	epochs	1.0
1335.9711304474122	0.00999879999994846	epochs	1.0
1335.9811292474121	0.061130600000069535	epochs	1.0
1336.0422598474122	0.5081000000000131	epochs	0.0
1336.0422598474122	0.5	epochs	1.0
1336.0422749474121	0.5	epochs	-1.0
1336.5422598474122	0.008100000000013097	epochs	1.0
1336.5503598474122	5.99187999999981	epochs	0.0
1352.186999797821	0.13226000000008753	epochs	0.0
1352.186999797821	0.061130600000069535	epochs	1.0
1352.2481303978211	0.00999879999994846	epochs	1.0
1352.258129197821	0.061130600000069535	epochs	1.0
1352.3192597978211	2.527539999999817	epochs	0.0
1352.3192597978211	0.5	epochs	1.0
1352.319274897821	0.5	epochs	-1.0
1352.8192597978211	1.0	epochs	1.0
1353.8192597978211	1.0275399999998172	epochs	1.0
1354.319274897821	0.5	epochs	-1.0
1354.846799797821	3.972440000000006	epochs	0.0
1355.4270000457764	0.13226000000008753	epochs	0.0
1355.4270000457764	0.061130600000069535	epochs	1.0
1355.4881306457764	0.00999879999994846	epochs	1.0
1355.4981294457764	0.061130600000069535	epochs	1.0
1355.5592600457765	0.5077199999998356	epochs	0.0
1355.5592600457765	0.5	epochs	1.0
1355.5592751457764	0.5	epochs	-1.0
1356.0592600457765	0.007719999999835636	epochs	1.0
1356.0669800457763	5.9922599999999875	epochs	0.0
1356.6240000724792	0.13226000000008753	epochs	0.0
1356.6240000724792	0.061130600000069535	epochs	1.0
1356.6851306724793	0.00999879999994846	epochs	1.0
1356.6951294724793	0.061130600000069535	epochs	1.0
1356.7562600724793	2.527460000000019	epochs	0.0
1356.7562600724793	0.5	epochs	1.0
1356.7562751724793	0.5	epochs	-1.0
1357.2562600724793	1.0	epochs	1.0
1358.2562600724793	1.0274600000000191	epochs	1.0
1358.7562751724793	0.5	epochs	-1.0
1359.2837200724794	3.972519999999804	epochs	0.0
1359.8540000915527	0.13226000000008753	epochs	0.0
1359.8540000915527	0.061130600000069535	epochs	1.0
1359.9151306915528	0.00999879999994846	epochs	1.0
1359.9251294915528	0.061130600000069535	epochs	1.0
1359.9862600915528	2.5273399999998674	epochs	0.0
1359.9862600915528	0.5	epochs	1.0
1359.9862751915527	0.5	epochs	-1.0
1360.4862600915528	1.0	epochs	1.0
1361.4862600915528	1.0273399999998674	epochs	1.0
1361.9862751915527	0.5	epochs	-1.0
1362.5136000915527	3.9726399999999558	epochs	0.0
1363.115999698639	0.13226000000008753	epochs	0.0
1363.115999698639	0.061130600000069535	epochs	1.0
1363.177130298639	0.00999879999994846	epochs	1.0
1363.187129098639	0.061130600000069535	epochs	1.0
1363.248259698639	0.5075999999999112	epochs	0.0
1363.248259698639	0.5	epochs	1.0
1363.248274798639	0.5	epochs	-1.0
1363.748259698639	0.007599999999911233	epochs	1.0
1363.755859698639	5.992379999999912	epochs	0.0
1379.3579998016357	0.13226000000008753	epochs	0.0
1379.3579998016357	0.061130600000069535	epochs	1.0
1379.4191304016358	0.00999879999994846	epochs	1.0
1379.4291292016358	0.061130600000069535	epochs	1.0
1379.4902598016358	4.0280599999998685	epochs	0.0
1379.4902598016358	0.5	epochs	1.0
1379.4902749016358	0.5	epochs	-1.0
1379.9902598016358	1.0	epochs	1.0
1380.9902598016358	2.5280599999998685	epochs	1.0
1381.4902749016358	0.5	epochs	-1.0
1381.9902749016358	0.5	epochs	-1.0
1382.4902749016358	0.5	epochs	-1.0
1382.9902749016358	0.5	epochs	-1.0
1383.5183198016357	2.4719199999999546	epochs	0.0
1384.3009996414185	0.13226000000008753	epochs	0.0
1384.3009996414185	0.061130600000069535	epochs	1.0
1384.3621302414185	0.00999879999994846	epochs	1.0
1384.3721290414185	0.061130600000069535	epochs	1.0
1384.4332596414185	3.027460000000019	epochs	0.0
1384.4332596414185	0.5	epochs	1.0
1384.4332747414185	0.5	epochs	-1.0
1384.9332596414185	1.0	epochs	1.0
1385.9332596414185	1.5274600000000191	epochs	1.0
1386.4332747414185	0.5	epochs	-1.0
1386.9332747414185	0.5	epochs	-1.0
1387.4607196414186	3.472519999999804	epochs	0.0
1388.128999710083	0.13226000000008753	epochs	0.0
1388.128999710083	0.061130600000069535	epochs	1.0
1388.190130310083	0.00999879999994846	epochs	1.0
1388.200129110083	0.061130600000069535	epochs	1.0
1388.261259710083	3.0276199999998425	epochs	0.0
1388.261259710083	0.5	epochs	1.0
1388.261274810083	0.5	epochs	-1.0
1388.761259710083	1.0	epochs	1.0
1389.761259710083	1.5276199999998425	epochs	1.0
1390.261274810083	0.5	epochs	-1.0
1390.761274810083	0.5	epochs	-1.0
1391.288879710083	3.4723599999999806	epochs	0.0
1392.0060000419617	0.1529800000000705	epochs	0.0
1392.0060000419617	0.049999999999954525	epochs	1.0
1392.0560000419616	0.003000000000156433	epochs	1.0
1392.0590000419618	0.09997999999995955	epochs	1.0
1392.8150000572205	0.1529800000000705	epochs	0.0
1392.8150000572205	0.049999999999954525	epochs	1.0
1392.8650000572204	0.003000000000156433	epochs	1.0
1392.8680000572206	0.09997999999995955	epochs	1.0
1393.598000049591	0.1529800000000705	epochs	0.0
1393.598000049591	0.049999999999954525	epochs	1.0
1393.648000049591	0.003000000000156433	epochs	1.0
1393.6510000495912	0.09997999999995955	epochs	1.0
1394.4079999923706	0.1529800000000705	epochs	0.0
1394.4079999923706	0.049999999999954525	epochs	1.0
1394.4579999923706	0.003000000000156433	epochs	1.0
1394.4609999923707	0.09997999999995955	epochs	1.0
1395.2259998321533	0.1529800000000705	epochs	0.0
1395.2259998321533	0.049999999999954525	epochs	1.0
1395.2759998321533	0.003000000000156433	epochs	1.0
1395.2789998321534	0.09997999999995955	epochs	1.0
1396.048999786377	0.1529800000000705	epochs	0.0
1396.048999786377	0.049999999999954525	epochs	1.0
1396.098999786377	0.003000000000156433	epochs	1.0
1396.101999786377	0.09997999999995955	epochs	1.0
1396.9049997329712	0.1529800000000705	epochs	0.0
1396.9049997329712	0.049999999999954525	epochs	1.0
1396.9549997329711	0.003000000000156433	epochs	1.0
1396.9579997329713	0.09997999999995955	epochs	1.0
1397.7459998130798	0.1529800000000705	epochs	0.0
1397.7459998130798	0.049999999999954525	epochs	1.0
1397.7959998130798	0.003000000000156433	epochs	1.0
1397.79899981308	0.09997999999995955	epochs	1.0
1398.6129999160767	0.1529800000000705	epochs	0.0
1398.6129999160767	0.049999999999954525	epochs	1.0
1398.6629999160766	0.003000000000156433	epochs	1.0
1398.6659999160768	0.09997999999995955	epochs	1.0
1399.4629998207092	0.1529800000000705	epochs	0.0
1399.4629998207092	0.049999999999954525	epochs	1.0
1399.5129998207092	0.003000000000156433	epochs	1.0
1399.5159998207093	0.09997999999995955	epochs	1.0
1400.3210000991821	0.1529800000000705	epochs	0.0
1400.3210000991821	0.049999999999954525	epochs	1.0
1400.371000099182	0.003000000000156433	epochs	1.0
1400.3740000991822	0.09997999999995955	epochs	1.0
1401.21399974823	0.1529800000000705	epochs	0.0
1401.21399974823	0.049999999999954525	epochs	1.0
1401.26399974823	0.003000000000156433	epochs	1.0
1401.26699974823	0.09997999999995955	epochs	1.0
1402.0999999046326	0.1529800000000705	epochs	0.0
1402.0999999046326	0.049999999999954525	epochs	1.0
1402.1499999046325	0.003000000000156433	epochs	1.0
1402.1529999046327	0.09997999999995955	epochs	1.0
1403.0479998588562	0.1529800000000705	epochs	0.0
1403.0479998588562	0.049999999999954525	epochs	1.0
1403.0979998588562	0.003000000000156433	epochs	1.0
1403.1009998588563	0.09997999999995955	epochs	1.0
1403.9539999961853	0.1529800000000705	epochs	0.0
1403.9539999961853	0.049999999999954525	epochs	1.0
1404.0039999961853	0.003000000000156433	epochs	1.0
1404.0069999961854	0.09997999999995955	epochs	1.0
1404.9460000991821	0.13226000000008753	epochs	0.0
1404.9460000991821	0.061130600000069535	epochs	1.0
1405.0071306991822	0.00999879999994846	epochs	1.0
1405.0171294991821	0.061130600000069535	epochs	1.0
1405.0782600991822	0.5077199999998356	epochs	0.0
1405.0782600991822	0.5	epochs	1.0
1405.0782751991821	0.5	epochs	-1.0
1405.5782600991822	0.0029999999999290594	epochs	1.0
1405.5812600991821	0.004719999999906577	epochs	1.0
1405.585980099182	1.095260000000053	epochs	0.0
1407.1589999198914	0.13226000000008753	epochs	0.0
1407.1589999198914	0.061130600000069535	epochs	1.0
1407.2201305198914	0.00999879999994846	epochs	1.0
1407.2301293198914	0.061130600000069535	epochs	1.0
1407.2912599198914	1.5275399999998172	epochs	0.0
1407.2912599198914	0.5	epochs	1.0
1407.2912750198914	0.5	epochs	-1.0
1407.7912599198914	0.0029999999999290594	epochs	1.0
1407.7942599198914	1.024539999999888	epochs	1.0
1408.2942750198913	0.5	epochs	-1.0
1408.8187999198913	0.07544000000007145	epochs	0.0
1409.5209999084473	0.13226000000008753	epochs	0.0
1409.5209999084473	0.061130600000069535	epochs	1.0
1409.5821305084473	0.00999879999994846	epochs	1.0
1409.5921293084473	0.061130600000069535	epochs	1.0
1409.6532599084474	1.5279399999999441	epochs	0.0
1409.6532599084474	0.5	epochs	1.0
1409.6532750084473	0.5	epochs	-1.0
1410.1532599084474	0.0029999999999290594	epochs	1.0
1410.1562599084473	1.024940000000015	epochs	1.0
1410.6562750084472	0.5	epochs	-1.0
1411.1811999084473	0.07503999999994448	epochs	0.0
1411.8979997634888	0.13226000000008753	epochs	0.0
1411.8979997634888	0.061130600000069535	epochs	1.0
1411.9591303634888	0.00999879999994846	epochs	1.0
1411.9691291634888	0.061130600000069535	epochs	1.0
1412.0302597634889	1.52800000000002	epochs	0.0
1412.0302597634889	0.5	epochs	1.0
1412.0302748634888	0.5	epochs	-1.0
1412.5302597634889	0.0029999999999290594	epochs	1.0
1412.5332597634888	1.025000000000091	epochs	1.0
1413.0332748634887	0.5	epochs	-1.0
1413.5582597634889	0.0749799999998686	epochs	0.0
1414.2859997749329	0.13226000000008753	epochs	0.0
1414.2859997749329	0.061130600000069535	epochs	1.0
1414.347130374933	0.00999879999994846	epochs	1.0
1414.3571291749329	0.061130600000069535	epochs	1.0
1414.418259774933	1.5281199999999444	epochs	0.0
1414.418259774933	0.5	epochs	1.0
1414.4182748749329	0.5	epochs	-1.0
1414.918259774933	0.0029999999999290594	epochs	1.0
1414.9212597749329	1.0251200000000154	epochs	1.0
1415.4212748749328	0.5	epochs	-1.0
1415.946379774933	0.0748599999999442	epochs	0.0
1416.6759996414185	0.13226000000008753	epochs	0.0
1416.6759996414185	0.061130600000069535	epochs	1.0
1416.7371302414185	0.00999879999994846	epochs	1.0
1416.7471290414185	0.061130600000069535	epochs	1.0
1416.8082596414185	1.5281199999999444	epochs	0.0
1416.8082596414185	0.5	epochs	1.0
1416.8082747414185	0.5	epochs	-1.0
1417.3082596414185	0.0029999999999290594	epochs	1.0
1417.3112596414185	1.0251200000000154	epochs	1.0
1417.8112747414184	0.5	epochs	-1.0
1418.3363796414185	0.0748599999999442	epochs	0.0
1419.1570000648499	0.13226000000008753	epochs	0.0
1419.1570000648499	0.061130600000069535	epochs	1.0
1419.21813066485	0.00999879999994846	epochs	1.0
1419.2281294648499	0.061130600000069535	epochs	1.0
1419.28926006485	19.499979999999823	epochs	0.0
1419.28926006485	0.5	epochs	1.0
1419.2892751648499	0.5	epochs	-1.0
1419.78926006485	16.0	epochs	1.0
1425.8372000648499	12.952039999999897	epochs	-1.0
1425.8372000648499	0.040299999999888314	epochs	-1.0
1426.3346951648498	0.5	epochs	-1.0
1426.8346951648498	0.5	epochs	-1.0
1427.3346951648498	0.5	epochs	-1.0
1427.8346951648498	0.5	epochs	-1.0
1428.3346951648498	0.5	epochs	-1.0
1428.8346951648498	0.5	epochs	-1.0
1429.3346951648498	0.5	epochs	-1.0
1429.8346951648498	0.5	epochs	-1.0
1430.3346951648498	0.5	epochs	-1.0
1430.8346951648498	0.5	epochs	-1.0
1431.3346951648498	0.5	epochs	-1.0
1431.8346951648498	0.5	epochs	-1.0
1432.3346951648498	0.5	epochs	-1.0
1432.8346951648498	0.5	epochs	-1.0
1433.3346951648498	0.5	epochs	-1.0
1433.8346951648498	0.5	epochs	-1.0
1434.3346951648498	0.5	epochs	-1.0
1434.8346951648498	0.5	epochs	-1.0
1435.3346951648498	0.5	epochs	-1.0
1435.78926006485	2.999979999999823	epochs	1.0
1435.8346951648498	0.5	epochs	-1.0
1436.3346951648498	0.5	epochs	-1.0
1436.8346951648498	0.5	epochs	-1.0
1437.3346951648498	0.5	epochs	-1.0
1437.8346951648498	0.5	epochs	-1.0
1439.9539999961853	0.13226000000008753	epochs	0.0
1439.9539999961853	0.061130600000069535	epochs	1.0
1440.0151305961854	0.00999879999994846	epochs	1.0
1440.0251293961853	0.061130600000069535	epochs	1.0
1440.0862599961854	19.499979999999823	epochs	0.0
1440.0862599961854	0.5	epochs	1.0
1440.0862750961853	0.5	epochs	-1.0
1440.5862599961854	16.0	epochs	1.0
1446.8342999961853	12.751939999999877	epochs	-1.0
1446.8342999961853	0.03953999999998814	epochs	-1.0
1447.3317950961853	0.5	epochs	-1.0
1447.8317950961853	0.5	epochs	-1.0
1448.3317950961853	0.5	epochs	-1.0
1448.8317950961853	0.5	epochs	-1.0
1449.3317950961853	0.5	epochs	-1.0
1449.8317950961853	0.5	epochs	-1.0
1450.3317950961853	0.5	epochs	-1.0
1450.8317950961853	0.5	epochs	-1.0
1451.3317950961853	0.5	epochs	-1.0
1451.8317950961853	0.5	epochs	-1.0
1452.3317950961853	0.5	epochs	-1.0
1452.8317950961853	0.5	epochs	-1.0
1453.3317950961853	0.5	epochs	-1.0
1453.8317950961853	0.5	epochs	-1.0
1454.3317950961853	0.5	epochs	-1.0
1454.8317950961853	0.5	epochs	-1.0
1455.3317950961853	0.5	epochs	-1.0
1455.8317950961853	0.5	epochs	-1.0
1456.3317950961853	0.5	epochs	-1.0
1456.5862599961854	2.999979999999823	epochs	1.0
1456.8317950961853	0.5	epochs	-1.0
1457.3317950961853	0.5	epochs	-1.0
1457.8317950961853	0.5	epochs	-1.0
1458.3317950961853	0.5	epochs	-1.0
1458.8317950961853	0.5	epochs	-1.0
1460.7620000839233	0.13226000000008753	epochs	0.0
1460.7620000839233	0.061130600000069535	epochs	1.0
1460.8231306839234	0.00999879999994846	epochs	1.0
1460.8331294839234	0.061130600000069535	epochs	1.0
1460.8942600839234	0.5074199999999109	epochs	0.0
1460.8942600839234	0.5	epochs	1.0
1460.8942751839234	0.5	epochs	-1.0
1461.3942600839234	0.007419999999910942	epochs	1.0
1461.4016800839233	18.992559999999912	epochs	0.0
1489.9660000801086	0.13226000000008753	epochs	0.0
1489.9660000801086	0.061130600000069535	epochs	1.0
1490.0271306801087	0.00999879999994846	epochs	1.0
1490.0371294801087	0.061130600000069535	epochs	1.0
1490.0982600801087	8.048699999999826	epochs	0.0
1490.0982600801087	0.5	epochs	1.0
1490.0982751801087	0.5	epochs	-1.0
1490.5982600801087	7.548699999999826	epochs	1.0
1497.1465000801086	1.0004599999999755	epochs	-1.0
1497.1465000801086	0.04032000000006519	epochs	-1.0
1497.6439951801087	0.5	epochs	-1.0
1498.1469600801086	11.451279999999997	epochs	0.0
1499.0869998931885	0.13226000000008753	epochs	0.0
1499.0869998931885	0.061130600000069535	epochs	1.0
1499.1481304931885	0.00999879999994846	epochs	1.0
1499.1581292931885	0.061130600000069535	epochs	1.0
1499.2192598931886	8.107319999999845	epochs	0.0
1499.2192598931886	0.5	epochs	1.0
1499.2192749931885	0.5	epochs	-1.0
1499.7192598931886	7.607319999999845	epochs	1.0
1505.8266598931884	1.4999199999999746	epochs	-1.0
1505.8266598931884	0.04032000000006519	epochs	-1.0
1506.3241549931886	0.5	epochs	-1.0
1506.8241549931886	0.5	epochs	-1.0
1507.3265798931884	11.392659999999978	epochs	0.0
1508.2639999389648	0.13226000000008753	epochs	0.0
1508.2639999389648	0.061130600000069535	epochs	1.0
1508.325130538965	0.00999879999994846	epochs	1.0
1508.3351293389649	0.061130600000069535	epochs	1.0
1508.396259938965	10.468380000000025	epochs	0.0
1508.396259938965	0.5	epochs	1.0
1508.3962750389649	0.5	epochs	-1.0
1508.896259938965	9.968380000000025	epochs	1.0
1514.8444599389647	4.0201800000002095	epochs	-1.0
1514.8444599389647	0.03956000000016502	epochs	-1.0
1515.341955038965	0.5	epochs	-1.0
1515.841955038965	0.5	epochs	-1.0
1516.341955038965	0.5	epochs	-1.0
1516.841955038965	0.5	epochs	-1.0
1517.341955038965	0.5	epochs	-1.0
1517.841955038965	0.5	epochs	-1.0
1518.341955038965	0.5	epochs	-1.0
1518.864639938965	9.031599999999798	epochs	0.0
1531.8139996528625	0.13223999999991065	epochs	0.0
1531.8139996528625	0.06112129999996796	epochs	1.0
1531.8751209528625	0.009997399999974732	epochs	1.0
1531.8851183528625	0.06112129999996796	epochs	1.0
1531.9462396528625	2.0	epochs	0.0
1533.9462396528625	5.367280000000164	epochs	0.0
1533.9462396528625	1.0	epochs	1.0
1533.9462747528626	0.5	epochs	-1.0
1534.4462747528626	4.86724490000006	epochs	-1.0
1534.9462396528625	4.367280000000164	epochs	1.0
1534.9462396528625	4.356753900000058	epochs	-1.0
1534.9462396528625	1.9745872000000873	epochs	2.0
1534.9462396528625	1.0985622000000603	epochs	3.0
1536.0448018528625	0.8760250000000269	epochs	3.0
1536.9208268528625	1.3524075000000266	epochs	2.0
1536.9208268528625	0.7286355000001095	epochs	3.0
1537.6494623528627	0.6237719999999172	epochs	3.0
1538.2732343528626	1.029759199999944	epochs	2.0
1538.2732343528626	0.5453293000000485	epochs	3.0
1538.8185636528626	0.4844298999998955	epochs	3.0
1539.3029935528625	0.010526100000106453	epochs	2.0
1539.3029935528625	0.010526100000106453	epochs	3.0
1539.3135196528626	16.632640000000038	epochs	0.0
1540.423999786377	0.13223999999991065	epochs	0.0
1540.423999786377	0.06112129999996796	epochs	1.0
1540.485121086377	0.009997399999974732	epochs	1.0
1540.495118486377	0.06112129999996796	epochs	1.0
1540.5562397863769	2.0	epochs	0.0
1542.5562397863769	0.5276800000001458	epochs	0.0
1542.5562397863769	0.5276800000001458	epochs	1.0
1542.556274886377	0.5	epochs	-1.0
1543.056274886377	0.02764490000004116	epochs	-1.0
1543.083919786377	21.472240000000056	epochs	0.0
1544.2479996681213	0.13223999999991065	epochs	0.0
1544.2479996681213	0.06112129999996796	epochs	1.0
1544.3091209681213	0.009997399999974732	epochs	1.0
1544.3191183681213	0.06112129999996796	epochs	1.0
1544.3802396681212	2.0	epochs	0.0
1546.3802396681212	0.527520000000095	epochs	0.0
1546.3802396681212	0.527520000000095	epochs	1.0
1546.3802747681214	0.5	epochs	-1.0
1546.8802747681214	0.027484899999990375	epochs	-1.0
1546.9077596681213	21.472400000000107	epochs	0.0
1548.0710000991821	0.13223999999991065	epochs	0.0
1548.0710000991821	0.06112129999996796	epochs	1.0
1548.132121399182	0.009997399999974732	epochs	1.0
1548.142118799182	0.06112129999996796	epochs	1.0
1548.203240099182	2.0	epochs	0.0
1550.203240099182	21.526960000000145	epochs	0.0
1550.203240099182	1.0	epochs	1.0
1550.2032751991821	0.5	epochs	-1.0
1550.7032751991821	19.998479999999972	epochs	-1.0
1551.203240099182	20.0	epochs	1.0
1551.203240099182	4.356753900000058	epochs	-1.0
1551.203240099182	1.9745872000000873	epochs	2.0
1551.203240099182	1.0985622000000603	epochs	3.0
1552.301802299182	0.8760250000000269	epochs	3.0
1553.1778272991821	1.3524075000000266	epochs	2.0
1553.1778272991821	0.7286355000001095	epochs	3.0
1553.9064627991822	0.6237719999999172	epochs	3.0
1554.5302347991822	1.029759199999944	epochs	2.0
1554.5302347991822	0.5453293000000485	epochs	3.0
1555.0755640991822	0.4844298999998955	epochs	3.0
1555.559993999182	0.8317862000001242	epochs	2.0
1555.559993999182	0.4357763000000432	epochs	3.0
1555.9957702991821	0.39600990000008096	epochs	3.0
1556.3917801991822	0.6977969999998095	epochs	2.0
1556.3917801991822	0.3628982000000178	epochs	3.0
1556.7546783991822	0.33489879999979166	epochs	3.0
1557.089577199182	0.601045699999986	epochs	2.0
1557.089577199182	0.3109123000001546	epochs	3.0
1557.4004894991822	0.29013339999983145	epochs	3.0
1557.690622899182	0.5278859000000011	epochs	2.0
1557.690622899182	0.2719586000000618	epochs	3.0
1557.962581499182	0.25592729999993935	epochs	3.0
1558.218508799182	0.4706193000001804	epochs	2.0
1558.218508799182	0.24168130000020938	epochs	3.0
1558.4601900991822	0.228937999999971	epochs	3.0
1558.6891280991822	0.42457039999999324	epochs	2.0
1558.6891280991822	0.21747140000002219	epochs	3.0
1558.9065994991822	0.20709899999997106	epochs	3.0
1559.1136984991822	0.3867353999999068	epochs	2.0
1559.1136984991822	0.19767109999997956	epochs	3.0
1559.3113695991822	0.18906429999992724	epochs	3.0
1559.500433899182	0.35509530000013	epochs	2.0
1559.500433899182	0.18117589999997108	epochs	3.0
1559.681609799182	0.17391940000015893	epochs	3.0
1559.8555291991822	0.3282431000000088	epochs	2.0
1559.8555291991822	0.16722189999995862	epochs	3.0
1560.0227510991822	0.16102120000005016	epochs	3.0
1560.1837722991822	0.3051679999998669	epochs	2.0
1560.1837722991822	0.15526389999990897	epochs	3.0
1560.3390361991821	0.1499040999999579	epochs	3.0
1560.488940299182	0.28512530000011793	epochs	2.0
1560.488940299182	0.1449021000000812	epochs	3.0
1560.6338423991822	0.14022320000003674	epochs	3.0
1560.7740655991822	0.2675537999998596	epochs	2.0
1560.7740655991822	0.1358368999999584	epochs	3.0
1560.9099024991822	0.13171689999990122	epochs	3.0
1561.041619399182	0.25202290000015637	epochs	2.0
1561.041619399182	0.1278393000000051	epochs	3.0
1561.169458699182	0.12418360000015127	epochs	3.0
1561.2936422991822	0.23819649999995818	epochs	2.0
1561.2936422991822	0.1207310999998299	epochs	3.0
1561.414373399182	0.11746540000012828	epochs	3.0
1561.5318387991822	0.22580879999986792	epochs	2.0
1561.5318387991822	0.1143718999999237	epochs	3.0
1561.6462106991821	0.11143689999994422	epochs	3.0
1561.757647599182	0.2146460000001298	epochs	2.0
1561.757647599182	0.10864890000016203	epochs	3.0
1561.8662964991822	0.10599709999996776	epochs	3.0
1561.9722935991822	0.2045349999998507	epochs	2.0
1561.9722935991822	0.1034714999998414	epochs	3.0
1562.075765099182	0.1010635000000093	epochs	3.0
1562.176828599182	0.19533400000000256	epochs	2.0
1562.176828599182	0.09876510000003691	epochs	3.0
1562.275593699182	0.09656889999996565	epochs	3.0
1562.372162599182	0.18692529999998442	epochs	2.0
1562.372162599182	0.09446830000001682	epochs	3.0
1562.466630899182	0.09245699999996759	epochs	3.0
1562.559087899182	0.1792107000001124	epochs	2.0
1562.559087899182	0.0905296000000817	epochs	3.0
1562.649617499182	0.08868110000003071	epochs	3.0
1562.7382985991821	0.17210769999996955	epochs	2.0
1562.7382985991821	0.08690630000000965	epochs	3.0
1562.8252048991822	0.0852013999999599	epochs	3.0
1562.9104062991821	0.16554640000003928	epochs	2.0
1562.9104062991821	0.08356189999994967	epochs	3.0
1562.993968199182	0.08198450000008961	epochs	3.0
1563.0759526991822	0.15946710000002895	epochs	2.0
1563.0759526991822	0.08046539999986635	epochs	3.0
1563.156418099182	0.0790017000001626	epochs	3.0
1563.2354197991822	0.1538183999998637	epochs	2.0
1563.2354197991822	0.07759009999995214	epochs	3.0
1563.3130098991821	0.07622829999991154	epochs	3.0
1563.389238199182	0.14855640000018866	epochs	2.0
1563.389238199182	0.07491330000016205	epochs	3.0
1563.4641514991822	0.0736431000000266	epochs	3.0
1563.5377945991822	0.1436423999998624	epochs	2.0
1563.5377945991822	0.07241499999986445	epochs	3.0
1563.610209599182	0.07122739999999794	epochs	3.0
1563.681436999182	0.13904309999998077	epochs	2.0
1563.681436999182	0.07007799999996678	epochs	3.0
1563.751514999182	0.06896510000001399	epochs	3.0
1563.820480099182	0.1347293000001173	epochs	2.0
1563.820480099182	0.0678871000000072	epochs	3.0
1563.888367199182	0.0668422000001101	epochs	3.0
1563.9552093991822	0.1306752000000415	epochs	2.0
1563.9552093991822	0.06582909999997355	epochs	3.0
1564.0210384991822	0.06484610000006796	epochs	3.0
1564.0858845991822	0.1268577999999252	epochs	2.0
1564.0858845991822	0.06389199999989614	epochs	3.0
1564.1497765991821	0.06296580000002905	epochs	3.0
1564.2127423991822	0.12325719999989815	epochs	2.0
1564.2127423991822	0.06206580000002759	epochs	3.0
1564.2748081991822	0.061191399999870555	epochs	3.0
1564.335999599182	0.11985540000000583	epochs	2.0
1564.335999599182	0.060341099999959624	epochs	3.0
1564.396340699182	0.059514300000046205	epochs	3.0
1564.455854999182	0.11663620000012997	epochs	2.0
1564.455854999182	0.05870960000015657	epochs	3.0
1564.5145645991822	0.057926599999973405	epochs	3.0
1564.5724911991822	0.11358559999985118	epochs	2.0
1564.5724911991822	0.05716419999998834	epochs	3.0
1564.6296553991822	0.05642139999986284	epochs	3.0
1564.686076799182	0.11069050000014613	epochs	2.0
1564.686076799182	0.055697900000041045	epochs	3.0
1564.741774699182	0.054992600000105085	epochs	3.0
1564.7967672991822	0.10793909999983953	epochs	2.0
1564.7967672991822	0.05430490000003374	epochs	3.0
1564.8510721991822	0.05363419999980579	epochs	3.0
1564.904706399182	0.10532150000017282	epochs	2.0
1564.904706399182	0.052980000000161453	epochs	3.0
1564.9576863991822	0.052341500000011365	epochs	3.0
1565.0100278991822	0.10282759999995505	epochs	2.0
1565.0100278991822	0.05171810000001642	epochs	3.0
1565.0617459991822	0.051109499999938635	epochs	3.0
1565.1128554991822	0.10044909999987794	epochs	2.0
1565.1128554991822	0.050514900000052876	epochs	3.0
1565.1633703991822	0.04993419999982507	epochs	3.0
1565.213304599182	0.09817830000019967	epochs	2.0
1565.213304599182	0.04936659999998483	epochs	3.0
1565.262671199182	0.04881170000021484	epochs	3.0
1565.3114828991822	0.09600779999982478	epochs	2.0
1565.3114828991822	0.048269199999822376	epochs	3.0
1565.359752099182	0.04773860000000241	epochs	3.0
1565.407490699182	0.09393120000004274	epochs	2.0
1565.407490699182	0.04721949999998287	epochs	3.0
1565.454710199182	0.046711700000059864	epochs	3.0
1565.501421899182	0.09194260000003851	epochs	2.0
1565.501421899182	0.046214599999984785	epochs	3.0
1565.547636499182	0.045728000000053726	epochs	3.0
1565.5933644991821	0.09003630000006524	epochs	2.0
1565.5933644991821	0.045251499999949374	epochs	3.0
1565.638615999182	0.044784800000115865	epochs	3.0
1565.6834007991822	0.08820760000003247	epochs	2.0
1565.6834007991822	0.044327800000019124	epochs	3.0
1565.7277285991822	0.04387980000001335	epochs	3.0
1565.7716083991822	0.0864516999999978	epochs	2.0
1565.7716083991822	0.04344099999980244	epochs	3.0
1565.815049399182	0.04301070000019536	epochs	3.0
1565.8580600991822	0.08476429999996071	epochs	2.0
1565.8580600991822	0.04258899999990717	epochs	3.0
1565.9006490991821	0.04217530000005354	epochs	3.0
1565.9428243991822	0.08314150000001064	epochs	2.0
1565.9428243991822	0.04176970000003166	epochs	3.0
1565.9845940991822	0.041371799999978975	epochs	3.0
1566.0259658991822	0.08157970000002024	epochs	2.0
1566.0259658991822	0.040981399999964196	epochs	3.0
1566.0669472991822	0.04059830000005604	epochs	3.0
1566.1075455991822	0.08007549999979346	epochs	2.0
1566.1075455991822	0.04022229999986848	epochs	3.0
1566.147767899182	0.03985319999992498	epochs	3.0
1566.187621099182	0.07862570000020241	epochs	2.0
1566.187621099182	0.039490800000066884	epochs	3.0
1566.227111899182	0.03913490000013553	epochs	3.0
1566.2662467991822	0.07722759999978734	epochs	2.0
1566.2662467991822	0.03878539999982422	epochs	3.0
1566.305032199182	0.03844219999996312	epochs	3.0
1566.343474399182	0.07587820000003376	epochs	2.0
1566.343474399182	0.03810480000015559	epochs	3.0
1566.3815791991822	0.037773399999878166	epochs	3.0
1566.419352599182	0.0745752000000266	epochs	2.0
1566.419352599182	0.03744770000002973	epochs	3.0
1566.456800299182	0.03712749999999687	epochs	3.0
1566.493927799182	0.07331629999998768	epochs	2.0
1566.493927799182	0.0368129000000863	epochs	3.0
1566.5307406991822	0.036503399999901376	epochs	3.0
1566.567244099182	0.07209899999998015	epochs	2.0
1566.567244099182	0.03619909999997617	epochs	3.0
1566.603443199182	0.03589990000000398	epochs	3.0
1566.639343099182	0.07092170000009901	epochs	2.0
1566.639343099182	0.03560560000005353	epochs	3.0
1566.674948699182	0.03531610000004548	epochs	3.0
1566.7102647991821	0.06978200000003199	epochs	2.0
1566.7102647991821	0.03503120000004856	epochs	3.0
1566.7452959991822	0.03475079999998343	epochs	3.0
1566.7800467991822	0.06867859999988468	epochs	2.0
1566.7800467991822	0.03447510000000875	epochs	3.0
1566.8145218991822	0.03420349999987593	epochs	3.0
1566.848725399182	0.06760930000018561	epochs	2.0
1566.848725399182	0.033936199999970995	epochs	3.0
1566.882661599182	0.03367310000021462	epochs	3.0
1566.9163346991822	0.06657289999998284	epochs	2.0
1566.9163346991822	0.03341399999999339	epochs	3.0
1566.9497486991822	0.033158899999989444	epochs	3.0
1566.9829075991822	0.06556779999982609	epochs	2.0
1566.9829075991822	0.03290769999989607	epochs	3.0
1567.0158152991821	0.032660099999930026	epochs	3.0
1567.048475399182	0.06459259999996902	epochs	2.0
1567.048475399182	0.03241640000010193	epochs	3.0
1567.0808917991822	0.032176199999867094	epochs	3.0
1567.113067999182	0.06364600000006249	epochs	2.0
1567.113067999182	0.03193960000021434	epochs	3.0
1567.1450075991822	0.031706399999848145	epochs	3.0
1567.176713999182	0.0627266999999847	epochs	2.0
1567.176713999182	0.03147660000013275	epochs	3.0
1567.2081905991822	0.031250099999851955	epochs	3.0
1567.239440699182	0.06183359999999993	epochs	2.0
1567.239440699182	0.031026900000142632	epochs	3.0
1567.2704675991822	0.0308066999998573	epochs	3.0
1567.301274299182	0.06096560000014506	epochs	2.0
1567.301274299182	0.03058980000014344	epochs	3.0
1567.3318640991822	0.030375800000001618	epochs	3.0
1567.3622398991822	0.06012160000000222	epochs	2.0
1567.3622398991822	0.030164899999817862	epochs	3.0
1567.392404799182	0.029956700000184355	epochs	3.0
1567.4223614991822	0.05930069999999432	epochs	2.0
1567.4223614991822	0.029751599999826794	epochs	3.0
1567.452113099182	0.029549100000167527	epochs	3.0
1567.4816621991822	0.05850179999993088	epochs	2.0
1567.4816621991822	0.02934940000000097	epochs	3.0
1567.5110115991822	0.029152399999929912	epochs	3.0
1567.5401639991821	0.05772419999993872	epochs	2.0
1567.5401639991821	0.028958000000102402	epochs	3.0
1567.5691219991822	0.028766199999836317	epochs	3.0
1567.597888199182	0.05696710000006533	epochs	2.0
1567.597888199182	0.028577000000041153	epochs	3.0
1567.6264651991821	0.028390100000024177	epochs	3.0
1567.6548552991821	0.05622949999997218	epochs	2.0
1567.6548552991821	0.028205699999944045	epochs	3.0
1567.683060999182	0.028023800000028132	epochs	3.0
1567.7110847991821	0.05551070000001346	epochs	2.0
1567.7110847991821	0.027843999999959124	epochs	3.0
1567.738928799182	0.027666700000054334	epochs	3.0
1567.7665954991821	0.054810200000019904	epochs	2.0
1567.7665954991821	0.02749149999999645	epochs	3.0
1567.7940869991821	0.027318700000023455	epochs	3.0
1567.8214056991822	0.054126999999880354	epochs	2.0
1567.8214056991822	0.027147799999966082	epochs	3.0
1567.8485534991821	0.026979199999914272	epochs	3.0
1567.875532699182	0.05346070000018699	epochs	2.0
1567.875532699182	0.026812600000084785	epochs	3.0
1567.9023452991821	0.026648100000102204	epochs	3.0
1567.9289933991822	0.05281070000000909	epochs	2.0
1567.9289933991822	0.0264855999998872	epochs	3.0
1567.955478999182	0.026325100000121893	epochs	3.0
1567.9818040991822	0.052176199999848905	epochs	2.0
1567.9818040991822	0.026166399999965506	epochs	3.0
1568.0079704991822	0.0260097999998834	epochs	3.0
1568.033980299182	0.051556699999991906	epochs	2.0
1568.033980299182	0.02585480000016105	epochs	3.0
1568.0598350991822	0.025701899999830857	epochs	3.0
1568.085536999182	0.05095189999997274	epochs	2.0
1568.085536999182	0.025550700000167126	epochs	3.0
1568.1110876991822	0.025401199999805613	epochs	3.0
1568.136488899182	0.05036100000006627	epochs	2.0
1568.136488899182	0.025253500000189888	epochs	3.0
1568.1617423991822	0.02510749999987638	epochs	3.0
1568.186849899182	0.04978380000011384	epochs	2.0
1568.186849899182	0.02496320000000196	epochs	3.0
1568.211813099182	0.02482060000011188	epochs	3.0
1568.2366336991822	0.04921949999993558	epochs	2.0
1568.2366336991822	0.024679399999968155	epochs	3.0
1568.2613130991822	0.024540099999967424	epochs	3.0
1568.2858531991822	0.04866790000005494	epochs	2.0
1568.2858531991822	0.024402099999861093	epochs	3.0
1568.310255299182	0.02426580000019385	epochs	3.0
1568.3345210991822	0.048128599999927246	epochs	2.0
1568.3345210991822	0.02413099999989754	epochs	3.0
1568.358652099182	0.023997600000029706	epochs	3.0
1568.3826496991821	0.047601100000065344	epochs	2.0
1568.3826496991821	0.023865800000066884	epochs	3.0
1568.4065154991822	0.02373529999999846	epochs	3.0
1568.4302507991822	0.04708499999992455	epochs	2.0
1568.4302507991822	0.023606299999983094	epochs	3.0
1568.4538570991822	0.023478699999941455	epochs	3.0
1568.4773357991821	0.046579999999948996	epochs	2.0
1568.4773357991821	0.023352500000100918	epochs	3.0
1568.5006882991822	0.023227499999848078	epochs	3.0
1568.523915799182	0.046085700000048746	epochs	2.0
1568.523915799182	0.023104000000103042	epochs	3.0
1568.5470197991822	0.022981699999945704	epochs	3.0
1568.5700014991821	0.045601799999985815	epochs	2.0
1568.5700014991821	0.02286069999991014	epochs	3.0
1568.592862199182	0.022741100000075676	epochs	3.0
1568.615603299182	0.04512790000012501	epochs	2.0
1568.615603299182	0.022622500000125	epochs	3.0
1568.6382257991822	0.02250540000000001	epochs	3.0
1568.6607311991822	0.04466379999985293	epochs	2.0
1568.6607311991822	0.02238929999998618	epochs	3.0
1568.6831204991822	0.022274499999866748	epochs	3.0
1568.705394999182	0.04420920000006845	epochs	2.0
1568.705394999182	0.022160799999937808	epochs	3.0
1568.727555799182	0.02204840000013064	epochs	3.0
1568.7496041991822	0.04376359999992019	epochs	2.0
1568.7496041991822	0.02193689999990056	epochs	3.0
1568.771541099182	0.021826700000019628	epochs	3.0
1568.793367799182	0.04332709999994222	epochs	2.0
1568.793367799182	0.02171760000010181	epochs	3.0
1568.8150853991822	0.02160949999984041	epochs	3.0
1568.836694899182	0.04289900000003399	epochs	2.0
1568.836694899182	0.02150249999999687	epochs	3.0
1568.858197399182	0.021396500000037122	epochs	3.0
1568.879593899182	0.04247950000012679	epochs	2.0
1568.879593899182	0.021291700000119818	epochs	3.0
1568.9008855991822	0.021187800000006973	epochs	3.0
1568.9220733991822	0.04206789999989269	epochs	2.0
1568.9220733991822	0.02108490000000529	epochs	3.0
1568.9431582991822	0.020982999999887397	epochs	3.0
1568.964141299182	0.04166439999994509	epochs	2.0
1568.964141299182	0.020882199999959994	epochs	3.0
1568.985023499182	0.020782199999985096	epochs	3.0
1569.005805699182	0.04126850000011473	epochs	2.0
1569.005805699182	0.02068330000020069	epochs	3.0
1569.0264889991822	0.02058519999991404	epochs	3.0
1569.0470741991821	0.04088000000001557	epochs	2.0
1569.0470741991821	0.020488099999965925	epochs	3.0
1569.067562299182	0.020391900000049645	epochs	3.0
1569.0879541991821	0.04049880000002304	epochs	2.0
1569.0879541991821	0.020296599999937825	epochs	3.0
1569.108250799182	0.020202200000085213	epochs	3.0
1569.1284529991822	0.040124599999899146	epochs	2.0
1569.1284529991822	0.02010870000003706	epochs	3.0
1569.1485616991822	0.020015899999862086	epochs	3.0
1569.168577599182	0.03975730000001931	epochs	2.0
1569.168577599182	0.019924200000104975	epochs	3.0
1569.1885017991822	0.01983309999991434	epochs	3.0
1569.208334899182	0.03939669999999751	epochs	2.0
1569.208334899182	0.01974300000006224	epochs	3.0
1569.2280778991822	0.01965369999993527	epochs	3.0
1569.247731599182	0.03904239999997117	epochs	2.0
1569.247731599182	0.019565100000136226	epochs	3.0
1569.2672966991822	0.01947729999983494	epochs	3.0
1569.286773999182	0.038694600000098944	epochs	2.0
1569.286773999182	0.019390400000020236	epochs	3.0
1569.306164399182	0.01930420000007871	epochs	3.0
1569.3254685991822	0.03835290000006353	epochs	2.0
1569.3254685991822	0.019218799999862313	epochs	3.0
1569.344687399182	0.019134100000201215	epochs	3.0
1569.3638214991822	0.03801720000001296	epochs	2.0
1569.3638214991822	0.019050199999810502	epochs	3.0
1569.382871699182	0.01896700000020246	epochs	3.0
1569.4018386991822	0.03768719999993664	epochs	2.0
1569.4018386991822	0.018884499999785476	epochs	3.0
1569.420723199182	0.018802700000151162	epochs	3.0
1569.4395258991822	0.03736309999999321	epochs	2.0
1569.4395258991822	0.018721700000014607	epochs	3.0
1569.4582475991822	0.018641399999978603	epochs	3.0
1569.4768889991822	0.03704429999993408	epochs	2.0
1569.4768889991822	0.018561599999884493	epochs	3.0
1569.495450599182	0.01848270000004959	epochs	3.0
1569.513933299182	0.03673099999991791	epochs	2.0
1569.513933299182	0.018404299999929208	epochs	3.0
1569.532337599182	0.018326699999988705	epochs	3.0
1569.550664299182	0.03642290000016146	epochs	2.0
1569.550664299182	0.01824960000021747	epochs	3.0
1569.5689138991822	0.018173299999943993	epochs	3.0
1569.5870871991822	0.03612010000006194	epochs	2.0
1569.5870871991822	0.01809759999991911	epochs	3.0
1569.605184799182	0.018022500000142827	epochs	3.0
1569.6232072991822	0.03582209999990482	epochs	2.0
1569.6232072991822	0.01794789999985369	epochs	3.0
1569.641155199182	0.017874200000051133	epochs	3.0
1569.6590293991821	0.03552899999999681	epochs	2.0
1569.6590293991821	0.017800800000031813	epochs	3.0
1569.6768301991822	0.017728199999965	epochs	3.0
1569.6945583991821	0.03524070000003121	epochs	2.0
1569.6945583991821	0.017656100000067454	epochs	3.0
1569.7122144991822	0.017584599999963757	epochs	3.0
1569.7297990991822	0.03495709999992869	epochs	2.0
1569.7297990991822	0.017513699999881283	epochs	3.0
1569.747312799182	0.017443400000047404	epochs	3.0
1569.764756199182	0.03467790000013338	epochs	2.0
1569.764756199182	0.017373599999928047	epochs	3.0
1569.782129799182	0.01730430000020533	epochs	3.0
1569.7994340991822	0.03440329999989444	epochs	2.0
1569.7994340991822	0.017235699999901044	epochs	3.0
1569.8166697991821	0.0171675999999934	epochs	3.0
1569.8338373991821	0.03413279999995211	epochs	2.0
1569.8338373991821	0.01709989999994832	epochs	3.0
1569.850937299182	0.017032900000003792	epochs	3.0
1569.867970199182	0.03386670000008962	epochs	2.0
1569.867970199182	0.01696640000000116	epochs	3.0
1569.884936599182	0.016900300000088464	epochs	3.0
1569.9018368991822	0.03360459999998966	epochs	2.0
1569.9018368991822	0.01683479999996962	epochs	3.0
1569.9186716991821	0.01676980000002004	epochs	3.0
1569.9354414991822	0.033346599999958926	epochs	2.0
1569.9354414991822	0.016705300000012357	epochs	3.0
1569.9521467991822	0.01664129999994657	epochs	3.0
1569.9687880991821	0.03309250000006614	epochs	2.0
1569.9687880991821	0.016577800000050047	epochs	3.0
1569.9853658991822	0.01651470000001609	epochs	3.0
1570.0018805991822	0.03284229999985655	epochs	2.0
1570.0018805991822	0.01645220000000336	epochs	3.0
1570.0183327991822	0.01639009999985319	epochs	3.0
1570.034722899182	0.03259570000000167	epochs	2.0
1570.034722899182	0.016328400000020338	epochs	3.0
1570.051051299182	0.016267299999981333	epochs	3.0
1570.067318599182	0.032352899999978035	epochs	2.0
1570.067318599182	0.016206600000032267	epochs	3.0
1570.083525199182	0.016146299999945768	epochs	3.0
1570.099671499182	0.032113700000081735	epochs	2.0
1570.099671499182	0.016086600000107865	epochs	3.0
1570.1157580991821	0.01602709999997387	epochs	3.0
1570.131785199182	0.03187800000000607	epochs	2.0
1570.131785199182	0.015968200000088473	epochs	3.0
1570.1477533991822	0.015909799999917595	epochs	3.0
1570.163663199182	0.03164570000012645	epochs	2.0
1570.163663199182	0.015851599999905375	epochs	3.0
1570.179514799182	0.01579410000022108	epochs	3.0
1570.1953088991822	0.031416699999908815	epochs	2.0
1570.1953088991822	0.01573669999993399	epochs	3.0
1570.2110455991822	0.015679999999974825	epochs	3.0
1570.2267255991821	0.03119109999988723	epochs	2.0
1570.2267255991821	0.015623600000026272	epochs	3.0
1570.2423491991822	0.015567499999860956	epochs	3.0
1570.257916699182	0.03096870000013041	epochs	2.0
1570.257916699182	0.01551200000017161	epochs	3.0
1570.2734286991822	0.0154566999999588	epochs	3.0
1570.2888853991822	0.030749499999956242	epochs	2.0
1570.2888853991822	0.015401999999994587	epochs	3.0
1570.3042873991822	0.015347499999961656	epochs	3.0
1570.3196348991821	0.03053320000003623	epochs	2.0
1570.3196348991821	0.015293400000018664	epochs	3.0
1570.3349282991821	0.015239800000017567	epochs	3.0
1570.3501680991822	0.030320099999926242	epochs	2.0
1570.3501680991822	0.015186500000027081	epochs	3.0
1570.3653545991822	0.015133599999899161	epochs	3.0
1570.380488199182	0.03010990000007041	epochs	2.0
1570.380488199182	0.015081000000009226	epochs	3.0
1570.395569199182	0.015028900000061185	epochs	3.0
1570.4105980991822	0.029902499999934662	epochs	2.0
1570.4105980991822	0.014977000000044427	epochs	3.0
1570.4255750991822	0.014925499999890235	epochs	3.0
1570.440500599182	0.0296981000001324	epochs	2.0
1570.440500599182	0.014874400000053356	epochs	3.0
1570.4553749991821	0.014823700000079043	epochs	3.0
1570.4701986991822	0.029496299999891562	epochs	2.0
1570.4701986991822	0.01477319999980864	epochs	3.0
1570.484971899182	0.014723100000082923	epochs	3.0
1570.499694999182	0.029297400000132257	epochs	2.0
1570.499694999182	0.014673399999992398	epochs	3.0
1570.514368399182	0.014624000000139858	epochs	3.0
1570.5289923991822	0.029101099999934377	epochs	2.0
1570.5289923991822	0.014574899999843183	epochs	3.0
1570.543567299182	0.014526200000091194	epochs	3.0
1570.5580934991822	0.028907399999980044	epochs	2.0
1570.5580934991822	0.014477700000043114	epochs	3.0
1570.5725711991822	0.014429699999936929	epochs	3.0
1570.5870008991822	0.028716199999962555	epochs	2.0
1570.5870008991822	0.014381799999910072	epochs	3.0
1570.601382699182	0.014334400000052483	epochs	3.0
1570.6157170991821	0.02852759999996124	epochs	2.0
1570.6157170991821	0.014287199999898803	epochs	3.0
1570.630004299182	0.014240400000062436	epochs	3.0
1570.644244699182	0.028341400000044814	epochs	2.0
1570.644244699182	0.014193800000157353	epochs	3.0
1570.6584384991822	0.014147599999887461	epochs	3.0
1570.6725860991821	0.028157700000065233	epochs	2.0
1570.6725860991821	0.014101700000082928	epochs	3.0
1570.6866877991822	0.014055999999982305	epochs	3.0
1570.7007437991822	0.02797629999986384	epochs	2.0
1570.7007437991822	0.014010599999892293	epochs	3.0
1570.714754399182	0.013965699999971548	epochs	3.0
1570.728720099182	0.027797200000122757	epochs	2.0
1570.728720099182	0.013920800000050804	epochs	3.0
1570.742640899182	0.013876400000071953	epochs	3.0
1570.7565172991822	0.027620399999932488	epochs	2.0
1570.7565172991822	0.013832200000024386	epochs	3.0
1570.7703494991822	0.013788199999908102	epochs	3.0
1570.784137699182	0.027445899999975154	epochs	2.0
1570.784137699182	0.01374460000010913	epochs	3.0
1570.7978822991822	0.013701299999866023	epochs	3.0
1570.811583599182	0.0272735000000921	epochs	2.0
1570.811583599182	0.013658200000008947	epochs	3.0
1570.825241799182	0.013615300000083153	epochs	3.0
1570.8388570991822	0.027103399999987232	epochs	2.0
1570.8388570991822	0.013572800000019924	epochs	3.0
1570.8524298991822	0.013530599999967308	epochs	3.0
1570.8659604991822	0.02693520000002536	epochs	2.0
1570.8659604991822	0.01348839999991469	epochs	3.0
1570.879448899182	0.01344680000011067	epochs	3.0
1570.8928956991822	0.026769199999989723	epochs	2.0
1570.8928956991822	0.013405199999851902	epochs	3.0
1570.906300899182	0.013364000000137821	epochs	3.0
1570.9196648991822	0.026605199999949036	epochs	2.0
1570.9196648991822	0.013322900000048321	epochs	3.0
1570.9329877991822	0.013282299999900715	epochs	3.0
1570.9462700991821	0.0264431999999033	epochs	2.0
1570.9462700991821	0.013241699999980483	epochs	3.0
1570.959511799182	0.013201499999922817	epochs	3.0
1570.972713299182	0.026283200000079887	epochs	2.0
1570.972713299182	0.013161500000023807	epochs	3.0
1570.985874799182	0.01312170000005608	epochs	3.0
1570.998996499182	0.02612500000009277	epochs	2.0
1570.998996499182	0.013082100000019636	epochs	3.0
1571.0120785991821	0.013042900000073132	epochs	3.0
1571.0251214991822	0.025968899999952555	epochs	2.0
1571.0251214991822	0.013003899999830537	epochs	3.0
1571.038125399182	0.012965000000122018	epochs	3.0
1571.0510903991822	0.025814500000024054	epochs	2.0
1571.0510903991822	0.012926399999969362	epochs	3.0
1571.0640167991821	0.012888100000054692	epochs	3.0
1571.0769048991822	0.025661899999931848	epochs	2.0
1571.0769048991822	0.012849899999991976	epochs	3.0
1571.0897547991822	0.012811999999939871	epochs	3.0
1571.1025667991821	0.025511199999982637	epochs	2.0
1571.1025667991821	0.012774400000125752	epochs	3.0
1571.1153411991822	0.012736799999856885	epochs	3.0
1571.128077999182	0.025362300000097093	epochs	2.0
1571.128077999182	0.01269969999998466	epochs	3.0
1571.140777699182	0.012662600000112434	epochs	3.0
1571.1534402991822	0.025214999999889187	epochs	2.0
1571.1534402991822	0.012625800000023446	epochs	3.0
1571.1660660991822	0.012589199999865741	epochs	3.0
1571.178655299182	0.024584799999956886	epochs	2.0
1571.2017551991821	0.5	epochs	-1.0
1571.203240099182	0.5269600000001446	epochs	1.0
1571.7302000991822	0.47296000000005733	epochs	0.0
1572.9210000038147	0.13223999999991065	epochs	0.0
1572.9210000038147	0.06112129999996796	epochs	1.0
1572.9821213038147	0.009997399999974732	epochs	1.0
1572.9921187038146	0.06112129999996796	epochs	1.0
1573.0532400038146	2.0	epochs	0.0
1575.0532400038146	0.5274400000000696	epochs	0.0
1575.0532400038146	0.5274400000000696	epochs	1.0
1575.0532751038147	0.5	epochs	-1.0
1575.5532751038147	0.027404899999964982	epochs	-1.0
1575.5806800038147	21.472480000000132	epochs	0.0
1576.5829997062683	0.13223999999991065	epochs	0.0
1576.5829997062683	0.06112129999996796	epochs	1.0
1576.6441210062683	0.009997399999974732	epochs	1.0
1576.6541184062683	0.06112129999996796	epochs	1.0
1576.7152397062682	2.0	epochs	0.0
1578.7152397062682	21.527840000000197	epochs	0.0
1578.7152397062682	1.0	epochs	1.0
1578.7152748062683	0.5	epochs	-1.0
1579.2152748062683	19.998479999999972	epochs	-1.0
1579.7152397062682	20.0	epochs	1.0
1579.7152397062682	4.356753900000058	epochs	-1.0
1579.7152397062682	1.9745872000000873	epochs	2.0
1579.7152397062682	1.0985622000000603	epochs	3.0
1580.8138019062683	0.8760250000000269	epochs	3.0
1581.6898269062683	1.3524075000000266	epochs	2.0
1581.6898269062683	0.7286355000001095	epochs	3.0
1582.4184624062684	0.6237719999999172	epochs	3.0
1583.0422344062683	1.029759199999944	epochs	2.0
1583.0422344062683	0.5453293000000485	epochs	3.0
1583.5875637062684	0.4844298999998955	epochs	3.0
1584.0719936062683	0.8317862000001242	epochs	2.0
1584.0719936062683	0.4357763000000432	epochs	3.0
1584.5077699062683	0.39600990000008096	epochs	3.0
1584.9037798062684	0.6977969999998095	epochs	2.0
1584.9037798062684	0.3628982000000178	epochs	3.0
1585.2666780062684	0.33489879999979166	epochs	3.0
1585.6015768062682	0.601045699999986	epochs	2.0
1585.6015768062682	0.3109123000001546	epochs	3.0
1585.9124891062684	0.29013339999983145	epochs	3.0
1586.2026225062682	0.5278859000000011	epochs	2.0
1586.2026225062682	0.2719586000000618	epochs	3.0
1586.4745811062683	0.25592729999993935	epochs	3.0
1586.7305084062682	0.4706193000001804	epochs	2.0
1586.7305084062682	0.24168130000020938	epochs	3.0
1586.9721897062684	0.228937999999971	epochs	3.0
1587.2011277062684	0.42457039999999324	epochs	2.0
1587.2011277062684	0.21747140000002219	epochs	3.0
1587.4185991062684	0.20709899999997106	epochs	3.0
1587.6256981062684	0.3867353999999068	epochs	2.0
1587.6256981062684	0.19767109999997956	epochs	3.0
1587.8233692062684	0.18906429999992724	epochs	3.0
1588.0124335062683	0.35509530000013	epochs	2.0
1588.0124335062683	0.18117589999997108	epochs	3.0
1588.1936094062683	0.17391940000015893	epochs	3.0
1588.3675288062684	0.3282431000000088	epochs	2.0
1588.3675288062684	0.16722189999995862	epochs	3.0
1588.5347507062684	0.16102120000005016	epochs	3.0
1588.6957719062684	0.3051679999998669	epochs	2.0
1588.6957719062684	0.15526389999990897	epochs	3.0
1588.8510358062683	0.1499040999999579	epochs	3.0
1589.0009399062683	0.28512530000011793	epochs	2.0
1589.0009399062683	0.1449021000000812	epochs	3.0
1589.1458420062684	0.14022320000003674	epochs	3.0
1589.2860652062684	0.2675537999998596	epochs	2.0
1589.2860652062684	0.1358368999999584	epochs	3.0
1589.4219021062684	0.13171689999990122	epochs	3.0
1589.5536190062683	0.25202290000015637	epochs	2.0
1589.5536190062683	0.1278393000000051	epochs	3.0
1589.6814583062683	0.12418360000015127	epochs	3.0
1589.8056419062684	0.23819649999995818	epochs	2.0
1589.8056419062684	0.1207310999998299	epochs	3.0
1589.9263730062682	0.11746540000012828	epochs	3.0
1590.0438384062684	0.22580879999986792	epochs	2.0
1590.0438384062684	0.1143718999999237	epochs	3.0
1590.1582103062683	0.11143689999994422	epochs	3.0
1590.2696472062682	0.2146460000001298	epochs	2.0
1590.2696472062682	0.10864890000016203	epochs	3.0
1590.3782961062684	0.10599709999996776	epochs	3.0
1590.4842932062684	0.2045349999998507	epochs	2.0
1590.4842932062684	0.1034714999998414	epochs	3.0
1590.5877647062682	0.1010635000000093	epochs	3.0
1590.6888282062682	0.19533400000000256	epochs	2.0
1590.6888282062682	0.09876510000003691	epochs	3.0
1590.7875933062683	0.09656889999996565	epochs	3.0
1590.8841622062682	0.18692529999998442	epochs	2.0
1590.8841622062682	0.09446830000001682	epochs	3.0
1590.9786305062682	0.09245699999996759	epochs	3.0
1591.0710875062682	0.1792107000001124	epochs	2.0
1591.0710875062682	0.0905296000000817	epochs	3.0
1591.1616171062683	0.08868110000003071	epochs	3.0
1591.2502982062683	0.17210769999996955	epochs	2.0
1591.2502982062683	0.08690630000000965	epochs	3.0
1591.3372045062683	0.0852013999999599	epochs	3.0
1591.4224059062683	0.16554640000003928	epochs	2.0
1591.4224059062683	0.08356189999994967	epochs	3.0
1591.5059678062682	0.08198450000008961	epochs	3.0
1591.5879523062683	0.15946710000002895	epochs	2.0
1591.5879523062683	0.08046539999986635	epochs	3.0
1591.6684177062682	0.0790017000001626	epochs	3.0
1591.7474194062684	0.1538183999998637	epochs	2.0
1591.7474194062684	0.07759009999995214	epochs	3.0
1591.8250095062683	0.07622829999991154	epochs	3.0
1591.9012378062682	0.14855640000018866	epochs	2.0
1591.9012378062682	0.07491330000016205	epochs	3.0
1591.9761511062684	0.0736431000000266	epochs	3.0
1592.0497942062684	0.1436423999998624	epochs	2.0
1592.0497942062684	0.07241499999986445	epochs	3.0
1592.1222092062683	0.07122739999999794	epochs	3.0
1592.1934366062683	0.13904309999998077	epochs	2.0
1592.1934366062683	0.07007799999996678	epochs	3.0
1592.2635146062682	0.06896510000001399	epochs	3.0
1592.3324797062683	0.1347293000001173	epochs	2.0
1592.3324797062683	0.0678871000000072	epochs	3.0
1592.4003668062683	0.0668422000001101	epochs	3.0
1592.4672090062684	0.1306752000000415	epochs	2.0
1592.4672090062684	0.06582909999997355	epochs	3.0
1592.5330381062684	0.06484610000006796	epochs	3.0
1592.5978842062684	0.1268577999999252	epochs	2.0
1592.5978842062684	0.06389199999989614	epochs	3.0
1592.6617762062683	0.06296580000002905	epochs	3.0
1592.7247420062683	0.12325719999989815	epochs	2.0
1592.7247420062683	0.06206580000002759	epochs	3.0
1592.7868078062684	0.061191399999870555	epochs	3.0
1592.8479992062682	0.11985540000000583	epochs	2.0
1592.8479992062682	0.060341099999959624	epochs	3.0
1592.9083403062682	0.059514300000046205	epochs	3.0
1592.9678546062682	0.11663620000012997	epochs	2.0
1592.9678546062682	0.05870960000015657	epochs	3.0
1593.0265642062684	0.057926599999973405	epochs	3.0
1593.0844908062684	0.11358559999985118	epochs	2.0
1593.0844908062684	0.05716419999998834	epochs	3.0
1593.1416550062684	0.05642139999986284	epochs	3.0
1593.1980764062682	0.11069050000014613	epochs	2.0
1593.1980764062682	0.055697900000041045	epochs	3.0
1593.2537743062683	0.054992600000105085	epochs	3.0
1593.3087669062684	0.10793909999983953	epochs	2.0
1593.3087669062684	0.05430490000003374	epochs	3.0
1593.3630718062684	0.05363419999980579	epochs	3.0
1593.4167060062682	0.10532150000017282	epochs	2.0
1593.4167060062682	0.052980000000161453	epochs	3.0
1593.4696860062684	0.052341500000011365	epochs	3.0
1593.5220275062684	0.10282759999995505	epochs	2.0
1593.5220275062684	0.05171810000001642	epochs	3.0
1593.5737456062684	0.051109499999938635	epochs	3.0
1593.6248551062683	0.10044909999987794	epochs	2.0
1593.6248551062683	0.050514900000052876	epochs	3.0
1593.6753700062684	0.04993419999982507	epochs	3.0
1593.7253042062682	0.09817830000019967	epochs	2.0
1593.7253042062682	0.04936659999998483	epochs	3.0
1593.7746708062682	0.04881170000021484	epochs	3.0
1593.8234825062684	0.09600779999982478	epochs	2.0
1593.8234825062684	0.048269199999822376	epochs	3.0
1593.8717517062682	0.04773860000000241	epochs	3.0
1593.9194903062682	0.09393120000004274	epochs	2.0
1593.9194903062682	0.04721949999998287	epochs	3.0
1593.9667098062682	0.046711700000059864	epochs	3.0
1594.0134215062683	0.09194260000003851	epochs	2.0
1594.0134215062683	0.046214599999984785	epochs	3.0
1594.0596361062683	0.045728000000053726	epochs	3.0
1594.1053641062683	0.09003630000006524	epochs	2.0
1594.1053641062683	0.045251499999949374	epochs	3.0
1594.1506156062683	0.044784800000115865	epochs	3.0
1594.1954004062684	0.08820760000003247	epochs	2.0
1594.1954004062684	0.044327800000019124	epochs	3.0
1594.2397282062684	0.04387980000001335	epochs	3.0
1594.2836080062684	0.0864516999999978	epochs	2.0
1594.2836080062684	0.04344099999980244	epochs	3.0
1594.3270490062682	0.04301070000019536	epochs	3.0
1594.3700597062684	0.08476429999996071	epochs	2.0
1594.3700597062684	0.04258899999990717	epochs	3.0
1594.4126487062683	0.04217530000005354	epochs	3.0
1594.4548240062684	0.08314150000001064	epochs	2.0
1594.4548240062684	0.04176970000003166	epochs	3.0
1594.4965937062684	0.041371799999978975	epochs	3.0
1594.5379655062684	0.08157970000002024	epochs	2.0
1594.5379655062684	0.040981399999964196	epochs	3.0
1594.5789469062684	0.04059830000005604	epochs	3.0
1594.6195452062684	0.08007549999979346	epochs	2.0
1594.6195452062684	0.04022229999986848	epochs	3.0
1594.6597675062683	0.03985319999992498	epochs	3.0
1594.6996207062682	0.07862570000020241	epochs	2.0
1594.6996207062682	0.039490800000066884	epochs	3.0
1594.7391115062683	0.03913490000013553	epochs	3.0
1594.7782464062684	0.07722759999978734	epochs	2.0
1594.7782464062684	0.03878539999982422	epochs	3.0
1594.8170318062682	0.03844219999996312	epochs	3.0
1594.8554740062682	0.07587820000003376	epochs	2.0
1594.8554740062682	0.03810480000015559	epochs	3.0
1594.8935788062684	0.037773399999878166	epochs	3.0
1594.9313522062682	0.0745752000000266	epochs	2.0
1594.9313522062682	0.03744770000002973	epochs	3.0
1594.9687999062683	0.03712749999999687	epochs	3.0
1595.0059274062683	0.07331629999998768	epochs	2.0
1595.0059274062683	0.0368129000000863	epochs	3.0
1595.0427403062683	0.036503399999901376	epochs	3.0
1595.0792437062682	0.07209899999998015	epochs	2.0
1595.0792437062682	0.03619909999997617	epochs	3.0
1595.1154428062682	0.03589990000000398	epochs	3.0
1595.1513427062682	0.07092170000009901	epochs	2.0
1595.1513427062682	0.03560560000005353	epochs	3.0
1595.1869483062683	0.03531610000004548	epochs	3.0
1595.2222644062683	0.06978200000003199	epochs	2.0
1595.2222644062683	0.03503120000004856	epochs	3.0
1595.2572956062684	0.03475079999998343	epochs	3.0
1595.2920464062684	0.06867859999988468	epochs	2.0
1595.2920464062684	0.03447510000000875	epochs	3.0
1595.3265215062684	0.03420349999987593	epochs	3.0
1595.3607250062682	0.06760930000018561	epochs	2.0
1595.3607250062682	0.033936199999970995	epochs	3.0
1595.3946612062682	0.03367310000021462	epochs	3.0
1595.4283343062684	0.06657289999998284	epochs	2.0
1595.4283343062684	0.03341399999999339	epochs	3.0
1595.4617483062684	0.033158899999989444	epochs	3.0
1595.4949072062684	0.06556779999982609	epochs	2.0
1595.4949072062684	0.03290769999989607	epochs	3.0
1595.5278149062683	0.032660099999930026	epochs	3.0
1595.5604750062682	0.06459259999996902	epochs	2.0
1595.5604750062682	0.03241640000010193	epochs	3.0
1595.5928914062683	0.032176199999867094	epochs	3.0
1595.6250676062682	0.06364600000006249	epochs	2.0
1595.6250676062682	0.03193960000021434	epochs	3.0
1595.6570072062684	0.031706399999848145	epochs	3.0
1595.6887136062683	0.0627266999999847	epochs	2.0
1595.6887136062683	0.03147660000013275	epochs	3.0
1595.7201902062684	0.031250099999851955	epochs	3.0
1595.7514403062683	0.06183359999999993	epochs	2.0
1595.7514403062683	0.031026900000142632	epochs	3.0
1595.7824672062684	0.0308066999998573	epochs	3.0
1595.8132739062683	0.06096560000014506	epochs	2.0
1595.8132739062683	0.03058980000014344	epochs	3.0
1595.8438637062684	0.030375800000001618	epochs	3.0
1595.8742395062684	0.06012160000000222	epochs	2.0
1595.8742395062684	0.030164899999817862	epochs	3.0
1595.9044044062682	0.029956700000184355	epochs	3.0
1595.9343611062684	0.05930069999999432	epochs	2.0
1595.9343611062684	0.029751599999826794	epochs	3.0
1595.9641127062682	0.029549100000167527	epochs	3.0
1595.9936618062684	0.05850179999993088	epochs	2.0
1595.9936618062684	0.02934940000000097	epochs	3.0
1596.0230112062684	0.029152399999929912	epochs	3.0
1596.0521636062683	0.05772419999993872	epochs	2.0
1596.0521636062683	0.028958000000102402	epochs	3.0
1596.0811216062684	0.028766199999836317	epochs	3.0
1596.1098878062683	0.05696710000006533	epochs	2.0
1596.1098878062683	0.028577000000041153	epochs	3.0
1596.1384648062683	0.028390100000024177	epochs	3.0
1596.1668549062683	0.05622949999997218	epochs	2.0
1596.1668549062683	0.028205699999944045	epochs	3.0
1596.1950606062683	0.028023800000028132	epochs	3.0
1596.2230844062683	0.05551070000001346	epochs	2.0
1596.2230844062683	0.027843999999959124	epochs	3.0
1596.2509284062683	0.027666700000054334	epochs	3.0
1596.2785951062683	0.054810200000019904	epochs	2.0
1596.2785951062683	0.02749149999999645	epochs	3.0
1596.3060866062683	0.027318700000023455	epochs	3.0
1596.3334053062683	0.054126999999880354	epochs	2.0
1596.3334053062683	0.027147799999966082	epochs	3.0
1596.3605531062683	0.026979199999914272	epochs	3.0
1596.3875323062682	0.05346070000018699	epochs	2.0
1596.3875323062682	0.026812600000084785	epochs	3.0
1596.4143449062683	0.026648100000102204	epochs	3.0
1596.4409930062684	0.05281070000000909	epochs	2.0
1596.4409930062684	0.0264855999998872	epochs	3.0
1596.4674786062683	0.026325100000121893	epochs	3.0
1596.4938037062684	0.052176199999848905	epochs	2.0
1596.4938037062684	0.026166399999965506	epochs	3.0
1596.5199701062684	0.0260097999998834	epochs	3.0
1596.5459799062683	0.051556699999991906	epochs	2.0
1596.5459799062683	0.02585480000016105	epochs	3.0
1596.5718347062684	0.025701899999830857	epochs	3.0
1596.5975366062682	0.05095189999997274	epochs	2.0
1596.5975366062682	0.025550700000167126	epochs	3.0
1596.6230873062684	0.025401199999805613	epochs	3.0
1596.6484885062682	0.05036100000006627	epochs	2.0
1596.6484885062682	0.025253500000189888	epochs	3.0
1596.6737420062684	0.02510749999987638	epochs	3.0
1596.6988495062683	0.04978380000011384	epochs	2.0
1596.6988495062683	0.02496320000000196	epochs	3.0
1596.7238127062683	0.02482060000011188	epochs	3.0
1596.7486333062684	0.04921949999993558	epochs	2.0
1596.7486333062684	0.024679399999968155	epochs	3.0
1596.7733127062684	0.024540099999967424	epochs	3.0
1596.7978528062683	0.04866790000005494	epochs	2.0
1596.7978528062683	0.024402099999861093	epochs	3.0
1596.8222549062682	0.02426580000019385	epochs	3.0
1596.8465207062684	0.048128599999927246	epochs	2.0
1596.8465207062684	0.02413099999989754	epochs	3.0
1596.8706517062683	0.023997600000029706	epochs	3.0
1596.8946493062683	0.047601100000065344	epochs	2.0
1596.8946493062683	0.023865800000066884	epochs	3.0
1596.9185151062684	0.02373529999999846	epochs	3.0
1596.9422504062684	0.04708499999992455	epochs	2.0
1596.9422504062684	0.023606299999983094	epochs	3.0
1596.9658567062684	0.023478699999941455	epochs	3.0
1596.9893354062683	0.046579999999948996	epochs	2.0
1596.9893354062683	0.023352500000100918	epochs	3.0
1597.0126879062684	0.023227499999848078	epochs	3.0
1597.0359154062683	0.046085700000048746	epochs	2.0
1597.0359154062683	0.023104000000103042	epochs	3.0
1597.0590194062684	0.022981699999945704	epochs	3.0
1597.0820011062683	0.045601799999985815	epochs	2.0
1597.0820011062683	0.02286069999991014	epochs	3.0
1597.1048618062682	0.022741100000075676	epochs	3.0
1597.1276029062683	0.04512790000012501	epochs	2.0
1597.1276029062683	0.022622500000125	epochs	3.0
1597.1502254062684	0.02250540000000001	epochs	3.0
1597.1727308062684	0.04466379999985293	epochs	2.0
1597.1727308062684	0.02238929999998618	epochs	3.0
1597.1951201062684	0.022274499999866748	epochs	3.0
1597.2173946062683	0.04420920000006845	epochs	2.0
1597.2173946062683	0.022160799999937808	epochs	3.0
1597.2395554062682	0.02204840000013064	epochs	3.0
1597.2616038062683	0.04376359999992019	epochs	2.0
1597.2616038062683	0.02193689999990056	epochs	3.0
1597.2835407062682	0.021826700000019628	epochs	3.0
1597.3053674062683	0.04332709999994222	epochs	2.0
1597.3053674062683	0.02171760000010181	epochs	3.0
1597.3270850062684	0.02160949999984041	epochs	3.0
1597.3486945062682	0.04289900000003399	epochs	2.0
1597.3486945062682	0.02150249999999687	epochs	3.0
1597.3701970062682	0.021396500000037122	epochs	3.0
1597.3915935062682	0.04247950000012679	epochs	2.0
1597.3915935062682	0.021291700000119818	epochs	3.0
1597.4128852062684	0.021187800000006973	epochs	3.0
1597.4340730062684	0.04206789999989269	epochs	2.0
1597.4340730062684	0.02108490000000529	epochs	3.0
1597.4551579062684	0.020982999999887397	epochs	3.0
1597.4761409062683	0.04166439999994509	epochs	2.0
1597.4761409062683	0.020882199999959994	epochs	3.0
1597.4970231062682	0.020782199999985096	epochs	3.0
1597.5178053062682	0.04126850000011473	epochs	2.0
1597.5178053062682	0.02068330000020069	epochs	3.0
1597.5384886062684	0.02058519999991404	epochs	3.0
1597.5590738062683	0.04088000000001557	epochs	2.0
1597.5590738062683	0.020488099999965925	epochs	3.0
1597.5795619062683	0.020391900000049645	epochs	3.0
1597.5999538062683	0.04049880000002304	epochs	2.0
1597.5999538062683	0.020296599999937825	epochs	3.0
1597.6202504062683	0.020202200000085213	epochs	3.0
1597.6404526062684	0.040124599999899146	epochs	2.0
1597.6404526062684	0.02010870000003706	epochs	3.0
1597.6605613062684	0.020015899999862086	epochs	3.0
1597.6805772062683	0.03975730000001931	epochs	2.0
1597.6805772062683	0.019924200000104975	epochs	3.0
1597.7005014062684	0.01983309999991434	epochs	3.0
1597.7203345062683	0.03939669999999751	epochs	2.0
1597.7203345062683	0.01974300000006224	epochs	3.0
1597.7400775062683	0.01965369999993527	epochs	3.0
1597.7597312062683	0.03904239999997117	epochs	2.0
1597.7597312062683	0.019565100000136226	epochs	3.0
1597.7792963062684	0.01947729999983494	epochs	3.0
1597.7987736062682	0.038694600000098944	epochs	2.0
1597.7987736062682	0.019390400000020236	epochs	3.0
1597.8181640062683	0.01930420000007871	epochs	3.0
1597.8374682062683	0.03835290000006353	epochs	2.0
1597.8374682062683	0.019218799999862313	epochs	3.0
1597.8566870062682	0.019134100000201215	epochs	3.0
1597.8758211062684	0.03801720000001296	epochs	2.0
1597.8758211062684	0.019050199999810502	epochs	3.0
1597.8948713062682	0.01896700000020246	epochs	3.0
1597.9138383062684	0.03768719999993664	epochs	2.0
1597.9138383062684	0.018884499999785476	epochs	3.0
1597.9327228062682	0.018802700000151162	epochs	3.0
1597.9515255062684	0.03736309999999321	epochs	2.0
1597.9515255062684	0.018721700000014607	epochs	3.0
1597.9702472062684	0.018641399999978603	epochs	3.0
1597.9888886062683	0.03704429999993408	epochs	2.0
1597.9888886062683	0.018561599999884493	epochs	3.0
1598.0074502062682	0.01848270000004959	epochs	3.0
1598.0259329062683	0.03673099999991791	epochs	2.0
1598.0259329062683	0.018404299999929208	epochs	3.0
1598.0443372062682	0.018326699999988705	epochs	3.0
1598.0626639062682	0.03642290000016146	epochs	2.0
1598.0626639062682	0.01824960000021747	epochs	3.0
1598.0809135062684	0.018173299999943993	epochs	3.0
1598.0990868062684	0.03612010000006194	epochs	2.0
1598.0990868062684	0.01809759999991911	epochs	3.0
1598.1171844062683	0.018022500000142827	epochs	3.0
1598.1352069062684	0.03582209999990482	epochs	2.0
1598.1352069062684	0.01794789999985369	epochs	3.0
1598.1531548062683	0.017874200000051133	epochs	3.0
1598.1710290062683	0.03552899999999681	epochs	2.0
1598.1710290062683	0.017800800000031813	epochs	3.0
1598.1888298062684	0.017728199999965	epochs	3.0
1598.2065580062683	0.03524070000003121	epochs	2.0
1598.2065580062683	0.017656100000067454	epochs	3.0
1598.2242141062684	0.017584599999963757	epochs	3.0
1598.2417987062684	0.03495709999992869	epochs	2.0
1598.2417987062684	0.017513699999881283	epochs	3.0
1598.2593124062682	0.017443400000047404	epochs	3.0
1598.2767558062683	0.03467790000013338	epochs	2.0
1598.2767558062683	0.017373599999928047	epochs	3.0
1598.2941294062682	0.01730430000020533	epochs	3.0
1598.3114337062684	0.03440329999989444	epochs	2.0
1598.3114337062684	0.017235699999901044	epochs	3.0
1598.3286694062683	0.0171675999999934	epochs	3.0
1598.3458370062683	0.03413279999995211	epochs	2.0
1598.3458370062683	0.01709989999994832	epochs	3.0
1598.3629369062683	0.017032900000003792	epochs	3.0
1598.3799698062683	0.03386670000008962	epochs	2.0
1598.3799698062683	0.01696640000000116	epochs	3.0
1598.3969362062683	0.016900300000088464	epochs	3.0
1598.4138365062684	0.03360459999998966	epochs	2.0
1598.4138365062684	0.01683479999996962	epochs	3.0
1598.4306713062683	0.01676980000002004	epochs	3.0
1598.4474411062683	0.033346599999958926	epochs	2.0
1598.4474411062683	0.016705300000012357	epochs	3.0
1598.4641464062684	0.01664129999994657	epochs	3.0
1598.4807877062683	0.03309250000006614	epochs	2.0
1598.4807877062683	0.016577800000050047	epochs	3.0
1598.4973655062684	0.01651470000001609	epochs	3.0
1598.5138802062684	0.03284229999985655	epochs	2.0
1598.5138802062684	0.01645220000000336	epochs	3.0
1598.5303324062684	0.01639009999985319	epochs	3.0
1598.5467225062682	0.03259570000000167	epochs	2.0
1598.5467225062682	0.016328400000020338	epochs	3.0
1598.5630509062682	0.016267299999981333	epochs	3.0
1598.5793182062682	0.032352899999978035	epochs	2.0
1598.5793182062682	0.016206600000032267	epochs	3.0
1598.5955248062683	0.016146299999945768	epochs	3.0
1598.6116711062682	0.032113700000081735	epochs	2.0
1598.6116711062682	0.016086600000107865	epochs	3.0
1598.6277577062683	0.01602709999997387	epochs	3.0
1598.6437848062683	0.03187800000000607	epochs	2.0
1598.6437848062683	0.015968200000088473	epochs	3.0
1598.6597530062684	0.015909799999917595	epochs	3.0
1598.6756628062683	0.03164570000012645	epochs	2.0
1598.6756628062683	0.015851599999905375	epochs	3.0
1598.6915144062682	0.01579410000022108	epochs	3.0
1598.7073085062684	0.031416699999908815	epochs	2.0
1598.7073085062684	0.01573669999993399	epochs	3.0
1598.7230452062684	0.015679999999974825	epochs	3.0
1598.7387252062683	0.03119109999988723	epochs	2.0
1598.7387252062683	0.015623600000026272	epochs	3.0
1598.7543488062684	0.015567499999860956	epochs	3.0
1598.7699163062682	0.03096870000013041	epochs	2.0
1598.7699163062682	0.01551200000017161	epochs	3.0
1598.7854283062684	0.0154566999999588	epochs	3.0
1598.8008850062683	0.030749499999956242	epochs	2.0
1598.8008850062683	0.015401999999994587	epochs	3.0
1598.8162870062683	0.015347499999961656	epochs	3.0
1598.8316345062683	0.03053320000003623	epochs	2.0
1598.8316345062683	0.015293400000018664	epochs	3.0
1598.8469279062683	0.015239800000017567	epochs	3.0
1598.8621677062683	0.030320099999926242	epochs	2.0
1598.8621677062683	0.015186500000027081	epochs	3.0
1598.8773542062684	0.015133599999899161	epochs	3.0
1598.8924878062683	0.03010990000007041	epochs	2.0
1598.8924878062683	0.015081000000009226	epochs	3.0
1598.9075688062683	0.015028900000061185	epochs	3.0
1598.9225977062683	0.029902499999934662	epochs	2.0
1598.9225977062683	0.014977000000044427	epochs	3.0
1598.9375747062684	0.014925499999890235	epochs	3.0
1598.9525002062683	0.0296981000001324	epochs	2.0
1598.9525002062683	0.014874400000053356	epochs	3.0
1598.9673746062683	0.014823700000079043	epochs	3.0
1598.9821983062684	0.029496299999891562	epochs	2.0
1598.9821983062684	0.01477319999980864	epochs	3.0
1598.9969715062682	0.014723100000082923	epochs	3.0
1599.0116946062683	0.029297400000132257	epochs	2.0
1599.0116946062683	0.014673399999992398	epochs	3.0
1599.0263680062683	0.014624000000139858	epochs	3.0
1599.0409920062684	0.029101099999934377	epochs	2.0
1599.0409920062684	0.014574899999843183	epochs	3.0
1599.0555669062683	0.014526200000091194	epochs	3.0
1599.0700931062684	0.028907399999980044	epochs	2.0
1599.0700931062684	0.014477700000043114	epochs	3.0
1599.0845708062684	0.014429699999936929	epochs	3.0
1599.0990005062683	0.028716199999962555	epochs	2.0
1599.0990005062683	0.014381799999910072	epochs	3.0
1599.1133823062682	0.014334400000052483	epochs	3.0
1599.1277167062683	0.02852759999996124	epochs	2.0
1599.1277167062683	0.014287199999898803	epochs	3.0
1599.1420039062682	0.014240400000062436	epochs	3.0
1599.1562443062683	0.028341400000044814	epochs	2.0
1599.1562443062683	0.014193800000157353	epochs	3.0
1599.1704381062684	0.014147599999887461	epochs	3.0
1599.1845857062683	0.028157700000065233	epochs	2.0
1599.1845857062683	0.014101700000082928	epochs	3.0
1599.1986874062684	0.014055999999982305	epochs	3.0
1599.2127434062684	0.02797629999986384	epochs	2.0
1599.2127434062684	0.014010599999892293	epochs	3.0
1599.2267540062683	0.013965699999971548	epochs	3.0
1599.2407197062682	0.027797200000122757	epochs	2.0
1599.2407197062682	0.013920800000050804	epochs	3.0
1599.2546405062683	0.013876400000071953	epochs	3.0
1599.2685169062684	0.027620399999932488	epochs	2.0
1599.2685169062684	0.013832200000024386	epochs	3.0
1599.2823491062684	0.013788199999908102	epochs	3.0
1599.2961373062683	0.027445899999975154	epochs	2.0
1599.2961373062683	0.01374460000010913	epochs	3.0
1599.3098819062684	0.013701299999866023	epochs	3.0
1599.3235832062683	0.0272735000000921	epochs	2.0
1599.3235832062683	0.013658200000008947	epochs	3.0
1599.3372414062683	0.013615300000083153	epochs	3.0
1599.3508567062684	0.027103399999987232	epochs	2.0
1599.3508567062684	0.013572800000019924	epochs	3.0
1599.3644295062684	0.013530599999967308	epochs	3.0
1599.3779601062683	0.02693520000002536	epochs	2.0
1599.3779601062683	0.01348839999991469	epochs	3.0
1599.3914485062683	0.01344680000011067	epochs	3.0
1599.4048953062684	0.026769199999989723	epochs	2.0
1599.4048953062684	0.013405199999851902	epochs	3.0
1599.4183005062682	0.013364000000137821	epochs	3.0
1599.4316645062684	0.026605199999949036	epochs	2.0
1599.4316645062684	0.013322900000048321	epochs	3.0
1599.4449874062684	0.013282299999900715	epochs	3.0
1599.4582697062683	0.0264431999999033	epochs	2.0
1599.4582697062683	0.013241699999980483	epochs	3.0
1599.4715114062683	0.013201499999922817	epochs	3.0
1599.4847129062682	0.026283200000079887	epochs	2.0
1599.4847129062682	0.013161500000023807	epochs	3.0
1599.4978744062682	0.01312170000005608	epochs	3.0
1599.5109961062683	0.02612500000009277	epochs	2.0
1599.5109961062683	0.013082100000019636	epochs	3.0
1599.5240782062683	0.013042900000073132	epochs	3.0
1599.5371211062684	0.025968899999952555	epochs	2.0
1599.5371211062684	0.013003899999830537	epochs	3.0
1599.5501250062682	0.012965000000122018	epochs	3.0
1599.5630900062683	0.025814500000024054	epochs	2.0
1599.5630900062683	0.012926399999969362	epochs	3.0
1599.5760164062683	0.012888100000054692	epochs	3.0
1599.5889045062684	0.025661899999931848	epochs	2.0
1599.5889045062684	0.012849899999991976	epochs	3.0
1599.6017544062684	0.012811999999939871	epochs	3.0
1599.6145664062683	0.025511199999982637	epochs	2.0
1599.6145664062683	0.012774400000125752	epochs	3.0
1599.6273408062684	0.012736799999856885	epochs	3.0
1599.6400776062683	0.025362300000097093	epochs	2.0
1599.6400776062683	0.01269969999998466	epochs	3.0
1599.6527773062683	0.012662600000112434	epochs	3.0
1599.6654399062684	0.025214999999889187	epochs	2.0
1599.6654399062684	0.012625800000023446	epochs	3.0
1599.6780657062684	0.012589199999865741	epochs	3.0
1599.6906549062683	0.024584799999956886	epochs	2.0
1599.7137548062683	0.5	epochs	-1.0
1599.7152397062682	0.5278400000001966	epochs	1.0
1600.2430797062684	0.4720800000000054	epochs	0.0
1601.2909998893738	0.13223999999991065	epochs	0.0
1601.2909998893738	0.06112129999996796	epochs	1.0
1601.3521211893737	0.009997399999974732	epochs	1.0
1601.3621185893737	0.06112129999996796	epochs	1.0
1601.4232398893737	2.0	epochs	0.0
1603.4232398893737	5.407440000000179	epochs	0.0
1603.4232398893737	1.0	epochs	1.0
1603.4232749893738	0.5	epochs	-1.0
1603.9232749893738	4.907404900000074	epochs	-1.0
1604.4232398893737	4.407440000000179	epochs	1.0
1604.4232398893737	4.356753900000058	epochs	-1.0
1604.4232398893737	1.9745872000000873	epochs	2.0
1604.4232398893737	1.0985622000000603	epochs	3.0
1605.5218020893738	0.8760250000000269	epochs	3.0
1606.3978270893738	1.3524075000000266	epochs	2.0
1606.3978270893738	0.7286355000001095	epochs	3.0
1607.126462589374	0.6237719999999172	epochs	3.0
1607.7502345893738	1.029759199999944	epochs	2.0
1607.7502345893738	0.5453293000000485	epochs	3.0
1608.2955638893739	0.4844298999998955	epochs	3.0
1608.7799937893737	0.05068610000012086	epochs	2.0
1608.7799937893737	0.05068610000012086	epochs	3.0
1608.8306798893739	16.592480000000023	epochs	0.0
1609.8610000610352	0.13223999999991065	epochs	0.0
1609.8610000610352	0.06112129999996796	epochs	1.0
1609.9221213610351	0.009997399999974732	epochs	1.0
1609.932118761035	0.06112129999996796	epochs	1.0
1609.993240061035	2.0	epochs	0.0
1611.993240061035	21.999920000000202	epochs	0.0
1611.993240061035	1.0	epochs	1.0
1611.9932751610352	0.5	epochs	-1.0
1612.4932751610352	19.998080000000073	epochs	-1.0
1612.993240061035	20.0	epochs	1.0
1612.993240061035	4.356753900000058	epochs	-1.0
1612.993240061035	1.9745872000000873	epochs	2.0
1612.993240061035	1.0985622000000603	epochs	3.0
1614.0918022610351	0.8760250000000269	epochs	3.0
1614.9678272610352	1.3524075000000266	epochs	2.0
1614.9678272610352	0.7286355000001095	epochs	3.0
1615.6964627610353	0.6237719999999172	epochs	3.0
1616.3202347610352	1.029759199999944	epochs	2.0
1616.3202347610352	0.5453293000000485	epochs	3.0
1616.8655640610352	0.4844298999998955	epochs	3.0
1617.3499939610351	0.8317862000001242	epochs	2.0
1617.3499939610351	0.4357763000000432	epochs	3.0
1617.7857702610352	0.39600990000008096	epochs	3.0
1618.1817801610352	0.6977969999998095	epochs	2.0
1618.1817801610352	0.3628982000000178	epochs	3.0
1618.5446783610353	0.33489879999979166	epochs	3.0
1618.879577161035	0.601045699999986	epochs	2.0
1618.879577161035	0.3109123000001546	epochs	3.0
1619.1904894610352	0.29013339999983145	epochs	3.0
1619.480622861035	0.5278859000000011	epochs	2.0
1619.480622861035	0.2719586000000618	epochs	3.0
1619.752581461035	0.25592729999993935	epochs	3.0
1620.008508761035	0.4706193000001804	epochs	2.0
1620.008508761035	0.24168130000020938	epochs	3.0
1620.2501900610353	0.228937999999971	epochs	3.0
1620.4791280610352	0.42457039999999324	epochs	2.0
1620.4791280610352	0.21747140000002219	epochs	3.0
1620.6965994610352	0.20709899999997106	epochs	3.0
1620.9036984610352	0.3867353999999068	epochs	2.0
1620.9036984610352	0.19767109999997956	epochs	3.0
1621.1013695610352	0.18906429999992724	epochs	3.0
1621.2904338610351	0.35509530000013	epochs	2.0
1621.2904338610351	0.18117589999997108	epochs	3.0
1621.471609761035	0.17391940000015893	epochs	3.0
1621.6455291610353	0.3282431000000088	epochs	2.0
1621.6455291610353	0.16722189999995862	epochs	3.0
1621.8127510610352	0.16102120000005016	epochs	3.0
1621.9737722610353	0.3051679999998669	epochs	2.0
1621.9737722610353	0.15526389999990897	epochs	3.0
1622.1290361610352	0.1499040999999579	epochs	3.0
1622.2789402610351	0.28512530000011793	epochs	2.0
1622.2789402610351	0.1449021000000812	epochs	3.0
1622.4238423610352	0.14022320000003674	epochs	3.0
1622.5640655610352	0.2675537999998596	epochs	2.0
1622.5640655610352	0.1358368999999584	epochs	3.0
1622.6999024610352	0.13171689999990122	epochs	3.0
1622.831619361035	0.25202290000015637	epochs	2.0
1622.831619361035	0.1278393000000051	epochs	3.0
1622.9594586610351	0.12418360000015127	epochs	3.0
1623.0836422610353	0.23819649999995818	epochs	2.0
1623.0836422610353	0.1207310999998299	epochs	3.0
1623.204373361035	0.11746540000012828	epochs	3.0
1623.3218387610352	0.22580879999986792	epochs	2.0
1623.3218387610352	0.1143718999999237	epochs	3.0
1623.4362106610351	0.11143689999994422	epochs	3.0
1623.547647561035	0.2146460000001298	epochs	2.0
1623.547647561035	0.10864890000016203	epochs	3.0
1623.6562964610353	0.10599709999996776	epochs	3.0
1623.7622935610352	0.2045349999998507	epochs	2.0
1623.7622935610352	0.1034714999998414	epochs	3.0
1623.865765061035	0.1010635000000093	epochs	3.0
1623.966828561035	0.19533400000000256	epochs	2.0
1623.966828561035	0.09876510000003691	epochs	3.0
1624.065593661035	0.09656889999996565	epochs	3.0
1624.162162561035	0.18692529999998442	epochs	2.0
1624.162162561035	0.09446830000001682	epochs	3.0
1624.256630861035	0.09245699999996759	epochs	3.0
1624.349087861035	0.1792107000001124	epochs	2.0
1624.349087861035	0.0905296000000817	epochs	3.0
1624.4396174610351	0.08868110000003071	epochs	3.0
1624.5282985610352	0.17210769999996955	epochs	2.0
1624.5282985610352	0.08690630000000965	epochs	3.0
1624.6152048610352	0.0852013999999599	epochs	3.0
1624.7004062610351	0.16554640000003928	epochs	2.0
1624.7004062610351	0.08356189999994967	epochs	3.0
1624.783968161035	0.08198450000008961	epochs	3.0
1624.8659526610352	0.15946710000002895	epochs	2.0
1624.8659526610352	0.08046539999986635	epochs	3.0
1624.946418061035	0.0790017000001626	epochs	3.0
1625.0254197610352	0.1538183999998637	epochs	2.0
1625.0254197610352	0.07759009999995214	epochs	3.0
1625.1030098610352	0.07622829999991154	epochs	3.0
1625.179238161035	0.14855640000018866	epochs	2.0
1625.179238161035	0.07491330000016205	epochs	3.0
1625.2541514610352	0.0736431000000266	epochs	3.0
1625.3277945610353	0.1436423999998624	epochs	2.0
1625.3277945610353	0.07241499999986445	epochs	3.0
1625.4002095610351	0.07122739999999794	epochs	3.0
1625.4714369610351	0.13904309999998077	epochs	2.0
1625.4714369610351	0.07007799999996678	epochs	3.0
1625.541514961035	0.06896510000001399	epochs	3.0
1625.610480061035	0.1347293000001173	epochs	2.0
1625.610480061035	0.0678871000000072	epochs	3.0
1625.678367161035	0.0668422000001101	epochs	3.0
1625.7452093610352	0.1306752000000415	epochs	2.0
1625.7452093610352	0.06582909999997355	epochs	3.0
1625.8110384610352	0.06484610000006796	epochs	3.0
1625.8758845610353	0.1268577999999252	epochs	2.0
1625.8758845610353	0.06389199999989614	epochs	3.0
1625.9397765610352	0.06296580000002905	epochs	3.0
1626.0027423610352	0.12325719999989815	epochs	2.0
1626.0027423610352	0.06206580000002759	epochs	3.0
1626.0648081610352	0.061191399999870555	epochs	3.0
1626.125999561035	0.11985540000000583	epochs	2.0
1626.125999561035	0.060341099999959624	epochs	3.0
1626.186340661035	0.059514300000046205	epochs	3.0
1626.245854961035	0.11663620000012997	epochs	2.0
1626.245854961035	0.05870960000015657	epochs	3.0
1626.3045645610352	0.057926599999973405	epochs	3.0
1626.3624911610352	0.11358559999985118	epochs	2.0
1626.3624911610352	0.05716419999998834	epochs	3.0
1626.4196553610352	0.05642139999986284	epochs	3.0
1626.476076761035	0.11069050000014613	epochs	2.0
1626.476076761035	0.055697900000041045	epochs	3.0
1626.5317746610351	0.054992600000105085	epochs	3.0
1626.5867672610352	0.10793909999983953	epochs	2.0
1626.5867672610352	0.05430490000003374	epochs	3.0
1626.6410721610353	0.05363419999980579	epochs	3.0
1626.694706361035	0.10532150000017282	epochs	2.0
1626.694706361035	0.052980000000161453	epochs	3.0
1626.7476863610352	0.052341500000011365	epochs	3.0
1626.8000278610352	0.10282759999995505	epochs	2.0
1626.8000278610352	0.05171810000001642	epochs	3.0
1626.8517459610352	0.051109499999938635	epochs	3.0
1626.9028554610352	0.10044909999987794	epochs	2.0
1626.9028554610352	0.050514900000052876	epochs	3.0
1626.9533703610352	0.04993419999982507	epochs	3.0
1627.003304561035	0.09817830000019967	epochs	2.0
1627.003304561035	0.04936659999998483	epochs	3.0
1627.052671161035	0.04881170000021484	epochs	3.0
1627.1014828610353	0.09600779999982478	epochs	2.0
1627.1014828610353	0.048269199999822376	epochs	3.0
1627.149752061035	0.04773860000000241	epochs	3.0
1627.197490661035	0.09393120000004274	epochs	2.0
1627.197490661035	0.04721949999998287	epochs	3.0
1627.244710161035	0.046711700000059864	epochs	3.0
1627.2914218610351	0.09194260000003851	epochs	2.0
1627.2914218610351	0.046214599999984785	epochs	3.0
1627.3376364610351	0.045728000000053726	epochs	3.0
1627.3833644610352	0.09003630000006524	epochs	2.0
1627.3833644610352	0.045251499999949374	epochs	3.0
1627.4286159610351	0.044784800000115865	epochs	3.0
1627.4734007610352	0.08820760000003247	epochs	2.0
1627.4734007610352	0.044327800000019124	epochs	3.0
1627.5177285610353	0.04387980000001335	epochs	3.0
1627.5616083610353	0.0864516999999978	epochs	2.0
1627.5616083610353	0.04344099999980244	epochs	3.0
1627.605049361035	0.04301070000019536	epochs	3.0
1627.6480600610353	0.08476429999996071	epochs	2.0
1627.6480600610353	0.04258899999990717	epochs	3.0
1627.6906490610352	0.04217530000005354	epochs	3.0
1627.7328243610352	0.08314150000001064	epochs	2.0
1627.7328243610352	0.04176970000003166	epochs	3.0
1627.7745940610353	0.041371799999978975	epochs	3.0
1627.8159658610352	0.08157970000002024	epochs	2.0
1627.8159658610352	0.040981399999964196	epochs	3.0
1627.8569472610352	0.04059830000005604	epochs	3.0
1627.8975455610353	0.08007549999979346	epochs	2.0
1627.8975455610353	0.04022229999986848	epochs	3.0
1627.9377678610351	0.03985319999992498	epochs	3.0
1627.977621061035	0.07862570000020241	epochs	2.0
1627.977621061035	0.039490800000066884	epochs	3.0
1628.0171118610351	0.03913490000013553	epochs	3.0
1628.0562467610353	0.07722759999978734	epochs	2.0
1628.0562467610353	0.03878539999982422	epochs	3.0
1628.095032161035	0.03844219999996312	epochs	3.0
1628.133474361035	0.07587820000003376	epochs	2.0
1628.133474361035	0.03810480000015559	epochs	3.0
1628.1715791610352	0.037773399999878166	epochs	3.0
1628.209352561035	0.0745752000000266	epochs	2.0
1628.209352561035	0.03744770000002973	epochs	3.0
1628.246800261035	0.03712749999999687	epochs	3.0
1628.283927761035	0.07331629999998768	epochs	2.0
1628.283927761035	0.0368129000000863	epochs	3.0
1628.3207406610352	0.036503399999901376	epochs	3.0
1628.357244061035	0.07209899999998015	epochs	2.0
1628.357244061035	0.03619909999997617	epochs	3.0
1628.393443161035	0.03589990000000398	epochs	3.0
1628.429343061035	0.07092170000009901	epochs	2.0
1628.429343061035	0.03560560000005353	epochs	3.0
1628.4649486610351	0.03531610000004548	epochs	3.0
1628.5002647610352	0.06978200000003199	epochs	2.0
1628.5002647610352	0.03503120000004856	epochs	3.0
1628.5352959610352	0.03475079999998343	epochs	3.0
1628.5700467610352	0.06867859999988468	epochs	2.0
1628.5700467610352	0.03447510000000875	epochs	3.0
1628.6045218610352	0.03420349999987593	epochs	3.0
1628.638725361035	0.06760930000018561	epochs	2.0
1628.638725361035	0.033936199999970995	epochs	3.0
1628.672661561035	0.03367310000021462	epochs	3.0
1628.7063346610353	0.06657289999998284	epochs	2.0
1628.7063346610353	0.03341399999999339	epochs	3.0
1628.7397486610353	0.033158899999989444	epochs	3.0
1628.7729075610353	0.06556779999982609	epochs	2.0
1628.7729075610353	0.03290769999989607	epochs	3.0
1628.8058152610351	0.032660099999930026	epochs	3.0
1628.838475361035	0.06459259999996902	epochs	2.0
1628.838475361035	0.03241640000010193	epochs	3.0
1628.8708917610352	0.032176199999867094	epochs	3.0
1628.903067961035	0.06364600000006249	epochs	2.0
1628.903067961035	0.03193960000021434	epochs	3.0
1628.9350075610353	0.031706399999848145	epochs	3.0
1628.966713961035	0.0627266999999847	epochs	2.0
1628.966713961035	0.03147660000013275	epochs	3.0
1628.9981905610352	0.031250099999851955	epochs	3.0
1629.029440661035	0.06183359999999993	epochs	2.0
1629.029440661035	0.031026900000142632	epochs	3.0
1629.0604675610352	0.0308066999998573	epochs	3.0
1629.091274261035	0.06096560000014506	epochs	2.0
1629.091274261035	0.03058980000014344	epochs	3.0
1629.1218640610352	0.030375800000001618	epochs	3.0
1629.1522398610352	0.06012160000000222	epochs	2.0
1629.1522398610352	0.030164899999817862	epochs	3.0
1629.182404761035	0.029956700000184355	epochs	3.0
1629.2123614610352	0.05930069999999432	epochs	2.0
1629.2123614610352	0.029751599999826794	epochs	3.0
1629.242113061035	0.029549100000167527	epochs	3.0
1629.2716621610352	0.05850179999993088	epochs	2.0
1629.2716621610352	0.02934940000000097	epochs	3.0
1629.3010115610352	0.029152399999929912	epochs	3.0
1629.3301639610352	0.05772419999993872	epochs	2.0
1629.3301639610352	0.028958000000102402	epochs	3.0
1629.3591219610353	0.028766199999836317	epochs	3.0
1629.387888161035	0.05696710000006533	epochs	2.0
1629.387888161035	0.028577000000041153	epochs	3.0
1629.4164651610351	0.028390100000024177	epochs	3.0
1629.4448552610352	0.05622949999997218	epochs	2.0
1629.4448552610352	0.028205699999944045	epochs	3.0
1629.4730609610351	0.028023800000028132	epochs	3.0
1629.5010847610351	0.05551070000001346	epochs	2.0
1629.5010847610351	0.027843999999959124	epochs	3.0
1629.528928761035	0.027666700000054334	epochs	3.0
1629.5565954610352	0.054810200000019904	epochs	2.0
1629.5565954610352	0.02749149999999645	epochs	3.0
1629.5840869610352	0.027318700000023455	epochs	3.0
1629.6114056610352	0.054126999999880354	epochs	2.0
1629.6114056610352	0.027147799999966082	epochs	3.0
1629.6385534610351	0.026979199999914272	epochs	3.0
1629.665532661035	0.05346070000018699	epochs	2.0
1629.665532661035	0.026812600000084785	epochs	3.0
1629.6923452610351	0.026648100000102204	epochs	3.0
1629.7189933610352	0.05281070000000909	epochs	2.0
1629.7189933610352	0.0264855999998872	epochs	3.0
1629.7454789610351	0.026325100000121893	epochs	3.0
1629.7718040610353	0.052176199999848905	epochs	2.0
1629.7718040610353	0.026166399999965506	epochs	3.0
1629.7979704610352	0.0260097999998834	epochs	3.0
1629.823980261035	0.051556699999991906	epochs	2.0
1629.823980261035	0.02585480000016105	epochs	3.0
1629.8498350610353	0.025701899999830857	epochs	3.0
1629.875536961035	0.05095189999997274	epochs	2.0
1629.875536961035	0.025550700000167126	epochs	3.0
1629.9010876610353	0.025401199999805613	epochs	3.0
1629.926488861035	0.05036100000006627	epochs	2.0
1629.926488861035	0.025253500000189888	epochs	3.0
1629.9517423610353	0.02510749999987638	epochs	3.0
1629.9768498610351	0.04978380000011384	epochs	2.0
1629.9768498610351	0.02496320000000196	epochs	3.0
1630.0018130610351	0.02482060000011188	epochs	3.0
1630.0266336610352	0.04921949999993558	epochs	2.0
1630.0266336610352	0.024679399999968155	epochs	3.0
1630.0513130610352	0.024540099999967424	epochs	3.0
1630.0758531610352	0.04866790000005494	epochs	2.0
1630.0758531610352	0.024402099999861093	epochs	3.0
1630.100255261035	0.02426580000019385	epochs	3.0
1630.1245210610352	0.048128599999927246	epochs	2.0
1630.1245210610352	0.02413099999989754	epochs	3.0
1630.1486520610351	0.023997600000029706	epochs	3.0
1630.1726496610352	0.047601100000065344	epochs	2.0
1630.1726496610352	0.023865800000066884	epochs	3.0
1630.1965154610352	0.02373529999999846	epochs	3.0
1630.2202507610352	0.04708499999992455	epochs	2.0
1630.2202507610352	0.023606299999983094	epochs	3.0
1630.2438570610352	0.023478699999941455	epochs	3.0
1630.2673357610352	0.046579999999948996	epochs	2.0
1630.2673357610352	0.023352500000100918	epochs	3.0
1630.2906882610353	0.023227499999848078	epochs	3.0
1630.313915761035	0.046085700000048746	epochs	2.0
1630.313915761035	0.023104000000103042	epochs	3.0
1630.3370197610352	0.022981699999945704	epochs	3.0
1630.3600014610352	0.045601799999985815	epochs	2.0
1630.3600014610352	0.02286069999991014	epochs	3.0
1630.382862161035	0.022741100000075676	epochs	3.0
1630.4056032610351	0.04512790000012501	epochs	2.0
1630.4056032610351	0.022622500000125	epochs	3.0
1630.4282257610353	0.02250540000000001	epochs	3.0
1630.4507311610353	0.04466379999985293	epochs	2.0
1630.4507311610353	0.02238929999998618	epochs	3.0
1630.4731204610353	0.022274499999866748	epochs	3.0
1630.4953949610351	0.04420920000006845	epochs	2.0
1630.4953949610351	0.022160799999937808	epochs	3.0
1630.517555761035	0.02204840000013064	epochs	3.0
1630.5396041610352	0.04376359999992019	epochs	2.0
1630.5396041610352	0.02193689999990056	epochs	3.0
1630.561541061035	0.021826700000019628	epochs	3.0
1630.583367761035	0.04332709999994222	epochs	2.0
1630.583367761035	0.02171760000010181	epochs	3.0
1630.6050853610352	0.02160949999984041	epochs	3.0
1630.626694861035	0.04289900000003399	epochs	2.0
1630.626694861035	0.02150249999999687	epochs	3.0
1630.648197361035	0.021396500000037122	epochs	3.0
1630.669593861035	0.04247950000012679	epochs	2.0
1630.669593861035	0.021291700000119818	epochs	3.0
1630.6908855610352	0.021187800000006973	epochs	3.0
1630.7120733610352	0.04206789999989269	epochs	2.0
1630.7120733610352	0.02108490000000529	epochs	3.0
1630.7331582610352	0.020982999999887397	epochs	3.0
1630.754141261035	0.04166439999994509	epochs	2.0
1630.754141261035	0.020882199999959994	epochs	3.0
1630.775023461035	0.020782199999985096	epochs	3.0
1630.795805661035	0.04126850000011473	epochs	2.0
1630.795805661035	0.02068330000020069	epochs	3.0
1630.8164889610352	0.02058519999991404	epochs	3.0
1630.8370741610352	0.04088000000001557	epochs	2.0
1630.8370741610352	0.020488099999965925	epochs	3.0
1630.8575622610351	0.020391900000049645	epochs	3.0
1630.8779541610352	0.04049880000002304	epochs	2.0
1630.8779541610352	0.020296599999937825	epochs	3.0
1630.8982507610351	0.020202200000085213	epochs	3.0
1630.9184529610352	0.040124599999899146	epochs	2.0
1630.9184529610352	0.02010870000003706	epochs	3.0
1630.9385616610352	0.020015899999862086	epochs	3.0
1630.958577561035	0.03975730000001931	epochs	2.0
1630.958577561035	0.019924200000104975	epochs	3.0
1630.9785017610352	0.01983309999991434	epochs	3.0
1630.9983348610351	0.03939669999999751	epochs	2.0
1630.9983348610351	0.01974300000006224	epochs	3.0
1631.0180778610352	0.01965369999993527	epochs	3.0
1631.0377315610351	0.03904239999997117	epochs	2.0
1631.0377315610351	0.019565100000136226	epochs	3.0
1631.0572966610353	0.01947729999983494	epochs	3.0
1631.076773961035	0.038694600000098944	epochs	2.0
1631.076773961035	0.019390400000020236	epochs	3.0
1631.096164361035	0.01930420000007871	epochs	3.0
1631.1154685610352	0.03835290000006353	epochs	2.0
1631.1154685610352	0.019218799999862313	epochs	3.0
1631.134687361035	0.019134100000201215	epochs	3.0
1631.1538214610352	0.03801720000001296	epochs	2.0
1631.1538214610352	0.019050199999810502	epochs	3.0
1631.172871661035	0.01896700000020246	epochs	3.0
1631.1918386610353	0.03768719999993664	epochs	2.0
1631.1918386610353	0.018884499999785476	epochs	3.0
1631.210723161035	0.018802700000151162	epochs	3.0
1631.2295258610352	0.03736309999999321	epochs	2.0
1631.2295258610352	0.018721700000014607	epochs	3.0
1631.2482475610352	0.018641399999978603	epochs	3.0
1631.2668889610352	0.03704429999993408	epochs	2.0
1631.2668889610352	0.018561599999884493	epochs	3.0
1631.285450561035	0.01848270000004959	epochs	3.0
1631.3039332610351	0.03673099999991791	epochs	2.0
1631.3039332610351	0.018404299999929208	epochs	3.0
1631.322337561035	0.018326699999988705	epochs	3.0
1631.340664261035	0.03642290000016146	epochs	2.0
1631.340664261035	0.01824960000021747	epochs	3.0
1631.3589138610353	0.018173299999943993	epochs	3.0
1631.3770871610352	0.03612010000006194	epochs	2.0
1631.3770871610352	0.01809759999991911	epochs	3.0
1631.3951847610351	0.018022500000142827	epochs	3.0
1631.4132072610353	0.03582209999990482	epochs	2.0
1631.4132072610353	0.01794789999985369	epochs	3.0
1631.4311551610351	0.017874200000051133	epochs	3.0
1631.4490293610352	0.03552899999999681	epochs	2.0
1631.4490293610352	0.017800800000031813	epochs	3.0
1631.4668301610352	0.017728199999965	epochs	3.0
1631.4845583610352	0.03524070000003121	epochs	2.0
1631.4845583610352	0.017656100000067454	epochs	3.0
1631.5022144610352	0.017584599999963757	epochs	3.0
1631.5197990610352	0.03495709999992869	epochs	2.0
1631.5197990610352	0.017513699999881283	epochs	3.0
1631.537312761035	0.017443400000047404	epochs	3.0
1631.5547561610351	0.03467790000013338	epochs	2.0
1631.5547561610351	0.017373599999928047	epochs	3.0
1631.572129761035	0.01730430000020533	epochs	3.0
1631.5894340610353	0.03440329999989444	epochs	2.0
1631.5894340610353	0.017235699999901044	epochs	3.0
1631.6066697610352	0.0171675999999934	epochs	3.0
1631.6238373610352	0.03413279999995211	epochs	2.0
1631.6238373610352	0.01709989999994832	epochs	3.0
1631.640937261035	0.017032900000003792	epochs	3.0
1631.657970161035	0.03386670000008962	epochs	2.0
1631.657970161035	0.01696640000000116	epochs	3.0
1631.674936561035	0.016900300000088464	epochs	3.0
1631.6918368610352	0.03360459999998966	epochs	2.0
1631.6918368610352	0.01683479999996962	epochs	3.0
1631.7086716610352	0.01676980000002004	epochs	3.0
1631.7254414610352	0.033346599999958926	epochs	2.0
1631.7254414610352	0.016705300000012357	epochs	3.0
1631.7421467610352	0.01664129999994657	epochs	3.0
1631.7587880610351	0.03309250000006614	epochs	2.0
1631.7587880610351	0.016577800000050047	epochs	3.0
1631.7753658610352	0.01651470000001609	epochs	3.0
1631.7918805610352	0.03284229999985655	epochs	2.0
1631.7918805610352	0.01645220000000336	epochs	3.0
1631.8083327610352	0.01639009999985319	epochs	3.0
1631.824722861035	0.03259570000000167	epochs	2.0
1631.824722861035	0.016328400000020338	epochs	3.0
1631.841051261035	0.016267299999981333	epochs	3.0
1631.857318561035	0.032352899999978035	epochs	2.0
1631.857318561035	0.016206600000032267	epochs	3.0
1631.873525161035	0.016146299999945768	epochs	3.0
1631.889671461035	0.032113700000081735	epochs	2.0
1631.889671461035	0.016086600000107865	epochs	3.0
1631.9057580610352	0.01602709999997387	epochs	3.0
1631.9217851610351	0.03187800000000607	epochs	2.0
1631.9217851610351	0.015968200000088473	epochs	3.0
1631.9377533610352	0.015909799999917595	epochs	3.0
1631.9536631610351	0.03164570000012645	epochs	2.0
1631.9536631610351	0.015851599999905375	epochs	3.0
1631.969514761035	0.01579410000022108	epochs	3.0
1631.9853088610353	0.031416699999908815	epochs	2.0
1631.9853088610353	0.01573669999993399	epochs	3.0
1632.0010455610352	0.015679999999974825	epochs	3.0
1632.0167255610352	0.03119109999988723	epochs	2.0
1632.0167255610352	0.015623600000026272	epochs	3.0
1632.0323491610352	0.015567499999860956	epochs	3.0
1632.047916661035	0.03096870000013041	epochs	2.0
1632.047916661035	0.01551200000017161	epochs	3.0
1632.0634286610352	0.0154566999999588	epochs	3.0
1632.0788853610352	0.030749499999956242	epochs	2.0
1632.0788853610352	0.015401999999994587	epochs	3.0
1632.0942873610352	0.015347499999961656	epochs	3.0
1632.1096348610351	0.03053320000003623	epochs	2.0
1632.1096348610351	0.015293400000018664	epochs	3.0
1632.1249282610352	0.015239800000017567	epochs	3.0
1632.1401680610352	0.030320099999926242	epochs	2.0
1632.1401680610352	0.015186500000027081	epochs	3.0
1632.1553545610352	0.015133599999899161	epochs	3.0
1632.170488161035	0.03010990000007041	epochs	2.0
1632.170488161035	0.015081000000009226	epochs	3.0
1632.1855691610351	0.015028900000061185	epochs	3.0
1632.2005980610352	0.029902499999934662	epochs	2.0
1632.2005980610352	0.014977000000044427	epochs	3.0
1632.2155750610352	0.014925499999890235	epochs	3.0
1632.2305005610351	0.0296981000001324	epochs	2.0
1632.2305005610351	0.014874400000053356	epochs	3.0
1632.2453749610352	0.014823700000079043	epochs	3.0
1632.2601986610352	0.029496299999891562	epochs	2.0
1632.2601986610352	0.01477319999980864	epochs	3.0
1632.274971861035	0.014723100000082923	epochs	3.0
1632.2896949610351	0.029297400000132257	epochs	2.0
1632.2896949610351	0.014673399999992398	epochs	3.0
1632.3043683610351	0.014624000000139858	epochs	3.0
1632.3189923610353	0.029101099999934377	epochs	2.0
1632.3189923610353	0.014574899999843183	epochs	3.0
1632.3335672610351	0.014526200000091194	epochs	3.0
1632.3480934610352	0.028907399999980044	epochs	2.0
1632.3480934610352	0.014477700000043114	epochs	3.0
1632.3625711610352	0.014429699999936929	epochs	3.0
1632.3770008610352	0.028716199999962555	epochs	2.0
1632.3770008610352	0.014381799999910072	epochs	3.0
1632.391382661035	0.014334400000052483	epochs	3.0
1632.4057170610351	0.02852759999996124	epochs	2.0
1632.4057170610351	0.014287199999898803	epochs	3.0
1632.420004261035	0.014240400000062436	epochs	3.0
1632.434244661035	0.028341400000044814	epochs	2.0
1632.434244661035	0.014193800000157353	epochs	3.0
1632.4484384610353	0.014147599999887461	epochs	3.0
1632.4625860610352	0.028157700000065233	epochs	2.0
1632.4625860610352	0.014101700000082928	epochs	3.0
1632.4766877610352	0.014055999999982305	epochs	3.0
1632.4907437610352	0.02797629999986384	epochs	2.0
1632.4907437610352	0.014010599999892293	epochs	3.0
1632.504754361035	0.013965699999971548	epochs	3.0
1632.518720061035	0.027797200000122757	epochs	2.0
1632.518720061035	0.013920800000050804	epochs	3.0
1632.5326408610351	0.013876400000071953	epochs	3.0
1632.5465172610352	0.027620399999932488	epochs	2.0
1632.5465172610352	0.013832200000024386	epochs	3.0
1632.5603494610352	0.013788199999908102	epochs	3.0
1632.5741376610351	0.027445899999975154	epochs	2.0
1632.5741376610351	0.01374460000010913	epochs	3.0
1632.5878822610352	0.013701299999866023	epochs	3.0
1632.601583561035	0.0272735000000921	epochs	2.0
1632.601583561035	0.013658200000008947	epochs	3.0
1632.6152417610351	0.013615300000083153	epochs	3.0
1632.6288570610352	0.027103399999987232	epochs	2.0
1632.6288570610352	0.013572800000019924	epochs	3.0
1632.6424298610352	0.013530599999967308	epochs	3.0
1632.6559604610352	0.02693520000002536	epochs	2.0
1632.6559604610352	0.01348839999991469	epochs	3.0
1632.669448861035	0.01344680000011067	epochs	3.0
1632.6828956610352	0.026769199999989723	epochs	2.0
1632.6828956610352	0.013405199999851902	epochs	3.0
1632.696300861035	0.013364000000137821	epochs	3.0
1632.7096648610352	0.026605199999949036	epochs	2.0
1632.7096648610352	0.013322900000048321	epochs	3.0
1632.7229877610353	0.013282299999900715	epochs	3.0
1632.7362700610352	0.0264431999999033	epochs	2.0
1632.7362700610352	0.013241699999980483	epochs	3.0
1632.7495117610351	0.013201499999922817	epochs	3.0
1632.762713261035	0.026283200000079887	epochs	2.0
1632.762713261035	0.013161500000023807	epochs	3.0
1632.775874761035	0.01312170000005608	epochs	3.0
1632.7889964610351	0.02612500000009277	epochs	2.0
1632.7889964610351	0.013082100000019636	epochs	3.0
1632.8020785610352	0.013042900000073132	epochs	3.0
1632.8151214610352	0.025968899999952555	epochs	2.0
1632.8151214610352	0.013003899999830537	epochs	3.0
1632.828125361035	0.012965000000122018	epochs	3.0
1632.8410903610352	0.025814500000024054	epochs	2.0
1632.8410903610352	0.012926399999969362	epochs	3.0
1632.8540167610352	0.012888100000054692	epochs	3.0
1632.8669048610352	0.025661899999931848	epochs	2.0
1632.8669048610352	0.012849899999991976	epochs	3.0
1632.8797547610352	0.012811999999939871	epochs	3.0
1632.8925667610351	0.025511199999982637	epochs	2.0
1632.8925667610351	0.012774400000125752	epochs	3.0
1632.9053411610353	0.012736799999856885	epochs	3.0
1632.9180779610351	0.025362300000097093	epochs	2.0
1632.9180779610351	0.01269969999998466	epochs	3.0
1632.930777661035	0.012662600000112434	epochs	3.0
1632.9434402610352	0.025214999999889187	epochs	2.0
1632.9434402610352	0.012625800000023446	epochs	3.0
1632.9560660610352	0.012589199999865741	epochs	3.0
1632.968655261035	0.024584799999956886	epochs	2.0
1632.9913551610352	0.5	epochs	-1.0
1632.993240061035	0.999920000000202	epochs	1.0
1633.4913551610352	0.5	epochs	-1.0
1635.3540000915527	0.13223999999991065	epochs	0.0
1635.3540000915527	0.06112129999996796	epochs	1.0
1635.4151213915527	0.009997399999974732	epochs	1.0
1635.4251187915527	0.06112129999996796	epochs	1.0
1635.4862400915526	2.0	epochs	0.0
1637.4862400915526	0.5280800000000454	epochs	0.0
1637.4862400915526	0.5280800000000454	epochs	1.0
1637.4862751915527	0.5	epochs	-1.0
1637.9862751915527	0.028044899999940753	epochs	-1.0
1638.0143200915527	21.471840000000157	epochs	0.0
1639.0969996452332	0.13223999999991065	epochs	0.0
1639.0969996452332	0.06112129999996796	epochs	1.0
1639.1581209452331	0.009997399999974732	epochs	1.0
1639.168118345233	0.06112129999996796	epochs	1.0
1639.229239645233	2.0	epochs	0.0
1641.229239645233	0.527520000000095	epochs	0.0
1641.229239645233	0.527520000000095	epochs	1.0
1641.2292747452332	0.5	epochs	-1.0
1641.7292747452332	0.027484899999990375	epochs	-1.0
1641.7567596452332	21.472400000000107	epochs	0.0
1642.848000049591	0.13223999999991065	epochs	0.0
1642.848000049591	0.06112129999996796	epochs	1.0
1642.909121349591	0.009997399999974732	epochs	1.0
1642.919118749591	0.06112129999996796	epochs	1.0
1642.980240049591	2.0	epochs	0.0
1644.980240049591	0.5280800000000454	epochs	0.0
1644.980240049591	0.5280800000000454	epochs	1.0
1644.980275149591	0.5	epochs	-1.0
1645.480275149591	0.028044899999940753	epochs	-1.0
1645.508320049591	21.471840000000157	epochs	0.0
1652.111999988556	0.13223999999991065	epochs	0.0
1652.111999988556	0.06112129999996796	epochs	1.0
1652.1731212885559	0.009997399999974732	epochs	1.0
1652.1831186885559	0.06112129999996796	epochs	1.0
1652.2442399885558	2.0	epochs	0.0
1654.2442399885558	5.3680000000001655	epochs	0.0
1654.2442399885558	1.0	epochs	1.0
1654.244275088556	0.5	epochs	-1.0
1654.744275088556	4.867964900000061	epochs	-1.0
1655.2442399885558	4.3680000000001655	epochs	1.0
1655.2442399885558	4.356753900000058	epochs	-1.0
1655.2442399885558	1.9745872000000873	epochs	2.0
1655.2442399885558	1.0985622000000603	epochs	3.0
1656.3428021885559	0.8760250000000269	epochs	3.0
1657.218827188556	1.3524075000000266	epochs	2.0
1657.218827188556	0.7286355000001095	epochs	3.0
1657.947462688556	0.6237719999999172	epochs	3.0
1658.571234688556	1.029759199999944	epochs	2.0
1658.571234688556	0.5453293000000485	epochs	3.0
1659.116563988556	0.4844298999998955	epochs	3.0
1659.6009938885559	0.011246100000107617	epochs	2.0
1659.6009938885559	0.011246100000107617	epochs	3.0
1659.612239988556	16.631920000000036	epochs	0.0
1660.6679997444153	0.13223999999991065	epochs	0.0
1660.6679997444153	0.06112129999996796	epochs	1.0
1660.7291210444153	0.009997399999974732	epochs	1.0
1660.7391184444152	0.06112129999996796	epochs	1.0
1660.8002397444152	2.0	epochs	0.0
1662.8002397444152	21.999920000000202	epochs	0.0
1662.8002397444152	1.0	epochs	1.0
1662.8002748444153	0.5	epochs	-1.0
1663.3002748444153	19.998800000000074	epochs	-1.0
1663.8002397444152	20.0	epochs	1.0
1663.8002397444152	4.356753900000058	epochs	-1.0
1663.8002397444152	1.9745872000000873	epochs	2.0
1663.8002397444152	1.0985622000000603	epochs	3.0
1664.8988019444153	0.8760250000000269	epochs	3.0
1665.7748269444153	1.3524075000000266	epochs	2.0
1665.7748269444153	0.7286355000001095	epochs	3.0
1666.5034624444154	0.6237719999999172	epochs	3.0
1667.1272344444153	1.029759199999944	epochs	2.0
1667.1272344444153	0.5453293000000485	epochs	3.0
1667.6725637444154	0.4844298999998955	epochs	3.0
1668.1569936444153	0.8317862000001242	epochs	2.0
1668.1569936444153	0.4357763000000432	epochs	3.0
1668.5927699444153	0.39600990000008096	epochs	3.0
1668.9887798444154	0.6977969999998095	epochs	2.0
1668.9887798444154	0.3628982000000178	epochs	3.0
1669.3516780444154	0.33489879999979166	epochs	3.0
1669.6865768444152	0.601045699999986	epochs	2.0
1669.6865768444152	0.3109123000001546	epochs	3.0
1669.9974891444153	0.29013339999983145	epochs	3.0
1670.2876225444152	0.5278859000000011	epochs	2.0
1670.2876225444152	0.2719586000000618	epochs	3.0
1670.5595811444152	0.25592729999993935	epochs	3.0
1670.8155084444152	0.4706193000001804	epochs	2.0
1670.8155084444152	0.24168130000020938	epochs	3.0
1671.0571897444154	0.228937999999971	epochs	3.0
1671.2861277444154	0.42457039999999324	epochs	2.0
1671.2861277444154	0.21747140000002219	epochs	3.0
1671.5035991444154	0.20709899999997106	epochs	3.0
1671.7106981444153	0.3867353999999068	epochs	2.0
1671.7106981444153	0.19767109999997956	epochs	3.0
1671.9083692444153	0.18906429999992724	epochs	3.0
1672.0974335444153	0.35509530000013	epochs	2.0
1672.0974335444153	0.18117589999997108	epochs	3.0
1672.2786094444152	0.17391940000015893	epochs	3.0
1672.4525288444154	0.3282431000000088	epochs	2.0
1672.4525288444154	0.16722189999995862	epochs	3.0
1672.6197507444153	0.16102120000005016	epochs	3.0
1672.7807719444154	0.3051679999998669	epochs	2.0
1672.7807719444154	0.15526389999990897	epochs	3.0
1672.9360358444153	0.1499040999999579	epochs	3.0
1673.0859399444153	0.28512530000011793	epochs	2.0
1673.0859399444153	0.1449021000000812	epochs	3.0
1673.2308420444153	0.14022320000003674	epochs	3.0
1673.3710652444154	0.2675537999998596	epochs	2.0
1673.3710652444154	0.1358368999999584	epochs	3.0
1673.5069021444153	0.13171689999990122	epochs	3.0
1673.6386190444152	0.25202290000015637	epochs	2.0
1673.6386190444152	0.1278393000000051	epochs	3.0
1673.7664583444152	0.12418360000015127	epochs	3.0
1673.8906419444154	0.23819649999995818	epochs	2.0
1673.8906419444154	0.1207310999998299	epochs	3.0
1674.0113730444152	0.11746540000012828	epochs	3.0
1674.1288384444154	0.22580879999986792	epochs	2.0
1674.1288384444154	0.1143718999999237	epochs	3.0
1674.2432103444153	0.11143689999994422	epochs	3.0
1674.3546472444152	0.2146460000001298	epochs	2.0
1674.3546472444152	0.10864890000016203	epochs	3.0
1674.4632961444154	0.10599709999996776	epochs	3.0
1674.5692932444153	0.2045349999998507	epochs	2.0
1674.5692932444153	0.1034714999998414	epochs	3.0
1674.6727647444152	0.1010635000000093	epochs	3.0
1674.7738282444152	0.19533400000000256	epochs	2.0
1674.7738282444152	0.09876510000003691	epochs	3.0
1674.8725933444152	0.09656889999996565	epochs	3.0
1674.9691622444152	0.18692529999998442	epochs	2.0
1674.9691622444152	0.09446830000001682	epochs	3.0
1675.0636305444152	0.09245699999996759	epochs	3.0
1675.1560875444152	0.1792107000001124	epochs	2.0
1675.1560875444152	0.0905296000000817	epochs	3.0
1675.2466171444153	0.08868110000003071	epochs	3.0
1675.3352982444153	0.17210769999996955	epochs	2.0
1675.3352982444153	0.08690630000000965	epochs	3.0
1675.4222045444153	0.0852013999999599	epochs	3.0
1675.5074059444153	0.16554640000003928	epochs	2.0
1675.5074059444153	0.08356189999994967	epochs	3.0
1675.5909678444152	0.08198450000008961	epochs	3.0
1675.6729523444153	0.15946710000002895	epochs	2.0
1675.6729523444153	0.08046539999986635	epochs	3.0
1675.7534177444152	0.0790017000001626	epochs	3.0
1675.8324194444153	0.1538183999998637	epochs	2.0
1675.8324194444153	0.07759009999995214	epochs	3.0
1675.9100095444153	0.07622829999991154	epochs	3.0
1675.9862378444152	0.14855640000018866	epochs	2.0
1675.9862378444152	0.07491330000016205	epochs	3.0
1676.0611511444154	0.0736431000000266	epochs	3.0
1676.1347942444154	0.1436423999998624	epochs	2.0
1676.1347942444154	0.07241499999986445	epochs	3.0
1676.2072092444153	0.07122739999999794	epochs	3.0
1676.2784366444153	0.13904309999998077	epochs	2.0
1676.2784366444153	0.07007799999996678	epochs	3.0
1676.3485146444152	0.06896510000001399	epochs	3.0
1676.4174797444152	0.1347293000001173	epochs	2.0
1676.4174797444152	0.0678871000000072	epochs	3.0
1676.4853668444152	0.0668422000001101	epochs	3.0
1676.5522090444153	0.1306752000000415	epochs	2.0
1676.5522090444153	0.06582909999997355	epochs	3.0
1676.6180381444153	0.06484610000006796	epochs	3.0
1676.6828842444154	0.1268577999999252	epochs	2.0
1676.6828842444154	0.06389199999989614	epochs	3.0
1676.7467762444153	0.06296580000002905	epochs	3.0
1676.8097420444153	0.12325719999989815	epochs	2.0
1676.8097420444153	0.06206580000002759	epochs	3.0
1676.8718078444153	0.061191399999870555	epochs	3.0
1676.9329992444152	0.11985540000000583	epochs	2.0
1676.9329992444152	0.060341099999959624	epochs	3.0
1676.9933403444152	0.059514300000046205	epochs	3.0
1677.0528546444152	0.11663620000012997	epochs	2.0
1677.0528546444152	0.05870960000015657	epochs	3.0
1677.1115642444154	0.057926599999973405	epochs	3.0
1677.1694908444153	0.11358559999985118	epochs	2.0
1677.1694908444153	0.05716419999998834	epochs	3.0
1677.2266550444153	0.05642139999986284	epochs	3.0
1677.2830764444152	0.11069050000014613	epochs	2.0
1677.2830764444152	0.055697900000041045	epochs	3.0
1677.3387743444152	0.054992600000105085	epochs	3.0
1677.3937669444153	0.10793909999983953	epochs	2.0
1677.3937669444153	0.05430490000003374	epochs	3.0
1677.4480718444154	0.05363419999980579	epochs	3.0
1677.5017060444152	0.10532150000017282	epochs	2.0
1677.5017060444152	0.052980000000161453	epochs	3.0
1677.5546860444153	0.052341500000011365	epochs	3.0
1677.6070275444154	0.10282759999995505	epochs	2.0
1677.6070275444154	0.05171810000001642	epochs	3.0
1677.6587456444154	0.051109499999938635	epochs	3.0
1677.7098551444153	0.10044909999987794	epochs	2.0
1677.7098551444153	0.050514900000052876	epochs	3.0
1677.7603700444154	0.04993419999982507	epochs	3.0
1677.8103042444152	0.09817830000019967	epochs	2.0
1677.8103042444152	0.04936659999998483	epochs	3.0
1677.8596708444152	0.04881170000021484	epochs	3.0
1677.9084825444154	0.09600779999982478	epochs	2.0
1677.9084825444154	0.048269199999822376	epochs	3.0
1677.9567517444152	0.04773860000000241	epochs	3.0
1678.0044903444152	0.09393120000004274	epochs	2.0
1678.0044903444152	0.04721949999998287	epochs	3.0
1678.0517098444152	0.046711700000059864	epochs	3.0
1678.0984215444153	0.09194260000003851	epochs	2.0
1678.0984215444153	0.046214599999984785	epochs	3.0
1678.1446361444152	0.045728000000053726	epochs	3.0
1678.1903641444153	0.09003630000006524	epochs	2.0
1678.1903641444153	0.045251499999949374	epochs	3.0
1678.2356156444152	0.044784800000115865	epochs	3.0
1678.2804004444154	0.08820760000003247	epochs	2.0
1678.2804004444154	0.044327800000019124	epochs	3.0
1678.3247282444154	0.04387980000001335	epochs	3.0
1678.3686080444154	0.0864516999999978	epochs	2.0
1678.3686080444154	0.04344099999980244	epochs	3.0
1678.4120490444152	0.04301070000019536	epochs	3.0
1678.4550597444154	0.08476429999996071	epochs	2.0
1678.4550597444154	0.04258899999990717	epochs	3.0
1678.4976487444153	0.04217530000005354	epochs	3.0
1678.5398240444154	0.08314150000001064	epochs	2.0
1678.5398240444154	0.04176970000003166	epochs	3.0
1678.5815937444154	0.041371799999978975	epochs	3.0
1678.6229655444154	0.08157970000002024	epochs	2.0
1678.6229655444154	0.040981399999964196	epochs	3.0
1678.6639469444153	0.04059830000005604	epochs	3.0
1678.7045452444154	0.08007549999979346	epochs	2.0
1678.7045452444154	0.04022229999986848	epochs	3.0
1678.7447675444153	0.03985319999992498	epochs	3.0
1678.7846207444152	0.07862570000020241	epochs	2.0
1678.7846207444152	0.039490800000066884	epochs	3.0
1678.8241115444152	0.03913490000013553	epochs	3.0
1678.8632464444154	0.07722759999978734	epochs	2.0
1678.8632464444154	0.03878539999982422	epochs	3.0
1678.9020318444152	0.03844219999996312	epochs	3.0
1678.9404740444152	0.07587820000003376	epochs	2.0
1678.9404740444152	0.03810480000015559	epochs	3.0
1678.9785788444153	0.037773399999878166	epochs	3.0
1679.0163522444152	0.0745752000000266	epochs	2.0
1679.0163522444152	0.03744770000002973	epochs	3.0
1679.0537999444152	0.03712749999999687	epochs	3.0
1679.0909274444152	0.07331629999998768	epochs	2.0
1679.0909274444152	0.0368129000000863	epochs	3.0
1679.1277403444153	0.036503399999901376	epochs	3.0
1679.1642437444152	0.07209899999998015	epochs	2.0
1679.1642437444152	0.03619909999997617	epochs	3.0
1679.2004428444152	0.03589990000000398	epochs	3.0
1679.2363427444152	0.07092170000009901	epochs	2.0
1679.2363427444152	0.03560560000005353	epochs	3.0
1679.2719483444153	0.03531610000004548	epochs	3.0
1679.3072644444153	0.06978200000003199	epochs	2.0
1679.3072644444153	0.03503120000004856	epochs	3.0
1679.3422956444153	0.03475079999998343	epochs	3.0
1679.3770464444153	0.06867859999988468	epochs	2.0
1679.3770464444153	0.03447510000000875	epochs	3.0
1679.4115215444153	0.03420349999987593	epochs	3.0
1679.4457250444152	0.06760930000018561	epochs	2.0
1679.4457250444152	0.033936199999970995	epochs	3.0
1679.4796612444152	0.03367310000021462	epochs	3.0
1679.5133343444154	0.06657289999998284	epochs	2.0
1679.5133343444154	0.03341399999999339	epochs	3.0
1679.5467483444154	0.033158899999989444	epochs	3.0
1679.5799072444154	0.06556779999982609	epochs	2.0
1679.5799072444154	0.03290769999989607	epochs	3.0
1679.6128149444153	0.032660099999930026	epochs	3.0
1679.6454750444152	0.06459259999996902	epochs	2.0
1679.6454750444152	0.03241640000010193	epochs	3.0
1679.6778914444153	0.032176199999867094	epochs	3.0
1679.7100676444152	0.06364600000006249	epochs	2.0
1679.7100676444152	0.03193960000021434	epochs	3.0
1679.7420072444154	0.031706399999848145	epochs	3.0
1679.7737136444152	0.0627266999999847	epochs	2.0
1679.7737136444152	0.03147660000013275	epochs	3.0
1679.8051902444154	0.031250099999851955	epochs	3.0
1679.8364403444152	0.06183359999999993	epochs	2.0
1679.8364403444152	0.031026900000142632	epochs	3.0
1679.8674672444154	0.0308066999998573	epochs	3.0
1679.8982739444152	0.06096560000014506	epochs	2.0
1679.8982739444152	0.03058980000014344	epochs	3.0
1679.9288637444154	0.030375800000001618	epochs	3.0
1679.9592395444154	0.06012160000000222	epochs	2.0
1679.9592395444154	0.030164899999817862	epochs	3.0
1679.9894044444152	0.029956700000184355	epochs	3.0
1680.0193611444154	0.05930069999999432	epochs	2.0
1680.0193611444154	0.029751599999826794	epochs	3.0
1680.0491127444152	0.029549100000167527	epochs	3.0
1680.0786618444154	0.05850179999993088	epochs	2.0
1680.0786618444154	0.02934940000000097	epochs	3.0
1680.1080112444154	0.029152399999929912	epochs	3.0
1680.1371636444153	0.05772419999993872	epochs	2.0
1680.1371636444153	0.028958000000102402	epochs	3.0
1680.1661216444154	0.028766199999836317	epochs	3.0
1680.1948878444152	0.05696710000006533	epochs	2.0
1680.1948878444152	0.028577000000041153	epochs	3.0
1680.2234648444153	0.028390100000024177	epochs	3.0
1680.2518549444153	0.05622949999997218	epochs	2.0
1680.2518549444153	0.028205699999944045	epochs	3.0
1680.2800606444152	0.028023800000028132	epochs	3.0
1680.3080844444153	0.05551070000001346	epochs	2.0
1680.3080844444153	0.027843999999959124	epochs	3.0
1680.3359284444152	0.027666700000054334	epochs	3.0
1680.3635951444153	0.054810200000019904	epochs	2.0
1680.3635951444153	0.02749149999999645	epochs	3.0
1680.3910866444153	0.027318700000023455	epochs	3.0
1680.4184053444153	0.054126999999880354	epochs	2.0
1680.4184053444153	0.027147799999966082	epochs	3.0
1680.4455531444153	0.026979199999914272	epochs	3.0
1680.4725323444152	0.05346070000018699	epochs	2.0
1680.4725323444152	0.026812600000084785	epochs	3.0
1680.4993449444153	0.026648100000102204	epochs	3.0
1680.5259930444154	0.05281070000000909	epochs	2.0
1680.5259930444154	0.0264855999998872	epochs	3.0
1680.5524786444153	0.026325100000121893	epochs	3.0
1680.5788037444154	0.052176199999848905	epochs	2.0
1680.5788037444154	0.026166399999965506	epochs	3.0
1680.6049701444153	0.0260097999998834	epochs	3.0
1680.6309799444152	0.051556699999991906	epochs	2.0
1680.6309799444152	0.02585480000016105	epochs	3.0
1680.6568347444154	0.025701899999830857	epochs	3.0
1680.6825366444152	0.05095189999997274	epochs	2.0
1680.6825366444152	0.025550700000167126	epochs	3.0
1680.7080873444154	0.025401199999805613	epochs	3.0
1680.7334885444152	0.05036100000006627	epochs	2.0
1680.7334885444152	0.025253500000189888	epochs	3.0
1680.7587420444154	0.02510749999987638	epochs	3.0
1680.7838495444153	0.04978380000011384	epochs	2.0
1680.7838495444153	0.02496320000000196	epochs	3.0
1680.8088127444153	0.02482060000011188	epochs	3.0
1680.8336333444154	0.04921949999993558	epochs	2.0
1680.8336333444154	0.024679399999968155	epochs	3.0
1680.8583127444153	0.024540099999967424	epochs	3.0
1680.8828528444153	0.04866790000005494	epochs	2.0
1680.8828528444153	0.024402099999861093	epochs	3.0
1680.9072549444152	0.02426580000019385	epochs	3.0
1680.9315207444154	0.048128599999927246	epochs	2.0
1680.9315207444154	0.02413099999989754	epochs	3.0
1680.9556517444153	0.023997600000029706	epochs	3.0
1680.9796493444153	0.047601100000065344	epochs	2.0
1680.9796493444153	0.023865800000066884	epochs	3.0
1681.0035151444154	0.02373529999999846	epochs	3.0
1681.0272504444154	0.04708499999992455	epochs	2.0
1681.0272504444154	0.023606299999983094	epochs	3.0
1681.0508567444153	0.023478699999941455	epochs	3.0
1681.0743354444153	0.046579999999948996	epochs	2.0
1681.0743354444153	0.023352500000100918	epochs	3.0
1681.0976879444154	0.023227499999848078	epochs	3.0
1681.1209154444152	0.046085700000048746	epochs	2.0
1681.1209154444152	0.023104000000103042	epochs	3.0
1681.1440194444153	0.022981699999945704	epochs	3.0
1681.1670011444153	0.045601799999985815	epochs	2.0
1681.1670011444153	0.02286069999991014	epochs	3.0
1681.1898618444152	0.022741100000075676	epochs	3.0
1681.2126029444153	0.04512790000012501	epochs	2.0
1681.2126029444153	0.022622500000125	epochs	3.0
1681.2352254444154	0.02250540000000001	epochs	3.0
1681.2577308444154	0.04466379999985293	epochs	2.0
1681.2577308444154	0.02238929999998618	epochs	3.0
1681.2801201444154	0.022274499999866748	epochs	3.0
1681.3023946444152	0.04420920000006845	epochs	2.0
1681.3023946444152	0.022160799999937808	epochs	3.0
1681.3245554444152	0.02204840000013064	epochs	3.0
1681.3466038444153	0.04376359999992019	epochs	2.0
1681.3466038444153	0.02193689999990056	epochs	3.0
1681.3685407444152	0.021826700000019628	epochs	3.0
1681.3903674444152	0.04332709999994222	epochs	2.0
1681.3903674444152	0.02171760000010181	epochs	3.0
1681.4120850444153	0.02160949999984041	epochs	3.0
1681.4336945444152	0.04289900000003399	epochs	2.0
1681.4336945444152	0.02150249999999687	epochs	3.0
1681.4551970444152	0.021396500000037122	epochs	3.0
1681.4765935444152	0.04247950000012679	epochs	2.0
1681.4765935444152	0.021291700000119818	epochs	3.0
1681.4978852444153	0.021187800000006973	epochs	3.0
1681.5190730444153	0.04206789999989269	epochs	2.0
1681.5190730444153	0.02108490000000529	epochs	3.0
1681.5401579444153	0.020982999999887397	epochs	3.0
1681.5611409444152	0.04166439999994509	epochs	2.0
1681.5611409444152	0.020882199999959994	epochs	3.0
1681.5820231444152	0.020782199999985096	epochs	3.0
1681.6028053444152	0.04126850000011473	epochs	2.0
1681.6028053444152	0.02068330000020069	epochs	3.0
1681.6234886444154	0.02058519999991404	epochs	3.0
1681.6440738444153	0.04088000000001557	epochs	2.0
1681.6440738444153	0.020488099999965925	epochs	3.0
1681.6645619444153	0.020391900000049645	epochs	3.0
1681.6849538444153	0.04049880000002304	epochs	2.0
1681.6849538444153	0.020296599999937825	epochs	3.0
1681.7052504444152	0.020202200000085213	epochs	3.0
1681.7254526444153	0.040124599999899146	epochs	2.0
1681.7254526444153	0.02010870000003706	epochs	3.0
1681.7455613444154	0.020015899999862086	epochs	3.0
1681.7655772444152	0.03975730000001931	epochs	2.0
1681.7655772444152	0.019924200000104975	epochs	3.0
1681.7855014444153	0.01983309999991434	epochs	3.0
1681.8053345444152	0.03939669999999751	epochs	2.0
1681.8053345444152	0.01974300000006224	epochs	3.0
1681.8250775444153	0.01965369999993527	epochs	3.0
1681.8447312444152	0.03904239999997117	epochs	2.0
1681.8447312444152	0.019565100000136226	epochs	3.0
1681.8642963444154	0.01947729999983494	epochs	3.0
1681.8837736444152	0.038694600000098944	epochs	2.0
1681.8837736444152	0.019390400000020236	epochs	3.0
1681.9031640444152	0.01930420000007871	epochs	3.0
1681.9224682444153	0.03835290000006353	epochs	2.0
1681.9224682444153	0.019218799999862313	epochs	3.0
1681.9416870444152	0.019134100000201215	epochs	3.0
1681.9608211444154	0.03801720000001296	epochs	2.0
1681.9608211444154	0.019050199999810502	epochs	3.0
1681.9798713444152	0.01896700000020246	epochs	3.0
1681.9988383444154	0.03768719999993664	epochs	2.0
1681.9988383444154	0.018884499999785476	epochs	3.0
1682.0177228444152	0.018802700000151162	epochs	3.0
1682.0365255444153	0.03736309999999321	epochs	2.0
1682.0365255444153	0.018721700000014607	epochs	3.0
1682.0552472444153	0.018641399999978603	epochs	3.0
1682.0738886444153	0.03704429999993408	epochs	2.0
1682.0738886444153	0.018561599999884493	epochs	3.0
1682.0924502444152	0.01848270000004959	epochs	3.0
1682.1109329444153	0.03673099999991791	epochs	2.0
1682.1109329444153	0.018404299999929208	epochs	3.0
1682.1293372444152	0.018326699999988705	epochs	3.0
1682.1476639444152	0.03642290000016146	epochs	2.0
1682.1476639444152	0.01824960000021747	epochs	3.0
1682.1659135444154	0.018173299999943993	epochs	3.0
1682.1840868444153	0.03612010000006194	epochs	2.0
1682.1840868444153	0.01809759999991911	epochs	3.0
1682.2021844444153	0.018022500000142827	epochs	3.0
1682.2202069444154	0.03582209999990482	epochs	2.0
1682.2202069444154	0.01794789999985369	epochs	3.0
1682.2381548444152	0.017874200000051133	epochs	3.0
1682.2560290444153	0.03552899999999681	epochs	2.0
1682.2560290444153	0.017800800000031813	epochs	3.0
1682.2738298444153	0.017728199999965	epochs	3.0
1682.2915580444153	0.03524070000003121	epochs	2.0
1682.2915580444153	0.017656100000067454	epochs	3.0
1682.3092141444154	0.017584599999963757	epochs	3.0
1682.3267987444153	0.03495709999992869	epochs	2.0
1682.3267987444153	0.017513699999881283	epochs	3.0
1682.3443124444152	0.017443400000047404	epochs	3.0
1682.3617558444153	0.03467790000013338	epochs	2.0
1682.3617558444153	0.017373599999928047	epochs	3.0
1682.3791294444152	0.01730430000020533	epochs	3.0
1682.3964337444154	0.03440329999989444	epochs	2.0
1682.3964337444154	0.017235699999901044	epochs	3.0
1682.4136694444153	0.0171675999999934	epochs	3.0
1682.4308370444153	0.03413279999995211	epochs	2.0
1682.4308370444153	0.01709989999994832	epochs	3.0
1682.4479369444152	0.017032900000003792	epochs	3.0
1682.4649698444152	0.03386670000008962	epochs	2.0
1682.4649698444152	0.01696640000000116	epochs	3.0
1682.4819362444152	0.016900300000088464	epochs	3.0
1682.4988365444153	0.03360459999998966	epochs	2.0
1682.4988365444153	0.01683479999996962	epochs	3.0
1682.5156713444153	0.01676980000002004	epochs	3.0
1682.5324411444153	0.033346599999958926	epochs	2.0
1682.5324411444153	0.016705300000012357	epochs	3.0
1682.5491464444153	0.01664129999994657	epochs	3.0
1682.5657877444153	0.03309250000006614	epochs	2.0
1682.5657877444153	0.016577800000050047	epochs	3.0
1682.5823655444153	0.01651470000001609	epochs	3.0
1682.5988802444153	0.03284229999985655	epochs	2.0
1682.5988802444153	0.01645220000000336	epochs	3.0
1682.6153324444153	0.01639009999985319	epochs	3.0
1682.6317225444152	0.03259570000000167	epochs	2.0
1682.6317225444152	0.016328400000020338	epochs	3.0
1682.6480509444152	0.016267299999981333	epochs	3.0
1682.6643182444152	0.032352899999978035	epochs	2.0
1682.6643182444152	0.016206600000032267	epochs	3.0
1682.6805248444152	0.016146299999945768	epochs	3.0
1682.6966711444152	0.032113700000081735	epochs	2.0
1682.6966711444152	0.016086600000107865	epochs	3.0
1682.7127577444153	0.01602709999997387	epochs	3.0
1682.7287848444153	0.03187800000000607	epochs	2.0
1682.7287848444153	0.015968200000088473	epochs	3.0
1682.7447530444153	0.015909799999917595	epochs	3.0
1682.7606628444153	0.03164570000012645	epochs	2.0
1682.7606628444153	0.015851599999905375	epochs	3.0
1682.7765144444152	0.01579410000022108	epochs	3.0
1682.7923085444154	0.031416699999908815	epochs	2.0
1682.7923085444154	0.01573669999993399	epochs	3.0
1682.8080452444153	0.015679999999974825	epochs	3.0
1682.8237252444153	0.03119109999988723	epochs	2.0
1682.8237252444153	0.015623600000026272	epochs	3.0
1682.8393488444153	0.015567499999860956	epochs	3.0
1682.8549163444152	0.03096870000013041	epochs	2.0
1682.8549163444152	0.01551200000017161	epochs	3.0
1682.8704283444154	0.0154566999999588	epochs	3.0
1682.8858850444153	0.030749499999956242	epochs	2.0
1682.8858850444153	0.015401999999994587	epochs	3.0
1682.9012870444153	0.015347499999961656	epochs	3.0
1682.9166345444153	0.03053320000003623	epochs	2.0
1682.9166345444153	0.015293400000018664	epochs	3.0
1682.9319279444153	0.015239800000017567	epochs	3.0
1682.9471677444153	0.030320099999926242	epochs	2.0
1682.9471677444153	0.015186500000027081	epochs	3.0
1682.9623542444153	0.015133599999899161	epochs	3.0
1682.9774878444152	0.03010990000007041	epochs	2.0
1682.9774878444152	0.015081000000009226	epochs	3.0
1682.9925688444152	0.015028900000061185	epochs	3.0
1683.0075977444153	0.029902499999934662	epochs	2.0
1683.0075977444153	0.014977000000044427	epochs	3.0
1683.0225747444154	0.014925499999890235	epochs	3.0
1683.0375002444152	0.0296981000001324	epochs	2.0
1683.0375002444152	0.014874400000053356	epochs	3.0
1683.0523746444153	0.014823700000079043	epochs	3.0
1683.0671983444154	0.029496299999891562	epochs	2.0
1683.0671983444154	0.01477319999980864	epochs	3.0
1683.0819715444152	0.014723100000082923	epochs	3.0
1683.0966946444153	0.029297400000132257	epochs	2.0
1683.0966946444153	0.014673399999992398	epochs	3.0
1683.1113680444153	0.014624000000139858	epochs	3.0
1683.1259920444154	0.029101099999934377	epochs	2.0
1683.1259920444154	0.014574899999843183	epochs	3.0
1683.1405669444152	0.014526200000091194	epochs	3.0
1683.1550931444153	0.028907399999980044	epochs	2.0
1683.1550931444153	0.014477700000043114	epochs	3.0
1683.1695708444154	0.014429699999936929	epochs	3.0
1683.1840005444153	0.028716199999962555	epochs	2.0
1683.1840005444153	0.014381799999910072	epochs	3.0
1683.1983823444152	0.014334400000052483	epochs	3.0
1683.2127167444153	0.02852759999996124	epochs	2.0
1683.2127167444153	0.014287199999898803	epochs	3.0
1683.2270039444152	0.014240400000062436	epochs	3.0
1683.2412443444152	0.028341400000044814	epochs	2.0
1683.2412443444152	0.014193800000157353	epochs	3.0
1683.2554381444154	0.014147599999887461	epochs	3.0
1683.2695857444153	0.028157700000065233	epochs	2.0
1683.2695857444153	0.014101700000082928	epochs	3.0
1683.2836874444154	0.014055999999982305	epochs	3.0
1683.2977434444153	0.02797629999986384	epochs	2.0
1683.2977434444153	0.014010599999892293	epochs	3.0
1683.3117540444152	0.013965699999971548	epochs	3.0
1683.3257197444152	0.027797200000122757	epochs	2.0
1683.3257197444152	0.013920800000050804	epochs	3.0
1683.3396405444153	0.013876400000071953	epochs	3.0
1683.3535169444153	0.027620399999932488	epochs	2.0
1683.3535169444153	0.013832200000024386	epochs	3.0
1683.3673491444154	0.013788199999908102	epochs	3.0
1683.3811373444153	0.027445899999975154	epochs	2.0
1683.3811373444153	0.01374460000010913	epochs	3.0
1683.3948819444154	0.013701299999866023	epochs	3.0
1683.4085832444152	0.0272735000000921	epochs	2.0
1683.4085832444152	0.013658200000008947	epochs	3.0
1683.4222414444152	0.013615300000083153	epochs	3.0
1683.4358567444153	0.027103399999987232	epochs	2.0
1683.4358567444153	0.013572800000019924	epochs	3.0
1683.4494295444154	0.013530599999967308	epochs	3.0
1683.4629601444153	0.02693520000002536	epochs	2.0
1683.4629601444153	0.01348839999991469	epochs	3.0
1683.4764485444152	0.01344680000011067	epochs	3.0
1683.4898953444153	0.026769199999989723	epochs	2.0
1683.4898953444153	0.013405199999851902	epochs	3.0
1683.5033005444152	0.013364000000137821	epochs	3.0
1683.5166645444153	0.026605199999949036	epochs	2.0
1683.5166645444153	0.013322900000048321	epochs	3.0
1683.5299874444154	0.013282299999900715	epochs	3.0
1683.5432697444153	0.0264431999999033	epochs	2.0
1683.5432697444153	0.013241699999980483	epochs	3.0
1683.5565114444153	0.013201499999922817	epochs	3.0
1683.5697129444152	0.026283200000079887	epochs	2.0
1683.5697129444152	0.013161500000023807	epochs	3.0
1683.5828744444152	0.01312170000005608	epochs	3.0
1683.5959961444153	0.02612500000009277	epochs	2.0
1683.5959961444153	0.013082100000019636	epochs	3.0
1683.6090782444153	0.013042900000073132	epochs	3.0
1683.6221211444154	0.025968899999952555	epochs	2.0
1683.6221211444154	0.013003899999830537	epochs	3.0
1683.6351250444152	0.012965000000122018	epochs	3.0
1683.6480900444153	0.025814500000024054	epochs	2.0
1683.6480900444153	0.012926399999969362	epochs	3.0
1683.6610164444153	0.012888100000054692	epochs	3.0
1683.6739045444153	0.025661899999931848	epochs	2.0
1683.6739045444153	0.012849899999991976	epochs	3.0
1683.6867544444153	0.012811999999939871	epochs	3.0
1683.6995664444153	0.025511199999982637	epochs	2.0
1683.6995664444153	0.012774400000125752	epochs	3.0
1683.7123408444154	0.012736799999856885	epochs	3.0
1683.7250776444153	0.025362300000097093	epochs	2.0
1683.7250776444153	0.01269969999998466	epochs	3.0
1683.7377773444152	0.012662600000112434	epochs	3.0
1683.7504399444153	0.025214999999889187	epochs	2.0
1683.7504399444153	0.012625800000023446	epochs	3.0
1683.7630657444154	0.012589199999865741	epochs	3.0
1683.7756549444152	0.024584799999956886	epochs	2.0
1683.7990748444154	0.5	epochs	-1.0
1683.8002397444152	0.999920000000202	epochs	1.0
1684.2990748444154	0.5	epochs	-1.0
1685.9849996566772	0.13223999999991065	epochs	0.0
1685.9849996566772	0.06112129999996796	epochs	1.0
1686.0461209566772	0.009997399999974732	epochs	1.0
1686.0561183566772	0.06112129999996796	epochs	1.0
1686.1172396566772	2.0	epochs	0.0
1688.1172396566772	0.527520000000095	epochs	0.0
1688.1172396566772	0.527520000000095	epochs	1.0
1688.1172747566773	0.5	epochs	-1.0
1688.6172747566773	0.027484899999990375	epochs	-1.0
1688.6447596566773	21.472400000000107	epochs	0.0
1689.7529997825623	0.13223999999991065	epochs	0.0
1689.7529997825623	0.06112129999996796	epochs	1.0
1689.8141210825622	0.009997399999974732	epochs	1.0
1689.8241184825622	0.06112129999996796	epochs	1.0
1689.8852397825622	2.0	epochs	0.0
1691.8852397825622	0.52704000000017	epochs	0.0
1691.8852397825622	0.52704000000017	epochs	1.0
1691.8852748825623	0.5	epochs	-1.0
1692.3852748825623	0.02700490000006539	epochs	-1.0
1692.4122797825623	21.472880000000032	epochs	0.0
1693.5379996299744	0.13223999999991065	epochs	0.0
1693.5379996299744	0.06112129999996796	epochs	1.0
1693.5991209299743	0.009997399999974732	epochs	1.0
1693.6091183299743	0.06112129999996796	epochs	1.0
1693.6702396299743	2.0	epochs	0.0
1695.6702396299743	0.5277600000001712	epochs	0.0
1695.6702396299743	0.5277600000001712	epochs	1.0
1695.6702747299744	0.5	epochs	-1.0
1696.1702747299744	0.027724900000066555	epochs	-1.0
1696.1979996299744	21.47216000000003	epochs	0.0
1697.3129997253418	0.13223999999991065	epochs	0.0
1697.3129997253418	0.06112129999996796	epochs	1.0
1697.3741210253418	0.009997399999974732	epochs	1.0
1697.3841184253417	0.06112129999996796	epochs	1.0
1697.4452397253417	2.0	epochs	0.0
1699.4452397253417	0.5279199999999946	epochs	0.0
1699.4452397253417	0.5279199999999946	epochs	1.0
1699.4452748253418	0.5	epochs	-1.0
1699.9452748253418	0.027884899999889967	epochs	-1.0
1699.9731597253417	21.472000000000207	epochs	0.0
1701.1059999465942	0.13223999999991065	epochs	0.0
1701.1059999465942	0.06112129999996796	epochs	1.0
1701.1671212465942	0.009997399999974732	epochs	1.0
1701.1771186465942	0.06112129999996796	epochs	1.0
1701.2382399465941	2.0	epochs	0.0
1703.2382399465941	0.5277600000001712	epochs	0.0
1703.2382399465941	0.5277600000001712	epochs	1.0
1703.2382750465943	0.5	epochs	-1.0
1703.7382750465943	0.027724900000066555	epochs	-1.0
1703.7659999465943	21.47216000000003	epochs	0.0
1704.9259996414185	0.13223999999991065	epochs	0.0
1704.9259996414185	0.06112129999996796	epochs	1.0
1704.9871209414184	0.009997399999974732	epochs	1.0
1704.9971183414184	0.06112129999996796	epochs	1.0
1705.0582396414184	2.0	epochs	0.0
1707.0582396414184	0.5279199999999946	epochs	0.0
1707.0582396414184	0.5279199999999946	epochs	1.0
1707.0582747414185	0.5	epochs	-1.0
1707.5582747414185	0.027884899999889967	epochs	-1.0
1707.5861596414184	21.472000000000207	epochs	0.0
1708.7349996566772	0.13223999999991065	epochs	0.0
1708.7349996566772	0.06112129999996796	epochs	1.0
1708.7961209566772	0.009997399999974732	epochs	1.0
1708.8061183566772	0.06112129999996796	epochs	1.0
1708.8672396566772	2.0	epochs	0.0
1710.8672396566772	0.5271999999999935	epochs	0.0
1710.8672396566772	0.5271999999999935	epochs	1.0
1710.8672747566773	0.5	epochs	-1.0
1711.3672747566773	0.027164899999888803	epochs	-1.0
1711.3944396566772	21.47272000000021	epochs	0.0
1727.271999835968	0.13223999999991065	epochs	0.0
1727.271999835968	0.06112129999996796	epochs	1.0
1727.333121135968	0.009997399999974732	epochs	1.0
1727.343118535968	0.06112129999996796	epochs	1.0
1727.404239835968	0.2299199999999928	epochs	0.0
1727.404239835968	0.0500000000001819	epochs	1.0
1727.454239835968	0.009999999999990905	epochs	1.0
1727.464239835968	0.049999999999954525	epochs	1.0
1727.514239835968	0.009999999999990905	epochs	1.0
1727.524239835968	0.049999999999954525	epochs	1.0
1727.574239835968	0.009999999999990905	epochs	1.0
1727.584239835968	0.04991999999992913	epochs	1.0
2276.016999721527	0.13223999999991065	epochs	0.0
2276.016999721527	0.06112130000019533	epochs	1.0
2276.0781210215273	0.009997399999974732	epochs	1.0
2276.0881184215273	0.061121299999740586	epochs	1.0
2276.149239721527	0.22992000000022017	epochs	0.0
2276.149239721527	0.0500000000001819	epochs	1.0
2276.199239721527	0.009999999999763531	epochs	1.0
2276.209239721527	0.0500000000001819	epochs	1.0
2276.259239721527	0.009999999999763531	epochs	1.0
2276.269239721527	0.0500000000001819	epochs	1.0
2276.319239721527	0.010000000000218279	epochs	1.0
2276.3292397215273	0.04991999999992913	epochs	1.0
2344.346999645233	0.13223999999991065	epochs	0.0
2344.346999645233	0.06112130000019533	epochs	1.0
2344.4081209452333	0.009997399999974732	epochs	1.0
2344.4181183452333	0.061121299999740586	epochs	1.0
2344.479239645233	2.999920000000202	epochs	0.0
2344.479239645233	1.0	epochs	1.0
2345.479239645233	1.0	epochs	1.0
2346.479239645233	0.999920000000202	epochs	1.0
2348.654999732971	0.13223999999991065	epochs	0.0
2348.654999732971	0.06112130000019533	epochs	1.0
2348.7161210329714	0.009997399999974732	epochs	1.0
2348.7261184329714	0.061121299999740586	epochs	1.0
2348.787239732971	2.999920000000202	epochs	0.0
2348.787239732971	1.0	epochs	1.0
2349.787239732971	1.0	epochs	1.0
2350.787239732971	0.999920000000202	epochs	1.0
2352.949999809265	0.13223999999991065	epochs	0.0
2352.949999809265	0.06112130000019533	epochs	1.0
2353.0111211092653	0.009997399999974732	epochs	1.0
2353.0211185092653	0.061121299999740586	epochs	1.0
2353.082239809265	2.999920000000202	epochs	0.0
2353.082239809265	1.0	epochs	1.0
2354.082239809265	1.0	epochs	1.0
2355.082239809265	0.999920000000202	epochs	1.0
2357.2560000419617	0.13223999999991065	epochs	0.0
2357.2560000419617	0.06112130000019533	epochs	1.0
2357.317121341962	0.009997399999974732	epochs	1.0
2357.327118741962	0.061121299999740586	epochs	1.0
2357.3882400419616	2.999920000000202	epochs	0.0
2357.3882400419616	1.0	epochs	1.0
2358.3882400419616	1.0	epochs	1.0
2359.3882400419616	0.999920000000202	epochs	1.0
2361.5559997558594	0.13223999999991065	epochs	0.0
2361.5559997558594	0.06112130000019533	epochs	1.0
2361.6171210558596	0.009997399999974732	epochs	1.0
2361.6271184558595	0.061121299999740586	epochs	1.0
2361.6882397558593	2.999920000000202	epochs	0.0
2361.6882397558593	1.0	epochs	1.0
2362.6882397558593	1.0	epochs	1.0
2363.6882397558593	0.999920000000202	epochs	1.0
2365.922999858856	0.13223999999991065	epochs	0.0
2365.922999858856	0.06112130000019533	epochs	1.0
2365.9841211588564	0.009997399999974732	epochs	1.0
2365.9941185588564	0.061121299999740586	epochs	1.0
2366.055239858856	2.999920000000202	epochs	0.0
2366.055239858856	1.0	epochs	1.0
2367.055239858856	1.0	epochs	1.0
2368.055239858856	0.999920000000202	epochs	1.0
2370.253999710083	0.13223999999991065	epochs	0.0
2370.253999710083	0.06112130000019533	epochs	1.0
2370.315121010083	0.009997399999974732	epochs	1.0
2370.325118410083	0.061121299999740586	epochs	1.0
2370.386239710083	2.999920000000202	epochs	0.0
2370.386239710083	1.0	epochs	1.0
2371.386239710083	1.0	epochs	1.0
2372.386239710083	0.999920000000202	epochs	1.0
2374.583999633789	0.13223999999991065	epochs	0.0
2374.583999633789	0.06112130000019533	epochs	1.0
2374.6451209337893	0.009997399999974732	epochs	1.0
2374.6551183337892	0.061121299999740586	epochs	1.0
2374.716239633789	2.999920000000202	epochs	0.0
2374.716239633789	1.0	epochs	1.0
2375.716239633789	1.0	epochs	1.0
2376.716239633789	0.999920000000202	epochs	1.0
2378.9359998703003	0.13223999999991065	epochs	0.0
2378.9359998703003	0.06112130000019533	epochs	1.0
2378.9971211703005	0.009997399999974732	epochs	1.0
2379.0071185703005	0.061121299999740586	epochs	1.0
2379.0682398703	2.999920000000202	epochs	0.0
2379.0682398703	1.0	epochs	1.0
2380.0682398703	1.0	epochs	1.0
2381.0682398703	0.999920000000202	epochs	1.0
2383.3049998283386	0.13223999999991065	epochs	0.0
2383.3049998283386	0.06112130000019533	epochs	1.0
2383.366121128339	0.009997399999974732	epochs	1.0
2383.376118528339	0.061121299999740586	epochs	1.0
2383.4372398283385	2.999920000000202	epochs	0.0
2383.4372398283385	1.0	epochs	1.0
2384.4372398283385	1.0	epochs	1.0
2385.4372398283385	0.999920000000202	epochs	1.0
2387.659999847412	0.13223999999991065	epochs	0.0
2387.659999847412	0.06112130000019533	epochs	1.0
2387.7211211474123	0.009997399999974732	epochs	1.0
2387.7311185474123	0.061121299999740586	epochs	1.0
2387.792239847412	2.999920000000202	epochs	0.0
2387.792239847412	1.0	epochs	1.0
2388.792239847412	1.0	epochs	1.0
2389.792239847412	0.999920000000202	epochs	1.0
2392.0209999084473	0.13223999999991065	epochs	0.0
2392.0209999084473	0.06112130000019533	epochs	1.0
2392.0821212084475	0.009997399999974732	epochs	1.0
2392.0921186084474	0.061121299999740586	epochs	1.0
2392.153239908447	2.999920000000202	epochs	0.0
2392.153239908447	1.0	epochs	1.0
2393.153239908447	1.0	epochs	1.0
2394.153239908447	0.999920000000202	epochs	1.0
2396.40700006485	0.13223999999991065	epochs	0.0
2396.40700006485	0.06112130000019533	epochs	1.0
2396.46812136485	0.009997399999974732	epochs	1.0
2396.47811876485	0.061121299999740586	epochs	1.0
2396.5392400648498	2.999920000000202	epochs	0.0
2396.5392400648498	1.0	epochs	1.0
2397.5392400648498	1.0	epochs	1.0
2398.5392400648498	0.999920000000202	epochs	1.0
2400.7750000953674	0.13223999999991065	epochs	0.0
2400.7750000953674	0.06112130000019533	epochs	1.0
2400.8361213953676	0.009997399999974732	epochs	1.0
2400.8461187953676	0.061121299999740586	epochs	1.0
2400.9072400953673	2.999920000000202	epochs	0.0
2400.9072400953673	1.0	epochs	1.0
2401.9072400953673	1.0	epochs	1.0
2402.9072400953673	0.999920000000202	epochs	1.0
2405.146999835968	0.13223999999991065	epochs	0.0
2405.146999835968	0.06112130000019533	epochs	1.0
2405.208121135968	0.009997399999974732	epochs	1.0
2405.218118535968	0.061121299999740586	epochs	1.0
2405.279239835968	2.999920000000202	epochs	0.0
2405.279239835968	1.0	epochs	1.0
2406.279239835968	1.0	epochs	1.0
2407.279239835968	0.999920000000202	epochs	1.0
2409.494999885559	0.13223999999991065	epochs	0.0
2409.494999885559	0.06112130000019533	epochs	1.0
2409.5561211855593	0.009997399999974732	epochs	1.0
2409.5661185855593	0.061121299999740586	epochs	1.0
2409.627239885559	2.999920000000202	epochs	0.0
2409.627239885559	1.0	epochs	1.0
2410.627239885559	1.0	epochs	1.0
2411.627239885559	0.999920000000202	epochs	1.0
2413.8989996910095	0.13223999999991065	epochs	0.0
2413.8989996910095	0.06112130000019533	epochs	1.0
2413.9601209910097	0.009997399999974732	epochs	1.0
2413.9701183910097	0.061121299999740586	epochs	1.0
2414.0312396910094	2.999920000000202	epochs	0.0
2414.0312396910094	1.0	epochs	1.0
2415.0312396910094	1.0	epochs	1.0
2416.0312396910094	0.999920000000202	epochs	1.0
2418.2929997444153	0.13223999999991065	epochs	0.0
2418.2929997444153	0.06112130000019533	epochs	1.0
2418.3541210444155	0.009997399999974732	epochs	1.0
2418.3641184444155	0.061121299999740586	epochs	1.0
2418.425239744415	2.999920000000202	epochs	0.0
2418.425239744415	1.0	epochs	1.0
2419.425239744415	1.0	epochs	1.0
2420.425239744415	0.999920000000202	epochs	1.0
2422.6479997634888	0.13223999999991065	epochs	0.0
2422.6479997634888	0.06112130000019533	epochs	1.0
2422.709121063489	0.009997399999974732	epochs	1.0
2422.719118463489	0.061121299999740586	epochs	1.0
2422.7802397634887	2.999920000000202	epochs	0.0
2422.7802397634887	1.0	epochs	1.0
2423.7802397634887	1.0	epochs	1.0
2424.7802397634887	0.999920000000202	epochs	1.0
2427.0509996414185	0.13223999999991065	epochs	0.0
2427.0509996414185	0.06112130000019533	epochs	1.0
2427.1121209414187	0.009997399999974732	epochs	1.0
2427.1221183414186	0.061121299999740586	epochs	1.0
2427.1832396414184	2.999920000000202	epochs	0.0
2427.1832396414184	0.900000000000091	epochs	1.0
2428.0832396414185	0.09999999999990905	epochs	1.0
2428.1832396414184	1.0	epochs	1.0
2429.1832396414184	0.999920000000202	epochs	1.0
2431.427999973297	0.13223999999991065	epochs	0.0
2431.427999973297	0.06112130000019533	epochs	1.0
2431.4891212732973	0.009997399999974732	epochs	1.0
2431.4991186732973	0.061121299999740586	epochs	1.0
2431.560239973297	2.999920000000202	epochs	0.0
2431.560239973297	0.900000000000091	epochs	1.0
2432.460239973297	0.09999999999990905	epochs	1.0
2432.560239973297	1.0	epochs	1.0
2433.560239973297	0.999920000000202	epochs	1.0
2435.8239998817444	0.13223999999991065	epochs	0.0
2435.8239998817444	0.06112130000019533	epochs	1.0
2435.8851211817446	0.009997399999974732	epochs	1.0
2435.8951185817446	0.061121299999740586	epochs	1.0
2435.9562398817443	2.999920000000202	epochs	0.0
2435.9562398817443	0.900000000000091	epochs	1.0
2436.8562398817444	0.09999999999990905	epochs	1.0
2436.9562398817443	1.0	epochs	1.0
2437.9562398817443	0.999920000000202	epochs	1.0
2440.1889996528625	0.13223999999991065	epochs	0.0
2440.1889996528625	0.06112130000019533	epochs	1.0
2440.2501209528627	0.009997399999974732	epochs	1.0
2440.2601183528627	0.061121299999740586	epochs	1.0
2440.3212396528625	2.999920000000202	epochs	0.0
2440.3212396528625	0.900000000000091	epochs	1.0
2441.2212396528626	0.09999999999990905	epochs	1.0
2441.3212396528625	1.0	epochs	1.0
2442.3212396528625	0.999920000000202	epochs	1.0
2444.5829997062683	0.13223999999991065	epochs	0.0
2444.5829997062683	0.06112130000019533	epochs	1.0
2444.6441210062685	0.009997399999974732	epochs	1.0
2444.6541184062685	0.061121299999740586	epochs	1.0
2444.715239706268	2.999920000000202	epochs	0.0
2444.715239706268	0.900000000000091	epochs	1.0
2445.6152397062683	0.09999999999990905	epochs	1.0
2445.715239706268	1.0	epochs	1.0
2446.715239706268	0.999920000000202	epochs	1.0
2448.9800000190735	0.13223999999991065	epochs	0.0
2448.9800000190735	0.06112130000019533	epochs	1.0
2449.0411213190737	0.009997399999974732	epochs	1.0
2449.0511187190737	0.061121299999740586	epochs	1.0
2449.1122400190734	2.999920000000202	epochs	0.0
2449.1122400190734	0.900000000000091	epochs	1.0
2450.0122400190735	0.09999999999990905	epochs	1.0
2450.1122400190734	1.0	epochs	1.0
2451.1122400190734	0.999920000000202	epochs	1.0
2453.4140000343323	0.13223999999991065	epochs	0.0
2453.4140000343323	0.06112130000019533	epochs	1.0
2453.4751213343325	0.009997399999974732	epochs	1.0
2453.4851187343324	0.061121299999740586	epochs	1.0
2453.546240034332	2.999920000000202	epochs	0.0
2453.546240034332	0.900000000000091	epochs	1.0
2454.4462400343323	0.09999999999990905	epochs	1.0
2454.546240034332	1.0	epochs	1.0
2455.546240034332	0.999920000000202	epochs	1.0
2458.165999889374	0.13223999999991065	epochs	0.0
2458.165999889374	0.06112130000019533	epochs	1.0
2458.227121189374	0.009997399999974732	epochs	1.0
2458.237118589374	0.061121299999740586	epochs	1.0
2458.2982398893737	2.999920000000202	epochs	0.0
2458.2982398893737	0.900000000000091	epochs	1.0
2459.198239889374	0.09999999999990905	epochs	1.0
2459.2982398893737	1.0	epochs	1.0
2460.2982398893737	0.999920000000202	epochs	1.0
2462.686999797821	0.13223999999991065	epochs	0.0
2462.686999797821	0.06112130000019533	epochs	1.0
2462.7481210978212	0.009997399999974732	epochs	1.0
2462.758118497821	0.061121299999740586	epochs	1.0
2462.819239797821	2.58791999999994	epochs	0.0
2462.819239797821	0.900000000000091	epochs	1.0
2463.719239797821	0.09999999999990905	epochs	1.0
2463.819239797821	1.0	epochs	1.0
2464.819239797821	0.58791999999994	epochs	1.0
2465.407159797821	0.41200000000026193	epochs	0.0
