onset	duration	nwb_table	treelevel
7.875999927520752	0.09999999999999964	epochs	0.0
7.875999927520752	0.04499999999999993	epochs	1.0
7.920999927520752	0.009999999999999787	epochs	1.0
7.930999927520752	0.04499999999999993	epochs	1.0
7.975999927520752	0.7049950000000003	epochs	0.0
7.975999927520752	0.5	epochs	-1.0
7.975999927520752	0.5	epochs	-1.0
7.975999927520752	0.5	epochs	1.0
8.475999927520752	0.0600000000000005	epochs	-1.0
8.475999927520752	0.025000000000000355	epochs	-1.0
8.475999927520752	0.025000000000000355	epochs	1.0
8.500999927520752	0.009999999999999787	epochs	-1.0
8.500999927520752	0.009999999999999787	epochs	1.0
8.510999927520752	0.025000000000000355	epochs	-1.0
8.510999927520752	0.025000000000000355	epochs	1.0
8.535999927520752	0.0600000000000005	epochs	-1.0
8.535999927520752	0.025000000000000355	epochs	-1.0
8.535999927520752	0.025000000000000355	epochs	1.0
8.560999927520752	0.009999999999999787	epochs	-1.0
8.560999927520752	0.009999999999999787	epochs	1.0
8.570999927520752	0.025000000000000355	epochs	-1.0
8.570999927520752	0.025000000000000355	epochs	1.0
8.595999927520753	0.05999999999999872	epochs	-1.0
8.595999927520753	0.02499999999999858	epochs	-1.0
8.595999927520753	0.02499999999999858	epochs	1.0
8.620999927520751	0.010000000000001563	epochs	-1.0
8.620999927520751	0.010000000000001563	epochs	1.0
8.630999927520753	0.02499999999999858	epochs	-1.0
8.630999927520753	0.02499999999999858	epochs	1.0
8.655999927520751	0.024995000000000545	epochs	1.0
243.01599979400635	0.09999999999999432	epochs	0.0
243.01599979400635	0.044999999999987494	epochs	1.0
243.06099979400634	0.010000000000019327	epochs	1.0
243.07099979400635	0.044999999999987494	epochs	1.0
243.11599979400634	0.7049949999999967	epochs	0.0
243.11599979400634	0.5	epochs	-1.0
243.11599979400634	0.5	epochs	1.0
243.61599979400634	0.060000000000002274	epochs	-1.0
243.61599979400634	0.025000000000005684	epochs	-1.0
243.61599979400634	0.025000000000005684	epochs	1.0
243.64099979400635	0.009999999999990905	epochs	-1.0
243.64099979400635	0.009999999999990905	epochs	1.0
243.65099979400634	0.025000000000005684	epochs	-1.0
243.65099979400634	0.025000000000005684	epochs	1.0
243.67599979400634	0.060000000000002274	epochs	-1.0
243.67599979400634	0.025000000000005684	epochs	-1.0
243.67599979400634	0.025000000000005684	epochs	1.0
243.70099979400635	0.009999999999990905	epochs	-1.0
243.70099979400635	0.009999999999990905	epochs	1.0
243.71099979400634	0.025000000000005684	epochs	-1.0
243.71099979400634	0.025000000000005684	epochs	1.0
243.73599979400635	0.060000000000002274	epochs	-1.0
243.73599979400635	0.025000000000005684	epochs	-1.0
243.73599979400635	0.025000000000005684	epochs	1.0
243.76099979400635	0.009999999999990905	epochs	-1.0
243.76099979400635	0.009999999999990905	epochs	1.0
243.77099979400634	0.025000000000005684	epochs	-1.0
243.77099979400634	0.025000000000005684	epochs	1.0
243.79599979400635	0.024994999999989886	epochs	1.0
296.07999992370605	0.10000000000002274	epochs	0.0
296.07999992370605	0.045000000000015916	epochs	1.0
296.12499992370607	0.009999999999990905	epochs	1.0
296.13499992370606	0.045000000000015916	epochs	1.0
296.1799999237061	61.384995	epochs	0.0
296.1799999237061	0.5	epochs	-1.0
296.1799999237061	0.5	epochs	-1.0
296.1799999237061	0.5	epochs	1.0
296.6799999237061	0.060000000000002274	epochs	-1.0
296.6799999237061	0.024999999999977263	epochs	-1.0
296.6799999237061	0.024999999999977263	epochs	1.0
296.70499992370605	0.009999999999990905	epochs	-1.0
296.70499992370605	0.009999999999990905	epochs	1.0
296.71499992370605	0.025000000000034106	epochs	-1.0
296.71499992370605	0.025000000000034106	epochs	1.0
296.7399999237061	0.060000000000002274	epochs	-1.0
296.7399999237061	0.024999999999977263	epochs	-1.0
296.7399999237061	0.024999999999977263	epochs	1.0
296.76499992370606	0.009999999999990905	epochs	-1.0
296.76499992370606	0.009999999999990905	epochs	1.0
296.77499992370605	0.025000000000034106	epochs	-1.0
296.77499992370605	0.025000000000034106	epochs	1.0
296.7999999237061	0.05999999999994543	epochs	-1.0
296.7999999237061	0.024999999999977263	epochs	-1.0
296.7999999237061	0.024999999999977263	epochs	1.0
296.82499992370606	0.009999999999990905	epochs	-1.0
296.82499992370606	0.009999999999990905	epochs	1.0
296.83499992370605	0.024999999999977263	epochs	-1.0
296.83499992370605	0.024999999999977263	epochs	1.0
296.859999923706	60.0	epochs	1.0
356.859999923706	0.5	epochs	-1.0
356.859999923706	0.5	epochs	-1.0
356.859999923706	0.5	epochs	1.0
357.359999923706	0.06000000000005912	epochs	-1.0
357.359999923706	0.025000000000034106	epochs	-1.0
357.359999923706	0.025000000000034106	epochs	1.0
357.38499992370606	0.009999999999990905	epochs	-1.0
357.38499992370606	0.009999999999990905	epochs	1.0
357.39499992370605	0.025000000000034106	epochs	-1.0
357.39499992370605	0.025000000000034106	epochs	1.0
357.4199999237061	0.05999999999994543	epochs	-1.0
357.4199999237061	0.024999999999977263	epochs	-1.0
357.4199999237061	0.024999999999977263	epochs	1.0
357.44499992370606	0.009999999999990905	epochs	-1.0
357.44499992370606	0.009999999999990905	epochs	1.0
357.45499992370605	0.024999999999977263	epochs	-1.0
357.45499992370605	0.024999999999977263	epochs	1.0
357.47999992370603	0.060000000000002274	epochs	-1.0
357.47999992370603	0.025000000000034106	epochs	-1.0
357.47999992370603	0.025000000000034106	epochs	1.0
357.50499992370607	0.009999999999990905	epochs	-1.0
357.50499992370607	0.009999999999990905	epochs	1.0
357.51499992370606	0.024999999999977263	epochs	-1.0
357.51499992370606	0.024999999999977263	epochs	1.0
357.53999992370603	0.02499500000004673	epochs	1.0
404.6579999923706	0.10000000000002274	epochs	0.0
404.6579999923706	0.045000000000015916	epochs	1.0
404.7029999923706	0.009999999999990905	epochs	1.0
404.7129999923706	0.045000000000015916	epochs	1.0
404.7579999923706	0.7049949999999967	epochs	0.0
404.7579999923706	0.5	epochs	-1.0
404.7579999923706	0.5	epochs	-1.0
404.7579999923706	0.5	epochs	1.0
405.2579999923706	0.060000000000002274	epochs	-1.0
405.2579999923706	0.024999999999977263	epochs	-1.0
405.2579999923706	0.024999999999977263	epochs	1.0
405.2829999923706	0.009999999999990905	epochs	-1.0
405.2829999923706	0.009999999999990905	epochs	1.0
405.2929999923706	0.025000000000034106	epochs	-1.0
405.2929999923706	0.025000000000034106	epochs	1.0
405.31799999237063	0.060000000000002274	epochs	-1.0
405.31799999237063	0.024999999999977263	epochs	-1.0
405.31799999237063	0.024999999999977263	epochs	1.0
405.3429999923706	0.009999999999990905	epochs	-1.0
405.3429999923706	0.009999999999990905	epochs	1.0
405.3529999923706	0.025000000000034106	epochs	-1.0
405.3529999923706	0.025000000000034106	epochs	1.0
405.37799999237063	0.05999999999994543	epochs	-1.0
405.37799999237063	0.024999999999977263	epochs	-1.0
405.37799999237063	0.024999999999977263	epochs	1.0
405.4029999923706	0.009999999999990905	epochs	-1.0
405.4029999923706	0.009999999999990905	epochs	1.0
405.4129999923706	0.024999999999977263	epochs	-1.0
405.4129999923706	0.024999999999977263	epochs	1.0
405.4379999923706	0.02499500000004673	epochs	1.0
495.021999835968	0.10000000000002274	epochs	0.0
495.021999835968	0.045000000000015916	epochs	1.0
495.06699983596803	0.009999999999990905	epochs	1.0
495.076999835968	0.045000000000015916	epochs	1.0
495.12199983596804	0.5396199999999567	epochs	0.0
495.12199983596804	0.5	epochs	-1.0
495.12199983596804	0.5	epochs	1.0
495.62199983596804	0.03961999999995669	epochs	1.0
495.661619835968	2.960360000000037	epochs	0.0
508.20499992370605	0.10000000000002274	epochs	0.0
508.20499992370605	0.045000000000015916	epochs	1.0
508.24999992370607	0.009999999999990905	epochs	1.0
508.25999992370606	0.045000000000015916	epochs	1.0
508.3049999237061	3.0200799999999504	epochs	0.0
508.3049999237061	0.5	epochs	-1.0
508.3049999237061	0.5	epochs	1.0
508.8049999237061	1.0	epochs	1.0
509.8049999237061	1.5200799999999504	epochs	1.0
510.3049999237061	0.5	epochs	-1.0
510.8049999237061	0.5	epochs	-1.0
511.325079923706	0.4799000000000433	epochs	0.0
511.63700008392334	0.10000000000002274	epochs	0.0
511.63700008392334	0.045000000000015916	epochs	1.0
511.68200008392336	0.009999999999990905	epochs	1.0
511.69200008392335	0.045000000000015916	epochs	1.0
511.73700008392336	0.5003600000000006	epochs	0.0
511.73700008392336	0.5	epochs	-1.0
511.73700008392336	0.5	epochs	1.0
512.2370000839234	0.0003600000000005821	epochs	1.0
512.2373600839234	2.9996199999999362	epochs	0.0
524.8369998931885	0.10000000000002274	epochs	0.0
524.8369998931885	0.04499999999995907	epochs	1.0
524.8819998931884	0.009999999999990905	epochs	1.0
524.8919998931884	0.04500000000007276	epochs	1.0
524.9369998931885	3.499979999999937	epochs	0.0
524.9369998931885	0.5	epochs	-1.0
524.9369998931885	0.5	epochs	1.0
525.4369998931885	1.0	epochs	1.0
526.4369998931885	1.9999799999999368	epochs	1.0
526.9369998931885	0.5	epochs	-1.0
527.4369998931885	0.5	epochs	-1.0
528.7979998588562	0.10000000000002274	epochs	0.0
528.7979998588562	0.04499999999995907	epochs	1.0
528.8429998588562	0.009999999999990905	epochs	1.0
528.8529998588562	0.04500000000007276	epochs	1.0
528.8979998588562	0.5000199999999495	epochs	0.0
528.8979998588562	0.5	epochs	-1.0
528.8979998588562	0.5	epochs	1.0
529.3979998588562	1.9999999949504854e-05	epochs	1.0
529.3980198588562	2.9999599999999873	epochs	0.0
542.0029997825623	0.10000000000002274	epochs	0.0
542.0029997825623	0.04499999999995907	epochs	1.0
542.0479997825622	0.009999999999990905	epochs	1.0
542.0579997825622	0.04500000000007276	epochs	1.0
542.1029997825623	0.5405600000000277	epochs	0.0
542.1029997825623	0.5	epochs	-1.0
542.1029997825623	0.5	epochs	1.0
542.6029997825623	0.040560000000027685	epochs	1.0
542.6435597825623	2.959419999999909	epochs	0.0
555.1599998474121	0.10000000000002274	epochs	0.0
555.1599998474121	0.04499999999995907	epochs	1.0
555.2049998474121	0.009999999999990905	epochs	1.0
555.2149998474121	0.04500000000007276	epochs	1.0
555.2599998474121	2.5001800000000003	epochs	0.0
555.2599998474121	0.5	epochs	-1.0
555.2599998474121	0.5	epochs	1.0
555.7599998474121	1.0	epochs	1.0
556.7599998474121	1.0001800000000003	epochs	1.0
557.2599998474121	0.5	epochs	-1.0
557.7601798474121	0.9997999999999365	epochs	0.0
558.106999874115	0.10000000000002274	epochs	0.0
558.106999874115	0.04499999999995907	epochs	1.0
558.151999874115	0.009999999999990905	epochs	1.0
558.1619998741149	0.04500000000007276	epochs	1.0
558.206999874115	0.5394800000000259	epochs	0.0
558.206999874115	0.5	epochs	-1.0
558.206999874115	0.5	epochs	1.0
558.706999874115	0.03948000000002594	epochs	1.0
558.746479874115	2.960499999999911	epochs	0.0
571.2329998016357	0.10000000000002274	epochs	0.0
571.2329998016357	0.04499999999995907	epochs	1.0
571.2779998016357	0.009999999999990905	epochs	1.0
571.2879998016357	0.04500000000007276	epochs	1.0
571.3329998016358	2.560299999999984	epochs	0.0
571.3329998016358	0.5	epochs	-1.0
571.3329998016358	0.5	epochs	1.0
571.8329998016358	1.0	epochs	1.0
572.8329998016358	1.0602999999999838	epochs	1.0
573.3329998016358	0.5	epochs	-1.0
573.8932998016357	0.939679999999953	epochs	0.0
574.2519998550415	0.10000000000002274	epochs	0.0
574.2519998550415	0.04499999999995907	epochs	1.0
574.2969998550415	0.009999999999990905	epochs	1.0
574.3069998550415	0.04500000000007276	epochs	1.0
574.3519998550415	2.500059999999962	epochs	0.0
574.3519998550415	0.5	epochs	-1.0
574.3519998550415	0.5	epochs	1.0
574.8519998550415	1.0	epochs	1.0
575.8519998550415	1.0000599999999622	epochs	1.0
576.3519998550415	0.5	epochs	-1.0
576.8520598550415	0.9999199999999746	epochs	0.0
577.2309999465942	0.10000000000002274	epochs	0.0
577.2309999465942	0.04499999999995907	epochs	1.0
577.2759999465942	0.009999999999990905	epochs	1.0
577.2859999465942	0.04500000000007276	epochs	1.0
577.3309999465943	2.560299999999984	epochs	0.0
577.3309999465943	0.5	epochs	-1.0
577.3309999465943	0.5	epochs	1.0
577.8309999465943	1.0	epochs	1.0
578.8309999465943	1.0602999999999838	epochs	1.0
579.3309999465943	0.5	epochs	-1.0
579.8912999465942	0.939679999999953	epochs	0.0
580.3049998283386	0.6499800000000278	epochs	0.0
580.3049998283386	0.049999999999954525	epochs	1.0
580.3549998283386	0.5	epochs	1.0
580.8549998283386	0.09998000000007323	epochs	1.0
581.3649997711182	0.6499800000000278	epochs	0.0
581.3649997711182	0.049999999999954525	epochs	1.0
581.4149997711181	0.5	epochs	1.0
581.9149997711181	0.09998000000007323	epochs	1.0
582.4169998168945	0.6499800000000278	epochs	0.0
582.4169998168945	0.049999999999954525	epochs	1.0
582.4669998168945	0.5	epochs	1.0
582.9669998168945	0.09998000000007323	epochs	1.0
583.4829998016357	0.6499800000000278	epochs	0.0
583.4829998016357	0.049999999999954525	epochs	1.0
583.5329998016357	0.5	epochs	1.0
584.0329998016357	0.09998000000007323	epochs	1.0
584.5369997024536	0.6499800000000278	epochs	0.0
584.5369997024536	0.049999999999954525	epochs	1.0
584.5869997024536	0.5	epochs	1.0
585.0869997024536	0.09998000000007323	epochs	1.0
585.6079998016357	0.6499800000000278	epochs	0.0
585.6079998016357	0.049999999999954525	epochs	1.0
585.6579998016357	0.5	epochs	1.0
586.1579998016357	0.09998000000007323	epochs	1.0
586.673999786377	0.6499800000000278	epochs	0.0
586.673999786377	0.049999999999954525	epochs	1.0
586.7239997863769	0.5	epochs	1.0
587.2239997863769	0.09998000000007323	epochs	1.0
587.7599997520447	0.6499800000000278	epochs	0.0
587.7599997520447	0.049999999999954525	epochs	1.0
587.8099997520446	0.5	epochs	1.0
588.3099997520446	0.09998000000007323	epochs	1.0
588.8919997215271	0.6499800000000278	epochs	0.0
588.8919997215271	0.049999999999954525	epochs	1.0
588.941999721527	0.5	epochs	1.0
589.441999721527	0.09998000000007323	epochs	1.0
590.0269999504089	0.6499800000000278	epochs	0.0
590.0269999504089	0.049999999999954525	epochs	1.0
590.0769999504089	0.5	epochs	1.0
590.5769999504089	0.09998000000007323	epochs	1.0
591.2259998321533	0.10000000000002274	epochs	0.0
591.2259998321533	0.04499999999995907	epochs	1.0
591.2709998321533	0.009999999999990905	epochs	1.0
591.2809998321533	0.04500000000007276	epochs	1.0
591.3259998321533	0.5002399999999625	epochs	0.0
591.3259998321533	0.5	epochs	-1.0
591.3259998321533	0.5	epochs	1.0
591.8259998321533	0.00023999999996249244	epochs	1.0
591.8262398321533	4.999739999999974	epochs	0.0
611.4210000038147	0.10000000000002274	epochs	0.0
611.4210000038147	0.04499999999995907	epochs	1.0
611.4660000038147	0.009999999999990905	epochs	1.0
611.4760000038146	0.04500000000007276	epochs	1.0
611.5210000038147	2.5201600000000326	epochs	0.0
611.5210000038147	0.5	epochs	-1.0
611.5210000038147	0.5	epochs	1.0
612.0210000038147	1.0	epochs	1.0
613.0210000038147	1.0201600000000326	epochs	1.0
613.5209999038146	0.5	epochs	-1.0
614.0411600038148	2.979819999999904	epochs	0.0
616.6659998893738	0.10000000000002274	epochs	0.0
616.6659998893738	0.04499999999995907	epochs	1.0
616.7109998893737	0.009999999999990905	epochs	1.0
616.7209998893737	0.04500000000007276	epochs	1.0
616.7659998893738	2.559639999999945	epochs	0.0
616.7659998893738	0.5	epochs	-1.0
616.7659998893738	0.5	epochs	1.0
617.2659998893738	1.0	epochs	1.0
618.2659998893738	1.0596399999999448	epochs	1.0
618.7659998893738	0.5	epochs	-1.0
619.3256398893737	2.940339999999992	epochs	0.0
621.8519997596741	0.10000000000002274	epochs	0.0
621.8519997596741	0.04499999999995907	epochs	1.0
621.896999759674	0.009999999999990905	epochs	1.0
621.906999759674	0.04500000000007276	epochs	1.0
621.9519997596741	2.5595200000000204	epochs	0.0
621.9519997596741	0.5	epochs	-1.0
621.9519997596741	0.5	epochs	1.0
622.4519997596741	1.0	epochs	1.0
623.4519997596741	1.0595200000000204	epochs	1.0
623.9519997596741	0.5	epochs	-1.0
624.5115197596741	3.9404599999999164	epochs	0.0
625.0279998779297	0.10000000000002274	epochs	0.0
625.0279998779297	0.04499999999995907	epochs	1.0
625.0729998779296	0.009999999999990905	epochs	1.0
625.0829998779296	0.04500000000007276	epochs	1.0
625.1279998779297	2.500159999999937	epochs	0.0
625.1279998779297	0.5	epochs	-1.0
625.1279998779297	0.5	epochs	1.0
625.6279998779297	1.0	epochs	1.0
626.6279998779297	1.000159999999937	epochs	1.0
627.1279998779297	0.5	epochs	-1.0
627.6281598779296	3.9998199999999997	epochs	0.0
628.1310000419617	0.10000000000002274	epochs	0.0
628.1310000419617	0.04499999999995907	epochs	1.0
628.1760000419616	0.009999999999990905	epochs	1.0
628.1860000419616	0.04500000000007276	epochs	1.0
628.2310000419617	2.5005599999999504	epochs	0.0
628.2310000419617	0.5	epochs	-1.0
628.2310000419617	0.5	epochs	1.0
628.7310000419617	1.0	epochs	1.0
629.7310000419617	1.0005599999999504	epochs	1.0
630.2310000419617	0.5	epochs	-1.0
630.7315600419616	3.9994199999999864	epochs	0.0
631.2420001029968	0.10000000000002274	epochs	0.0
631.2420001029968	0.04499999999995907	epochs	1.0
631.2870001029968	0.009999999999990905	epochs	1.0
631.2970001029968	0.04500000000007276	epochs	1.0
631.3420001029968	2.5001199999999244	epochs	0.0
631.3420001029968	0.5	epochs	-1.0
631.3420001029968	0.5	epochs	1.0
631.8420001029968	1.0	epochs	1.0
632.8420001029968	1.0001199999999244	epochs	1.0
633.3420001029968	0.5	epochs	-1.0
633.8421201029968	3.9998600000000124	epochs	0.0
634.3610000610352	0.10000000000002274	epochs	0.0
634.3610000610352	0.04499999999995907	epochs	1.0
634.4060000610351	0.009999999999990905	epochs	1.0
634.4160000610351	0.04500000000007276	epochs	1.0
634.4610000610352	3.519959999999969	epochs	0.0
634.4610000610352	0.5	epochs	-1.0
634.4610000610352	0.5	epochs	1.0
634.9610000610352	1.0	epochs	1.0
635.9610000610352	2.019959999999969	epochs	1.0
636.4610000610352	0.5	epochs	-1.0
636.9610000610352	0.5	epochs	-1.0
637.4610000610352	0.5	epochs	-1.0
637.9809600610351	2.9800199999999677	epochs	0.0
638.5699996948242	0.10000000000002274	epochs	0.0
638.5699996948242	0.04499999999995907	epochs	1.0
638.6149996948242	0.009999999999990905	epochs	1.0
638.6249996948242	0.04500000000007276	epochs	1.0
638.6699996948242	0.5395999999999503	epochs	0.0
638.6699996948242	0.5	epochs	-1.0
638.6699996948242	0.5	epochs	1.0
639.1699996948242	0.03959999999995034	epochs	1.0
639.2095996948242	5.9603799999999865	epochs	0.0
654.6989998817444	0.10000000000002274	epochs	0.0
654.6989998817444	0.04499999999995907	epochs	1.0
654.7439998817443	0.009999999999990905	epochs	1.0
654.7539998817443	0.04500000000007276	epochs	1.0
654.7989998817444	2.5004599999999755	epochs	0.0
654.7989998817444	0.5	epochs	-1.0
654.7989998817444	0.5	epochs	1.0
655.2989998817444	1.0	epochs	1.0
656.2989998817444	1.0004599999999755	epochs	1.0
656.7989998817444	0.5	epochs	-1.0
657.2994598817444	3.9995199999999613	epochs	0.0
657.8800001144409	0.15297999999995682	epochs	0.0
657.8800001144409	0.049999999999954525	epochs	1.0
657.9300001144409	0.0030000000000427463	epochs	1.0
657.9330001144409	0.09997999999995955	epochs	1.0
658.5829997062683	0.15297999999995682	epochs	0.0
658.5829997062683	0.049999999999954525	epochs	1.0
658.6329997062683	0.0030000000000427463	epochs	1.0
658.6359997062683	0.09997999999995955	epochs	1.0
659.2890000343323	0.15297999999995682	epochs	0.0
659.2890000343323	0.049999999999954525	epochs	1.0
659.3390000343322	0.0030000000000427463	epochs	1.0
659.3420000343323	0.09997999999995955	epochs	1.0
660.021999835968	0.15297999999995682	epochs	0.0
660.021999835968	0.049999999999954525	epochs	1.0
660.071999835968	0.0030000000000427463	epochs	1.0
660.074999835968	0.09997999999995955	epochs	1.0
660.7690000534058	0.15297999999995682	epochs	0.0
660.7690000534058	0.049999999999954525	epochs	1.0
660.8190000534057	0.0030000000000427463	epochs	1.0
660.8220000534058	0.09997999999995955	epochs	1.0
661.4979996681213	0.15297999999995682	epochs	0.0
661.4979996681213	0.049999999999954525	epochs	1.0
661.5479996681213	0.0030000000000427463	epochs	1.0
661.5509996681213	0.09997999999995955	epochs	1.0
662.2290000915527	0.15297999999995682	epochs	0.0
662.2290000915527	0.049999999999954525	epochs	1.0
662.2790000915527	0.0030000000000427463	epochs	1.0
662.2820000915527	0.09997999999995955	epochs	1.0
662.9569997787476	0.15297999999995682	epochs	0.0
662.9569997787476	0.049999999999954525	epochs	1.0
663.0069997787475	0.0030000000000427463	epochs	1.0
663.0099997787476	0.09997999999995955	epochs	1.0
663.6979999542236	0.15297999999995682	epochs	0.0
663.6979999542236	0.049999999999954525	epochs	1.0
663.7479999542236	0.0030000000000427463	epochs	1.0
663.7509999542236	0.09997999999995955	epochs	1.0
664.4809999465942	0.10000000000002274	epochs	0.0
664.4809999465942	0.04499999999995907	epochs	1.0
664.5259999465942	0.009999999999990905	epochs	1.0
664.5359999465942	0.04500000000007276	epochs	1.0
664.5809999465943	1.5591200000000072	epochs	0.0
664.5809999465943	0.5	epochs	-1.0
664.5809999465943	0.5	epochs	1.0
665.0809999465943	0.0029999999999290594	epochs	1.0
665.0839999465942	1.056120000000078	epochs	1.0
665.5839999465942	0.5	epochs	-1.0
666.1401199465943	0.043859999999995125	epochs	0.0
666.6560001373291	0.10000000000002274	epochs	0.0
666.6560001373291	0.04499999999995907	epochs	1.0
666.7010001373291	0.009999999999990905	epochs	1.0
666.711000137329	0.04500000000007276	epochs	1.0
666.7560001373291	1.539959999999951	epochs	0.0
666.7560001373291	0.5	epochs	-1.0
666.7560001373291	0.5	epochs	1.0
667.2560001373291	0.0029999999999290594	epochs	1.0
667.259000137329	1.0369600000000219	epochs	1.0
667.759000137329	0.5	epochs	-1.0
668.2959601373291	0.06302000000005137	epochs	0.0
668.8559999465942	0.10000000000002274	epochs	0.0
668.8559999465942	0.04499999999995907	epochs	1.0
668.9009999465942	0.009999999999990905	epochs	1.0
668.9109999465942	0.04500000000007276	epochs	1.0
668.9559999465943	1.5400599999999258	epochs	0.0
668.9559999465943	0.5	epochs	-1.0
668.9559999465943	0.5	epochs	1.0
669.4559999465943	0.0029999999999290594	epochs	1.0
669.4589999465942	1.0370599999999968	epochs	1.0
669.9589999465942	0.5	epochs	-1.0
670.4960599465942	0.06292000000007647	epochs	0.0
671.1519999504089	0.10000000000002274	epochs	0.0
671.1519999504089	0.04499999999995907	epochs	1.0
671.1969999504089	0.009999999999990905	epochs	1.0
671.2069999504089	0.04500000000007276	epochs	1.0
671.251999950409	5.519659999999931	epochs	0.0
671.251999950409	0.5	epochs	-1.0
671.251999950409	0.5	epochs	1.0
671.751999950409	5.019659999999931	epochs	1.0
675.7718399504089	0.9998199999999997	epochs	-1.0
675.7718399504089	0.03956000000005133	epochs	-1.0
676.2693199504089	0.5	epochs	-1.0
676.7716599504089	13.980320000000006	epochs	0.0
677.6489996910095	0.10000000000002274	epochs	0.0
677.6489996910095	0.04499999999995907	epochs	1.0
677.6939996910095	0.009999999999990905	epochs	1.0
677.7039996910095	0.04500000000007276	epochs	1.0
677.7489996910095	6.7198399999999765	epochs	0.0
677.7489996910095	0.5	epochs	-1.0
677.7489996910095	0.5	epochs	1.0
678.2489996910095	6.2198399999999765	epochs	1.0
681.9687796910096	2.500059999999962	epochs	-1.0
681.9687796910096	0.039559999999937645	epochs	-1.0
682.4662596910096	0.5	epochs	-1.0
682.9662596910096	0.5	epochs	-1.0
683.4662596910096	0.5	epochs	-1.0
683.9662596910096	0.5	epochs	-1.0
684.4688396910095	12.78013999999996	epochs	0.0
685.298999786377	0.10000000000002274	epochs	0.0
685.298999786377	0.04499999999995907	epochs	1.0
685.3439997863769	0.009999999999990905	epochs	1.0
685.3539997863769	0.04500000000007276	epochs	1.0
685.398999786377	5.219560000000001	epochs	0.0
685.398999786377	0.5	epochs	-1.0
685.398999786377	0.5	epochs	1.0
685.898999786377	4.719560000000001	epochs	1.0
689.618779786377	0.999779999999987	epochs	-1.0
689.618779786377	0.040259999999989304	epochs	-1.0
690.116259786377	0.5	epochs	-1.0
690.618559786377	14.280419999999935	epochs	0.0
706.003999710083	0.10000000000002274	epochs	0.0
706.003999710083	0.04499999999995907	epochs	1.0
706.048999710083	0.009999999999990905	epochs	1.0
706.058999710083	0.04500000000007276	epochs	1.0
706.103999710083	2.0	epochs	0.0
708.103999710083	5.3993600000000015	epochs	0.0
708.103999710083	1.0	epochs	1.0
708.103999710083	0.5	epochs	-1.0
708.603999710083	4.8993600000000015	epochs	-1.0
709.103999710083	4.3993600000000015	epochs	1.0
709.103999710083	4.356753899999944	epochs	-1.0
709.103999710083	1.9745871999999736	epochs	2.0
709.103999710083	1.0985621999999466	epochs	3.0
710.202561910083	0.8760250000000269	epochs	3.0
711.078586910083	1.3524075000000266	epochs	2.0
711.078586910083	0.7286354999999958	epochs	3.0
711.807222410083	0.6237720000000309	epochs	3.0
712.430994410083	1.029759199999944	epochs	2.0
712.430994410083	0.5453292999999348	epochs	3.0
712.976323710083	0.4844299000000092	epochs	3.0
713.460753610083	0.04260610000005727	epochs	2.0
713.460753610083	0.04260610000005727	epochs	3.0
713.503359710083	16.600559999999973	epochs	0.0
714.316999912262	0.10000000000002274	epochs	0.0
714.316999912262	0.04499999999995907	epochs	1.0
714.3619999122619	0.009999999999990905	epochs	1.0
714.3719999122619	0.04500000000007276	epochs	1.0
714.416999912262	2.0	epochs	0.0
716.416999912262	21.51983999999993	epochs	0.0
716.416999912262	1.0	epochs	1.0
716.416999912262	0.5	epochs	-1.0
716.916999912262	19.998479999999972	epochs	-1.0
717.416999912262	20.0	epochs	1.0
717.416999912262	4.356753899999944	epochs	-1.0
717.416999912262	1.9745871999999736	epochs	2.0
717.416999912262	1.0985621999999466	epochs	3.0
718.5155621122619	0.8760250000000269	epochs	3.0
719.391587112262	1.3524075000000266	epochs	2.0
719.391587112262	0.7286354999999958	epochs	3.0
720.120222612262	0.6237720000000309	epochs	3.0
720.743994612262	1.029759199999944	epochs	2.0
720.743994612262	0.5453292999999348	epochs	3.0
721.2893239122619	0.4844299000000092	epochs	3.0
721.7737538122619	0.8317862000000105	epochs	2.0
721.7737538122619	0.4357763000000432	epochs	3.0
722.209530112262	0.3960098999999673	epochs	3.0
722.6055400122619	0.6977970000000369	epochs	2.0
722.6055400122619	0.3628982000000178	epochs	3.0
722.968438212262	0.33489880000001904	epochs	3.0
723.303337012262	0.601045699999986	epochs	2.0
723.303337012262	0.3109123000000409	epochs	3.0
723.614249312262	0.29013339999994514	epochs	3.0
723.904382712262	0.5278859000000011	epochs	2.0
723.904382712262	0.2719585999999481	epochs	3.0
724.1763413122619	0.25592730000005304	epochs	3.0
724.432268612262	0.470619299999953	epochs	2.0
724.432268612262	0.241681299999982	epochs	3.0
724.673949912262	0.228937999999971	epochs	3.0
724.9028879122619	0.42457039999999324	epochs	2.0
724.9028879122619	0.21747140000002219	epochs	3.0
725.1203593122619	0.20709899999997106	epochs	3.0
725.3274583122619	0.3867354000000205	epochs	2.0
725.3274583122619	0.19767110000009325	epochs	3.0
725.525129412262	0.18906429999992724	epochs	3.0
725.7141937122619	0.3550953000000163	epochs	2.0
725.7141937122619	0.18117590000008477	epochs	3.0
725.895369612262	0.17391939999993156	epochs	3.0
726.069289012262	0.3282431000000088	epochs	2.0
726.069289012262	0.1672219000000723	epochs	3.0
726.236510912262	0.16102119999993647	epochs	3.0
726.397532112262	0.30516799999998057	epochs	2.0
726.397532112262	0.15526390000002266	epochs	3.0
726.552796012262	0.1499040999999579	epochs	3.0
726.7027001122619	0.28512530000000424	epochs	2.0
726.7027001122619	0.1449021000000812	epochs	3.0
726.847602212262	0.14022319999992305	epochs	3.0
726.9878254122619	0.2675537999999733	epochs	2.0
726.9878254122619	0.1358369000000721	epochs	3.0
727.123662312262	0.13171689999990122	epochs	3.0
727.2553792122619	0.2520229000000427	epochs	2.0
727.2553792122619	0.1278393000000051	epochs	3.0
727.3832185122619	0.12418360000003759	epochs	3.0
727.507402112262	0.23819649999995818	epochs	2.0
727.507402112262	0.12073110000005727	epochs	3.0
727.628133212262	0.11746539999990091	epochs	3.0
727.7455986122619	0.2258088000000953	epochs	2.0
727.7455986122619	0.11437190000003739	epochs	3.0
727.859970512262	0.1114369000000579	epochs	3.0
727.971407412262	0.21464599999990241	epochs	2.0
727.971407412262	0.10864889999993466	epochs	3.0
728.080056312262	0.10599709999996776	epochs	3.0
728.1860534122619	0.20453500000007807	epochs	2.0
728.1860534122619	0.10347150000006877	epochs	3.0
728.289524912262	0.1010635000000093	epochs	3.0
728.390588412262	0.19533400000000256	epochs	2.0
728.390588412262	0.09876509999992322	epochs	3.0
728.4893535122619	0.09656890000007934	epochs	3.0
728.585922412262	0.18692529999998442	epochs	2.0
728.585922412262	0.09446830000001682	epochs	3.0
728.680390712262	0.09245699999996759	epochs	3.0
728.772847712262	0.17921069999999872	epochs	2.0
728.772847712262	0.09052959999996801	epochs	3.0
728.863377312262	0.08868110000003071	epochs	3.0
728.952058412262	0.17210769999996955	epochs	2.0
728.952058412262	0.08690630000000965	epochs	3.0
729.038964712262	0.0852013999999599	epochs	3.0
729.124166112262	0.16554640000003928	epochs	2.0
729.124166112262	0.08356190000006336	epochs	3.0
729.207728012262	0.08198449999997592	epochs	3.0
729.289712512262	0.15946710000002895	epochs	2.0
729.289712512262	0.08046539999998004	epochs	3.0
729.370177912262	0.07900170000004891	epochs	3.0
729.449179612262	0.15381839999997737	epochs	2.0
729.449179612262	0.07759009999995214	epochs	3.0
729.526769712262	0.07622830000002523	epochs	3.0
729.602998012262	0.14855639999996129	epochs	2.0
729.602998012262	0.07491329999993468	epochs	3.0
729.6779113122619	0.0736431000000266	epochs	3.0
729.751554412262	0.14364239999997608	epochs	2.0
729.751554412262	0.07241499999997814	epochs	3.0
729.8239694122619	0.07122739999999794	epochs	3.0
729.8951968122619	0.13904309999998077	epochs	2.0
729.8951968122619	0.07007800000008046	epochs	3.0
729.965274812262	0.0689650999999003	epochs	3.0
730.0342399122619	0.1347293000000036	epochs	2.0
730.0342399122619	0.0678871000000072	epochs	3.0
730.1021270122619	0.06684219999999641	epochs	3.0
730.1689692122619	0.1306752000000415	epochs	2.0
730.1689692122619	0.06582910000008724	epochs	3.0
730.234798312262	0.06484609999995428	epochs	3.0
730.299644412262	0.12685780000003888	epochs	2.0
730.299644412262	0.06389200000000983	epochs	3.0
730.363536412262	0.06296580000002905	epochs	3.0
730.426502212262	0.12325720000001184	epochs	2.0
730.426502212262	0.062065799999913907	epochs	3.0
730.4885680122619	0.06119140000009793	epochs	3.0
730.549759412262	0.11985540000000583	epochs	2.0
730.549759412262	0.060341099999959624	epochs	3.0
730.610100512262	0.059514300000046205	epochs	3.0
730.669614812262	0.1166361999999026	epochs	2.0
730.669614812262	0.058709599999929196	epochs	3.0
730.7283244122619	0.057926599999973405	epochs	3.0
730.7862510122619	0.11358560000007856	epochs	2.0
730.7862510122619	0.05716420000010203	epochs	3.0
730.843415212262	0.05642139999997653	epochs	3.0
730.899836612262	0.11069049999991876	epochs	2.0
730.899836612262	0.05569789999992736	epochs	3.0
730.9555345122619	0.0549925999999914	epochs	3.0
731.0105271122619	0.1079391000000669	epochs	2.0
731.0105271122619	0.05430490000003374	epochs	3.0
731.064832012262	0.05363420000003316	epochs	3.0
731.118466212262	0.10532149999994544	epochs	2.0
731.118466212262	0.05297999999993408	epochs	3.0
731.1714462122619	0.052341500000011365	epochs	3.0
731.2237877122619	0.10282760000006874	epochs	2.0
731.2237877122619	0.05171810000001642	epochs	3.0
731.2755058122619	0.05110950000005232	epochs	3.0
731.326615312262	0.10044909999999163	epochs	2.0
731.326615312262	0.05051489999993919	epochs	3.0
731.3771302122619	0.04993420000005244	epochs	3.0
731.427064412262	0.0981782999999723	epochs	2.0
731.427064412262	0.04936659999998483	epochs	3.0
731.476431012262	0.04881169999998747	epochs	3.0
731.525242712262	0.09600780000005216	epochs	2.0
731.525242712262	0.04826920000004975	epochs	3.0
731.573511912262	0.04773860000000241	epochs	3.0
731.621250512262	0.09393119999992905	epochs	2.0
731.621250512262	0.04721949999998287	epochs	3.0
731.668470012262	0.04671169999994618	epochs	3.0
731.7151817122619	0.09194260000003851	epochs	2.0
731.7151817122619	0.046214599999984785	epochs	3.0
731.7613963122619	0.045728000000053726	epochs	3.0
731.807124312262	0.09003629999995155	epochs	2.0
731.807124312262	0.045251499999949374	epochs	3.0
731.8523758122619	0.04478480000000218	epochs	3.0
731.8971606122619	0.08820760000003247	epochs	2.0
731.8971606122619	0.044327800000019124	epochs	3.0
731.941488412262	0.04387980000001335	epochs	3.0
731.985368212262	0.0864516999999978	epochs	2.0
731.985368212262	0.04344100000002982	epochs	3.0
732.028809212262	0.04301069999996798	epochs	3.0
732.071819912262	0.08476429999996071	epochs	2.0
732.071819912262	0.04258900000002086	epochs	3.0
732.114408912262	0.04217529999993985	epochs	3.0
732.1565842122619	0.08314150000001064	epochs	2.0
732.1565842122619	0.04176970000003166	epochs	3.0
732.198353912262	0.041371799999978975	epochs	3.0
732.2397257122619	0.08157970000002024	epochs	2.0
732.2397257122619	0.04098140000007788	epochs	3.0
732.280707112262	0.040598299999942355	epochs	3.0
732.321305412262	0.08007550000002084	epochs	2.0
732.321305412262	0.04022229999998217	epochs	3.0
732.3615277122619	0.03985320000003867	epochs	3.0
732.401380912262	0.07862569999997504	epochs	2.0
732.401380912262	0.0394907999999532	epochs	3.0
732.4408717122619	0.039134900000021844	epochs	3.0
732.480006612262	0.07722760000001472	epochs	2.0
732.480006612262	0.038785400000051595	epochs	3.0
732.518792012262	0.03844219999996312	epochs	3.0
732.557234212262	0.07587820000003376	epochs	2.0
732.557234212262	0.038104800000041905	epochs	3.0
732.595339012262	0.03777339999999185	epochs	3.0
732.633112412262	0.07457519999991291	epochs	2.0
732.633112412262	0.03744769999991604	epochs	3.0
732.6705601122619	0.03712749999999687	epochs	3.0
732.7076876122619	0.07331630000010136	epochs	2.0
732.7076876122619	0.0368129000000863	epochs	3.0
732.744500512262	0.03650340000001506	epochs	3.0
732.781003912262	0.07209899999998015	epochs	2.0
732.781003912262	0.03619909999997617	epochs	3.0
732.817203012262	0.03589990000000398	epochs	3.0
732.853102912262	0.07092169999998532	epochs	2.0
732.853102912262	0.03560559999993984	epochs	3.0
732.8887085122619	0.03531610000004548	epochs	3.0
732.924024612262	0.06978200000003199	epochs	2.0
732.924024612262	0.03503119999993487	epochs	3.0
732.9590558122619	0.034750800000097115	epochs	3.0
732.993806612262	0.06867859999999837	epochs	2.0
732.993806612262	0.03447510000000875	epochs	3.0
733.028281712262	0.03420349999998962	epochs	3.0
733.062485212262	0.06760929999995824	epochs	2.0
733.062485212262	0.033936199999970995	epochs	3.0
733.096421412262	0.033673099999987244	epochs	3.0
733.130094512262	0.06657289999998284	epochs	2.0
733.130094512262	0.03341399999999339	epochs	3.0
733.163508512262	0.033158899999989444	epochs	3.0
733.196667412262	0.06556780000005347	epochs	2.0
733.196667412262	0.032907700000009754	epochs	3.0
733.229575112262	0.03266010000004371	epochs	3.0
733.262235212262	0.06459259999996902	epochs	2.0
733.262235212262	0.032416399999988244	epochs	3.0
733.294651612262	0.03217619999998078	epochs	3.0
733.326827812262	0.0636459999999488	epochs	2.0
733.326827812262	0.03193959999998697	epochs	3.0
733.358767412262	0.03170639999996183	epochs	3.0
733.3904738122619	0.06272670000009839	epochs	2.0
733.3904738122619	0.03147660000001906	epochs	3.0
733.4219504122619	0.03125010000007933	epochs	3.0
733.453200512262	0.06183359999999993	epochs	2.0
733.453200512262	0.03102689999991526	epochs	3.0
733.4842274122619	0.030806700000084675	epochs	3.0
733.515034112262	0.060965599999917686	epochs	2.0
733.515034112262	0.030589799999916067	epochs	3.0
733.5456239122619	0.030375800000001618	epochs	3.0
733.5759997122619	0.06012160000000222	epochs	2.0
733.5759997122619	0.030164900000045236	epochs	3.0
733.606164612262	0.02995669999995698	epochs	3.0
733.6361213122619	0.05930069999999432	epochs	2.0
733.6361213122619	0.029751600000054168	epochs	3.0
733.665872912262	0.029549099999940154	epochs	3.0
733.6954220122619	0.05850180000004457	epochs	2.0
733.6954220122619	0.02934940000000097	epochs	3.0
733.7247714122619	0.0291524000000436	epochs	3.0
733.753923812262	0.05772419999993872	epochs	2.0
733.753923812262	0.028957999999988715	epochs	3.0
733.782881812262	0.028766199999950004	epochs	3.0
733.8116480122619	0.05696710000006533	epochs	2.0
733.8116480122619	0.028577000000041153	epochs	3.0
733.840225012262	0.028390100000024177	epochs	3.0
733.868615112262	0.05622949999997218	epochs	2.0
733.868615112262	0.028205699999944045	epochs	3.0
733.8968208122619	0.028023800000028132	epochs	3.0
733.924844612262	0.05551070000001346	epochs	2.0
733.924844612262	0.027843999999959124	epochs	3.0
733.9526886122619	0.027666700000054334	epochs	3.0
733.980355312262	0.054810200000019904	epochs	2.0
733.980355312262	0.02749149999999645	epochs	3.0
734.007846812262	0.027318700000023455	epochs	3.0
734.035165512262	0.05412699999999404	epochs	2.0
734.035165512262	0.027147799999966082	epochs	3.0
734.062313312262	0.02697920000002796	epochs	3.0
734.089292512262	0.053460699999959616	epochs	2.0
734.089292512262	0.0268125999999711	epochs	3.0
734.116105112262	0.026648099999988517	epochs	3.0
734.1427532122619	0.05281070000000909	epochs	2.0
734.1427532122619	0.026485600000000886	epochs	3.0
734.1692388122619	0.026325100000008206	epochs	3.0
734.195563912262	0.05217619999996259	epochs	2.0
734.195563912262	0.026166399999965506	epochs	3.0
734.2217303122619	0.026009799999997085	epochs	3.0
734.2477401122619	0.05155670000010559	epochs	2.0
734.2477401122619	0.025854800000047362	epochs	3.0
734.273594912262	0.02570190000005823	epochs	3.0
734.299296812262	0.05095189999997274	epochs	2.0
734.299296812262	0.025550699999939752	epochs	3.0
734.324847512262	0.025401200000032986	epochs	3.0
734.350248712262	0.05036099999995258	epochs	2.0
734.350248712262	0.025253499999962514	epochs	3.0
734.375502212262	0.02510749999999007	epochs	3.0
734.4006097122619	0.049783800000000156	epochs	2.0
734.4006097122619	0.02496320000000196	epochs	3.0
734.4255729122619	0.024820599999998194	epochs	3.0
734.4503935122619	0.049219500000049266	epochs	2.0
734.4503935122619	0.02467940000008184	epochs	3.0
734.475072912262	0.024540099999967424	epochs	3.0
734.499613012262	0.048667899999941255	epochs	2.0
734.499613012262	0.02440209999997478	epochs	3.0
734.524015112262	0.024265799999966475	epochs	3.0
734.5482809122619	0.04812860000004093	epochs	2.0
734.5482809122619	0.024131000000011227	epochs	3.0
734.5724119122619	0.023997600000029706	epochs	3.0
734.596409512262	0.04760109999995166	epochs	2.0
734.596409512262	0.023865799999953197	epochs	3.0
734.6202753122619	0.02373529999999846	epochs	3.0
734.6440106122619	0.047085000000038235	epochs	2.0
734.6440106122619	0.02360630000009678	epochs	3.0
734.667616912262	0.023478699999941455	epochs	3.0
734.691095612262	0.046579999999948996	epochs	2.0
734.691095612262	0.02335249999998723	epochs	3.0
734.714448112262	0.023227499999961765	epochs	3.0
734.7376756122619	0.046085700000048746	epochs	2.0
734.7376756122619	0.023104000000103042	epochs	3.0
734.760779612262	0.022981699999945704	epochs	3.0
734.783761312262	0.045601799999985815	epochs	2.0
734.783761312262	0.022860700000023826	epochs	3.0
734.806622012262	0.02274109999996199	epochs	3.0
734.829363112262	0.04512790000001132	epochs	2.0
734.829363112262	0.022622500000011314	epochs	3.0
734.851985612262	0.02250540000000001	epochs	3.0
734.874491012262	0.044663799999966614	epochs	2.0
734.874491012262	0.02238929999998618	epochs	3.0
734.8968803122619	0.022274499999980435	epochs	3.0
734.9191548122619	0.04420920000006845	epochs	2.0
734.9191548122619	0.022160800000051495	epochs	3.0
734.941315612262	0.022048400000016954	epochs	3.0
734.963364012262	0.04376359999992019	epochs	2.0
734.963364012262	0.021936900000014248	epochs	3.0
734.985300912262	0.02182669999990594	epochs	3.0
735.0071276122619	0.04332710000005591	epochs	2.0
735.0071276122619	0.02171760000010181	epochs	3.0
735.028845212262	0.021609499999954096	epochs	3.0
735.050454712262	0.04289900000003399	epochs	2.0
735.050454712262	0.02150249999999687	epochs	3.0
735.071957212262	0.021396500000037122	epochs	3.0
735.093353712262	0.042479500000013104	epochs	2.0
735.093353712262	0.02129170000000613	epochs	3.0
735.114645412262	0.021187800000006973	epochs	3.0
735.135833212262	0.04206789999989269	epochs	2.0
735.135833212262	0.02108490000000529	epochs	3.0
735.156918112262	0.020982999999887397	epochs	3.0
735.1779011122619	0.04166440000005878	epochs	2.0
735.1779011122619	0.02088220000007368	epochs	3.0
735.198783312262	0.020782199999985096	epochs	3.0
735.219565512262	0.04126850000000104	epochs	2.0
735.219565512262	0.020683299999973315	epochs	3.0
735.2402488122619	0.020585200000027726	epochs	3.0
735.260834012262	0.04088000000001557	epochs	2.0
735.260834012262	0.020488099999965925	epochs	3.0
735.2813221122619	0.020391900000049645	epochs	3.0
735.301714012262	0.04049880000002304	epochs	2.0
735.301714012262	0.020296599999937825	epochs	3.0
735.3220106122619	0.020202200000085213	epochs	3.0
735.342212812262	0.040124599999899146	epochs	2.0
735.342212812262	0.020108699999923374	epochs	3.0
735.3623215122619	0.020015899999975773	epochs	3.0
735.3823374122619	0.03975730000001931	epochs	2.0
735.3823374122619	0.019924200000104975	epochs	3.0
735.402261612262	0.01983309999991434	epochs	3.0
735.4220947122619	0.03939669999999751	epochs	2.0
735.4220947122619	0.01974300000006224	epochs	3.0
735.441837712262	0.01965369999993527	epochs	3.0
735.4614914122619	0.039042400000084854	epochs	2.0
735.4614914122619	0.01956510000002254	epochs	3.0
735.481056512262	0.019477300000062314	epochs	3.0
735.500533812262	0.03869459999998526	epochs	2.0
735.500533812262	0.01939039999990655	epochs	3.0
735.5199242122619	0.01930420000007871	epochs	3.0
735.539228412262	0.03835289999994984	epochs	2.0
735.539228412262	0.019218799999976	epochs	3.0
735.558447212262	0.01913409999997384	epochs	3.0
735.5775813122619	0.03801720000001296	epochs	2.0
735.5775813122619	0.019050200000037876	epochs	3.0
735.596631512262	0.018966999999975087	epochs	3.0
735.615598512262	0.037687200000050325	epochs	2.0
735.615598512262	0.01888450000001285	epochs	3.0
735.634483012262	0.018802700000037476	epochs	3.0
735.653285712262	0.03736309999999321	epochs	2.0
735.653285712262	0.018721700000014607	epochs	3.0
735.672007412262	0.018641399999978603	epochs	3.0
735.690648812262	0.03704429999993408	epochs	2.0
735.690648812262	0.01856159999999818	epochs	3.0
735.709210412262	0.018482699999935903	epochs	3.0
735.7276931122619	0.0367310000000316	epochs	2.0
735.7276931122619	0.018404300000042895	epochs	3.0
735.746097412262	0.018326699999988705	epochs	3.0
735.764424112262	0.036422900000047775	epochs	2.0
735.764424112262	0.018249599999990096	epochs	3.0
735.782673712262	0.01817330000005768	epochs	3.0
735.800847012262	0.03612009999994825	epochs	2.0
735.800847012262	0.01809759999991911	epochs	3.0
735.8189446122619	0.01802250000002914	epochs	3.0
735.836967112262	0.03582210000001851	epochs	2.0
735.836967112262	0.017947899999967376	epochs	3.0
735.8549150122619	0.017874200000051133	epochs	3.0
735.872789212262	0.03552899999999681	epochs	2.0
735.872789212262	0.017800800000031813	epochs	3.0
735.890590012262	0.017728199999965	epochs	3.0
735.908318212262	0.03524070000003121	epochs	2.0
735.908318212262	0.017656099999953767	epochs	3.0
735.9259743122619	0.017584600000077444	epochs	3.0
735.943558912262	0.03495709999992869	epochs	2.0
735.943558912262	0.01751369999999497	epochs	3.0
735.961072612262	0.017443399999933717	epochs	3.0
735.9785160122619	0.03467790000001969	epochs	2.0
735.9785160122619	0.017373600000041733	epochs	3.0
735.995889612262	0.017304299999977957	epochs	3.0
736.013193912262	0.03440330000000813	epochs	2.0
736.013193912262	0.01723570000001473	epochs	3.0
736.030429612262	0.0171675999999934	epochs	3.0
736.047597212262	0.03413279999995211	epochs	2.0
736.047597212262	0.01709989999994832	epochs	3.0
736.0646971122619	0.017032900000003792	epochs	3.0
736.0817300122619	0.03386670000008962	epochs	2.0
736.0817300122619	0.01696640000000116	epochs	3.0
736.0986964122619	0.016900300000088464	epochs	3.0
736.115596712262	0.03360459999998966	epochs	2.0
736.115596712262	0.01683479999996962	epochs	3.0
736.132431512262	0.01676980000002004	epochs	3.0
736.149201312262	0.033346599999958926	epochs	2.0
736.149201312262	0.016705300000012357	epochs	3.0
736.165906612262	0.01664129999994657	epochs	3.0
736.182547912262	0.03309250000006614	epochs	2.0
736.182547912262	0.016577800000050047	epochs	3.0
736.199125712262	0.01651470000001609	epochs	3.0
736.215640412262	0.03284229999997024	epochs	2.0
736.215640412262	0.016452199999889672	epochs	3.0
736.2320926122619	0.016390100000080565	epochs	3.0
736.248482712262	0.03259570000000167	epochs	2.0
736.248482712262	0.016328400000020338	epochs	3.0
736.264811112262	0.016267299999981333	epochs	3.0
736.281078412262	0.032352899999978035	epochs	2.0
736.281078412262	0.01620659999991858	epochs	3.0
736.2972850122619	0.016146300000059455	epochs	3.0
736.313431312262	0.03211369999996805	epochs	2.0
736.313431312262	0.016086599999994178	epochs	3.0
736.329517912262	0.01602709999997387	epochs	3.0
736.3455450122619	0.03187800000000607	epochs	2.0
736.3455450122619	0.015968199999974786	epochs	3.0
736.3615132122619	0.015909800000031282	epochs	3.0
736.3774230122619	0.031645700000012766	epochs	2.0
736.3774230122619	0.01585160000001906	epochs	3.0
736.393274612262	0.015794099999993705	epochs	3.0
736.409068712262	0.0314167000000225	epochs	2.0
736.409068712262	0.015736700000047676	epochs	3.0
736.424805412262	0.015679999999974825	epochs	3.0
736.440485412262	0.031191100000000915	epochs	2.0
736.440485412262	0.015623600000026272	epochs	3.0
736.456109012262	0.015567499999974643	epochs	3.0
736.471676512262	0.030968700000016725	epochs	2.0
736.471676512262	0.015511999999944237	epochs	3.0
736.4871885122619	0.015456700000072487	epochs	3.0
736.502645212262	0.030749499999956242	epochs	2.0
736.502645212262	0.015401999999994587	epochs	3.0
736.518047212262	0.015347499999961656	epochs	3.0
736.533394712262	0.03053320000003623	epochs	2.0
736.533394712262	0.015293400000018664	epochs	3.0
736.548688112262	0.015239800000017567	epochs	3.0
736.563927912262	0.030320099999926242	epochs	2.0
736.563927912262	0.015186500000027081	epochs	3.0
736.579114412262	0.015133599999899161	epochs	3.0
736.5942480122619	0.03010990000007041	epochs	2.0
736.5942480122619	0.015081000000009226	epochs	3.0
736.6093290122619	0.015028900000061185	epochs	3.0
736.624357912262	0.029902499999934662	epochs	2.0
736.624357912262	0.01497699999993074	epochs	3.0
736.6393349122619	0.014925500000003922	epochs	3.0
736.6542604122619	0.029698100000018712	epochs	2.0
736.6542604122619	0.014874400000053356	epochs	3.0
736.669134812262	0.014823699999965356	epochs	3.0
736.6839585122619	0.02949630000000525	epochs	2.0
736.6839585122619	0.014773200000036013	epochs	3.0
736.698731712262	0.014723099999969236	epochs	3.0
736.713454812262	0.02929740000001857	epochs	2.0
736.713454812262	0.014673399999992398	epochs	3.0
736.7281282122619	0.014624000000026172	epochs	3.0
736.742752212262	0.029101100000048064	epochs	2.0
736.742752212262	0.01457489999995687	epochs	3.0
736.7573271122619	0.014526200000091194	epochs	3.0
736.771853312262	0.028907399999980044	epochs	2.0
736.771853312262	0.014477699999929428	epochs	3.0
736.7863310122619	0.014429700000050616	epochs	3.0
736.800760712262	0.028716199999962555	epochs	2.0
736.800760712262	0.014381800000023759	epochs	3.0
736.815142512262	0.014334399999938796	epochs	3.0
736.829476912262	0.02852759999996124	epochs	2.0
736.829476912262	0.01428720000001249	epochs	3.0
736.843764112262	0.01424039999994875	epochs	3.0
736.8580045122619	0.028341400000044814	epochs	2.0
736.8580045122619	0.014193800000043666	epochs	3.0
736.872198312262	0.014147600000001148	epochs	3.0
736.886345912262	0.028157699999951546	epochs	2.0
736.886345912262	0.014101699999969242	epochs	3.0
736.9004476122619	0.014055999999982305	epochs	3.0
736.9145036122619	0.027976300000091214	epochs	2.0
736.9145036122619	0.01401060000000598	epochs	3.0
736.9285142122619	0.013965700000085235	epochs	3.0
736.942479912262	0.02779720000000907	epochs	2.0
736.942479912262	0.013920799999937117	epochs	3.0
736.9564007122619	0.013876400000071953	epochs	3.0
736.970277112262	0.027620399999932488	epochs	2.0
736.970277112262	0.0138321999999107	epochs	3.0
736.9841093122619	0.013788200000021789	epochs	3.0
736.9978975122619	0.027445899999975154	epochs	2.0
736.9978975122619	0.013744599999995444	epochs	3.0
737.0116421122619	0.01370129999997971	epochs	3.0
737.0253434122619	0.0272735000000921	epochs	2.0
737.0253434122619	0.013658200000008947	epochs	3.0
737.0390016122619	0.013615300000083153	epochs	3.0
737.052616912262	0.027103399999987232	epochs	2.0
737.052616912262	0.013572799999906238	epochs	3.0
737.0661897122619	0.013530600000080995	epochs	3.0
737.079720312262	0.026935199999911674	epochs	2.0
737.079720312262	0.01348839999991469	epochs	3.0
737.0932087122619	0.013446799999996983	epochs	3.0
737.1066555122619	0.02676920000010341	epochs	2.0
737.1066555122619	0.013405200000079276	epochs	3.0
737.120060712262	0.013364000000024134	epochs	3.0
737.133424712262	0.026605199999949036	epochs	2.0
737.133424712262	0.013322899999934634	epochs	3.0
737.146747612262	0.013282300000014402	epochs	3.0
737.160029912262	0.026443200000016986	epochs	2.0
737.160029912262	0.013241699999980483	epochs	3.0
737.1732716122619	0.013201500000036503	epochs	3.0
737.186473112262	0.0262831999999662	epochs	2.0
737.186473112262	0.013161500000023807	epochs	3.0
737.199634612262	0.013121699999942393	epochs	3.0
737.212756312262	0.02612499999997908	epochs	2.0
737.212756312262	0.013082100000019636	epochs	3.0
737.225838412262	0.013042899999959445	epochs	3.0
737.2388813122619	0.025968900000066242	epochs	2.0
737.2388813122619	0.01300390000005791	epochs	3.0
737.251885212262	0.012965000000008331	epochs	3.0
737.264850212262	0.025814500000024054	epochs	2.0
737.264850212262	0.012926399999969362	epochs	3.0
737.277776612262	0.012888100000054692	epochs	3.0
737.290664712262	0.025661899999931848	epochs	2.0
737.290664712262	0.012849899999991976	epochs	3.0
737.303514612262	0.012811999999939871	epochs	3.0
737.316326612262	0.025511199999982637	epochs	2.0
737.316326612262	0.012774400000012065	epochs	3.0
737.329101012262	0.012736799999970572	epochs	3.0
737.3418378122619	0.025362299999983406	epochs	2.0
737.3418378122619	0.01269969999998466	epochs	3.0
737.3545375122619	0.012662599999998747	epochs	3.0
737.3672001122619	0.025215000000002874	epochs	2.0
737.3672001122619	0.012625800000023446	epochs	3.0
737.3798259122619	0.012589199999979428	epochs	3.0
737.3924151122619	0.024584800000070572	epochs	2.0
737.415479912262	0.5	epochs	-1.0
737.416999912262	0.519839999999931	epochs	1.0
737.9368399122619	0.4800800000000436	epochs	0.0
738.8210000991821	0.10000000000002274	epochs	0.0
738.8210000991821	0.04499999999995907	epochs	1.0
738.8660000991821	0.009999999999990905	epochs	1.0
738.8760000991821	0.04500000000007276	epochs	1.0
738.9210000991822	2.0	epochs	0.0
740.9210000991822	21.499759999999924	epochs	0.0
740.9210000991822	1.0	epochs	1.0
740.9210000991822	0.5	epochs	-1.0
741.4210000991822	19.998479999999972	epochs	-1.0
741.9210000991822	20.0	epochs	1.0
741.9210000991822	4.356753899999944	epochs	-1.0
741.9210000991822	1.9745871999999736	epochs	2.0
741.9210000991822	1.0985621999999466	epochs	3.0
743.0195622991821	0.8760250000000269	epochs	3.0
743.8955872991821	1.3524075000000266	epochs	2.0
743.8955872991821	0.7286354999999958	epochs	3.0
744.6242227991821	0.6237720000000309	epochs	3.0
745.2479947991822	1.029759199999944	epochs	2.0
745.2479947991822	0.5453292999999348	epochs	3.0
745.7933240991821	0.4844299000000092	epochs	3.0
746.2777539991821	0.8317862000000105	epochs	2.0
746.2777539991821	0.4357763000000432	epochs	3.0
746.7135302991821	0.3960098999999673	epochs	3.0
747.1095401991821	0.6977970000000369	epochs	2.0
747.1095401991821	0.3628982000000178	epochs	3.0
747.4724383991821	0.33489880000001904	epochs	3.0
747.8073371991821	0.601045699999986	epochs	2.0
747.8073371991821	0.3109123000000409	epochs	3.0
748.1182494991822	0.29013339999994514	epochs	3.0
748.4083828991821	0.5278859000000011	epochs	2.0
748.4083828991821	0.2719585999999481	epochs	3.0
748.6803414991821	0.25592730000005304	epochs	3.0
748.9362687991821	0.470619299999953	epochs	2.0
748.9362687991821	0.241681299999982	epochs	3.0
749.1779500991821	0.228937999999971	epochs	3.0
749.4068880991821	0.42457039999999324	epochs	2.0
749.4068880991821	0.21747140000002219	epochs	3.0
749.6243594991821	0.20709899999997106	epochs	3.0
749.8314584991821	0.3867354000000205	epochs	2.0
749.8314584991821	0.19767110000009325	epochs	3.0
750.0291295991822	0.18906429999992724	epochs	3.0
750.2181938991821	0.3550953000000163	epochs	2.0
750.2181938991821	0.18117590000008477	epochs	3.0
750.3993697991822	0.17391939999993156	epochs	3.0
750.5732891991821	0.3282431000000088	epochs	2.0
750.5732891991821	0.1672219000000723	epochs	3.0
750.7405110991822	0.16102119999993647	epochs	3.0
750.9015322991821	0.30516799999998057	epochs	2.0
750.9015322991821	0.15526390000002266	epochs	3.0
751.0567961991821	0.1499040999999579	epochs	3.0
751.2067002991821	0.28512530000000424	epochs	2.0
751.2067002991821	0.1449021000000812	epochs	3.0
751.3516023991822	0.14022319999992305	epochs	3.0
751.4918255991821	0.2675537999999733	epochs	2.0
751.4918255991821	0.1358369000000721	epochs	3.0
751.6276624991822	0.13171689999990122	epochs	3.0
751.7593793991821	0.2520229000000427	epochs	2.0
751.7593793991821	0.1278393000000051	epochs	3.0
751.8872186991821	0.12418360000003759	epochs	3.0
752.0114022991821	0.23819649999995818	epochs	2.0
752.0114022991821	0.12073110000005727	epochs	3.0
752.1321333991822	0.11746539999990091	epochs	3.0
752.2495987991821	0.2258088000000953	epochs	2.0
752.2495987991821	0.11437190000003739	epochs	3.0
752.3639706991821	0.1114369000000579	epochs	3.0
752.4754075991822	0.21464599999990241	epochs	2.0
752.4754075991822	0.10864889999993466	epochs	3.0
752.5840564991821	0.10599709999996776	epochs	3.0
752.6900535991821	0.20453500000007807	epochs	2.0
752.6900535991821	0.10347150000006877	epochs	3.0
752.7935250991821	0.1010635000000093	epochs	3.0
752.8945885991822	0.19533400000000256	epochs	2.0
752.8945885991822	0.09876509999992322	epochs	3.0
752.9933536991821	0.09656890000007934	epochs	3.0
753.0899225991822	0.18692529999998442	epochs	2.0
753.0899225991822	0.09446830000001682	epochs	3.0
753.1843908991822	0.09245699999996759	epochs	3.0
753.2768478991821	0.17921069999999872	epochs	2.0
753.2768478991821	0.09052959999996801	epochs	3.0
753.3673774991821	0.08868110000003071	epochs	3.0
753.4560585991821	0.17210769999996955	epochs	2.0
753.4560585991821	0.08690630000000965	epochs	3.0
753.5429648991822	0.0852013999999599	epochs	3.0
753.6281662991821	0.16554640000003928	epochs	2.0
753.6281662991821	0.08356190000006336	epochs	3.0
753.7117281991822	0.08198449999997592	epochs	3.0
753.7937126991822	0.15946710000002895	epochs	2.0
753.7937126991822	0.08046539999998004	epochs	3.0
753.8741780991821	0.07900170000004891	epochs	3.0
753.9531797991822	0.15381839999997737	epochs	2.0
753.9531797991822	0.07759009999995214	epochs	3.0
754.0307698991821	0.07622830000002523	epochs	3.0
754.1069981991822	0.14855639999996129	epochs	2.0
754.1069981991822	0.07491329999993468	epochs	3.0
754.1819114991821	0.0736431000000266	epochs	3.0
754.2555545991821	0.14364239999997608	epochs	2.0
754.2555545991821	0.07241499999997814	epochs	3.0
754.3279695991821	0.07122739999999794	epochs	3.0
754.3991969991821	0.13904309999998077	epochs	2.0
754.3991969991821	0.07007800000008046	epochs	3.0
754.4692749991822	0.0689650999999003	epochs	3.0
754.5382400991821	0.1347293000000036	epochs	2.0
754.5382400991821	0.0678871000000072	epochs	3.0
754.6061271991821	0.06684219999999641	epochs	3.0
754.6729693991821	0.1306752000000415	epochs	2.0
754.6729693991821	0.06582910000008724	epochs	3.0
754.7387984991822	0.06484609999995428	epochs	3.0
754.8036445991821	0.12685780000003888	epochs	2.0
754.8036445991821	0.06389200000000983	epochs	3.0
754.8675365991821	0.06296580000002905	epochs	3.0
754.9305023991822	0.12325720000001184	epochs	2.0
754.9305023991822	0.062065799999913907	epochs	3.0
754.9925681991821	0.06119140000009793	epochs	3.0
755.0537595991822	0.11985540000000583	epochs	2.0
755.0537595991822	0.060341099999959624	epochs	3.0
755.1141006991821	0.059514300000046205	epochs	3.0
755.1736149991822	0.1166361999999026	epochs	2.0
755.1736149991822	0.058709599999929196	epochs	3.0
755.2323245991821	0.057926599999973405	epochs	3.0
755.2902511991821	0.11358560000007856	epochs	2.0
755.2902511991821	0.05716420000010203	epochs	3.0
755.3474153991822	0.05642139999997653	epochs	3.0
755.4038367991822	0.11069049999991876	epochs	2.0
755.4038367991822	0.05569789999992736	epochs	3.0
755.4595346991821	0.0549925999999914	epochs	3.0
755.5145272991821	0.1079391000000669	epochs	2.0
755.5145272991821	0.05430490000003374	epochs	3.0
755.5688321991821	0.05363420000003316	epochs	3.0
755.6224663991821	0.10532149999994544	epochs	2.0
755.6224663991821	0.05297999999993408	epochs	3.0
755.6754463991821	0.052341500000011365	epochs	3.0
755.7277878991821	0.10282760000006874	epochs	2.0
755.7277878991821	0.05171810000001642	epochs	3.0
755.7795059991821	0.05110950000005232	epochs	3.0
755.8306154991822	0.10044909999999163	epochs	2.0
755.8306154991822	0.05051489999993919	epochs	3.0
755.8811303991821	0.04993420000005244	epochs	3.0
755.9310645991822	0.0981782999999723	epochs	2.0
755.9310645991822	0.04936659999998483	epochs	3.0
755.9804311991821	0.04881169999998747	epochs	3.0
756.0292428991821	0.09600780000005216	epochs	2.0
756.0292428991821	0.04826920000004975	epochs	3.0
756.0775120991822	0.04773860000000241	epochs	3.0
756.1252506991822	0.09393119999992905	epochs	2.0
756.1252506991822	0.04721949999998287	epochs	3.0
756.1724701991822	0.04671169999994618	epochs	3.0
756.2191818991821	0.09194260000003851	epochs	2.0
756.2191818991821	0.046214599999984785	epochs	3.0
756.2653964991821	0.045728000000053726	epochs	3.0
756.3111244991821	0.09003629999995155	epochs	2.0
756.3111244991821	0.045251499999949374	epochs	3.0
756.3563759991821	0.04478480000000218	epochs	3.0
756.4011607991821	0.08820760000003247	epochs	2.0
756.4011607991821	0.044327800000019124	epochs	3.0
756.4454885991821	0.04387980000001335	epochs	3.0
756.4893683991821	0.0864516999999978	epochs	2.0
756.4893683991821	0.04344100000002982	epochs	3.0
756.5328093991822	0.04301069999996798	epochs	3.0
756.5758200991821	0.08476429999996071	epochs	2.0
756.5758200991821	0.04258900000002086	epochs	3.0
756.6184090991821	0.04217529999993985	epochs	3.0
756.6605843991821	0.08314150000001064	epochs	2.0
756.6605843991821	0.04176970000003166	epochs	3.0
756.7023540991821	0.041371799999978975	epochs	3.0
756.7437258991821	0.08157970000002024	epochs	2.0
756.7437258991821	0.04098140000007788	epochs	3.0
756.7847072991822	0.040598299999942355	epochs	3.0
756.8253055991821	0.08007550000002084	epochs	2.0
756.8253055991821	0.04022229999998217	epochs	3.0
756.8655278991821	0.03985320000003867	epochs	3.0
756.9053810991821	0.07862569999997504	epochs	2.0
756.9053810991821	0.0394907999999532	epochs	3.0
756.9448718991821	0.039134900000021844	epochs	3.0
756.9840067991821	0.07722760000001472	epochs	2.0
756.9840067991821	0.038785400000051595	epochs	3.0
757.0227921991822	0.03844219999996312	epochs	3.0
757.0612343991821	0.07587820000003376	epochs	2.0
757.0612343991821	0.038104800000041905	epochs	3.0
757.0993391991822	0.03777339999999185	epochs	3.0
757.1371125991822	0.07457519999991291	epochs	2.0
757.1371125991822	0.03744769999991604	epochs	3.0
757.1745602991821	0.03712749999999687	epochs	3.0
757.2116877991821	0.07331630000010136	epochs	2.0
757.2116877991821	0.0368129000000863	epochs	3.0
757.2485006991822	0.03650340000001506	epochs	3.0
757.2850040991822	0.07209899999998015	epochs	2.0
757.2850040991822	0.03619909999997617	epochs	3.0
757.3212031991822	0.03589990000000398	epochs	3.0
757.3571030991822	0.07092169999998532	epochs	2.0
757.3571030991822	0.03560559999993984	epochs	3.0
757.3927086991821	0.03531610000004548	epochs	3.0
757.4280247991821	0.06978200000003199	epochs	2.0
757.4280247991821	0.03503119999993487	epochs	3.0
757.4630559991821	0.034750800000097115	epochs	3.0
757.4978067991822	0.06867859999999837	epochs	2.0
757.4978067991822	0.03447510000000875	epochs	3.0
757.5322818991822	0.03420349999998962	epochs	3.0
757.5664853991822	0.06760929999995824	epochs	2.0
757.5664853991822	0.033936199999970995	epochs	3.0
757.6004215991821	0.033673099999987244	epochs	3.0
757.6340946991821	0.06657289999998284	epochs	2.0
757.6340946991821	0.03341399999999339	epochs	3.0
757.6675086991821	0.033158899999989444	epochs	3.0
757.7006675991821	0.06556780000005347	epochs	2.0
757.7006675991821	0.032907700000009754	epochs	3.0
757.7335752991821	0.03266010000004371	epochs	3.0
757.7662353991822	0.06459259999996902	epochs	2.0
757.7662353991822	0.032416399999988244	epochs	3.0
757.7986517991822	0.03217619999998078	epochs	3.0
757.8308279991821	0.0636459999999488	epochs	2.0
757.8308279991821	0.03193959999998697	epochs	3.0
757.8627675991821	0.03170639999996183	epochs	3.0
757.8944739991821	0.06272670000009839	epochs	2.0
757.8944739991821	0.03147660000001906	epochs	3.0
757.9259505991821	0.03125010000007933	epochs	3.0
757.9572006991822	0.06183359999999993	epochs	2.0
757.9572006991822	0.03102689999991526	epochs	3.0
757.9882275991821	0.030806700000084675	epochs	3.0
758.0190342991822	0.060965599999917686	epochs	2.0
758.0190342991822	0.030589799999916067	epochs	3.0
758.0496240991821	0.030375800000001618	epochs	3.0
758.0799998991821	0.06012160000000222	epochs	2.0
758.0799998991821	0.030164900000045236	epochs	3.0
758.1101647991821	0.02995669999995698	epochs	3.0
758.1401214991821	0.05930069999999432	epochs	2.0
758.1401214991821	0.029751600000054168	epochs	3.0
758.1698730991822	0.029549099999940154	epochs	3.0
758.1994221991821	0.05850180000004457	epochs	2.0
758.1994221991821	0.02934940000000097	epochs	3.0
758.2287715991821	0.0291524000000436	epochs	3.0
758.2579239991821	0.05772419999993872	epochs	2.0
758.2579239991821	0.028957999999988715	epochs	3.0
758.2868819991821	0.028766199999950004	epochs	3.0
758.3156481991821	0.05696710000006533	epochs	2.0
758.3156481991821	0.028577000000041153	epochs	3.0
758.3442251991821	0.028390100000024177	epochs	3.0
758.3726152991821	0.05622949999997218	epochs	2.0
758.3726152991821	0.028205699999944045	epochs	3.0
758.4008209991821	0.028023800000028132	epochs	3.0
758.4288447991821	0.05551070000001346	epochs	2.0
758.4288447991821	0.027843999999959124	epochs	3.0
758.4566887991821	0.027666700000054334	epochs	3.0
758.4843554991821	0.054810200000019904	epochs	2.0
758.4843554991821	0.02749149999999645	epochs	3.0
758.5118469991821	0.027318700000023455	epochs	3.0
758.5391656991821	0.05412699999999404	epochs	2.0
758.5391656991821	0.027147799999966082	epochs	3.0
758.5663134991821	0.02697920000002796	epochs	3.0
758.5932926991821	0.053460699999959616	epochs	2.0
758.5932926991821	0.0268125999999711	epochs	3.0
758.6201052991821	0.026648099999988517	epochs	3.0
758.6467533991821	0.05281070000000909	epochs	2.0
758.6467533991821	0.026485600000000886	epochs	3.0
758.6732389991821	0.026325100000008206	epochs	3.0
758.6995640991821	0.05217619999996259	epochs	2.0
758.6995640991821	0.026166399999965506	epochs	3.0
758.7257304991821	0.026009799999997085	epochs	3.0
758.7517402991821	0.05155670000010559	epochs	2.0
758.7517402991821	0.025854800000047362	epochs	3.0
758.7775950991821	0.02570190000005823	epochs	3.0
758.8032969991822	0.05095189999997274	epochs	2.0
758.8032969991822	0.025550699999939752	epochs	3.0
758.8288476991821	0.025401200000032986	epochs	3.0
758.8542488991822	0.05036099999995258	epochs	2.0
758.8542488991822	0.025253499999962514	epochs	3.0
758.8795023991821	0.02510749999999007	epochs	3.0
758.9046098991821	0.049783800000000156	epochs	2.0
758.9046098991821	0.02496320000000196	epochs	3.0
758.9295730991821	0.024820599999998194	epochs	3.0
758.9543936991821	0.049219500000049266	epochs	2.0
758.9543936991821	0.02467940000008184	epochs	3.0
758.9790730991822	0.024540099999967424	epochs	3.0
759.0036131991822	0.048667899999941255	epochs	2.0
759.0036131991822	0.02440209999997478	epochs	3.0
759.0280152991821	0.024265799999966475	epochs	3.0
759.0522810991821	0.04812860000004093	epochs	2.0
759.0522810991821	0.024131000000011227	epochs	3.0
759.0764120991821	0.023997600000029706	epochs	3.0
759.1004096991821	0.04760109999995166	epochs	2.0
759.1004096991821	0.023865799999953197	epochs	3.0
759.1242754991821	0.02373529999999846	epochs	3.0
759.1480107991821	0.047085000000038235	epochs	2.0
759.1480107991821	0.02360630000009678	epochs	3.0
759.1716170991822	0.023478699999941455	epochs	3.0
759.1950957991821	0.046579999999948996	epochs	2.0
759.1950957991821	0.02335249999998723	epochs	3.0
759.2184482991821	0.023227499999961765	epochs	3.0
759.2416757991821	0.046085700000048746	epochs	2.0
759.2416757991821	0.023104000000103042	epochs	3.0
759.2647797991822	0.022981699999945704	epochs	3.0
759.2877614991821	0.045601799999985815	epochs	2.0
759.2877614991821	0.022860700000023826	epochs	3.0
759.3106221991821	0.02274109999996199	epochs	3.0
759.3333632991821	0.04512790000001132	epochs	2.0
759.3333632991821	0.022622500000011314	epochs	3.0
759.3559857991821	0.02250540000000001	epochs	3.0
759.3784911991821	0.044663799999966614	epochs	2.0
759.3784911991821	0.02238929999998618	epochs	3.0
759.4008804991821	0.022274499999980435	epochs	3.0
759.4231549991821	0.04420920000006845	epochs	2.0
759.4231549991821	0.022160800000051495	epochs	3.0
759.4453157991821	0.022048400000016954	epochs	3.0
759.4673641991822	0.04376359999992019	epochs	2.0
759.4673641991822	0.021936900000014248	epochs	3.0
759.4893010991822	0.02182669999990594	epochs	3.0
759.5111277991821	0.04332710000005591	epochs	2.0
759.5111277991821	0.02171760000010181	epochs	3.0
759.5328453991822	0.021609499999954096	epochs	3.0
759.5544548991821	0.04289900000003399	epochs	2.0
759.5544548991821	0.02150249999999687	epochs	3.0
759.5759573991821	0.021396500000037122	epochs	3.0
759.5973538991822	0.042479500000013104	epochs	2.0
759.5973538991822	0.02129170000000613	epochs	3.0
759.6186455991822	0.021187800000006973	epochs	3.0
759.6398333991822	0.04206789999989269	epochs	2.0
759.6398333991822	0.02108490000000529	epochs	3.0
759.6609182991822	0.020982999999887397	epochs	3.0
759.6819012991821	0.04166440000005878	epochs	2.0
759.6819012991821	0.02088220000007368	epochs	3.0
759.7027834991821	0.020782199999985096	epochs	3.0
759.7235656991821	0.04126850000000104	epochs	2.0
759.7235656991821	0.020683299999973315	epochs	3.0
759.7442489991821	0.020585200000027726	epochs	3.0
759.7648341991821	0.04088000000001557	epochs	2.0
759.7648341991821	0.020488099999965925	epochs	3.0
759.7853222991821	0.020391900000049645	epochs	3.0
759.8057141991821	0.04049880000002304	epochs	2.0
759.8057141991821	0.020296599999937825	epochs	3.0
759.8260107991821	0.020202200000085213	epochs	3.0
759.8462129991822	0.040124599999899146	epochs	2.0
759.8462129991822	0.020108699999923374	epochs	3.0
759.8663216991821	0.020015899999975773	epochs	3.0
759.8863375991821	0.03975730000001931	epochs	2.0
759.8863375991821	0.019924200000104975	epochs	3.0
759.9062617991822	0.01983309999991434	epochs	3.0
759.9260948991821	0.03939669999999751	epochs	2.0
759.9260948991821	0.01974300000006224	epochs	3.0
759.9458378991822	0.01965369999993527	epochs	3.0
759.9654915991821	0.039042400000084854	epochs	2.0
759.9654915991821	0.01956510000002254	epochs	3.0
759.9850566991821	0.019477300000062314	epochs	3.0
760.0045339991822	0.03869459999998526	epochs	2.0
760.0045339991822	0.01939039999990655	epochs	3.0
760.0239243991821	0.01930420000007871	epochs	3.0
760.0432285991822	0.03835289999994984	epochs	2.0
760.0432285991822	0.019218799999976	epochs	3.0
760.0624473991821	0.01913409999997384	epochs	3.0
760.0815814991821	0.03801720000001296	epochs	2.0
760.0815814991821	0.019050200000037876	epochs	3.0
760.1006316991821	0.018966999999975087	epochs	3.0
760.1195986991821	0.037687200000050325	epochs	2.0
760.1195986991821	0.01888450000001285	epochs	3.0
760.1384831991821	0.018802700000037476	epochs	3.0
760.1572858991822	0.03736309999999321	epochs	2.0
760.1572858991822	0.018721700000014607	epochs	3.0
760.1760075991822	0.018641399999978603	epochs	3.0
760.1946489991822	0.03704429999993408	epochs	2.0
760.1946489991822	0.01856159999999818	epochs	3.0
760.2132105991822	0.018482699999935903	epochs	3.0
760.2316932991821	0.0367310000000316	epochs	2.0
760.2316932991821	0.018404300000042895	epochs	3.0
760.2500975991821	0.018326699999988705	epochs	3.0
760.2684242991821	0.036422900000047775	epochs	2.0
760.2684242991821	0.018249599999990096	epochs	3.0
760.2866738991821	0.01817330000005768	epochs	3.0
760.3048471991822	0.03612009999994825	epochs	2.0
760.3048471991822	0.01809759999991911	epochs	3.0
760.3229447991821	0.01802250000002914	epochs	3.0
760.3409672991821	0.03582210000001851	epochs	2.0
760.3409672991821	0.017947899999967376	epochs	3.0
760.3589151991821	0.017874200000051133	epochs	3.0
760.3767893991821	0.03552899999999681	epochs	2.0
760.3767893991821	0.017800800000031813	epochs	3.0
760.3945901991822	0.017728199999965	epochs	3.0
760.4123183991821	0.03524070000003121	epochs	2.0
760.4123183991821	0.017656099999953767	epochs	3.0
760.4299744991821	0.017584600000077444	epochs	3.0
760.4475590991822	0.03495709999992869	epochs	2.0
760.4475590991822	0.01751369999999497	epochs	3.0
760.4650727991822	0.017443399999933717	epochs	3.0
760.4825161991821	0.03467790000001969	epochs	2.0
760.4825161991821	0.017373600000041733	epochs	3.0
760.4998897991821	0.017304299999977957	epochs	3.0
760.5171940991821	0.03440330000000813	epochs	2.0
760.5171940991821	0.01723570000001473	epochs	3.0
760.5344297991821	0.0171675999999934	epochs	3.0
760.5515973991821	0.03413279999995211	epochs	2.0
760.5515973991821	0.01709989999994832	epochs	3.0
760.5686972991821	0.017032900000003792	epochs	3.0
760.5857301991821	0.03386670000008962	epochs	2.0
760.5857301991821	0.01696640000000116	epochs	3.0
760.6026965991821	0.016900300000088464	epochs	3.0
760.6195968991822	0.03360459999998966	epochs	2.0
760.6195968991822	0.01683479999996962	epochs	3.0
760.6364316991821	0.01676980000002004	epochs	3.0
760.6532014991822	0.033346599999958926	epochs	2.0
760.6532014991822	0.016705300000012357	epochs	3.0
760.6699067991822	0.01664129999994657	epochs	3.0
760.6865480991821	0.03309250000006614	epochs	2.0
760.6865480991821	0.016577800000050047	epochs	3.0
760.7031258991822	0.01651470000001609	epochs	3.0
760.7196405991822	0.03284229999997024	epochs	2.0
760.7196405991822	0.016452199999889672	epochs	3.0
760.7360927991821	0.016390100000080565	epochs	3.0
760.7524828991822	0.03259570000000167	epochs	2.0
760.7524828991822	0.016328400000020338	epochs	3.0
760.7688112991822	0.016267299999981333	epochs	3.0
760.7850785991822	0.032352899999978035	epochs	2.0
760.7850785991822	0.01620659999991858	epochs	3.0
760.8012851991821	0.016146300000059455	epochs	3.0
760.8174314991821	0.03211369999996805	epochs	2.0
760.8174314991821	0.016086599999994178	epochs	3.0
760.8335180991821	0.01602709999997387	epochs	3.0
760.8495451991821	0.03187800000000607	epochs	2.0
760.8495451991821	0.015968199999974786	epochs	3.0
760.8655133991821	0.015909800000031282	epochs	3.0
760.8814231991821	0.031645700000012766	epochs	2.0
760.8814231991821	0.01585160000001906	epochs	3.0
760.8972747991821	0.015794099999993705	epochs	3.0
760.9130688991821	0.0314167000000225	epochs	2.0
760.9130688991821	0.015736700000047676	epochs	3.0
760.9288055991822	0.015679999999974825	epochs	3.0
760.9444855991821	0.031191100000000915	epochs	2.0
760.9444855991821	0.015623600000026272	epochs	3.0
760.9601091991822	0.015567499999974643	epochs	3.0
760.9756766991821	0.030968700000016725	epochs	2.0
760.9756766991821	0.015511999999944237	epochs	3.0
760.9911886991821	0.015456700000072487	epochs	3.0
761.0066453991822	0.030749499999956242	epochs	2.0
761.0066453991822	0.015401999999994587	epochs	3.0
761.0220473991822	0.015347499999961656	epochs	3.0
761.0373948991821	0.03053320000003623	epochs	2.0
761.0373948991821	0.015293400000018664	epochs	3.0
761.0526882991821	0.015239800000017567	epochs	3.0
761.0679280991822	0.030320099999926242	epochs	2.0
761.0679280991822	0.015186500000027081	epochs	3.0
761.0831145991822	0.015133599999899161	epochs	3.0
761.0982481991821	0.03010990000007041	epochs	2.0
761.0982481991821	0.015081000000009226	epochs	3.0
761.1133291991821	0.015028900000061185	epochs	3.0
761.1283580991822	0.029902499999934662	epochs	2.0
761.1283580991822	0.01497699999993074	epochs	3.0
761.1433350991821	0.014925500000003922	epochs	3.0
761.1582605991821	0.029698100000018712	epochs	2.0
761.1582605991821	0.014874400000053356	epochs	3.0
761.1731349991821	0.014823699999965356	epochs	3.0
761.1879586991821	0.02949630000000525	epochs	2.0
761.1879586991821	0.014773200000036013	epochs	3.0
761.2027318991821	0.014723099999969236	epochs	3.0
761.2174549991821	0.02929740000001857	epochs	2.0
761.2174549991821	0.014673399999992398	epochs	3.0
761.2321283991821	0.014624000000026172	epochs	3.0
761.2467523991821	0.029101100000048064	epochs	2.0
761.2467523991821	0.01457489999995687	epochs	3.0
761.2613272991821	0.014526200000091194	epochs	3.0
761.2758534991822	0.028907399999980044	epochs	2.0
761.2758534991822	0.014477699999929428	epochs	3.0
761.2903311991821	0.014429700000050616	epochs	3.0
761.3047608991822	0.028716199999962555	epochs	2.0
761.3047608991822	0.014381800000023759	epochs	3.0
761.3191426991822	0.014334399999938796	epochs	3.0
761.3334770991821	0.02852759999996124	epochs	2.0
761.3334770991821	0.01428720000001249	epochs	3.0
761.3477642991821	0.01424039999994875	epochs	3.0
761.3620046991821	0.028341400000044814	epochs	2.0
761.3620046991821	0.014193800000043666	epochs	3.0
761.3761984991821	0.014147600000001148	epochs	3.0
761.3903460991821	0.028157699999951546	epochs	2.0
761.3903460991821	0.014101699999969242	epochs	3.0
761.4044477991821	0.014055999999982305	epochs	3.0
761.4185037991821	0.027976300000091214	epochs	2.0
761.4185037991821	0.01401060000000598	epochs	3.0
761.4325143991821	0.013965700000085235	epochs	3.0
761.4464800991822	0.02779720000000907	epochs	2.0
761.4464800991822	0.013920799999937117	epochs	3.0
761.4604008991821	0.013876400000071953	epochs	3.0
761.4742772991822	0.027620399999932488	epochs	2.0
761.4742772991822	0.0138321999999107	epochs	3.0
761.4881094991821	0.013788200000021789	epochs	3.0
761.5018976991821	0.027445899999975154	epochs	2.0
761.5018976991821	0.013744599999995444	epochs	3.0
761.5156422991821	0.01370129999997971	epochs	3.0
761.5293435991821	0.0272735000000921	epochs	2.0
761.5293435991821	0.013658200000008947	epochs	3.0
761.5430017991821	0.013615300000083153	epochs	3.0
761.5566170991822	0.027103399999987232	epochs	2.0
761.5566170991822	0.013572799999906238	epochs	3.0
761.5701898991821	0.013530600000080995	epochs	3.0
761.5837204991822	0.026935199999911674	epochs	2.0
761.5837204991822	0.01348839999991469	epochs	3.0
761.5972088991821	0.013446799999996983	epochs	3.0
761.6106556991821	0.02676920000010341	epochs	2.0
761.6106556991821	0.013405200000079276	epochs	3.0
761.6240608991822	0.013364000000024134	epochs	3.0
761.6374248991822	0.026605199999949036	epochs	2.0
761.6374248991822	0.013322899999934634	epochs	3.0
761.6507477991821	0.013282300000014402	epochs	3.0
761.6640300991821	0.026443200000016986	epochs	2.0
761.6640300991821	0.013241699999980483	epochs	3.0
761.6772717991821	0.013201500000036503	epochs	3.0
761.6904732991821	0.0262831999999662	epochs	2.0
761.6904732991821	0.013161500000023807	epochs	3.0
761.7036347991822	0.013121699999942393	epochs	3.0
761.7167564991821	0.02612499999997908	epochs	2.0
761.7167564991821	0.013082100000019636	epochs	3.0
761.7298385991821	0.013042899999959445	epochs	3.0
761.7428814991821	0.025968900000066242	epochs	2.0
761.7428814991821	0.01300390000005791	epochs	3.0
761.7558853991821	0.012965000000008331	epochs	3.0
761.7688503991822	0.025814500000024054	epochs	2.0
761.7688503991822	0.012926399999969362	epochs	3.0
761.7817767991821	0.012888100000054692	epochs	3.0
761.7946648991822	0.025661899999931848	epochs	2.0
761.7946648991822	0.012849899999991976	epochs	3.0
761.8075147991822	0.012811999999939871	epochs	3.0
761.8203267991821	0.025511199999982637	epochs	2.0
761.8203267991821	0.012774400000012065	epochs	3.0
761.8331011991821	0.012736799999970572	epochs	3.0
761.8458379991821	0.025362299999983406	epochs	2.0
761.8458379991821	0.01269969999998466	epochs	3.0
761.8585376991821	0.012662599999998747	epochs	3.0
761.8712002991821	0.025215000000002874	epochs	2.0
761.8712002991821	0.012625800000023446	epochs	3.0
761.8838260991821	0.012589199999979428	epochs	3.0
761.8964152991821	0.024584800000070572	epochs	2.0
761.9194800991821	0.5	epochs	-1.0
761.9210000991822	0.4997599999999238	epochs	1.0
762.4207600991821	0.5001600000000508	epochs	0.0
763.191999912262	0.10000000000002274	epochs	0.0
763.191999912262	0.04499999999995907	epochs	1.0
763.2369999122619	0.009999999999990905	epochs	1.0
763.2469999122619	0.04500000000007276	epochs	1.0
763.291999912262	2.0	epochs	0.0
765.291999912262	21.51944000000003	epochs	0.0
765.291999912262	1.0	epochs	1.0
765.291999912262	0.5	epochs	-1.0
765.791999912262	19.998479999999972	epochs	-1.0
766.291999912262	20.0	epochs	1.0
766.291999912262	4.356753899999944	epochs	-1.0
766.291999912262	1.9745871999999736	epochs	2.0
766.291999912262	1.0985621999999466	epochs	3.0
767.3905621122619	0.8760250000000269	epochs	3.0
768.266587112262	1.3524075000000266	epochs	2.0
768.266587112262	0.7286354999999958	epochs	3.0
768.995222612262	0.6237720000000309	epochs	3.0
769.618994612262	1.029759199999944	epochs	2.0
769.618994612262	0.5453292999999348	epochs	3.0
770.1643239122619	0.4844299000000092	epochs	3.0
770.6487538122619	0.8317862000000105	epochs	2.0
770.6487538122619	0.4357763000000432	epochs	3.0
771.084530112262	0.3960098999999673	epochs	3.0
771.4805400122619	0.6977970000000369	epochs	2.0
771.4805400122619	0.3628982000000178	epochs	3.0
771.843438212262	0.33489880000001904	epochs	3.0
772.178337012262	0.601045699999986	epochs	2.0
772.178337012262	0.3109123000000409	epochs	3.0
772.489249312262	0.29013339999994514	epochs	3.0
772.779382712262	0.5278859000000011	epochs	2.0
772.779382712262	0.2719585999999481	epochs	3.0
773.0513413122619	0.25592730000005304	epochs	3.0
773.307268612262	0.470619299999953	epochs	2.0
773.307268612262	0.241681299999982	epochs	3.0
773.548949912262	0.228937999999971	epochs	3.0
773.7778879122619	0.42457039999999324	epochs	2.0
773.7778879122619	0.21747140000002219	epochs	3.0
773.9953593122619	0.20709899999997106	epochs	3.0
774.2024583122619	0.3867354000000205	epochs	2.0
774.2024583122619	0.19767110000009325	epochs	3.0
774.400129412262	0.18906429999992724	epochs	3.0
774.5891937122619	0.3550953000000163	epochs	2.0
774.5891937122619	0.18117590000008477	epochs	3.0
774.770369612262	0.17391939999993156	epochs	3.0
774.944289012262	0.3282431000000088	epochs	2.0
774.944289012262	0.1672219000000723	epochs	3.0
775.111510912262	0.16102119999993647	epochs	3.0
775.272532112262	0.30516799999998057	epochs	2.0
775.272532112262	0.15526390000002266	epochs	3.0
775.427796012262	0.1499040999999579	epochs	3.0
775.5777001122619	0.28512530000000424	epochs	2.0
775.5777001122619	0.1449021000000812	epochs	3.0
775.722602212262	0.14022319999992305	epochs	3.0
775.8628254122619	0.2675537999999733	epochs	2.0
775.8628254122619	0.1358369000000721	epochs	3.0
775.998662312262	0.13171689999990122	epochs	3.0
776.1303792122619	0.2520229000000427	epochs	2.0
776.1303792122619	0.1278393000000051	epochs	3.0
776.2582185122619	0.12418360000003759	epochs	3.0
776.382402112262	0.23819649999995818	epochs	2.0
776.382402112262	0.12073110000005727	epochs	3.0
776.503133212262	0.11746539999990091	epochs	3.0
776.6205986122619	0.2258088000000953	epochs	2.0
776.6205986122619	0.11437190000003739	epochs	3.0
776.734970512262	0.1114369000000579	epochs	3.0
776.846407412262	0.21464599999990241	epochs	2.0
776.846407412262	0.10864889999993466	epochs	3.0
776.955056312262	0.10599709999996776	epochs	3.0
777.0610534122619	0.20453500000007807	epochs	2.0
777.0610534122619	0.10347150000006877	epochs	3.0
777.164524912262	0.1010635000000093	epochs	3.0
777.265588412262	0.19533400000000256	epochs	2.0
777.265588412262	0.09876509999992322	epochs	3.0
777.3643535122619	0.09656890000007934	epochs	3.0
777.460922412262	0.18692529999998442	epochs	2.0
777.460922412262	0.09446830000001682	epochs	3.0
777.555390712262	0.09245699999996759	epochs	3.0
777.647847712262	0.17921069999999872	epochs	2.0
777.647847712262	0.09052959999996801	epochs	3.0
777.738377312262	0.08868110000003071	epochs	3.0
777.827058412262	0.17210769999996955	epochs	2.0
777.827058412262	0.08690630000000965	epochs	3.0
777.913964712262	0.0852013999999599	epochs	3.0
777.999166112262	0.16554640000003928	epochs	2.0
777.999166112262	0.08356190000006336	epochs	3.0
778.082728012262	0.08198449999997592	epochs	3.0
778.164712512262	0.15946710000002895	epochs	2.0
778.164712512262	0.08046539999998004	epochs	3.0
778.245177912262	0.07900170000004891	epochs	3.0
778.324179612262	0.15381839999997737	epochs	2.0
778.324179612262	0.07759009999995214	epochs	3.0
778.401769712262	0.07622830000002523	epochs	3.0
778.477998012262	0.14855639999996129	epochs	2.0
778.477998012262	0.07491329999993468	epochs	3.0
778.5529113122619	0.0736431000000266	epochs	3.0
778.626554412262	0.14364239999997608	epochs	2.0
778.626554412262	0.07241499999997814	epochs	3.0
778.6989694122619	0.07122739999999794	epochs	3.0
778.7701968122619	0.13904309999998077	epochs	2.0
778.7701968122619	0.07007800000008046	epochs	3.0
778.840274812262	0.0689650999999003	epochs	3.0
778.9092399122619	0.1347293000000036	epochs	2.0
778.9092399122619	0.0678871000000072	epochs	3.0
778.9771270122619	0.06684219999999641	epochs	3.0
779.0439692122619	0.1306752000000415	epochs	2.0
779.0439692122619	0.06582910000008724	epochs	3.0
779.109798312262	0.06484609999995428	epochs	3.0
779.174644412262	0.12685780000003888	epochs	2.0
779.174644412262	0.06389200000000983	epochs	3.0
779.238536412262	0.06296580000002905	epochs	3.0
779.301502212262	0.12325720000001184	epochs	2.0
779.301502212262	0.062065799999913907	epochs	3.0
779.3635680122619	0.06119140000009793	epochs	3.0
779.424759412262	0.11985540000000583	epochs	2.0
779.424759412262	0.060341099999959624	epochs	3.0
779.485100512262	0.059514300000046205	epochs	3.0
779.544614812262	0.1166361999999026	epochs	2.0
779.544614812262	0.058709599999929196	epochs	3.0
779.6033244122619	0.057926599999973405	epochs	3.0
779.6612510122619	0.11358560000007856	epochs	2.0
779.6612510122619	0.05716420000010203	epochs	3.0
779.718415212262	0.05642139999997653	epochs	3.0
779.774836612262	0.11069049999991876	epochs	2.0
779.774836612262	0.05569789999992736	epochs	3.0
779.8305345122619	0.0549925999999914	epochs	3.0
779.8855271122619	0.1079391000000669	epochs	2.0
779.8855271122619	0.05430490000003374	epochs	3.0
779.939832012262	0.05363420000003316	epochs	3.0
779.993466212262	0.10532149999994544	epochs	2.0
779.993466212262	0.05297999999993408	epochs	3.0
780.0464462122619	0.052341500000011365	epochs	3.0
780.0987877122619	0.10282760000006874	epochs	2.0
780.0987877122619	0.05171810000001642	epochs	3.0
780.1505058122619	0.05110950000005232	epochs	3.0
780.201615312262	0.10044909999999163	epochs	2.0
780.201615312262	0.05051489999993919	epochs	3.0
780.2521302122619	0.04993420000005244	epochs	3.0
780.302064412262	0.0981782999999723	epochs	2.0
780.302064412262	0.04936659999998483	epochs	3.0
780.351431012262	0.04881169999998747	epochs	3.0
780.400242712262	0.09600780000005216	epochs	2.0
780.400242712262	0.04826920000004975	epochs	3.0
780.448511912262	0.04773860000000241	epochs	3.0
780.496250512262	0.09393119999992905	epochs	2.0
780.496250512262	0.04721949999998287	epochs	3.0
780.543470012262	0.04671169999994618	epochs	3.0
780.5901817122619	0.09194260000003851	epochs	2.0
780.5901817122619	0.046214599999984785	epochs	3.0
780.6363963122619	0.045728000000053726	epochs	3.0
780.682124312262	0.09003629999995155	epochs	2.0
780.682124312262	0.045251499999949374	epochs	3.0
780.7273758122619	0.04478480000000218	epochs	3.0
780.7721606122619	0.08820760000003247	epochs	2.0
780.7721606122619	0.044327800000019124	epochs	3.0
780.816488412262	0.04387980000001335	epochs	3.0
780.860368212262	0.0864516999999978	epochs	2.0
780.860368212262	0.04344100000002982	epochs	3.0
780.903809212262	0.04301069999996798	epochs	3.0
780.946819912262	0.08476429999996071	epochs	2.0
780.946819912262	0.04258900000002086	epochs	3.0
780.989408912262	0.04217529999993985	epochs	3.0
781.0315842122619	0.08314150000001064	epochs	2.0
781.0315842122619	0.04176970000003166	epochs	3.0
781.073353912262	0.041371799999978975	epochs	3.0
781.1147257122619	0.08157970000002024	epochs	2.0
781.1147257122619	0.04098140000007788	epochs	3.0
781.155707112262	0.040598299999942355	epochs	3.0
781.196305412262	0.08007550000002084	epochs	2.0
781.196305412262	0.04022229999998217	epochs	3.0
781.2365277122619	0.03985320000003867	epochs	3.0
781.276380912262	0.07862569999997504	epochs	2.0
781.276380912262	0.0394907999999532	epochs	3.0
781.3158717122619	0.039134900000021844	epochs	3.0
781.355006612262	0.07722760000001472	epochs	2.0
781.355006612262	0.038785400000051595	epochs	3.0
781.393792012262	0.03844219999996312	epochs	3.0
781.432234212262	0.07587820000003376	epochs	2.0
781.432234212262	0.038104800000041905	epochs	3.0
781.470339012262	0.03777339999999185	epochs	3.0
781.508112412262	0.07457519999991291	epochs	2.0
781.508112412262	0.03744769999991604	epochs	3.0
781.5455601122619	0.03712749999999687	epochs	3.0
781.5826876122619	0.07331630000010136	epochs	2.0
781.5826876122619	0.0368129000000863	epochs	3.0
781.619500512262	0.03650340000001506	epochs	3.0
781.656003912262	0.07209899999998015	epochs	2.0
781.656003912262	0.03619909999997617	epochs	3.0
781.692203012262	0.03589990000000398	epochs	3.0
781.728102912262	0.07092169999998532	epochs	2.0
781.728102912262	0.03560559999993984	epochs	3.0
781.7637085122619	0.03531610000004548	epochs	3.0
781.799024612262	0.06978200000003199	epochs	2.0
781.799024612262	0.03503119999993487	epochs	3.0
781.8340558122619	0.034750800000097115	epochs	3.0
781.868806612262	0.06867859999999837	epochs	2.0
781.868806612262	0.03447510000000875	epochs	3.0
781.903281712262	0.03420349999998962	epochs	3.0
781.937485212262	0.06760929999995824	epochs	2.0
781.937485212262	0.033936199999970995	epochs	3.0
781.971421412262	0.033673099999987244	epochs	3.0
782.005094512262	0.06657289999998284	epochs	2.0
782.005094512262	0.03341399999999339	epochs	3.0
782.038508512262	0.033158899999989444	epochs	3.0
782.071667412262	0.06556780000005347	epochs	2.0
782.071667412262	0.032907700000009754	epochs	3.0
782.104575112262	0.03266010000004371	epochs	3.0
782.137235212262	0.06459259999996902	epochs	2.0
782.137235212262	0.032416399999988244	epochs	3.0
782.169651612262	0.03217619999998078	epochs	3.0
782.201827812262	0.0636459999999488	epochs	2.0
782.201827812262	0.03193959999998697	epochs	3.0
782.233767412262	0.03170639999996183	epochs	3.0
782.2654738122619	0.06272670000009839	epochs	2.0
782.2654738122619	0.03147660000001906	epochs	3.0
782.2969504122619	0.03125010000007933	epochs	3.0
782.328200512262	0.06183359999999993	epochs	2.0
782.328200512262	0.03102689999991526	epochs	3.0
782.3592274122619	0.030806700000084675	epochs	3.0
782.390034112262	0.060965599999917686	epochs	2.0
782.390034112262	0.030589799999916067	epochs	3.0
782.4206239122619	0.030375800000001618	epochs	3.0
782.4509997122619	0.06012160000000222	epochs	2.0
782.4509997122619	0.030164900000045236	epochs	3.0
782.481164612262	0.02995669999995698	epochs	3.0
782.5111213122619	0.05930069999999432	epochs	2.0
782.5111213122619	0.029751600000054168	epochs	3.0
782.540872912262	0.029549099999940154	epochs	3.0
782.5704220122619	0.05850180000004457	epochs	2.0
782.5704220122619	0.02934940000000097	epochs	3.0
782.5997714122619	0.0291524000000436	epochs	3.0
782.628923812262	0.05772419999993872	epochs	2.0
782.628923812262	0.028957999999988715	epochs	3.0
782.657881812262	0.028766199999950004	epochs	3.0
782.6866480122619	0.05696710000006533	epochs	2.0
782.6866480122619	0.028577000000041153	epochs	3.0
782.715225012262	0.028390100000024177	epochs	3.0
782.743615112262	0.05622949999997218	epochs	2.0
782.743615112262	0.028205699999944045	epochs	3.0
782.7718208122619	0.028023800000028132	epochs	3.0
782.799844612262	0.05551070000001346	epochs	2.0
782.799844612262	0.027843999999959124	epochs	3.0
782.8276886122619	0.027666700000054334	epochs	3.0
782.855355312262	0.054810200000019904	epochs	2.0
782.855355312262	0.02749149999999645	epochs	3.0
782.882846812262	0.027318700000023455	epochs	3.0
782.910165512262	0.05412699999999404	epochs	2.0
782.910165512262	0.027147799999966082	epochs	3.0
782.937313312262	0.02697920000002796	epochs	3.0
782.964292512262	0.053460699999959616	epochs	2.0
782.964292512262	0.0268125999999711	epochs	3.0
782.991105112262	0.026648099999988517	epochs	3.0
783.0177532122619	0.05281070000000909	epochs	2.0
783.0177532122619	0.026485600000000886	epochs	3.0
783.0442388122619	0.026325100000008206	epochs	3.0
783.070563912262	0.05217619999996259	epochs	2.0
783.070563912262	0.026166399999965506	epochs	3.0
783.0967303122619	0.026009799999997085	epochs	3.0
783.1227401122619	0.05155670000010559	epochs	2.0
783.1227401122619	0.025854800000047362	epochs	3.0
783.148594912262	0.02570190000005823	epochs	3.0
783.174296812262	0.05095189999997274	epochs	2.0
783.174296812262	0.025550699999939752	epochs	3.0
783.199847512262	0.025401200000032986	epochs	3.0
783.225248712262	0.05036099999995258	epochs	2.0
783.225248712262	0.025253499999962514	epochs	3.0
783.250502212262	0.02510749999999007	epochs	3.0
783.2756097122619	0.049783800000000156	epochs	2.0
783.2756097122619	0.02496320000000196	epochs	3.0
783.3005729122619	0.024820599999998194	epochs	3.0
783.3253935122619	0.049219500000049266	epochs	2.0
783.3253935122619	0.02467940000008184	epochs	3.0
783.350072912262	0.024540099999967424	epochs	3.0
783.374613012262	0.048667899999941255	epochs	2.0
783.374613012262	0.02440209999997478	epochs	3.0
783.399015112262	0.024265799999966475	epochs	3.0
783.4232809122619	0.04812860000004093	epochs	2.0
783.4232809122619	0.024131000000011227	epochs	3.0
783.4474119122619	0.023997600000029706	epochs	3.0
783.471409512262	0.04760109999995166	epochs	2.0
783.471409512262	0.023865799999953197	epochs	3.0
783.4952753122619	0.02373529999999846	epochs	3.0
783.5190106122619	0.047085000000038235	epochs	2.0
783.5190106122619	0.02360630000009678	epochs	3.0
783.542616912262	0.023478699999941455	epochs	3.0
783.566095612262	0.046579999999948996	epochs	2.0
783.566095612262	0.02335249999998723	epochs	3.0
783.589448112262	0.023227499999961765	epochs	3.0
783.6126756122619	0.046085700000048746	epochs	2.0
783.6126756122619	0.023104000000103042	epochs	3.0
783.635779612262	0.022981699999945704	epochs	3.0
783.658761312262	0.045601799999985815	epochs	2.0
783.658761312262	0.022860700000023826	epochs	3.0
783.681622012262	0.02274109999996199	epochs	3.0
783.704363112262	0.04512790000001132	epochs	2.0
783.704363112262	0.022622500000011314	epochs	3.0
783.726985612262	0.02250540000000001	epochs	3.0
783.749491012262	0.044663799999966614	epochs	2.0
783.749491012262	0.02238929999998618	epochs	3.0
783.7718803122619	0.022274499999980435	epochs	3.0
783.7941548122619	0.04420920000006845	epochs	2.0
783.7941548122619	0.022160800000051495	epochs	3.0
783.816315612262	0.022048400000016954	epochs	3.0
783.838364012262	0.04376359999992019	epochs	2.0
783.838364012262	0.021936900000014248	epochs	3.0
783.860300912262	0.02182669999990594	epochs	3.0
783.8821276122619	0.04332710000005591	epochs	2.0
783.8821276122619	0.02171760000010181	epochs	3.0
783.903845212262	0.021609499999954096	epochs	3.0
783.925454712262	0.04289900000003399	epochs	2.0
783.925454712262	0.02150249999999687	epochs	3.0
783.946957212262	0.021396500000037122	epochs	3.0
783.968353712262	0.042479500000013104	epochs	2.0
783.968353712262	0.02129170000000613	epochs	3.0
783.989645412262	0.021187800000006973	epochs	3.0
784.010833212262	0.04206789999989269	epochs	2.0
784.010833212262	0.02108490000000529	epochs	3.0
784.031918112262	0.020982999999887397	epochs	3.0
784.0529011122619	0.04166440000005878	epochs	2.0
784.0529011122619	0.02088220000007368	epochs	3.0
784.073783312262	0.020782199999985096	epochs	3.0
784.094565512262	0.04126850000000104	epochs	2.0
784.094565512262	0.020683299999973315	epochs	3.0
784.1152488122619	0.020585200000027726	epochs	3.0
784.135834012262	0.04088000000001557	epochs	2.0
784.135834012262	0.020488099999965925	epochs	3.0
784.1563221122619	0.020391900000049645	epochs	3.0
784.176714012262	0.04049880000002304	epochs	2.0
784.176714012262	0.020296599999937825	epochs	3.0
784.1970106122619	0.020202200000085213	epochs	3.0
784.217212812262	0.040124599999899146	epochs	2.0
784.217212812262	0.020108699999923374	epochs	3.0
784.2373215122619	0.020015899999975773	epochs	3.0
784.2573374122619	0.03975730000001931	epochs	2.0
784.2573374122619	0.019924200000104975	epochs	3.0
784.277261612262	0.01983309999991434	epochs	3.0
784.2970947122619	0.03939669999999751	epochs	2.0
784.2970947122619	0.01974300000006224	epochs	3.0
784.316837712262	0.01965369999993527	epochs	3.0
784.3364914122619	0.039042400000084854	epochs	2.0
784.3364914122619	0.01956510000002254	epochs	3.0
784.356056512262	0.019477300000062314	epochs	3.0
784.375533812262	0.03869459999998526	epochs	2.0
784.375533812262	0.01939039999990655	epochs	3.0
784.3949242122619	0.01930420000007871	epochs	3.0
784.414228412262	0.03835289999994984	epochs	2.0
784.414228412262	0.019218799999976	epochs	3.0
784.433447212262	0.01913409999997384	epochs	3.0
784.4525813122619	0.03801720000001296	epochs	2.0
784.4525813122619	0.019050200000037876	epochs	3.0
784.471631512262	0.018966999999975087	epochs	3.0
784.490598512262	0.037687200000050325	epochs	2.0
784.490598512262	0.01888450000001285	epochs	3.0
784.509483012262	0.018802700000037476	epochs	3.0
784.528285712262	0.03736309999999321	epochs	2.0
784.528285712262	0.018721700000014607	epochs	3.0
784.547007412262	0.018641399999978603	epochs	3.0
784.565648812262	0.03704429999993408	epochs	2.0
784.565648812262	0.01856159999999818	epochs	3.0
784.584210412262	0.018482699999935903	epochs	3.0
784.6026931122619	0.0367310000000316	epochs	2.0
784.6026931122619	0.018404300000042895	epochs	3.0
784.621097412262	0.018326699999988705	epochs	3.0
784.639424112262	0.036422900000047775	epochs	2.0
784.639424112262	0.018249599999990096	epochs	3.0
784.657673712262	0.01817330000005768	epochs	3.0
784.675847012262	0.03612009999994825	epochs	2.0
784.675847012262	0.01809759999991911	epochs	3.0
784.6939446122619	0.01802250000002914	epochs	3.0
784.711967112262	0.03582210000001851	epochs	2.0
784.711967112262	0.017947899999967376	epochs	3.0
784.7299150122619	0.017874200000051133	epochs	3.0
784.747789212262	0.03552899999999681	epochs	2.0
784.747789212262	0.017800800000031813	epochs	3.0
784.765590012262	0.017728199999965	epochs	3.0
784.783318212262	0.03524070000003121	epochs	2.0
784.783318212262	0.017656099999953767	epochs	3.0
784.8009743122619	0.017584600000077444	epochs	3.0
784.818558912262	0.03495709999992869	epochs	2.0
784.818558912262	0.01751369999999497	epochs	3.0
784.836072612262	0.017443399999933717	epochs	3.0
784.8535160122619	0.03467790000001969	epochs	2.0
784.8535160122619	0.017373600000041733	epochs	3.0
784.870889612262	0.017304299999977957	epochs	3.0
784.888193912262	0.03440330000000813	epochs	2.0
784.888193912262	0.01723570000001473	epochs	3.0
784.905429612262	0.0171675999999934	epochs	3.0
784.922597212262	0.03413279999995211	epochs	2.0
784.922597212262	0.01709989999994832	epochs	3.0
784.9396971122619	0.017032900000003792	epochs	3.0
784.9567300122619	0.03386670000008962	epochs	2.0
784.9567300122619	0.01696640000000116	epochs	3.0
784.9736964122619	0.016900300000088464	epochs	3.0
784.990596712262	0.03360459999998966	epochs	2.0
784.990596712262	0.01683479999996962	epochs	3.0
785.007431512262	0.01676980000002004	epochs	3.0
785.024201312262	0.033346599999958926	epochs	2.0
785.024201312262	0.016705300000012357	epochs	3.0
785.040906612262	0.01664129999994657	epochs	3.0
785.057547912262	0.03309250000006614	epochs	2.0
785.057547912262	0.016577800000050047	epochs	3.0
785.074125712262	0.01651470000001609	epochs	3.0
785.090640412262	0.03284229999997024	epochs	2.0
785.090640412262	0.016452199999889672	epochs	3.0
785.1070926122619	0.016390100000080565	epochs	3.0
785.123482712262	0.03259570000000167	epochs	2.0
785.123482712262	0.016328400000020338	epochs	3.0
785.139811112262	0.016267299999981333	epochs	3.0
785.156078412262	0.032352899999978035	epochs	2.0
785.156078412262	0.01620659999991858	epochs	3.0
785.1722850122619	0.016146300000059455	epochs	3.0
785.188431312262	0.03211369999996805	epochs	2.0
785.188431312262	0.016086599999994178	epochs	3.0
785.204517912262	0.01602709999997387	epochs	3.0
785.2205450122619	0.03187800000000607	epochs	2.0
785.2205450122619	0.015968199999974786	epochs	3.0
785.2365132122619	0.015909800000031282	epochs	3.0
785.2524230122619	0.031645700000012766	epochs	2.0
785.2524230122619	0.01585160000001906	epochs	3.0
785.268274612262	0.015794099999993705	epochs	3.0
785.284068712262	0.0314167000000225	epochs	2.0
785.284068712262	0.015736700000047676	epochs	3.0
785.299805412262	0.015679999999974825	epochs	3.0
785.315485412262	0.031191100000000915	epochs	2.0
785.315485412262	0.015623600000026272	epochs	3.0
785.331109012262	0.015567499999974643	epochs	3.0
785.346676512262	0.030968700000016725	epochs	2.0
785.346676512262	0.015511999999944237	epochs	3.0
785.3621885122619	0.015456700000072487	epochs	3.0
785.377645212262	0.030749499999956242	epochs	2.0
785.377645212262	0.015401999999994587	epochs	3.0
785.393047212262	0.015347499999961656	epochs	3.0
785.408394712262	0.03053320000003623	epochs	2.0
785.408394712262	0.015293400000018664	epochs	3.0
785.423688112262	0.015239800000017567	epochs	3.0
785.438927912262	0.030320099999926242	epochs	2.0
785.438927912262	0.015186500000027081	epochs	3.0
785.454114412262	0.015133599999899161	epochs	3.0
785.4692480122619	0.03010990000007041	epochs	2.0
785.4692480122619	0.015081000000009226	epochs	3.0
785.4843290122619	0.015028900000061185	epochs	3.0
785.499357912262	0.029902499999934662	epochs	2.0
785.499357912262	0.01497699999993074	epochs	3.0
785.5143349122619	0.014925500000003922	epochs	3.0
785.5292604122619	0.029698100000018712	epochs	2.0
785.5292604122619	0.014874400000053356	epochs	3.0
785.544134812262	0.014823699999965356	epochs	3.0
785.5589585122619	0.02949630000000525	epochs	2.0
785.5589585122619	0.014773200000036013	epochs	3.0
785.573731712262	0.014723099999969236	epochs	3.0
785.588454812262	0.02929740000001857	epochs	2.0
785.588454812262	0.014673399999992398	epochs	3.0
785.6031282122619	0.014624000000026172	epochs	3.0
785.617752212262	0.029101100000048064	epochs	2.0
785.617752212262	0.01457489999995687	epochs	3.0
785.6323271122619	0.014526200000091194	epochs	3.0
785.646853312262	0.028907399999980044	epochs	2.0
785.646853312262	0.014477699999929428	epochs	3.0
785.6613310122619	0.014429700000050616	epochs	3.0
785.675760712262	0.028716199999962555	epochs	2.0
785.675760712262	0.014381800000023759	epochs	3.0
785.690142512262	0.014334399999938796	epochs	3.0
785.704476912262	0.02852759999996124	epochs	2.0
785.704476912262	0.01428720000001249	epochs	3.0
785.718764112262	0.01424039999994875	epochs	3.0
785.7330045122619	0.028341400000044814	epochs	2.0
785.7330045122619	0.014193800000043666	epochs	3.0
785.747198312262	0.014147600000001148	epochs	3.0
785.761345912262	0.028157699999951546	epochs	2.0
785.761345912262	0.014101699999969242	epochs	3.0
785.7754476122619	0.014055999999982305	epochs	3.0
785.7895036122619	0.027976300000091214	epochs	2.0
785.7895036122619	0.01401060000000598	epochs	3.0
785.8035142122619	0.013965700000085235	epochs	3.0
785.817479912262	0.02779720000000907	epochs	2.0
785.817479912262	0.013920799999937117	epochs	3.0
785.8314007122619	0.013876400000071953	epochs	3.0
785.845277112262	0.027620399999932488	epochs	2.0
785.845277112262	0.0138321999999107	epochs	3.0
785.8591093122619	0.013788200000021789	epochs	3.0
785.8728975122619	0.027445899999975154	epochs	2.0
785.8728975122619	0.013744599999995444	epochs	3.0
785.8866421122619	0.01370129999997971	epochs	3.0
785.9003434122619	0.0272735000000921	epochs	2.0
785.9003434122619	0.013658200000008947	epochs	3.0
785.9140016122619	0.013615300000083153	epochs	3.0
785.927616912262	0.027103399999987232	epochs	2.0
785.927616912262	0.013572799999906238	epochs	3.0
785.9411897122619	0.013530600000080995	epochs	3.0
785.954720312262	0.026935199999911674	epochs	2.0
785.954720312262	0.01348839999991469	epochs	3.0
785.9682087122619	0.013446799999996983	epochs	3.0
785.9816555122619	0.02676920000010341	epochs	2.0
785.9816555122619	0.013405200000079276	epochs	3.0
785.995060712262	0.013364000000024134	epochs	3.0
786.008424712262	0.026605199999949036	epochs	2.0
786.008424712262	0.013322899999934634	epochs	3.0
786.021747612262	0.013282300000014402	epochs	3.0
786.035029912262	0.026443200000016986	epochs	2.0
786.035029912262	0.013241699999980483	epochs	3.0
786.0482716122619	0.013201500000036503	epochs	3.0
786.061473112262	0.0262831999999662	epochs	2.0
786.061473112262	0.013161500000023807	epochs	3.0
786.074634612262	0.013121699999942393	epochs	3.0
786.087756312262	0.02612499999997908	epochs	2.0
786.087756312262	0.013082100000019636	epochs	3.0
786.100838412262	0.013042899999959445	epochs	3.0
786.1138813122619	0.025968900000066242	epochs	2.0
786.1138813122619	0.01300390000005791	epochs	3.0
786.126885212262	0.012965000000008331	epochs	3.0
786.139850212262	0.025814500000024054	epochs	2.0
786.139850212262	0.012926399999969362	epochs	3.0
786.152776612262	0.012888100000054692	epochs	3.0
786.165664712262	0.025661899999931848	epochs	2.0
786.165664712262	0.012849899999991976	epochs	3.0
786.178514612262	0.012811999999939871	epochs	3.0
786.191326612262	0.025511199999982637	epochs	2.0
786.191326612262	0.012774400000012065	epochs	3.0
786.204101012262	0.012736799999970572	epochs	3.0
786.2168378122619	0.025362299999983406	epochs	2.0
786.2168378122619	0.01269969999998466	epochs	3.0
786.2295375122619	0.012662599999998747	epochs	3.0
786.2422001122619	0.025215000000002874	epochs	2.0
786.2422001122619	0.012625800000023446	epochs	3.0
786.2548259122619	0.012589199999979428	epochs	3.0
786.2674151122619	0.024584800000070572	epochs	2.0
786.290479912262	0.5	epochs	-1.0
786.291999912262	0.5194400000000314	epochs	1.0
786.811439912262	0.4804799999999432	epochs	0.0
800.811999797821	0.10000000000002274	epochs	0.0
800.811999797821	0.04499999999995907	epochs	1.0
800.856999797821	0.009999999999990905	epochs	1.0
800.866999797821	0.04500000000007276	epochs	1.0
800.9119997978211	2.0	epochs	0.0
802.9119997978211	5.400319999999965	epochs	0.0
802.9119997978211	1.0	epochs	1.0
802.9119997978211	0.5	epochs	-1.0
803.4119997978211	4.900319999999965	epochs	-1.0
803.9119997978211	4.400319999999965	epochs	1.0
803.9119997978211	4.356753899999944	epochs	-1.0
803.9119997978211	1.9745871999999736	epochs	2.0
803.9119997978211	1.0985621999999466	epochs	3.0
805.010561997821	0.8760250000000269	epochs	3.0
805.886586997821	1.3524075000000266	epochs	2.0
805.886586997821	0.7286354999999958	epochs	3.0
806.615222497821	0.6237720000000309	epochs	3.0
807.2389944978211	1.029759199999944	epochs	2.0
807.2389944978211	0.5453292999999348	epochs	3.0
807.784323797821	0.4844299000000092	epochs	3.0
808.268753697821	0.043566100000020924	epochs	2.0
808.268753697821	0.043566100000020924	epochs	3.0
808.312319797821	16.59960000000001	epochs	0.0
809.0959997177124	0.10000000000002274	epochs	0.0
809.0959997177124	0.04499999999995907	epochs	1.0
809.1409997177124	0.009999999999990905	epochs	1.0
809.1509997177124	0.04500000000007276	epochs	1.0
809.1959997177124	2.0	epochs	0.0
811.1959997177124	21.519679999999994	epochs	0.0
811.1959997177124	1.0	epochs	1.0
811.1959997177124	0.5	epochs	-1.0
811.6959997177124	19.998559999999998	epochs	-1.0
812.1959997177124	20.0	epochs	1.0
812.1959997177124	4.356753899999944	epochs	-1.0
812.1959997177124	1.9745871999999736	epochs	2.0
812.1959997177124	1.0985621999999466	epochs	3.0
813.2945619177124	0.8760250000000269	epochs	3.0
814.1705869177124	1.3524075000000266	epochs	2.0
814.1705869177124	0.7286354999999958	epochs	3.0
814.8992224177124	0.6237720000000309	epochs	3.0
815.5229944177124	1.029759199999944	epochs	2.0
815.5229944177124	0.5453292999999348	epochs	3.0
816.0683237177124	0.4844299000000092	epochs	3.0
816.5527536177124	0.8317862000000105	epochs	2.0
816.5527536177124	0.4357763000000432	epochs	3.0
816.9885299177124	0.3960098999999673	epochs	3.0
817.3845398177124	0.6977970000000369	epochs	2.0
817.3845398177124	0.3628982000000178	epochs	3.0
817.7474380177124	0.33489880000001904	epochs	3.0
818.0823368177124	0.601045699999986	epochs	2.0
818.0823368177124	0.3109123000000409	epochs	3.0
818.3932491177125	0.29013339999994514	epochs	3.0
818.6833825177124	0.5278859000000011	epochs	2.0
818.6833825177124	0.2719585999999481	epochs	3.0
818.9553411177124	0.25592730000005304	epochs	3.0
819.2112684177124	0.470619299999953	epochs	2.0
819.2112684177124	0.241681299999982	epochs	3.0
819.4529497177124	0.228937999999971	epochs	3.0
819.6818877177124	0.42457039999999324	epochs	2.0
819.6818877177124	0.21747140000002219	epochs	3.0
819.8993591177124	0.20709899999997106	epochs	3.0
820.1064581177124	0.3867354000000205	epochs	2.0
820.1064581177124	0.19767110000009325	epochs	3.0
820.3041292177124	0.18906429999992724	epochs	3.0
820.4931935177124	0.3550953000000163	epochs	2.0
820.4931935177124	0.18117590000008477	epochs	3.0
820.6743694177125	0.17391939999993156	epochs	3.0
820.8482888177124	0.3282431000000088	epochs	2.0
820.8482888177124	0.1672219000000723	epochs	3.0
821.0155107177125	0.16102119999993647	epochs	3.0
821.1765319177124	0.30516799999998057	epochs	2.0
821.1765319177124	0.15526390000002266	epochs	3.0
821.3317958177124	0.1499040999999579	epochs	3.0
821.4816999177124	0.28512530000000424	epochs	2.0
821.4816999177124	0.1449021000000812	epochs	3.0
821.6266020177125	0.14022319999992305	epochs	3.0
821.7668252177124	0.2675537999999733	epochs	2.0
821.7668252177124	0.1358369000000721	epochs	3.0
821.9026621177125	0.13171689999990122	epochs	3.0
822.0343790177124	0.2520229000000427	epochs	2.0
822.0343790177124	0.1278393000000051	epochs	3.0
822.1622183177124	0.12418360000003759	epochs	3.0
822.2864019177124	0.23819649999995818	epochs	2.0
822.2864019177124	0.12073110000005727	epochs	3.0
822.4071330177125	0.11746539999990091	epochs	3.0
822.5245984177124	0.2258088000000953	epochs	2.0
822.5245984177124	0.11437190000003739	epochs	3.0
822.6389703177124	0.1114369000000579	epochs	3.0
822.7504072177124	0.21464599999990241	epochs	2.0
822.7504072177124	0.10864889999993466	epochs	3.0
822.8590561177124	0.10599709999996776	epochs	3.0
822.9650532177124	0.20453500000007807	epochs	2.0
822.9650532177124	0.10347150000006877	epochs	3.0
823.0685247177124	0.1010635000000093	epochs	3.0
823.1695882177124	0.19533400000000256	epochs	2.0
823.1695882177124	0.09876509999992322	epochs	3.0
823.2683533177124	0.09656890000007934	epochs	3.0
823.3649222177124	0.18692529999998442	epochs	2.0
823.3649222177124	0.09446830000001682	epochs	3.0
823.4593905177124	0.09245699999996759	epochs	3.0
823.5518475177124	0.17921069999999872	epochs	2.0
823.5518475177124	0.09052959999996801	epochs	3.0
823.6423771177124	0.08868110000003071	epochs	3.0
823.7310582177124	0.17210769999996955	epochs	2.0
823.7310582177124	0.08690630000000965	epochs	3.0
823.8179645177124	0.0852013999999599	epochs	3.0
823.9031659177124	0.16554640000003928	epochs	2.0
823.9031659177124	0.08356190000006336	epochs	3.0
823.9867278177124	0.08198449999997592	epochs	3.0
824.0687123177124	0.15946710000002895	epochs	2.0
824.0687123177124	0.08046539999998004	epochs	3.0
824.1491777177124	0.07900170000004891	epochs	3.0
824.2281794177125	0.15381839999997737	epochs	2.0
824.2281794177125	0.07759009999995214	epochs	3.0
824.3057695177124	0.07622830000002523	epochs	3.0
824.3819978177124	0.14855639999996129	epochs	2.0
824.3819978177124	0.07491329999993468	epochs	3.0
824.4569111177124	0.0736431000000266	epochs	3.0
824.5305542177124	0.14364239999997608	epochs	2.0
824.5305542177124	0.07241499999997814	epochs	3.0
824.6029692177124	0.07122739999999794	epochs	3.0
824.6741966177124	0.13904309999998077	epochs	2.0
824.6741966177124	0.07007800000008046	epochs	3.0
824.7442746177124	0.0689650999999003	epochs	3.0
824.8132397177123	0.1347293000000036	epochs	2.0
824.8132397177123	0.0678871000000072	epochs	3.0
824.8811268177124	0.06684219999999641	epochs	3.0
824.9479690177124	0.1306752000000415	epochs	2.0
824.9479690177124	0.06582910000008724	epochs	3.0
825.0137981177124	0.06484609999995428	epochs	3.0
825.0786442177124	0.12685780000003888	epochs	2.0
825.0786442177124	0.06389200000000983	epochs	3.0
825.1425362177124	0.06296580000002905	epochs	3.0
825.2055020177124	0.12325720000001184	epochs	2.0
825.2055020177124	0.062065799999913907	epochs	3.0
825.2675678177123	0.06119140000009793	epochs	3.0
825.3287592177124	0.11985540000000583	epochs	2.0
825.3287592177124	0.060341099999959624	epochs	3.0
825.3891003177124	0.059514300000046205	epochs	3.0
825.4486146177125	0.1166361999999026	epochs	2.0
825.4486146177125	0.058709599999929196	epochs	3.0
825.5073242177124	0.057926599999973405	epochs	3.0
825.5652508177124	0.11358560000007856	epochs	2.0
825.5652508177124	0.05716420000010203	epochs	3.0
825.6224150177125	0.05642139999997653	epochs	3.0
825.6788364177124	0.11069049999991876	epochs	2.0
825.6788364177124	0.05569789999992736	epochs	3.0
825.7345343177124	0.0549925999999914	epochs	3.0
825.7895269177124	0.1079391000000669	epochs	2.0
825.7895269177124	0.05430490000003374	epochs	3.0
825.8438318177124	0.05363420000003316	epochs	3.0
825.8974660177124	0.10532149999994544	epochs	2.0
825.8974660177124	0.05297999999993408	epochs	3.0
825.9504460177124	0.052341500000011365	epochs	3.0
826.0027875177124	0.10282760000006874	epochs	2.0
826.0027875177124	0.05171810000001642	epochs	3.0
826.0545056177124	0.05110950000005232	epochs	3.0
826.1056151177124	0.10044909999999163	epochs	2.0
826.1056151177124	0.05051489999993919	epochs	3.0
826.1561300177124	0.04993420000005244	epochs	3.0
826.2060642177124	0.0981782999999723	epochs	2.0
826.2060642177124	0.04936659999998483	epochs	3.0
826.2554308177124	0.04881169999998747	epochs	3.0
826.3042425177124	0.09600780000005216	epochs	2.0
826.3042425177124	0.04826920000004975	epochs	3.0
826.3525117177124	0.04773860000000241	epochs	3.0
826.4002503177124	0.09393119999992905	epochs	2.0
826.4002503177124	0.04721949999998287	epochs	3.0
826.4474698177124	0.04671169999994618	epochs	3.0
826.4941815177124	0.09194260000003851	epochs	2.0
826.4941815177124	0.046214599999984785	epochs	3.0
826.5403961177124	0.045728000000053726	epochs	3.0
826.5861241177124	0.09003629999995155	epochs	2.0
826.5861241177124	0.045251499999949374	epochs	3.0
826.6313756177124	0.04478480000000218	epochs	3.0
826.6761604177124	0.08820760000003247	epochs	2.0
826.6761604177124	0.044327800000019124	epochs	3.0
826.7204882177124	0.04387980000001335	epochs	3.0
826.7643680177124	0.0864516999999978	epochs	2.0
826.7643680177124	0.04344100000002982	epochs	3.0
826.8078090177124	0.04301069999996798	epochs	3.0
826.8508197177124	0.08476429999996071	epochs	2.0
826.8508197177124	0.04258900000002086	epochs	3.0
826.8934087177124	0.04217529999993985	epochs	3.0
826.9355840177124	0.08314150000001064	epochs	2.0
826.9355840177124	0.04176970000003166	epochs	3.0
826.9773537177124	0.041371799999978975	epochs	3.0
827.0187255177124	0.08157970000002024	epochs	2.0
827.0187255177124	0.04098140000007788	epochs	3.0
827.0597069177124	0.040598299999942355	epochs	3.0
827.1003052177124	0.08007550000002084	epochs	2.0
827.1003052177124	0.04022229999998217	epochs	3.0
827.1405275177124	0.03985320000003867	epochs	3.0
827.1803807177124	0.07862569999997504	epochs	2.0
827.1803807177124	0.0394907999999532	epochs	3.0
827.2198715177124	0.039134900000021844	epochs	3.0
827.2590064177124	0.07722760000001472	epochs	2.0
827.2590064177124	0.038785400000051595	epochs	3.0
827.2977918177124	0.03844219999996312	epochs	3.0
827.3362340177124	0.07587820000003376	epochs	2.0
827.3362340177124	0.038104800000041905	epochs	3.0
827.3743388177124	0.03777339999999185	epochs	3.0
827.4121122177124	0.07457519999991291	epochs	2.0
827.4121122177124	0.03744769999991604	epochs	3.0
827.4495599177123	0.03712749999999687	epochs	3.0
827.4866874177123	0.07331630000010136	epochs	2.0
827.4866874177123	0.0368129000000863	epochs	3.0
827.5235003177124	0.03650340000001506	epochs	3.0
827.5600037177124	0.07209899999998015	epochs	2.0
827.5600037177124	0.03619909999997617	epochs	3.0
827.5962028177124	0.03589990000000398	epochs	3.0
827.6321027177124	0.07092169999998532	epochs	2.0
827.6321027177124	0.03560559999993984	epochs	3.0
827.6677083177124	0.03531610000004548	epochs	3.0
827.7030244177124	0.06978200000003199	epochs	2.0
827.7030244177124	0.03503119999993487	epochs	3.0
827.7380556177123	0.034750800000097115	epochs	3.0
827.7728064177124	0.06867859999999837	epochs	2.0
827.7728064177124	0.03447510000000875	epochs	3.0
827.8072815177125	0.03420349999998962	epochs	3.0
827.8414850177124	0.06760929999995824	epochs	2.0
827.8414850177124	0.033936199999970995	epochs	3.0
827.8754212177124	0.033673099999987244	epochs	3.0
827.9090943177124	0.06657289999998284	epochs	2.0
827.9090943177124	0.03341399999999339	epochs	3.0
827.9425083177124	0.033158899999989444	epochs	3.0
827.9756672177124	0.06556780000005347	epochs	2.0
827.9756672177124	0.032907700000009754	epochs	3.0
828.0085749177124	0.03266010000004371	epochs	3.0
828.0412350177124	0.06459259999996902	epochs	2.0
828.0412350177124	0.032416399999988244	epochs	3.0
828.0736514177124	0.03217619999998078	epochs	3.0
828.1058276177124	0.0636459999999488	epochs	2.0
828.1058276177124	0.03193959999998697	epochs	3.0
828.1377672177124	0.03170639999996183	epochs	3.0
828.1694736177124	0.06272670000009839	epochs	2.0
828.1694736177124	0.03147660000001906	epochs	3.0
828.2009502177124	0.03125010000007933	epochs	3.0
828.2322003177125	0.06183359999999993	epochs	2.0
828.2322003177125	0.03102689999991526	epochs	3.0
828.2632272177124	0.030806700000084675	epochs	3.0
828.2940339177125	0.060965599999917686	epochs	2.0
828.2940339177125	0.030589799999916067	epochs	3.0
828.3246237177124	0.030375800000001618	epochs	3.0
828.3549995177124	0.06012160000000222	epochs	2.0
828.3549995177124	0.030164900000045236	epochs	3.0
828.3851644177124	0.02995669999995698	epochs	3.0
828.4151211177124	0.05930069999999432	epochs	2.0
828.4151211177124	0.029751600000054168	epochs	3.0
828.4448727177124	0.029549099999940154	epochs	3.0
828.4744218177124	0.05850180000004457	epochs	2.0
828.4744218177124	0.02934940000000097	epochs	3.0
828.5037712177124	0.0291524000000436	epochs	3.0
828.5329236177124	0.05772419999993872	epochs	2.0
828.5329236177124	0.028957999999988715	epochs	3.0
828.5618816177124	0.028766199999950004	epochs	3.0
828.5906478177124	0.05696710000006533	epochs	2.0
828.5906478177124	0.028577000000041153	epochs	3.0
828.6192248177124	0.028390100000024177	epochs	3.0
828.6476149177124	0.05622949999997218	epochs	2.0
828.6476149177124	0.028205699999944045	epochs	3.0
828.6758206177124	0.028023800000028132	epochs	3.0
828.7038444177124	0.05551070000001346	epochs	2.0
828.7038444177124	0.027843999999959124	epochs	3.0
828.7316884177123	0.027666700000054334	epochs	3.0
828.7593551177124	0.054810200000019904	epochs	2.0
828.7593551177124	0.02749149999999645	epochs	3.0
828.7868466177124	0.027318700000023455	epochs	3.0
828.8141653177124	0.05412699999999404	epochs	2.0
828.8141653177124	0.027147799999966082	epochs	3.0
828.8413131177124	0.02697920000002796	epochs	3.0
828.8682923177124	0.053460699999959616	epochs	2.0
828.8682923177124	0.0268125999999711	epochs	3.0
828.8951049177124	0.026648099999988517	epochs	3.0
828.9217530177124	0.05281070000000909	epochs	2.0
828.9217530177124	0.026485600000000886	epochs	3.0
828.9482386177124	0.026325100000008206	epochs	3.0
828.9745637177124	0.05217619999996259	epochs	2.0
828.9745637177124	0.026166399999965506	epochs	3.0
829.0007301177124	0.026009799999997085	epochs	3.0
829.0267399177123	0.05155670000010559	epochs	2.0
829.0267399177123	0.025854800000047362	epochs	3.0
829.0525947177124	0.02570190000005823	epochs	3.0
829.0782966177125	0.05095189999997274	epochs	2.0
829.0782966177125	0.025550699999939752	epochs	3.0
829.1038473177124	0.025401200000032986	epochs	3.0
829.1292485177124	0.05036099999995258	epochs	2.0
829.1292485177124	0.025253499999962514	epochs	3.0
829.1545020177124	0.02510749999999007	epochs	3.0
829.1796095177124	0.049783800000000156	epochs	2.0
829.1796095177124	0.02496320000000196	epochs	3.0
829.2045727177124	0.024820599999998194	epochs	3.0
829.2293933177124	0.049219500000049266	epochs	2.0
829.2293933177124	0.02467940000008184	epochs	3.0
829.2540727177125	0.024540099999967424	epochs	3.0
829.2786128177124	0.048667899999941255	epochs	2.0
829.2786128177124	0.02440209999997478	epochs	3.0
829.3030149177124	0.024265799999966475	epochs	3.0
829.3272807177124	0.04812860000004093	epochs	2.0
829.3272807177124	0.024131000000011227	epochs	3.0
829.3514117177124	0.023997600000029706	epochs	3.0
829.3754093177124	0.04760109999995166	epochs	2.0
829.3754093177124	0.023865799999953197	epochs	3.0
829.3992751177124	0.02373529999999846	epochs	3.0
829.4230104177124	0.047085000000038235	epochs	2.0
829.4230104177124	0.02360630000009678	epochs	3.0
829.4466167177125	0.023478699999941455	epochs	3.0
829.4700954177124	0.046579999999948996	epochs	2.0
829.4700954177124	0.02335249999998723	epochs	3.0
829.4934479177124	0.023227499999961765	epochs	3.0
829.5166754177123	0.046085700000048746	epochs	2.0
829.5166754177123	0.023104000000103042	epochs	3.0
829.5397794177125	0.022981699999945704	epochs	3.0
829.5627611177124	0.045601799999985815	epochs	2.0
829.5627611177124	0.022860700000023826	epochs	3.0
829.5856218177124	0.02274109999996199	epochs	3.0
829.6083629177124	0.04512790000001132	epochs	2.0
829.6083629177124	0.022622500000011314	epochs	3.0
829.6309854177124	0.02250540000000001	epochs	3.0
829.6534908177124	0.044663799999966614	epochs	2.0
829.6534908177124	0.02238929999998618	epochs	3.0
829.6758801177124	0.022274499999980435	epochs	3.0
829.6981546177124	0.04420920000006845	epochs	2.0
829.6981546177124	0.022160800000051495	epochs	3.0
829.7203154177124	0.022048400000016954	epochs	3.0
829.7423638177124	0.04376359999992019	epochs	2.0
829.7423638177124	0.021936900000014248	epochs	3.0
829.7643007177124	0.02182669999990594	epochs	3.0
829.7861274177124	0.04332710000005591	epochs	2.0
829.7861274177124	0.02171760000010181	epochs	3.0
829.8078450177125	0.021609499999954096	epochs	3.0
829.8294545177124	0.04289900000003399	epochs	2.0
829.8294545177124	0.02150249999999687	epochs	3.0
829.8509570177124	0.021396500000037122	epochs	3.0
829.8723535177124	0.042479500000013104	epochs	2.0
829.8723535177124	0.02129170000000613	epochs	3.0
829.8936452177124	0.021187800000006973	epochs	3.0
829.9148330177125	0.04206789999989269	epochs	2.0
829.9148330177125	0.02108490000000529	epochs	3.0
829.9359179177125	0.020982999999887397	epochs	3.0
829.9569009177123	0.04166440000005878	epochs	2.0
829.9569009177123	0.02088220000007368	epochs	3.0
829.9777831177124	0.020782199999985096	epochs	3.0
829.9985653177124	0.04126850000000104	epochs	2.0
829.9985653177124	0.020683299999973315	epochs	3.0
830.0192486177124	0.020585200000027726	epochs	3.0
830.0398338177124	0.04088000000001557	epochs	2.0
830.0398338177124	0.020488099999965925	epochs	3.0
830.0603219177124	0.020391900000049645	epochs	3.0
830.0807138177124	0.04049880000002304	epochs	2.0
830.0807138177124	0.020296599999937825	epochs	3.0
830.1010104177124	0.020202200000085213	epochs	3.0
830.1212126177124	0.040124599999899146	epochs	2.0
830.1212126177124	0.020108699999923374	epochs	3.0
830.1413213177124	0.020015899999975773	epochs	3.0
830.1613372177123	0.03975730000001931	epochs	2.0
830.1613372177123	0.019924200000104975	epochs	3.0
830.1812614177124	0.01983309999991434	epochs	3.0
830.2010945177124	0.03939669999999751	epochs	2.0
830.2010945177124	0.01974300000006224	epochs	3.0
830.2208375177124	0.01965369999993527	epochs	3.0
830.2404912177124	0.039042400000084854	epochs	2.0
830.2404912177124	0.01956510000002254	epochs	3.0
830.2600563177124	0.019477300000062314	epochs	3.0
830.2795336177124	0.03869459999998526	epochs	2.0
830.2795336177124	0.01939039999990655	epochs	3.0
830.2989240177124	0.01930420000007871	epochs	3.0
830.3182282177124	0.03835289999994984	epochs	2.0
830.3182282177124	0.019218799999976	epochs	3.0
830.3374470177124	0.01913409999997384	epochs	3.0
830.3565811177124	0.03801720000001296	epochs	2.0
830.3565811177124	0.019050200000037876	epochs	3.0
830.3756313177124	0.018966999999975087	epochs	3.0
830.3945983177124	0.037687200000050325	epochs	2.0
830.3945983177124	0.01888450000001285	epochs	3.0
830.4134828177124	0.018802700000037476	epochs	3.0
830.4322855177124	0.03736309999999321	epochs	2.0
830.4322855177124	0.018721700000014607	epochs	3.0
830.4510072177125	0.018641399999978603	epochs	3.0
830.4696486177124	0.03704429999993408	epochs	2.0
830.4696486177124	0.01856159999999818	epochs	3.0
830.4882102177124	0.018482699999935903	epochs	3.0
830.5066929177124	0.0367310000000316	epochs	2.0
830.5066929177124	0.018404300000042895	epochs	3.0
830.5250972177124	0.018326699999988705	epochs	3.0
830.5434239177124	0.036422900000047775	epochs	2.0
830.5434239177124	0.018249599999990096	epochs	3.0
830.5616735177124	0.01817330000005768	epochs	3.0
830.5798468177125	0.03612009999994825	epochs	2.0
830.5798468177125	0.01809759999991911	epochs	3.0
830.5979444177124	0.01802250000002914	epochs	3.0
830.6159669177124	0.03582210000001851	epochs	2.0
830.6159669177124	0.017947899999967376	epochs	3.0
830.6339148177124	0.017874200000051133	epochs	3.0
830.6517890177124	0.03552899999999681	epochs	2.0
830.6517890177124	0.017800800000031813	epochs	3.0
830.6695898177124	0.017728199999965	epochs	3.0
830.6873180177124	0.03524070000003121	epochs	2.0
830.6873180177124	0.017656099999953767	epochs	3.0
830.7049741177124	0.017584600000077444	epochs	3.0
830.7225587177124	0.03495709999992869	epochs	2.0
830.7225587177124	0.01751369999999497	epochs	3.0
830.7400724177124	0.017443399999933717	epochs	3.0
830.7575158177124	0.03467790000001969	epochs	2.0
830.7575158177124	0.017373600000041733	epochs	3.0
830.7748894177124	0.017304299999977957	epochs	3.0
830.7921937177124	0.03440330000000813	epochs	2.0
830.7921937177124	0.01723570000001473	epochs	3.0
830.8094294177124	0.0171675999999934	epochs	3.0
830.8265970177124	0.03413279999995211	epochs	2.0
830.8265970177124	0.01709989999994832	epochs	3.0
830.8436969177124	0.017032900000003792	epochs	3.0
830.8607298177124	0.03386670000008962	epochs	2.0
830.8607298177124	0.01696640000000116	epochs	3.0
830.8776962177124	0.016900300000088464	epochs	3.0
830.8945965177124	0.03360459999998966	epochs	2.0
830.8945965177124	0.01683479999996962	epochs	3.0
830.9114313177124	0.01676980000002004	epochs	3.0
830.9282011177124	0.033346599999958926	epochs	2.0
830.9282011177124	0.016705300000012357	epochs	3.0
830.9449064177124	0.01664129999994657	epochs	3.0
830.9615477177124	0.03309250000006614	epochs	2.0
830.9615477177124	0.016577800000050047	epochs	3.0
830.9781255177124	0.01651470000001609	epochs	3.0
830.9946402177125	0.03284229999997024	epochs	2.0
830.9946402177125	0.016452199999889672	epochs	3.0
831.0110924177123	0.016390100000080565	epochs	3.0
831.0274825177124	0.03259570000000167	epochs	2.0
831.0274825177124	0.016328400000020338	epochs	3.0
831.0438109177124	0.016267299999981333	epochs	3.0
831.0600782177124	0.032352899999978035	epochs	2.0
831.0600782177124	0.01620659999991858	epochs	3.0
831.0762848177123	0.016146300000059455	epochs	3.0
831.0924311177124	0.03211369999996805	epochs	2.0
831.0924311177124	0.016086599999994178	epochs	3.0
831.1085177177124	0.01602709999997387	epochs	3.0
831.1245448177124	0.03187800000000607	epochs	2.0
831.1245448177124	0.015968199999974786	epochs	3.0
831.1405130177124	0.015909800000031282	epochs	3.0
831.1564228177124	0.031645700000012766	epochs	2.0
831.1564228177124	0.01585160000001906	epochs	3.0
831.1722744177124	0.015794099999993705	epochs	3.0
831.1880685177124	0.0314167000000225	epochs	2.0
831.1880685177124	0.015736700000047676	epochs	3.0
831.2038052177124	0.015679999999974825	epochs	3.0
831.2194852177124	0.031191100000000915	epochs	2.0
831.2194852177124	0.015623600000026272	epochs	3.0
831.2351088177124	0.015567499999974643	epochs	3.0
831.2506763177124	0.030968700000016725	epochs	2.0
831.2506763177124	0.015511999999944237	epochs	3.0
831.2661883177124	0.015456700000072487	epochs	3.0
831.2816450177124	0.030749499999956242	epochs	2.0
831.2816450177124	0.015401999999994587	epochs	3.0
831.2970470177124	0.015347499999961656	epochs	3.0
831.3123945177124	0.03053320000003623	epochs	2.0
831.3123945177124	0.015293400000018664	epochs	3.0
831.3276879177124	0.015239800000017567	epochs	3.0
831.3429277177124	0.030320099999926242	epochs	2.0
831.3429277177124	0.015186500000027081	epochs	3.0
831.3581142177125	0.015133599999899161	epochs	3.0
831.3732478177124	0.03010990000007041	epochs	2.0
831.3732478177124	0.015081000000009226	epochs	3.0
831.3883288177124	0.015028900000061185	epochs	3.0
831.4033577177124	0.029902499999934662	epochs	2.0
831.4033577177124	0.01497699999993074	epochs	3.0
831.4183347177124	0.014925500000003922	epochs	3.0
831.4332602177124	0.029698100000018712	epochs	2.0
831.4332602177124	0.014874400000053356	epochs	3.0
831.4481346177124	0.014823699999965356	epochs	3.0
831.4629583177124	0.02949630000000525	epochs	2.0
831.4629583177124	0.014773200000036013	epochs	3.0
831.4777315177124	0.014723099999969236	epochs	3.0
831.4924546177124	0.02929740000001857	epochs	2.0
831.4924546177124	0.014673399999992398	epochs	3.0
831.5071280177124	0.014624000000026172	epochs	3.0
831.5217520177124	0.029101100000048064	epochs	2.0
831.5217520177124	0.01457489999995687	epochs	3.0
831.5363269177124	0.014526200000091194	epochs	3.0
831.5508531177124	0.028907399999980044	epochs	2.0
831.5508531177124	0.014477699999929428	epochs	3.0
831.5653308177124	0.014429700000050616	epochs	3.0
831.5797605177124	0.028716199999962555	epochs	2.0
831.5797605177124	0.014381800000023759	epochs	3.0
831.5941423177125	0.014334399999938796	epochs	3.0
831.6084767177124	0.02852759999996124	epochs	2.0
831.6084767177124	0.01428720000001249	epochs	3.0
831.6227639177124	0.01424039999994875	epochs	3.0
831.6370043177124	0.028341400000044814	epochs	2.0
831.6370043177124	0.014193800000043666	epochs	3.0
831.6511981177124	0.014147600000001148	epochs	3.0
831.6653457177124	0.028157699999951546	epochs	2.0
831.6653457177124	0.014101699999969242	epochs	3.0
831.6794474177124	0.014055999999982305	epochs	3.0
831.6935034177123	0.027976300000091214	epochs	2.0
831.6935034177123	0.01401060000000598	epochs	3.0
831.7075140177124	0.013965700000085235	epochs	3.0
831.7214797177124	0.02779720000000907	epochs	2.0
831.7214797177124	0.013920799999937117	epochs	3.0
831.7354005177124	0.013876400000071953	epochs	3.0
831.7492769177125	0.027620399999932488	epochs	2.0
831.7492769177125	0.0138321999999107	epochs	3.0
831.7631091177124	0.013788200000021789	epochs	3.0
831.7768973177124	0.027445899999975154	epochs	2.0
831.7768973177124	0.013744599999995444	epochs	3.0
831.7906419177124	0.01370129999997971	epochs	3.0
831.8043432177124	0.0272735000000921	epochs	2.0
831.8043432177124	0.013658200000008947	epochs	3.0
831.8180014177124	0.013615300000083153	epochs	3.0
831.8316167177124	0.027103399999987232	epochs	2.0
831.8316167177124	0.013572799999906238	epochs	3.0
831.8451895177124	0.013530600000080995	epochs	3.0
831.8587201177124	0.026935199999911674	epochs	2.0
831.8587201177124	0.01348839999991469	epochs	3.0
831.8722085177124	0.013446799999996983	epochs	3.0
831.8856553177123	0.02676920000010341	epochs	2.0
831.8856553177123	0.013405200000079276	epochs	3.0
831.8990605177124	0.013364000000024134	epochs	3.0
831.9124245177125	0.026605199999949036	epochs	2.0
831.9124245177125	0.013322899999934634	epochs	3.0
831.9257474177124	0.013282300000014402	epochs	3.0
831.9390297177124	0.026443200000016986	epochs	2.0
831.9390297177124	0.013241699999980483	epochs	3.0
831.9522714177124	0.013201500000036503	epochs	3.0
831.9654729177124	0.0262831999999662	epochs	2.0
831.9654729177124	0.013161500000023807	epochs	3.0
831.9786344177124	0.013121699999942393	epochs	3.0
831.9917561177124	0.02612499999997908	epochs	2.0
831.9917561177124	0.013082100000019636	epochs	3.0
832.0048382177124	0.013042899999959445	epochs	3.0
832.0178811177124	0.025968900000066242	epochs	2.0
832.0178811177124	0.01300390000005791	epochs	3.0
832.0308850177124	0.012965000000008331	epochs	3.0
832.0438500177124	0.025814500000024054	epochs	2.0
832.0438500177124	0.012926399999969362	epochs	3.0
832.0567764177124	0.012888100000054692	epochs	3.0
832.0696645177125	0.025661899999931848	epochs	2.0
832.0696645177125	0.012849899999991976	epochs	3.0
832.0825144177124	0.012811999999939871	epochs	3.0
832.0953264177124	0.025511199999982637	epochs	2.0
832.0953264177124	0.012774400000012065	epochs	3.0
832.1081008177124	0.012736799999970572	epochs	3.0
832.1208376177124	0.025362299999983406	epochs	2.0
832.1208376177124	0.01269969999998466	epochs	3.0
832.1335373177124	0.012662599999998747	epochs	3.0
832.1461999177124	0.025215000000002874	epochs	2.0
832.1461999177124	0.012625800000023446	epochs	3.0
832.1588257177124	0.012589199999979428	epochs	3.0
832.1714149177124	0.024584800000070572	epochs	2.0
832.1945597177124	0.5	epochs	-1.0
832.1959997177124	0.5196799999999939	epochs	1.0
832.7156797177124	0.4802399999999807	epochs	0.0
833.5349998474121	0.10000000000002274	epochs	0.0
833.5349998474121	0.04499999999995907	epochs	1.0
833.5799998474121	0.009999999999990905	epochs	1.0
833.5899998474121	0.04500000000007276	epochs	1.0
833.6349998474121	2.0	epochs	0.0
835.6349998474121	21.500159999999937	epochs	0.0
835.6349998474121	1.0	epochs	1.0
835.6349998474121	0.5	epochs	-1.0
836.1349998474121	19.998559999999998	epochs	-1.0
836.6349998474121	20.0	epochs	1.0
836.6349998474121	4.356753899999944	epochs	-1.0
836.6349998474121	1.9745871999999736	epochs	2.0
836.6349998474121	1.0985621999999466	epochs	3.0
837.7335620474121	0.8760250000000269	epochs	3.0
838.6095870474121	1.3524075000000266	epochs	2.0
838.6095870474121	0.7286354999999958	epochs	3.0
839.3382225474121	0.6237720000000309	epochs	3.0
839.9619945474121	1.029759199999944	epochs	2.0
839.9619945474121	0.5453292999999348	epochs	3.0
840.5073238474121	0.4844299000000092	epochs	3.0
840.9917537474121	0.8317862000000105	epochs	2.0
840.9917537474121	0.4357763000000432	epochs	3.0
841.4275300474121	0.3960098999999673	epochs	3.0
841.8235399474121	0.6977970000000369	epochs	2.0
841.8235399474121	0.3628982000000178	epochs	3.0
842.1864381474121	0.33489880000001904	epochs	3.0
842.5213369474121	0.601045699999986	epochs	2.0
842.5213369474121	0.3109123000000409	epochs	3.0
842.8322492474122	0.29013339999994514	epochs	3.0
843.1223826474121	0.5278859000000011	epochs	2.0
843.1223826474121	0.2719585999999481	epochs	3.0
843.3943412474121	0.25592730000005304	epochs	3.0
843.6502685474121	0.470619299999953	epochs	2.0
843.6502685474121	0.241681299999982	epochs	3.0
843.8919498474121	0.228937999999971	epochs	3.0
844.1208878474121	0.42457039999999324	epochs	2.0
844.1208878474121	0.21747140000002219	epochs	3.0
844.3383592474121	0.20709899999997106	epochs	3.0
844.5454582474121	0.3867354000000205	epochs	2.0
844.5454582474121	0.19767110000009325	epochs	3.0
844.7431293474122	0.18906429999992724	epochs	3.0
844.9321936474121	0.3550953000000163	epochs	2.0
844.9321936474121	0.18117590000008477	epochs	3.0
845.1133695474122	0.17391939999993156	epochs	3.0
845.2872889474121	0.3282431000000088	epochs	2.0
845.2872889474121	0.1672219000000723	epochs	3.0
845.4545108474122	0.16102119999993647	epochs	3.0
845.6155320474121	0.30516799999998057	epochs	2.0
845.6155320474121	0.15526390000002266	epochs	3.0
845.7707959474121	0.1499040999999579	epochs	3.0
845.9207000474121	0.28512530000000424	epochs	2.0
845.9207000474121	0.1449021000000812	epochs	3.0
846.0656021474122	0.14022319999992305	epochs	3.0
846.2058253474121	0.2675537999999733	epochs	2.0
846.2058253474121	0.1358369000000721	epochs	3.0
846.3416622474122	0.13171689999990122	epochs	3.0
846.4733791474121	0.2520229000000427	epochs	2.0
846.4733791474121	0.1278393000000051	epochs	3.0
846.6012184474121	0.12418360000003759	epochs	3.0
846.7254020474121	0.23819649999995818	epochs	2.0
846.7254020474121	0.12073110000005727	epochs	3.0
846.8461331474122	0.11746539999990091	epochs	3.0
846.9635985474121	0.2258088000000953	epochs	2.0
846.9635985474121	0.11437190000003739	epochs	3.0
847.0779704474121	0.1114369000000579	epochs	3.0
847.1894073474122	0.21464599999990241	epochs	2.0
847.1894073474122	0.10864889999993466	epochs	3.0
847.2980562474121	0.10599709999996776	epochs	3.0
847.4040533474121	0.20453500000007807	epochs	2.0
847.4040533474121	0.10347150000006877	epochs	3.0
847.5075248474121	0.1010635000000093	epochs	3.0
847.6085883474121	0.19533400000000256	epochs	2.0
847.6085883474121	0.09876509999992322	epochs	3.0
847.7073534474121	0.09656890000007934	epochs	3.0
847.8039223474121	0.18692529999998442	epochs	2.0
847.8039223474121	0.09446830000001682	epochs	3.0
847.8983906474122	0.09245699999996759	epochs	3.0
847.9908476474121	0.17921069999999872	epochs	2.0
847.9908476474121	0.09052959999996801	epochs	3.0
848.0813772474121	0.08868110000003071	epochs	3.0
848.1700583474121	0.17210769999996955	epochs	2.0
848.1700583474121	0.08690630000000965	epochs	3.0
848.2569646474121	0.0852013999999599	epochs	3.0
848.3421660474121	0.16554640000003928	epochs	2.0
848.3421660474121	0.08356190000006336	epochs	3.0
848.4257279474122	0.08198449999997592	epochs	3.0
848.5077124474121	0.15946710000002895	epochs	2.0
848.5077124474121	0.08046539999998004	epochs	3.0
848.5881778474121	0.07900170000004891	epochs	3.0
848.6671795474122	0.15381839999997737	epochs	2.0
848.6671795474122	0.07759009999995214	epochs	3.0
848.7447696474121	0.07622830000002523	epochs	3.0
848.8209979474121	0.14855639999996129	epochs	2.0
848.8209979474121	0.07491329999993468	epochs	3.0
848.8959112474121	0.0736431000000266	epochs	3.0
848.9695543474121	0.14364239999997608	epochs	2.0
848.9695543474121	0.07241499999997814	epochs	3.0
849.0419693474121	0.07122739999999794	epochs	3.0
849.1131967474121	0.13904309999998077	epochs	2.0
849.1131967474121	0.07007800000008046	epochs	3.0
849.1832747474122	0.0689650999999003	epochs	3.0
849.252239847412	0.1347293000000036	epochs	2.0
849.252239847412	0.0678871000000072	epochs	3.0
849.3201269474121	0.06684219999999641	epochs	3.0
849.3869691474121	0.1306752000000415	epochs	2.0
849.3869691474121	0.06582910000008724	epochs	3.0
849.4527982474121	0.06484609999995428	epochs	3.0
849.5176443474121	0.12685780000003888	epochs	2.0
849.5176443474121	0.06389200000000983	epochs	3.0
849.5815363474121	0.06296580000002905	epochs	3.0
849.6445021474121	0.12325720000001184	epochs	2.0
849.6445021474121	0.062065799999913907	epochs	3.0
849.706567947412	0.06119140000009793	epochs	3.0
849.7677593474122	0.11985540000000583	epochs	2.0
849.7677593474122	0.060341099999959624	epochs	3.0
849.8281004474121	0.059514300000046205	epochs	3.0
849.8876147474122	0.1166361999999026	epochs	2.0
849.8876147474122	0.058709599999929196	epochs	3.0
849.9463243474121	0.057926599999973405	epochs	3.0
850.0042509474121	0.11358560000007856	epochs	2.0
850.0042509474121	0.05716420000010203	epochs	3.0
850.0614151474122	0.05642139999997653	epochs	3.0
850.1178365474121	0.11069049999991876	epochs	2.0
850.1178365474121	0.05569789999992736	epochs	3.0
850.1735344474121	0.0549925999999914	epochs	3.0
850.2285270474121	0.1079391000000669	epochs	2.0
850.2285270474121	0.05430490000003374	epochs	3.0
850.2828319474121	0.05363420000003316	epochs	3.0
850.3364661474121	0.10532149999994544	epochs	2.0
850.3364661474121	0.05297999999993408	epochs	3.0
850.3894461474121	0.052341500000011365	epochs	3.0
850.4417876474121	0.10282760000006874	epochs	2.0
850.4417876474121	0.05171810000001642	epochs	3.0
850.4935057474121	0.05110950000005232	epochs	3.0
850.5446152474121	0.10044909999999163	epochs	2.0
850.5446152474121	0.05051489999993919	epochs	3.0
850.5951301474121	0.04993420000005244	epochs	3.0
850.6450643474121	0.0981782999999723	epochs	2.0
850.6450643474121	0.04936659999998483	epochs	3.0
850.6944309474121	0.04881169999998747	epochs	3.0
850.7432426474121	0.09600780000005216	epochs	2.0
850.7432426474121	0.04826920000004975	epochs	3.0
850.7915118474122	0.04773860000000241	epochs	3.0
850.8392504474122	0.09393119999992905	epochs	2.0
850.8392504474122	0.04721949999998287	epochs	3.0
850.8864699474121	0.04671169999994618	epochs	3.0
850.9331816474121	0.09194260000003851	epochs	2.0
850.9331816474121	0.046214599999984785	epochs	3.0
850.9793962474121	0.045728000000053726	epochs	3.0
851.0251242474121	0.09003629999995155	epochs	2.0
851.0251242474121	0.045251499999949374	epochs	3.0
851.0703757474121	0.04478480000000218	epochs	3.0
851.1151605474121	0.08820760000003247	epochs	2.0
851.1151605474121	0.044327800000019124	epochs	3.0
851.1594883474121	0.04387980000001335	epochs	3.0
851.2033681474121	0.0864516999999978	epochs	2.0
851.2033681474121	0.04344100000002982	epochs	3.0
851.2468091474121	0.04301069999996798	epochs	3.0
851.2898198474121	0.08476429999996071	epochs	2.0
851.2898198474121	0.04258900000002086	epochs	3.0
851.3324088474121	0.04217529999993985	epochs	3.0
851.3745841474121	0.08314150000001064	epochs	2.0
851.3745841474121	0.04176970000003166	epochs	3.0
851.4163538474121	0.041371799999978975	epochs	3.0
851.4577256474121	0.08157970000002024	epochs	2.0
851.4577256474121	0.04098140000007788	epochs	3.0
851.4987070474122	0.040598299999942355	epochs	3.0
851.5393053474121	0.08007550000002084	epochs	2.0
851.5393053474121	0.04022229999998217	epochs	3.0
851.5795276474121	0.03985320000003867	epochs	3.0
851.6193808474121	0.07862569999997504	epochs	2.0
851.6193808474121	0.0394907999999532	epochs	3.0
851.6588716474121	0.039134900000021844	epochs	3.0
851.6980065474121	0.07722760000001472	epochs	2.0
851.6980065474121	0.038785400000051595	epochs	3.0
851.7367919474121	0.03844219999996312	epochs	3.0
851.7752341474121	0.07587820000003376	epochs	2.0
851.7752341474121	0.038104800000041905	epochs	3.0
851.8133389474121	0.03777339999999185	epochs	3.0
851.8511123474121	0.07457519999991291	epochs	2.0
851.8511123474121	0.03744769999991604	epochs	3.0
851.888560047412	0.03712749999999687	epochs	3.0
851.925687547412	0.07331630000010136	epochs	2.0
851.925687547412	0.0368129000000863	epochs	3.0
851.9625004474121	0.03650340000001506	epochs	3.0
851.9990038474122	0.07209899999998015	epochs	2.0
851.9990038474122	0.03619909999997617	epochs	3.0
852.0352029474121	0.03589990000000398	epochs	3.0
852.0711028474121	0.07092169999998532	epochs	2.0
852.0711028474121	0.03560559999993984	epochs	3.0
852.1067084474121	0.03531610000004548	epochs	3.0
852.1420245474121	0.06978200000003199	epochs	2.0
852.1420245474121	0.03503119999993487	epochs	3.0
852.177055747412	0.034750800000097115	epochs	3.0
852.2118065474122	0.06867859999999837	epochs	2.0
852.2118065474122	0.03447510000000875	epochs	3.0
852.2462816474122	0.03420349999998962	epochs	3.0
852.2804851474122	0.06760929999995824	epochs	2.0
852.2804851474122	0.033936199999970995	epochs	3.0
852.3144213474121	0.033673099999987244	epochs	3.0
852.3480944474121	0.06657289999998284	epochs	2.0
852.3480944474121	0.03341399999999339	epochs	3.0
852.3815084474121	0.033158899999989444	epochs	3.0
852.4146673474121	0.06556780000005347	epochs	2.0
852.4146673474121	0.032907700000009754	epochs	3.0
852.4475750474121	0.03266010000004371	epochs	3.0
852.4802351474121	0.06459259999996902	epochs	2.0
852.4802351474121	0.032416399999988244	epochs	3.0
852.5126515474121	0.03217619999998078	epochs	3.0
852.5448277474121	0.0636459999999488	epochs	2.0
852.5448277474121	0.03193959999998697	epochs	3.0
852.5767673474121	0.03170639999996183	epochs	3.0
852.6084737474121	0.06272670000009839	epochs	2.0
852.6084737474121	0.03147660000001906	epochs	3.0
852.6399503474121	0.03125010000007933	epochs	3.0
852.6712004474122	0.06183359999999993	epochs	2.0
852.6712004474122	0.03102689999991526	epochs	3.0
852.7022273474121	0.030806700000084675	epochs	3.0
852.7330340474122	0.060965599999917686	epochs	2.0
852.7330340474122	0.030589799999916067	epochs	3.0
852.7636238474121	0.030375800000001618	epochs	3.0
852.7939996474121	0.06012160000000222	epochs	2.0
852.7939996474121	0.030164900000045236	epochs	3.0
852.8241645474121	0.02995669999995698	epochs	3.0
852.8541212474121	0.05930069999999432	epochs	2.0
852.8541212474121	0.029751600000054168	epochs	3.0
852.8838728474121	0.029549099999940154	epochs	3.0
852.9134219474121	0.05850180000004457	epochs	2.0
852.9134219474121	0.02934940000000097	epochs	3.0
852.9427713474121	0.0291524000000436	epochs	3.0
852.9719237474121	0.05772419999993872	epochs	2.0
852.9719237474121	0.028957999999988715	epochs	3.0
853.0008817474121	0.028766199999950004	epochs	3.0
853.0296479474121	0.05696710000006533	epochs	2.0
853.0296479474121	0.028577000000041153	epochs	3.0
853.0582249474121	0.028390100000024177	epochs	3.0
853.0866150474121	0.05622949999997218	epochs	2.0
853.0866150474121	0.028205699999944045	epochs	3.0
853.1148207474121	0.028023800000028132	epochs	3.0
853.1428445474121	0.05551070000001346	epochs	2.0
853.1428445474121	0.027843999999959124	epochs	3.0
853.170688547412	0.027666700000054334	epochs	3.0
853.1983552474121	0.054810200000019904	epochs	2.0
853.1983552474121	0.02749149999999645	epochs	3.0
853.2258467474121	0.027318700000023455	epochs	3.0
853.2531654474121	0.05412699999999404	epochs	2.0
853.2531654474121	0.027147799999966082	epochs	3.0
853.2803132474121	0.02697920000002796	epochs	3.0
853.3072924474121	0.053460699999959616	epochs	2.0
853.3072924474121	0.0268125999999711	epochs	3.0
853.3341050474121	0.026648099999988517	epochs	3.0
853.3607531474121	0.05281070000000909	epochs	2.0
853.3607531474121	0.026485600000000886	epochs	3.0
853.3872387474121	0.026325100000008206	epochs	3.0
853.4135638474121	0.05217619999996259	epochs	2.0
853.4135638474121	0.026166399999965506	epochs	3.0
853.4397302474121	0.026009799999997085	epochs	3.0
853.465740047412	0.05155670000010559	epochs	2.0
853.465740047412	0.025854800000047362	epochs	3.0
853.4915948474121	0.02570190000005823	epochs	3.0
853.5172967474122	0.05095189999997274	epochs	2.0
853.5172967474122	0.025550699999939752	epochs	3.0
853.5428474474121	0.025401200000032986	epochs	3.0
853.5682486474121	0.05036099999995258	epochs	2.0
853.5682486474121	0.025253499999962514	epochs	3.0
853.5935021474121	0.02510749999999007	epochs	3.0
853.6186096474121	0.049783800000000156	epochs	2.0
853.6186096474121	0.02496320000000196	epochs	3.0
853.6435728474121	0.024820599999998194	epochs	3.0
853.6683934474121	0.049219500000049266	epochs	2.0
853.6683934474121	0.02467940000008184	epochs	3.0
853.6930728474122	0.024540099999967424	epochs	3.0
853.7176129474121	0.048667899999941255	epochs	2.0
853.7176129474121	0.02440209999997478	epochs	3.0
853.7420150474121	0.024265799999966475	epochs	3.0
853.7662808474121	0.04812860000004093	epochs	2.0
853.7662808474121	0.024131000000011227	epochs	3.0
853.7904118474121	0.023997600000029706	epochs	3.0
853.8144094474121	0.04760109999995166	epochs	2.0
853.8144094474121	0.023865799999953197	epochs	3.0
853.8382752474121	0.02373529999999846	epochs	3.0
853.8620105474121	0.047085000000038235	epochs	2.0
853.8620105474121	0.02360630000009678	epochs	3.0
853.8856168474122	0.023478699999941455	epochs	3.0
853.9090955474121	0.046579999999948996	epochs	2.0
853.9090955474121	0.02335249999998723	epochs	3.0
853.9324480474121	0.023227499999961765	epochs	3.0
853.955675547412	0.046085700000048746	epochs	2.0
853.955675547412	0.023104000000103042	epochs	3.0
853.9787795474122	0.022981699999945704	epochs	3.0
854.0017612474121	0.045601799999985815	epochs	2.0
854.0017612474121	0.022860700000023826	epochs	3.0
854.0246219474121	0.02274109999996199	epochs	3.0
854.0473630474121	0.04512790000001132	epochs	2.0
854.0473630474121	0.022622500000011314	epochs	3.0
854.0699855474121	0.02250540000000001	epochs	3.0
854.0924909474121	0.044663799999966614	epochs	2.0
854.0924909474121	0.02238929999998618	epochs	3.0
854.1148802474121	0.022274499999980435	epochs	3.0
854.1371547474121	0.04420920000006845	epochs	2.0
854.1371547474121	0.022160800000051495	epochs	3.0
854.1593155474121	0.022048400000016954	epochs	3.0
854.1813639474121	0.04376359999992019	epochs	2.0
854.1813639474121	0.021936900000014248	epochs	3.0
854.2033008474122	0.02182669999990594	epochs	3.0
854.2251275474121	0.04332710000005591	epochs	2.0
854.2251275474121	0.02171760000010181	epochs	3.0
854.2468451474122	0.021609499999954096	epochs	3.0
854.2684546474121	0.04289900000003399	epochs	2.0
854.2684546474121	0.02150249999999687	epochs	3.0
854.2899571474121	0.021396500000037122	epochs	3.0
854.3113536474121	0.042479500000013104	epochs	2.0
854.3113536474121	0.02129170000000613	epochs	3.0
854.3326453474122	0.021187800000006973	epochs	3.0
854.3538331474122	0.04206789999989269	epochs	2.0
854.3538331474122	0.02108490000000529	epochs	3.0
854.3749180474122	0.020982999999887397	epochs	3.0
854.395901047412	0.04166440000005878	epochs	2.0
854.395901047412	0.02088220000007368	epochs	3.0
854.4167832474121	0.020782199999985096	epochs	3.0
854.4375654474121	0.04126850000000104	epochs	2.0
854.4375654474121	0.020683299999973315	epochs	3.0
854.4582487474121	0.020585200000027726	epochs	3.0
854.4788339474121	0.04088000000001557	epochs	2.0
854.4788339474121	0.020488099999965925	epochs	3.0
854.4993220474121	0.020391900000049645	epochs	3.0
854.5197139474121	0.04049880000002304	epochs	2.0
854.5197139474121	0.020296599999937825	epochs	3.0
854.5400105474121	0.020202200000085213	epochs	3.0
854.5602127474122	0.040124599999899146	epochs	2.0
854.5602127474122	0.020108699999923374	epochs	3.0
854.5803214474121	0.020015899999975773	epochs	3.0
854.600337347412	0.03975730000001931	epochs	2.0
854.600337347412	0.019924200000104975	epochs	3.0
854.6202615474122	0.01983309999991434	epochs	3.0
854.6400946474121	0.03939669999999751	epochs	2.0
854.6400946474121	0.01974300000006224	epochs	3.0
854.6598376474121	0.01965369999993527	epochs	3.0
854.6794913474121	0.039042400000084854	epochs	2.0
854.6794913474121	0.01956510000002254	epochs	3.0
854.6990564474121	0.019477300000062314	epochs	3.0
854.7185337474122	0.03869459999998526	epochs	2.0
854.7185337474122	0.01939039999990655	epochs	3.0
854.7379241474121	0.01930420000007871	epochs	3.0
854.7572283474121	0.03835289999994984	epochs	2.0
854.7572283474121	0.019218799999976	epochs	3.0
854.7764471474121	0.01913409999997384	epochs	3.0
854.7955812474121	0.03801720000001296	epochs	2.0
854.7955812474121	0.019050200000037876	epochs	3.0
854.8146314474121	0.018966999999975087	epochs	3.0
854.8335984474121	0.037687200000050325	epochs	2.0
854.8335984474121	0.01888450000001285	epochs	3.0
854.8524829474121	0.018802700000037476	epochs	3.0
854.8712856474122	0.03736309999999321	epochs	2.0
854.8712856474122	0.018721700000014607	epochs	3.0
854.8900073474122	0.018641399999978603	epochs	3.0
854.9086487474121	0.03704429999993408	epochs	2.0
854.9086487474121	0.01856159999999818	epochs	3.0
854.9272103474121	0.018482699999935903	epochs	3.0
854.9456930474121	0.0367310000000316	epochs	2.0
854.9456930474121	0.018404300000042895	epochs	3.0
854.9640973474121	0.018326699999988705	epochs	3.0
854.9824240474121	0.036422900000047775	epochs	2.0
854.9824240474121	0.018249599999990096	epochs	3.0
855.0006736474121	0.01817330000005768	epochs	3.0
855.0188469474122	0.03612009999994825	epochs	2.0
855.0188469474122	0.01809759999991911	epochs	3.0
855.0369445474121	0.01802250000002914	epochs	3.0
855.0549670474121	0.03582210000001851	epochs	2.0
855.0549670474121	0.017947899999967376	epochs	3.0
855.0729149474121	0.017874200000051133	epochs	3.0
855.0907891474121	0.03552899999999681	epochs	2.0
855.0907891474121	0.017800800000031813	epochs	3.0
855.1085899474122	0.017728199999965	epochs	3.0
855.1263181474121	0.03524070000003121	epochs	2.0
855.1263181474121	0.017656099999953767	epochs	3.0
855.1439742474121	0.017584600000077444	epochs	3.0
855.1615588474122	0.03495709999992869	epochs	2.0
855.1615588474122	0.01751369999999497	epochs	3.0
855.1790725474121	0.017443399999933717	epochs	3.0
855.1965159474121	0.03467790000001969	epochs	2.0
855.1965159474121	0.017373600000041733	epochs	3.0
855.2138895474121	0.017304299999977957	epochs	3.0
855.2311938474121	0.03440330000000813	epochs	2.0
855.2311938474121	0.01723570000001473	epochs	3.0
855.2484295474121	0.0171675999999934	epochs	3.0
855.2655971474121	0.03413279999995211	epochs	2.0
855.2655971474121	0.01709989999994832	epochs	3.0
855.2826970474121	0.017032900000003792	epochs	3.0
855.2997299474121	0.03386670000008962	epochs	2.0
855.2997299474121	0.01696640000000116	epochs	3.0
855.3166963474121	0.016900300000088464	epochs	3.0
855.3335966474122	0.03360459999998966	epochs	2.0
855.3335966474122	0.01683479999996962	epochs	3.0
855.3504314474121	0.01676980000002004	epochs	3.0
855.3672012474121	0.033346599999958926	epochs	2.0
855.3672012474121	0.016705300000012357	epochs	3.0
855.3839065474122	0.01664129999994657	epochs	3.0
855.4005478474121	0.03309250000006614	epochs	2.0
855.4005478474121	0.016577800000050047	epochs	3.0
855.4171256474121	0.01651470000001609	epochs	3.0
855.4336403474122	0.03284229999997024	epochs	2.0
855.4336403474122	0.016452199999889672	epochs	3.0
855.450092547412	0.016390100000080565	epochs	3.0
855.4664826474121	0.03259570000000167	epochs	2.0
855.4664826474121	0.016328400000020338	epochs	3.0
855.4828110474122	0.016267299999981333	epochs	3.0
855.4990783474121	0.032352899999978035	epochs	2.0
855.4990783474121	0.01620659999991858	epochs	3.0
855.515284947412	0.016146300000059455	epochs	3.0
855.5314312474121	0.03211369999996805	epochs	2.0
855.5314312474121	0.016086599999994178	epochs	3.0
855.5475178474121	0.01602709999997387	epochs	3.0
855.5635449474121	0.03187800000000607	epochs	2.0
855.5635449474121	0.015968199999974786	epochs	3.0
855.5795131474121	0.015909800000031282	epochs	3.0
855.5954229474121	0.031645700000012766	epochs	2.0
855.5954229474121	0.01585160000001906	epochs	3.0
855.6112745474121	0.015794099999993705	epochs	3.0
855.6270686474121	0.0314167000000225	epochs	2.0
855.6270686474121	0.015736700000047676	epochs	3.0
855.6428053474121	0.015679999999974825	epochs	3.0
855.6584853474121	0.031191100000000915	epochs	2.0
855.6584853474121	0.015623600000026272	epochs	3.0
855.6741089474122	0.015567499999974643	epochs	3.0
855.6896764474121	0.030968700000016725	epochs	2.0
855.6896764474121	0.015511999999944237	epochs	3.0
855.7051884474121	0.015456700000072487	epochs	3.0
855.7206451474121	0.030749499999956242	epochs	2.0
855.7206451474121	0.015401999999994587	epochs	3.0
855.7360471474121	0.015347499999961656	epochs	3.0
855.7513946474121	0.03053320000003623	epochs	2.0
855.7513946474121	0.015293400000018664	epochs	3.0
855.7666880474121	0.015239800000017567	epochs	3.0
855.7819278474121	0.030320099999926242	epochs	2.0
855.7819278474121	0.015186500000027081	epochs	3.0
855.7971143474122	0.015133599999899161	epochs	3.0
855.8122479474121	0.03010990000007041	epochs	2.0
855.8122479474121	0.015081000000009226	epochs	3.0
855.8273289474121	0.015028900000061185	epochs	3.0
855.8423578474121	0.029902499999934662	epochs	2.0
855.8423578474121	0.01497699999993074	epochs	3.0
855.8573348474121	0.014925500000003922	epochs	3.0
855.8722603474121	0.029698100000018712	epochs	2.0
855.8722603474121	0.014874400000053356	epochs	3.0
855.8871347474121	0.014823699999965356	epochs	3.0
855.9019584474121	0.02949630000000525	epochs	2.0
855.9019584474121	0.014773200000036013	epochs	3.0
855.9167316474121	0.014723099999969236	epochs	3.0
855.9314547474121	0.02929740000001857	epochs	2.0
855.9314547474121	0.014673399999992398	epochs	3.0
855.9461281474121	0.014624000000026172	epochs	3.0
855.9607521474121	0.029101100000048064	epochs	2.0
855.9607521474121	0.01457489999995687	epochs	3.0
855.9753270474121	0.014526200000091194	epochs	3.0
855.9898532474122	0.028907399999980044	epochs	2.0
855.9898532474122	0.014477699999929428	epochs	3.0
856.0043309474121	0.014429700000050616	epochs	3.0
856.0187606474121	0.028716199999962555	epochs	2.0
856.0187606474121	0.014381800000023759	epochs	3.0
856.0331424474122	0.014334399999938796	epochs	3.0
856.0474768474121	0.02852759999996124	epochs	2.0
856.0474768474121	0.01428720000001249	epochs	3.0
856.0617640474121	0.01424039999994875	epochs	3.0
856.0760044474121	0.028341400000044814	epochs	2.0
856.0760044474121	0.014193800000043666	epochs	3.0
856.0901982474121	0.014147600000001148	epochs	3.0
856.1043458474121	0.028157699999951546	epochs	2.0
856.1043458474121	0.014101699999969242	epochs	3.0
856.1184475474121	0.014055999999982305	epochs	3.0
856.132503547412	0.027976300000091214	epochs	2.0
856.132503547412	0.01401060000000598	epochs	3.0
856.1465141474121	0.013965700000085235	epochs	3.0
856.1604798474121	0.02779720000000907	epochs	2.0
856.1604798474121	0.013920799999937117	epochs	3.0
856.1744006474121	0.013876400000071953	epochs	3.0
856.1882770474122	0.027620399999932488	epochs	2.0
856.1882770474122	0.0138321999999107	epochs	3.0
856.2021092474121	0.013788200000021789	epochs	3.0
856.2158974474121	0.027445899999975154	epochs	2.0
856.2158974474121	0.013744599999995444	epochs	3.0
856.2296420474121	0.01370129999997971	epochs	3.0
856.2433433474121	0.0272735000000921	epochs	2.0
856.2433433474121	0.013658200000008947	epochs	3.0
856.2570015474121	0.013615300000083153	epochs	3.0
856.2706168474122	0.027103399999987232	epochs	2.0
856.2706168474122	0.013572799999906238	epochs	3.0
856.2841896474121	0.013530600000080995	epochs	3.0
856.2977202474121	0.026935199999911674	epochs	2.0
856.2977202474121	0.01348839999991469	epochs	3.0
856.3112086474121	0.013446799999996983	epochs	3.0
856.324655447412	0.02676920000010341	epochs	2.0
856.324655447412	0.013405200000079276	epochs	3.0
856.3380606474121	0.013364000000024134	epochs	3.0
856.3514246474122	0.026605199999949036	epochs	2.0
856.3514246474122	0.013322899999934634	epochs	3.0
856.3647475474121	0.013282300000014402	epochs	3.0
856.3780298474121	0.026443200000016986	epochs	2.0
856.3780298474121	0.013241699999980483	epochs	3.0
856.3912715474121	0.013201500000036503	epochs	3.0
856.4044730474121	0.0262831999999662	epochs	2.0
856.4044730474121	0.013161500000023807	epochs	3.0
856.4176345474121	0.013121699999942393	epochs	3.0
856.4307562474121	0.02612499999997908	epochs	2.0
856.4307562474121	0.013082100000019636	epochs	3.0
856.4438383474121	0.013042899999959445	epochs	3.0
856.4568812474121	0.025968900000066242	epochs	2.0
856.4568812474121	0.01300390000005791	epochs	3.0
856.4698851474121	0.012965000000008331	epochs	3.0
856.4828501474121	0.025814500000024054	epochs	2.0
856.4828501474121	0.012926399999969362	epochs	3.0
856.4957765474121	0.012888100000054692	epochs	3.0
856.5086646474122	0.025661899999931848	epochs	2.0
856.5086646474122	0.012849899999991976	epochs	3.0
856.5215145474122	0.012811999999939871	epochs	3.0
856.5343265474121	0.025511199999982637	epochs	2.0
856.5343265474121	0.012774400000012065	epochs	3.0
856.5471009474121	0.012736799999970572	epochs	3.0
856.5598377474121	0.025362299999983406	epochs	2.0
856.5598377474121	0.01269969999998466	epochs	3.0
856.5725374474121	0.012662599999998747	epochs	3.0
856.5852000474121	0.025215000000002874	epochs	2.0
856.5852000474121	0.012625800000023446	epochs	3.0
856.5978258474121	0.012589199999979428	epochs	3.0
856.6104150474121	0.024584800000070572	epochs	2.0
856.6335598474121	0.5	epochs	-1.0
856.6349998474121	0.5001599999999371	epochs	1.0
857.1351598474121	0.4997600000000375	epochs	0.0
857.9860000610352	0.10000000000002274	epochs	0.0
857.9860000610352	0.04499999999995907	epochs	1.0
858.0310000610351	0.009999999999990905	epochs	1.0
858.0410000610351	0.04500000000007276	epochs	1.0
858.0860000610352	2.0	epochs	0.0
860.0860000610352	21.519360000000006	epochs	0.0
860.0860000610352	1.0	epochs	1.0
860.0860000610352	0.5	epochs	-1.0
860.5860000610352	19.998559999999998	epochs	-1.0
861.0860000610352	20.0	epochs	1.0
861.0860000610352	4.356753899999944	epochs	-1.0
861.0860000610352	1.9745871999999736	epochs	2.0
861.0860000610352	1.0985621999999466	epochs	3.0
862.1845622610351	0.8760250000000269	epochs	3.0
863.0605872610352	1.3524075000000266	epochs	2.0
863.0605872610352	0.7286354999999958	epochs	3.0
863.7892227610351	0.6237720000000309	epochs	3.0
864.4129947610352	1.029759199999944	epochs	2.0
864.4129947610352	0.5453292999999348	epochs	3.0
864.9583240610351	0.4844299000000092	epochs	3.0
865.4427539610351	0.8317862000000105	epochs	2.0
865.4427539610351	0.4357763000000432	epochs	3.0
865.8785302610352	0.3960098999999673	epochs	3.0
866.2745401610351	0.6977970000000369	epochs	2.0
866.2745401610351	0.3628982000000178	epochs	3.0
866.6374383610352	0.33489880000001904	epochs	3.0
866.9723371610352	0.601045699999986	epochs	2.0
866.9723371610352	0.3109123000000409	epochs	3.0
867.2832494610352	0.29013339999994514	epochs	3.0
867.5733828610352	0.5278859000000011	epochs	2.0
867.5733828610352	0.2719585999999481	epochs	3.0
867.8453414610351	0.25592730000005304	epochs	3.0
868.1012687610352	0.470619299999953	epochs	2.0
868.1012687610352	0.241681299999982	epochs	3.0
868.3429500610351	0.228937999999971	epochs	3.0
868.5718880610351	0.42457039999999324	epochs	2.0
868.5718880610351	0.21747140000002219	epochs	3.0
868.7893594610351	0.20709899999997106	epochs	3.0
868.9964584610351	0.3867354000000205	epochs	2.0
868.9964584610351	0.19767110000009325	epochs	3.0
869.1941295610352	0.18906429999992724	epochs	3.0
869.3831938610351	0.3550953000000163	epochs	2.0
869.3831938610351	0.18117590000008477	epochs	3.0
869.5643697610352	0.17391939999993156	epochs	3.0
869.7382891610351	0.3282431000000088	epochs	2.0
869.7382891610351	0.1672219000000723	epochs	3.0
869.9055110610352	0.16102119999993647	epochs	3.0
870.0665322610351	0.30516799999998057	epochs	2.0
870.0665322610351	0.15526390000002266	epochs	3.0
870.2217961610352	0.1499040999999579	epochs	3.0
870.3717002610351	0.28512530000000424	epochs	2.0
870.3717002610351	0.1449021000000812	epochs	3.0
870.5166023610352	0.14022319999992305	epochs	3.0
870.6568255610351	0.2675537999999733	epochs	2.0
870.6568255610351	0.1358369000000721	epochs	3.0
870.7926624610352	0.13171689999990122	epochs	3.0
870.9243793610351	0.2520229000000427	epochs	2.0
870.9243793610351	0.1278393000000051	epochs	3.0
871.0522186610351	0.12418360000003759	epochs	3.0
871.1764022610352	0.23819649999995818	epochs	2.0
871.1764022610352	0.12073110000005727	epochs	3.0
871.2971333610352	0.11746539999990091	epochs	3.0
871.4145987610351	0.2258088000000953	epochs	2.0
871.4145987610351	0.11437190000003739	epochs	3.0
871.5289706610351	0.1114369000000579	epochs	3.0
871.6404075610352	0.21464599999990241	epochs	2.0
871.6404075610352	0.10864889999993466	epochs	3.0
871.7490564610351	0.10599709999996776	epochs	3.0
871.8550535610351	0.20453500000007807	epochs	2.0
871.8550535610351	0.10347150000006877	epochs	3.0
871.9585250610352	0.1010635000000093	epochs	3.0
872.0595885610352	0.19533400000000256	epochs	2.0
872.0595885610352	0.09876509999992322	epochs	3.0
872.1583536610351	0.09656890000007934	epochs	3.0
872.2549225610352	0.18692529999998442	epochs	2.0
872.2549225610352	0.09446830000001682	epochs	3.0
872.3493908610352	0.09245699999996759	epochs	3.0
872.4418478610352	0.17921069999999872	epochs	2.0
872.4418478610352	0.09052959999996801	epochs	3.0
872.5323774610351	0.08868110000003071	epochs	3.0
872.6210585610352	0.17210769999996955	epochs	2.0
872.6210585610352	0.08690630000000965	epochs	3.0
872.7079648610352	0.0852013999999599	epochs	3.0
872.7931662610351	0.16554640000003928	epochs	2.0
872.7931662610351	0.08356190000006336	epochs	3.0
872.8767281610352	0.08198449999997592	epochs	3.0
872.9587126610352	0.15946710000002895	epochs	2.0
872.9587126610352	0.08046539999998004	epochs	3.0
873.0391780610352	0.07900170000004891	epochs	3.0
873.1181797610352	0.15381839999997737	epochs	2.0
873.1181797610352	0.07759009999995214	epochs	3.0
873.1957698610352	0.07622830000002523	epochs	3.0
873.2719981610352	0.14855639999996129	epochs	2.0
873.2719981610352	0.07491329999993468	epochs	3.0
873.3469114610351	0.0736431000000266	epochs	3.0
873.4205545610351	0.14364239999997608	epochs	2.0
873.4205545610351	0.07241499999997814	epochs	3.0
873.4929695610351	0.07122739999999794	epochs	3.0
873.5641969610351	0.13904309999998077	epochs	2.0
873.5641969610351	0.07007800000008046	epochs	3.0
873.6342749610352	0.0689650999999003	epochs	3.0
873.7032400610351	0.1347293000000036	epochs	2.0
873.7032400610351	0.0678871000000072	epochs	3.0
873.7711271610351	0.06684219999999641	epochs	3.0
873.8379693610351	0.1306752000000415	epochs	2.0
873.8379693610351	0.06582910000008724	epochs	3.0
873.9037984610352	0.06484609999995428	epochs	3.0
873.9686445610351	0.12685780000003888	epochs	2.0
873.9686445610351	0.06389200000000983	epochs	3.0
874.0325365610352	0.06296580000002905	epochs	3.0
874.0955023610352	0.12325720000001184	epochs	2.0
874.0955023610352	0.062065799999913907	epochs	3.0
874.1575681610351	0.06119140000009793	epochs	3.0
874.2187595610352	0.11985540000000583	epochs	2.0
874.2187595610352	0.060341099999959624	epochs	3.0
874.2791006610352	0.059514300000046205	epochs	3.0
874.3386149610352	0.1166361999999026	epochs	2.0
874.3386149610352	0.058709599999929196	epochs	3.0
874.3973245610351	0.057926599999973405	epochs	3.0
874.4552511610351	0.11358560000007856	epochs	2.0
874.4552511610351	0.05716420000010203	epochs	3.0
874.5124153610352	0.05642139999997653	epochs	3.0
874.5688367610352	0.11069049999991876	epochs	2.0
874.5688367610352	0.05569789999992736	epochs	3.0
874.6245346610351	0.0549925999999914	epochs	3.0
874.6795272610351	0.1079391000000669	epochs	2.0
874.6795272610351	0.05430490000003374	epochs	3.0
874.7338321610351	0.05363420000003316	epochs	3.0
874.7874663610352	0.10532149999994544	epochs	2.0
874.7874663610352	0.05297999999993408	epochs	3.0
874.8404463610351	0.052341500000011365	epochs	3.0
874.8927878610351	0.10282760000006874	epochs	2.0
874.8927878610351	0.05171810000001642	epochs	3.0
874.9445059610351	0.05110950000005232	epochs	3.0
874.9956154610352	0.10044909999999163	epochs	2.0
874.9956154610352	0.05051489999993919	epochs	3.0
875.0461303610351	0.04993420000005244	epochs	3.0
875.0960645610352	0.0981782999999723	epochs	2.0
875.0960645610352	0.04936659999998483	epochs	3.0
875.1454311610352	0.04881169999998747	epochs	3.0
875.1942428610351	0.09600780000005216	epochs	2.0
875.1942428610351	0.04826920000004975	epochs	3.0
875.2425120610352	0.04773860000000241	epochs	3.0
875.2902506610352	0.09393119999992905	epochs	2.0
875.2902506610352	0.04721949999998287	epochs	3.0
875.3374701610352	0.04671169999994618	epochs	3.0
875.3841818610351	0.09194260000003851	epochs	2.0
875.3841818610351	0.046214599999984785	epochs	3.0
875.4303964610351	0.045728000000053726	epochs	3.0
875.4761244610352	0.09003629999995155	epochs	2.0
875.4761244610352	0.045251499999949374	epochs	3.0
875.5213759610351	0.04478480000000218	epochs	3.0
875.5661607610351	0.08820760000003247	epochs	2.0
875.5661607610351	0.044327800000019124	epochs	3.0
875.6104885610351	0.04387980000001335	epochs	3.0
875.6543683610352	0.0864516999999978	epochs	2.0
875.6543683610352	0.04344100000002982	epochs	3.0
875.6978093610352	0.04301069999996798	epochs	3.0
875.7408200610352	0.08476429999996071	epochs	2.0
875.7408200610352	0.04258900000002086	epochs	3.0
875.7834090610352	0.04217529999993985	epochs	3.0
875.8255843610351	0.08314150000001064	epochs	2.0
875.8255843610351	0.04176970000003166	epochs	3.0
875.8673540610351	0.041371799999978975	epochs	3.0
875.9087258610351	0.08157970000002024	epochs	2.0
875.9087258610351	0.04098140000007788	epochs	3.0
875.9497072610352	0.040598299999942355	epochs	3.0
875.9903055610351	0.08007550000002084	epochs	2.0
875.9903055610351	0.04022229999998217	epochs	3.0
876.0305278610351	0.03985320000003867	epochs	3.0
876.0703810610352	0.07862569999997504	epochs	2.0
876.0703810610352	0.0394907999999532	epochs	3.0
876.1098718610351	0.039134900000021844	epochs	3.0
876.1490067610351	0.07722760000001472	epochs	2.0
876.1490067610351	0.038785400000051595	epochs	3.0
876.1877921610352	0.03844219999996312	epochs	3.0
876.2262343610352	0.07587820000003376	epochs	2.0
876.2262343610352	0.038104800000041905	epochs	3.0
876.2643391610352	0.03777339999999185	epochs	3.0
876.3021125610352	0.07457519999991291	epochs	2.0
876.3021125610352	0.03744769999991604	epochs	3.0
876.3395602610351	0.03712749999999687	epochs	3.0
876.3766877610351	0.07331630000010136	epochs	2.0
876.3766877610351	0.0368129000000863	epochs	3.0
876.4135006610352	0.03650340000001506	epochs	3.0
876.4500040610352	0.07209899999998015	epochs	2.0
876.4500040610352	0.03619909999997617	epochs	3.0
876.4862031610352	0.03589990000000398	epochs	3.0
876.5221030610352	0.07092169999998532	epochs	2.0
876.5221030610352	0.03560559999993984	epochs	3.0
876.5577086610351	0.03531610000004548	epochs	3.0
876.5930247610352	0.06978200000003199	epochs	2.0
876.5930247610352	0.03503119999993487	epochs	3.0
876.6280559610351	0.034750800000097115	epochs	3.0
876.6628067610352	0.06867859999999837	epochs	2.0
876.6628067610352	0.03447510000000875	epochs	3.0
876.6972818610352	0.03420349999998962	epochs	3.0
876.7314853610352	0.06760929999995824	epochs	2.0
876.7314853610352	0.033936199999970995	epochs	3.0
876.7654215610352	0.033673099999987244	epochs	3.0
876.7990946610352	0.06657289999998284	epochs	2.0
876.7990946610352	0.03341399999999339	epochs	3.0
876.8325086610351	0.033158899999989444	epochs	3.0
876.8656675610351	0.06556780000005347	epochs	2.0
876.8656675610351	0.032907700000009754	epochs	3.0
876.8985752610351	0.03266010000004371	epochs	3.0
876.9312353610352	0.06459259999996902	epochs	2.0
876.9312353610352	0.032416399999988244	epochs	3.0
876.9636517610352	0.03217619999998078	epochs	3.0
876.9958279610352	0.0636459999999488	epochs	2.0
876.9958279610352	0.03193959999998697	epochs	3.0
877.0277675610351	0.03170639999996183	epochs	3.0
877.0594739610351	0.06272670000009839	epochs	2.0
877.0594739610351	0.03147660000001906	epochs	3.0
877.0909505610351	0.03125010000007933	epochs	3.0
877.1222006610352	0.06183359999999993	epochs	2.0
877.1222006610352	0.03102689999991526	epochs	3.0
877.1532275610351	0.030806700000084675	epochs	3.0
877.1840342610352	0.060965599999917686	epochs	2.0
877.1840342610352	0.030589799999916067	epochs	3.0
877.2146240610351	0.030375800000001618	epochs	3.0
877.2449998610351	0.06012160000000222	epochs	2.0
877.2449998610351	0.030164900000045236	epochs	3.0
877.2751647610352	0.02995669999995698	epochs	3.0
877.3051214610351	0.05930069999999432	epochs	2.0
877.3051214610351	0.029751600000054168	epochs	3.0
877.3348730610352	0.029549099999940154	epochs	3.0
877.3644221610351	0.05850180000004457	epochs	2.0
877.3644221610351	0.02934940000000097	epochs	3.0
877.3937715610351	0.0291524000000436	epochs	3.0
877.4229239610352	0.05772419999993872	epochs	2.0
877.4229239610352	0.028957999999988715	epochs	3.0
877.4518819610352	0.028766199999950004	epochs	3.0
877.4806481610351	0.05696710000006533	epochs	2.0
877.4806481610351	0.028577000000041153	epochs	3.0
877.5092251610351	0.028390100000024177	epochs	3.0
877.5376152610352	0.05622949999997218	epochs	2.0
877.5376152610352	0.028205699999944045	epochs	3.0
877.5658209610351	0.028023800000028132	epochs	3.0
877.5938447610351	0.05551070000001346	epochs	2.0
877.5938447610351	0.027843999999959124	epochs	3.0
877.6216887610351	0.027666700000054334	epochs	3.0
877.6493554610352	0.054810200000019904	epochs	2.0
877.6493554610352	0.02749149999999645	epochs	3.0
877.6768469610352	0.027318700000023455	epochs	3.0
877.7041656610352	0.05412699999999404	epochs	2.0
877.7041656610352	0.027147799999966082	epochs	3.0
877.7313134610351	0.02697920000002796	epochs	3.0
877.7582926610352	0.053460699999959616	epochs	2.0
877.7582926610352	0.0268125999999711	epochs	3.0
877.7851052610351	0.026648099999988517	epochs	3.0
877.8117533610351	0.05281070000000909	epochs	2.0
877.8117533610351	0.026485600000000886	epochs	3.0
877.8382389610351	0.026325100000008206	epochs	3.0
877.8645640610351	0.05217619999996259	epochs	2.0
877.8645640610351	0.026166399999965506	epochs	3.0
877.8907304610351	0.026009799999997085	epochs	3.0
877.9167402610351	0.05155670000010559	epochs	2.0
877.9167402610351	0.025854800000047362	epochs	3.0
877.9425950610351	0.02570190000005823	epochs	3.0
877.9682969610352	0.05095189999997274	epochs	2.0
877.9682969610352	0.025550699999939752	epochs	3.0
877.9938476610351	0.025401200000032986	epochs	3.0
878.0192488610352	0.05036099999995258	epochs	2.0
878.0192488610352	0.025253499999962514	epochs	3.0
878.0445023610351	0.02510749999999007	epochs	3.0
878.0696098610351	0.049783800000000156	epochs	2.0
878.0696098610351	0.02496320000000196	epochs	3.0
878.0945730610351	0.024820599999998194	epochs	3.0
878.1193936610351	0.049219500000049266	epochs	2.0
878.1193936610351	0.02467940000008184	epochs	3.0
878.1440730610352	0.024540099999967424	epochs	3.0
878.1686131610352	0.048667899999941255	epochs	2.0
878.1686131610352	0.02440209999997478	epochs	3.0
878.1930152610352	0.024265799999966475	epochs	3.0
878.2172810610351	0.04812860000004093	epochs	2.0
878.2172810610351	0.024131000000011227	epochs	3.0
878.2414120610351	0.023997600000029706	epochs	3.0
878.2654096610352	0.04760109999995166	epochs	2.0
878.2654096610352	0.023865799999953197	epochs	3.0
878.2892754610351	0.02373529999999846	epochs	3.0
878.3130107610351	0.047085000000038235	epochs	2.0
878.3130107610351	0.02360630000009678	epochs	3.0
878.3366170610352	0.023478699999941455	epochs	3.0
878.3600957610352	0.046579999999948996	epochs	2.0
878.3600957610352	0.02335249999998723	epochs	3.0
878.3834482610351	0.023227499999961765	epochs	3.0
878.4066757610351	0.046085700000048746	epochs	2.0
878.4066757610351	0.023104000000103042	epochs	3.0
878.4297797610352	0.022981699999945704	epochs	3.0
878.4527614610352	0.045601799999985815	epochs	2.0
878.4527614610352	0.022860700000023826	epochs	3.0
878.4756221610352	0.02274109999996199	epochs	3.0
878.4983632610351	0.04512790000001132	epochs	2.0
878.4983632610351	0.022622500000011314	epochs	3.0
878.5209857610351	0.02250540000000001	epochs	3.0
878.5434911610351	0.044663799999966614	epochs	2.0
878.5434911610351	0.02238929999998618	epochs	3.0
878.5658804610351	0.022274499999980435	epochs	3.0
878.5881549610351	0.04420920000006845	epochs	2.0
878.5881549610351	0.022160800000051495	epochs	3.0
878.6103157610352	0.022048400000016954	epochs	3.0
878.6323641610352	0.04376359999992019	epochs	2.0
878.6323641610352	0.021936900000014248	epochs	3.0
878.6543010610352	0.02182669999990594	epochs	3.0
878.6761277610351	0.04332710000005591	epochs	2.0
878.6761277610351	0.02171760000010181	epochs	3.0
878.6978453610352	0.021609499999954096	epochs	3.0
878.7194548610352	0.04289900000003399	epochs	2.0
878.7194548610352	0.02150249999999687	epochs	3.0
878.7409573610352	0.021396500000037122	epochs	3.0
878.7623538610352	0.042479500000013104	epochs	2.0
878.7623538610352	0.02129170000000613	epochs	3.0
878.7836455610352	0.021187800000006973	epochs	3.0
878.8048333610352	0.04206789999989269	epochs	2.0
878.8048333610352	0.02108490000000529	epochs	3.0
878.8259182610352	0.020982999999887397	epochs	3.0
878.8469012610351	0.04166440000005878	epochs	2.0
878.8469012610351	0.02088220000007368	epochs	3.0
878.8677834610352	0.020782199999985096	epochs	3.0
878.8885656610352	0.04126850000000104	epochs	2.0
878.8885656610352	0.020683299999973315	epochs	3.0
878.9092489610351	0.020585200000027726	epochs	3.0
878.9298341610352	0.04088000000001557	epochs	2.0
878.9298341610352	0.020488099999965925	epochs	3.0
878.9503222610351	0.020391900000049645	epochs	3.0
878.9707141610352	0.04049880000002304	epochs	2.0
878.9707141610352	0.020296599999937825	epochs	3.0
878.9910107610351	0.020202200000085213	epochs	3.0
879.0112129610352	0.040124599999899146	epochs	2.0
879.0112129610352	0.020108699999923374	epochs	3.0
879.0313216610351	0.020015899999975773	epochs	3.0
879.0513375610351	0.03975730000001931	epochs	2.0
879.0513375610351	0.019924200000104975	epochs	3.0
879.0712617610352	0.01983309999991434	epochs	3.0
879.0910948610351	0.03939669999999751	epochs	2.0
879.0910948610351	0.01974300000006224	epochs	3.0
879.1108378610352	0.01965369999993527	epochs	3.0
879.1304915610351	0.039042400000084854	epochs	2.0
879.1304915610351	0.01956510000002254	epochs	3.0
879.1500566610351	0.019477300000062314	epochs	3.0
879.1695339610352	0.03869459999998526	epochs	2.0
879.1695339610352	0.01939039999990655	epochs	3.0
879.1889243610351	0.01930420000007871	epochs	3.0
879.2082285610352	0.03835289999994984	epochs	2.0
879.2082285610352	0.019218799999976	epochs	3.0
879.2274473610352	0.01913409999997384	epochs	3.0
879.2465814610351	0.03801720000001296	epochs	2.0
879.2465814610351	0.019050200000037876	epochs	3.0
879.2656316610352	0.018966999999975087	epochs	3.0
879.2845986610351	0.037687200000050325	epochs	2.0
879.2845986610351	0.01888450000001285	epochs	3.0
879.3034831610352	0.018802700000037476	epochs	3.0
879.3222858610352	0.03736309999999321	epochs	2.0
879.3222858610352	0.018721700000014607	epochs	3.0
879.3410075610352	0.018641399999978603	epochs	3.0
879.3596489610352	0.03704429999993408	epochs	2.0
879.3596489610352	0.01856159999999818	epochs	3.0
879.3782105610352	0.018482699999935903	epochs	3.0
879.3966932610351	0.0367310000000316	epochs	2.0
879.3966932610351	0.018404300000042895	epochs	3.0
879.4150975610352	0.018326699999988705	epochs	3.0
879.4334242610352	0.036422900000047775	epochs	2.0
879.4334242610352	0.018249599999990096	epochs	3.0
879.4516738610351	0.01817330000005768	epochs	3.0
879.4698471610352	0.03612009999994825	epochs	2.0
879.4698471610352	0.01809759999991911	epochs	3.0
879.4879447610351	0.01802250000002914	epochs	3.0
879.5059672610352	0.03582210000001851	epochs	2.0
879.5059672610352	0.017947899999967376	epochs	3.0
879.5239151610351	0.017874200000051133	epochs	3.0
879.5417893610352	0.03552899999999681	epochs	2.0
879.5417893610352	0.017800800000031813	epochs	3.0
879.5595901610352	0.017728199999965	epochs	3.0
879.5773183610352	0.03524070000003121	epochs	2.0
879.5773183610352	0.017656099999953767	epochs	3.0
879.5949744610351	0.017584600000077444	epochs	3.0
879.6125590610352	0.03495709999992869	epochs	2.0
879.6125590610352	0.01751369999999497	epochs	3.0
879.6300727610352	0.017443399999933717	epochs	3.0
879.6475161610351	0.03467790000001969	epochs	2.0
879.6475161610351	0.017373600000041733	epochs	3.0
879.6648897610352	0.017304299999977957	epochs	3.0
879.6821940610351	0.03440330000000813	epochs	2.0
879.6821940610351	0.01723570000001473	epochs	3.0
879.6994297610352	0.0171675999999934	epochs	3.0
879.7165973610352	0.03413279999995211	epochs	2.0
879.7165973610352	0.01709989999994832	epochs	3.0
879.7336972610351	0.017032900000003792	epochs	3.0
879.7507301610351	0.03386670000008962	epochs	2.0
879.7507301610351	0.01696640000000116	epochs	3.0
879.7676965610351	0.016900300000088464	epochs	3.0
879.7845968610352	0.03360459999998966	epochs	2.0
879.7845968610352	0.01683479999996962	epochs	3.0
879.8014316610352	0.01676980000002004	epochs	3.0
879.8182014610352	0.033346599999958926	epochs	2.0
879.8182014610352	0.016705300000012357	epochs	3.0
879.8349067610352	0.01664129999994657	epochs	3.0
879.8515480610351	0.03309250000006614	epochs	2.0
879.8515480610351	0.016577800000050047	epochs	3.0
879.8681258610352	0.01651470000001609	epochs	3.0
879.8846405610352	0.03284229999997024	epochs	2.0
879.8846405610352	0.016452199999889672	epochs	3.0
879.9010927610351	0.016390100000080565	epochs	3.0
879.9174828610352	0.03259570000000167	epochs	2.0
879.9174828610352	0.016328400000020338	epochs	3.0
879.9338112610352	0.016267299999981333	epochs	3.0
879.9500785610352	0.032352899999978035	epochs	2.0
879.9500785610352	0.01620659999991858	epochs	3.0
879.9662851610351	0.016146300000059455	epochs	3.0
879.9824314610352	0.03211369999996805	epochs	2.0
879.9824314610352	0.016086599999994178	epochs	3.0
879.9985180610352	0.01602709999997387	epochs	3.0
880.0145451610351	0.03187800000000607	epochs	2.0
880.0145451610351	0.015968199999974786	epochs	3.0
880.0305133610351	0.015909800000031282	epochs	3.0
880.0464231610351	0.031645700000012766	epochs	2.0
880.0464231610351	0.01585160000001906	epochs	3.0
880.0622747610352	0.015794099999993705	epochs	3.0
880.0780688610351	0.0314167000000225	epochs	2.0
880.0780688610351	0.015736700000047676	epochs	3.0
880.0938055610352	0.015679999999974825	epochs	3.0
880.1094855610352	0.031191100000000915	epochs	2.0
880.1094855610352	0.015623600000026272	epochs	3.0
880.1251091610352	0.015567499999974643	epochs	3.0
880.1406766610352	0.030968700000016725	epochs	2.0
880.1406766610352	0.015511999999944237	epochs	3.0
880.1561886610351	0.015456700000072487	epochs	3.0
880.1716453610352	0.030749499999956242	epochs	2.0
880.1716453610352	0.015401999999994587	epochs	3.0
880.1870473610352	0.015347499999961656	epochs	3.0
880.2023948610351	0.03053320000003623	epochs	2.0
880.2023948610351	0.015293400000018664	epochs	3.0
880.2176882610352	0.015239800000017567	epochs	3.0
880.2329280610352	0.030320099999926242	epochs	2.0
880.2329280610352	0.015186500000027081	epochs	3.0
880.2481145610352	0.015133599999899161	epochs	3.0
880.2632481610351	0.03010990000007041	epochs	2.0
880.2632481610351	0.015081000000009226	epochs	3.0
880.2783291610351	0.015028900000061185	epochs	3.0
880.2933580610352	0.029902499999934662	epochs	2.0
880.2933580610352	0.01497699999993074	epochs	3.0
880.3083350610351	0.014925500000003922	epochs	3.0
880.3232605610351	0.029698100000018712	epochs	2.0
880.3232605610351	0.014874400000053356	epochs	3.0
880.3381349610352	0.014823699999965356	epochs	3.0
880.3529586610351	0.02949630000000525	epochs	2.0
880.3529586610351	0.014773200000036013	epochs	3.0
880.3677318610352	0.014723099999969236	epochs	3.0
880.3824549610351	0.02929740000001857	epochs	2.0
880.3824549610351	0.014673399999992398	epochs	3.0
880.3971283610351	0.014624000000026172	epochs	3.0
880.4117523610352	0.029101100000048064	epochs	2.0
880.4117523610352	0.01457489999995687	epochs	3.0
880.4263272610351	0.014526200000091194	epochs	3.0
880.4408534610352	0.028907399999980044	epochs	2.0
880.4408534610352	0.014477699999929428	epochs	3.0
880.4553311610351	0.014429700000050616	epochs	3.0
880.4697608610352	0.028716199999962555	epochs	2.0
880.4697608610352	0.014381800000023759	epochs	3.0
880.4841426610352	0.014334399999938796	epochs	3.0
880.4984770610351	0.02852759999996124	epochs	2.0
880.4984770610351	0.01428720000001249	epochs	3.0
880.5127642610352	0.01424039999994875	epochs	3.0
880.5270046610351	0.028341400000044814	epochs	2.0
880.5270046610351	0.014193800000043666	epochs	3.0
880.5411984610352	0.014147600000001148	epochs	3.0
880.5553460610352	0.028157699999951546	epochs	2.0
880.5553460610352	0.014101699999969242	epochs	3.0
880.5694477610351	0.014055999999982305	epochs	3.0
880.5835037610351	0.027976300000091214	epochs	2.0
880.5835037610351	0.01401060000000598	epochs	3.0
880.5975143610351	0.013965700000085235	epochs	3.0
880.6114800610352	0.02779720000000907	epochs	2.0
880.6114800610352	0.013920799999937117	epochs	3.0
880.6254008610351	0.013876400000071953	epochs	3.0
880.6392772610352	0.027620399999932488	epochs	2.0
880.6392772610352	0.0138321999999107	epochs	3.0
880.6531094610351	0.013788200000021789	epochs	3.0
880.6668976610351	0.027445899999975154	epochs	2.0
880.6668976610351	0.013744599999995444	epochs	3.0
880.6806422610351	0.01370129999997971	epochs	3.0
880.6943435610351	0.0272735000000921	epochs	2.0
880.6943435610351	0.013658200000008947	epochs	3.0
880.7080017610351	0.013615300000083153	epochs	3.0
880.7216170610352	0.027103399999987232	epochs	2.0
880.7216170610352	0.013572799999906238	epochs	3.0
880.7351898610351	0.013530600000080995	epochs	3.0
880.7487204610352	0.026935199999911674	epochs	2.0
880.7487204610352	0.01348839999991469	epochs	3.0
880.7622088610351	0.013446799999996983	epochs	3.0
880.7756556610351	0.02676920000010341	epochs	2.0
880.7756556610351	0.013405200000079276	epochs	3.0
880.7890608610352	0.013364000000024134	epochs	3.0
880.8024248610352	0.026605199999949036	epochs	2.0
880.8024248610352	0.013322899999934634	epochs	3.0
880.8157477610351	0.013282300000014402	epochs	3.0
880.8290300610352	0.026443200000016986	epochs	2.0
880.8290300610352	0.013241699999980483	epochs	3.0
880.8422717610351	0.013201500000036503	epochs	3.0
880.8554732610352	0.0262831999999662	epochs	2.0
880.8554732610352	0.013161500000023807	epochs	3.0
880.8686347610352	0.013121699999942393	epochs	3.0
880.8817564610351	0.02612499999997908	epochs	2.0
880.8817564610351	0.013082100000019636	epochs	3.0
880.8948385610352	0.013042899999959445	epochs	3.0
880.9078814610351	0.025968900000066242	epochs	2.0
880.9078814610351	0.01300390000005791	epochs	3.0
880.9208853610352	0.012965000000008331	epochs	3.0
880.9338503610352	0.025814500000024054	epochs	2.0
880.9338503610352	0.012926399999969362	epochs	3.0
880.9467767610352	0.012888100000054692	epochs	3.0
880.9596648610352	0.025661899999931848	epochs	2.0
880.9596648610352	0.012849899999991976	epochs	3.0
880.9725147610352	0.012811999999939871	epochs	3.0
880.9853267610351	0.025511199999982637	epochs	2.0
880.9853267610351	0.012774400000012065	epochs	3.0
880.9981011610352	0.012736799999970572	epochs	3.0
881.0108379610351	0.025362299999983406	epochs	2.0
881.0108379610351	0.01269969999998466	epochs	3.0
881.0235376610351	0.012662599999998747	epochs	3.0
881.0362002610351	0.025215000000002874	epochs	2.0
881.0362002610351	0.012625800000023446	epochs	3.0
881.0488260610351	0.012589199999979428	epochs	3.0
881.0614152610351	0.024584800000070572	epochs	2.0
881.0845600610352	0.5	epochs	-1.0
881.0860000610352	0.519360000000006	epochs	1.0
881.6053600610352	0.48055999999996857	epochs	0.0
904.3090000152588	0.10000000000002274	epochs	0.0
904.3090000152588	0.04499999999995907	epochs	1.0
904.3540000152587	0.009999999999990905	epochs	1.0
904.3640000152587	0.04500000000007276	epochs	1.0
904.4090000152588	2.0	epochs	0.0
906.4090000152588	5.399919999999952	epochs	0.0
906.4090000152588	1.0	epochs	1.0
906.4090000152588	0.5	epochs	-1.0
906.9090000152588	4.899919999999952	epochs	-1.0
907.4090000152588	4.399919999999952	epochs	1.0
907.4090000152588	4.356753899999944	epochs	-1.0
907.4090000152588	1.9745871999999736	epochs	2.0
907.4090000152588	1.0985621999999466	epochs	3.0
908.5075622152588	0.8760250000000269	epochs	3.0
909.3835872152588	1.3524075000000266	epochs	2.0
909.3835872152588	0.7286354999999958	epochs	3.0
910.1122227152588	0.6237720000000309	epochs	3.0
910.7359947152588	1.029759199999944	epochs	2.0
910.7359947152588	0.5453292999999348	epochs	3.0
911.2813240152587	0.4844299000000092	epochs	3.0
911.7657539152588	0.043166100000007646	epochs	2.0
911.7657539152588	0.043166100000007646	epochs	3.0
911.8089200152588	16.600000000000023	epochs	0.0
912.6760001182556	0.10000000000002274	epochs	0.0
912.6760001182556	0.04499999999995907	epochs	1.0
912.7210001182556	0.009999999999990905	epochs	1.0
912.7310001182556	0.04500000000007276	epochs	1.0
912.7760001182556	2.0	epochs	0.0
914.7760001182556	21.999919999999975	epochs	0.0
914.7760001182556	1.0	epochs	1.0
914.7760001182556	0.5	epochs	-1.0
915.2760001182556	19.998399999999947	epochs	-1.0
915.7760001182556	20.0	epochs	1.0
915.7760001182556	4.356753899999944	epochs	-1.0
915.7760001182556	1.9745871999999736	epochs	2.0
915.7760001182556	1.0985621999999466	epochs	3.0
916.8745623182556	0.8760250000000269	epochs	3.0
917.7505873182556	1.3524075000000266	epochs	2.0
917.7505873182556	0.7286354999999958	epochs	3.0
918.4792228182556	0.6237720000000309	epochs	3.0
919.1029948182556	1.029759199999944	epochs	2.0
919.1029948182556	0.5453292999999348	epochs	3.0
919.6483241182556	0.4844299000000092	epochs	3.0
920.1327540182556	0.8317862000000105	epochs	2.0
920.1327540182556	0.4357763000000432	epochs	3.0
920.5685303182556	0.3960098999999673	epochs	3.0
920.9645402182556	0.6977970000000369	epochs	2.0
920.9645402182556	0.3628982000000178	epochs	3.0
921.3274384182556	0.33489880000001904	epochs	3.0
921.6623372182556	0.601045699999986	epochs	2.0
921.6623372182556	0.3109123000000409	epochs	3.0
921.9732495182557	0.29013339999994514	epochs	3.0
922.2633829182556	0.5278859000000011	epochs	2.0
922.2633829182556	0.2719585999999481	epochs	3.0
922.5353415182556	0.25592730000005304	epochs	3.0
922.7912688182556	0.470619299999953	epochs	2.0
922.7912688182556	0.241681299999982	epochs	3.0
923.0329501182556	0.228937999999971	epochs	3.0
923.2618881182556	0.42457039999999324	epochs	2.0
923.2618881182556	0.21747140000002219	epochs	3.0
923.4793595182556	0.20709899999997106	epochs	3.0
923.6864585182556	0.3867354000000205	epochs	2.0
923.6864585182556	0.19767110000009325	epochs	3.0
923.8841296182557	0.18906429999992724	epochs	3.0
924.0731939182556	0.3550953000000163	epochs	2.0
924.0731939182556	0.18117590000008477	epochs	3.0
924.2543698182557	0.17391939999993156	epochs	3.0
924.4282892182556	0.3282431000000088	epochs	2.0
924.4282892182556	0.1672219000000723	epochs	3.0
924.5955111182557	0.16102119999993647	epochs	3.0
924.7565323182556	0.30516799999998057	epochs	2.0
924.7565323182556	0.15526390000002266	epochs	3.0
924.9117962182556	0.1499040999999579	epochs	3.0
925.0617003182556	0.28512530000000424	epochs	2.0
925.0617003182556	0.1449021000000812	epochs	3.0
925.2066024182557	0.14022319999992305	epochs	3.0
925.3468256182556	0.2675537999999733	epochs	2.0
925.3468256182556	0.1358369000000721	epochs	3.0
925.4826625182557	0.13171689999990122	epochs	3.0
925.6143794182556	0.2520229000000427	epochs	2.0
925.6143794182556	0.1278393000000051	epochs	3.0
925.7422187182556	0.12418360000003759	epochs	3.0
925.8664023182556	0.23819649999995818	epochs	2.0
925.8664023182556	0.12073110000005727	epochs	3.0
925.9871334182557	0.11746539999990091	epochs	3.0
926.1045988182556	0.2258088000000953	epochs	2.0
926.1045988182556	0.11437190000003739	epochs	3.0
926.2189707182556	0.1114369000000579	epochs	3.0
926.3304076182557	0.21464599999990241	epochs	2.0
926.3304076182557	0.10864889999993466	epochs	3.0
926.4390565182556	0.10599709999996776	epochs	3.0
926.5450536182556	0.20453500000007807	epochs	2.0
926.5450536182556	0.10347150000006877	epochs	3.0
926.6485251182556	0.1010635000000093	epochs	3.0
926.7495886182556	0.19533400000000256	epochs	2.0
926.7495886182556	0.09876509999992322	epochs	3.0
926.8483537182556	0.09656890000007934	epochs	3.0
926.9449226182556	0.18692529999998442	epochs	2.0
926.9449226182556	0.09446830000001682	epochs	3.0
927.0393909182557	0.09245699999996759	epochs	3.0
927.1318479182556	0.17921069999999872	epochs	2.0
927.1318479182556	0.09052959999996801	epochs	3.0
927.2223775182556	0.08868110000003071	epochs	3.0
927.3110586182556	0.17210769999996955	epochs	2.0
927.3110586182556	0.08690630000000965	epochs	3.0
927.3979649182556	0.0852013999999599	epochs	3.0
927.4831663182556	0.16554640000003928	epochs	2.0
927.4831663182556	0.08356190000006336	epochs	3.0
927.5667282182557	0.08198449999997592	epochs	3.0
927.6487127182556	0.15946710000002895	epochs	2.0
927.6487127182556	0.08046539999998004	epochs	3.0
927.7291781182556	0.07900170000004891	epochs	3.0
927.8081798182557	0.15381839999997737	epochs	2.0
927.8081798182557	0.07759009999995214	epochs	3.0
927.8857699182556	0.07622830000002523	epochs	3.0
927.9619982182556	0.14855639999996129	epochs	2.0
927.9619982182556	0.07491329999993468	epochs	3.0
928.0369115182556	0.0736431000000266	epochs	3.0
928.1105546182556	0.14364239999997608	epochs	2.0
928.1105546182556	0.07241499999997814	epochs	3.0
928.1829696182556	0.07122739999999794	epochs	3.0
928.2541970182556	0.13904309999998077	epochs	2.0
928.2541970182556	0.07007800000008046	epochs	3.0
928.3242750182557	0.0689650999999003	epochs	3.0
928.3932401182556	0.1347293000000036	epochs	2.0
928.3932401182556	0.0678871000000072	epochs	3.0
928.4611272182556	0.06684219999999641	epochs	3.0
928.5279694182556	0.1306752000000415	epochs	2.0
928.5279694182556	0.06582910000008724	epochs	3.0
928.5937985182557	0.06484609999995428	epochs	3.0
928.6586446182556	0.12685780000003888	epochs	2.0
928.6586446182556	0.06389200000000983	epochs	3.0
928.7225366182556	0.06296580000002905	epochs	3.0
928.7855024182556	0.12325720000001184	epochs	2.0
928.7855024182556	0.062065799999913907	epochs	3.0
928.8475682182556	0.06119140000009793	epochs	3.0
928.9087596182557	0.11985540000000583	epochs	2.0
928.9087596182557	0.060341099999959624	epochs	3.0
928.9691007182556	0.059514300000046205	epochs	3.0
929.0286150182557	0.1166361999999026	epochs	2.0
929.0286150182557	0.058709599999929196	epochs	3.0
929.0873246182556	0.057926599999973405	epochs	3.0
929.1452512182556	0.11358560000007856	epochs	2.0
929.1452512182556	0.05716420000010203	epochs	3.0
929.2024154182557	0.05642139999997653	epochs	3.0
929.2588368182556	0.11069049999991876	epochs	2.0
929.2588368182556	0.05569789999992736	epochs	3.0
929.3145347182556	0.0549925999999914	epochs	3.0
929.3695273182556	0.1079391000000669	epochs	2.0
929.3695273182556	0.05430490000003374	epochs	3.0
929.4238322182556	0.05363420000003316	epochs	3.0
929.4774664182556	0.10532149999994544	epochs	2.0
929.4774664182556	0.05297999999993408	epochs	3.0
929.5304464182556	0.052341500000011365	epochs	3.0
929.5827879182556	0.10282760000006874	epochs	2.0
929.5827879182556	0.05171810000001642	epochs	3.0
929.6345060182556	0.05110950000005232	epochs	3.0
929.6856155182556	0.10044909999999163	epochs	2.0
929.6856155182556	0.05051489999993919	epochs	3.0
929.7361304182556	0.04993420000005244	epochs	3.0
929.7860646182556	0.0981782999999723	epochs	2.0
929.7860646182556	0.04936659999998483	epochs	3.0
929.8354312182556	0.04881169999998747	epochs	3.0
929.8842429182556	0.09600780000005216	epochs	2.0
929.8842429182556	0.04826920000004975	epochs	3.0
929.9325121182557	0.04773860000000241	epochs	3.0
929.9802507182557	0.09393119999992905	epochs	2.0
929.9802507182557	0.04721949999998287	epochs	3.0
930.0274702182556	0.04671169999994618	epochs	3.0
930.0741819182556	0.09194260000003851	epochs	2.0
930.0741819182556	0.046214599999984785	epochs	3.0
930.1203965182556	0.045728000000053726	epochs	3.0
930.1661245182556	0.09003629999995155	epochs	2.0
930.1661245182556	0.045251499999949374	epochs	3.0
930.2113760182556	0.04478480000000218	epochs	3.0
930.2561608182556	0.08820760000003247	epochs	2.0
930.2561608182556	0.044327800000019124	epochs	3.0
930.3004886182556	0.04387980000001335	epochs	3.0
930.3443684182556	0.0864516999999978	epochs	2.0
930.3443684182556	0.04344100000002982	epochs	3.0
930.3878094182556	0.04301069999996798	epochs	3.0
930.4308201182556	0.08476429999996071	epochs	2.0
930.4308201182556	0.04258900000002086	epochs	3.0
930.4734091182556	0.04217529999993985	epochs	3.0
930.5155844182556	0.08314150000001064	epochs	2.0
930.5155844182556	0.04176970000003166	epochs	3.0
930.5573541182556	0.041371799999978975	epochs	3.0
930.5987259182556	0.08157970000002024	epochs	2.0
930.5987259182556	0.04098140000007788	epochs	3.0
930.6397073182557	0.040598299999942355	epochs	3.0
930.6803056182556	0.08007550000002084	epochs	2.0
930.6803056182556	0.04022229999998217	epochs	3.0
930.7205279182556	0.03985320000003867	epochs	3.0
930.7603811182556	0.07862569999997504	epochs	2.0
930.7603811182556	0.0394907999999532	epochs	3.0
930.7998719182556	0.039134900000021844	epochs	3.0
930.8390068182556	0.07722760000001472	epochs	2.0
930.8390068182556	0.038785400000051595	epochs	3.0
930.8777922182556	0.03844219999996312	epochs	3.0
930.9162344182556	0.07587820000003376	epochs	2.0
930.9162344182556	0.038104800000041905	epochs	3.0
930.9543392182557	0.03777339999999185	epochs	3.0
930.9921126182556	0.07457519999991291	epochs	2.0
930.9921126182556	0.03744769999991604	epochs	3.0
931.0295603182556	0.03712749999999687	epochs	3.0
931.0666878182556	0.07331630000010136	epochs	2.0
931.0666878182556	0.0368129000000863	epochs	3.0
931.1035007182556	0.03650340000001506	epochs	3.0
931.1400041182557	0.07209899999998015	epochs	2.0
931.1400041182557	0.03619909999997617	epochs	3.0
931.1762032182556	0.03589990000000398	epochs	3.0
931.2121031182556	0.07092169999998532	epochs	2.0
931.2121031182556	0.03560559999993984	epochs	3.0
931.2477087182556	0.03531610000004548	epochs	3.0
931.2830248182556	0.06978200000003199	epochs	2.0
931.2830248182556	0.03503119999993487	epochs	3.0
931.3180560182556	0.034750800000097115	epochs	3.0
931.3528068182557	0.06867859999999837	epochs	2.0
931.3528068182557	0.03447510000000875	epochs	3.0
931.3872819182557	0.03420349999998962	epochs	3.0
931.4214854182557	0.06760929999995824	epochs	2.0
931.4214854182557	0.033936199999970995	epochs	3.0
931.4554216182556	0.033673099999987244	epochs	3.0
931.4890947182556	0.06657289999998284	epochs	2.0
931.4890947182556	0.03341399999999339	epochs	3.0
931.5225087182556	0.033158899999989444	epochs	3.0
931.5556676182556	0.06556780000005347	epochs	2.0
931.5556676182556	0.032907700000009754	epochs	3.0
931.5885753182556	0.03266010000004371	epochs	3.0
931.6212354182557	0.06459259999996902	epochs	2.0
931.6212354182557	0.032416399999988244	epochs	3.0
931.6536518182556	0.03217619999998078	epochs	3.0
931.6858280182556	0.0636459999999488	epochs	2.0
931.6858280182556	0.03193959999998697	epochs	3.0
931.7177676182556	0.03170639999996183	epochs	3.0
931.7494740182556	0.06272670000009839	epochs	2.0
931.7494740182556	0.03147660000001906	epochs	3.0
931.7809506182556	0.03125010000007933	epochs	3.0
931.8122007182557	0.06183359999999993	epochs	2.0
931.8122007182557	0.03102689999991526	epochs	3.0
931.8432276182556	0.030806700000084675	epochs	3.0
931.8740343182557	0.060965599999917686	epochs	2.0
931.8740343182557	0.030589799999916067	epochs	3.0
931.9046241182556	0.030375800000001618	epochs	3.0
931.9349999182556	0.06012160000000222	epochs	2.0
931.9349999182556	0.030164900000045236	epochs	3.0
931.9651648182556	0.02995669999995698	epochs	3.0
931.9951215182556	0.05930069999999432	epochs	2.0
931.9951215182556	0.029751600000054168	epochs	3.0
932.0248731182556	0.029549099999940154	epochs	3.0
932.0544222182556	0.05850180000004457	epochs	2.0
932.0544222182556	0.02934940000000097	epochs	3.0
932.0837716182556	0.0291524000000436	epochs	3.0
932.1129240182556	0.05772419999993872	epochs	2.0
932.1129240182556	0.028957999999988715	epochs	3.0
932.1418820182556	0.028766199999950004	epochs	3.0
932.1706482182556	0.05696710000006533	epochs	2.0
932.1706482182556	0.028577000000041153	epochs	3.0
932.1992252182556	0.028390100000024177	epochs	3.0
932.2276153182556	0.05622949999997218	epochs	2.0
932.2276153182556	0.028205699999944045	epochs	3.0
932.2558210182556	0.028023800000028132	epochs	3.0
932.2838448182556	0.05551070000001346	epochs	2.0
932.2838448182556	0.027843999999959124	epochs	3.0
932.3116888182556	0.027666700000054334	epochs	3.0
932.3393555182556	0.054810200000019904	epochs	2.0
932.3393555182556	0.02749149999999645	epochs	3.0
932.3668470182556	0.027318700000023455	epochs	3.0
932.3941657182556	0.05412699999999404	epochs	2.0
932.3941657182556	0.027147799999966082	epochs	3.0
932.4213135182556	0.02697920000002796	epochs	3.0
932.4482927182556	0.053460699999959616	epochs	2.0
932.4482927182556	0.0268125999999711	epochs	3.0
932.4751053182556	0.026648099999988517	epochs	3.0
932.5017534182556	0.05281070000000909	epochs	2.0
932.5017534182556	0.026485600000000886	epochs	3.0
932.5282390182556	0.026325100000008206	epochs	3.0
932.5545641182556	0.05217619999996259	epochs	2.0
932.5545641182556	0.026166399999965506	epochs	3.0
932.5807305182556	0.026009799999997085	epochs	3.0
932.6067403182556	0.05155670000010559	epochs	2.0
932.6067403182556	0.025854800000047362	epochs	3.0
932.6325951182556	0.02570190000005823	epochs	3.0
932.6582970182557	0.05095189999997274	epochs	2.0
932.6582970182557	0.025550699999939752	epochs	3.0
932.6838477182556	0.025401200000032986	epochs	3.0
932.7092489182556	0.05036099999995258	epochs	2.0
932.7092489182556	0.025253499999962514	epochs	3.0
932.7345024182556	0.02510749999999007	epochs	3.0
932.7596099182556	0.049783800000000156	epochs	2.0
932.7596099182556	0.02496320000000196	epochs	3.0
932.7845731182556	0.024820599999998194	epochs	3.0
932.8093937182556	0.049219500000049266	epochs	2.0
932.8093937182556	0.02467940000008184	epochs	3.0
932.8340731182557	0.024540099999967424	epochs	3.0
932.8586132182556	0.048667899999941255	epochs	2.0
932.8586132182556	0.02440209999997478	epochs	3.0
932.8830153182556	0.024265799999966475	epochs	3.0
932.9072811182556	0.04812860000004093	epochs	2.0
932.9072811182556	0.024131000000011227	epochs	3.0
932.9314121182556	0.023997600000029706	epochs	3.0
932.9554097182556	0.04760109999995166	epochs	2.0
932.9554097182556	0.023865799999953197	epochs	3.0
932.9792755182556	0.02373529999999846	epochs	3.0
933.0030108182556	0.047085000000038235	epochs	2.0
933.0030108182556	0.02360630000009678	epochs	3.0
933.0266171182557	0.023478699999941455	epochs	3.0
933.0500958182556	0.046579999999948996	epochs	2.0
933.0500958182556	0.02335249999998723	epochs	3.0
933.0734483182556	0.023227499999961765	epochs	3.0
933.0966758182556	0.046085700000048746	epochs	2.0
933.0966758182556	0.023104000000103042	epochs	3.0
933.1197798182557	0.022981699999945704	epochs	3.0
933.1427615182556	0.045601799999985815	epochs	2.0
933.1427615182556	0.022860700000023826	epochs	3.0
933.1656222182556	0.02274109999996199	epochs	3.0
933.1883633182556	0.04512790000001132	epochs	2.0
933.1883633182556	0.022622500000011314	epochs	3.0
933.2109858182556	0.02250540000000001	epochs	3.0
933.2334912182556	0.044663799999966614	epochs	2.0
933.2334912182556	0.02238929999998618	epochs	3.0
933.2558805182556	0.022274499999980435	epochs	3.0
933.2781550182556	0.04420920000006845	epochs	2.0
933.2781550182556	0.022160800000051495	epochs	3.0
933.3003158182556	0.022048400000016954	epochs	3.0
933.3223642182556	0.04376359999992019	epochs	2.0
933.3223642182556	0.021936900000014248	epochs	3.0
933.3443011182557	0.02182669999990594	epochs	3.0
933.3661278182556	0.04332710000005591	epochs	2.0
933.3661278182556	0.02171760000010181	epochs	3.0
933.3878454182557	0.021609499999954096	epochs	3.0
933.4094549182556	0.04289900000003399	epochs	2.0
933.4094549182556	0.02150249999999687	epochs	3.0
933.4309574182556	0.021396500000037122	epochs	3.0
933.4523539182557	0.042479500000013104	epochs	2.0
933.4523539182557	0.02129170000000613	epochs	3.0
933.4736456182557	0.021187800000006973	epochs	3.0
933.4948334182557	0.04206789999989269	epochs	2.0
933.4948334182557	0.02108490000000529	epochs	3.0
933.5159183182557	0.020982999999887397	epochs	3.0
933.5369013182556	0.04166440000005878	epochs	2.0
933.5369013182556	0.02088220000007368	epochs	3.0
933.5577835182556	0.020782199999985096	epochs	3.0
933.5785657182556	0.04126850000000104	epochs	2.0
933.5785657182556	0.020683299999973315	epochs	3.0
933.5992490182556	0.020585200000027726	epochs	3.0
933.6198342182556	0.04088000000001557	epochs	2.0
933.6198342182556	0.020488099999965925	epochs	3.0
933.6403223182556	0.020391900000049645	epochs	3.0
933.6607142182556	0.04049880000002304	epochs	2.0
933.6607142182556	0.020296599999937825	epochs	3.0
933.6810108182556	0.020202200000085213	epochs	3.0
933.7012130182557	0.040124599999899146	epochs	2.0
933.7012130182557	0.020108699999923374	epochs	3.0
933.7213217182556	0.020015899999975773	epochs	3.0
933.7413376182556	0.03975730000001931	epochs	2.0
933.7413376182556	0.019924200000104975	epochs	3.0
933.7612618182557	0.01983309999991434	epochs	3.0
933.7810949182556	0.03939669999999751	epochs	2.0
933.7810949182556	0.01974300000006224	epochs	3.0
933.8008379182556	0.01965369999993527	epochs	3.0
933.8204916182556	0.039042400000084854	epochs	2.0
933.8204916182556	0.01956510000002254	epochs	3.0
933.8400567182556	0.019477300000062314	epochs	3.0
933.8595340182557	0.03869459999998526	epochs	2.0
933.8595340182557	0.01939039999990655	epochs	3.0
933.8789244182556	0.01930420000007871	epochs	3.0
933.8982286182556	0.03835289999994984	epochs	2.0
933.8982286182556	0.019218799999976	epochs	3.0
933.9174474182556	0.01913409999997384	epochs	3.0
933.9365815182556	0.03801720000001296	epochs	2.0
933.9365815182556	0.019050200000037876	epochs	3.0
933.9556317182556	0.018966999999975087	epochs	3.0
933.9745987182556	0.037687200000050325	epochs	2.0
933.9745987182556	0.01888450000001285	epochs	3.0
933.9934832182556	0.018802700000037476	epochs	3.0
934.0122859182557	0.03736309999999321	epochs	2.0
934.0122859182557	0.018721700000014607	epochs	3.0
934.0310076182557	0.018641399999978603	epochs	3.0
934.0496490182556	0.03704429999993408	epochs	2.0
934.0496490182556	0.01856159999999818	epochs	3.0
934.0682106182556	0.018482699999935903	epochs	3.0
934.0866933182556	0.0367310000000316	epochs	2.0
934.0866933182556	0.018404300000042895	epochs	3.0
934.1050976182556	0.018326699999988705	epochs	3.0
934.1234243182556	0.036422900000047775	epochs	2.0
934.1234243182556	0.018249599999990096	epochs	3.0
934.1416739182556	0.01817330000005768	epochs	3.0
934.1598472182557	0.03612009999994825	epochs	2.0
934.1598472182557	0.01809759999991911	epochs	3.0
934.1779448182556	0.01802250000002914	epochs	3.0
934.1959673182556	0.03582210000001851	epochs	2.0
934.1959673182556	0.017947899999967376	epochs	3.0
934.2139152182556	0.017874200000051133	epochs	3.0
934.2317894182556	0.03552899999999681	epochs	2.0
934.2317894182556	0.017800800000031813	epochs	3.0
934.2495902182557	0.017728199999965	epochs	3.0
934.2673184182556	0.03524070000003121	epochs	2.0
934.2673184182556	0.017656099999953767	epochs	3.0
934.2849745182556	0.017584600000077444	epochs	3.0
934.3025591182557	0.03495709999992869	epochs	2.0
934.3025591182557	0.01751369999999497	epochs	3.0
934.3200728182557	0.017443399999933717	epochs	3.0
934.3375162182556	0.03467790000001969	epochs	2.0
934.3375162182556	0.017373600000041733	epochs	3.0
934.3548898182556	0.017304299999977957	epochs	3.0
934.3721941182556	0.03440330000000813	epochs	2.0
934.3721941182556	0.01723570000001473	epochs	3.0
934.3894298182556	0.0171675999999934	epochs	3.0
934.4065974182556	0.03413279999995211	epochs	2.0
934.4065974182556	0.01709989999994832	epochs	3.0
934.4236973182556	0.017032900000003792	epochs	3.0
934.4407302182556	0.03386670000008962	epochs	2.0
934.4407302182556	0.01696640000000116	epochs	3.0
934.4576966182556	0.016900300000088464	epochs	3.0
934.4745969182557	0.03360459999998966	epochs	2.0
934.4745969182557	0.01683479999996962	epochs	3.0
934.4914317182556	0.01676980000002004	epochs	3.0
934.5082015182556	0.033346599999958926	epochs	2.0
934.5082015182556	0.016705300000012357	epochs	3.0
934.5249068182557	0.01664129999994657	epochs	3.0
934.5415481182556	0.03309250000006614	epochs	2.0
934.5415481182556	0.016577800000050047	epochs	3.0
934.5581259182557	0.01651470000001609	epochs	3.0
934.5746406182557	0.03284229999997024	epochs	2.0
934.5746406182557	0.016452199999889672	epochs	3.0
934.5910928182556	0.016390100000080565	epochs	3.0
934.6074829182556	0.03259570000000167	epochs	2.0
934.6074829182556	0.016328400000020338	epochs	3.0
934.6238113182557	0.016267299999981333	epochs	3.0
934.6400786182556	0.032352899999978035	epochs	2.0
934.6400786182556	0.01620659999991858	epochs	3.0
934.6562852182556	0.016146300000059455	epochs	3.0
934.6724315182556	0.03211369999996805	epochs	2.0
934.6724315182556	0.016086599999994178	epochs	3.0
934.6885181182556	0.01602709999997387	epochs	3.0
934.7045452182556	0.03187800000000607	epochs	2.0
934.7045452182556	0.015968199999974786	epochs	3.0
934.7205134182556	0.015909800000031282	epochs	3.0
934.7364232182556	0.031645700000012766	epochs	2.0
934.7364232182556	0.01585160000001906	epochs	3.0
934.7522748182556	0.015794099999993705	epochs	3.0
934.7680689182556	0.0314167000000225	epochs	2.0
934.7680689182556	0.015736700000047676	epochs	3.0
934.7838056182557	0.015679999999974825	epochs	3.0
934.7994856182556	0.031191100000000915	epochs	2.0
934.7994856182556	0.015623600000026272	epochs	3.0
934.8151092182557	0.015567499999974643	epochs	3.0
934.8306767182556	0.030968700000016725	epochs	2.0
934.8306767182556	0.015511999999944237	epochs	3.0
934.8461887182556	0.015456700000072487	epochs	3.0
934.8616454182556	0.030749499999956242	epochs	2.0
934.8616454182556	0.015401999999994587	epochs	3.0
934.8770474182556	0.015347499999961656	epochs	3.0
934.8923949182556	0.03053320000003623	epochs	2.0
934.8923949182556	0.015293400000018664	epochs	3.0
934.9076883182556	0.015239800000017567	epochs	3.0
934.9229281182556	0.030320099999926242	epochs	2.0
934.9229281182556	0.015186500000027081	epochs	3.0
934.9381146182557	0.015133599999899161	epochs	3.0
934.9532482182556	0.03010990000007041	epochs	2.0
934.9532482182556	0.015081000000009226	epochs	3.0
934.9683292182556	0.015028900000061185	epochs	3.0
934.9833581182556	0.029902499999934662	epochs	2.0
934.9833581182556	0.01497699999993074	epochs	3.0
934.9983351182556	0.014925500000003922	epochs	3.0
935.0132606182556	0.029698100000018712	epochs	2.0
935.0132606182556	0.014874400000053356	epochs	3.0
935.0281350182556	0.014823699999965356	epochs	3.0
935.0429587182556	0.02949630000000525	epochs	2.0
935.0429587182556	0.014773200000036013	epochs	3.0
935.0577319182556	0.014723099999969236	epochs	3.0
935.0724550182556	0.02929740000001857	epochs	2.0
935.0724550182556	0.014673399999992398	epochs	3.0
935.0871284182556	0.014624000000026172	epochs	3.0
935.1017524182556	0.029101100000048064	epochs	2.0
935.1017524182556	0.01457489999995687	epochs	3.0
935.1163273182556	0.014526200000091194	epochs	3.0
935.1308535182557	0.028907399999980044	epochs	2.0
935.1308535182557	0.014477699999929428	epochs	3.0
935.1453312182556	0.014429700000050616	epochs	3.0
935.1597609182556	0.028716199999962555	epochs	2.0
935.1597609182556	0.014381800000023759	epochs	3.0
935.1741427182557	0.014334399999938796	epochs	3.0
935.1884771182556	0.02852759999996124	epochs	2.0
935.1884771182556	0.01428720000001249	epochs	3.0
935.2027643182556	0.01424039999994875	epochs	3.0
935.2170047182556	0.028341400000044814	epochs	2.0
935.2170047182556	0.014193800000043666	epochs	3.0
935.2311985182556	0.014147600000001148	epochs	3.0
935.2453461182556	0.028157699999951546	epochs	2.0
935.2453461182556	0.014101699999969242	epochs	3.0
935.2594478182556	0.014055999999982305	epochs	3.0
935.2735038182556	0.027976300000091214	epochs	2.0
935.2735038182556	0.01401060000000598	epochs	3.0
935.2875144182556	0.013965700000085235	epochs	3.0
935.3014801182557	0.02779720000000907	epochs	2.0
935.3014801182557	0.013920799999937117	epochs	3.0
935.3154009182556	0.013876400000071953	epochs	3.0
935.3292773182557	0.027620399999932488	epochs	2.0
935.3292773182557	0.0138321999999107	epochs	3.0
935.3431095182556	0.013788200000021789	epochs	3.0
935.3568977182556	0.027445899999975154	epochs	2.0
935.3568977182556	0.013744599999995444	epochs	3.0
935.3706423182556	0.01370129999997971	epochs	3.0
935.3843436182556	0.0272735000000921	epochs	2.0
935.3843436182556	0.013658200000008947	epochs	3.0
935.3980018182556	0.013615300000083153	epochs	3.0
935.4116171182557	0.027103399999987232	epochs	2.0
935.4116171182557	0.013572799999906238	epochs	3.0
935.4251899182556	0.013530600000080995	epochs	3.0
935.4387205182556	0.026935199999911674	epochs	2.0
935.4387205182556	0.01348839999991469	epochs	3.0
935.4522089182556	0.013446799999996983	epochs	3.0
935.4656557182556	0.02676920000010341	epochs	2.0
935.4656557182556	0.013405200000079276	epochs	3.0
935.4790609182556	0.013364000000024134	epochs	3.0
935.4924249182557	0.026605199999949036	epochs	2.0
935.4924249182557	0.013322899999934634	epochs	3.0
935.5057478182556	0.013282300000014402	epochs	3.0
935.5190301182556	0.026443200000016986	epochs	2.0
935.5190301182556	0.013241699999980483	epochs	3.0
935.5322718182556	0.013201500000036503	epochs	3.0
935.5454733182556	0.0262831999999662	epochs	2.0
935.5454733182556	0.013161500000023807	epochs	3.0
935.5586348182557	0.013121699999942393	epochs	3.0
935.5717565182556	0.02612499999997908	epochs	2.0
935.5717565182556	0.013082100000019636	epochs	3.0
935.5848386182556	0.013042899999959445	epochs	3.0
935.5978815182556	0.025968900000066242	epochs	2.0
935.5978815182556	0.01300390000005791	epochs	3.0
935.6108854182556	0.012965000000008331	epochs	3.0
935.6238504182556	0.025814500000024054	epochs	2.0
935.6238504182556	0.012926399999969362	epochs	3.0
935.6367768182556	0.012888100000054692	epochs	3.0
935.6496649182557	0.025661899999931848	epochs	2.0
935.6496649182557	0.012849899999991976	epochs	3.0
935.6625148182557	0.012811999999939871	epochs	3.0
935.6753268182556	0.025511199999982637	epochs	2.0
935.6753268182556	0.012774400000012065	epochs	3.0
935.6881012182556	0.012736799999970572	epochs	3.0
935.7008380182556	0.025362299999983406	epochs	2.0
935.7008380182556	0.01269969999998466	epochs	3.0
935.7135377182556	0.012662599999998747	epochs	3.0
935.7262003182556	0.025215000000002874	epochs	2.0
935.7262003182556	0.012625800000023446	epochs	3.0
935.7388261182556	0.012589199999979428	epochs	3.0
935.7514153182556	0.024584800000070572	epochs	2.0
935.7744001182556	0.5	epochs	-1.0
935.7760001182556	0.9999199999999746	epochs	1.0
936.2744001182556	0.5	epochs	-1.0
937.9000000953674	0.10000000000002274	epochs	0.0
937.9000000953674	0.04499999999995907	epochs	1.0
937.9450000953674	0.009999999999990905	epochs	1.0
937.9550000953674	0.04500000000007276	epochs	1.0
938.0000000953675	2.0	epochs	0.0
940.0000000953675	0.5196799999999939	epochs	0.0
940.0000000953675	0.5196799999999939	epochs	1.0
940.0000000953675	0.5	epochs	-1.0
940.5000000953675	0.019679999999993925	epochs	-1.0
940.5196800953674	21.48023999999998	epochs	0.0
941.6900000572205	0.10000000000002274	epochs	0.0
941.6900000572205	0.04499999999995907	epochs	1.0
941.7350000572204	0.009999999999990905	epochs	1.0
941.7450000572204	0.04500000000007276	epochs	1.0
941.7900000572205	2.0	epochs	0.0
943.7900000572205	0.5599200000000337	epochs	0.0
943.7900000572205	0.5599200000000337	epochs	1.0
943.7900000572205	0.5	epochs	-1.0
944.2900000572205	0.059920000000033724	epochs	-1.0
944.3499200572205	21.43999999999994	epochs	0.0
945.4379997253418	0.10000000000002274	epochs	0.0
945.4379997253418	0.04499999999995907	epochs	1.0
945.4829997253418	0.009999999999990905	epochs	1.0
945.4929997253417	0.04500000000007276	epochs	1.0
945.5379997253418	2.0	epochs	0.0
947.5379997253418	0.5593599999999697	epochs	0.0
947.5379997253418	0.5593599999999697	epochs	1.0
947.5379997253418	0.5	epochs	-1.0
948.0379997253418	0.05935999999996966	epochs	-1.0
948.0973597253418	21.440560000000005	epochs	0.0
949.2009997367859	0.10000000000002274	epochs	0.0
949.2009997367859	0.04499999999995907	epochs	1.0
949.2459997367858	0.009999999999990905	epochs	1.0
949.2559997367858	0.04500000000007276	epochs	1.0
949.3009997367859	2.0	epochs	0.0
951.3009997367859	0.5194400000000314	epochs	0.0
951.3009997367859	0.5194400000000314	epochs	1.0
951.3009997367859	0.5	epochs	-1.0
951.8009997367859	0.019440000000031432	epochs	-1.0
951.8204397367859	21.480479999999943	epochs	0.0
953.0279998779297	0.10000000000002274	epochs	0.0
953.0279998779297	0.04499999999995907	epochs	1.0
953.0729998779296	0.009999999999990905	epochs	1.0
953.0829998779296	0.04500000000007276	epochs	1.0
953.1279998779297	2.0	epochs	0.0
955.1279998779297	21.519360000000006	epochs	0.0
955.1279998779297	1.0	epochs	1.0
955.1279998779297	0.5	epochs	-1.0
955.6279998779297	19.998399999999947	epochs	-1.0
956.1279998779297	20.0	epochs	1.0
956.1279998779297	4.356753899999944	epochs	-1.0
956.1279998779297	1.9745871999999736	epochs	2.0
956.1279998779297	1.0985621999999466	epochs	3.0
957.2265620779297	0.8760250000000269	epochs	3.0
958.1025870779297	1.3524075000000266	epochs	2.0
958.1025870779297	0.7286354999999958	epochs	3.0
958.8312225779297	0.6237720000000309	epochs	3.0
959.4549945779297	1.029759199999944	epochs	2.0
959.4549945779297	0.5453292999999348	epochs	3.0
960.0003238779296	0.4844299000000092	epochs	3.0
960.4847537779297	0.8317862000000105	epochs	2.0
960.4847537779297	0.4357763000000432	epochs	3.0
960.9205300779297	0.3960098999999673	epochs	3.0
961.3165399779297	0.6977970000000369	epochs	2.0
961.3165399779297	0.3628982000000178	epochs	3.0
961.6794381779297	0.33489880000001904	epochs	3.0
962.0143369779297	0.601045699999986	epochs	2.0
962.0143369779297	0.3109123000000409	epochs	3.0
962.3252492779297	0.29013339999994514	epochs	3.0
962.6153826779297	0.5278859000000011	epochs	2.0
962.6153826779297	0.2719585999999481	epochs	3.0
962.8873412779296	0.25592730000005304	epochs	3.0
963.1432685779297	0.470619299999953	epochs	2.0
963.1432685779297	0.241681299999982	epochs	3.0
963.3849498779297	0.228937999999971	epochs	3.0
963.6138878779296	0.42457039999999324	epochs	2.0
963.6138878779296	0.21747140000002219	epochs	3.0
963.8313592779297	0.20709899999997106	epochs	3.0
964.0384582779296	0.3867354000000205	epochs	2.0
964.0384582779296	0.19767110000009325	epochs	3.0
964.2361293779297	0.18906429999992724	epochs	3.0
964.4251936779297	0.3550953000000163	epochs	2.0
964.4251936779297	0.18117590000008477	epochs	3.0
964.6063695779297	0.17391939999993156	epochs	3.0
964.7802889779297	0.3282431000000088	epochs	2.0
964.7802889779297	0.1672219000000723	epochs	3.0
964.9475108779297	0.16102119999993647	epochs	3.0
965.1085320779297	0.30516799999998057	epochs	2.0
965.1085320779297	0.15526390000002266	epochs	3.0
965.2637959779297	0.1499040999999579	epochs	3.0
965.4137000779297	0.28512530000000424	epochs	2.0
965.4137000779297	0.1449021000000812	epochs	3.0
965.5586021779297	0.14022319999992305	epochs	3.0
965.6988253779297	0.2675537999999733	epochs	2.0
965.6988253779297	0.1358369000000721	epochs	3.0
965.8346622779297	0.13171689999990122	epochs	3.0
965.9663791779296	0.2520229000000427	epochs	2.0
965.9663791779296	0.1278393000000051	epochs	3.0
966.0942184779296	0.12418360000003759	epochs	3.0
966.2184020779297	0.23819649999995818	epochs	2.0
966.2184020779297	0.12073110000005727	epochs	3.0
966.3391331779297	0.11746539999990091	epochs	3.0
966.4565985779296	0.2258088000000953	epochs	2.0
966.4565985779296	0.11437190000003739	epochs	3.0
966.5709704779297	0.1114369000000579	epochs	3.0
966.6824073779297	0.21464599999990241	epochs	2.0
966.6824073779297	0.10864889999993466	epochs	3.0
966.7910562779297	0.10599709999996776	epochs	3.0
966.8970533779296	0.20453500000007807	epochs	2.0
966.8970533779296	0.10347150000006877	epochs	3.0
967.0005248779297	0.1010635000000093	epochs	3.0
967.1015883779297	0.19533400000000256	epochs	2.0
967.1015883779297	0.09876509999992322	epochs	3.0
967.2003534779296	0.09656890000007934	epochs	3.0
967.2969223779297	0.18692529999998442	epochs	2.0
967.2969223779297	0.09446830000001682	epochs	3.0
967.3913906779297	0.09245699999996759	epochs	3.0
967.4838476779297	0.17921069999999872	epochs	2.0
967.4838476779297	0.09052959999996801	epochs	3.0
967.5743772779297	0.08868110000003071	epochs	3.0
967.6630583779297	0.17210769999996955	epochs	2.0
967.6630583779297	0.08690630000000965	epochs	3.0
967.7499646779297	0.0852013999999599	epochs	3.0
967.8351660779297	0.16554640000003928	epochs	2.0
967.8351660779297	0.08356190000006336	epochs	3.0
967.9187279779297	0.08198449999997592	epochs	3.0
968.0007124779297	0.15946710000002895	epochs	2.0
968.0007124779297	0.08046539999998004	epochs	3.0
968.0811778779297	0.07900170000004891	epochs	3.0
968.1601795779297	0.15381839999997737	epochs	2.0
968.1601795779297	0.07759009999995214	epochs	3.0
968.2377696779297	0.07622830000002523	epochs	3.0
968.3139979779297	0.14855639999996129	epochs	2.0
968.3139979779297	0.07491329999993468	epochs	3.0
968.3889112779297	0.0736431000000266	epochs	3.0
968.4625543779297	0.14364239999997608	epochs	2.0
968.4625543779297	0.07241499999997814	epochs	3.0
968.5349693779297	0.07122739999999794	epochs	3.0
968.6061967779297	0.13904309999998077	epochs	2.0
968.6061967779297	0.07007800000008046	epochs	3.0
968.6762747779297	0.0689650999999003	epochs	3.0
968.7452398779296	0.1347293000000036	epochs	2.0
968.7452398779296	0.0678871000000072	epochs	3.0
968.8131269779296	0.06684219999999641	epochs	3.0
968.8799691779296	0.1306752000000415	epochs	2.0
968.8799691779296	0.06582910000008724	epochs	3.0
968.9457982779297	0.06484609999995428	epochs	3.0
969.0106443779297	0.12685780000003888	epochs	2.0
969.0106443779297	0.06389200000000983	epochs	3.0
969.0745363779297	0.06296580000002905	epochs	3.0
969.1375021779297	0.12325720000001184	epochs	2.0
969.1375021779297	0.062065799999913907	epochs	3.0
969.1995679779296	0.06119140000009793	epochs	3.0
969.2607593779297	0.11985540000000583	epochs	2.0
969.2607593779297	0.060341099999959624	epochs	3.0
969.3211004779297	0.059514300000046205	epochs	3.0
969.3806147779297	0.1166361999999026	epochs	2.0
969.3806147779297	0.058709599999929196	epochs	3.0
969.4393243779297	0.057926599999973405	epochs	3.0
969.4972509779296	0.11358560000007856	epochs	2.0
969.4972509779296	0.05716420000010203	epochs	3.0
969.5544151779297	0.05642139999997653	epochs	3.0
969.6108365779297	0.11069049999991876	epochs	2.0
969.6108365779297	0.05569789999992736	epochs	3.0
969.6665344779296	0.0549925999999914	epochs	3.0
969.7215270779296	0.1079391000000669	epochs	2.0
969.7215270779296	0.05430490000003374	epochs	3.0
969.7758319779297	0.05363420000003316	epochs	3.0
969.8294661779297	0.10532149999994544	epochs	2.0
969.8294661779297	0.05297999999993408	epochs	3.0
969.8824461779296	0.052341500000011365	epochs	3.0
969.9347876779296	0.10282760000006874	epochs	2.0
969.9347876779296	0.05171810000001642	epochs	3.0
969.9865057779297	0.05110950000005232	epochs	3.0
970.0376152779297	0.10044909999999163	epochs	2.0
970.0376152779297	0.05051489999993919	epochs	3.0
970.0881301779297	0.04993420000005244	epochs	3.0
970.1380643779297	0.0981782999999723	epochs	2.0
970.1380643779297	0.04936659999998483	epochs	3.0
970.1874309779297	0.04881169999998747	epochs	3.0
970.2362426779297	0.09600780000005216	epochs	2.0
970.2362426779297	0.04826920000004975	epochs	3.0
970.2845118779297	0.04773860000000241	epochs	3.0
970.3322504779297	0.09393119999992905	epochs	2.0
970.3322504779297	0.04721949999998287	epochs	3.0
970.3794699779297	0.04671169999994618	epochs	3.0
970.4261816779297	0.09194260000003851	epochs	2.0
970.4261816779297	0.046214599999984785	epochs	3.0
970.4723962779296	0.045728000000053726	epochs	3.0
970.5181242779297	0.09003629999995155	epochs	2.0
970.5181242779297	0.045251499999949374	epochs	3.0
970.5633757779297	0.04478480000000218	epochs	3.0
970.6081605779297	0.08820760000003247	epochs	2.0
970.6081605779297	0.044327800000019124	epochs	3.0
970.6524883779297	0.04387980000001335	epochs	3.0
970.6963681779297	0.0864516999999978	epochs	2.0
970.6963681779297	0.04344100000002982	epochs	3.0
970.7398091779297	0.04301069999996798	epochs	3.0
970.7828198779297	0.08476429999996071	epochs	2.0
970.7828198779297	0.04258900000002086	epochs	3.0
970.8254088779297	0.04217529999993985	epochs	3.0
970.8675841779296	0.08314150000001064	epochs	2.0
970.8675841779296	0.04176970000003166	epochs	3.0
970.9093538779297	0.041371799999978975	epochs	3.0
970.9507256779297	0.08157970000002024	epochs	2.0
970.9507256779297	0.04098140000007788	epochs	3.0
970.9917070779297	0.040598299999942355	epochs	3.0
971.0323053779297	0.08007550000002084	epochs	2.0
971.0323053779297	0.04022229999998217	epochs	3.0
971.0725276779297	0.03985320000003867	epochs	3.0
971.1123808779297	0.07862569999997504	epochs	2.0
971.1123808779297	0.0394907999999532	epochs	3.0
971.1518716779296	0.039134900000021844	epochs	3.0
971.1910065779297	0.07722760000001472	epochs	2.0
971.1910065779297	0.038785400000051595	epochs	3.0
971.2297919779297	0.03844219999996312	epochs	3.0
971.2682341779297	0.07587820000003376	epochs	2.0
971.2682341779297	0.038104800000041905	epochs	3.0
971.3063389779297	0.03777339999999185	epochs	3.0
971.3441123779297	0.07457519999991291	epochs	2.0
971.3441123779297	0.03744769999991604	epochs	3.0
971.3815600779296	0.03712749999999687	epochs	3.0
971.4186875779296	0.07331630000010136	epochs	2.0
971.4186875779296	0.0368129000000863	epochs	3.0
971.4555004779297	0.03650340000001506	epochs	3.0
971.4920038779297	0.07209899999998015	epochs	2.0
971.4920038779297	0.03619909999997617	epochs	3.0
971.5282029779297	0.03589990000000398	epochs	3.0
971.5641028779297	0.07092169999998532	epochs	2.0
971.5641028779297	0.03560559999993984	epochs	3.0
971.5997084779297	0.03531610000004548	epochs	3.0
971.6350245779297	0.06978200000003199	epochs	2.0
971.6350245779297	0.03503119999993487	epochs	3.0
971.6700557779296	0.034750800000097115	epochs	3.0
971.7048065779297	0.06867859999999837	epochs	2.0
971.7048065779297	0.03447510000000875	epochs	3.0
971.7392816779297	0.03420349999998962	epochs	3.0
971.7734851779297	0.06760929999995824	epochs	2.0
971.7734851779297	0.033936199999970995	epochs	3.0
971.8074213779297	0.033673099999987244	epochs	3.0
971.8410944779297	0.06657289999998284	epochs	2.0
971.8410944779297	0.03341399999999339	epochs	3.0
971.8745084779297	0.033158899999989444	epochs	3.0
971.9076673779297	0.06556780000005347	epochs	2.0
971.9076673779297	0.032907700000009754	epochs	3.0
971.9405750779297	0.03266010000004371	epochs	3.0
971.9732351779297	0.06459259999996902	epochs	2.0
971.9732351779297	0.032416399999988244	epochs	3.0
972.0056515779297	0.03217619999998078	epochs	3.0
972.0378277779297	0.0636459999999488	epochs	2.0
972.0378277779297	0.03193959999998697	epochs	3.0
972.0697673779297	0.03170639999996183	epochs	3.0
972.1014737779296	0.06272670000009839	epochs	2.0
972.1014737779296	0.03147660000001906	epochs	3.0
972.1329503779297	0.03125010000007933	epochs	3.0
972.1642004779297	0.06183359999999993	epochs	2.0
972.1642004779297	0.03102689999991526	epochs	3.0
972.1952273779297	0.030806700000084675	epochs	3.0
972.2260340779297	0.060965599999917686	epochs	2.0
972.2260340779297	0.030589799999916067	epochs	3.0
972.2566238779297	0.030375800000001618	epochs	3.0
972.2869996779297	0.06012160000000222	epochs	2.0
972.2869996779297	0.030164900000045236	epochs	3.0
972.3171645779297	0.02995669999995698	epochs	3.0
972.3471212779297	0.05930069999999432	epochs	2.0
972.3471212779297	0.029751600000054168	epochs	3.0
972.3768728779297	0.029549099999940154	epochs	3.0
972.4064219779297	0.05850180000004457	epochs	2.0
972.4064219779297	0.02934940000000097	epochs	3.0
972.4357713779297	0.0291524000000436	epochs	3.0
972.4649237779297	0.05772419999993872	epochs	2.0
972.4649237779297	0.028957999999988715	epochs	3.0
972.4938817779297	0.028766199999950004	epochs	3.0
972.5226479779296	0.05696710000006533	epochs	2.0
972.5226479779296	0.028577000000041153	epochs	3.0
972.5512249779297	0.028390100000024177	epochs	3.0
972.5796150779297	0.05622949999997218	epochs	2.0
972.5796150779297	0.028205699999944045	epochs	3.0
972.6078207779296	0.028023800000028132	epochs	3.0
972.6358445779297	0.05551070000001346	epochs	2.0
972.6358445779297	0.027843999999959124	epochs	3.0
972.6636885779296	0.027666700000054334	epochs	3.0
972.6913552779297	0.054810200000019904	epochs	2.0
972.6913552779297	0.02749149999999645	epochs	3.0
972.7188467779297	0.027318700000023455	epochs	3.0
972.7461654779297	0.05412699999999404	epochs	2.0
972.7461654779297	0.027147799999966082	epochs	3.0
972.7733132779297	0.02697920000002796	epochs	3.0
972.8002924779297	0.053460699999959616	epochs	2.0
972.8002924779297	0.0268125999999711	epochs	3.0
972.8271050779297	0.026648099999988517	epochs	3.0
972.8537531779297	0.05281070000000909	epochs	2.0
972.8537531779297	0.026485600000000886	epochs	3.0
972.8802387779297	0.026325100000008206	epochs	3.0
972.9065638779297	0.05217619999996259	epochs	2.0
972.9065638779297	0.026166399999965506	epochs	3.0
972.9327302779296	0.026009799999997085	epochs	3.0
972.9587400779296	0.05155670000010559	epochs	2.0
972.9587400779296	0.025854800000047362	epochs	3.0
972.9845948779297	0.02570190000005823	epochs	3.0
973.0102967779297	0.05095189999997274	epochs	2.0
973.0102967779297	0.025550699999939752	epochs	3.0
973.0358474779297	0.025401200000032986	epochs	3.0
973.0612486779297	0.05036099999995258	epochs	2.0
973.0612486779297	0.025253499999962514	epochs	3.0
973.0865021779297	0.02510749999999007	epochs	3.0
973.1116096779297	0.049783800000000156	epochs	2.0
973.1116096779297	0.02496320000000196	epochs	3.0
973.1365728779297	0.024820599999998194	epochs	3.0
973.1613934779297	0.049219500000049266	epochs	2.0
973.1613934779297	0.02467940000008184	epochs	3.0
973.1860728779297	0.024540099999967424	epochs	3.0
973.2106129779297	0.048667899999941255	epochs	2.0
973.2106129779297	0.02440209999997478	epochs	3.0
973.2350150779297	0.024265799999966475	epochs	3.0
973.2592808779297	0.04812860000004093	epochs	2.0
973.2592808779297	0.024131000000011227	epochs	3.0
973.2834118779297	0.023997600000029706	epochs	3.0
973.3074094779297	0.04760109999995166	epochs	2.0
973.3074094779297	0.023865799999953197	epochs	3.0
973.3312752779296	0.02373529999999846	epochs	3.0
973.3550105779296	0.047085000000038235	epochs	2.0
973.3550105779296	0.02360630000009678	epochs	3.0
973.3786168779297	0.023478699999941455	epochs	3.0
973.4020955779297	0.046579999999948996	epochs	2.0
973.4020955779297	0.02335249999998723	epochs	3.0
973.4254480779297	0.023227499999961765	epochs	3.0
973.4486755779296	0.046085700000048746	epochs	2.0
973.4486755779296	0.023104000000103042	epochs	3.0
973.4717795779297	0.022981699999945704	epochs	3.0
973.4947612779297	0.045601799999985815	epochs	2.0
973.4947612779297	0.022860700000023826	epochs	3.0
973.5176219779297	0.02274109999996199	epochs	3.0
973.5403630779297	0.04512790000001132	epochs	2.0
973.5403630779297	0.022622500000011314	epochs	3.0
973.5629855779297	0.02250540000000001	epochs	3.0
973.5854909779297	0.044663799999966614	epochs	2.0
973.5854909779297	0.02238929999998618	epochs	3.0
973.6078802779297	0.022274499999980435	epochs	3.0
973.6301547779296	0.04420920000006845	epochs	2.0
973.6301547779296	0.022160800000051495	epochs	3.0
973.6523155779297	0.022048400000016954	epochs	3.0
973.6743639779297	0.04376359999992019	epochs	2.0
973.6743639779297	0.021936900000014248	epochs	3.0
973.6963008779297	0.02182669999990594	epochs	3.0
973.7181275779296	0.04332710000005591	epochs	2.0
973.7181275779296	0.02171760000010181	epochs	3.0
973.7398451779297	0.021609499999954096	epochs	3.0
973.7614546779297	0.04289900000003399	epochs	2.0
973.7614546779297	0.02150249999999687	epochs	3.0
973.7829571779297	0.021396500000037122	epochs	3.0
973.8043536779297	0.042479500000013104	epochs	2.0
973.8043536779297	0.02129170000000613	epochs	3.0
973.8256453779297	0.021187800000006973	epochs	3.0
973.8468331779297	0.04206789999989269	epochs	2.0
973.8468331779297	0.02108490000000529	epochs	3.0
973.8679180779297	0.020982999999887397	epochs	3.0
973.8889010779296	0.04166440000005878	epochs	2.0
973.8889010779296	0.02088220000007368	epochs	3.0
973.9097832779297	0.020782199999985096	epochs	3.0
973.9305654779297	0.04126850000000104	epochs	2.0
973.9305654779297	0.020683299999973315	epochs	3.0
973.9512487779297	0.020585200000027726	epochs	3.0
973.9718339779297	0.04088000000001557	epochs	2.0
973.9718339779297	0.020488099999965925	epochs	3.0
973.9923220779297	0.020391900000049645	epochs	3.0
974.0127139779297	0.04049880000002304	epochs	2.0
974.0127139779297	0.020296599999937825	epochs	3.0
974.0330105779296	0.020202200000085213	epochs	3.0
974.0532127779297	0.040124599999899146	epochs	2.0
974.0532127779297	0.020108699999923374	epochs	3.0
974.0733214779297	0.020015899999975773	epochs	3.0
974.0933373779296	0.03975730000001931	epochs	2.0
974.0933373779296	0.019924200000104975	epochs	3.0
974.1132615779297	0.01983309999991434	epochs	3.0
974.1330946779296	0.03939669999999751	epochs	2.0
974.1330946779296	0.01974300000006224	epochs	3.0
974.1528376779297	0.01965369999993527	epochs	3.0
974.1724913779296	0.039042400000084854	epochs	2.0
974.1724913779296	0.01956510000002254	epochs	3.0
974.1920564779297	0.019477300000062314	epochs	3.0
974.2115337779297	0.03869459999998526	epochs	2.0
974.2115337779297	0.01939039999990655	epochs	3.0
974.2309241779296	0.01930420000007871	epochs	3.0
974.2502283779297	0.03835289999994984	epochs	2.0
974.2502283779297	0.019218799999976	epochs	3.0
974.2694471779297	0.01913409999997384	epochs	3.0
974.2885812779297	0.03801720000001296	epochs	2.0
974.2885812779297	0.019050200000037876	epochs	3.0
974.3076314779297	0.018966999999975087	epochs	3.0
974.3265984779297	0.037687200000050325	epochs	2.0
974.3265984779297	0.01888450000001285	epochs	3.0
974.3454829779297	0.018802700000037476	epochs	3.0
974.3642856779297	0.03736309999999321	epochs	2.0
974.3642856779297	0.018721700000014607	epochs	3.0
974.3830073779297	0.018641399999978603	epochs	3.0
974.4016487779297	0.03704429999993408	epochs	2.0
974.4016487779297	0.01856159999999818	epochs	3.0
974.4202103779297	0.018482699999935903	epochs	3.0
974.4386930779297	0.0367310000000316	epochs	2.0
974.4386930779297	0.018404300000042895	epochs	3.0
974.4570973779297	0.018326699999988705	epochs	3.0
974.4754240779297	0.036422900000047775	epochs	2.0
974.4754240779297	0.018249599999990096	epochs	3.0
974.4936736779297	0.01817330000005768	epochs	3.0
974.5118469779297	0.03612009999994825	epochs	2.0
974.5118469779297	0.01809759999991911	epochs	3.0
974.5299445779297	0.01802250000002914	epochs	3.0
974.5479670779297	0.03582210000001851	epochs	2.0
974.5479670779297	0.017947899999967376	epochs	3.0
974.5659149779297	0.017874200000051133	epochs	3.0
974.5837891779297	0.03552899999999681	epochs	2.0
974.5837891779297	0.017800800000031813	epochs	3.0
974.6015899779297	0.017728199999965	epochs	3.0
974.6193181779297	0.03524070000003121	epochs	2.0
974.6193181779297	0.017656099999953767	epochs	3.0
974.6369742779297	0.017584600000077444	epochs	3.0
974.6545588779297	0.03495709999992869	epochs	2.0
974.6545588779297	0.01751369999999497	epochs	3.0
974.6720725779297	0.017443399999933717	epochs	3.0
974.6895159779297	0.03467790000001969	epochs	2.0
974.6895159779297	0.017373600000041733	epochs	3.0
974.7068895779297	0.017304299999977957	epochs	3.0
974.7241938779297	0.03440330000000813	epochs	2.0
974.7241938779297	0.01723570000001473	epochs	3.0
974.7414295779297	0.0171675999999934	epochs	3.0
974.7585971779297	0.03413279999995211	epochs	2.0
974.7585971779297	0.01709989999994832	epochs	3.0
974.7756970779296	0.017032900000003792	epochs	3.0
974.7927299779296	0.03386670000008962	epochs	2.0
974.7927299779296	0.01696640000000116	epochs	3.0
974.8096963779296	0.016900300000088464	epochs	3.0
974.8265966779297	0.03360459999998966	epochs	2.0
974.8265966779297	0.01683479999996962	epochs	3.0
974.8434314779297	0.01676980000002004	epochs	3.0
974.8602012779297	0.033346599999958926	epochs	2.0
974.8602012779297	0.016705300000012357	epochs	3.0
974.8769065779297	0.01664129999994657	epochs	3.0
974.8935478779297	0.03309250000006614	epochs	2.0
974.8935478779297	0.016577800000050047	epochs	3.0
974.9101256779297	0.01651470000001609	epochs	3.0
974.9266403779297	0.03284229999997024	epochs	2.0
974.9266403779297	0.016452199999889672	epochs	3.0
974.9430925779296	0.016390100000080565	epochs	3.0
974.9594826779297	0.03259570000000167	epochs	2.0
974.9594826779297	0.016328400000020338	epochs	3.0
974.9758110779297	0.016267299999981333	epochs	3.0
974.9920783779297	0.032352899999978035	epochs	2.0
974.9920783779297	0.01620659999991858	epochs	3.0
975.0082849779296	0.016146300000059455	epochs	3.0
975.0244312779297	0.03211369999996805	epochs	2.0
975.0244312779297	0.016086599999994178	epochs	3.0
975.0405178779297	0.01602709999997387	epochs	3.0
975.0565449779297	0.03187800000000607	epochs	2.0
975.0565449779297	0.015968199999974786	epochs	3.0
975.0725131779296	0.015909800000031282	epochs	3.0
975.0884229779297	0.031645700000012766	epochs	2.0
975.0884229779297	0.01585160000001906	epochs	3.0
975.1042745779297	0.015794099999993705	epochs	3.0
975.1200686779297	0.0314167000000225	epochs	2.0
975.1200686779297	0.015736700000047676	epochs	3.0
975.1358053779297	0.015679999999974825	epochs	3.0
975.1514853779297	0.031191100000000915	epochs	2.0
975.1514853779297	0.015623600000026272	epochs	3.0
975.1671089779297	0.015567499999974643	epochs	3.0
975.1826764779297	0.030968700000016725	epochs	2.0
975.1826764779297	0.015511999999944237	epochs	3.0
975.1981884779296	0.015456700000072487	epochs	3.0
975.2136451779297	0.030749499999956242	epochs	2.0
975.2136451779297	0.015401999999994587	epochs	3.0
975.2290471779297	0.015347499999961656	epochs	3.0
975.2443946779297	0.03053320000003623	epochs	2.0
975.2443946779297	0.015293400000018664	epochs	3.0
975.2596880779297	0.015239800000017567	epochs	3.0
975.2749278779297	0.030320099999926242	epochs	2.0
975.2749278779297	0.015186500000027081	epochs	3.0
975.2901143779297	0.015133599999899161	epochs	3.0
975.3052479779296	0.03010990000007041	epochs	2.0
975.3052479779296	0.015081000000009226	epochs	3.0
975.3203289779296	0.015028900000061185	epochs	3.0
975.3353578779297	0.029902499999934662	epochs	2.0
975.3353578779297	0.01497699999993074	epochs	3.0
975.3503348779296	0.014925500000003922	epochs	3.0
975.3652603779296	0.029698100000018712	epochs	2.0
975.3652603779296	0.014874400000053356	epochs	3.0
975.3801347779297	0.014823699999965356	epochs	3.0
975.3949584779297	0.02949630000000525	epochs	2.0
975.3949584779297	0.014773200000036013	epochs	3.0
975.4097316779297	0.014723099999969236	epochs	3.0
975.4244547779297	0.02929740000001857	epochs	2.0
975.4244547779297	0.014673399999992398	epochs	3.0
975.4391281779297	0.014624000000026172	epochs	3.0
975.4537521779297	0.029101100000048064	epochs	2.0
975.4537521779297	0.01457489999995687	epochs	3.0
975.4683270779296	0.014526200000091194	epochs	3.0
975.4828532779297	0.028907399999980044	epochs	2.0
975.4828532779297	0.014477699999929428	epochs	3.0
975.4973309779297	0.014429700000050616	epochs	3.0
975.5117606779297	0.028716199999962555	epochs	2.0
975.5117606779297	0.014381800000023759	epochs	3.0
975.5261424779297	0.014334399999938796	epochs	3.0
975.5404768779297	0.02852759999996124	epochs	2.0
975.5404768779297	0.01428720000001249	epochs	3.0
975.5547640779297	0.01424039999994875	epochs	3.0
975.5690044779296	0.028341400000044814	epochs	2.0
975.5690044779296	0.014193800000043666	epochs	3.0
975.5831982779297	0.014147600000001148	epochs	3.0
975.5973458779297	0.028157699999951546	epochs	2.0
975.5973458779297	0.014101699999969242	epochs	3.0
975.6114475779297	0.014055999999982305	epochs	3.0
975.6255035779296	0.027976300000091214	epochs	2.0
975.6255035779296	0.01401060000000598	epochs	3.0
975.6395141779296	0.013965700000085235	epochs	3.0
975.6534798779297	0.02779720000000907	epochs	2.0
975.6534798779297	0.013920799999937117	epochs	3.0
975.6674006779297	0.013876400000071953	epochs	3.0
975.6812770779297	0.027620399999932488	epochs	2.0
975.6812770779297	0.0138321999999107	epochs	3.0
975.6951092779296	0.013788200000021789	epochs	3.0
975.7088974779297	0.027445899999975154	epochs	2.0
975.7088974779297	0.013744599999995444	epochs	3.0
975.7226420779297	0.01370129999997971	epochs	3.0
975.7363433779296	0.0272735000000921	epochs	2.0
975.7363433779296	0.013658200000008947	epochs	3.0
975.7500015779297	0.013615300000083153	epochs	3.0
975.7636168779297	0.027103399999987232	epochs	2.0
975.7636168779297	0.013572799999906238	epochs	3.0
975.7771896779296	0.013530600000080995	epochs	3.0
975.7907202779297	0.026935199999911674	epochs	2.0
975.7907202779297	0.01348839999991469	epochs	3.0
975.8042086779296	0.013446799999996983	epochs	3.0
975.8176554779296	0.02676920000010341	epochs	2.0
975.8176554779296	0.013405200000079276	epochs	3.0
975.8310606779297	0.013364000000024134	epochs	3.0
975.8444246779297	0.026605199999949036	epochs	2.0
975.8444246779297	0.013322899999934634	epochs	3.0
975.8577475779297	0.013282300000014402	epochs	3.0
975.8710298779297	0.026443200000016986	epochs	2.0
975.8710298779297	0.013241699999980483	epochs	3.0
975.8842715779297	0.013201500000036503	epochs	3.0
975.8974730779297	0.0262831999999662	epochs	2.0
975.8974730779297	0.013161500000023807	epochs	3.0
975.9106345779297	0.013121699999942393	epochs	3.0
975.9237562779297	0.02612499999997908	epochs	2.0
975.9237562779297	0.013082100000019636	epochs	3.0
975.9368383779297	0.013042899999959445	epochs	3.0
975.9498812779296	0.025968900000066242	epochs	2.0
975.9498812779296	0.01300390000005791	epochs	3.0
975.9628851779297	0.012965000000008331	epochs	3.0
975.9758501779297	0.025814500000024054	epochs	2.0
975.9758501779297	0.012926399999969362	epochs	3.0
975.9887765779297	0.012888100000054692	epochs	3.0
976.0016646779297	0.025661899999931848	epochs	2.0
976.0016646779297	0.012849899999991976	epochs	3.0
976.0145145779297	0.012811999999939871	epochs	3.0
976.0273265779297	0.025511199999982637	epochs	2.0
976.0273265779297	0.012774400000012065	epochs	3.0
976.0401009779297	0.012736799999970572	epochs	3.0
976.0528377779297	0.025362299999983406	epochs	2.0
976.0528377779297	0.01269969999998466	epochs	3.0
976.0655374779296	0.012662599999998747	epochs	3.0
976.0782000779296	0.025215000000002874	epochs	2.0
976.0782000779296	0.012625800000023446	epochs	3.0
976.0908258779297	0.012589199999979428	epochs	3.0
976.1034150779296	0.024584800000070572	epochs	2.0
976.1263998779297	0.5	epochs	-1.0
976.1279998779297	0.519360000000006	epochs	1.0
976.6473598779297	0.48055999999996857	epochs	0.0
977.6009998321533	0.10000000000002274	epochs	0.0
977.6009998321533	0.04499999999995907	epochs	1.0
977.6459998321533	0.009999999999990905	epochs	1.0
977.6559998321533	0.04500000000007276	epochs	1.0
977.7009998321533	2.0	epochs	0.0
979.7009998321533	21.51983999999993	epochs	0.0
979.7009998321533	1.0	epochs	1.0
979.7009998321533	0.5	epochs	-1.0
980.2009998321533	19.998399999999947	epochs	-1.0
980.7009998321533	20.0	epochs	1.0
980.7009998321533	4.356753899999944	epochs	-1.0
980.7009998321533	1.9745871999999736	epochs	2.0
980.7009998321533	1.0985621999999466	epochs	3.0
981.7995620321533	0.8760250000000269	epochs	3.0
982.6755870321533	1.3524075000000266	epochs	2.0
982.6755870321533	0.7286354999999958	epochs	3.0
983.4042225321533	0.6237720000000309	epochs	3.0
984.0279945321533	1.029759199999944	epochs	2.0
984.0279945321533	0.5453292999999348	epochs	3.0
984.5733238321533	0.4844299000000092	epochs	3.0
985.0577537321533	0.8317862000000105	epochs	2.0
985.0577537321533	0.4357763000000432	epochs	3.0
985.4935300321533	0.3960098999999673	epochs	3.0
985.8895399321533	0.6977970000000369	epochs	2.0
985.8895399321533	0.3628982000000178	epochs	3.0
986.2524381321533	0.33489880000001904	epochs	3.0
986.5873369321533	0.601045699999986	epochs	2.0
986.5873369321533	0.3109123000000409	epochs	3.0
986.8982492321534	0.29013339999994514	epochs	3.0
987.1883826321533	0.5278859000000011	epochs	2.0
987.1883826321533	0.2719585999999481	epochs	3.0
987.4603412321533	0.25592730000005304	epochs	3.0
987.7162685321533	0.470619299999953	epochs	2.0
987.7162685321533	0.241681299999982	epochs	3.0
987.9579498321533	0.228937999999971	epochs	3.0
988.1868878321533	0.42457039999999324	epochs	2.0
988.1868878321533	0.21747140000002219	epochs	3.0
988.4043592321533	0.20709899999997106	epochs	3.0
988.6114582321533	0.3867354000000205	epochs	2.0
988.6114582321533	0.19767110000009325	epochs	3.0
988.8091293321534	0.18906429999992724	epochs	3.0
988.9981936321533	0.3550953000000163	epochs	2.0
988.9981936321533	0.18117590000008477	epochs	3.0
989.1793695321534	0.17391939999993156	epochs	3.0
989.3532889321533	0.3282431000000088	epochs	2.0
989.3532889321533	0.1672219000000723	epochs	3.0
989.5205108321534	0.16102119999993647	epochs	3.0
989.6815320321533	0.30516799999998057	epochs	2.0
989.6815320321533	0.15526390000002266	epochs	3.0
989.8367959321533	0.1499040999999579	epochs	3.0
989.9867000321533	0.28512530000000424	epochs	2.0
989.9867000321533	0.1449021000000812	epochs	3.0
990.1316021321534	0.14022319999992305	epochs	3.0
990.2718253321533	0.2675537999999733	epochs	2.0
990.2718253321533	0.1358369000000721	epochs	3.0
990.4076622321534	0.13171689999990122	epochs	3.0
990.5393791321533	0.2520229000000427	epochs	2.0
990.5393791321533	0.1278393000000051	epochs	3.0
990.6672184321533	0.12418360000003759	epochs	3.0
990.7914020321533	0.23819649999995818	epochs	2.0
990.7914020321533	0.12073110000005727	epochs	3.0
990.9121331321534	0.11746539999990091	epochs	3.0
991.0295985321533	0.2258088000000953	epochs	2.0
991.0295985321533	0.11437190000003739	epochs	3.0
991.1439704321533	0.1114369000000579	epochs	3.0
991.2554073321534	0.21464599999990241	epochs	2.0
991.2554073321534	0.10864889999993466	epochs	3.0
991.3640562321533	0.10599709999996776	epochs	3.0
991.4700533321533	0.20453500000007807	epochs	2.0
991.4700533321533	0.10347150000006877	epochs	3.0
991.5735248321533	0.1010635000000093	epochs	3.0
991.6745883321533	0.19533400000000256	epochs	2.0
991.6745883321533	0.09876509999992322	epochs	3.0
991.7733534321533	0.09656890000007934	epochs	3.0
991.8699223321534	0.18692529999998442	epochs	2.0
991.8699223321534	0.09446830000001682	epochs	3.0
991.9643906321534	0.09245699999996759	epochs	3.0
992.0568476321533	0.17921069999999872	epochs	2.0
992.0568476321533	0.09052959999996801	epochs	3.0
992.1473772321533	0.08868110000003071	epochs	3.0
992.2360583321533	0.17210769999996955	epochs	2.0
992.2360583321533	0.08690630000000965	epochs	3.0
992.3229646321533	0.0852013999999599	epochs	3.0
992.4081660321533	0.16554640000003928	epochs	2.0
992.4081660321533	0.08356190000006336	epochs	3.0
992.4917279321534	0.08198449999997592	epochs	3.0
992.5737124321533	0.15946710000002895	epochs	2.0
992.5737124321533	0.08046539999998004	epochs	3.0
992.6541778321533	0.07900170000004891	epochs	3.0
992.7331795321534	0.15381839999997737	epochs	2.0
992.7331795321534	0.07759009999995214	epochs	3.0
992.8107696321533	0.07622830000002523	epochs	3.0
992.8869979321533	0.14855639999996129	epochs	2.0
992.8869979321533	0.07491329999993468	epochs	3.0
992.9619112321533	0.0736431000000266	epochs	3.0
993.0355543321533	0.14364239999997608	epochs	2.0
993.0355543321533	0.07241499999997814	epochs	3.0
993.1079693321533	0.07122739999999794	epochs	3.0
993.1791967321533	0.13904309999998077	epochs	2.0
993.1791967321533	0.07007800000008046	epochs	3.0
993.2492747321534	0.0689650999999003	epochs	3.0
993.3182398321533	0.1347293000000036	epochs	2.0
993.3182398321533	0.0678871000000072	epochs	3.0
993.3861269321533	0.06684219999999641	epochs	3.0
993.4529691321533	0.1306752000000415	epochs	2.0
993.4529691321533	0.06582910000008724	epochs	3.0
993.5187982321534	0.06484609999995428	epochs	3.0
993.5836443321533	0.12685780000003888	epochs	2.0
993.5836443321533	0.06389200000000983	epochs	3.0
993.6475363321533	0.06296580000002905	epochs	3.0
993.7105021321534	0.12325720000001184	epochs	2.0
993.7105021321534	0.062065799999913907	epochs	3.0
993.7725679321533	0.06119140000009793	epochs	3.0
993.8337593321534	0.11985540000000583	epochs	2.0
993.8337593321534	0.060341099999959624	epochs	3.0
993.8941004321533	0.059514300000046205	epochs	3.0
993.9536147321534	0.1166361999999026	epochs	2.0
993.9536147321534	0.058709599999929196	epochs	3.0
994.0123243321533	0.057926599999973405	epochs	3.0
994.0702509321533	0.11358560000007856	epochs	2.0
994.0702509321533	0.05716420000010203	epochs	3.0
994.1274151321534	0.05642139999997653	epochs	3.0
994.1838365321534	0.11069049999991876	epochs	2.0
994.1838365321534	0.05569789999992736	epochs	3.0
994.2395344321533	0.0549925999999914	epochs	3.0
994.2945270321533	0.1079391000000669	epochs	2.0
994.2945270321533	0.05430490000003374	epochs	3.0
994.3488319321533	0.05363420000003316	epochs	3.0
994.4024661321533	0.10532149999994544	epochs	2.0
994.4024661321533	0.05297999999993408	epochs	3.0
994.4554461321533	0.052341500000011365	epochs	3.0
994.5077876321533	0.10282760000006874	epochs	2.0
994.5077876321533	0.05171810000001642	epochs	3.0
994.5595057321533	0.05110950000005232	epochs	3.0
994.6106152321534	0.10044909999999163	epochs	2.0
994.6106152321534	0.05051489999993919	epochs	3.0
994.6611301321533	0.04993420000005244	epochs	3.0
994.7110643321533	0.0981782999999723	epochs	2.0
994.7110643321533	0.04936659999998483	epochs	3.0
994.7604309321533	0.04881169999998747	epochs	3.0
994.8092426321533	0.09600780000005216	epochs	2.0
994.8092426321533	0.04826920000004975	epochs	3.0
994.8575118321534	0.04773860000000241	epochs	3.0
994.9052504321534	0.09393119999992905	epochs	2.0
994.9052504321534	0.04721949999998287	epochs	3.0
994.9524699321533	0.04671169999994618	epochs	3.0
994.9991816321533	0.09194260000003851	epochs	2.0
994.9991816321533	0.046214599999984785	epochs	3.0
995.0453962321533	0.045728000000053726	epochs	3.0
995.0911242321533	0.09003629999995155	epochs	2.0
995.0911242321533	0.045251499999949374	epochs	3.0
995.1363757321533	0.04478480000000218	epochs	3.0
995.1811605321533	0.08820760000003247	epochs	2.0
995.1811605321533	0.044327800000019124	epochs	3.0
995.2254883321533	0.04387980000001335	epochs	3.0
995.2693681321533	0.0864516999999978	epochs	2.0
995.2693681321533	0.04344100000002982	epochs	3.0
995.3128091321533	0.04301069999996798	epochs	3.0
995.3558198321533	0.08476429999996071	epochs	2.0
995.3558198321533	0.04258900000002086	epochs	3.0
995.3984088321533	0.04217529999993985	epochs	3.0
995.4405841321533	0.08314150000001064	epochs	2.0
995.4405841321533	0.04176970000003166	epochs	3.0
995.4823538321533	0.041371799999978975	epochs	3.0
995.5237256321533	0.08157970000002024	epochs	2.0
995.5237256321533	0.04098140000007788	epochs	3.0
995.5647070321534	0.040598299999942355	epochs	3.0
995.6053053321533	0.08007550000002084	epochs	2.0
995.6053053321533	0.04022229999998217	epochs	3.0
995.6455276321533	0.03985320000003867	epochs	3.0
995.6853808321533	0.07862569999997504	epochs	2.0
995.6853808321533	0.0394907999999532	epochs	3.0
995.7248716321533	0.039134900000021844	epochs	3.0
995.7640065321533	0.07722760000001472	epochs	2.0
995.7640065321533	0.038785400000051595	epochs	3.0
995.8027919321534	0.03844219999996312	epochs	3.0
995.8412341321533	0.07587820000003376	epochs	2.0
995.8412341321533	0.038104800000041905	epochs	3.0
995.8793389321534	0.03777339999999185	epochs	3.0
995.9171123321534	0.07457519999991291	epochs	2.0
995.9171123321534	0.03744769999991604	epochs	3.0
995.9545600321533	0.03712749999999687	epochs	3.0
995.9916875321533	0.07331630000010136	epochs	2.0
995.9916875321533	0.0368129000000863	epochs	3.0
996.0285004321534	0.03650340000001506	epochs	3.0
996.0650038321534	0.07209899999998015	epochs	2.0
996.0650038321534	0.03619909999997617	epochs	3.0
996.1012029321533	0.03589990000000398	epochs	3.0
996.1371028321533	0.07092169999998532	epochs	2.0
996.1371028321533	0.03560559999993984	epochs	3.0
996.1727084321533	0.03531610000004548	epochs	3.0
996.2080245321533	0.06978200000003199	epochs	2.0
996.2080245321533	0.03503119999993487	epochs	3.0
996.2430557321533	0.034750800000097115	epochs	3.0
996.2778065321534	0.06867859999999837	epochs	2.0
996.2778065321534	0.03447510000000875	epochs	3.0
996.3122816321534	0.03420349999998962	epochs	3.0
996.3464851321534	0.06760929999995824	epochs	2.0
996.3464851321534	0.033936199999970995	epochs	3.0
996.3804213321533	0.033673099999987244	epochs	3.0
996.4140944321533	0.06657289999998284	epochs	2.0
996.4140944321533	0.03341399999999339	epochs	3.0
996.4475084321533	0.033158899999989444	epochs	3.0
996.4806673321533	0.06556780000005347	epochs	2.0
996.4806673321533	0.032907700000009754	epochs	3.0
996.5135750321533	0.03266010000004371	epochs	3.0
996.5462351321534	0.06459259999996902	epochs	2.0
996.5462351321534	0.032416399999988244	epochs	3.0
996.5786515321533	0.03217619999998078	epochs	3.0
996.6108277321533	0.0636459999999488	epochs	2.0
996.6108277321533	0.03193959999998697	epochs	3.0
996.6427673321533	0.03170639999996183	epochs	3.0
996.6744737321533	0.06272670000009839	epochs	2.0
996.6744737321533	0.03147660000001906	epochs	3.0
996.7059503321533	0.03125010000007933	epochs	3.0
996.7372004321534	0.06183359999999993	epochs	2.0
996.7372004321534	0.03102689999991526	epochs	3.0
996.7682273321533	0.030806700000084675	epochs	3.0
996.7990340321534	0.060965599999917686	epochs	2.0
996.7990340321534	0.030589799999916067	epochs	3.0
996.8296238321533	0.030375800000001618	epochs	3.0
996.8599996321533	0.06012160000000222	epochs	2.0
996.8599996321533	0.030164900000045236	epochs	3.0
996.8901645321533	0.02995669999995698	epochs	3.0
996.9201212321533	0.05930069999999432	epochs	2.0
996.9201212321533	0.029751600000054168	epochs	3.0
996.9498728321533	0.029549099999940154	epochs	3.0
996.9794219321533	0.05850180000004457	epochs	2.0
996.9794219321533	0.02934940000000097	epochs	3.0
997.0087713321533	0.0291524000000436	epochs	3.0
997.0379237321533	0.05772419999993872	epochs	2.0
997.0379237321533	0.028957999999988715	epochs	3.0
997.0668817321533	0.028766199999950004	epochs	3.0
997.0956479321533	0.05696710000006533	epochs	2.0
997.0956479321533	0.028577000000041153	epochs	3.0
997.1242249321533	0.028390100000024177	epochs	3.0
997.1526150321533	0.05622949999997218	epochs	2.0
997.1526150321533	0.028205699999944045	epochs	3.0
997.1808207321533	0.028023800000028132	epochs	3.0
997.2088445321533	0.05551070000001346	epochs	2.0
997.2088445321533	0.027843999999959124	epochs	3.0
997.2366885321533	0.027666700000054334	epochs	3.0
997.2643552321533	0.054810200000019904	epochs	2.0
997.2643552321533	0.02749149999999645	epochs	3.0
997.2918467321533	0.027318700000023455	epochs	3.0
997.3191654321533	0.05412699999999404	epochs	2.0
997.3191654321533	0.027147799999966082	epochs	3.0
997.3463132321533	0.02697920000002796	epochs	3.0
997.3732924321533	0.053460699999959616	epochs	2.0
997.3732924321533	0.0268125999999711	epochs	3.0
997.4001050321533	0.026648099999988517	epochs	3.0
997.4267531321533	0.05281070000000909	epochs	2.0
997.4267531321533	0.026485600000000886	epochs	3.0
997.4532387321533	0.026325100000008206	epochs	3.0
997.4795638321533	0.05217619999996259	epochs	2.0
997.4795638321533	0.026166399999965506	epochs	3.0
997.5057302321533	0.026009799999997085	epochs	3.0
997.5317400321533	0.05155670000010559	epochs	2.0
997.5317400321533	0.025854800000047362	epochs	3.0
997.5575948321533	0.02570190000005823	epochs	3.0
997.5832967321534	0.05095189999997274	epochs	2.0
997.5832967321534	0.025550699999939752	epochs	3.0
997.6088474321533	0.025401200000032986	epochs	3.0
997.6342486321533	0.05036099999995258	epochs	2.0
997.6342486321533	0.025253499999962514	epochs	3.0
997.6595021321533	0.02510749999999007	epochs	3.0
997.6846096321533	0.049783800000000156	epochs	2.0
997.6846096321533	0.02496320000000196	epochs	3.0
997.7095728321533	0.024820599999998194	epochs	3.0
997.7343934321533	0.049219500000049266	epochs	2.0
997.7343934321533	0.02467940000008184	epochs	3.0
997.7590728321534	0.024540099999967424	epochs	3.0
997.7836129321533	0.048667899999941255	epochs	2.0
997.7836129321533	0.02440209999997478	epochs	3.0
997.8080150321533	0.024265799999966475	epochs	3.0
997.8322808321533	0.04812860000004093	epochs	2.0
997.8322808321533	0.024131000000011227	epochs	3.0
997.8564118321533	0.023997600000029706	epochs	3.0
997.8804094321533	0.04760109999995166	epochs	2.0
997.8804094321533	0.023865799999953197	epochs	3.0
997.9042752321533	0.02373529999999846	epochs	3.0
997.9280105321533	0.047085000000038235	epochs	2.0
997.9280105321533	0.02360630000009678	epochs	3.0
997.9516168321534	0.023478699999941455	epochs	3.0
997.9750955321533	0.046579999999948996	epochs	2.0
997.9750955321533	0.02335249999998723	epochs	3.0
997.9984480321533	0.023227499999961765	epochs	3.0
998.0216755321533	0.046085700000048746	epochs	2.0
998.0216755321533	0.023104000000103042	epochs	3.0
998.0447795321534	0.022981699999945704	epochs	3.0
998.0677612321533	0.045601799999985815	epochs	2.0
998.0677612321533	0.022860700000023826	epochs	3.0
998.0906219321533	0.02274109999996199	epochs	3.0
998.1133630321533	0.04512790000001132	epochs	2.0
998.1133630321533	0.022622500000011314	epochs	3.0
998.1359855321533	0.02250540000000001	epochs	3.0
998.1584909321533	0.044663799999966614	epochs	2.0
998.1584909321533	0.02238929999998618	epochs	3.0
998.1808802321533	0.022274499999980435	epochs	3.0
998.2031547321533	0.04420920000006845	epochs	2.0
998.2031547321533	0.022160800000051495	epochs	3.0
998.2253155321533	0.022048400000016954	epochs	3.0
998.2473639321533	0.04376359999992019	epochs	2.0
998.2473639321533	0.021936900000014248	epochs	3.0
998.2693008321534	0.02182669999990594	epochs	3.0
998.2911275321533	0.04332710000005591	epochs	2.0
998.2911275321533	0.02171760000010181	epochs	3.0
998.3128451321534	0.021609499999954096	epochs	3.0
998.3344546321533	0.04289900000003399	epochs	2.0
998.3344546321533	0.02150249999999687	epochs	3.0
998.3559571321533	0.021396500000037122	epochs	3.0
998.3773536321534	0.042479500000013104	epochs	2.0
998.3773536321534	0.02129170000000613	epochs	3.0
998.3986453321534	0.021187800000006973	epochs	3.0
998.4198331321534	0.04206789999989269	epochs	2.0
998.4198331321534	0.02108490000000529	epochs	3.0
998.4409180321534	0.020982999999887397	epochs	3.0
998.4619010321533	0.04166440000005878	epochs	2.0
998.4619010321533	0.02088220000007368	epochs	3.0
998.4827832321533	0.020782199999985096	epochs	3.0
998.5035654321533	0.04126850000000104	epochs	2.0
998.5035654321533	0.020683299999973315	epochs	3.0
998.5242487321533	0.020585200000027726	epochs	3.0
998.5448339321533	0.04088000000001557	epochs	2.0
998.5448339321533	0.020488099999965925	epochs	3.0
998.5653220321533	0.020391900000049645	epochs	3.0
998.5857139321533	0.04049880000002304	epochs	2.0
998.5857139321533	0.020296599999937825	epochs	3.0
998.6060105321533	0.020202200000085213	epochs	3.0
998.6262127321534	0.040124599999899146	epochs	2.0
998.6262127321534	0.020108699999923374	epochs	3.0
998.6463214321533	0.020015899999975773	epochs	3.0
998.6663373321533	0.03975730000001931	epochs	2.0
998.6663373321533	0.019924200000104975	epochs	3.0
998.6862615321534	0.01983309999991434	epochs	3.0
998.7060946321533	0.03939669999999751	epochs	2.0
998.7060946321533	0.01974300000006224	epochs	3.0
998.7258376321533	0.01965369999993527	epochs	3.0
998.7454913321533	0.039042400000084854	epochs	2.0
998.7454913321533	0.01956510000002254	epochs	3.0
998.7650564321533	0.019477300000062314	epochs	3.0
998.7845337321534	0.03869459999998526	epochs	2.0
998.7845337321534	0.01939039999990655	epochs	3.0
998.8039241321533	0.01930420000007871	epochs	3.0
998.8232283321533	0.03835289999994984	epochs	2.0
998.8232283321533	0.019218799999976	epochs	3.0
998.8424471321533	0.01913409999997384	epochs	3.0
998.8615812321533	0.03801720000001296	epochs	2.0
998.8615812321533	0.019050200000037876	epochs	3.0
998.8806314321533	0.018966999999975087	epochs	3.0
998.8995984321533	0.037687200000050325	epochs	2.0
998.8995984321533	0.01888450000001285	epochs	3.0
998.9184829321533	0.018802700000037476	epochs	3.0
998.9372856321534	0.03736309999999321	epochs	2.0
998.9372856321534	0.018721700000014607	epochs	3.0
998.9560073321534	0.018641399999978603	epochs	3.0
998.9746487321534	0.03704429999993408	epochs	2.0
998.9746487321534	0.01856159999999818	epochs	3.0
998.9932103321534	0.018482699999935903	epochs	3.0
999.0116930321533	0.0367310000000316	epochs	2.0
999.0116930321533	0.018404300000042895	epochs	3.0
999.0300973321533	0.018326699999988705	epochs	3.0
999.0484240321533	0.036422900000047775	epochs	2.0
999.0484240321533	0.018249599999990096	epochs	3.0
999.0666736321533	0.01817330000005768	epochs	3.0
999.0848469321534	0.03612009999994825	epochs	2.0
999.0848469321534	0.01809759999991911	epochs	3.0
999.1029445321533	0.01802250000002914	epochs	3.0
999.1209670321533	0.03582210000001851	epochs	2.0
999.1209670321533	0.017947899999967376	epochs	3.0
999.1389149321533	0.017874200000051133	epochs	3.0
999.1567891321533	0.03552899999999681	epochs	2.0
999.1567891321533	0.017800800000031813	epochs	3.0
999.1745899321534	0.017728199999965	epochs	3.0
999.1923181321533	0.03524070000003121	epochs	2.0
999.1923181321533	0.017656099999953767	epochs	3.0
999.2099742321533	0.017584600000077444	epochs	3.0
999.2275588321534	0.03495709999992869	epochs	2.0
999.2275588321534	0.01751369999999497	epochs	3.0
999.2450725321534	0.017443399999933717	epochs	3.0
999.2625159321533	0.03467790000001969	epochs	2.0
999.2625159321533	0.017373600000041733	epochs	3.0
999.2798895321533	0.017304299999977957	epochs	3.0
999.2971938321533	0.03440330000000813	epochs	2.0
999.2971938321533	0.01723570000001473	epochs	3.0
999.3144295321533	0.0171675999999934	epochs	3.0
999.3315971321533	0.03413279999995211	epochs	2.0
999.3315971321533	0.01709989999994832	epochs	3.0
999.3486970321533	0.017032900000003792	epochs	3.0
999.3657299321533	0.03386670000008962	epochs	2.0
999.3657299321533	0.01696640000000116	epochs	3.0
999.3826963321533	0.016900300000088464	epochs	3.0
999.3995966321534	0.03360459999998966	epochs	2.0
999.3995966321534	0.01683479999996962	epochs	3.0
999.4164314321533	0.01676980000002004	epochs	3.0
999.4332012321534	0.033346599999958926	epochs	2.0
999.4332012321534	0.016705300000012357	epochs	3.0
999.4499065321534	0.01664129999994657	epochs	3.0
999.4665478321533	0.03309250000006614	epochs	2.0
999.4665478321533	0.016577800000050047	epochs	3.0
999.4831256321534	0.01651470000001609	epochs	3.0
999.4996403321534	0.03284229999997024	epochs	2.0
999.4996403321534	0.016452199999889672	epochs	3.0
999.5160925321533	0.016390100000080565	epochs	3.0
999.5324826321533	0.03259570000000167	epochs	2.0
999.5324826321533	0.016328400000020338	epochs	3.0
999.5488110321534	0.016267299999981333	epochs	3.0
999.5650783321533	0.032352899999978035	epochs	2.0
999.5650783321533	0.01620659999991858	epochs	3.0
999.5812849321533	0.016146300000059455	epochs	3.0
999.5974312321533	0.03211369999996805	epochs	2.0
999.5974312321533	0.016086599999994178	epochs	3.0
999.6135178321533	0.01602709999997387	epochs	3.0
999.6295449321533	0.03187800000000607	epochs	2.0
999.6295449321533	0.015968199999974786	epochs	3.0
999.6455131321533	0.015909800000031282	epochs	3.0
999.6614229321533	0.031645700000012766	epochs	2.0
999.6614229321533	0.01585160000001906	epochs	3.0
999.6772745321533	0.015794099999993705	epochs	3.0
999.6930686321533	0.0314167000000225	epochs	2.0
999.6930686321533	0.015736700000047676	epochs	3.0
999.7088053321534	0.015679999999974825	epochs	3.0
999.7244853321533	0.031191100000000915	epochs	2.0
999.7244853321533	0.015623600000026272	epochs	3.0
999.7401089321534	0.015567499999974643	epochs	3.0
999.7556764321533	0.030968700000016725	epochs	2.0
999.7556764321533	0.015511999999944237	epochs	3.0
999.7711884321533	0.015456700000072487	epochs	3.0
999.7866451321534	0.030749499999956242	epochs	2.0
999.7866451321534	0.015401999999994587	epochs	3.0
999.8020471321533	0.015347499999961656	epochs	3.0
999.8173946321533	0.03053320000003623	epochs	2.0
999.8173946321533	0.015293400000018664	epochs	3.0
999.8326880321533	0.015239800000017567	epochs	3.0
999.8479278321533	0.030320099999926242	epochs	2.0
999.8479278321533	0.015186500000027081	epochs	3.0
999.8631143321534	0.015133599999899161	epochs	3.0
999.8782479321533	0.03010990000007041	epochs	2.0
999.8782479321533	0.015081000000009226	epochs	3.0
999.8933289321533	0.015028900000061185	epochs	3.0
999.9083578321533	0.029902499999934662	epochs	2.0
999.9083578321533	0.01497699999993074	epochs	3.0
999.9233348321533	0.014925500000003922	epochs	3.0
999.9382603321533	0.029698100000018712	epochs	2.0
999.9382603321533	0.014874400000053356	epochs	3.0
999.9531347321533	0.014823699999965356	epochs	3.0
999.9679584321533	0.02949630000000525	epochs	2.0
999.9679584321533	0.014773200000036013	epochs	3.0
999.9827316321533	0.014723099999969236	epochs	3.0
999.9974547321533	0.02929740000001857	epochs	2.0
999.9974547321533	0.014673399999992398	epochs	3.0
1000.0121281321533	0.014624000000026172	epochs	3.0
1000.0267521321533	0.029101100000048064	epochs	2.0
1000.0267521321533	0.01457489999995687	epochs	3.0
1000.0413270321533	0.014526200000091194	epochs	3.0
1000.0558532321534	0.028907399999980044	epochs	2.0
1000.0558532321534	0.014477699999929428	epochs	3.0
1000.0703309321533	0.014429700000050616	epochs	3.0
1000.0847606321533	0.028716199999962555	epochs	2.0
1000.0847606321533	0.014381800000023759	epochs	3.0
1000.0991424321534	0.014334399999938796	epochs	3.0
1000.1134768321533	0.02852759999996124	epochs	2.0
1000.1134768321533	0.01428720000001249	epochs	3.0
1000.1277640321533	0.01424039999994875	epochs	3.0
1000.1420044321533	0.028341400000044814	epochs	2.0
1000.1420044321533	0.014193800000043666	epochs	3.0
1000.1561982321533	0.014147600000001148	epochs	3.0
1000.1703458321533	0.028157699999951546	epochs	2.0
1000.1703458321533	0.014101699999969242	epochs	3.0
1000.1844475321533	0.014055999999982305	epochs	3.0
1000.1985035321533	0.027976300000091214	epochs	2.0
1000.1985035321533	0.01401060000000598	epochs	3.0
1000.2125141321533	0.013965700000085235	epochs	3.0
1000.2264798321534	0.02779720000000907	epochs	2.0
1000.2264798321534	0.013920799999937117	epochs	3.0
1000.2404006321533	0.013876400000071953	epochs	3.0
1000.2542770321534	0.027620399999932488	epochs	2.0
1000.2542770321534	0.0138321999999107	epochs	3.0
1000.2681092321533	0.013788200000021789	epochs	3.0
1000.2818974321533	0.027445899999975154	epochs	2.0
1000.2818974321533	0.013744599999995444	epochs	3.0
1000.2956420321533	0.01370129999997971	epochs	3.0
1000.3093433321533	0.0272735000000921	epochs	2.0
1000.3093433321533	0.013658200000008947	epochs	3.0
1000.3230015321533	0.013615300000083153	epochs	3.0
1000.3366168321534	0.027103399999987232	epochs	2.0
1000.3366168321534	0.013572799999906238	epochs	3.0
1000.3501896321533	0.013530600000080995	epochs	3.0
1000.3637202321534	0.026935199999911674	epochs	2.0
1000.3637202321534	0.01348839999991469	epochs	3.0
1000.3772086321533	0.013446799999996983	epochs	3.0
1000.3906554321533	0.02676920000010341	epochs	2.0
1000.3906554321533	0.013405200000079276	epochs	3.0
1000.4040606321533	0.013364000000024134	epochs	3.0
1000.4174246321534	0.026605199999949036	epochs	2.0
1000.4174246321534	0.013322899999934634	epochs	3.0
1000.4307475321533	0.013282300000014402	epochs	3.0
1000.4440298321533	0.026443200000016986	epochs	2.0
1000.4440298321533	0.013241699999980483	epochs	3.0
1000.4572715321533	0.013201500000036503	epochs	3.0
1000.4704730321533	0.0262831999999662	epochs	2.0
1000.4704730321533	0.013161500000023807	epochs	3.0
1000.4836345321534	0.013121699999942393	epochs	3.0
1000.4967562321533	0.02612499999997908	epochs	2.0
1000.4967562321533	0.013082100000019636	epochs	3.0
1000.5098383321533	0.013042899999959445	epochs	3.0
1000.5228812321533	0.025968900000066242	epochs	2.0
1000.5228812321533	0.01300390000005791	epochs	3.0
1000.5358851321533	0.012965000000008331	epochs	3.0
1000.5488501321533	0.025814500000024054	epochs	2.0
1000.5488501321533	0.012926399999969362	epochs	3.0
1000.5617765321533	0.012888100000054692	epochs	3.0
1000.5746646321534	0.025661899999931848	epochs	2.0
1000.5746646321534	0.012849899999991976	epochs	3.0
1000.5875145321534	0.012811999999939871	epochs	3.0
1000.6003265321533	0.025511199999982637	epochs	2.0
1000.6003265321533	0.012774400000012065	epochs	3.0
1000.6131009321533	0.012736799999970572	epochs	3.0
1000.6258377321533	0.025362299999983406	epochs	2.0
1000.6258377321533	0.01269969999998466	epochs	3.0
1000.6385374321533	0.012662599999998747	epochs	3.0
1000.6512000321533	0.025215000000002874	epochs	2.0
1000.6512000321533	0.012625800000023446	epochs	3.0
1000.6638258321533	0.012589199999979428	epochs	3.0
1000.6764150321533	0.024584800000070572	epochs	2.0
1000.6993998321533	0.5	epochs	-1.0
1000.7009998321533	0.519839999999931	epochs	1.0
1001.2208398321533	0.4800800000000436	epochs	0.0
1002.21399974823	0.10000000000002274	epochs	0.0
1002.21399974823	0.04499999999995907	epochs	1.0
1002.2589997482299	0.009999999999990905	epochs	1.0
1002.2689997482299	0.04500000000007276	epochs	1.0
1002.31399974823	2.0	epochs	0.0
1004.31399974823	21.99992000000009	epochs	0.0
1004.31399974823	1.0	epochs	1.0
1004.31399974823	0.5	epochs	-1.0
1004.81399974823	19.99840000000006	epochs	-1.0
1005.31399974823	19.999999999999886	epochs	1.0
1005.31399974823	4.356753899999944	epochs	-1.0
1005.31399974823	1.9745871999999736	epochs	2.0
1005.31399974823	1.0985621999999466	epochs	3.0
1006.41256194823	0.8760250000000269	epochs	3.0
1007.28858694823	1.3524075000000266	epochs	2.0
1007.28858694823	0.7286354999999958	epochs	3.0
1008.01722244823	0.6237720000000309	epochs	3.0
1008.64099444823	1.029759199999944	epochs	2.0
1008.64099444823	0.5453292999999348	epochs	3.0
1009.1863237482299	0.4844299000000092	epochs	3.0
1009.67075364823	0.8317862000000105	epochs	2.0
1009.67075364823	0.4357763000000432	epochs	3.0
1010.10652994823	0.3960098999999673	epochs	3.0
1010.50253984823	0.6977970000000369	epochs	2.0
1010.50253984823	0.3628982000000178	epochs	3.0
1010.86543804823	0.33489880000001904	epochs	3.0
1011.20033684823	0.601045699999986	epochs	2.0
1011.20033684823	0.3109123000000409	epochs	3.0
1011.51124914823	0.29013339999994514	epochs	3.0
1011.80138254823	0.5278859000000011	epochs	2.0
1011.80138254823	0.2719585999999481	epochs	3.0
1012.0733411482299	0.25592730000005304	epochs	3.0
1012.32926844823	0.470619299999953	epochs	2.0
1012.32926844823	0.241681299999982	epochs	3.0
1012.57094974823	0.228937999999971	epochs	3.0
1012.7998877482299	0.42457039999999324	epochs	2.0
1012.7998877482299	0.21747140000002219	epochs	3.0
1013.01735914823	0.20709899999997106	epochs	3.0
1013.2244581482299	0.3867354000000205	epochs	2.0
1013.2244581482299	0.19767110000009325	epochs	3.0
1013.42212924823	0.18906429999992724	epochs	3.0
1013.61119354823	0.3550953000000163	epochs	2.0
1013.61119354823	0.18117590000008477	epochs	3.0
1013.79236944823	0.17391939999993156	epochs	3.0
1013.96628884823	0.3282431000000088	epochs	2.0
1013.96628884823	0.1672219000000723	epochs	3.0
1014.13351074823	0.16102119999993647	epochs	3.0
1014.29453194823	0.30516799999998057	epochs	2.0
1014.29453194823	0.15526390000002266	epochs	3.0
1014.44979584823	0.1499040999999579	epochs	3.0
1014.59969994823	0.28512530000000424	epochs	2.0
1014.59969994823	0.1449021000000812	epochs	3.0
1014.74460204823	0.14022319999992305	epochs	3.0
1014.88482524823	0.2675537999999733	epochs	2.0
1014.88482524823	0.1358369000000721	epochs	3.0
1015.02066214823	0.13171689999990122	epochs	3.0
1015.1523790482299	0.2520229000000427	epochs	2.0
1015.1523790482299	0.1278393000000051	epochs	3.0
1015.2802183482299	0.12418360000003759	epochs	3.0
1015.40440194823	0.23819649999995818	epochs	2.0
1015.40440194823	0.12073110000005727	epochs	3.0
1015.52513304823	0.11746539999990091	epochs	3.0
1015.6425984482299	0.2258088000000953	epochs	2.0
1015.6425984482299	0.11437190000003739	epochs	3.0
1015.75697034823	0.1114369000000579	epochs	3.0
1015.86840724823	0.21464599999990241	epochs	2.0
1015.86840724823	0.10864889999993466	epochs	3.0
1015.97705614823	0.10599709999996776	epochs	3.0
1016.0830532482299	0.20453500000007807	epochs	2.0
1016.0830532482299	0.10347150000006877	epochs	3.0
1016.18652474823	0.1010635000000093	epochs	3.0
1016.28758824823	0.19533400000000256	epochs	2.0
1016.28758824823	0.09876509999992322	epochs	3.0
1016.3863533482299	0.09656890000007934	epochs	3.0
1016.48292224823	0.18692529999998442	epochs	2.0
1016.48292224823	0.09446830000001682	epochs	3.0
1016.57739054823	0.09245699999996759	epochs	3.0
1016.66984754823	0.17921069999999872	epochs	2.0
1016.66984754823	0.09052959999996801	epochs	3.0
1016.76037714823	0.08868110000003071	epochs	3.0
1016.84905824823	0.17210769999996955	epochs	2.0
1016.84905824823	0.08690630000000965	epochs	3.0
1016.93596454823	0.0852013999999599	epochs	3.0
1017.02116594823	0.16554640000003928	epochs	2.0
1017.02116594823	0.08356190000006336	epochs	3.0
1017.10472784823	0.08198449999997592	epochs	3.0
1017.18671234823	0.15946710000002895	epochs	2.0
1017.18671234823	0.08046539999998004	epochs	3.0
1017.26717774823	0.07900170000004891	epochs	3.0
1017.34617944823	0.15381839999997737	epochs	2.0
1017.34617944823	0.07759009999995214	epochs	3.0
1017.42376954823	0.07622830000002523	epochs	3.0
1017.49999784823	0.14855639999996129	epochs	2.0
1017.49999784823	0.07491329999993468	epochs	3.0
1017.57491114823	0.0736431000000266	epochs	3.0
1017.64855424823	0.14364239999997608	epochs	2.0
1017.64855424823	0.07241499999997814	epochs	3.0
1017.72096924823	0.07122739999999794	epochs	3.0
1017.79219664823	0.13904309999998077	epochs	2.0
1017.79219664823	0.07007800000008046	epochs	3.0
1017.86227464823	0.0689650999999003	epochs	3.0
1017.9312397482299	0.1347293000000036	epochs	2.0
1017.9312397482299	0.0678871000000072	epochs	3.0
1017.9991268482299	0.06684219999999641	epochs	3.0
1018.0659690482299	0.1306752000000415	epochs	2.0
1018.0659690482299	0.06582910000008724	epochs	3.0
1018.13179814823	0.06484609999995428	epochs	3.0
1018.19664424823	0.12685780000003888	epochs	2.0
1018.19664424823	0.06389200000000983	epochs	3.0
1018.26053624823	0.06296580000002905	epochs	3.0
1018.32350204823	0.12325720000001184	epochs	2.0
1018.32350204823	0.062065799999913907	epochs	3.0
1018.3855678482299	0.06119140000009793	epochs	3.0
1018.44675924823	0.11985540000000583	epochs	2.0
1018.44675924823	0.060341099999959624	epochs	3.0
1018.50710034823	0.059514300000046205	epochs	3.0
1018.56661464823	0.1166361999999026	epochs	2.0
1018.56661464823	0.058709599999929196	epochs	3.0
1018.62532424823	0.057926599999973405	epochs	3.0
1018.6832508482299	0.11358560000007856	epochs	2.0
1018.6832508482299	0.05716420000010203	epochs	3.0
1018.74041504823	0.05642139999997653	epochs	3.0
1018.79683644823	0.11069049999991876	epochs	2.0
1018.79683644823	0.05569789999992736	epochs	3.0
1018.8525343482299	0.0549925999999914	epochs	3.0
1018.9075269482299	0.1079391000000669	epochs	2.0
1018.9075269482299	0.05430490000003374	epochs	3.0
1018.96183184823	0.05363420000003316	epochs	3.0
1019.01546604823	0.10532149999994544	epochs	2.0
1019.01546604823	0.05297999999993408	epochs	3.0
1019.0684460482299	0.052341500000011365	epochs	3.0
1019.1207875482299	0.10282760000006874	epochs	2.0
1019.1207875482299	0.05171810000001642	epochs	3.0
1019.17250564823	0.05110950000005232	epochs	3.0
1019.22361514823	0.10044909999999163	epochs	2.0
1019.22361514823	0.05051489999993919	epochs	3.0
1019.27413004823	0.04993420000005244	epochs	3.0
1019.32406424823	0.0981782999999723	epochs	2.0
1019.32406424823	0.04936659999998483	epochs	3.0
1019.37343084823	0.04881169999998747	epochs	3.0
1019.42224254823	0.09600780000005216	epochs	2.0
1019.42224254823	0.04826920000004975	epochs	3.0
1019.47051174823	0.04773860000000241	epochs	3.0
1019.51825034823	0.09393119999992905	epochs	2.0
1019.51825034823	0.04721949999998287	epochs	3.0
1019.56546984823	0.04671169999994618	epochs	3.0
1019.61218154823	0.09194260000003851	epochs	2.0
1019.61218154823	0.046214599999984785	epochs	3.0
1019.6583961482299	0.045728000000053726	epochs	3.0
1019.70412414823	0.09003629999995155	epochs	2.0
1019.70412414823	0.045251499999949374	epochs	3.0
1019.74937564823	0.04478480000000218	epochs	3.0
1019.79416044823	0.08820760000003247	epochs	2.0
1019.79416044823	0.044327800000019124	epochs	3.0
1019.83848824823	0.04387980000001335	epochs	3.0
1019.88236804823	0.0864516999999978	epochs	2.0
1019.88236804823	0.04344100000002982	epochs	3.0
1019.92580904823	0.04301069999996798	epochs	3.0
1019.96881974823	0.08476429999996071	epochs	2.0
1019.96881974823	0.04258900000002086	epochs	3.0
1020.01140874823	0.04217529999993985	epochs	3.0
1020.0535840482299	0.08314150000001064	epochs	2.0
1020.0535840482299	0.04176970000003166	epochs	3.0
1020.09535374823	0.041371799999978975	epochs	3.0
1020.13672554823	0.08157970000002024	epochs	2.0
1020.13672554823	0.04098140000007788	epochs	3.0
1020.17770694823	0.040598299999942355	epochs	3.0
1020.21830524823	0.08007550000002084	epochs	2.0
1020.21830524823	0.04022229999998217	epochs	3.0
1020.25852754823	0.03985320000003867	epochs	3.0
1020.29838074823	0.07862569999997504	epochs	2.0
1020.29838074823	0.0394907999999532	epochs	3.0
1020.3378715482299	0.039134900000021844	epochs	3.0
1020.37700644823	0.07722760000001472	epochs	2.0
1020.37700644823	0.038785400000051595	epochs	3.0
1020.41579184823	0.03844219999996312	epochs	3.0
1020.45423404823	0.07587820000003376	epochs	2.0
1020.45423404823	0.038104800000041905	epochs	3.0
1020.49233884823	0.03777339999999185	epochs	3.0
1020.53011224823	0.07457519999991291	epochs	2.0
1020.53011224823	0.03744769999991604	epochs	3.0
1020.5675599482299	0.03712749999999687	epochs	3.0
1020.6046874482299	0.07331630000010136	epochs	2.0
1020.6046874482299	0.0368129000000863	epochs	3.0
1020.64150034823	0.03650340000001506	epochs	3.0
1020.67800374823	0.07209899999998015	epochs	2.0
1020.67800374823	0.03619909999997617	epochs	3.0
1020.71420284823	0.03589990000000398	epochs	3.0
1020.75010274823	0.07092169999998532	epochs	2.0
1020.75010274823	0.03560559999993984	epochs	3.0
1020.78570834823	0.03531610000004548	epochs	3.0
1020.82102444823	0.06978200000003199	epochs	2.0
1020.82102444823	0.03503119999993487	epochs	3.0
1020.8560556482299	0.034750800000097115	epochs	3.0
1020.89080644823	0.06867859999999837	epochs	2.0
1020.89080644823	0.03447510000000875	epochs	3.0
1020.92528154823	0.03420349999998962	epochs	3.0
1020.95948504823	0.06760929999995824	epochs	2.0
1020.95948504823	0.033936199999970995	epochs	3.0
1020.99342124823	0.033673099999987244	epochs	3.0
1021.02709434823	0.06657289999998284	epochs	2.0
1021.02709434823	0.03341399999999339	epochs	3.0
1021.06050834823	0.033158899999989444	epochs	3.0
1021.09366724823	0.06556780000005347	epochs	2.0
1021.09366724823	0.032907700000009754	epochs	3.0
1021.12657494823	0.03266010000004371	epochs	3.0
1021.15923504823	0.06459259999996902	epochs	2.0
1021.15923504823	0.032416399999988244	epochs	3.0
1021.19165144823	0.03217619999998078	epochs	3.0
1021.22382764823	0.0636459999999488	epochs	2.0
1021.22382764823	0.03193959999998697	epochs	3.0
1021.25576724823	0.03170639999996183	epochs	3.0
1021.2874736482299	0.06272670000009839	epochs	2.0
1021.2874736482299	0.03147660000001906	epochs	3.0
1021.31895024823	0.03125010000007933	epochs	3.0
1021.35020034823	0.06183359999999993	epochs	2.0
1021.35020034823	0.03102689999991526	epochs	3.0
1021.38122724823	0.030806700000084675	epochs	3.0
1021.41203394823	0.060965599999917686	epochs	2.0
1021.41203394823	0.030589799999916067	epochs	3.0
1021.44262374823	0.030375800000001618	epochs	3.0
1021.47299954823	0.06012160000000222	epochs	2.0
1021.47299954823	0.030164900000045236	epochs	3.0
1021.50316444823	0.02995669999995698	epochs	3.0
1021.53312114823	0.05930069999999432	epochs	2.0
1021.53312114823	0.029751600000054168	epochs	3.0
1021.56287274823	0.029549099999940154	epochs	3.0
1021.59242184823	0.05850180000004457	epochs	2.0
1021.59242184823	0.02934940000000097	epochs	3.0
1021.62177124823	0.0291524000000436	epochs	3.0
1021.65092364823	0.05772419999993872	epochs	2.0
1021.65092364823	0.028957999999988715	epochs	3.0
1021.67988164823	0.028766199999950004	epochs	3.0
1021.7086478482299	0.05696710000006533	epochs	2.0
1021.7086478482299	0.028577000000041153	epochs	3.0
1021.73722484823	0.028390100000024177	epochs	3.0
1021.76561494823	0.05622949999997218	epochs	2.0
1021.76561494823	0.028205699999944045	epochs	3.0
1021.7938206482299	0.028023800000028132	epochs	3.0
1021.82184444823	0.05551070000001346	epochs	2.0
1021.82184444823	0.027843999999959124	epochs	3.0
1021.8496884482299	0.027666700000054334	epochs	3.0
1021.87735514823	0.054810200000019904	epochs	2.0
1021.87735514823	0.02749149999999645	epochs	3.0
1021.90484664823	0.027318700000023455	epochs	3.0
1021.93216534823	0.05412699999999404	epochs	2.0
1021.93216534823	0.027147799999966082	epochs	3.0
1021.95931314823	0.02697920000002796	epochs	3.0
1021.98629234823	0.053460699999959616	epochs	2.0
1021.98629234823	0.0268125999999711	epochs	3.0
1022.01310494823	0.026648099999988517	epochs	3.0
1022.03975304823	0.05281070000000909	epochs	2.0
1022.03975304823	0.026485600000000886	epochs	3.0
1022.06623864823	0.026325100000008206	epochs	3.0
1022.09256374823	0.05217619999996259	epochs	2.0
1022.09256374823	0.026166399999965506	epochs	3.0
1022.1187301482299	0.026009799999997085	epochs	3.0
1022.1447399482299	0.05155670000010559	epochs	2.0
1022.1447399482299	0.025854800000047362	epochs	3.0
1022.17059474823	0.02570190000005823	epochs	3.0
1022.19629664823	0.05095189999997274	epochs	2.0
1022.19629664823	0.025550699999939752	epochs	3.0
1022.22184734823	0.025401200000032986	epochs	3.0
1022.24724854823	0.05036099999995258	epochs	2.0
1022.24724854823	0.025253499999962514	epochs	3.0
1022.27250204823	0.02510749999999007	epochs	3.0
1022.29760954823	0.049783800000000156	epochs	2.0
1022.29760954823	0.02496320000000196	epochs	3.0
1022.32257274823	0.024820599999998194	epochs	3.0
1022.34739334823	0.049219500000049266	epochs	2.0
1022.34739334823	0.02467940000008184	epochs	3.0
1022.37207274823	0.024540099999967424	epochs	3.0
1022.39661284823	0.048667899999941255	epochs	2.0
1022.39661284823	0.02440209999997478	epochs	3.0
1022.42101494823	0.024265799999966475	epochs	3.0
1022.44528074823	0.04812860000004093	epochs	2.0
1022.44528074823	0.024131000000011227	epochs	3.0
1022.46941174823	0.023997600000029706	epochs	3.0
1022.49340934823	0.04760109999995166	epochs	2.0
1022.49340934823	0.023865799999953197	epochs	3.0
1022.5172751482299	0.02373529999999846	epochs	3.0
1022.5410104482299	0.047085000000038235	epochs	2.0
1022.5410104482299	0.02360630000009678	epochs	3.0
1022.56461674823	0.023478699999941455	epochs	3.0
1022.58809544823	0.046579999999948996	epochs	2.0
1022.58809544823	0.02335249999998723	epochs	3.0
1022.61144794823	0.023227499999961765	epochs	3.0
1022.6346754482299	0.046085700000048746	epochs	2.0
1022.6346754482299	0.023104000000103042	epochs	3.0
1022.65777944823	0.022981699999945704	epochs	3.0
1022.68076114823	0.045601799999985815	epochs	2.0
1022.68076114823	0.022860700000023826	epochs	3.0
1022.70362184823	0.02274109999996199	epochs	3.0
1022.72636294823	0.04512790000001132	epochs	2.0
1022.72636294823	0.022622500000011314	epochs	3.0
1022.74898544823	0.02250540000000001	epochs	3.0
1022.77149084823	0.044663799999966614	epochs	2.0
1022.77149084823	0.02238929999998618	epochs	3.0
1022.79388014823	0.022274499999980435	epochs	3.0
1022.8161546482299	0.04420920000006845	epochs	2.0
1022.8161546482299	0.022160800000051495	epochs	3.0
1022.83831544823	0.022048400000016954	epochs	3.0
1022.86036384823	0.04376359999992019	epochs	2.0
1022.86036384823	0.021936900000014248	epochs	3.0
1022.88230074823	0.02182669999990594	epochs	3.0
1022.9041274482299	0.04332710000005591	epochs	2.0
1022.9041274482299	0.02171760000010181	epochs	3.0
1022.92584504823	0.021609499999954096	epochs	3.0
1022.94745454823	0.04289900000003399	epochs	2.0
1022.94745454823	0.02150249999999687	epochs	3.0
1022.96895704823	0.021396500000037122	epochs	3.0
1022.99035354823	0.042479500000013104	epochs	2.0
1022.99035354823	0.02129170000000613	epochs	3.0
1023.01164524823	0.021187800000006973	epochs	3.0
1023.03283304823	0.04206789999989269	epochs	2.0
1023.03283304823	0.02108490000000529	epochs	3.0
1023.05391794823	0.020982999999887397	epochs	3.0
1023.0749009482299	0.04166440000005878	epochs	2.0
1023.0749009482299	0.02088220000007368	epochs	3.0
1023.09578314823	0.020782199999985096	epochs	3.0
1023.11656534823	0.04126850000000104	epochs	2.0
1023.11656534823	0.020683299999973315	epochs	3.0
1023.13724864823	0.020585200000027726	epochs	3.0
1023.15783384823	0.04088000000001557	epochs	2.0
1023.15783384823	0.020488099999965925	epochs	3.0
1023.17832194823	0.020391900000049645	epochs	3.0
1023.19871384823	0.04049880000002304	epochs	2.0
1023.19871384823	0.020296599999937825	epochs	3.0
1023.2190104482299	0.020202200000085213	epochs	3.0
1023.23921264823	0.040124599999899146	epochs	2.0
1023.23921264823	0.020108699999923374	epochs	3.0
1023.25932134823	0.020015899999975773	epochs	3.0
1023.2793372482299	0.03975730000001931	epochs	2.0
1023.2793372482299	0.019924200000104975	epochs	3.0
1023.29926144823	0.01983309999991434	epochs	3.0
1023.3190945482299	0.03939669999999751	epochs	2.0
1023.3190945482299	0.01974300000006224	epochs	3.0
1023.33883754823	0.01965369999993527	epochs	3.0
1023.3584912482299	0.039042400000084854	epochs	2.0
1023.3584912482299	0.01956510000002254	epochs	3.0
1023.37805634823	0.019477300000062314	epochs	3.0
1023.39753364823	0.03869459999998526	epochs	2.0
1023.39753364823	0.01939039999990655	epochs	3.0
1023.4169240482299	0.01930420000007871	epochs	3.0
1023.43622824823	0.03835289999994984	epochs	2.0
1023.43622824823	0.019218799999976	epochs	3.0
1023.45544704823	0.01913409999997384	epochs	3.0
1023.47458114823	0.03801720000001296	epochs	2.0
1023.47458114823	0.019050200000037876	epochs	3.0
1023.49363134823	0.018966999999975087	epochs	3.0
1023.51259834823	0.037687200000050325	epochs	2.0
1023.51259834823	0.01888450000001285	epochs	3.0
1023.53148284823	0.018802700000037476	epochs	3.0
1023.55028554823	0.03736309999999321	epochs	2.0
1023.55028554823	0.018721700000014607	epochs	3.0
1023.56900724823	0.018641399999978603	epochs	3.0
1023.58764864823	0.03704429999993408	epochs	2.0
1023.58764864823	0.01856159999999818	epochs	3.0
1023.60621024823	0.018482699999935903	epochs	3.0
1023.62469294823	0.0367310000000316	epochs	2.0
1023.62469294823	0.018404300000042895	epochs	3.0
1023.64309724823	0.018326699999988705	epochs	3.0
1023.66142394823	0.036422900000047775	epochs	2.0
1023.66142394823	0.018249599999990096	epochs	3.0
1023.67967354823	0.01817330000005768	epochs	3.0
1023.69784684823	0.03612009999994825	epochs	2.0
1023.69784684823	0.01809759999991911	epochs	3.0
1023.71594444823	0.01802250000002914	epochs	3.0
1023.73396694823	0.03582210000001851	epochs	2.0
1023.73396694823	0.017947899999967376	epochs	3.0
1023.75191484823	0.017874200000051133	epochs	3.0
1023.76978904823	0.03552899999999681	epochs	2.0
1023.76978904823	0.017800800000031813	epochs	3.0
1023.78758984823	0.017728199999965	epochs	3.0
1023.80531804823	0.03524070000003121	epochs	2.0
1023.80531804823	0.017656099999953767	epochs	3.0
1023.82297414823	0.017584600000077444	epochs	3.0
1023.84055874823	0.03495709999992869	epochs	2.0
1023.84055874823	0.01751369999999497	epochs	3.0
1023.85807244823	0.017443399999933717	epochs	3.0
1023.87551584823	0.03467790000001969	epochs	2.0
1023.87551584823	0.017373600000041733	epochs	3.0
1023.89288944823	0.017304299999977957	epochs	3.0
1023.91019374823	0.03440330000000813	epochs	2.0
1023.91019374823	0.01723570000001473	epochs	3.0
1023.92742944823	0.0171675999999934	epochs	3.0
1023.94459704823	0.03413279999995211	epochs	2.0
1023.94459704823	0.01709989999994832	epochs	3.0
1023.9616969482299	0.017032900000003792	epochs	3.0
1023.9787298482299	0.03386670000008962	epochs	2.0
1023.9787298482299	0.01696640000000116	epochs	3.0
1023.9956962482299	0.016900300000088464	epochs	3.0
1024.01259654823	0.03360459999998966	epochs	2.0
1024.01259654823	0.01683479999996962	epochs	3.0
1024.02943134823	0.01676980000002004	epochs	3.0
1024.04620114823	0.033346599999958926	epochs	2.0
1024.04620114823	0.016705300000012357	epochs	3.0
1024.06290644823	0.01664129999994657	epochs	3.0
1024.07954774823	0.03309250000006614	epochs	2.0
1024.07954774823	0.016577800000050047	epochs	3.0
1024.09612554823	0.01651470000001609	epochs	3.0
1024.11264024823	0.03284229999985655	epochs	2.0
1024.11264024823	0.01645220000000336	epochs	3.0
1024.12909244823	0.01639009999985319	epochs	3.0
1024.14548254823	0.03259570000000167	epochs	2.0
1024.14548254823	0.016328400000020338	epochs	3.0
1024.16181094823	0.016267299999981333	epochs	3.0
1024.17807824823	0.032352899999978035	epochs	2.0
1024.17807824823	0.016206600000032267	epochs	3.0
1024.19428484823	0.016146299999945768	epochs	3.0
1024.2104311482299	0.032113700000081735	epochs	2.0
1024.2104311482299	0.016086600000107865	epochs	3.0
1024.22651774823	0.01602709999997387	epochs	3.0
1024.24254484823	0.03187800000000607	epochs	2.0
1024.24254484823	0.015968200000088473	epochs	3.0
1024.25851304823	0.015909799999917595	epochs	3.0
1024.27442284823	0.03164570000012645	epochs	2.0
1024.27442284823	0.015851599999905375	epochs	3.0
1024.2902744482299	0.01579410000022108	epochs	3.0
1024.30606854823	0.031416699999908815	epochs	2.0
1024.30606854823	0.01573669999993399	epochs	3.0
1024.32180524823	0.015679999999974825	epochs	3.0
1024.33748524823	0.03119109999988723	epochs	2.0
1024.33748524823	0.015623600000026272	epochs	3.0
1024.35310884823	0.015567499999860956	epochs	3.0
1024.3686763482299	0.03096870000013041	epochs	2.0
1024.3686763482299	0.01551200000017161	epochs	3.0
1024.38418834823	0.0154566999999588	epochs	3.0
1024.39964504823	0.030749499999956242	epochs	2.0
1024.39964504823	0.015401999999994587	epochs	3.0
1024.41504704823	0.015347499999961656	epochs	3.0
1024.43039454823	0.03053320000003623	epochs	2.0
1024.43039454823	0.015293400000018664	epochs	3.0
1024.44568794823	0.015239800000017567	epochs	3.0
1024.46092774823	0.030320099999926242	epochs	2.0
1024.46092774823	0.015186500000027081	epochs	3.0
1024.47611424823	0.015133599999899161	epochs	3.0
1024.49124784823	0.03010990000007041	epochs	2.0
1024.49124784823	0.015081000000009226	epochs	3.0
1024.50632884823	0.015028900000061185	epochs	3.0
1024.52135774823	0.029902499999934662	epochs	2.0
1024.52135774823	0.014977000000044427	epochs	3.0
1024.53633474823	0.014925499999890235	epochs	3.0
1024.55126024823	0.0296981000001324	epochs	2.0
1024.55126024823	0.014874400000053356	epochs	3.0
1024.56613464823	0.014823700000079043	epochs	3.0
1024.58095834823	0.029496299999891562	epochs	2.0
1024.58095834823	0.01477319999980864	epochs	3.0
1024.5957315482299	0.014723100000082923	epochs	3.0
1024.61045464823	0.029297400000132257	epochs	2.0
1024.61045464823	0.014673399999992398	epochs	3.0
1024.62512804823	0.014624000000139858	epochs	3.0
1024.63975204823	0.029101099999934377	epochs	2.0
1024.63975204823	0.014574899999843183	epochs	3.0
1024.65432694823	0.014526200000091194	epochs	3.0
1024.66885314823	0.028907399999980044	epochs	2.0
1024.66885314823	0.014477700000043114	epochs	3.0
1024.68333084823	0.014429699999936929	epochs	3.0
1024.69776054823	0.028716199999962555	epochs	2.0
1024.69776054823	0.014381799999910072	epochs	3.0
1024.71214234823	0.014334400000052483	epochs	3.0
1024.72647674823	0.02852759999996124	epochs	2.0
1024.72647674823	0.014287199999898803	epochs	3.0
1024.7407639482299	0.014240400000062436	epochs	3.0
1024.75500434823	0.028341400000044814	epochs	2.0
1024.75500434823	0.014193800000157353	epochs	3.0
1024.76919814823	0.014147599999887461	epochs	3.0
1024.78334574823	0.028157700000065233	epochs	2.0
1024.78334574823	0.014101700000082928	epochs	3.0
1024.79744744823	0.014055999999982305	epochs	3.0
1024.81150344823	0.02797629999986384	epochs	2.0
1024.81150344823	0.014010599999892293	epochs	3.0
1024.82551404823	0.013965699999971548	epochs	3.0
1024.83947974823	0.027797200000122757	epochs	2.0
1024.83947974823	0.013920800000050804	epochs	3.0
1024.85340054823	0.013876400000071953	epochs	3.0
1024.86727694823	0.027620399999932488	epochs	2.0
1024.86727694823	0.013832200000024386	epochs	3.0
1024.88110914823	0.013788199999908102	epochs	3.0
1024.89489734823	0.027445899999975154	epochs	2.0
1024.89489734823	0.01374460000010913	epochs	3.0
1024.90864194823	0.013701299999866023	epochs	3.0
1024.92234324823	0.0272735000000921	epochs	2.0
1024.92234324823	0.013658200000008947	epochs	3.0
1024.93600144823	0.013615300000083153	epochs	3.0
1024.94961674823	0.027103399999987232	epochs	2.0
1024.94961674823	0.013572800000019924	epochs	3.0
1024.96318954823	0.013530599999967308	epochs	3.0
1024.97672014823	0.02693520000002536	epochs	2.0
1024.97672014823	0.01348839999991469	epochs	3.0
1024.99020854823	0.01344680000011067	epochs	3.0
1025.00365534823	0.026769199999989723	epochs	2.0
1025.00365534823	0.013405199999851902	epochs	3.0
1025.01706054823	0.013364000000137821	epochs	3.0
1025.03042454823	0.026605199999949036	epochs	2.0
1025.03042454823	0.013322900000048321	epochs	3.0
1025.04374744823	0.013282299999900715	epochs	3.0
1025.05702974823	0.0264431999999033	epochs	2.0
1025.05702974823	0.013241699999980483	epochs	3.0
1025.07027144823	0.013201499999922817	epochs	3.0
1025.0834729482299	0.026283200000079887	epochs	2.0
1025.0834729482299	0.013161500000023807	epochs	3.0
1025.09663444823	0.01312170000005608	epochs	3.0
1025.10975614823	0.02612500000009277	epochs	2.0
1025.10975614823	0.013082100000019636	epochs	3.0
1025.12283824823	0.013042900000073132	epochs	3.0
1025.13588114823	0.025968899999952555	epochs	2.0
1025.13588114823	0.013003899999830537	epochs	3.0
1025.1488850482299	0.012965000000122018	epochs	3.0
1025.16185004823	0.025814500000024054	epochs	2.0
1025.16185004823	0.012926399999969362	epochs	3.0
1025.17477644823	0.012888100000054692	epochs	3.0
1025.18766454823	0.025661899999931848	epochs	2.0
1025.18766454823	0.012849899999991976	epochs	3.0
1025.20051444823	0.012811999999939871	epochs	3.0
1025.21332644823	0.025511199999982637	epochs	2.0
1025.21332644823	0.012774400000125752	epochs	3.0
1025.22610084823	0.012736799999856885	epochs	3.0
1025.23883764823	0.025362300000097093	epochs	2.0
1025.23883764823	0.01269969999998466	epochs	3.0
1025.25153734823	0.012662600000112434	epochs	3.0
1025.26419994823	0.025214999999889187	epochs	2.0
1025.26419994823	0.012625800000023446	epochs	3.0
1025.27682574823	0.012589199999865741	epochs	3.0
1025.28941494823	0.024584799999956886	epochs	2.0
1025.31239974823	0.5	epochs	-1.0
1025.31399974823	0.999920000000202	epochs	1.0
1025.81239974823	0.5	epochs	-1.0
1027.3899998664856	0.09999999999990905	epochs	0.0
1027.3899998664856	0.04500000000007276	epochs	1.0
1027.4349998664857	0.009999999999990905	epochs	1.0
1027.4449998664857	0.044999999999845386	epochs	1.0
1027.4899998664855	2.0	epochs	0.0
1029.4899998664855	0.5001600000000508	epochs	0.0
1029.4899998664855	0.5001600000000508	epochs	1.0
1029.4899998664855	0.5	epochs	-1.0
1029.9899998664855	0.00016000000005078618	epochs	-1.0
1029.9901598664856	21.49976000000015	epochs	0.0
1031.2119998931885	0.09999999999990905	epochs	0.0
1031.2119998931885	0.04500000000007276	epochs	1.0
1031.2569998931885	0.009999999999990905	epochs	1.0
1031.2669998931885	0.044999999999845386	epochs	1.0
1031.3119998931884	2.0	epochs	0.0
1033.3119998931884	0.5	epochs	-1.0
1033.3119998931884	0.5	epochs	0.0
1033.3119998931884	0.5	epochs	1.0
1033.8119998931884	21.499920000000202	epochs	0.0
1047.5809998512268	0.09999999999990905	epochs	0.0
1047.5809998512268	0.04500000000007276	epochs	1.0
1047.6259998512269	0.009999999999990905	epochs	1.0
1047.6359998512269	0.044999999999845386	epochs	1.0
1047.6809998512267	0.2299199999999928	epochs	0.0
1047.6809998512267	0.0500000000001819	epochs	1.0
1047.730999851227	0.009999999999990905	epochs	1.0
1047.740999851227	0.049999999999954525	epochs	1.0
1047.7909998512268	0.009999999999990905	epochs	1.0
1047.8009998512268	0.049999999999954525	epochs	1.0
1047.8509998512268	0.009999999999990905	epochs	1.0
1047.8609998512268	0.04991999999992913	epochs	1.0
