onset	duration	nwb_table	treelevel
8.15999984741211	0.09999999999999964	epochs	0.0
8.15999984741211	0.04499999999999993	epochs	1.0
8.20499984741211	0.009999999999999787	epochs	1.0
8.214999847412109	0.04499999999999993	epochs	1.0
8.259999847412109	0.7049950000000003	epochs	0.0
8.259999847412109	0.5	epochs	-1.0
8.259999847412109	0.5	epochs	-1.0
8.259999847412109	0.5	epochs	1.0
8.759999847412109	0.0600000000000005	epochs	-1.0
8.759999847412109	0.025000000000000355	epochs	-1.0
8.759999847412109	0.025000000000000355	epochs	1.0
8.78499984741211	0.009999999999999787	epochs	-1.0
8.78499984741211	0.009999999999999787	epochs	1.0
8.79499984741211	0.025000000000000355	epochs	-1.0
8.79499984741211	0.025000000000000355	epochs	1.0
8.81999984741211	0.0600000000000005	epochs	-1.0
8.81999984741211	0.025000000000000355	epochs	-1.0
8.81999984741211	0.025000000000000355	epochs	1.0
8.84499984741211	0.009999999999999787	epochs	-1.0
8.84499984741211	0.009999999999999787	epochs	1.0
8.85499984741211	0.025000000000000355	epochs	-1.0
8.85499984741211	0.025000000000000355	epochs	1.0
8.87999984741211	0.05999999999999872	epochs	-1.0
8.87999984741211	0.02499999999999858	epochs	-1.0
8.87999984741211	0.02499999999999858	epochs	1.0
8.904999847412109	0.010000000000001563	epochs	-1.0
8.904999847412109	0.010000000000001563	epochs	1.0
8.91499984741211	0.02499999999999858	epochs	-1.0
8.91499984741211	0.02499999999999858	epochs	1.0
8.939999847412109	0.024995000000000545	epochs	1.0
245.4969997406006	0.09999999999999432	epochs	0.0
245.4969997406006	0.044999999999987494	epochs	1.0
245.54199974060057	0.010000000000019327	epochs	1.0
245.5519997406006	0.044999999999987494	epochs	1.0
245.59699974060058	0.7049949999999967	epochs	0.0
245.59699974060058	0.5	epochs	-1.0
245.59699974060058	0.5	epochs	1.0
246.09699974060058	0.060000000000002274	epochs	-1.0
246.09699974060058	0.025000000000005684	epochs	-1.0
246.09699974060058	0.025000000000005684	epochs	1.0
246.1219997406006	0.009999999999990905	epochs	-1.0
246.1219997406006	0.009999999999990905	epochs	1.0
246.13199974060058	0.025000000000005684	epochs	-1.0
246.13199974060058	0.025000000000005684	epochs	1.0
246.15699974060058	0.060000000000002274	epochs	-1.0
246.15699974060058	0.025000000000005684	epochs	-1.0
246.15699974060058	0.025000000000005684	epochs	1.0
246.1819997406006	0.009999999999990905	epochs	-1.0
246.1819997406006	0.009999999999990905	epochs	1.0
246.19199974060058	0.025000000000005684	epochs	-1.0
246.19199974060058	0.025000000000005684	epochs	1.0
246.21699974060058	0.060000000000002274	epochs	-1.0
246.21699974060058	0.025000000000005684	epochs	-1.0
246.21699974060058	0.025000000000005684	epochs	1.0
246.2419997406006	0.009999999999990905	epochs	-1.0
246.2419997406006	0.009999999999990905	epochs	1.0
246.25199974060058	0.025000000000005684	epochs	-1.0
246.25199974060058	0.025000000000005684	epochs	1.0
246.2769997406006	0.024994999999989886	epochs	1.0
595.8619999885559	0.10000000000002274	epochs	0.0
595.8619999885559	0.04499999999995907	epochs	1.0
595.9069999885559	0.009999999999990905	epochs	1.0
595.9169999885559	0.04500000000007276	epochs	1.0
595.9619999885559	61.384995	epochs	0.0
595.9619999885559	0.5	epochs	-1.0
595.9619999885559	0.5	epochs	-1.0
595.9619999885559	0.5	epochs	1.0
596.4619999885559	0.05999999999994543	epochs	-1.0
596.4619999885559	0.024999999999977263	epochs	-1.0
596.4619999885559	0.024999999999977263	epochs	1.0
596.4869999885559	0.009999999999990905	epochs	-1.0
596.4869999885559	0.009999999999990905	epochs	1.0
596.4969999885559	0.024999999999977263	epochs	-1.0
596.4969999885559	0.024999999999977263	epochs	1.0
596.5219999885559	0.06000000000005912	epochs	-1.0
596.5219999885559	0.024999999999977263	epochs	-1.0
596.5219999885559	0.024999999999977263	epochs	1.0
596.5469999885559	0.010000000000104592	epochs	-1.0
596.5469999885559	0.010000000000104592	epochs	1.0
596.556999988556	0.024999999999977263	epochs	-1.0
596.556999988556	0.024999999999977263	epochs	1.0
596.5819999885559	0.05999999999994543	epochs	-1.0
596.5819999885559	0.024999999999977263	epochs	-1.0
596.5819999885559	0.024999999999977263	epochs	1.0
596.6069999885559	0.009999999999990905	epochs	-1.0
596.6069999885559	0.009999999999990905	epochs	1.0
596.6169999885559	0.024999999999977263	epochs	-1.0
596.6169999885559	0.024999999999977263	epochs	1.0
596.6419999885559	60.0	epochs	1.0
656.6419999885559	0.5	epochs	-1.0
656.6419999885559	0.5	epochs	-1.0
656.6419999885559	0.5	epochs	1.0
657.1419999885559	0.06000000000005912	epochs	-1.0
657.1419999885559	0.024999999999977263	epochs	-1.0
657.1419999885559	0.024999999999977263	epochs	1.0
657.1669999885559	0.010000000000104592	epochs	-1.0
657.1669999885559	0.010000000000104592	epochs	1.0
657.176999988556	0.024999999999977263	epochs	-1.0
657.176999988556	0.024999999999977263	epochs	1.0
657.2019999885559	0.05999999999994543	epochs	-1.0
657.2019999885559	0.024999999999977263	epochs	-1.0
657.2019999885559	0.024999999999977263	epochs	1.0
657.2269999885559	0.009999999999990905	epochs	-1.0
657.2269999885559	0.009999999999990905	epochs	1.0
657.2369999885559	0.024999999999977263	epochs	-1.0
657.2369999885559	0.024999999999977263	epochs	1.0
657.2619999885559	0.06000000000005912	epochs	-1.0
657.2619999885559	0.024999999999977263	epochs	-1.0
657.2619999885559	0.024999999999977263	epochs	1.0
657.2869999885559	0.009999999999990905	epochs	-1.0
657.2869999885559	0.009999999999990905	epochs	1.0
657.2969999885559	0.02500000000009095	epochs	-1.0
657.2969999885559	0.02500000000009095	epochs	1.0
657.321999988556	0.024994999999989886	epochs	1.0
697.4519996643066	0.10000000000002274	epochs	0.0
697.4519996643066	0.04499999999995907	epochs	1.0
697.4969996643066	0.009999999999990905	epochs	1.0
697.5069996643066	0.04500000000007276	epochs	1.0
697.5519996643067	0.5001800000000003	epochs	0.0
697.5519996643067	0.5	epochs	-1.0
697.5519996643067	0.5	epochs	-1.0
697.5519996643067	0.5	epochs	1.0
698.0519996643067	0.00018000000000029104	epochs	-1.0
698.0519996643067	0.00018000000000029104	epochs	-1.0
698.0519996643067	0.00018000000000029104	epochs	1.0
698.0521796643067	0.20481499999993957	epochs	0.0
698.3049998283386	0.10000000000002274	epochs	0.0
698.3049998283386	0.04499999999995907	epochs	1.0
698.3499998283386	0.009999999999990905	epochs	1.0
698.3599998283386	0.04500000000007276	epochs	1.0
698.4049998283386	0.5399199999999382	epochs	0.0
698.4049998283386	0.5	epochs	-1.0
698.4049998283386	0.5	epochs	-1.0
698.4049998283386	0.5	epochs	1.0
698.9049998283386	0.03991999999993823	epochs	-1.0
698.9049998283386	0.024999999999977263	epochs	-1.0
698.9049998283386	0.024999999999977263	epochs	1.0
698.9299998283386	0.009999999999990905	epochs	-1.0
698.9299998283386	0.009999999999990905	epochs	1.0
698.9399998283386	0.0049199999999700594	epochs	-1.0
698.9399998283386	0.0049199999999700594	epochs	1.0
698.9449198283386	0.16507500000000164	epochs	0.0
699.1889996528625	0.10000000000002274	epochs	0.0
699.1889996528625	0.04499999999995907	epochs	1.0
699.2339996528625	0.009999999999990905	epochs	1.0
699.2439996528625	0.04500000000007276	epochs	1.0
699.2889996528626	0.540300000000002	epochs	0.0
699.2889996528626	0.5	epochs	-1.0
699.2889996528626	0.5	epochs	-1.0
699.2889996528626	0.5	epochs	1.0
699.7889996528626	0.040300000000002	epochs	-1.0
699.7889996528626	0.024999999999977263	epochs	-1.0
699.7889996528626	0.024999999999977263	epochs	1.0
699.8139996528625	0.009999999999990905	epochs	-1.0
699.8139996528625	0.009999999999990905	epochs	1.0
699.8239996528625	0.005300000000033833	epochs	-1.0
699.8239996528625	0.005300000000033833	epochs	1.0
699.8292996528626	0.16469499999993786	epochs	0.0
732.7579998970032	0.04867999999999029	epochs	0.0
732.7579998970032	0.01934059999996407	epochs	1.0
732.7773404970031	0.009998800000062147	epochs	1.0
732.7873392970032	0.01934059999996407	epochs	1.0
732.8066798970032	5.9999800000000505	epochs	0.0
732.8066798970032	0.5	epochs	1.0
732.8066853970032	0.5	epochs	-1.0
732.8066853970032	0.5	epochs	-1.0
733.3066798970032	5.0	epochs	1.0
738.3066798970032	0.4999800000000505	epochs	1.0
738.3066853970032	0.49997450000000754	epochs	-1.0
741.1339998245239	0.04867999999999029	epochs	0.0
741.1339998245239	0.01934059999996407	epochs	1.0
741.1533404245239	0.009998800000062147	epochs	1.0
741.163339224524	0.01934059999996407	epochs	1.0
741.1826798245239	2.511759999999981	epochs	0.0
741.1826798245239	0.5	epochs	1.0
741.182685324524	0.5	epochs	-1.0
741.6826798245239	1.0	epochs	1.0
742.6826798245239	1.0117599999999811	epochs	1.0
743.182685324524	0.5	epochs	-1.0
743.6944398245239	0.9882200000000694	epochs	0.0
744.0079998970032	0.04867999999999029	epochs	0.0
744.0079998970032	0.01934059999996407	epochs	1.0
744.0273404970031	0.009998800000062147	epochs	1.0
744.0373392970032	0.01934059999996407	epochs	1.0
744.0566798970032	2.5111799999999675	epochs	0.0
744.0566798970032	0.5	epochs	1.0
744.0566853970032	0.5	epochs	-1.0
744.5566798970032	1.0	epochs	1.0
745.5566798970032	1.0111799999999675	epochs	1.0
746.0566853970032	0.5	epochs	-1.0
746.5678598970031	0.988800000000083	epochs	0.0
746.8979997634888	0.04867999999999029	epochs	0.0
746.8979997634888	0.01934059999996407	epochs	1.0
746.9173403634887	0.009998800000062147	epochs	1.0
746.9273391634888	0.01934059999996407	epochs	1.0
746.9466797634888	2.510880000000043	epochs	0.0
746.9466797634888	0.5	epochs	1.0
746.9466852634888	0.5	epochs	-1.0
747.4466797634888	1.0	epochs	1.0
748.4466797634888	1.0108800000000429	epochs	1.0
748.9466852634888	0.5	epochs	-1.0
749.4575597634888	0.9891000000000076	epochs	0.0
749.7829999923706	0.04867999999999029	epochs	0.0
749.7829999923706	0.01934059999996407	epochs	1.0
749.8023405923706	0.009998800000062147	epochs	1.0
749.8123393923706	0.01934059999996407	epochs	1.0
749.8316799923706	2.511579999999981	epochs	0.0
749.8316799923706	0.5	epochs	1.0
749.8316854923706	0.5	epochs	-1.0
750.3316799923706	1.0	epochs	1.0
751.3316799923706	1.0115799999999808	epochs	1.0
751.8316854923706	0.5	epochs	-1.0
752.3432599923706	0.9884000000000697	epochs	0.0
752.6629996299744	0.04867999999999029	epochs	0.0
752.6629996299744	0.01934059999996407	epochs	1.0
752.6823402299743	0.009998800000062147	epochs	1.0
752.6923390299744	0.01934059999996407	epochs	1.0
752.7116796299744	2.5109999999999673	epochs	0.0
752.7116796299744	0.5	epochs	1.0
752.7116851299744	0.5	epochs	-1.0
753.2116796299744	1.0	epochs	1.0
754.2116796299744	1.0109999999999673	epochs	1.0
754.7116851299744	0.5	epochs	-1.0
755.2226796299743	0.9889800000000832	epochs	0.0
755.5829997062683	0.6499800000000278	epochs	0.0
755.5829997062683	0.049999999999954525	epochs	1.0
755.6329997062683	0.5	epochs	1.0
756.1329997062683	0.09998000000007323	epochs	1.0
756.6439995765686	0.6499800000000278	epochs	0.0
756.6439995765686	0.049999999999954525	epochs	1.0
756.6939995765686	0.5	epochs	1.0
757.1939995765686	0.09998000000007323	epochs	1.0
757.6799998283386	0.6499800000000278	epochs	0.0
757.6799998283386	0.049999999999954525	epochs	1.0
757.7299998283386	0.5	epochs	1.0
758.2299998283386	0.09998000000007323	epochs	1.0
758.7179999351501	0.6499800000000278	epochs	0.0
758.7179999351501	0.049999999999954525	epochs	1.0
758.7679999351501	0.5	epochs	1.0
759.2679999351501	0.09998000000007323	epochs	1.0
759.780999660492	0.6499800000000278	epochs	0.0
759.780999660492	0.049999999999954525	epochs	1.0
759.8309996604919	0.5	epochs	1.0
760.3309996604919	0.09998000000007323	epochs	1.0
760.8469996452332	0.04867999999999029	epochs	0.0
760.8469996452332	0.01934059999996407	epochs	1.0
760.8663402452331	0.009998800000062147	epochs	1.0
760.8763390452332	0.01934059999996407	epochs	1.0
760.8956796452331	2.5114999999999554	epochs	0.0
760.8956796452331	0.5	epochs	1.0
760.8956851452332	0.5	epochs	-1.0
761.3956796452331	1.0	epochs	1.0
762.3956796452331	1.0114999999999554	epochs	1.0
762.8956851452332	0.5	epochs	-1.0
763.4071796452331	2.988480000000095	epochs	0.0
766.0629997253418	0.04867999999999029	epochs	0.0
766.0629997253418	0.01934059999996407	epochs	1.0
766.0823403253418	0.009998800000062147	epochs	1.0
766.0923391253418	0.01934059999996407	epochs	1.0
766.1116797253418	2.511060000000043	epochs	0.0
766.1116797253418	0.5	epochs	1.0
766.1116852253418	0.5	epochs	-1.0
766.6116797253418	1.0	epochs	1.0
767.6116797253418	1.0110600000000431	epochs	1.0
768.1116852253418	0.5	epochs	-1.0
768.6227397253418	2.9889200000000073	epochs	0.0
771.2209997177124	0.04867999999999029	epochs	0.0
771.2209997177124	0.01934059999996407	epochs	1.0
771.2403403177124	0.009998800000062147	epochs	1.0
771.2503391177124	0.01934059999996407	epochs	1.0
771.2696797177124	2.5110799999999927	epochs	0.0
771.2696797177124	0.5	epochs	1.0
771.2696852177124	0.5	epochs	-1.0
771.7696797177124	1.0	epochs	1.0
772.7696797177124	1.0110799999999927	epochs	1.0
773.2696852177124	0.5	epochs	-1.0
773.7807597177124	2.988900000000058	epochs	0.0
776.4449996948242	0.04867999999999029	epochs	0.0
776.4449996948242	0.01934059999996407	epochs	1.0
776.4643402948242	0.009998800000062147	epochs	1.0
776.4743390948242	0.01934059999996407	epochs	1.0
776.4936796948242	2.511480000000006	epochs	0.0
776.4936796948242	0.5	epochs	1.0
776.4936851948243	0.5	epochs	-1.0
776.9936796948242	1.0	epochs	1.0
777.9936796948242	1.011480000000006	epochs	1.0
778.4936851948243	0.5	epochs	-1.0
779.0051596948242	3.9885000000000446	epochs	0.0
779.4559998512268	0.04867999999999029	epochs	0.0
779.4559998512268	0.01934059999996407	epochs	1.0
779.4753404512268	0.009998800000062147	epochs	1.0
779.4853392512268	0.01934059999996407	epochs	1.0
779.5046798512268	2.5109999999999673	epochs	0.0
779.5046798512268	0.5	epochs	1.0
779.5046853512268	0.5	epochs	-1.0
780.0046798512268	1.0	epochs	1.0
781.0046798512268	1.0109999999999673	epochs	1.0
781.5046853512268	0.5	epochs	-1.0
782.0156798512268	3.9889800000000832	epochs	0.0
782.4519996643066	0.04867999999999029	epochs	0.0
782.4519996643066	0.01934059999996407	epochs	1.0
782.4713402643066	0.009998800000062147	epochs	1.0
782.4813390643067	0.01934059999996407	epochs	1.0
782.5006796643066	2.511539999999968	epochs	0.0
782.5006796643066	0.5	epochs	1.0
782.5006851643067	0.5	epochs	-1.0
783.0006796643066	1.0	epochs	1.0
784.0006796643066	1.0115399999999681	epochs	1.0
784.5006851643067	0.5	epochs	-1.0
785.0122196643066	3.9884400000000824	epochs	0.0
785.4559998512268	0.04867999999999029	epochs	0.0
785.4559998512268	0.01934059999996407	epochs	1.0
785.4753404512268	0.009998800000062147	epochs	1.0
785.4853392512268	0.01934059999996407	epochs	1.0
785.5046798512268	2.5114999999999554	epochs	0.0
785.5046798512268	0.5	epochs	1.0
785.5046853512268	0.5	epochs	-1.0
786.0046798512268	1.0	epochs	1.0
787.0046798512268	1.0114999999999554	epochs	1.0
787.5046853512268	0.5	epochs	-1.0
788.0161798512268	3.988480000000095	epochs	0.0
788.4709997177124	0.04867999999999029	epochs	0.0
788.4709997177124	0.01934059999996407	epochs	1.0
788.4903403177124	0.009998800000062147	epochs	1.0
788.5003391177124	0.01934059999996407	epochs	1.0
788.5196797177124	2.511600000000044	epochs	0.0
788.5196797177124	0.5	epochs	1.0
788.5196852177124	0.5	epochs	-1.0
789.0196797177124	1.0	epochs	1.0
790.0196797177124	1.011600000000044	epochs	1.0
790.5196852177124	0.5	epochs	-1.0
791.0312797177124	3.9883800000000065	epochs	0.0
791.5349998474121	0.04867999999999029	epochs	0.0
791.5349998474121	0.01934059999996407	epochs	1.0
791.5543404474121	0.009998800000062147	epochs	1.0
791.5643392474121	0.01934059999996407	epochs	1.0
791.5836798474121	2.511759999999981	epochs	0.0
791.5836798474121	0.5	epochs	1.0
791.5836853474121	0.5	epochs	-1.0
792.0836798474121	1.0	epochs	1.0
793.0836798474121	1.0117599999999811	epochs	1.0
793.5836853474121	0.5	epochs	-1.0
794.0954398474121	3.9882200000000694	epochs	0.0
794.6199998855591	0.15297999999995682	epochs	0.0
794.6199998855591	0.049999999999954525	epochs	1.0
794.669999885559	0.0030000000000427463	epochs	1.0
794.6729998855591	0.09997999999995955	epochs	1.0
795.2179999351501	0.15297999999995682	epochs	0.0
795.2179999351501	0.049999999999954525	epochs	1.0
795.2679999351501	0.0030000000000427463	epochs	1.0
795.2709999351501	0.09997999999995955	epochs	1.0
795.8409996032715	0.15297999999995682	epochs	0.0
795.8409996032715	0.049999999999954525	epochs	1.0
795.8909996032714	0.0030000000000427463	epochs	1.0
795.8939996032715	0.09997999999995955	epochs	1.0
796.4519996643066	0.15297999999995682	epochs	0.0
796.4519996643066	0.049999999999954525	epochs	1.0
796.5019996643066	0.0030000000000427463	epochs	1.0
796.5049996643066	0.09997999999995955	epochs	1.0
797.0579996109009	0.15297999999995682	epochs	0.0
797.0579996109009	0.049999999999954525	epochs	1.0
797.1079996109008	0.0030000000000427463	epochs	1.0
797.1109996109009	0.09997999999995955	epochs	1.0
797.6899995803833	0.15297999999995682	epochs	0.0
797.6899995803833	0.049999999999954525	epochs	1.0
797.7399995803833	0.0030000000000427463	epochs	1.0
797.7429995803833	0.09997999999995955	epochs	1.0
798.3109998703003	0.15297999999995682	epochs	0.0
798.3109998703003	0.049999999999954525	epochs	1.0
798.3609998703002	0.0030000000000427463	epochs	1.0
798.3639998703003	0.09997999999995955	epochs	1.0
798.936999797821	0.15297999999995682	epochs	0.0
798.936999797821	0.049999999999954525	epochs	1.0
798.986999797821	0.0030000000000427463	epochs	1.0
798.989999797821	0.09997999999995955	epochs	1.0
799.5809998512268	0.15297999999995682	epochs	0.0
799.5809998512268	0.049999999999954525	epochs	1.0
799.6309998512268	0.0030000000000427463	epochs	1.0
799.6339998512268	0.09997999999995955	epochs	1.0
800.2369999885559	0.15297999999995682	epochs	0.0
800.2369999885559	0.049999999999954525	epochs	1.0
800.2869999885559	0.0030000000000427463	epochs	1.0
800.2899999885559	0.09997999999995955	epochs	1.0
800.8999996185303	0.15297999999995682	epochs	0.0
800.8999996185303	0.049999999999954525	epochs	1.0
800.9499996185302	0.0030000000000427463	epochs	1.0
800.9529996185303	0.09997999999995955	epochs	1.0
801.5999999046326	0.04867999999999029	epochs	0.0
801.5999999046326	0.01934059999996407	epochs	1.0
801.6193405046325	0.009998800000062147	epochs	1.0
801.6293393046326	0.01934059999996407	epochs	1.0
801.6486799046326	1.5516999999999825	epochs	0.0
801.6486799046326	0.5	epochs	1.0
801.6486854046326	0.5	epochs	-1.0
802.1486799046326	0.0030000000000427463	epochs	1.0
802.1516799046326	1.0486999999999398	epochs	1.0
802.6516854046325	0.5	epochs	-1.0
803.2003799046325	0.051280000000019754	epochs	0.0
803.9319996833801	0.04867999999999029	epochs	0.0
803.9319996833801	0.01934059999996407	epochs	1.0
803.9513402833801	0.009998800000062147	epochs	1.0
803.9613390833802	0.01934059999996407	epochs	1.0
803.9806796833801	1.5113400000000183	epochs	0.0
803.9806796833801	0.5	epochs	1.0
803.9806851833802	0.5	epochs	-1.0
804.4806796833801	0.0030000000000427463	epochs	1.0
804.4836796833802	1.0083399999999756	epochs	1.0
804.9836851833801	0.5	epochs	-1.0
805.4920196833801	0.09163999999998396	epochs	0.0
806.2289996147156	0.04867999999999029	epochs	0.0
806.2289996147156	0.01934059999996407	epochs	1.0
806.2483402147155	0.009998800000062147	epochs	1.0
806.2583390147156	0.01934059999996407	epochs	1.0
806.2776796147156	9.551400000000058	epochs	0.0
806.2776796147156	0.5	epochs	1.0
806.2776851147156	0.5	epochs	-1.0
806.7776796147156	9.051400000000058	epochs	1.0
814.8291596147155	0.9999200000000883	epochs	-1.0
814.8291596147155	0.03953999999998814	epochs	-1.0
815.3266451147156	0.5	epochs	-1.0
815.8290796147156	9.948579999999993	epochs	0.0
816.4329996109009	0.04867999999999029	epochs	0.0
816.4329996109009	0.01934059999996407	epochs	1.0
816.4523402109008	0.009998800000062147	epochs	1.0
816.4623390109009	0.01934059999996407	epochs	1.0
816.4816796109009	9.332220000000007	epochs	0.0
816.4816796109009	0.5	epochs	1.0
816.4816851109009	0.5	epochs	-1.0
816.9816796109009	8.832220000000007	epochs	1.0
824.8135196109009	1.00037999999995	epochs	-1.0
824.8135196109009	0.039739999999937936	epochs	-1.0
825.3110051109009	0.5	epochs	-1.0
825.8138996109009	10.167760000000044	epochs	0.0
826.3489999771118	0.04867999999999029	epochs	0.0
826.3489999771118	0.01934059999996407	epochs	1.0
826.3683405771118	0.009998800000062147	epochs	1.0
826.3783393771118	0.01934059999996407	epochs	1.0
826.3976799771118	9.191080000000056	epochs	0.0
826.3976799771118	0.5	epochs	1.0
826.3976854771118	0.5	epochs	-1.0
826.8976799771118	8.691080000000056	epochs	1.0
834.5889399771119	0.9998199999999997	epochs	-1.0
834.5889399771119	0.04053999999996449	epochs	-1.0
835.0864254771118	0.5	epochs	-1.0
835.5887599771119	10.308899999999994	epochs	0.0
844.1099996566772	0.04863999999997759	epochs	0.0
844.1099996566772	0.019324699999970107	epochs	1.0
844.1293243566772	0.009990600000037375	epochs	1.0
844.1393149566773	0.019324699999970107	epochs	1.0
844.1586396566772	2.0	epochs	0.0
846.1586396566772	5.390960000000064	epochs	0.0
846.1586396566772	1.0	epochs	1.0
846.1586851566773	0.5	epochs	-1.0
846.6586851566773	4.890914500000008	epochs	-1.0
847.1586396566772	4.390960000000064	epochs	1.0
847.1586396566772	4.356753900000058	epochs	-1.0
847.1586396566772	1.9745871999999736	epochs	2.0
847.1586396566772	1.0985622000000603	epochs	3.0
848.2572018566773	0.8760249999999132	epochs	3.0
849.1332268566772	1.3524075000000266	epochs	2.0
849.1332268566772	0.7286354999999958	epochs	3.0
849.8618623566772	0.6237720000000309	epochs	3.0
850.4856343566772	1.0297592000000577	epochs	2.0
850.4856343566772	0.5453293000000485	epochs	3.0
851.0309636566773	0.4844299000000092	epochs	3.0
851.5153935566773	0.03420610000000579	epochs	2.0
851.5153935566773	0.03420610000000579	epochs	3.0
851.5495996566773	16.60895999999991	epochs	0.0
852.1699995994568	0.04863999999997759	epochs	0.0
852.1699995994568	0.019324699999970107	epochs	1.0
852.1893242994568	0.009990600000037375	epochs	1.0
852.1993148994568	0.019324699999970107	epochs	1.0
852.2186395994568	2.0	epochs	0.0
854.2186395994568	21.531119999999987	epochs	0.0
854.2186395994568	1.0	epochs	1.0
854.2186850994568	0.5	epochs	-1.0
854.7186850994568	19.999680000000012	epochs	-1.0
855.2186395994568	20.0	epochs	1.0
855.2186395994568	4.356753900000058	epochs	-1.0
855.2186395994568	1.9745871999999736	epochs	2.0
855.2186395994568	1.0985622000000603	epochs	3.0
856.3172017994568	0.8760249999999132	epochs	3.0
857.1932267994567	1.3524075000000266	epochs	2.0
857.1932267994567	0.7286354999999958	epochs	3.0
857.9218622994567	0.6237720000000309	epochs	3.0
858.5456342994568	1.0297592000000577	epochs	2.0
858.5456342994568	0.5453293000000485	epochs	3.0
859.0909635994568	0.4844299000000092	epochs	3.0
859.5753934994568	0.8317862000000105	epochs	2.0
859.5753934994568	0.4357762999999295	epochs	3.0
860.0111697994568	0.39600990000008096	epochs	3.0
860.4071796994568	0.6977969999999232	epochs	2.0
860.4071796994568	0.36289819999990414	epochs	3.0
860.7700778994567	0.33489880000001904	epochs	3.0
861.1049766994568	0.601045699999986	epochs	2.0
861.1049766994568	0.3109123000000409	epochs	3.0
861.4158889994568	0.29013339999994514	epochs	3.0
861.7060223994567	0.5278859000000011	epochs	2.0
861.7060223994567	0.2719586000000618	epochs	3.0
861.9779809994568	0.25592729999993935	epochs	3.0
862.2339082994567	0.4706193000000667	epochs	2.0
862.2339082994567	0.2416813000000957	epochs	3.0
862.4755895994568	0.228937999999971	epochs	3.0
862.7045275994568	0.42457039999999324	epochs	2.0
862.7045275994568	0.21747140000002219	epochs	3.0
862.9219989994568	0.20709899999997106	epochs	3.0
863.1290979994568	0.3867354000000205	epochs	2.0
863.1290979994568	0.19767109999997956	epochs	3.0
863.3267690994568	0.18906430000004093	epochs	3.0
863.5158333994568	0.3550953000000163	epochs	2.0
863.5158333994568	0.18117589999997108	epochs	3.0
863.6970092994568	0.17391940000004524	epochs	3.0
863.8709286994568	0.3282430999998951	epochs	2.0
863.8709286994568	0.16722189999995862	epochs	3.0
864.0381505994568	0.16102119999993647	epochs	3.0
864.1991717994567	0.30516800000009425	epochs	2.0
864.1991717994567	0.15526390000002266	epochs	3.0
864.3544356994568	0.1499041000000716	epochs	3.0
864.5043397994568	0.28512530000000424	epochs	2.0
864.5043397994568	0.1449020999999675	epochs	3.0
864.6492418994568	0.14022320000003674	epochs	3.0
864.7894650994568	0.2675537999999733	epochs	2.0
864.7894650994568	0.1358368999999584	epochs	3.0
864.9253019994568	0.1317169000000149	epochs	3.0
865.0570188994568	0.252022899999929	epochs	2.0
865.0570188994568	0.1278393000000051	epochs	3.0
865.1848581994568	0.1241835999999239	epochs	3.0
865.3090417994567	0.23819650000007186	epochs	2.0
865.3090417994567	0.12073110000005727	epochs	3.0
865.4297728994568	0.1174654000000146	epochs	3.0
865.5472382994568	0.2258087999999816	epochs	2.0
865.5472382994568	0.1143718999999237	epochs	3.0
865.6616101994567	0.1114369000000579	epochs	3.0
865.7730470994568	0.2146460000000161	epochs	2.0
865.7730470994568	0.10864890000004834	epochs	3.0
865.8816959994568	0.10599709999996776	epochs	3.0
865.9876930994568	0.20453499999996438	epochs	2.0
865.9876930994568	0.10347149999995509	epochs	3.0
866.0911645994568	0.1010635000000093	epochs	3.0
866.1922280994568	0.19533400000000256	epochs	2.0
866.1922280994568	0.09876510000003691	epochs	3.0
866.2909931994568	0.09656889999996565	epochs	3.0
866.3875620994568	0.18692529999998442	epochs	2.0
866.3875620994568	0.09446830000001682	epochs	3.0
866.4820303994568	0.09245699999996759	epochs	3.0
866.5744873994568	0.17921069999999872	epochs	2.0
866.5744873994568	0.0905296000000817	epochs	3.0
866.6650169994568	0.08868109999991702	epochs	3.0
866.7536980994568	0.17210770000008324	epochs	2.0
866.7536980994568	0.08690630000000965	epochs	3.0
866.8406043994568	0.08520140000007359	epochs	3.0
866.9258057994568	0.1655463999999256	epochs	2.0
866.9258057994568	0.08356189999994967	epochs	3.0
867.0093676994568	0.08198449999997592	epochs	3.0
867.0913521994568	0.15946710000002895	epochs	2.0
867.0913521994568	0.08046539999998004	epochs	3.0
867.1718175994567	0.07900170000004891	epochs	3.0
867.2508192994568	0.15381839999997737	epochs	2.0
867.2508192994568	0.07759009999995214	epochs	3.0
867.3284093994567	0.07622830000002523	epochs	3.0
867.4046376994568	0.14855639999996129	epochs	2.0
867.4046376994568	0.07491330000004837	epochs	3.0
867.4795509994568	0.07364309999991292	epochs	3.0
867.5531940994567	0.14364240000008976	epochs	2.0
867.5531940994567	0.07241500000009182	epochs	3.0
867.6256090994568	0.07122739999999794	epochs	3.0
867.6968364994568	0.13904309999998077	epochs	2.0
867.6968364994568	0.07007799999996678	epochs	3.0
867.7669144994568	0.06896510000001399	epochs	3.0
867.8358795994568	0.1347293000000036	epochs	2.0
867.8358795994568	0.0678871000000072	epochs	3.0
867.9037666994568	0.06684219999999641	epochs	3.0
867.9706088994568	0.13067519999992783	epochs	2.0
867.9706088994568	0.06582909999997355	epochs	3.0
868.0364379994568	0.06484609999995428	epochs	3.0
868.1012840994567	0.12685780000003888	epochs	2.0
868.1012840994567	0.06389200000000983	epochs	3.0
868.1651760994567	0.06296580000002905	epochs	3.0
868.2281418994568	0.12325720000001184	epochs	2.0
868.2281418994568	0.06206580000002759	epochs	3.0
868.2902076994568	0.06119139999998424	epochs	3.0
868.3513990994568	0.11985540000000583	epochs	2.0
868.3513990994568	0.060341099999959624	epochs	3.0
868.4117401994567	0.059514300000046205	epochs	3.0
868.4712544994568	0.11663620000001629	epochs	2.0
868.4712544994568	0.05870960000004288	epochs	3.0
868.5299640994568	0.057926599999973405	epochs	3.0
868.5878906994568	0.11358559999996487	epochs	2.0
868.5878906994568	0.05716419999998834	epochs	3.0
868.6450548994568	0.05642139999997653	epochs	3.0
868.7014762994568	0.11069050000003244	epochs	2.0
868.7014762994568	0.055697900000041045	epochs	3.0
868.7571741994568	0.0549925999999914	epochs	3.0
868.8121667994568	0.10793909999995321	epochs	2.0
868.8121667994568	0.05430490000003374	epochs	3.0
868.8664716994568	0.053634199999919474	epochs	3.0
868.9201058994568	0.10532150000005913	epochs	2.0
868.9201058994568	0.05298000000004777	epochs	3.0
868.9730858994568	0.052341500000011365	epochs	3.0
869.0254273994568	0.10282759999995505	epochs	2.0
869.0254273994568	0.05171810000001642	epochs	3.0
869.0771454994568	0.051109499999938635	epochs	3.0
869.1282549994568	0.10044909999999163	epochs	2.0
869.1282549994568	0.050514900000052876	epochs	3.0
869.1787698994568	0.049934199999938755	epochs	3.0
869.2287040994568	0.0981782999999723	epochs	2.0
869.2287040994568	0.04936659999998483	epochs	3.0
869.2780706994567	0.04881169999998747	epochs	3.0
869.3268823994567	0.09600780000005216	epochs	2.0
869.3268823994567	0.04826920000004975	epochs	3.0
869.3751515994568	0.04773860000000241	epochs	3.0
869.4228901994568	0.09393120000004274	epochs	2.0
869.4228901994568	0.04721949999998287	epochs	3.0
869.4701096994568	0.046711700000059864	epochs	3.0
869.5168213994568	0.09194259999992482	epochs	2.0
869.5168213994568	0.046214599999984785	epochs	3.0
869.5630359994568	0.04572799999994004	epochs	3.0
869.6087639994568	0.09003630000006524	epochs	2.0
869.6087639994568	0.04525150000006306	epochs	3.0
869.6540154994568	0.04478480000000218	epochs	3.0
869.6988002994568	0.08820759999991878	epochs	2.0
869.6988002994568	0.044327800000019124	epochs	3.0
869.7431280994568	0.04387979999989966	epochs	3.0
869.7870078994567	0.0864516999999978	epochs	2.0
869.7870078994567	0.04344100000002982	epochs	3.0
869.8304488994568	0.04301069999996798	epochs	3.0
869.8734595994567	0.0847643000000744	epochs	2.0
869.8734595994567	0.04258900000002086	epochs	3.0
869.9160485994568	0.04217530000005354	epochs	3.0
869.9582238994568	0.08314150000001064	epochs	2.0
869.9582238994568	0.041769699999917975	epochs	3.0
869.9999935994567	0.04137180000009266	epochs	3.0
870.0413653994568	0.08157969999990655	epochs	2.0
870.0413653994568	0.040981399999964196	epochs	3.0
870.0823467994568	0.040598299999942355	epochs	3.0
870.1229450994567	0.08007550000002084	epochs	2.0
870.1229450994567	0.040222300000095856	epochs	3.0
870.1631673994568	0.03985319999992498	epochs	3.0
870.2030205994567	0.07862570000008873	epochs	2.0
870.2030205994567	0.039490800000066884	epochs	3.0
870.2425113994568	0.039134900000021844	epochs	3.0
870.2816462994568	0.07722759999990103	epochs	2.0
870.2816462994568	0.03878539999993791	epochs	3.0
870.3204316994568	0.03844219999996312	epochs	3.0
870.3588738994567	0.07587820000003376	epochs	2.0
870.3588738994567	0.038104800000041905	epochs	3.0
870.3969786994568	0.03777339999999185	epochs	3.0
870.4347520994568	0.0745752000000266	epochs	2.0
870.4347520994568	0.03744770000002973	epochs	3.0
870.4721997994568	0.03712749999999687	epochs	3.0
870.5093272994568	0.07331629999998768	epochs	2.0
870.5093272994568	0.036812899999972615	epochs	3.0
870.5461401994568	0.03650340000001506	epochs	3.0
870.5826435994568	0.07209899999998015	epochs	2.0
870.5826435994568	0.03619909999997617	epochs	3.0
870.6188426994568	0.03589990000000398	epochs	3.0
870.6547425994568	0.07092169999998532	epochs	2.0
870.6547425994568	0.03560560000005353	epochs	3.0
870.6903481994568	0.035316099999931794	epochs	3.0
870.7256642994568	0.06978200000003199	epochs	2.0
870.7256642994568	0.03503120000004856	epochs	3.0
870.7606954994568	0.03475079999998343	epochs	3.0
870.7954462994568	0.06867859999999837	epochs	2.0
870.7954462994568	0.03447510000000875	epochs	3.0
870.8299213994568	0.03420349999998962	epochs	3.0
870.8641248994568	0.06760929999995824	epochs	2.0
870.8641248994568	0.033936199999970995	epochs	3.0
870.8980610994568	0.033673099999987244	epochs	3.0
870.9317341994567	0.06657290000009652	epochs	2.0
870.9317341994567	0.03341399999999339	epochs	3.0
870.9651481994567	0.03315890000010313	epochs	3.0
870.9983070994568	0.06556779999993978	epochs	2.0
870.9983070994568	0.03290769999989607	epochs	3.0
871.0312147994567	0.03266010000004371	epochs	3.0
871.0638748994568	0.06459259999996902	epochs	2.0
871.0638748994568	0.032416399999988244	epochs	3.0
871.0962912994568	0.03217619999998078	epochs	3.0
871.1284674994567	0.06364600000006249	epochs	2.0
871.1284674994567	0.03193959999998697	epochs	3.0
871.1604070994567	0.03170640000007552	epochs	3.0
871.1921134994568	0.0627266999999847	epochs	2.0
871.1921134994568	0.03147660000001906	epochs	3.0
871.2235900994568	0.03125009999996564	epochs	3.0
871.2548401994568	0.06183359999999993	epochs	2.0
871.2548401994568	0.031026900000028945	epochs	3.0
871.2858670994568	0.030806699999970988	epochs	3.0
871.3166737994568	0.06096560000003137	epochs	2.0
871.3166737994568	0.030589800000029754	epochs	3.0
871.3472635994568	0.030375800000001618	epochs	3.0
871.3776393994568	0.06012160000000222	epochs	2.0
871.3776393994568	0.03016489999993155	epochs	3.0
871.4078042994568	0.02995670000007067	epochs	3.0
871.4377609994568	0.05930069999999432	epochs	2.0
871.4377609994568	0.02975159999994048	epochs	3.0
871.4675125994568	0.02954910000005384	epochs	3.0
871.4970616994568	0.05850179999993088	epochs	2.0
871.4970616994568	0.02934940000000097	epochs	3.0
871.5264110994568	0.029152399999929912	epochs	3.0
871.5555634994568	0.057724200000052406	epochs	2.0
871.5555634994568	0.028957999999988715	epochs	3.0
871.5845214994567	0.02876620000006369	epochs	3.0
871.6132876994568	0.05696709999995164	epochs	2.0
871.6132876994568	0.028576999999927466	epochs	3.0
871.6418646994567	0.028390100000024177	epochs	3.0
871.6702547994568	0.056229500000085864	epochs	2.0
871.6702547994568	0.028205700000057732	epochs	3.0
871.6984604994568	0.028023800000028132	epochs	3.0
871.7264842994568	0.05551069999989977	epochs	2.0
871.7264842994568	0.027843999999959124	epochs	3.0
871.7543282994568	0.027666699999940647	epochs	3.0
871.7819949994567	0.054810200000019904	epochs	2.0
871.7819949994567	0.02749149999999645	epochs	3.0
871.8094864994567	0.027318700000023455	epochs	3.0
871.8368051994568	0.05412699999999404	epochs	2.0
871.8368051994568	0.02714780000007977	epochs	3.0
871.8639529994568	0.026979199999914272	epochs	3.0
871.8909321994568	0.0534607000000733	epochs	2.0
871.8909321994568	0.026812600000084785	epochs	3.0
871.9177447994568	0.026648099999988517	epochs	3.0
871.9443928994568	0.05281070000000909	epochs	2.0
871.9443928994568	0.026485600000000886	epochs	3.0
871.9708784994568	0.026325100000008206	epochs	3.0
871.9972035994568	0.05217619999996259	epochs	2.0
871.9972035994568	0.026166399999965506	epochs	3.0
872.0233699994568	0.026009799999997085	epochs	3.0
872.0493797994568	0.051556699999991906	epochs	2.0
872.0493797994568	0.025854799999933675	epochs	3.0
872.0752345994567	0.02570190000005823	epochs	3.0
872.1009364994568	0.05095189999997274	epochs	2.0
872.1009364994568	0.025550699999939752	epochs	3.0
872.1264871994567	0.025401200000032986	epochs	3.0
872.1518883994568	0.05036100000006627	epochs	2.0
872.1518883994568	0.0252535000000762	epochs	3.0
872.1771418994568	0.02510749999999007	epochs	3.0
872.2022493994568	0.049783800000000156	epochs	2.0
872.2022493994568	0.02496320000000196	epochs	3.0
872.2272125994568	0.024820599999998194	epochs	3.0
872.2520331994568	0.04921949999993558	epochs	2.0
872.2520331994568	0.024679399999968155	epochs	3.0
872.2767125994568	0.024540099999967424	epochs	3.0
872.3012526994568	0.04866790000005494	epochs	2.0
872.3012526994568	0.02440209999997478	epochs	3.0
872.3256547994567	0.024265800000080162	epochs	3.0
872.3499205994568	0.048128599999927246	epochs	2.0
872.3499205994568	0.024131000000011227	epochs	3.0
872.3740515994568	0.02399759999991602	epochs	3.0
872.3980491994568	0.047601100000065344	epochs	2.0
872.3980491994568	0.023865800000066884	epochs	3.0
872.4219149994568	0.02373529999999846	epochs	3.0
872.4456502994568	0.04708499999992455	epochs	2.0
872.4456502994568	0.023606299999983094	epochs	3.0
872.4692565994568	0.023478699999941455	epochs	3.0
872.4927352994567	0.04658000000006268	epochs	2.0
872.4927352994567	0.023352500000100918	epochs	3.0
872.5160877994568	0.023227499999961765	epochs	3.0
872.5393152994568	0.04608569999993506	epochs	2.0
872.5393152994568	0.023103999999989355	epochs	3.0
872.5624192994568	0.022981699999945704	epochs	3.0
872.5854009994567	0.0456018000000995	epochs	2.0
872.5854009994567	0.022860700000023826	epochs	3.0
872.6082616994568	0.022741100000075676	epochs	3.0
872.6310027994568	0.045127899999897636	epochs	2.0
872.6310027994568	0.022622499999897627	epochs	3.0
872.6536252994567	0.02250540000000001	epochs	3.0
872.6761306994567	0.0446638000000803	epochs	2.0
872.6761306994567	0.022389300000099865	epochs	3.0
872.6985199994568	0.022274499999980435	epochs	3.0
872.7207944994568	0.04420919999995476	epochs	2.0
872.7207944994568	0.022160799999937808	epochs	3.0
872.7429552994568	0.022048400000016954	epochs	3.0
872.7650036994568	0.043763600000033875	epochs	2.0
872.7650036994568	0.021936900000014248	epochs	3.0
872.7869405994568	0.021826700000019628	epochs	3.0
872.8087672994568	0.04332709999994222	epochs	2.0
872.8087672994568	0.021717599999988124	epochs	3.0
872.8304848994568	0.021609499999954096	epochs	3.0
872.8520943994567	0.04289900000003399	epochs	2.0
872.8520943994567	0.02150249999999687	epochs	3.0
872.8735968994567	0.021396500000037122	epochs	3.0
872.8949933994568	0.042479500000013104	epochs	2.0
872.8949933994568	0.02129170000000613	epochs	3.0
872.9162850994568	0.021187800000006973	epochs	3.0
872.9374728994568	0.042067900000006375	epochs	2.0
872.9374728994568	0.02108490000000529	epochs	3.0
872.9585577994568	0.020983000000001084	epochs	3.0
872.9795407994568	0.04166439999994509	epochs	2.0
872.9795407994568	0.020882199999959994	epochs	3.0
873.0004229994568	0.020782199999985096	epochs	3.0
873.0212051994567	0.04126850000000104	epochs	2.0
873.0212051994567	0.020683300000087	epochs	3.0
873.0418884994568	0.02058519999991404	epochs	3.0
873.0624736994567	0.04088000000001557	epochs	2.0
873.0624736994567	0.020488100000079612	epochs	3.0
873.0829617994568	0.02039189999993596	epochs	3.0
873.1033536994568	0.04049880000002304	epochs	2.0
873.1033536994568	0.020296600000051512	epochs	3.0
873.1236502994568	0.020202199999971526	epochs	3.0
873.1438524994568	0.04012460000001283	epochs	2.0
873.1438524994568	0.02010870000003706	epochs	3.0
873.1639611994568	0.020015899999975773	epochs	3.0
873.1839770994568	0.03975730000001931	epochs	2.0
873.1839770994568	0.019924199999991288	epochs	3.0
873.2039012994568	0.019833100000028026	epochs	3.0
873.2237343994568	0.03939669999999751	epochs	2.0
873.2237343994568	0.01974299999994855	epochs	3.0
873.2434773994568	0.019653700000048957	epochs	3.0
873.2631310994568	0.03904239999997117	epochs	2.0
873.2631310994568	0.01956510000002254	epochs	3.0
873.2826961994568	0.019477299999948627	epochs	3.0
873.3021734994568	0.03869459999998526	epochs	2.0
873.3021734994568	0.019390400000020236	epochs	3.0
873.3215638994568	0.01930419999996502	epochs	3.0
873.3408680994568	0.03835290000006353	epochs	2.0
873.3408680994568	0.019218799999976	epochs	3.0
873.3600868994567	0.01913410000008753	epochs	3.0
873.3792209994568	0.038017199999899276	epochs	2.0
873.3792209994568	0.01905019999992419	epochs	3.0
873.3982711994568	0.018966999999975087	epochs	3.0
873.4172381994567	0.037687200000050325	epochs	2.0
873.4172381994567	0.01888450000001285	epochs	3.0
873.4361226994567	0.018802700000037476	epochs	3.0
873.4549253994568	0.03736309999999321	epochs	2.0
873.4549253994568	0.018721700000014607	epochs	3.0
873.4736470994568	0.018641399999978603	epochs	3.0
873.4922884994568	0.03704430000004777	epochs	2.0
873.4922884994568	0.01856159999999818	epochs	3.0
873.5108500994568	0.01848270000004959	epochs	3.0
873.5293327994568	0.03673099999991791	epochs	2.0
873.5293327994568	0.018404299999929208	epochs	3.0
873.5477370994568	0.018326699999988705	epochs	3.0
873.5660637994567	0.036422900000047775	epochs	2.0
873.5660637994567	0.018249599999990096	epochs	3.0
873.5843133994567	0.01817330000005768	epochs	3.0
873.6024866994568	0.03612009999994825	epochs	2.0
873.6024866994568	0.0180976000000328	epochs	3.0
873.6205842994568	0.018022499999915453	epochs	3.0
873.6386067994567	0.03582210000001851	epochs	2.0
873.6386067994567	0.017947900000081063	epochs	3.0
873.6565546994568	0.017874199999937446	epochs	3.0
873.6744288994568	0.03552899999999681	epochs	2.0
873.6744288994568	0.017800800000031813	epochs	3.0
873.6922296994568	0.017728199999965	epochs	3.0
873.7099578994568	0.03524070000003121	epochs	2.0
873.7099578994568	0.017656100000067454	epochs	3.0
873.7276139994568	0.017584599999963757	epochs	3.0
873.7451985994568	0.034957100000042374	epochs	2.0
873.7451985994568	0.01751369999999497	epochs	3.0
873.7627122994568	0.017443400000047404	epochs	3.0
873.7801556994568	0.034677899999906	epochs	2.0
873.7801556994568	0.017373599999928047	epochs	3.0
873.7975292994568	0.017304299999977957	epochs	3.0
873.8148335994567	0.03440330000000813	epochs	2.0
873.8148335994567	0.01723570000001473	epochs	3.0
873.8320692994567	0.0171675999999934	epochs	3.0
873.8492368994567	0.0341328000000658	epochs	2.0
873.8492368994567	0.017099900000062007	epochs	3.0
873.8663367994568	0.017032900000003792	epochs	3.0
873.8833696994568	0.033866699999975935	epochs	2.0
873.8833696994568	0.01696640000000116	epochs	3.0
873.9003360994568	0.016900299999974777	epochs	3.0
873.9172363994568	0.03360459999998966	epochs	2.0
873.9172363994568	0.01683479999996962	epochs	3.0
873.9340711994568	0.01676980000002004	epochs	3.0
873.9508409994568	0.03334660000007261	epochs	2.0
873.9508409994568	0.016705300000012357	epochs	3.0
873.9675462994568	0.016641300000060255	epochs	3.0
873.9841875994568	0.03309249999995245	epochs	2.0
873.9841875994568	0.01657779999993636	epochs	3.0
874.0007653994568	0.01651470000001609	epochs	3.0
874.0172800994568	0.03284229999997024	epochs	2.0
874.0172800994568	0.01645220000000336	epochs	3.0
874.0337322994568	0.01639009999996688	epochs	3.0
874.0501223994568	0.03259570000000167	epochs	2.0
874.0501223994568	0.016328400000020338	epochs	3.0
874.0664507994568	0.016267299999981333	epochs	3.0
874.0827180994568	0.032352899999978035	epochs	2.0
874.0827180994568	0.016206600000032267	epochs	3.0
874.0989246994568	0.016146299999945768	epochs	3.0
874.1150709994567	0.032113700000081735	epochs	2.0
874.1150709994567	0.016086599999994178	epochs	3.0
874.1311575994567	0.016027100000087557	epochs	3.0
874.1471846994568	0.03187800000000607	epochs	2.0
874.1471846994568	0.015968199999974786	epochs	3.0
874.1631528994568	0.015909800000031282	epochs	3.0
874.1790626994568	0.03164569999989908	epochs	2.0
874.1790626994568	0.015851599999905375	epochs	3.0
874.1949142994567	0.015794099999993705	epochs	3.0
874.2107083994567	0.0314167000000225	epochs	2.0
874.2107083994567	0.015736700000047676	epochs	3.0
874.2264450994568	0.015679999999974825	epochs	3.0
874.2421250994568	0.031191100000000915	epochs	2.0
874.2421250994568	0.015623600000026272	epochs	3.0
874.2577486994568	0.015567499999974643	epochs	3.0
874.2733161994568	0.030968700000016725	epochs	2.0
874.2733161994568	0.015512000000057924	epochs	3.0
874.2888281994568	0.0154566999999588	epochs	3.0
874.3042848994568	0.03074950000006993	epochs	2.0
874.3042848994568	0.015401999999994587	epochs	3.0
874.3196868994568	0.015347500000075343	epochs	3.0
874.3350343994568	0.030533199999922545	epochs	2.0
874.3350343994568	0.015293399999904977	epochs	3.0
874.3503277994567	0.015239800000017567	epochs	3.0
874.3655675994568	0.03032010000003993	epochs	2.0
874.3655675994568	0.015186500000027081	epochs	3.0
874.3807540994568	0.015133600000012848	epochs	3.0
874.3958876994568	0.030109899999956724	epochs	2.0
874.3958876994568	0.015081000000009226	epochs	3.0
874.4109686994568	0.015028899999947498	epochs	3.0
874.4259975994568	0.02990250000004835	epochs	2.0
874.4259975994568	0.014977000000044427	epochs	3.0
874.4409745994568	0.014925500000003922	epochs	3.0
874.4559000994568	0.029698100000018712	epochs	2.0
874.4559000994568	0.01487439999993967	epochs	3.0
874.4707744994568	0.014823700000079043	epochs	3.0
874.4855981994568	0.02949630000000525	epochs	2.0
874.4855981994568	0.014773199999922326	epochs	3.0
874.5003713994568	0.014723100000082923	epochs	3.0
874.5150944994568	0.029297399999904883	epochs	2.0
874.5150944994568	0.014673399999992398	epochs	3.0
874.5297678994568	0.014623999999912485	epochs	3.0
874.5443918994567	0.029101100000048064	epochs	2.0
874.5443918994567	0.014574900000070556	epochs	3.0
874.5589667994568	0.014526199999977507	epochs	3.0
874.5734929994568	0.028907399999980044	epochs	2.0
874.5734929994568	0.014477700000043114	epochs	3.0
874.5879706994568	0.014429699999936929	epochs	3.0
874.6024003994568	0.028716200000076242	epochs	2.0
874.6024003994568	0.014381800000023759	epochs	3.0
874.6167821994568	0.014334400000052483	epochs	3.0
874.6311165994568	0.02852759999996124	epochs	2.0
874.6311165994568	0.014287199999898803	epochs	3.0
874.6454037994567	0.014240400000062436	epochs	3.0
874.6596441994568	0.028341399999931127	epochs	2.0
874.6596441994568	0.014193799999929979	epochs	3.0
874.6738379994567	0.014147600000001148	epochs	3.0
874.6879855994567	0.028157700000065233	epochs	2.0
874.6879855994567	0.014101700000082928	epochs	3.0
874.7020872994568	0.014055999999982305	epochs	3.0
874.7161432994568	0.027976299999977527	epochs	2.0
874.7161432994568	0.01401060000000598	epochs	3.0
874.7301538994568	0.013965699999971548	epochs	3.0
874.7441195994568	0.02779720000000907	epochs	2.0
874.7441195994568	0.013920800000050804	epochs	3.0
874.7580403994568	0.013876399999958267	epochs	3.0
874.7719167994568	0.027620400000046175	epochs	2.0
874.7719167994568	0.013832200000024386	epochs	3.0
874.7857489994568	0.013788200000021789	epochs	3.0
874.7995371994568	0.027445899999975154	epochs	2.0
874.7995371994568	0.013744599999995444	epochs	3.0
874.8132817994568	0.01370129999997971	epochs	3.0
874.8269830994568	0.027273499999978412	epochs	2.0
874.8269830994568	0.013658200000008947	epochs	3.0
874.8406412994568	0.013615299999969466	epochs	3.0
874.8542565994568	0.027103399999987232	epochs	2.0
874.8542565994568	0.013572800000019924	epochs	3.0
874.8678293994568	0.013530599999967308	epochs	3.0
874.8813599994568	0.02693520000002536	epochs	2.0
874.8813599994568	0.013488400000028378	epochs	3.0
874.8948483994568	0.013446799999996983	epochs	3.0
874.9082951994568	0.026769199999989723	epochs	2.0
874.9082951994568	0.013405199999965589	epochs	3.0
874.9217003994568	0.013364000000024134	epochs	3.0
874.9350643994568	0.026605199999949036	epochs	2.0
874.9350643994568	0.013322900000048321	epochs	3.0
874.9483872994568	0.013282299999900715	epochs	3.0
874.9616695994567	0.026443200000016986	epochs	2.0
874.9616695994567	0.01324170000009417	epochs	3.0
874.9749112994568	0.013201499999922817	epochs	3.0
874.9881127994568	0.026283200000079887	epochs	2.0
874.9881127994568	0.013161500000023807	epochs	3.0
875.0012742994568	0.01312170000005608	epochs	3.0
875.0143959994568	0.02612499999997908	epochs	2.0
875.0143959994568	0.01308209999990595	epochs	3.0
875.0274780994567	0.013042900000073132	epochs	3.0
875.0405209994568	0.025968899999952555	epochs	2.0
875.0405209994568	0.013003899999944224	epochs	3.0
875.0535248994568	0.012965000000008331	epochs	3.0
875.0664898994568	0.025814500000024054	epochs	2.0
875.0664898994568	0.012926399999969362	epochs	3.0
875.0794162994567	0.012888100000054692	epochs	3.0
875.0923043994568	0.025661900000045534	epochs	2.0
875.0923043994568	0.012849899999991976	epochs	3.0
875.1051542994568	0.012812000000053558	epochs	3.0
875.1179662994568	0.025511199999982637	epochs	2.0
875.1179662994568	0.012774399999898378	epochs	3.0
875.1307406994567	0.012736800000084258	epochs	3.0
875.1434774994568	0.025362299999983406	epochs	2.0
875.1434774994568	0.01269969999998466	epochs	3.0
875.1561771994568	0.012662599999998747	epochs	3.0
875.1688397994568	0.025215000000002874	epochs	2.0
875.1688397994568	0.012625800000023446	epochs	3.0
875.1814655994568	0.012589199999979428	epochs	3.0
875.1940547994568	0.024584799999956886	epochs	2.0
875.2183650994568	0.5	epochs	-1.0
875.2186395994568	0.5311199999999872	epochs	1.0
875.7497595994568	0.46879999999998745	epochs	0.0
876.4139995574951	0.04863999999997759	epochs	0.0
876.4139995574951	0.019324699999970107	epochs	1.0
876.4333242574951	0.009990600000037375	epochs	1.0
876.4433148574951	0.019324699999970107	epochs	1.0
876.4626395574951	2.0	epochs	0.0
878.4626395574951	21.999919999999975	epochs	0.0
878.4626395574951	1.0	epochs	1.0
878.4626850574952	0.5	epochs	-1.0
878.9626850574952	19.999680000000012	epochs	-1.0
879.4626395574951	20.0	epochs	1.0
879.4626395574951	4.356753900000058	epochs	-1.0
879.4626395574951	1.9745871999999736	epochs	2.0
879.4626395574951	1.0985622000000603	epochs	3.0
880.5612017574952	0.8760249999999132	epochs	3.0
881.4372267574951	1.3524075000000266	epochs	2.0
881.4372267574951	0.7286354999999958	epochs	3.0
882.1658622574951	0.6237720000000309	epochs	3.0
882.7896342574951	1.0297592000000577	epochs	2.0
882.7896342574951	0.5453293000000485	epochs	3.0
883.3349635574951	0.4844299000000092	epochs	3.0
883.8193934574952	0.8317862000000105	epochs	2.0
883.8193934574952	0.4357762999999295	epochs	3.0
884.2551697574951	0.39600990000008096	epochs	3.0
884.6511796574952	0.6977969999999232	epochs	2.0
884.6511796574952	0.36289819999990414	epochs	3.0
885.0140778574951	0.33489880000001904	epochs	3.0
885.3489766574951	0.601045699999986	epochs	2.0
885.3489766574951	0.3109123000000409	epochs	3.0
885.6598889574951	0.29013339999994514	epochs	3.0
885.9500223574951	0.5278859000000011	epochs	2.0
885.9500223574951	0.2719586000000618	epochs	3.0
886.2219809574951	0.25592729999993935	epochs	3.0
886.4779082574951	0.4706193000000667	epochs	2.0
886.4779082574951	0.2416813000000957	epochs	3.0
886.7195895574952	0.228937999999971	epochs	3.0
886.9485275574951	0.42457039999999324	epochs	2.0
886.9485275574951	0.21747140000002219	epochs	3.0
887.1659989574952	0.20709899999997106	epochs	3.0
887.3730979574951	0.3867354000000205	epochs	2.0
887.3730979574951	0.19767109999997956	epochs	3.0
887.5707690574951	0.18906430000004093	epochs	3.0
887.7598333574952	0.3550953000000163	epochs	2.0
887.7598333574952	0.18117589999997108	epochs	3.0
887.9410092574951	0.17391940000004524	epochs	3.0
888.1149286574952	0.3282430999998951	epochs	2.0
888.1149286574952	0.16722189999995862	epochs	3.0
888.2821505574951	0.16102119999993647	epochs	3.0
888.4431717574951	0.30516800000009425	epochs	2.0
888.4431717574951	0.15526390000002266	epochs	3.0
888.5984356574951	0.1499041000000716	epochs	3.0
888.7483397574952	0.28512530000000424	epochs	2.0
888.7483397574952	0.1449020999999675	epochs	3.0
888.8932418574951	0.14022320000003674	epochs	3.0
889.0334650574952	0.2675537999999733	epochs	2.0
889.0334650574952	0.1358368999999584	epochs	3.0
889.1693019574951	0.1317169000000149	epochs	3.0
889.3010188574951	0.252022899999929	epochs	2.0
889.3010188574951	0.1278393000000051	epochs	3.0
889.4288581574951	0.1241835999999239	epochs	3.0
889.5530417574951	0.23819650000007186	epochs	2.0
889.5530417574951	0.12073110000005727	epochs	3.0
889.6737728574951	0.1174654000000146	epochs	3.0
889.7912382574951	0.2258087999999816	epochs	2.0
889.7912382574951	0.1143718999999237	epochs	3.0
889.9056101574951	0.1114369000000579	epochs	3.0
890.0170470574951	0.2146460000000161	epochs	2.0
890.0170470574951	0.10864890000004834	epochs	3.0
890.1256959574952	0.10599709999996776	epochs	3.0
890.2316930574951	0.20453499999996438	epochs	2.0
890.2316930574951	0.10347149999995509	epochs	3.0
890.3351645574951	0.1010635000000093	epochs	3.0
890.4362280574951	0.19533400000000256	epochs	2.0
890.4362280574951	0.09876510000003691	epochs	3.0
890.5349931574951	0.09656889999996565	epochs	3.0
890.6315620574951	0.18692529999998442	epochs	2.0
890.6315620574951	0.09446830000001682	epochs	3.0
890.7260303574951	0.09245699999996759	epochs	3.0
890.8184873574951	0.17921069999999872	epochs	2.0
890.8184873574951	0.0905296000000817	epochs	3.0
890.9090169574952	0.08868109999991702	epochs	3.0
890.9976980574951	0.17210770000008324	epochs	2.0
890.9976980574951	0.08690630000000965	epochs	3.0
891.0846043574951	0.08520140000007359	epochs	3.0
891.1698057574952	0.1655463999999256	epochs	2.0
891.1698057574952	0.08356189999994967	epochs	3.0
891.2533676574951	0.08198449999997592	epochs	3.0
891.3353521574951	0.15946710000002895	epochs	2.0
891.3353521574951	0.08046539999998004	epochs	3.0
891.4158175574951	0.07900170000004891	epochs	3.0
891.4948192574951	0.15381839999997737	epochs	2.0
891.4948192574951	0.07759009999995214	epochs	3.0
891.5724093574951	0.07622830000002523	epochs	3.0
891.6486376574951	0.14855639999996129	epochs	2.0
891.6486376574951	0.07491330000004837	epochs	3.0
891.7235509574951	0.07364309999991292	epochs	3.0
891.7971940574951	0.14364240000008976	epochs	2.0
891.7971940574951	0.07241500000009182	epochs	3.0
891.8696090574952	0.07122739999999794	epochs	3.0
891.9408364574952	0.13904309999998077	epochs	2.0
891.9408364574952	0.07007799999996678	epochs	3.0
892.0109144574951	0.06896510000001399	epochs	3.0
892.0798795574951	0.1347293000000036	epochs	2.0
892.0798795574951	0.0678871000000072	epochs	3.0
892.1477666574951	0.06684219999999641	epochs	3.0
892.2146088574951	0.13067519999992783	epochs	2.0
892.2146088574951	0.06582909999997355	epochs	3.0
892.2804379574951	0.06484609999995428	epochs	3.0
892.3452840574951	0.12685780000003888	epochs	2.0
892.3452840574951	0.06389200000000983	epochs	3.0
892.4091760574951	0.06296580000002905	epochs	3.0
892.4721418574951	0.12325720000001184	epochs	2.0
892.4721418574951	0.06206580000002759	epochs	3.0
892.5342076574951	0.06119139999998424	epochs	3.0
892.5953990574951	0.11985540000000583	epochs	2.0
892.5953990574951	0.060341099999959624	epochs	3.0
892.6557401574951	0.059514300000046205	epochs	3.0
892.7152544574951	0.11663620000001629	epochs	2.0
892.7152544574951	0.05870960000004288	epochs	3.0
892.7739640574952	0.057926599999973405	epochs	3.0
892.8318906574951	0.11358559999996487	epochs	2.0
892.8318906574951	0.05716419999998834	epochs	3.0
892.8890548574951	0.05642139999997653	epochs	3.0
892.9454762574951	0.11069050000003244	epochs	2.0
892.9454762574951	0.055697900000041045	epochs	3.0
893.0011741574951	0.0549925999999914	epochs	3.0
893.0561667574951	0.10793909999995321	epochs	2.0
893.0561667574951	0.05430490000003374	epochs	3.0
893.1104716574952	0.053634199999919474	epochs	3.0
893.1641058574951	0.10532150000005913	epochs	2.0
893.1641058574951	0.05298000000004777	epochs	3.0
893.2170858574951	0.052341500000011365	epochs	3.0
893.2694273574951	0.10282759999995505	epochs	2.0
893.2694273574951	0.05171810000001642	epochs	3.0
893.3211454574952	0.051109499999938635	epochs	3.0
893.3722549574951	0.10044909999999163	epochs	2.0
893.3722549574951	0.050514900000052876	epochs	3.0
893.4227698574952	0.049934199999938755	epochs	3.0
893.4727040574951	0.0981782999999723	epochs	2.0
893.4727040574951	0.04936659999998483	epochs	3.0
893.5220706574951	0.04881169999998747	epochs	3.0
893.5708823574951	0.09600780000005216	epochs	2.0
893.5708823574951	0.04826920000004975	epochs	3.0
893.6191515574951	0.04773860000000241	epochs	3.0
893.6668901574951	0.09393120000004274	epochs	2.0
893.6668901574951	0.04721949999998287	epochs	3.0
893.7141096574951	0.046711700000059864	epochs	3.0
893.7608213574952	0.09194259999992482	epochs	2.0
893.7608213574952	0.046214599999984785	epochs	3.0
893.8070359574951	0.04572799999994004	epochs	3.0
893.8527639574951	0.09003630000006524	epochs	2.0
893.8527639574951	0.04525150000006306	epochs	3.0
893.8980154574951	0.04478480000000218	epochs	3.0
893.9428002574952	0.08820759999991878	epochs	2.0
893.9428002574952	0.044327800000019124	epochs	3.0
893.9871280574952	0.04387979999989966	epochs	3.0
894.0310078574951	0.0864516999999978	epochs	2.0
894.0310078574951	0.04344100000002982	epochs	3.0
894.0744488574951	0.04301069999996798	epochs	3.0
894.1174595574951	0.0847643000000744	epochs	2.0
894.1174595574951	0.04258900000002086	epochs	3.0
894.1600485574951	0.04217530000005354	epochs	3.0
894.2022238574951	0.08314150000001064	epochs	2.0
894.2022238574951	0.041769699999917975	epochs	3.0
894.2439935574951	0.04137180000009266	epochs	3.0
894.2853653574952	0.08157969999990655	epochs	2.0
894.2853653574952	0.040981399999964196	epochs	3.0
894.3263467574951	0.040598299999942355	epochs	3.0
894.3669450574951	0.08007550000002084	epochs	2.0
894.3669450574951	0.040222300000095856	epochs	3.0
894.4071673574952	0.03985319999992498	epochs	3.0
894.4470205574951	0.07862570000008873	epochs	2.0
894.4470205574951	0.039490800000066884	epochs	3.0
894.4865113574951	0.039134900000021844	epochs	3.0
894.5256462574952	0.07722759999990103	epochs	2.0
894.5256462574952	0.03878539999993791	epochs	3.0
894.5644316574951	0.03844219999996312	epochs	3.0
894.6028738574951	0.07587820000003376	epochs	2.0
894.6028738574951	0.038104800000041905	epochs	3.0
894.6409786574951	0.03777339999999185	epochs	3.0
894.6787520574951	0.0745752000000266	epochs	2.0
894.6787520574951	0.03744770000002973	epochs	3.0
894.7161997574951	0.03712749999999687	epochs	3.0
894.7533272574951	0.07331629999998768	epochs	2.0
894.7533272574951	0.036812899999972615	epochs	3.0
894.7901401574951	0.03650340000001506	epochs	3.0
894.8266435574951	0.07209899999998015	epochs	2.0
894.8266435574951	0.03619909999997617	epochs	3.0
894.8628426574951	0.03589990000000398	epochs	3.0
894.8987425574951	0.07092169999998532	epochs	2.0
894.8987425574951	0.03560560000005353	epochs	3.0
894.9343481574952	0.035316099999931794	epochs	3.0
894.9696642574951	0.06978200000003199	epochs	2.0
894.9696642574951	0.03503120000004856	epochs	3.0
895.0046954574951	0.03475079999998343	epochs	3.0
895.0394462574951	0.06867859999999837	epochs	2.0
895.0394462574951	0.03447510000000875	epochs	3.0
895.0739213574951	0.03420349999998962	epochs	3.0
895.1081248574951	0.06760929999995824	epochs	2.0
895.1081248574951	0.033936199999970995	epochs	3.0
895.1420610574951	0.033673099999987244	epochs	3.0
895.1757341574951	0.06657290000009652	epochs	2.0
895.1757341574951	0.03341399999999339	epochs	3.0
895.2091481574951	0.03315890000010313	epochs	3.0
895.2423070574952	0.06556779999993978	epochs	2.0
895.2423070574952	0.03290769999989607	epochs	3.0
895.2752147574951	0.03266010000004371	epochs	3.0
895.3078748574951	0.06459259999996902	epochs	2.0
895.3078748574951	0.032416399999988244	epochs	3.0
895.3402912574951	0.03217619999998078	epochs	3.0
895.3724674574951	0.06364600000006249	epochs	2.0
895.3724674574951	0.03193959999998697	epochs	3.0
895.4044070574951	0.03170640000007552	epochs	3.0
895.4361134574951	0.0627266999999847	epochs	2.0
895.4361134574951	0.03147660000001906	epochs	3.0
895.4675900574952	0.03125009999996564	epochs	3.0
895.4988401574951	0.06183359999999993	epochs	2.0
895.4988401574951	0.031026900000028945	epochs	3.0
895.5298670574952	0.030806699999970988	epochs	3.0
895.5606737574951	0.06096560000003137	epochs	2.0
895.5606737574951	0.030589800000029754	epochs	3.0
895.5912635574952	0.030375800000001618	epochs	3.0
895.6216393574952	0.06012160000000222	epochs	2.0
895.6216393574952	0.03016489999993155	epochs	3.0
895.6518042574951	0.02995670000007067	epochs	3.0
895.6817609574952	0.05930069999999432	epochs	2.0
895.6817609574952	0.02975159999994048	epochs	3.0
895.7115125574951	0.02954910000005384	epochs	3.0
895.7410616574952	0.05850179999993088	epochs	2.0
895.7410616574952	0.02934940000000097	epochs	3.0
895.7704110574952	0.029152399999929912	epochs	3.0
895.7995634574951	0.057724200000052406	epochs	2.0
895.7995634574951	0.028957999999988715	epochs	3.0
895.8285214574951	0.02876620000006369	epochs	3.0
895.8572876574951	0.05696709999995164	epochs	2.0
895.8572876574951	0.028576999999927466	epochs	3.0
895.8858646574951	0.028390100000024177	epochs	3.0
895.9142547574951	0.056229500000085864	epochs	2.0
895.9142547574951	0.028205700000057732	epochs	3.0
895.9424604574951	0.028023800000028132	epochs	3.0
895.9704842574952	0.05551069999989977	epochs	2.0
895.9704842574952	0.027843999999959124	epochs	3.0
895.9983282574951	0.027666699999940647	epochs	3.0
896.0259949574951	0.054810200000019904	epochs	2.0
896.0259949574951	0.02749149999999645	epochs	3.0
896.0534864574951	0.027318700000023455	epochs	3.0
896.0808051574951	0.05412699999999404	epochs	2.0
896.0808051574951	0.02714780000007977	epochs	3.0
896.1079529574952	0.026979199999914272	epochs	3.0
896.1349321574951	0.0534607000000733	epochs	2.0
896.1349321574951	0.026812600000084785	epochs	3.0
896.1617447574952	0.026648099999988517	epochs	3.0
896.1883928574952	0.05281070000000909	epochs	2.0
896.1883928574952	0.026485600000000886	epochs	3.0
896.2148784574952	0.026325100000008206	epochs	3.0
896.2412035574952	0.05217619999996259	epochs	2.0
896.2412035574952	0.026166399999965506	epochs	3.0
896.2673699574951	0.026009799999997085	epochs	3.0
896.2933797574951	0.051556699999991906	epochs	2.0
896.2933797574951	0.025854799999933675	epochs	3.0
896.3192345574951	0.02570190000005823	epochs	3.0
896.3449364574951	0.05095189999997274	epochs	2.0
896.3449364574951	0.025550699999939752	epochs	3.0
896.3704871574951	0.025401200000032986	epochs	3.0
896.3958883574951	0.05036100000006627	epochs	2.0
896.3958883574951	0.0252535000000762	epochs	3.0
896.4211418574952	0.02510749999999007	epochs	3.0
896.4462493574952	0.049783800000000156	epochs	2.0
896.4462493574952	0.02496320000000196	epochs	3.0
896.4712125574952	0.024820599999998194	epochs	3.0
896.4960331574952	0.04921949999993558	epochs	2.0
896.4960331574952	0.024679399999968155	epochs	3.0
896.5207125574951	0.024540099999967424	epochs	3.0
896.5452526574951	0.04866790000005494	epochs	2.0
896.5452526574951	0.02440209999997478	epochs	3.0
896.5696547574951	0.024265800000080162	epochs	3.0
896.5939205574952	0.048128599999927246	epochs	2.0
896.5939205574952	0.024131000000011227	epochs	3.0
896.6180515574952	0.02399759999991602	epochs	3.0
896.6420491574951	0.047601100000065344	epochs	2.0
896.6420491574951	0.023865800000066884	epochs	3.0
896.6659149574951	0.02373529999999846	epochs	3.0
896.6896502574951	0.04708499999992455	epochs	2.0
896.6896502574951	0.023606299999983094	epochs	3.0
896.7132565574951	0.023478699999941455	epochs	3.0
896.7367352574951	0.04658000000006268	epochs	2.0
896.7367352574951	0.023352500000100918	epochs	3.0
896.7600877574952	0.023227499999961765	epochs	3.0
896.7833152574951	0.04608569999993506	epochs	2.0
896.7833152574951	0.023103999999989355	epochs	3.0
896.8064192574951	0.022981699999945704	epochs	3.0
896.8294009574951	0.0456018000000995	epochs	2.0
896.8294009574951	0.022860700000023826	epochs	3.0
896.8522616574951	0.022741100000075676	epochs	3.0
896.8750027574952	0.045127899999897636	epochs	2.0
896.8750027574952	0.022622499999897627	epochs	3.0
896.8976252574951	0.02250540000000001	epochs	3.0
896.9201306574951	0.0446638000000803	epochs	2.0
896.9201306574951	0.022389300000099865	epochs	3.0
896.9425199574952	0.022274499999980435	epochs	3.0
896.9647944574951	0.04420919999995476	epochs	2.0
896.9647944574951	0.022160799999937808	epochs	3.0
896.9869552574951	0.022048400000016954	epochs	3.0
897.0090036574951	0.043763600000033875	epochs	2.0
897.0090036574951	0.021936900000014248	epochs	3.0
897.0309405574951	0.021826700000019628	epochs	3.0
897.0527672574951	0.04332709999994222	epochs	2.0
897.0527672574951	0.021717599999988124	epochs	3.0
897.0744848574951	0.021609499999954096	epochs	3.0
897.0960943574951	0.04289900000003399	epochs	2.0
897.0960943574951	0.02150249999999687	epochs	3.0
897.1175968574951	0.021396500000037122	epochs	3.0
897.1389933574951	0.042479500000013104	epochs	2.0
897.1389933574951	0.02129170000000613	epochs	3.0
897.1602850574951	0.021187800000006973	epochs	3.0
897.1814728574951	0.042067900000006375	epochs	2.0
897.1814728574951	0.02108490000000529	epochs	3.0
897.2025577574951	0.020983000000001084	epochs	3.0
897.2235407574951	0.04166439999994509	epochs	2.0
897.2235407574951	0.020882199999959994	epochs	3.0
897.2444229574951	0.020782199999985096	epochs	3.0
897.2652051574951	0.04126850000000104	epochs	2.0
897.2652051574951	0.020683300000087	epochs	3.0
897.2858884574952	0.02058519999991404	epochs	3.0
897.3064736574951	0.04088000000001557	epochs	2.0
897.3064736574951	0.020488100000079612	epochs	3.0
897.3269617574952	0.02039189999993596	epochs	3.0
897.3473536574951	0.04049880000002304	epochs	2.0
897.3473536574951	0.020296600000051512	epochs	3.0
897.3676502574951	0.020202199999971526	epochs	3.0
897.3878524574951	0.04012460000001283	epochs	2.0
897.3878524574951	0.02010870000003706	epochs	3.0
897.4079611574952	0.020015899999975773	epochs	3.0
897.4279770574951	0.03975730000001931	epochs	2.0
897.4279770574951	0.019924199999991288	epochs	3.0
897.4479012574951	0.019833100000028026	epochs	3.0
897.4677343574951	0.03939669999999751	epochs	2.0
897.4677343574951	0.01974299999994855	epochs	3.0
897.4874773574951	0.019653700000048957	epochs	3.0
897.5071310574951	0.03904239999997117	epochs	2.0
897.5071310574951	0.01956510000002254	epochs	3.0
897.5266961574952	0.019477299999948627	epochs	3.0
897.5461734574951	0.03869459999998526	epochs	2.0
897.5461734574951	0.019390400000020236	epochs	3.0
897.5655638574951	0.01930419999996502	epochs	3.0
897.5848680574951	0.03835290000006353	epochs	2.0
897.5848680574951	0.019218799999976	epochs	3.0
897.6040868574951	0.01913410000008753	epochs	3.0
897.6232209574952	0.038017199999899276	epochs	2.0
897.6232209574952	0.01905019999992419	epochs	3.0
897.6422711574951	0.018966999999975087	epochs	3.0
897.6612381574951	0.037687200000050325	epochs	2.0
897.6612381574951	0.01888450000001285	epochs	3.0
897.6801226574951	0.018802700000037476	epochs	3.0
897.6989253574951	0.03736309999999321	epochs	2.0
897.6989253574951	0.018721700000014607	epochs	3.0
897.7176470574951	0.018641399999978603	epochs	3.0
897.7362884574951	0.03704430000004777	epochs	2.0
897.7362884574951	0.01856159999999818	epochs	3.0
897.7548500574951	0.01848270000004959	epochs	3.0
897.7733327574952	0.03673099999991791	epochs	2.0
897.7733327574952	0.018404299999929208	epochs	3.0
897.7917370574951	0.018326699999988705	epochs	3.0
897.8100637574951	0.036422900000047775	epochs	2.0
897.8100637574951	0.018249599999990096	epochs	3.0
897.8283133574951	0.01817330000005768	epochs	3.0
897.8464866574951	0.03612009999994825	epochs	2.0
897.8464866574951	0.0180976000000328	epochs	3.0
897.8645842574952	0.018022499999915453	epochs	3.0
897.8826067574951	0.03582210000001851	epochs	2.0
897.8826067574951	0.017947900000081063	epochs	3.0
897.9005546574951	0.017874199999937446	epochs	3.0
897.9184288574951	0.03552899999999681	epochs	2.0
897.9184288574951	0.017800800000031813	epochs	3.0
897.9362296574951	0.017728199999965	epochs	3.0
897.9539578574951	0.03524070000003121	epochs	2.0
897.9539578574951	0.017656100000067454	epochs	3.0
897.9716139574952	0.017584599999963757	epochs	3.0
897.9891985574951	0.034957100000042374	epochs	2.0
897.9891985574951	0.01751369999999497	epochs	3.0
898.0067122574951	0.017443400000047404	epochs	3.0
898.0241556574952	0.034677899999906	epochs	2.0
898.0241556574952	0.017373599999928047	epochs	3.0
898.0415292574951	0.017304299999977957	epochs	3.0
898.0588335574951	0.03440330000000813	epochs	2.0
898.0588335574951	0.01723570000001473	epochs	3.0
898.0760692574951	0.0171675999999934	epochs	3.0
898.0932368574951	0.0341328000000658	epochs	2.0
898.0932368574951	0.017099900000062007	epochs	3.0
898.1103367574951	0.017032900000003792	epochs	3.0
898.1273696574951	0.033866699999975935	epochs	2.0
898.1273696574951	0.01696640000000116	epochs	3.0
898.1443360574951	0.016900299999974777	epochs	3.0
898.1612363574951	0.03360459999998966	epochs	2.0
898.1612363574951	0.01683479999996962	epochs	3.0
898.1780711574951	0.01676980000002004	epochs	3.0
898.1948409574951	0.03334660000007261	epochs	2.0
898.1948409574951	0.016705300000012357	epochs	3.0
898.2115462574951	0.016641300000060255	epochs	3.0
898.2281875574952	0.03309249999995245	epochs	2.0
898.2281875574952	0.01657779999993636	epochs	3.0
898.2447653574951	0.01651470000001609	epochs	3.0
898.2612800574951	0.03284229999997024	epochs	2.0
898.2612800574951	0.01645220000000336	epochs	3.0
898.2777322574951	0.01639009999996688	epochs	3.0
898.2941223574951	0.03259570000000167	epochs	2.0
898.2941223574951	0.016328400000020338	epochs	3.0
898.3104507574951	0.016267299999981333	epochs	3.0
898.3267180574951	0.032352899999978035	epochs	2.0
898.3267180574951	0.016206600000032267	epochs	3.0
898.3429246574951	0.016146299999945768	epochs	3.0
898.3590709574951	0.032113700000081735	epochs	2.0
898.3590709574951	0.016086599999994178	epochs	3.0
898.3751575574951	0.016027100000087557	epochs	3.0
898.3911846574952	0.03187800000000607	epochs	2.0
898.3911846574952	0.015968199999974786	epochs	3.0
898.4071528574951	0.015909800000031282	epochs	3.0
898.4230626574952	0.03164569999989908	epochs	2.0
898.4230626574952	0.015851599999905375	epochs	3.0
898.4389142574951	0.015794099999993705	epochs	3.0
898.4547083574951	0.0314167000000225	epochs	2.0
898.4547083574951	0.015736700000047676	epochs	3.0
898.4704450574951	0.015679999999974825	epochs	3.0
898.4861250574951	0.031191100000000915	epochs	2.0
898.4861250574951	0.015623600000026272	epochs	3.0
898.5017486574951	0.015567499999974643	epochs	3.0
898.5173161574951	0.030968700000016725	epochs	2.0
898.5173161574951	0.015512000000057924	epochs	3.0
898.5328281574951	0.0154566999999588	epochs	3.0
898.5482848574951	0.03074950000006993	epochs	2.0
898.5482848574951	0.015401999999994587	epochs	3.0
898.5636868574951	0.015347500000075343	epochs	3.0
898.5790343574952	0.030533199999922545	epochs	2.0
898.5790343574952	0.015293399999904977	epochs	3.0
898.5943277574951	0.015239800000017567	epochs	3.0
898.6095675574951	0.03032010000003993	epochs	2.0
898.6095675574951	0.015186500000027081	epochs	3.0
898.6247540574951	0.015133600000012848	epochs	3.0
898.6398876574951	0.030109899999956724	epochs	2.0
898.6398876574951	0.015081000000009226	epochs	3.0
898.6549686574951	0.015028899999947498	epochs	3.0
898.6699975574951	0.02990250000004835	epochs	2.0
898.6699975574951	0.014977000000044427	epochs	3.0
898.6849745574951	0.014925500000003922	epochs	3.0
898.6999000574951	0.029698100000018712	epochs	2.0
898.6999000574951	0.01487439999993967	epochs	3.0
898.7147744574951	0.014823700000079043	epochs	3.0
898.7295981574952	0.02949630000000525	epochs	2.0
898.7295981574952	0.014773199999922326	epochs	3.0
898.7443713574951	0.014723100000082923	epochs	3.0
898.7590944574952	0.029297399999904883	epochs	2.0
898.7590944574952	0.014673399999992398	epochs	3.0
898.7737678574952	0.014623999999912485	epochs	3.0
898.7883918574951	0.029101100000048064	epochs	2.0
898.7883918574951	0.014574900000070556	epochs	3.0
898.8029667574951	0.014526199999977507	epochs	3.0
898.8174929574951	0.028907399999980044	epochs	2.0
898.8174929574951	0.014477700000043114	epochs	3.0
898.8319706574952	0.014429699999936929	epochs	3.0
898.8464003574951	0.028716200000076242	epochs	2.0
898.8464003574951	0.014381800000023759	epochs	3.0
898.8607821574951	0.014334400000052483	epochs	3.0
898.8751165574952	0.02852759999996124	epochs	2.0
898.8751165574952	0.014287199999898803	epochs	3.0
898.8894037574951	0.014240400000062436	epochs	3.0
898.9036441574951	0.028341399999931127	epochs	2.0
898.9036441574951	0.014193799999929979	epochs	3.0
898.9178379574951	0.014147600000001148	epochs	3.0
898.9319855574951	0.028157700000065233	epochs	2.0
898.9319855574951	0.014101700000082928	epochs	3.0
898.9460872574952	0.014055999999982305	epochs	3.0
898.9601432574951	0.027976299999977527	epochs	2.0
898.9601432574951	0.01401060000000598	epochs	3.0
898.9741538574951	0.013965699999971548	epochs	3.0
898.9881195574951	0.02779720000000907	epochs	2.0
898.9881195574951	0.013920800000050804	epochs	3.0
899.0020403574952	0.013876399999958267	epochs	3.0
899.0159167574951	0.027620400000046175	epochs	2.0
899.0159167574951	0.013832200000024386	epochs	3.0
899.0297489574951	0.013788200000021789	epochs	3.0
899.0435371574952	0.027445899999975154	epochs	2.0
899.0435371574952	0.013744599999995444	epochs	3.0
899.0572817574952	0.01370129999997971	epochs	3.0
899.0709830574951	0.027273499999978412	epochs	2.0
899.0709830574951	0.013658200000008947	epochs	3.0
899.0846412574952	0.013615299999969466	epochs	3.0
899.0982565574951	0.027103399999987232	epochs	2.0
899.0982565574951	0.013572800000019924	epochs	3.0
899.1118293574951	0.013530599999967308	epochs	3.0
899.1253599574951	0.02693520000002536	epochs	2.0
899.1253599574951	0.013488400000028378	epochs	3.0
899.1388483574951	0.013446799999996983	epochs	3.0
899.1522951574951	0.026769199999989723	epochs	2.0
899.1522951574951	0.013405199999965589	epochs	3.0
899.1657003574951	0.013364000000024134	epochs	3.0
899.1790643574951	0.026605199999949036	epochs	2.0
899.1790643574951	0.013322900000048321	epochs	3.0
899.1923872574952	0.013282299999900715	epochs	3.0
899.2056695574951	0.026443200000016986	epochs	2.0
899.2056695574951	0.01324170000009417	epochs	3.0
899.2189112574952	0.013201499999922817	epochs	3.0
899.2321127574951	0.026283200000079887	epochs	2.0
899.2321127574951	0.013161500000023807	epochs	3.0
899.2452742574951	0.01312170000005608	epochs	3.0
899.2583959574952	0.02612499999997908	epochs	2.0
899.2583959574952	0.01308209999990595	epochs	3.0
899.2714780574951	0.013042900000073132	epochs	3.0
899.2845209574951	0.025968899999952555	epochs	2.0
899.2845209574951	0.013003899999944224	epochs	3.0
899.2975248574951	0.012965000000008331	epochs	3.0
899.3104898574951	0.025814500000024054	epochs	2.0
899.3104898574951	0.012926399999969362	epochs	3.0
899.3234162574951	0.012888100000054692	epochs	3.0
899.3363043574951	0.025661900000045534	epochs	2.0
899.3363043574951	0.012849899999991976	epochs	3.0
899.3491542574951	0.012812000000053558	epochs	3.0
899.3619662574952	0.025511199999982637	epochs	2.0
899.3619662574952	0.012774399999898378	epochs	3.0
899.3747406574951	0.012736800000084258	epochs	3.0
899.3874774574952	0.025362299999983406	epochs	2.0
899.3874774574952	0.01269969999998466	epochs	3.0
899.4001771574951	0.012662599999998747	epochs	3.0
899.4128397574951	0.025215000000002874	epochs	2.0
899.4128397574951	0.012625800000023446	epochs	3.0
899.4254655574952	0.012589199999979428	epochs	3.0
899.4380547574951	0.024584799999956886	epochs	2.0
899.4623650574952	0.5	epochs	-1.0
899.4626395574951	0.9999199999999746	epochs	1.0
899.9623650574952	0.5	epochs	-1.0
901.2239999771118	0.04863999999997759	epochs	0.0
901.2239999771118	0.019324699999970107	epochs	1.0
901.2433246771118	0.009990600000037375	epochs	1.0
901.2533152771118	0.019324699999970107	epochs	1.0
901.2726399771118	2.0	epochs	0.0
903.2726399771118	0.5108800000000429	epochs	0.0
903.2726399771118	0.5108800000000429	epochs	1.0
903.2726854771118	0.5	epochs	-1.0
903.7726854771118	0.010834499999987202	epochs	-1.0
903.7835199771118	21.48903999999993	epochs	0.0
905.1019997596741	0.04863999999997759	epochs	0.0
905.1019997596741	0.019324699999970107	epochs	1.0
905.121324459674	0.009990600000037375	epochs	1.0
905.1313150596741	0.019324699999970107	epochs	1.0
905.150639759674	2.0	epochs	0.0
907.150639759674	0.5115200000000186	epochs	0.0
907.150639759674	0.5115200000000186	epochs	1.0
907.1506852596741	0.5	epochs	-1.0
907.6506852596741	0.011474499999962973	epochs	-1.0
907.6621597596741	21.488399999999956	epochs	0.0
908.9569997787476	0.04863999999997759	epochs	0.0
908.9569997787476	0.019324699999970107	epochs	1.0
908.9763244787475	0.009990600000037375	epochs	1.0
908.9863150787476	0.019324699999970107	epochs	1.0
909.0056397787475	2.0	epochs	0.0
911.0056397787475	21.999919999999975	epochs	0.0
911.0056397787475	1.0	epochs	1.0
911.0056852787476	0.5	epochs	-1.0
911.5056852787476	19.999680000000012	epochs	-1.0
912.0056397787475	20.0	epochs	1.0
912.0056397787475	4.356753900000058	epochs	-1.0
912.0056397787475	1.9745871999999736	epochs	2.0
912.0056397787475	1.0985622000000603	epochs	3.0
913.1042019787476	0.8760249999999132	epochs	3.0
913.9802269787475	1.3524075000000266	epochs	2.0
913.9802269787475	0.7286354999999958	epochs	3.0
914.7088624787475	0.6237720000000309	epochs	3.0
915.3326344787475	1.0297592000000577	epochs	2.0
915.3326344787475	0.5453293000000485	epochs	3.0
915.8779637787476	0.4844299000000092	epochs	3.0
916.3623936787476	0.8317862000000105	epochs	2.0
916.3623936787476	0.4357762999999295	epochs	3.0
916.7981699787475	0.39600990000008096	epochs	3.0
917.1941798787476	0.6977969999999232	epochs	2.0
917.1941798787476	0.36289819999990414	epochs	3.0
917.5570780787475	0.33489880000001904	epochs	3.0
917.8919768787475	0.601045699999986	epochs	2.0
917.8919768787475	0.3109123000000409	epochs	3.0
918.2028891787476	0.29013339999994514	epochs	3.0
918.4930225787475	0.5278859000000011	epochs	2.0
918.4930225787475	0.2719586000000618	epochs	3.0
918.7649811787476	0.25592729999993935	epochs	3.0
919.0209084787475	0.4706193000000667	epochs	2.0
919.0209084787475	0.2416813000000957	epochs	3.0
919.2625897787476	0.228937999999971	epochs	3.0
919.4915277787476	0.42457039999999324	epochs	2.0
919.4915277787476	0.21747140000002219	epochs	3.0
919.7089991787476	0.20709899999997106	epochs	3.0
919.9160981787476	0.3867354000000205	epochs	2.0
919.9160981787476	0.19767109999997956	epochs	3.0
920.1137692787476	0.18906430000004093	epochs	3.0
920.3028335787476	0.3550953000000163	epochs	2.0
920.3028335787476	0.18117589999997108	epochs	3.0
920.4840094787476	0.17391940000004524	epochs	3.0
920.6579288787476	0.3282430999998951	epochs	2.0
920.6579288787476	0.16722189999995862	epochs	3.0
920.8251507787476	0.16102119999993647	epochs	3.0
920.9861719787475	0.30516800000009425	epochs	2.0
920.9861719787475	0.15526390000002266	epochs	3.0
921.1414358787475	0.1499041000000716	epochs	3.0
921.2913399787476	0.28512530000000424	epochs	2.0
921.2913399787476	0.1449020999999675	epochs	3.0
921.4362420787476	0.14022320000003674	epochs	3.0
921.5764652787476	0.2675537999999733	epochs	2.0
921.5764652787476	0.1358368999999584	epochs	3.0
921.7123021787476	0.1317169000000149	epochs	3.0
921.8440190787476	0.252022899999929	epochs	2.0
921.8440190787476	0.1278393000000051	epochs	3.0
921.9718583787476	0.1241835999999239	epochs	3.0
922.0960419787475	0.23819650000007186	epochs	2.0
922.0960419787475	0.12073110000005727	epochs	3.0
922.2167730787476	0.1174654000000146	epochs	3.0
922.3342384787476	0.2258087999999816	epochs	2.0
922.3342384787476	0.1143718999999237	epochs	3.0
922.4486103787475	0.1114369000000579	epochs	3.0
922.5600472787476	0.2146460000000161	epochs	2.0
922.5600472787476	0.10864890000004834	epochs	3.0
922.6686961787476	0.10599709999996776	epochs	3.0
922.7746932787476	0.20453499999996438	epochs	2.0
922.7746932787476	0.10347149999995509	epochs	3.0
922.8781647787475	0.1010635000000093	epochs	3.0
922.9792282787475	0.19533400000000256	epochs	2.0
922.9792282787475	0.09876510000003691	epochs	3.0
923.0779933787476	0.09656889999996565	epochs	3.0
923.1745622787475	0.18692529999998442	epochs	2.0
923.1745622787475	0.09446830000001682	epochs	3.0
923.2690305787476	0.09245699999996759	epochs	3.0
923.3614875787475	0.17921069999999872	epochs	2.0
923.3614875787475	0.0905296000000817	epochs	3.0
923.4520171787476	0.08868109999991702	epochs	3.0
923.5406982787475	0.17210770000008324	epochs	2.0
923.5406982787475	0.08690630000000965	epochs	3.0
923.6276045787475	0.08520140000007359	epochs	3.0
923.7128059787476	0.1655463999999256	epochs	2.0
923.7128059787476	0.08356189999994967	epochs	3.0
923.7963678787476	0.08198449999997592	epochs	3.0
923.8783523787475	0.15946710000002895	epochs	2.0
923.8783523787475	0.08046539999998004	epochs	3.0
923.9588177787475	0.07900170000004891	epochs	3.0
924.0378194787476	0.15381839999997737	epochs	2.0
924.0378194787476	0.07759009999995214	epochs	3.0
924.1154095787475	0.07622830000002523	epochs	3.0
924.1916378787475	0.14855639999996129	epochs	2.0
924.1916378787475	0.07491330000004837	epochs	3.0
924.2665511787476	0.07364309999991292	epochs	3.0
924.3401942787475	0.14364240000008976	epochs	2.0
924.3401942787475	0.07241500000009182	epochs	3.0
924.4126092787476	0.07122739999999794	epochs	3.0
924.4838366787476	0.13904309999998077	epochs	2.0
924.4838366787476	0.07007799999996678	epochs	3.0
924.5539146787476	0.06896510000001399	epochs	3.0
924.6228797787476	0.1347293000000036	epochs	2.0
924.6228797787476	0.0678871000000072	epochs	3.0
924.6907668787476	0.06684219999999641	epochs	3.0
924.7576090787476	0.13067519999992783	epochs	2.0
924.7576090787476	0.06582909999997355	epochs	3.0
924.8234381787476	0.06484609999995428	epochs	3.0
924.8882842787475	0.12685780000003888	epochs	2.0
924.8882842787475	0.06389200000000983	epochs	3.0
924.9521762787475	0.06296580000002905	epochs	3.0
925.0151420787475	0.12325720000001184	epochs	2.0
925.0151420787475	0.06206580000002759	epochs	3.0
925.0772078787476	0.06119139999998424	epochs	3.0
925.1383992787476	0.11985540000000583	epochs	2.0
925.1383992787476	0.060341099999959624	epochs	3.0
925.1987403787475	0.059514300000046205	epochs	3.0
925.2582546787476	0.11663620000001629	epochs	2.0
925.2582546787476	0.05870960000004288	epochs	3.0
925.3169642787476	0.057926599999973405	epochs	3.0
925.3748908787476	0.11358559999996487	epochs	2.0
925.3748908787476	0.05716419999998834	epochs	3.0
925.4320550787476	0.05642139999997653	epochs	3.0
925.4884764787475	0.11069050000003244	epochs	2.0
925.4884764787475	0.055697900000041045	epochs	3.0
925.5441743787476	0.0549925999999914	epochs	3.0
925.5991669787476	0.10793909999995321	epochs	2.0
925.5991669787476	0.05430490000003374	epochs	3.0
925.6534718787476	0.053634199999919474	epochs	3.0
925.7071060787475	0.10532150000005913	epochs	2.0
925.7071060787475	0.05298000000004777	epochs	3.0
925.7600860787476	0.052341500000011365	epochs	3.0
925.8124275787476	0.10282759999995505	epochs	2.0
925.8124275787476	0.05171810000001642	epochs	3.0
925.8641456787476	0.051109499999938635	epochs	3.0
925.9152551787475	0.10044909999999163	epochs	2.0
925.9152551787475	0.050514900000052876	epochs	3.0
925.9657700787476	0.049934199999938755	epochs	3.0
926.0157042787475	0.0981782999999723	epochs	2.0
926.0157042787475	0.04936659999998483	epochs	3.0
926.0650708787475	0.04881169999998747	epochs	3.0
926.1138825787475	0.09600780000005216	epochs	2.0
926.1138825787475	0.04826920000004975	epochs	3.0
926.1621517787476	0.04773860000000241	epochs	3.0
926.2098903787476	0.09393120000004274	epochs	2.0
926.2098903787476	0.04721949999998287	epochs	3.0
926.2571098787475	0.046711700000059864	epochs	3.0
926.3038215787476	0.09194259999992482	epochs	2.0
926.3038215787476	0.046214599999984785	epochs	3.0
926.3500361787476	0.04572799999994004	epochs	3.0
926.3957641787475	0.09003630000006524	epochs	2.0
926.3957641787475	0.04525150000006306	epochs	3.0
926.4410156787476	0.04478480000000218	epochs	3.0
926.4858004787476	0.08820759999991878	epochs	2.0
926.4858004787476	0.044327800000019124	epochs	3.0
926.5301282787476	0.04387979999989966	epochs	3.0
926.5740080787475	0.0864516999999978	epochs	2.0
926.5740080787475	0.04344100000002982	epochs	3.0
926.6174490787475	0.04301069999996798	epochs	3.0
926.6604597787475	0.0847643000000744	epochs	2.0
926.6604597787475	0.04258900000002086	epochs	3.0
926.7030487787475	0.04217530000005354	epochs	3.0
926.7452240787476	0.08314150000001064	epochs	2.0
926.7452240787476	0.041769699999917975	epochs	3.0
926.7869937787475	0.04137180000009266	epochs	3.0
926.8283655787476	0.08157969999990655	epochs	2.0
926.8283655787476	0.040981399999964196	epochs	3.0
926.8693469787476	0.040598299999942355	epochs	3.0
926.9099452787475	0.08007550000002084	epochs	2.0
926.9099452787475	0.040222300000095856	epochs	3.0
926.9501675787476	0.03985319999992498	epochs	3.0
926.9900207787475	0.07862570000008873	epochs	2.0
926.9900207787475	0.039490800000066884	epochs	3.0
927.0295115787476	0.039134900000021844	epochs	3.0
927.0686464787476	0.07722759999990103	epochs	2.0
927.0686464787476	0.03878539999993791	epochs	3.0
927.1074318787475	0.03844219999996312	epochs	3.0
927.1458740787475	0.07587820000003376	epochs	2.0
927.1458740787475	0.038104800000041905	epochs	3.0
927.1839788787476	0.03777339999999185	epochs	3.0
927.2217522787475	0.0745752000000266	epochs	2.0
927.2217522787475	0.03744770000002973	epochs	3.0
927.2591999787476	0.03712749999999687	epochs	3.0
927.2963274787476	0.07331629999998768	epochs	2.0
927.2963274787476	0.036812899999972615	epochs	3.0
927.3331403787475	0.03650340000001506	epochs	3.0
927.3696437787476	0.07209899999998015	epochs	2.0
927.3696437787476	0.03619909999997617	epochs	3.0
927.4058428787475	0.03589990000000398	epochs	3.0
927.4417427787475	0.07092169999998532	epochs	2.0
927.4417427787475	0.03560560000005353	epochs	3.0
927.4773483787476	0.035316099999931794	epochs	3.0
927.5126644787475	0.06978200000003199	epochs	2.0
927.5126644787475	0.03503120000004856	epochs	3.0
927.5476956787476	0.03475079999998343	epochs	3.0
927.5824464787476	0.06867859999999837	epochs	2.0
927.5824464787476	0.03447510000000875	epochs	3.0
927.6169215787476	0.03420349999998962	epochs	3.0
927.6511250787476	0.06760929999995824	epochs	2.0
927.6511250787476	0.033936199999970995	epochs	3.0
927.6850612787475	0.033673099999987244	epochs	3.0
927.7187343787475	0.06657290000009652	epochs	2.0
927.7187343787475	0.03341399999999339	epochs	3.0
927.7521483787475	0.03315890000010313	epochs	3.0
927.7853072787476	0.06556779999993978	epochs	2.0
927.7853072787476	0.03290769999989607	epochs	3.0
927.8182149787475	0.03266010000004371	epochs	3.0
927.8508750787475	0.06459259999996902	epochs	2.0
927.8508750787475	0.032416399999988244	epochs	3.0
927.8832914787475	0.03217619999998078	epochs	3.0
927.9154676787475	0.06364600000006249	epochs	2.0
927.9154676787475	0.03193959999998697	epochs	3.0
927.9474072787475	0.03170640000007552	epochs	3.0
927.9791136787476	0.0627266999999847	epochs	2.0
927.9791136787476	0.03147660000001906	epochs	3.0
928.0105902787476	0.03125009999996564	epochs	3.0
928.0418403787476	0.06183359999999993	epochs	2.0
928.0418403787476	0.031026900000028945	epochs	3.0
928.0728672787476	0.030806699999970988	epochs	3.0
928.1036739787476	0.06096560000003137	epochs	2.0
928.1036739787476	0.030589800000029754	epochs	3.0
928.1342637787476	0.030375800000001618	epochs	3.0
928.1646395787476	0.06012160000000222	epochs	2.0
928.1646395787476	0.03016489999993155	epochs	3.0
928.1948044787475	0.02995670000007067	epochs	3.0
928.2247611787476	0.05930069999999432	epochs	2.0
928.2247611787476	0.02975159999994048	epochs	3.0
928.2545127787475	0.02954910000005384	epochs	3.0
928.2840618787476	0.05850179999993088	epochs	2.0
928.2840618787476	0.02934940000000097	epochs	3.0
928.3134112787476	0.029152399999929912	epochs	3.0
928.3425636787475	0.057724200000052406	epochs	2.0
928.3425636787475	0.028957999999988715	epochs	3.0
928.3715216787475	0.02876620000006369	epochs	3.0
928.4002878787476	0.05696709999995164	epochs	2.0
928.4002878787476	0.028576999999927466	epochs	3.0
928.4288648787475	0.028390100000024177	epochs	3.0
928.4572549787475	0.056229500000085864	epochs	2.0
928.4572549787475	0.028205700000057732	epochs	3.0
928.4854606787476	0.028023800000028132	epochs	3.0
928.5134844787476	0.05551069999989977	epochs	2.0
928.5134844787476	0.027843999999959124	epochs	3.0
928.5413284787476	0.027666699999940647	epochs	3.0
928.5689951787475	0.054810200000019904	epochs	2.0
928.5689951787475	0.02749149999999645	epochs	3.0
928.5964866787475	0.027318700000023455	epochs	3.0
928.6238053787475	0.05412699999999404	epochs	2.0
928.6238053787475	0.02714780000007977	epochs	3.0
928.6509531787476	0.026979199999914272	epochs	3.0
928.6779323787475	0.0534607000000733	epochs	2.0
928.6779323787475	0.026812600000084785	epochs	3.0
928.7047449787476	0.026648099999988517	epochs	3.0
928.7313930787476	0.05281070000000909	epochs	2.0
928.7313930787476	0.026485600000000886	epochs	3.0
928.7578786787476	0.026325100000008206	epochs	3.0
928.7842037787476	0.05217619999996259	epochs	2.0
928.7842037787476	0.026166399999965506	epochs	3.0
928.8103701787476	0.026009799999997085	epochs	3.0
928.8363799787476	0.051556699999991906	epochs	2.0
928.8363799787476	0.025854799999933675	epochs	3.0
928.8622347787475	0.02570190000005823	epochs	3.0
928.8879366787476	0.05095189999997274	epochs	2.0
928.8879366787476	0.025550699999939752	epochs	3.0
928.9134873787475	0.025401200000032986	epochs	3.0
928.9388885787475	0.05036100000006627	epochs	2.0
928.9388885787475	0.0252535000000762	epochs	3.0
928.9641420787476	0.02510749999999007	epochs	3.0
928.9892495787476	0.049783800000000156	epochs	2.0
928.9892495787476	0.02496320000000196	epochs	3.0
929.0142127787476	0.024820599999998194	epochs	3.0
929.0390333787476	0.04921949999993558	epochs	2.0
929.0390333787476	0.024679399999968155	epochs	3.0
929.0637127787476	0.024540099999967424	epochs	3.0
929.0882528787475	0.04866790000005494	epochs	2.0
929.0882528787475	0.02440209999997478	epochs	3.0
929.1126549787475	0.024265800000080162	epochs	3.0
929.1369207787476	0.048128599999927246	epochs	2.0
929.1369207787476	0.024131000000011227	epochs	3.0
929.1610517787476	0.02399759999991602	epochs	3.0
929.1850493787475	0.047601100000065344	epochs	2.0
929.1850493787475	0.023865800000066884	epochs	3.0
929.2089151787476	0.02373529999999846	epochs	3.0
929.2326504787476	0.04708499999992455	epochs	2.0
929.2326504787476	0.023606299999983094	epochs	3.0
929.2562567787476	0.023478699999941455	epochs	3.0
929.2797354787475	0.04658000000006268	epochs	2.0
929.2797354787475	0.023352500000100918	epochs	3.0
929.3030879787476	0.023227499999961765	epochs	3.0
929.3263154787476	0.04608569999993506	epochs	2.0
929.3263154787476	0.023103999999989355	epochs	3.0
929.3494194787476	0.022981699999945704	epochs	3.0
929.3724011787475	0.0456018000000995	epochs	2.0
929.3724011787475	0.022860700000023826	epochs	3.0
929.3952618787475	0.022741100000075676	epochs	3.0
929.4180029787476	0.045127899999897636	epochs	2.0
929.4180029787476	0.022622499999897627	epochs	3.0
929.4406254787475	0.02250540000000001	epochs	3.0
929.4631308787475	0.0446638000000803	epochs	2.0
929.4631308787475	0.022389300000099865	epochs	3.0
929.4855201787476	0.022274499999980435	epochs	3.0
929.5077946787476	0.04420919999995476	epochs	2.0
929.5077946787476	0.022160799999937808	epochs	3.0
929.5299554787475	0.022048400000016954	epochs	3.0
929.5520038787475	0.043763600000033875	epochs	2.0
929.5520038787475	0.021936900000014248	epochs	3.0
929.5739407787476	0.021826700000019628	epochs	3.0
929.5957674787476	0.04332709999994222	epochs	2.0
929.5957674787476	0.021717599999988124	epochs	3.0
929.6174850787476	0.021609499999954096	epochs	3.0
929.6390945787475	0.04289900000003399	epochs	2.0
929.6390945787475	0.02150249999999687	epochs	3.0
929.6605970787475	0.021396500000037122	epochs	3.0
929.6819935787476	0.042479500000013104	epochs	2.0
929.6819935787476	0.02129170000000613	epochs	3.0
929.7032852787476	0.021187800000006973	epochs	3.0
929.7244730787476	0.042067900000006375	epochs	2.0
929.7244730787476	0.02108490000000529	epochs	3.0
929.7455579787476	0.020983000000001084	epochs	3.0
929.7665409787476	0.04166439999994509	epochs	2.0
929.7665409787476	0.020882199999959994	epochs	3.0
929.7874231787475	0.020782199999985096	epochs	3.0
929.8082053787475	0.04126850000000104	epochs	2.0
929.8082053787475	0.020683300000087	epochs	3.0
929.8288886787476	0.02058519999991404	epochs	3.0
929.8494738787475	0.04088000000001557	epochs	2.0
929.8494738787475	0.020488100000079612	epochs	3.0
929.8699619787476	0.02039189999993596	epochs	3.0
929.8903538787475	0.04049880000002304	epochs	2.0
929.8903538787475	0.020296600000051512	epochs	3.0
929.9106504787476	0.020202199999971526	epochs	3.0
929.9308526787476	0.04012460000001283	epochs	2.0
929.9308526787476	0.02010870000003706	epochs	3.0
929.9509613787476	0.020015899999975773	epochs	3.0
929.9709772787476	0.03975730000001931	epochs	2.0
929.9709772787476	0.019924199999991288	epochs	3.0
929.9909014787476	0.019833100000028026	epochs	3.0
930.0107345787476	0.03939669999999751	epochs	2.0
930.0107345787476	0.01974299999994855	epochs	3.0
930.0304775787475	0.019653700000048957	epochs	3.0
930.0501312787476	0.03904239999997117	epochs	2.0
930.0501312787476	0.01956510000002254	epochs	3.0
930.0696963787476	0.019477299999948627	epochs	3.0
930.0891736787476	0.03869459999998526	epochs	2.0
930.0891736787476	0.019390400000020236	epochs	3.0
930.1085640787476	0.01930419999996502	epochs	3.0
930.1278682787475	0.03835290000006353	epochs	2.0
930.1278682787475	0.019218799999976	epochs	3.0
930.1470870787475	0.01913410000008753	epochs	3.0
930.1662211787476	0.038017199999899276	epochs	2.0
930.1662211787476	0.01905019999992419	epochs	3.0
930.1852713787475	0.018966999999975087	epochs	3.0
930.2042383787475	0.037687200000050325	epochs	2.0
930.2042383787475	0.01888450000001285	epochs	3.0
930.2231228787475	0.018802700000037476	epochs	3.0
930.2419255787476	0.03736309999999321	epochs	2.0
930.2419255787476	0.018721700000014607	epochs	3.0
930.2606472787476	0.018641399999978603	epochs	3.0
930.2792886787475	0.03704430000004777	epochs	2.0
930.2792886787475	0.01856159999999818	epochs	3.0
930.2978502787475	0.01848270000004959	epochs	3.0
930.3163329787476	0.03673099999991791	epochs	2.0
930.3163329787476	0.018404299999929208	epochs	3.0
930.3347372787475	0.018326699999988705	epochs	3.0
930.3530639787475	0.036422900000047775	epochs	2.0
930.3530639787475	0.018249599999990096	epochs	3.0
930.3713135787475	0.01817330000005768	epochs	3.0
930.3894868787476	0.03612009999994825	epochs	2.0
930.3894868787476	0.0180976000000328	epochs	3.0
930.4075844787476	0.018022499999915453	epochs	3.0
930.4256069787475	0.03582210000001851	epochs	2.0
930.4256069787475	0.017947900000081063	epochs	3.0
930.4435548787476	0.017874199999937446	epochs	3.0
930.4614290787475	0.03552899999999681	epochs	2.0
930.4614290787475	0.017800800000031813	epochs	3.0
930.4792298787476	0.017728199999965	epochs	3.0
930.4969580787475	0.03524070000003121	epochs	2.0
930.4969580787475	0.017656100000067454	epochs	3.0
930.5146141787476	0.017584599999963757	epochs	3.0
930.5321987787476	0.034957100000042374	epochs	2.0
930.5321987787476	0.01751369999999497	epochs	3.0
930.5497124787476	0.017443400000047404	epochs	3.0
930.5671558787476	0.034677899999906	epochs	2.0
930.5671558787476	0.017373599999928047	epochs	3.0
930.5845294787475	0.017304299999977957	epochs	3.0
930.6018337787475	0.03440330000000813	epochs	2.0
930.6018337787475	0.01723570000001473	epochs	3.0
930.6190694787475	0.0171675999999934	epochs	3.0
930.6362370787475	0.0341328000000658	epochs	2.0
930.6362370787475	0.017099900000062007	epochs	3.0
930.6533369787476	0.017032900000003792	epochs	3.0
930.6703698787476	0.033866699999975935	epochs	2.0
930.6703698787476	0.01696640000000116	epochs	3.0
930.6873362787476	0.016900299999974777	epochs	3.0
930.7042365787476	0.03360459999998966	epochs	2.0
930.7042365787476	0.01683479999996962	epochs	3.0
930.7210713787475	0.01676980000002004	epochs	3.0
930.7378411787475	0.03334660000007261	epochs	2.0
930.7378411787475	0.016705300000012357	epochs	3.0
930.7545464787476	0.016641300000060255	epochs	3.0
930.7711877787476	0.03309249999995245	epochs	2.0
930.7711877787476	0.01657779999993636	epochs	3.0
930.7877655787476	0.01651470000001609	epochs	3.0
930.8042802787476	0.03284229999997024	epochs	2.0
930.8042802787476	0.01645220000000336	epochs	3.0
930.8207324787476	0.01639009999996688	epochs	3.0
930.8371225787475	0.03259570000000167	epochs	2.0
930.8371225787475	0.016328400000020338	epochs	3.0
930.8534509787476	0.016267299999981333	epochs	3.0
930.8697182787475	0.032352899999978035	epochs	2.0
930.8697182787475	0.016206600000032267	epochs	3.0
930.8859248787476	0.016146299999945768	epochs	3.0
930.9020711787475	0.032113700000081735	epochs	2.0
930.9020711787475	0.016086599999994178	epochs	3.0
930.9181577787475	0.016027100000087557	epochs	3.0
930.9341848787476	0.03187800000000607	epochs	2.0
930.9341848787476	0.015968199999974786	epochs	3.0
930.9501530787476	0.015909800000031282	epochs	3.0
930.9660628787476	0.03164569999989908	epochs	2.0
930.9660628787476	0.015851599999905375	epochs	3.0
930.9819144787475	0.015794099999993705	epochs	3.0
930.9977085787475	0.0314167000000225	epochs	2.0
930.9977085787475	0.015736700000047676	epochs	3.0
931.0134452787476	0.015679999999974825	epochs	3.0
931.0291252787475	0.031191100000000915	epochs	2.0
931.0291252787475	0.015623600000026272	epochs	3.0
931.0447488787476	0.015567499999974643	epochs	3.0
931.0603163787475	0.030968700000016725	epochs	2.0
931.0603163787475	0.015512000000057924	epochs	3.0
931.0758283787476	0.0154566999999588	epochs	3.0
931.0912850787475	0.03074950000006993	epochs	2.0
931.0912850787475	0.015401999999994587	epochs	3.0
931.1066870787475	0.015347500000075343	epochs	3.0
931.1220345787476	0.030533199999922545	epochs	2.0
931.1220345787476	0.015293399999904977	epochs	3.0
931.1373279787475	0.015239800000017567	epochs	3.0
931.1525677787475	0.03032010000003993	epochs	2.0
931.1525677787475	0.015186500000027081	epochs	3.0
931.1677542787476	0.015133600000012848	epochs	3.0
931.1828878787476	0.030109899999956724	epochs	2.0
931.1828878787476	0.015081000000009226	epochs	3.0
931.1979688787476	0.015028899999947498	epochs	3.0
931.2129977787475	0.02990250000004835	epochs	2.0
931.2129977787475	0.014977000000044427	epochs	3.0
931.2279747787476	0.014925500000003922	epochs	3.0
931.2429002787476	0.029698100000018712	epochs	2.0
931.2429002787476	0.01487439999993967	epochs	3.0
931.2577746787475	0.014823700000079043	epochs	3.0
931.2725983787476	0.02949630000000525	epochs	2.0
931.2725983787476	0.014773199999922326	epochs	3.0
931.2873715787475	0.014723100000082923	epochs	3.0
931.3020946787476	0.029297399999904883	epochs	2.0
931.3020946787476	0.014673399999992398	epochs	3.0
931.3167680787476	0.014623999999912485	epochs	3.0
931.3313920787475	0.029101100000048064	epochs	2.0
931.3313920787475	0.014574900000070556	epochs	3.0
931.3459669787476	0.014526199999977507	epochs	3.0
931.3604931787476	0.028907399999980044	epochs	2.0
931.3604931787476	0.014477700000043114	epochs	3.0
931.3749708787476	0.014429699999936929	epochs	3.0
931.3894005787475	0.028716200000076242	epochs	2.0
931.3894005787475	0.014381800000023759	epochs	3.0
931.4037823787476	0.014334400000052483	epochs	3.0
931.4181167787476	0.02852759999996124	epochs	2.0
931.4181167787476	0.014287199999898803	epochs	3.0
931.4324039787475	0.014240400000062436	epochs	3.0
931.4466443787476	0.028341399999931127	epochs	2.0
931.4466443787476	0.014193799999929979	epochs	3.0
931.4608381787475	0.014147600000001148	epochs	3.0
931.4749857787475	0.028157700000065233	epochs	2.0
931.4749857787475	0.014101700000082928	epochs	3.0
931.4890874787476	0.014055999999982305	epochs	3.0
931.5031434787476	0.027976299999977527	epochs	2.0
931.5031434787476	0.01401060000000598	epochs	3.0
931.5171540787476	0.013965699999971548	epochs	3.0
931.5311197787476	0.02779720000000907	epochs	2.0
931.5311197787476	0.013920800000050804	epochs	3.0
931.5450405787476	0.013876399999958267	epochs	3.0
931.5589169787476	0.027620400000046175	epochs	2.0
931.5589169787476	0.013832200000024386	epochs	3.0
931.5727491787476	0.013788200000021789	epochs	3.0
931.5865373787476	0.027445899999975154	epochs	2.0
931.5865373787476	0.013744599999995444	epochs	3.0
931.6002819787476	0.01370129999997971	epochs	3.0
931.6139832787476	0.027273499999978412	epochs	2.0
931.6139832787476	0.013658200000008947	epochs	3.0
931.6276414787476	0.013615299999969466	epochs	3.0
931.6412567787476	0.027103399999987232	epochs	2.0
931.6412567787476	0.013572800000019924	epochs	3.0
931.6548295787476	0.013530599999967308	epochs	3.0
931.6683601787475	0.02693520000002536	epochs	2.0
931.6683601787475	0.013488400000028378	epochs	3.0
931.6818485787476	0.013446799999996983	epochs	3.0
931.6952953787476	0.026769199999989723	epochs	2.0
931.6952953787476	0.013405199999965589	epochs	3.0
931.7087005787475	0.013364000000024134	epochs	3.0
931.7220645787476	0.026605199999949036	epochs	2.0
931.7220645787476	0.013322900000048321	epochs	3.0
931.7353874787476	0.013282299999900715	epochs	3.0
931.7486697787475	0.026443200000016986	epochs	2.0
931.7486697787475	0.01324170000009417	epochs	3.0
931.7619114787476	0.013201499999922817	epochs	3.0
931.7751129787475	0.026283200000079887	epochs	2.0
931.7751129787475	0.013161500000023807	epochs	3.0
931.7882744787476	0.01312170000005608	epochs	3.0
931.8013961787476	0.02612499999997908	epochs	2.0
931.8013961787476	0.01308209999990595	epochs	3.0
931.8144782787475	0.013042900000073132	epochs	3.0
931.8275211787476	0.025968899999952555	epochs	2.0
931.8275211787476	0.013003899999944224	epochs	3.0
931.8405250787475	0.012965000000008331	epochs	3.0
931.8534900787475	0.025814500000024054	epochs	2.0
931.8534900787475	0.012926399999969362	epochs	3.0
931.8664164787475	0.012888100000054692	epochs	3.0
931.8793045787476	0.025661900000045534	epochs	2.0
931.8793045787476	0.012849899999991976	epochs	3.0
931.8921544787476	0.012812000000053558	epochs	3.0
931.9049664787476	0.025511199999982637	epochs	2.0
931.9049664787476	0.012774399999898378	epochs	3.0
931.9177408787475	0.012736800000084258	epochs	3.0
931.9304776787476	0.025362299999983406	epochs	2.0
931.9304776787476	0.01269969999998466	epochs	3.0
931.9431773787476	0.012662599999998747	epochs	3.0
931.9558399787476	0.025215000000002874	epochs	2.0
931.9558399787476	0.012625800000023446	epochs	3.0
931.9684657787476	0.012589199999979428	epochs	3.0
931.9810549787476	0.024584799999956886	epochs	2.0
932.0053652787476	0.5	epochs	-1.0
932.0056397787475	0.9999199999999746	epochs	1.0
932.5053652787476	0.5	epochs	-1.0
933.8219995498657	0.04863999999997759	epochs	0.0
933.8219995498657	0.019324699999970107	epochs	1.0
933.8413242498657	0.009990600000037375	epochs	1.0
933.8513148498657	0.019324699999970107	epochs	1.0
933.8706395498657	2.0	epochs	0.0
935.8706395498657	0.5112800000000561	epochs	0.0
935.8706395498657	0.5112800000000561	epochs	1.0
935.8706850498658	0.5	epochs	-1.0
936.3706850498658	0.01123450000000048	epochs	-1.0
936.3819195498658	21.48863999999992	epochs	0.0
937.6939997673035	0.04863999999997759	epochs	0.0
937.6939997673035	0.019324699999970107	epochs	1.0
937.7133244673034	0.009990600000037375	epochs	1.0
937.7233150673035	0.019324699999970107	epochs	1.0
937.7426397673034	2.0	epochs	0.0
939.7426397673034	0.5108800000000429	epochs	0.0
939.7426397673034	0.5108800000000429	epochs	1.0
939.7426852673035	0.5	epochs	-1.0
940.2426852673035	0.010834499999987202	epochs	-1.0
940.2535197673035	21.48903999999993	epochs	0.0
941.628999710083	0.04863999999997759	epochs	0.0
941.628999710083	0.019324699999970107	epochs	1.0
941.648324410083	0.009990600000037375	epochs	1.0
941.658315010083	0.019324699999970107	epochs	1.0
941.677639710083	2.0	epochs	0.0
943.677639710083	21.531600000000026	epochs	0.0
943.677639710083	1.0	epochs	1.0
943.677685210083	0.5	epochs	-1.0
944.177685210083	19.999680000000012	epochs	-1.0
944.677639710083	20.0	epochs	1.0
944.677639710083	4.356753900000058	epochs	-1.0
944.677639710083	1.9745871999999736	epochs	2.0
944.677639710083	1.0985622000000603	epochs	3.0
945.776201910083	0.8760249999999132	epochs	3.0
946.652226910083	1.3524075000000266	epochs	2.0
946.652226910083	0.7286354999999958	epochs	3.0
947.380862410083	0.6237720000000309	epochs	3.0
948.004634410083	1.0297592000000577	epochs	2.0
948.004634410083	0.5453293000000485	epochs	3.0
948.549963710083	0.4844299000000092	epochs	3.0
949.034393610083	0.8317862000000105	epochs	2.0
949.034393610083	0.4357762999999295	epochs	3.0
949.470169910083	0.39600990000008096	epochs	3.0
949.866179810083	0.6977969999999232	epochs	2.0
949.866179810083	0.36289819999990414	epochs	3.0
950.229078010083	0.33489880000001904	epochs	3.0
950.563976810083	0.601045699999986	epochs	2.0
950.563976810083	0.3109123000000409	epochs	3.0
950.874889110083	0.29013339999994514	epochs	3.0
951.165022510083	0.5278859000000011	epochs	2.0
951.165022510083	0.2719586000000618	epochs	3.0
951.436981110083	0.25592729999993935	epochs	3.0
951.692908410083	0.4706193000000667	epochs	2.0
951.692908410083	0.2416813000000957	epochs	3.0
951.9345897100831	0.228937999999971	epochs	3.0
952.163527710083	0.42457039999999324	epochs	2.0
952.163527710083	0.21747140000002219	epochs	3.0
952.380999110083	0.20709899999997106	epochs	3.0
952.588098110083	0.3867354000000205	epochs	2.0
952.588098110083	0.19767109999997956	epochs	3.0
952.785769210083	0.18906430000004093	epochs	3.0
952.974833510083	0.3550953000000163	epochs	2.0
952.974833510083	0.18117589999997108	epochs	3.0
953.156009410083	0.17391940000004524	epochs	3.0
953.3299288100831	0.3282430999998951	epochs	2.0
953.3299288100831	0.16722189999995862	epochs	3.0
953.497150710083	0.16102119999993647	epochs	3.0
953.658171910083	0.30516800000009425	epochs	2.0
953.658171910083	0.15526390000002266	epochs	3.0
953.813435810083	0.1499041000000716	epochs	3.0
953.963339910083	0.28512530000000424	epochs	2.0
953.963339910083	0.1449020999999675	epochs	3.0
954.108242010083	0.14022320000003674	epochs	3.0
954.248465210083	0.2675537999999733	epochs	2.0
954.248465210083	0.1358368999999584	epochs	3.0
954.384302110083	0.1317169000000149	epochs	3.0
954.516019010083	0.252022899999929	epochs	2.0
954.516019010083	0.1278393000000051	epochs	3.0
954.643858310083	0.1241835999999239	epochs	3.0
954.768041910083	0.23819650000007186	epochs	2.0
954.768041910083	0.12073110000005727	epochs	3.0
954.888773010083	0.1174654000000146	epochs	3.0
955.006238410083	0.2258087999999816	epochs	2.0
955.006238410083	0.1143718999999237	epochs	3.0
955.120610310083	0.1114369000000579	epochs	3.0
955.232047210083	0.2146460000000161	epochs	2.0
955.232047210083	0.10864890000004834	epochs	3.0
955.3406961100831	0.10599709999996776	epochs	3.0
955.446693210083	0.20453499999996438	epochs	2.0
955.446693210083	0.10347149999995509	epochs	3.0
955.550164710083	0.1010635000000093	epochs	3.0
955.651228210083	0.19533400000000256	epochs	2.0
955.651228210083	0.09876510000003691	epochs	3.0
955.749993310083	0.09656889999996565	epochs	3.0
955.846562210083	0.18692529999998442	epochs	2.0
955.846562210083	0.09446830000001682	epochs	3.0
955.941030510083	0.09245699999996759	epochs	3.0
956.033487510083	0.17921069999999872	epochs	2.0
956.033487510083	0.0905296000000817	epochs	3.0
956.1240171100831	0.08868109999991702	epochs	3.0
956.212698210083	0.17210770000008324	epochs	2.0
956.212698210083	0.08690630000000965	epochs	3.0
956.299604510083	0.08520140000007359	epochs	3.0
956.3848059100831	0.1655463999999256	epochs	2.0
956.3848059100831	0.08356189999994967	epochs	3.0
956.468367810083	0.08198449999997592	epochs	3.0
956.550352310083	0.15946710000002895	epochs	2.0
956.550352310083	0.08046539999998004	epochs	3.0
956.630817710083	0.07900170000004891	epochs	3.0
956.709819410083	0.15381839999997737	epochs	2.0
956.709819410083	0.07759009999995214	epochs	3.0
956.787409510083	0.07622830000002523	epochs	3.0
956.863637810083	0.14855639999996129	epochs	2.0
956.863637810083	0.07491330000004837	epochs	3.0
956.938551110083	0.07364309999991292	epochs	3.0
957.012194210083	0.14364240000008976	epochs	2.0
957.012194210083	0.07241500000009182	epochs	3.0
957.084609210083	0.07122739999999794	epochs	3.0
957.155836610083	0.13904309999998077	epochs	2.0
957.155836610083	0.07007799999996678	epochs	3.0
957.225914610083	0.06896510000001399	epochs	3.0
957.294879710083	0.1347293000000036	epochs	2.0
957.294879710083	0.0678871000000072	epochs	3.0
957.362766810083	0.06684219999999641	epochs	3.0
957.429609010083	0.13067519999992783	epochs	2.0
957.429609010083	0.06582909999997355	epochs	3.0
957.495438110083	0.06484609999995428	epochs	3.0
957.560284210083	0.12685780000003888	epochs	2.0
957.560284210083	0.06389200000000983	epochs	3.0
957.624176210083	0.06296580000002905	epochs	3.0
957.687142010083	0.12325720000001184	epochs	2.0
957.687142010083	0.06206580000002759	epochs	3.0
957.749207810083	0.06119139999998424	epochs	3.0
957.810399210083	0.11985540000000583	epochs	2.0
957.810399210083	0.060341099999959624	epochs	3.0
957.870740310083	0.059514300000046205	epochs	3.0
957.930254610083	0.11663620000001629	epochs	2.0
957.930254610083	0.05870960000004288	epochs	3.0
957.988964210083	0.057926599999973405	epochs	3.0
958.046890810083	0.11358559999996487	epochs	2.0
958.046890810083	0.05716419999998834	epochs	3.0
958.104055010083	0.05642139999997653	epochs	3.0
958.160476410083	0.11069050000003244	epochs	2.0
958.160476410083	0.055697900000041045	epochs	3.0
958.216174310083	0.0549925999999914	epochs	3.0
958.271166910083	0.10793909999995321	epochs	2.0
958.271166910083	0.05430490000003374	epochs	3.0
958.3254718100831	0.053634199999919474	epochs	3.0
958.379106010083	0.10532150000005913	epochs	2.0
958.379106010083	0.05298000000004777	epochs	3.0
958.432086010083	0.052341500000011365	epochs	3.0
958.484427510083	0.10282759999995505	epochs	2.0
958.484427510083	0.05171810000001642	epochs	3.0
958.536145610083	0.051109499999938635	epochs	3.0
958.587255110083	0.10044909999999163	epochs	2.0
958.587255110083	0.050514900000052876	epochs	3.0
958.637770010083	0.049934199999938755	epochs	3.0
958.687704210083	0.0981782999999723	epochs	2.0
958.687704210083	0.04936659999998483	epochs	3.0
958.737070810083	0.04881169999998747	epochs	3.0
958.785882510083	0.09600780000005216	epochs	2.0
958.785882510083	0.04826920000004975	epochs	3.0
958.834151710083	0.04773860000000241	epochs	3.0
958.881890310083	0.09393120000004274	epochs	2.0
958.881890310083	0.04721949999998287	epochs	3.0
958.929109810083	0.046711700000059864	epochs	3.0
958.975821510083	0.09194259999992482	epochs	2.0
958.975821510083	0.046214599999984785	epochs	3.0
959.022036110083	0.04572799999994004	epochs	3.0
959.067764110083	0.09003630000006524	epochs	2.0
959.067764110083	0.04525150000006306	epochs	3.0
959.113015610083	0.04478480000000218	epochs	3.0
959.157800410083	0.08820759999991878	epochs	2.0
959.157800410083	0.044327800000019124	epochs	3.0
959.2021282100831	0.04387979999989966	epochs	3.0
959.246008010083	0.0864516999999978	epochs	2.0
959.246008010083	0.04344100000002982	epochs	3.0
959.289449010083	0.04301069999996798	epochs	3.0
959.332459710083	0.0847643000000744	epochs	2.0
959.332459710083	0.04258900000002086	epochs	3.0
959.375048710083	0.04217530000005354	epochs	3.0
959.417224010083	0.08314150000001064	epochs	2.0
959.417224010083	0.041769699999917975	epochs	3.0
959.458993710083	0.04137180000009266	epochs	3.0
959.500365510083	0.08157969999990655	epochs	2.0
959.500365510083	0.040981399999964196	epochs	3.0
959.541346910083	0.040598299999942355	epochs	3.0
959.581945210083	0.08007550000002084	epochs	2.0
959.581945210083	0.040222300000095856	epochs	3.0
959.622167510083	0.03985319999992498	epochs	3.0
959.662020710083	0.07862570000008873	epochs	2.0
959.662020710083	0.039490800000066884	epochs	3.0
959.701511510083	0.039134900000021844	epochs	3.0
959.7406464100831	0.07722759999990103	epochs	2.0
959.7406464100831	0.03878539999993791	epochs	3.0
959.779431810083	0.03844219999996312	epochs	3.0
959.817874010083	0.07587820000003376	epochs	2.0
959.817874010083	0.038104800000041905	epochs	3.0
959.855978810083	0.03777339999999185	epochs	3.0
959.893752210083	0.0745752000000266	epochs	2.0
959.893752210083	0.03744770000002973	epochs	3.0
959.931199910083	0.03712749999999687	epochs	3.0
959.968327410083	0.07331629999998768	epochs	2.0
959.968327410083	0.036812899999972615	epochs	3.0
960.005140310083	0.03650340000001506	epochs	3.0
960.041643710083	0.07209899999998015	epochs	2.0
960.041643710083	0.03619909999997617	epochs	3.0
960.077842810083	0.03589990000000398	epochs	3.0
960.113742710083	0.07092169999998532	epochs	2.0
960.113742710083	0.03560560000005353	epochs	3.0
960.149348310083	0.035316099999931794	epochs	3.0
960.184664410083	0.06978200000003199	epochs	2.0
960.184664410083	0.03503120000004856	epochs	3.0
960.219695610083	0.03475079999998343	epochs	3.0
960.254446410083	0.06867859999999837	epochs	2.0
960.254446410083	0.03447510000000875	epochs	3.0
960.288921510083	0.03420349999998962	epochs	3.0
960.323125010083	0.06760929999995824	epochs	2.0
960.323125010083	0.033936199999970995	epochs	3.0
960.357061210083	0.033673099999987244	epochs	3.0
960.390734310083	0.06657290000009652	epochs	2.0
960.390734310083	0.03341399999999339	epochs	3.0
960.424148310083	0.03315890000010313	epochs	3.0
960.4573072100831	0.06556779999993978	epochs	2.0
960.4573072100831	0.03290769999989607	epochs	3.0
960.490214910083	0.03266010000004371	epochs	3.0
960.522875010083	0.06459259999996902	epochs	2.0
960.522875010083	0.032416399999988244	epochs	3.0
960.555291410083	0.03217619999998078	epochs	3.0
960.587467610083	0.06364600000006249	epochs	2.0
960.587467610083	0.03193959999998697	epochs	3.0
960.619407210083	0.03170640000007552	epochs	3.0
960.651113610083	0.0627266999999847	epochs	2.0
960.651113610083	0.03147660000001906	epochs	3.0
960.682590210083	0.03125009999996564	epochs	3.0
960.713840310083	0.06183359999999993	epochs	2.0
960.713840310083	0.031026900000028945	epochs	3.0
960.744867210083	0.030806699999970988	epochs	3.0
960.775673910083	0.06096560000003137	epochs	2.0
960.775673910083	0.030589800000029754	epochs	3.0
960.806263710083	0.030375800000001618	epochs	3.0
960.836639510083	0.06012160000000222	epochs	2.0
960.836639510083	0.03016489999993155	epochs	3.0
960.866804410083	0.02995670000007067	epochs	3.0
960.896761110083	0.05930069999999432	epochs	2.0
960.896761110083	0.02975159999994048	epochs	3.0
960.926512710083	0.02954910000005384	epochs	3.0
960.956061810083	0.05850179999993088	epochs	2.0
960.956061810083	0.02934940000000097	epochs	3.0
960.985411210083	0.029152399999929912	epochs	3.0
961.014563610083	0.057724200000052406	epochs	2.0
961.014563610083	0.028957999999988715	epochs	3.0
961.043521610083	0.02876620000006369	epochs	3.0
961.072287810083	0.05696709999995164	epochs	2.0
961.072287810083	0.028576999999927466	epochs	3.0
961.100864810083	0.028390100000024177	epochs	3.0
961.129254910083	0.056229500000085864	epochs	2.0
961.129254910083	0.028205700000057732	epochs	3.0
961.157460610083	0.028023800000028132	epochs	3.0
961.1854844100831	0.05551069999989977	epochs	2.0
961.1854844100831	0.027843999999959124	epochs	3.0
961.213328410083	0.027666699999940647	epochs	3.0
961.240995110083	0.054810200000019904	epochs	2.0
961.240995110083	0.02749149999999645	epochs	3.0
961.268486610083	0.027318700000023455	epochs	3.0
961.295805310083	0.05412699999999404	epochs	2.0
961.295805310083	0.02714780000007977	epochs	3.0
961.3229531100831	0.026979199999914272	epochs	3.0
961.349932310083	0.0534607000000733	epochs	2.0
961.349932310083	0.026812600000084785	epochs	3.0
961.3767449100831	0.026648099999988517	epochs	3.0
961.403393010083	0.05281070000000909	epochs	2.0
961.403393010083	0.026485600000000886	epochs	3.0
961.429878610083	0.026325100000008206	epochs	3.0
961.4562037100831	0.05217619999996259	epochs	2.0
961.4562037100831	0.026166399999965506	epochs	3.0
961.482370110083	0.026009799999997085	epochs	3.0
961.508379910083	0.051556699999991906	epochs	2.0
961.508379910083	0.025854799999933675	epochs	3.0
961.534234710083	0.02570190000005823	epochs	3.0
961.559936610083	0.05095189999997274	epochs	2.0
961.559936610083	0.025550699999939752	epochs	3.0
961.585487310083	0.025401200000032986	epochs	3.0
961.610888510083	0.05036100000006627	epochs	2.0
961.610888510083	0.0252535000000762	epochs	3.0
961.6361420100831	0.02510749999999007	epochs	3.0
961.661249510083	0.049783800000000156	epochs	2.0
961.661249510083	0.02496320000000196	epochs	3.0
961.686212710083	0.024820599999998194	epochs	3.0
961.711033310083	0.04921949999993558	epochs	2.0
961.711033310083	0.024679399999968155	epochs	3.0
961.735712710083	0.024540099999967424	epochs	3.0
961.760252810083	0.04866790000005494	epochs	2.0
961.760252810083	0.02440209999997478	epochs	3.0
961.784654910083	0.024265800000080162	epochs	3.0
961.808920710083	0.048128599999927246	epochs	2.0
961.808920710083	0.024131000000011227	epochs	3.0
961.833051710083	0.02399759999991602	epochs	3.0
961.857049310083	0.047601100000065344	epochs	2.0
961.857049310083	0.023865800000066884	epochs	3.0
961.880915110083	0.02373529999999846	epochs	3.0
961.904650410083	0.04708499999992455	epochs	2.0
961.904650410083	0.023606299999983094	epochs	3.0
961.928256710083	0.023478699999941455	epochs	3.0
961.951735410083	0.04658000000006268	epochs	2.0
961.951735410083	0.023352500000100918	epochs	3.0
961.9750879100831	0.023227499999961765	epochs	3.0
961.998315410083	0.04608569999993506	epochs	2.0
961.998315410083	0.023103999999989355	epochs	3.0
962.021419410083	0.022981699999945704	epochs	3.0
962.044401110083	0.0456018000000995	epochs	2.0
962.044401110083	0.022860700000023826	epochs	3.0
962.067261810083	0.022741100000075676	epochs	3.0
962.0900029100831	0.045127899999897636	epochs	2.0
962.0900029100831	0.022622499999897627	epochs	3.0
962.112625410083	0.02250540000000001	epochs	3.0
962.135130810083	0.0446638000000803	epochs	2.0
962.135130810083	0.022389300000099865	epochs	3.0
962.157520110083	0.022274499999980435	epochs	3.0
962.179794610083	0.04420919999995476	epochs	2.0
962.179794610083	0.022160799999937808	epochs	3.0
962.201955410083	0.022048400000016954	epochs	3.0
962.224003810083	0.043763600000033875	epochs	2.0
962.224003810083	0.021936900000014248	epochs	3.0
962.245940710083	0.021826700000019628	epochs	3.0
962.267767410083	0.04332709999994222	epochs	2.0
962.267767410083	0.021717599999988124	epochs	3.0
962.289485010083	0.021609499999954096	epochs	3.0
962.311094510083	0.04289900000003399	epochs	2.0
962.311094510083	0.02150249999999687	epochs	3.0
962.332597010083	0.021396500000037122	epochs	3.0
962.353993510083	0.042479500000013104	epochs	2.0
962.353993510083	0.02129170000000613	epochs	3.0
962.375285210083	0.021187800000006973	epochs	3.0
962.396473010083	0.042067900000006375	epochs	2.0
962.396473010083	0.02108490000000529	epochs	3.0
962.417557910083	0.020983000000001084	epochs	3.0
962.438540910083	0.04166439999994509	epochs	2.0
962.438540910083	0.020882199999959994	epochs	3.0
962.459423110083	0.020782199999985096	epochs	3.0
962.480205310083	0.04126850000000104	epochs	2.0
962.480205310083	0.020683300000087	epochs	3.0
962.500888610083	0.02058519999991404	epochs	3.0
962.521473810083	0.04088000000001557	epochs	2.0
962.521473810083	0.020488100000079612	epochs	3.0
962.541961910083	0.02039189999993596	epochs	3.0
962.562353810083	0.04049880000002304	epochs	2.0
962.562353810083	0.020296600000051512	epochs	3.0
962.582650410083	0.020202199999971526	epochs	3.0
962.602852610083	0.04012460000001283	epochs	2.0
962.602852610083	0.02010870000003706	epochs	3.0
962.622961310083	0.020015899999975773	epochs	3.0
962.642977210083	0.03975730000001931	epochs	2.0
962.642977210083	0.019924199999991288	epochs	3.0
962.662901410083	0.019833100000028026	epochs	3.0
962.682734510083	0.03939669999999751	epochs	2.0
962.682734510083	0.01974299999994855	epochs	3.0
962.702477510083	0.019653700000048957	epochs	3.0
962.722131210083	0.03904239999997117	epochs	2.0
962.722131210083	0.01956510000002254	epochs	3.0
962.7416963100831	0.019477299999948627	epochs	3.0
962.761173610083	0.03869459999998526	epochs	2.0
962.761173610083	0.019390400000020236	epochs	3.0
962.780564010083	0.01930419999996502	epochs	3.0
962.799868210083	0.03835290000006353	epochs	2.0
962.799868210083	0.019218799999976	epochs	3.0
962.819087010083	0.01913410000008753	epochs	3.0
962.838221110083	0.038017199999899276	epochs	2.0
962.838221110083	0.01905019999992419	epochs	3.0
962.857271310083	0.018966999999975087	epochs	3.0
962.876238310083	0.037687200000050325	epochs	2.0
962.876238310083	0.01888450000001285	epochs	3.0
962.895122810083	0.018802700000037476	epochs	3.0
962.913925510083	0.03736309999999321	epochs	2.0
962.913925510083	0.018721700000014607	epochs	3.0
962.932647210083	0.018641399999978603	epochs	3.0
962.951288610083	0.03704430000004777	epochs	2.0
962.951288610083	0.01856159999999818	epochs	3.0
962.969850210083	0.01848270000004959	epochs	3.0
962.988332910083	0.03673099999991791	epochs	2.0
962.988332910083	0.018404299999929208	epochs	3.0
963.006737210083	0.018326699999988705	epochs	3.0
963.025063910083	0.036422900000047775	epochs	2.0
963.025063910083	0.018249599999990096	epochs	3.0
963.043313510083	0.01817330000005768	epochs	3.0
963.061486810083	0.03612009999994825	epochs	2.0
963.061486810083	0.0180976000000328	epochs	3.0
963.079584410083	0.018022499999915453	epochs	3.0
963.097606910083	0.03582210000001851	epochs	2.0
963.097606910083	0.017947900000081063	epochs	3.0
963.115554810083	0.017874199999937446	epochs	3.0
963.133429010083	0.03552899999999681	epochs	2.0
963.133429010083	0.017800800000031813	epochs	3.0
963.151229810083	0.017728199999965	epochs	3.0
963.168958010083	0.03524070000003121	epochs	2.0
963.168958010083	0.017656100000067454	epochs	3.0
963.186614110083	0.017584599999963757	epochs	3.0
963.204198710083	0.034957100000042374	epochs	2.0
963.204198710083	0.01751369999999497	epochs	3.0
963.221712410083	0.017443400000047404	epochs	3.0
963.239155810083	0.034677899999906	epochs	2.0
963.239155810083	0.017373599999928047	epochs	3.0
963.256529410083	0.017304299999977957	epochs	3.0
963.273833710083	0.03440330000000813	epochs	2.0
963.273833710083	0.01723570000001473	epochs	3.0
963.291069410083	0.0171675999999934	epochs	3.0
963.308237010083	0.0341328000000658	epochs	2.0
963.308237010083	0.017099900000062007	epochs	3.0
963.325336910083	0.017032900000003792	epochs	3.0
963.342369810083	0.033866699999975935	epochs	2.0
963.342369810083	0.01696640000000116	epochs	3.0
963.359336210083	0.016900299999974777	epochs	3.0
963.376236510083	0.03360459999998966	epochs	2.0
963.376236510083	0.01683479999996962	epochs	3.0
963.393071310083	0.01676980000002004	epochs	3.0
963.409841110083	0.03334660000007261	epochs	2.0
963.409841110083	0.016705300000012357	epochs	3.0
963.426546410083	0.016641300000060255	epochs	3.0
963.4431877100831	0.03309249999995245	epochs	2.0
963.4431877100831	0.01657779999993636	epochs	3.0
963.459765510083	0.01651470000001609	epochs	3.0
963.476280210083	0.03284229999997024	epochs	2.0
963.476280210083	0.01645220000000336	epochs	3.0
963.492732410083	0.01639009999996688	epochs	3.0
963.509122510083	0.03259570000000167	epochs	2.0
963.509122510083	0.016328400000020338	epochs	3.0
963.525450910083	0.016267299999981333	epochs	3.0
963.541718210083	0.032352899999978035	epochs	2.0
963.541718210083	0.016206600000032267	epochs	3.0
963.557924810083	0.016146299999945768	epochs	3.0
963.574071110083	0.032113700000081735	epochs	2.0
963.574071110083	0.016086599999994178	epochs	3.0
963.590157710083	0.016027100000087557	epochs	3.0
963.606184810083	0.03187800000000607	epochs	2.0
963.606184810083	0.015968199999974786	epochs	3.0
963.622153010083	0.015909800000031282	epochs	3.0
963.638062810083	0.03164569999989908	epochs	2.0
963.638062810083	0.015851599999905375	epochs	3.0
963.653914410083	0.015794099999993705	epochs	3.0
963.669708510083	0.0314167000000225	epochs	2.0
963.669708510083	0.015736700000047676	epochs	3.0
963.685445210083	0.015679999999974825	epochs	3.0
963.701125210083	0.031191100000000915	epochs	2.0
963.701125210083	0.015623600000026272	epochs	3.0
963.716748810083	0.015567499999974643	epochs	3.0
963.732316310083	0.030968700000016725	epochs	2.0
963.732316310083	0.015512000000057924	epochs	3.0
963.747828310083	0.0154566999999588	epochs	3.0
963.763285010083	0.03074950000006993	epochs	2.0
963.763285010083	0.015401999999994587	epochs	3.0
963.778687010083	0.015347500000075343	epochs	3.0
963.7940345100831	0.030533199999922545	epochs	2.0
963.7940345100831	0.015293399999904977	epochs	3.0
963.809327910083	0.015239800000017567	epochs	3.0
963.824567710083	0.03032010000003993	epochs	2.0
963.824567710083	0.015186500000027081	epochs	3.0
963.839754210083	0.015133600000012848	epochs	3.0
963.854887810083	0.030109899999956724	epochs	2.0
963.854887810083	0.015081000000009226	epochs	3.0
963.869968810083	0.015028899999947498	epochs	3.0
963.884997710083	0.02990250000004835	epochs	2.0
963.884997710083	0.014977000000044427	epochs	3.0
963.899974710083	0.014925500000003922	epochs	3.0
963.914900210083	0.029698100000018712	epochs	2.0
963.914900210083	0.01487439999993967	epochs	3.0
963.929774610083	0.014823700000079043	epochs	3.0
963.944598310083	0.02949630000000525	epochs	2.0
963.944598310083	0.014773199999922326	epochs	3.0
963.959371510083	0.014723100000082923	epochs	3.0
963.9740946100831	0.029297399999904883	epochs	2.0
963.9740946100831	0.014673399999992398	epochs	3.0
963.988768010083	0.014623999999912485	epochs	3.0
964.003392010083	0.029101100000048064	epochs	2.0
964.003392010083	0.014574900000070556	epochs	3.0
964.017966910083	0.014526199999977507	epochs	3.0
964.032493110083	0.028907399999980044	epochs	2.0
964.032493110083	0.014477700000043114	epochs	3.0
964.046970810083	0.014429699999936929	epochs	3.0
964.061400510083	0.028716200000076242	epochs	2.0
964.061400510083	0.014381800000023759	epochs	3.0
964.075782310083	0.014334400000052483	epochs	3.0
964.0901167100831	0.02852759999996124	epochs	2.0
964.0901167100831	0.014287199999898803	epochs	3.0
964.104403910083	0.014240400000062436	epochs	3.0
964.118644310083	0.028341399999931127	epochs	2.0
964.118644310083	0.014193799999929979	epochs	3.0
964.132838110083	0.014147600000001148	epochs	3.0
964.146985710083	0.028157700000065233	epochs	2.0
964.146985710083	0.014101700000082928	epochs	3.0
964.161087410083	0.014055999999982305	epochs	3.0
964.175143410083	0.027976299999977527	epochs	2.0
964.175143410083	0.01401060000000598	epochs	3.0
964.189154010083	0.013965699999971548	epochs	3.0
964.203119710083	0.02779720000000907	epochs	2.0
964.203119710083	0.013920800000050804	epochs	3.0
964.217040510083	0.013876399999958267	epochs	3.0
964.230916910083	0.027620400000046175	epochs	2.0
964.230916910083	0.013832200000024386	epochs	3.0
964.244749110083	0.013788200000021789	epochs	3.0
964.258537310083	0.027445899999975154	epochs	2.0
964.258537310083	0.013744599999995444	epochs	3.0
964.272281910083	0.01370129999997971	epochs	3.0
964.285983210083	0.027273499999978412	epochs	2.0
964.285983210083	0.013658200000008947	epochs	3.0
964.299641410083	0.013615299999969466	epochs	3.0
964.313256710083	0.027103399999987232	epochs	2.0
964.313256710083	0.013572800000019924	epochs	3.0
964.326829510083	0.013530599999967308	epochs	3.0
964.340360110083	0.02693520000002536	epochs	2.0
964.340360110083	0.013488400000028378	epochs	3.0
964.353848510083	0.013446799999996983	epochs	3.0
964.367295310083	0.026769199999989723	epochs	2.0
964.367295310083	0.013405199999965589	epochs	3.0
964.380700510083	0.013364000000024134	epochs	3.0
964.394064510083	0.026605199999949036	epochs	2.0
964.394064510083	0.013322900000048321	epochs	3.0
964.4073874100831	0.013282299999900715	epochs	3.0
964.420669710083	0.026443200000016986	epochs	2.0
964.420669710083	0.01324170000009417	epochs	3.0
964.433911410083	0.013201499999922817	epochs	3.0
964.447112910083	0.026283200000079887	epochs	2.0
964.447112910083	0.013161500000023807	epochs	3.0
964.460274410083	0.01312170000005608	epochs	3.0
964.4733961100831	0.02612499999997908	epochs	2.0
964.4733961100831	0.01308209999990595	epochs	3.0
964.486478210083	0.013042900000073132	epochs	3.0
964.499521110083	0.025968899999952555	epochs	2.0
964.499521110083	0.013003899999944224	epochs	3.0
964.512525010083	0.012965000000008331	epochs	3.0
964.525490010083	0.025814500000024054	epochs	2.0
964.525490010083	0.012926399999969362	epochs	3.0
964.538416410083	0.012888100000054692	epochs	3.0
964.551304510083	0.025661900000045534	epochs	2.0
964.551304510083	0.012849899999991976	epochs	3.0
964.564154410083	0.012812000000053558	epochs	3.0
964.5769664100831	0.025511199999982637	epochs	2.0
964.5769664100831	0.012774399999898378	epochs	3.0
964.589740810083	0.012736800000084258	epochs	3.0
964.602477610083	0.025362299999983406	epochs	2.0
964.602477610083	0.01269969999998466	epochs	3.0
964.615177310083	0.012662599999998747	epochs	3.0
964.627839910083	0.025215000000002874	epochs	2.0
964.627839910083	0.012625800000023446	epochs	3.0
964.640465710083	0.012589199999979428	epochs	3.0
964.653054910083	0.024584799999956886	epochs	2.0
964.677365210083	0.5	epochs	-1.0
964.677639710083	0.5316000000000258	epochs	1.0
965.209239710083	0.4683199999999488	epochs	0.0
966.021999835968	0.04863999999997759	epochs	0.0
966.021999835968	0.019324699999970107	epochs	1.0
966.041324535968	0.009990600000037375	epochs	1.0
966.051315135968	0.019324699999970107	epochs	1.0
966.070639835968	2.0	epochs	0.0
968.070639835968	21.55079999999998	epochs	0.0
968.070639835968	1.0	epochs	1.0
968.070685335968	0.5	epochs	-1.0
968.570685335968	19.999680000000012	epochs	-1.0
969.070639835968	20.0	epochs	1.0
969.070639835968	4.356753900000058	epochs	-1.0
969.070639835968	1.9745871999999736	epochs	2.0
969.070639835968	1.0985622000000603	epochs	3.0
970.169202035968	0.8760249999999132	epochs	3.0
971.045227035968	1.3524075000000266	epochs	2.0
971.045227035968	0.7286354999999958	epochs	3.0
971.773862535968	0.6237720000000309	epochs	3.0
972.397634535968	1.0297592000000577	epochs	2.0
972.397634535968	0.5453293000000485	epochs	3.0
972.942963835968	0.4844299000000092	epochs	3.0
973.427393735968	0.8317862000000105	epochs	2.0
973.427393735968	0.4357762999999295	epochs	3.0
973.863170035968	0.39600990000008096	epochs	3.0
974.2591799359681	0.6977969999999232	epochs	2.0
974.2591799359681	0.36289819999990414	epochs	3.0
974.622078135968	0.33489880000001904	epochs	3.0
974.956976935968	0.601045699999986	epochs	2.0
974.956976935968	0.3109123000000409	epochs	3.0
975.267889235968	0.29013339999994514	epochs	3.0
975.558022635968	0.5278859000000011	epochs	2.0
975.558022635968	0.2719586000000618	epochs	3.0
975.829981235968	0.25592729999993935	epochs	3.0
976.085908535968	0.4706193000000667	epochs	2.0
976.085908535968	0.2416813000000957	epochs	3.0
976.3275898359681	0.228937999999971	epochs	3.0
976.556527835968	0.42457039999999324	epochs	2.0
976.556527835968	0.21747140000002219	epochs	3.0
976.7739992359681	0.20709899999997106	epochs	3.0
976.981098235968	0.3867354000000205	epochs	2.0
976.981098235968	0.19767109999997956	epochs	3.0
977.178769335968	0.18906430000004093	epochs	3.0
977.367833635968	0.3550953000000163	epochs	2.0
977.367833635968	0.18117589999997108	epochs	3.0
977.549009535968	0.17391940000004524	epochs	3.0
977.7229289359681	0.3282430999998951	epochs	2.0
977.7229289359681	0.16722189999995862	epochs	3.0
977.890150835968	0.16102119999993647	epochs	3.0
978.051172035968	0.30516800000009425	epochs	2.0
978.051172035968	0.15526390000002266	epochs	3.0
978.206435935968	0.1499041000000716	epochs	3.0
978.3563400359681	0.28512530000000424	epochs	2.0
978.3563400359681	0.1449020999999675	epochs	3.0
978.501242135968	0.14022320000003674	epochs	3.0
978.6414653359681	0.2675537999999733	epochs	2.0
978.6414653359681	0.1358368999999584	epochs	3.0
978.777302235968	0.1317169000000149	epochs	3.0
978.909019135968	0.252022899999929	epochs	2.0
978.909019135968	0.1278393000000051	epochs	3.0
979.036858435968	0.1241835999999239	epochs	3.0
979.161042035968	0.23819650000007186	epochs	2.0
979.161042035968	0.12073110000005727	epochs	3.0
979.281773135968	0.1174654000000146	epochs	3.0
979.399238535968	0.2258087999999816	epochs	2.0
979.399238535968	0.1143718999999237	epochs	3.0
979.513610435968	0.1114369000000579	epochs	3.0
979.625047335968	0.2146460000000161	epochs	2.0
979.625047335968	0.10864890000004834	epochs	3.0
979.7336962359681	0.10599709999996776	epochs	3.0
979.839693335968	0.20453499999996438	epochs	2.0
979.839693335968	0.10347149999995509	epochs	3.0
979.943164835968	0.1010635000000093	epochs	3.0
980.044228335968	0.19533400000000256	epochs	2.0
980.044228335968	0.09876510000003691	epochs	3.0
980.142993435968	0.09656889999996565	epochs	3.0
980.239562335968	0.18692529999998442	epochs	2.0
980.239562335968	0.09446830000001682	epochs	3.0
980.334030635968	0.09245699999996759	epochs	3.0
980.426487635968	0.17921069999999872	epochs	2.0
980.426487635968	0.0905296000000817	epochs	3.0
980.5170172359681	0.08868109999991702	epochs	3.0
980.605698335968	0.17210770000008324	epochs	2.0
980.605698335968	0.08690630000000965	epochs	3.0
980.692604635968	0.08520140000007359	epochs	3.0
980.7778060359681	0.1655463999999256	epochs	2.0
980.7778060359681	0.08356189999994967	epochs	3.0
980.861367935968	0.08198449999997592	epochs	3.0
980.943352435968	0.15946710000002895	epochs	2.0
980.943352435968	0.08046539999998004	epochs	3.0
981.023817835968	0.07900170000004891	epochs	3.0
981.102819535968	0.15381839999997737	epochs	2.0
981.102819535968	0.07759009999995214	epochs	3.0
981.180409635968	0.07622830000002523	epochs	3.0
981.256637935968	0.14855639999996129	epochs	2.0
981.256637935968	0.07491330000004837	epochs	3.0
981.331551235968	0.07364309999991292	epochs	3.0
981.405194335968	0.14364240000008976	epochs	2.0
981.405194335968	0.07241500000009182	epochs	3.0
981.477609335968	0.07122739999999794	epochs	3.0
981.548836735968	0.13904309999998077	epochs	2.0
981.548836735968	0.07007799999996678	epochs	3.0
981.618914735968	0.06896510000001399	epochs	3.0
981.687879835968	0.1347293000000036	epochs	2.0
981.687879835968	0.0678871000000072	epochs	3.0
981.755766935968	0.06684219999999641	epochs	3.0
981.822609135968	0.13067519999992783	epochs	2.0
981.822609135968	0.06582909999997355	epochs	3.0
981.888438235968	0.06484609999995428	epochs	3.0
981.953284335968	0.12685780000003888	epochs	2.0
981.953284335968	0.06389200000000983	epochs	3.0
982.017176335968	0.06296580000002905	epochs	3.0
982.080142135968	0.12325720000001184	epochs	2.0
982.080142135968	0.06206580000002759	epochs	3.0
982.142207935968	0.06119139999998424	epochs	3.0
982.203399335968	0.11985540000000583	epochs	2.0
982.203399335968	0.060341099999959624	epochs	3.0
982.263740435968	0.059514300000046205	epochs	3.0
982.323254735968	0.11663620000001629	epochs	2.0
982.323254735968	0.05870960000004288	epochs	3.0
982.3819643359681	0.057926599999973405	epochs	3.0
982.439890935968	0.11358559999996487	epochs	2.0
982.439890935968	0.05716419999998834	epochs	3.0
982.497055135968	0.05642139999997653	epochs	3.0
982.553476535968	0.11069050000003244	epochs	2.0
982.553476535968	0.055697900000041045	epochs	3.0
982.609174435968	0.0549925999999914	epochs	3.0
982.664167035968	0.10793909999995321	epochs	2.0
982.664167035968	0.05430490000003374	epochs	3.0
982.7184719359681	0.053634199999919474	epochs	3.0
982.772106135968	0.10532150000005913	epochs	2.0
982.772106135968	0.05298000000004777	epochs	3.0
982.825086135968	0.052341500000011365	epochs	3.0
982.877427635968	0.10282759999995505	epochs	2.0
982.877427635968	0.05171810000001642	epochs	3.0
982.9291457359681	0.051109499999938635	epochs	3.0
982.980255235968	0.10044909999999163	epochs	2.0
982.980255235968	0.050514900000052876	epochs	3.0
983.030770135968	0.049934199999938755	epochs	3.0
983.080704335968	0.0981782999999723	epochs	2.0
983.080704335968	0.04936659999998483	epochs	3.0
983.130070935968	0.04881169999998747	epochs	3.0
983.178882635968	0.09600780000005216	epochs	2.0
983.178882635968	0.04826920000004975	epochs	3.0
983.227151835968	0.04773860000000241	epochs	3.0
983.274890435968	0.09393120000004274	epochs	2.0
983.274890435968	0.04721949999998287	epochs	3.0
983.322109935968	0.046711700000059864	epochs	3.0
983.3688216359681	0.09194259999992482	epochs	2.0
983.3688216359681	0.046214599999984785	epochs	3.0
983.415036235968	0.04572799999994004	epochs	3.0
983.460764235968	0.09003630000006524	epochs	2.0
983.460764235968	0.04525150000006306	epochs	3.0
983.506015735968	0.04478480000000218	epochs	3.0
983.550800535968	0.08820759999991878	epochs	2.0
983.550800535968	0.044327800000019124	epochs	3.0
983.5951283359681	0.04387979999989966	epochs	3.0
983.639008135968	0.0864516999999978	epochs	2.0
983.639008135968	0.04344100000002982	epochs	3.0
983.682449135968	0.04301069999996798	epochs	3.0
983.725459835968	0.0847643000000744	epochs	2.0
983.725459835968	0.04258900000002086	epochs	3.0
983.768048835968	0.04217530000005354	epochs	3.0
983.810224135968	0.08314150000001064	epochs	2.0
983.810224135968	0.041769699999917975	epochs	3.0
983.851993835968	0.04137180000009266	epochs	3.0
983.893365635968	0.08157969999990655	epochs	2.0
983.893365635968	0.040981399999964196	epochs	3.0
983.934347035968	0.040598299999942355	epochs	3.0
983.974945335968	0.08007550000002084	epochs	2.0
983.974945335968	0.040222300000095856	epochs	3.0
984.015167635968	0.03985319999992498	epochs	3.0
984.055020835968	0.07862570000008873	epochs	2.0
984.055020835968	0.039490800000066884	epochs	3.0
984.094511635968	0.039134900000021844	epochs	3.0
984.1336465359681	0.07722759999990103	epochs	2.0
984.1336465359681	0.03878539999993791	epochs	3.0
984.172431935968	0.03844219999996312	epochs	3.0
984.210874135968	0.07587820000003376	epochs	2.0
984.210874135968	0.038104800000041905	epochs	3.0
984.248978935968	0.03777339999999185	epochs	3.0
984.286752335968	0.0745752000000266	epochs	2.0
984.286752335968	0.03744770000002973	epochs	3.0
984.324200035968	0.03712749999999687	epochs	3.0
984.361327535968	0.07331629999998768	epochs	2.0
984.361327535968	0.036812899999972615	epochs	3.0
984.398140435968	0.03650340000001506	epochs	3.0
984.434643835968	0.07209899999998015	epochs	2.0
984.434643835968	0.03619909999997617	epochs	3.0
984.470842935968	0.03589990000000398	epochs	3.0
984.506742835968	0.07092169999998532	epochs	2.0
984.506742835968	0.03560560000005353	epochs	3.0
984.542348435968	0.035316099999931794	epochs	3.0
984.577664535968	0.06978200000003199	epochs	2.0
984.577664535968	0.03503120000004856	epochs	3.0
984.612695735968	0.03475079999998343	epochs	3.0
984.647446535968	0.06867859999999837	epochs	2.0
984.647446535968	0.03447510000000875	epochs	3.0
984.681921635968	0.03420349999998962	epochs	3.0
984.716125135968	0.06760929999995824	epochs	2.0
984.716125135968	0.033936199999970995	epochs	3.0
984.750061335968	0.033673099999987244	epochs	3.0
984.783734435968	0.06657290000009652	epochs	2.0
984.783734435968	0.03341399999999339	epochs	3.0
984.817148435968	0.03315890000010313	epochs	3.0
984.8503073359681	0.06556779999993978	epochs	2.0
984.8503073359681	0.03290769999989607	epochs	3.0
984.883215035968	0.03266010000004371	epochs	3.0
984.915875135968	0.06459259999996902	epochs	2.0
984.915875135968	0.032416399999988244	epochs	3.0
984.948291535968	0.03217619999998078	epochs	3.0
984.980467735968	0.06364600000006249	epochs	2.0
984.980467735968	0.03193959999998697	epochs	3.0
985.012407335968	0.03170640000007552	epochs	3.0
985.044113735968	0.0627266999999847	epochs	2.0
985.044113735968	0.03147660000001906	epochs	3.0
985.0755903359681	0.03125009999996564	epochs	3.0
985.106840435968	0.06183359999999993	epochs	2.0
985.106840435968	0.031026900000028945	epochs	3.0
985.137867335968	0.030806699999970988	epochs	3.0
985.168674035968	0.06096560000003137	epochs	2.0
985.168674035968	0.030589800000029754	epochs	3.0
985.199263835968	0.030375800000001618	epochs	3.0
985.229639635968	0.06012160000000222	epochs	2.0
985.229639635968	0.03016489999993155	epochs	3.0
985.259804535968	0.02995670000007067	epochs	3.0
985.2897612359681	0.05930069999999432	epochs	2.0
985.2897612359681	0.02975159999994048	epochs	3.0
985.319512835968	0.02954910000005384	epochs	3.0
985.349061935968	0.05850179999993088	epochs	2.0
985.349061935968	0.02934940000000097	epochs	3.0
985.378411335968	0.029152399999929912	epochs	3.0
985.407563735968	0.057724200000052406	epochs	2.0
985.407563735968	0.028957999999988715	epochs	3.0
985.436521735968	0.02876620000006369	epochs	3.0
985.465287935968	0.05696709999995164	epochs	2.0
985.465287935968	0.028576999999927466	epochs	3.0
985.493864935968	0.028390100000024177	epochs	3.0
985.522255035968	0.056229500000085864	epochs	2.0
985.522255035968	0.028205700000057732	epochs	3.0
985.550460735968	0.028023800000028132	epochs	3.0
985.5784845359681	0.05551069999989977	epochs	2.0
985.5784845359681	0.027843999999959124	epochs	3.0
985.606328535968	0.027666699999940647	epochs	3.0
985.633995235968	0.054810200000019904	epochs	2.0
985.633995235968	0.02749149999999645	epochs	3.0
985.661486735968	0.027318700000023455	epochs	3.0
985.688805435968	0.05412699999999404	epochs	2.0
985.688805435968	0.02714780000007977	epochs	3.0
985.7159532359681	0.026979199999914272	epochs	3.0
985.742932435968	0.0534607000000733	epochs	2.0
985.742932435968	0.026812600000084785	epochs	3.0
985.7697450359681	0.026648099999988517	epochs	3.0
985.7963931359681	0.05281070000000909	epochs	2.0
985.7963931359681	0.026485600000000886	epochs	3.0
985.8228787359681	0.026325100000008206	epochs	3.0
985.8492038359681	0.05217619999996259	epochs	2.0
985.8492038359681	0.026166399999965506	epochs	3.0
985.875370235968	0.026009799999997085	epochs	3.0
985.901380035968	0.051556699999991906	epochs	2.0
985.901380035968	0.025854799999933675	epochs	3.0
985.927234835968	0.02570190000005823	epochs	3.0
985.952936735968	0.05095189999997274	epochs	2.0
985.952936735968	0.025550699999939752	epochs	3.0
985.978487435968	0.025401200000032986	epochs	3.0
986.003888635968	0.05036100000006627	epochs	2.0
986.003888635968	0.0252535000000762	epochs	3.0
986.0291421359681	0.02510749999999007	epochs	3.0
986.0542496359681	0.049783800000000156	epochs	2.0
986.0542496359681	0.02496320000000196	epochs	3.0
986.0792128359681	0.024820599999998194	epochs	3.0
986.1040334359681	0.04921949999993558	epochs	2.0
986.1040334359681	0.024679399999968155	epochs	3.0
986.128712835968	0.024540099999967424	epochs	3.0
986.153252935968	0.04866790000005494	epochs	2.0
986.153252935968	0.02440209999997478	epochs	3.0
986.177655035968	0.024265800000080162	epochs	3.0
986.201920835968	0.048128599999927246	epochs	2.0
986.201920835968	0.024131000000011227	epochs	3.0
986.2260518359681	0.02399759999991602	epochs	3.0
986.250049435968	0.047601100000065344	epochs	2.0
986.250049435968	0.023865800000066884	epochs	3.0
986.273915235968	0.02373529999999846	epochs	3.0
986.297650535968	0.04708499999992455	epochs	2.0
986.297650535968	0.023606299999983094	epochs	3.0
986.321256835968	0.023478699999941455	epochs	3.0
986.344735535968	0.04658000000006268	epochs	2.0
986.344735535968	0.023352500000100918	epochs	3.0
986.3680880359681	0.023227499999961765	epochs	3.0
986.391315535968	0.04608569999993506	epochs	2.0
986.391315535968	0.023103999999989355	epochs	3.0
986.414419535968	0.022981699999945704	epochs	3.0
986.437401235968	0.0456018000000995	epochs	2.0
986.437401235968	0.022860700000023826	epochs	3.0
986.460261935968	0.022741100000075676	epochs	3.0
986.4830030359681	0.045127899999897636	epochs	2.0
986.4830030359681	0.022622499999897627	epochs	3.0
986.505625535968	0.02250540000000001	epochs	3.0
986.528130935968	0.0446638000000803	epochs	2.0
986.528130935968	0.022389300000099865	epochs	3.0
986.5505202359681	0.022274499999980435	epochs	3.0
986.572794735968	0.04420919999995476	epochs	2.0
986.572794735968	0.022160799999937808	epochs	3.0
986.594955535968	0.022048400000016954	epochs	3.0
986.617003935968	0.043763600000033875	epochs	2.0
986.617003935968	0.021936900000014248	epochs	3.0
986.638940835968	0.021826700000019628	epochs	3.0
986.660767535968	0.04332709999994222	epochs	2.0
986.660767535968	0.021717599999988124	epochs	3.0
986.682485135968	0.021609499999954096	epochs	3.0
986.704094635968	0.04289900000003399	epochs	2.0
986.704094635968	0.02150249999999687	epochs	3.0
986.725597135968	0.021396500000037122	epochs	3.0
986.746993635968	0.042479500000013104	epochs	2.0
986.746993635968	0.02129170000000613	epochs	3.0
986.768285335968	0.021187800000006973	epochs	3.0
986.789473135968	0.042067900000006375	epochs	2.0
986.789473135968	0.02108490000000529	epochs	3.0
986.810558035968	0.020983000000001084	epochs	3.0
986.831541035968	0.04166439999994509	epochs	2.0
986.831541035968	0.020882199999959994	epochs	3.0
986.852423235968	0.020782199999985096	epochs	3.0
986.873205435968	0.04126850000000104	epochs	2.0
986.873205435968	0.020683300000087	epochs	3.0
986.8938887359681	0.02058519999991404	epochs	3.0
986.914473935968	0.04088000000001557	epochs	2.0
986.914473935968	0.020488100000079612	epochs	3.0
986.934962035968	0.02039189999993596	epochs	3.0
986.955353935968	0.04049880000002304	epochs	2.0
986.955353935968	0.020296600000051512	epochs	3.0
986.975650535968	0.020202199999971526	epochs	3.0
986.995852735968	0.04012460000001283	epochs	2.0
986.995852735968	0.02010870000003706	epochs	3.0
987.015961435968	0.020015899999975773	epochs	3.0
987.035977335968	0.03975730000001931	epochs	2.0
987.035977335968	0.019924199999991288	epochs	3.0
987.055901535968	0.019833100000028026	epochs	3.0
987.075734635968	0.03939669999999751	epochs	2.0
987.075734635968	0.01974299999994855	epochs	3.0
987.095477635968	0.019653700000048957	epochs	3.0
987.115131335968	0.03904239999997117	epochs	2.0
987.115131335968	0.01956510000002254	epochs	3.0
987.1346964359681	0.019477299999948627	epochs	3.0
987.154173735968	0.03869459999998526	epochs	2.0
987.154173735968	0.019390400000020236	epochs	3.0
987.173564135968	0.01930419999996502	epochs	3.0
987.192868335968	0.03835290000006353	epochs	2.0
987.192868335968	0.019218799999976	epochs	3.0
987.212087135968	0.01913410000008753	epochs	3.0
987.2312212359681	0.038017199999899276	epochs	2.0
987.2312212359681	0.01905019999992419	epochs	3.0
987.250271435968	0.018966999999975087	epochs	3.0
987.269238435968	0.037687200000050325	epochs	2.0
987.269238435968	0.01888450000001285	epochs	3.0
987.288122935968	0.018802700000037476	epochs	3.0
987.306925635968	0.03736309999999321	epochs	2.0
987.306925635968	0.018721700000014607	epochs	3.0
987.325647335968	0.018641399999978603	epochs	3.0
987.344288735968	0.03704430000004777	epochs	2.0
987.344288735968	0.01856159999999818	epochs	3.0
987.362850335968	0.01848270000004959	epochs	3.0
987.381333035968	0.03673099999991791	epochs	2.0
987.381333035968	0.018404299999929208	epochs	3.0
987.399737335968	0.018326699999988705	epochs	3.0
987.418064035968	0.036422900000047775	epochs	2.0
987.418064035968	0.018249599999990096	epochs	3.0
987.436313635968	0.01817330000005768	epochs	3.0
987.454486935968	0.03612009999994825	epochs	2.0
987.454486935968	0.0180976000000328	epochs	3.0
987.472584535968	0.018022499999915453	epochs	3.0
987.490607035968	0.03582210000001851	epochs	2.0
987.490607035968	0.017947900000081063	epochs	3.0
987.508554935968	0.017874199999937446	epochs	3.0
987.526429135968	0.03552899999999681	epochs	2.0
987.526429135968	0.017800800000031813	epochs	3.0
987.544229935968	0.017728199999965	epochs	3.0
987.561958135968	0.03524070000003121	epochs	2.0
987.561958135968	0.017656100000067454	epochs	3.0
987.579614235968	0.017584599999963757	epochs	3.0
987.597198835968	0.034957100000042374	epochs	2.0
987.597198835968	0.01751369999999497	epochs	3.0
987.614712535968	0.017443400000047404	epochs	3.0
987.6321559359681	0.034677899999906	epochs	2.0
987.6321559359681	0.017373599999928047	epochs	3.0
987.649529535968	0.017304299999977957	epochs	3.0
987.666833835968	0.03440330000000813	epochs	2.0
987.666833835968	0.01723570000001473	epochs	3.0
987.684069535968	0.0171675999999934	epochs	3.0
987.701237135968	0.0341328000000658	epochs	2.0
987.701237135968	0.017099900000062007	epochs	3.0
987.718337035968	0.017032900000003792	epochs	3.0
987.735369935968	0.033866699999975935	epochs	2.0
987.735369935968	0.01696640000000116	epochs	3.0
987.752336335968	0.016900299999974777	epochs	3.0
987.769236635968	0.03360459999998966	epochs	2.0
987.769236635968	0.01683479999996962	epochs	3.0
987.786071435968	0.01676980000002004	epochs	3.0
987.802841235968	0.03334660000007261	epochs	2.0
987.802841235968	0.016705300000012357	epochs	3.0
987.819546535968	0.016641300000060255	epochs	3.0
987.8361878359681	0.03309249999995245	epochs	2.0
987.8361878359681	0.01657779999993636	epochs	3.0
987.852765635968	0.01651470000001609	epochs	3.0
987.869280335968	0.03284229999997024	epochs	2.0
987.869280335968	0.01645220000000336	epochs	3.0
987.885732535968	0.01639009999996688	epochs	3.0
987.902122635968	0.03259570000000167	epochs	2.0
987.902122635968	0.016328400000020338	epochs	3.0
987.918451035968	0.016267299999981333	epochs	3.0
987.934718335968	0.032352899999978035	epochs	2.0
987.934718335968	0.016206600000032267	epochs	3.0
987.950924935968	0.016146299999945768	epochs	3.0
987.967071235968	0.032113700000081735	epochs	2.0
987.967071235968	0.016086599999994178	epochs	3.0
987.983157835968	0.016027100000087557	epochs	3.0
987.9991849359681	0.03187800000000607	epochs	2.0
987.9991849359681	0.015968199999974786	epochs	3.0
988.015153135968	0.015909800000031282	epochs	3.0
988.0310629359681	0.03164569999989908	epochs	2.0
988.0310629359681	0.015851599999905375	epochs	3.0
988.046914535968	0.015794099999993705	epochs	3.0
988.062708635968	0.0314167000000225	epochs	2.0
988.062708635968	0.015736700000047676	epochs	3.0
988.078445335968	0.015679999999974825	epochs	3.0
988.094125335968	0.031191100000000915	epochs	2.0
988.094125335968	0.015623600000026272	epochs	3.0
988.109748935968	0.015567499999974643	epochs	3.0
988.125316435968	0.030968700000016725	epochs	2.0
988.125316435968	0.015512000000057924	epochs	3.0
988.140828435968	0.0154566999999588	epochs	3.0
988.156285135968	0.03074950000006993	epochs	2.0
988.156285135968	0.015401999999994587	epochs	3.0
988.171687135968	0.015347500000075343	epochs	3.0
988.1870346359681	0.030533199999922545	epochs	2.0
988.1870346359681	0.015293399999904977	epochs	3.0
988.202328035968	0.015239800000017567	epochs	3.0
988.217567835968	0.03032010000003993	epochs	2.0
988.217567835968	0.015186500000027081	epochs	3.0
988.232754335968	0.015133600000012848	epochs	3.0
988.247887935968	0.030109899999956724	epochs	2.0
988.247887935968	0.015081000000009226	epochs	3.0
988.262968935968	0.015028899999947498	epochs	3.0
988.277997835968	0.02990250000004835	epochs	2.0
988.277997835968	0.014977000000044427	epochs	3.0
988.292974835968	0.014925500000003922	epochs	3.0
988.307900335968	0.029698100000018712	epochs	2.0
988.307900335968	0.01487439999993967	epochs	3.0
988.322774735968	0.014823700000079043	epochs	3.0
988.3375984359681	0.02949630000000525	epochs	2.0
988.3375984359681	0.014773199999922326	epochs	3.0
988.352371635968	0.014723100000082923	epochs	3.0
988.3670947359681	0.029297399999904883	epochs	2.0
988.3670947359681	0.014673399999992398	epochs	3.0
988.3817681359681	0.014623999999912485	epochs	3.0
988.396392135968	0.029101100000048064	epochs	2.0
988.396392135968	0.014574900000070556	epochs	3.0
988.410967035968	0.014526199999977507	epochs	3.0
988.425493235968	0.028907399999980044	epochs	2.0
988.425493235968	0.014477700000043114	epochs	3.0
988.4399709359681	0.014429699999936929	epochs	3.0
988.454400635968	0.028716200000076242	epochs	2.0
988.454400635968	0.014381800000023759	epochs	3.0
988.468782435968	0.014334400000052483	epochs	3.0
988.4831168359681	0.02852759999996124	epochs	2.0
988.4831168359681	0.014287199999898803	epochs	3.0
988.497404035968	0.014240400000062436	epochs	3.0
988.511644435968	0.028341399999931127	epochs	2.0
988.511644435968	0.014193799999929979	epochs	3.0
988.525838235968	0.014147600000001148	epochs	3.0
988.539985835968	0.028157700000065233	epochs	2.0
988.539985835968	0.014101700000082928	epochs	3.0
988.554087535968	0.014055999999982305	epochs	3.0
988.568143535968	0.027976299999977527	epochs	2.0
988.568143535968	0.01401060000000598	epochs	3.0
988.582154135968	0.013965699999971548	epochs	3.0
988.596119835968	0.02779720000000907	epochs	2.0
988.596119835968	0.013920800000050804	epochs	3.0
988.6100406359681	0.013876399999958267	epochs	3.0
988.623917035968	0.027620400000046175	epochs	2.0
988.623917035968	0.013832200000024386	epochs	3.0
988.637749235968	0.013788200000021789	epochs	3.0
988.6515374359681	0.027445899999975154	epochs	2.0
988.6515374359681	0.013744599999995444	epochs	3.0
988.6652820359681	0.01370129999997971	epochs	3.0
988.678983335968	0.027273499999978412	epochs	2.0
988.678983335968	0.013658200000008947	epochs	3.0
988.692641535968	0.013615299999969466	epochs	3.0
988.706256835968	0.027103399999987232	epochs	2.0
988.706256835968	0.013572800000019924	epochs	3.0
988.719829635968	0.013530599999967308	epochs	3.0
988.733360235968	0.02693520000002536	epochs	2.0
988.733360235968	0.013488400000028378	epochs	3.0
988.746848635968	0.013446799999996983	epochs	3.0
988.760295435968	0.026769199999989723	epochs	2.0
988.760295435968	0.013405199999965589	epochs	3.0
988.773700635968	0.013364000000024134	epochs	3.0
988.787064635968	0.026605199999949036	epochs	2.0
988.787064635968	0.013322900000048321	epochs	3.0
988.8003875359681	0.013282299999900715	epochs	3.0
988.813669835968	0.026443200000016986	epochs	2.0
988.813669835968	0.01324170000009417	epochs	3.0
988.8269115359681	0.013201499999922817	epochs	3.0
988.840113035968	0.026283200000079887	epochs	2.0
988.840113035968	0.013161500000023807	epochs	3.0
988.853274535968	0.01312170000005608	epochs	3.0
988.8663962359681	0.02612499999997908	epochs	2.0
988.8663962359681	0.01308209999990595	epochs	3.0
988.879478335968	0.013042900000073132	epochs	3.0
988.892521235968	0.025968899999952555	epochs	2.0
988.892521235968	0.013003899999944224	epochs	3.0
988.905525135968	0.012965000000008331	epochs	3.0
988.918490135968	0.025814500000024054	epochs	2.0
988.918490135968	0.012926399999969362	epochs	3.0
988.931416535968	0.012888100000054692	epochs	3.0
988.944304635968	0.025661900000045534	epochs	2.0
988.944304635968	0.012849899999991976	epochs	3.0
988.957154535968	0.012812000000053558	epochs	3.0
988.9699665359681	0.025511199999982637	epochs	2.0
988.9699665359681	0.012774399999898378	epochs	3.0
988.982740935968	0.012736800000084258	epochs	3.0
988.995477735968	0.025362299999983406	epochs	2.0
988.995477735968	0.01269969999998466	epochs	3.0
989.008177435968	0.012662599999998747	epochs	3.0
989.020840035968	0.025215000000002874	epochs	2.0
989.020840035968	0.012625800000023446	epochs	3.0
989.0334658359681	0.012589199999979428	epochs	3.0
989.046055035968	0.024584799999956886	epochs	2.0
989.0703653359681	0.5	epochs	-1.0
989.070639835968	0.5507999999999811	epochs	1.0
989.621439835968	0.4491199999999935	epochs	0.0
998.6259999275208	0.04863999999997759	epochs	0.0
998.6259999275208	0.019324699999970107	epochs	1.0
998.6453246275207	0.009990600000037375	epochs	1.0
998.6553152275208	0.019324699999970107	epochs	1.0
998.6746399275207	2.0	epochs	0.0
1000.6746399275207	0.5111200000000053	epochs	0.0
1000.6746399275207	0.5111200000000053	epochs	1.0
1000.6746854275208	0.5	epochs	-1.0
1001.1746854275208	0.011074499999949694	epochs	-1.0
1001.1857599275207	21.48879999999997	epochs	0.0
1002.4829998016357	0.04863999999997759	epochs	0.0
1002.4829998016357	0.019324699999970107	epochs	1.0
1002.5023245016357	0.009990600000037375	epochs	1.0
1002.5123151016357	0.019324699999970107	epochs	1.0
1002.5316398016357	2.0	epochs	0.0
1004.5316398016357	0.5115200000000186	epochs	0.0
1004.5316398016357	0.5115200000000186	epochs	1.0
1004.5316853016358	0.5	epochs	-1.0
1005.0316853016358	0.011474499999962973	epochs	-1.0
1005.0431598016357	21.488399999999956	epochs	0.0
1006.4509997367859	0.04863999999997759	epochs	0.0
1006.4509997367859	0.019324699999970107	epochs	1.0
1006.4703244367859	0.009990600000037375	epochs	1.0
1006.4803150367859	0.019324699999970107	epochs	1.0
1006.4996397367859	2.0	epochs	0.0
1008.4996397367859	0.5106399999999667	epochs	0.0
1008.4996397367859	0.5106399999999667	epochs	1.0
1008.4996852367859	0.5	epochs	-1.0
1008.9996852367859	0.010594499999911022	epochs	-1.0
1009.0102797367858	21.489280000000008	epochs	0.0
1010.2919998168945	0.04863999999997759	epochs	0.0
1010.2919998168945	0.019324699999970107	epochs	1.0
1010.3113245168945	0.009990600000037375	epochs	1.0
1010.3213151168945	0.019324699999970107	epochs	1.0
1010.3406398168945	2.0	epochs	0.0
1012.3406398168945	0.5114399999999932	epochs	0.0
1012.3406398168945	0.5114399999999932	epochs	1.0
1012.3406853168946	0.5	epochs	-1.0
1012.8406853168946	0.01139449999993758	epochs	-1.0
1012.8520798168945	21.48847999999998	epochs	0.0
1014.1459999084473	0.04863999999997759	epochs	0.0
1014.1459999084473	0.019324699999970107	epochs	1.0
1014.1653246084472	0.009990600000037375	epochs	1.0
1014.1753152084473	0.019324699999970107	epochs	1.0
1014.1946399084472	2.0	epochs	0.0
1016.1946399084472	0.51103999999998	epochs	0.0
1016.1946399084472	0.51103999999998	epochs	1.0
1016.1946854084473	0.5	epochs	-1.0
1016.6946854084473	0.010994499999924301	epochs	-1.0
1016.7056799084472	21.488879999999995	epochs	0.0
1017.9979996681213	0.04863999999997759	epochs	0.0
1017.9979996681213	0.019324699999970107	epochs	1.0
1018.0173243681213	0.009990600000037375	epochs	1.0
1018.0273149681213	0.019324699999970107	epochs	1.0
1018.0466396681213	2.0	epochs	0.0
1020.0466396681213	0.5116800000000694	epochs	0.0
1020.0466396681213	0.5116800000000694	epochs	1.0
1020.0466851681214	0.5	epochs	-1.0
1020.5466851681214	0.011634500000013759	epochs	-1.0
1020.5583196681214	21.488239999999905	epochs	0.0
1021.8809995651245	0.04863999999997759	epochs	0.0
1021.8809995651245	0.019324699999970107	epochs	1.0
1021.9003242651245	0.009990600000037375	epochs	1.0
1021.9103148651245	0.019324699999970107	epochs	1.0
1021.9296395651245	2.0	epochs	0.0
1023.9296395651245	0.5114399999999932	epochs	0.0
1023.9296395651245	0.5114399999999932	epochs	1.0
1023.9296850651245	0.4999999999998863	epochs	-1.0
1024.4296850651244	0.011394500000051266	epochs	-1.0
1024.4410795651245	21.48847999999998	epochs	0.0
1025.7209997177124	0.04863999999997759	epochs	0.0
1025.7209997177124	0.019324699999970107	epochs	1.0
1025.7403244177124	0.009990600000037375	epochs	1.0
1025.7503150177124	0.019324699999970107	epochs	1.0
1025.7696397177124	2.0	epochs	0.0
1027.7696397177124	0.5114399999999932	epochs	0.0
1027.7696397177124	0.5114399999999932	epochs	1.0
1027.7696852177123	0.5	epochs	-1.0
1028.2696852177123	0.011394500000051266	epochs	-1.0
1028.2810797177124	21.48847999999998	epochs	0.0
1029.610999584198	0.04863999999997759	epochs	0.0
1029.610999584198	0.019324699999970107	epochs	1.0
1029.630324284198	0.009990600000037375	epochs	1.0
1029.640314884198	0.019324699999970107	epochs	1.0
1029.659639584198	2.0	epochs	0.0
1031.659639584198	0.5110400000000936	epochs	0.0
1031.659639584198	0.5110400000000936	epochs	1.0
1031.659685084198	0.5	epochs	-1.0
1032.159685084198	0.010994500000151675	epochs	-1.0
1032.170679584198	21.48887999999988	epochs	0.0
1043.378999710083	0.04863999999997759	epochs	0.0
1043.378999710083	0.019324699999970107	epochs	1.0
1043.398324410083	0.009990600000037375	epochs	1.0
1043.408315010083	0.019324699999970107	epochs	1.0
1043.427639710083	0.2299199999999928	epochs	0.0
1043.427639710083	0.049999999999954525	epochs	1.0
1043.477639710083	0.009999999999990905	epochs	1.0
1043.487639710083	0.0500000000001819	epochs	1.0
1043.537639710083	0.009999999999990905	epochs	1.0
1043.547639710083	0.049999999999954525	epochs	1.0
1043.597639710083	0.009999999999990905	epochs	1.0
1043.607639710083	0.04991999999992913	epochs	1.0
