onset	duration	nwb_table	treelevel
15.555999755859375	0.09999999999999964	epochs	0.0
15.555999755859375	0.04499999999999993	epochs	1.0
15.600999755859375	0.009999999999999787	epochs	1.0
15.610999755859375	0.04499999999999993	epochs	1.0
15.655999755859375	0.539060000000001	epochs	0.0
15.655999755859375	0.5000000000000018	epochs	-1.0
15.655999755859375	0.5000000000000018	epochs	-1.0
15.655999755859375	0.5000000000000018	epochs	1.0
16.155999755859376	0.039059999999999206	epochs	-1.0
16.155999755859376	0.02499999999999858	epochs	-1.0
16.155999755859376	0.02499999999999858	epochs	1.0
16.180999755859375	0.010000000000001563	epochs	-1.0
16.180999755859375	0.010000000000001563	epochs	1.0
16.190999755859377	0.004059999999999064	epochs	-1.0
16.190999755859377	0.004059999999999064	epochs	1.0
16.195059755859376	0.16593500000000105	epochs	0.0
16.361999988555908	0.10000000000000142	epochs	0.0
16.361999988555908	0.045000000000001705	epochs	1.0
16.40699998855591	0.00999999999999801	epochs	1.0
16.416999988555908	0.045000000000001705	epochs	1.0
16.46199998855591	0.5400599999999969	epochs	0.0
16.46199998855591	0.5	epochs	-1.0
16.46199998855591	0.5	epochs	-1.0
16.46199998855591	0.5	epochs	1.0
16.96199998855591	0.040059999999996876	epochs	-1.0
16.96199998855591	0.02499999999999858	epochs	-1.0
16.96199998855591	0.02499999999999858	epochs	1.0
16.986999988555908	0.010000000000001563	epochs	-1.0
16.986999988555908	0.010000000000001563	epochs	1.0
16.99699998855591	0.005059999999996734	epochs	-1.0
16.99699998855591	0.005059999999996734	epochs	1.0
17.002059988555907	0.16493500000000338	epochs	0.0
17.157999992370605	0.10000000000000142	epochs	0.0
17.157999992370605	0.045000000000001705	epochs	1.0
17.202999992370607	0.00999999999999801	epochs	1.0
17.212999992370605	0.045000000000001705	epochs	1.0
17.257999992370607	0.538805	epochs	0.0
17.257999992370607	0.5	epochs	-1.0
17.257999992370607	0.5	epochs	-1.0
17.257999992370607	0.5	epochs	1.0
17.757999992370607	0.03880499999999998	epochs	-1.0
17.757999992370607	0.02499999999999858	epochs	-1.0
17.757999992370607	0.02499999999999858	epochs	1.0
17.782999992370605	0.010000000000001563	epochs	-1.0
17.782999992370605	0.010000000000001563	epochs	1.0
17.792999992370607	0.0038049999999998363	epochs	-1.0
17.792999992370607	0.0038049999999998363	epochs	1.0
17.796804992370607	0.16619000000000028	epochs	0.0
2515.7379999160767	0.09999999999990905	epochs	0.0
2515.7379999160767	0.04500000000007276	epochs	1.0
2515.7829999160767	0.009999999999763531	epochs	1.0
2515.7929999160765	0.04500000000007276	epochs	1.0
2515.8379999160766	0.7049950000000536	epochs	0.0
2515.8379999160766	0.5	epochs	-1.0
2515.8379999160766	0.5	epochs	1.0
2516.3379999160766	0.05999999999994543	epochs	-1.0
2516.3379999160766	0.02500000000009095	epochs	-1.0
2516.3379999160766	0.02500000000009095	epochs	1.0
2516.3629999160767	0.010000000000218279	epochs	-1.0
2516.3629999160767	0.010000000000218279	epochs	1.0
2516.372999916077	0.024999999999636202	epochs	-1.0
2516.372999916077	0.024999999999636202	epochs	1.0
2516.3979999160765	0.05999999999994543	epochs	-1.0
2516.3979999160765	0.02500000000009095	epochs	-1.0
2516.3979999160765	0.02500000000009095	epochs	1.0
2516.4229999160766	0.010000000000218279	epochs	-1.0
2516.4229999160766	0.010000000000218279	epochs	1.0
2516.432999916077	0.024999999999636202	epochs	-1.0
2516.432999916077	0.024999999999636202	epochs	1.0
2516.4579999160765	0.06000000000040018	epochs	-1.0
2516.4579999160765	0.02500000000009095	epochs	-1.0
2516.4579999160765	0.02500000000009095	epochs	1.0
2516.4829999160766	0.010000000000218279	epochs	-1.0
2516.4829999160766	0.010000000000218279	epochs	1.0
2516.4929999160768	0.02500000000009095	epochs	-1.0
2516.4929999160768	0.02500000000009095	epochs	1.0
2516.517999916077	0.024994999999762513	epochs	1.0
2566.3940000534058	0.09999999999990905	epochs	0.0
2566.3940000534058	0.04500000000007276	epochs	1.0
2566.439000053406	0.009999999999763531	epochs	1.0
2566.4490000534056	0.04500000000007276	epochs	1.0
2566.4940000534057	61.38499499999989	epochs	0.0
2566.4940000534057	0.5	epochs	-1.0
2566.4940000534057	0.5	epochs	-1.0
2566.4940000534057	0.5	epochs	1.0
2566.9940000534057	0.05999999999994543	epochs	-1.0
2566.9940000534057	0.02500000000009095	epochs	-1.0
2566.9940000534057	0.02500000000009095	epochs	1.0
2567.0190000534058	0.010000000000218279	epochs	-1.0
2567.0190000534058	0.010000000000218279	epochs	1.0
2567.029000053406	0.024999999999636202	epochs	-1.0
2567.029000053406	0.024999999999636202	epochs	1.0
2567.0540000534056	0.05999999999994543	epochs	-1.0
2567.0540000534056	0.02500000000009095	epochs	-1.0
2567.0540000534056	0.02500000000009095	epochs	1.0
2567.0790000534057	0.010000000000218279	epochs	-1.0
2567.0790000534057	0.010000000000218279	epochs	1.0
2567.089000053406	0.024999999999636202	epochs	-1.0
2567.089000053406	0.024999999999636202	epochs	1.0
2567.1140000534056	0.06000000000040018	epochs	-1.0
2567.1140000534056	0.02500000000009095	epochs	-1.0
2567.1140000534056	0.02500000000009095	epochs	1.0
2567.1390000534057	0.010000000000218279	epochs	-1.0
2567.1390000534057	0.010000000000218279	epochs	1.0
2567.149000053406	0.02500000000009095	epochs	-1.0
2567.149000053406	0.02500000000009095	epochs	1.0
2567.174000053406	60.0	epochs	1.0
2627.174000053406	0.5	epochs	-1.0
2627.174000053406	0.5	epochs	-1.0
2627.174000053406	0.5	epochs	1.0
2627.674000053406	0.05999999999994543	epochs	-1.0
2627.674000053406	0.024999999999636202	epochs	-1.0
2627.674000053406	0.024999999999636202	epochs	1.0
2627.6990000534056	0.010000000000218279	epochs	-1.0
2627.6990000534056	0.010000000000218279	epochs	1.0
2627.709000053406	0.02500000000009095	epochs	-1.0
2627.709000053406	0.02500000000009095	epochs	1.0
2627.734000053406	0.05999999999994543	epochs	-1.0
2627.734000053406	0.024999999999636202	epochs	-1.0
2627.734000053406	0.024999999999636202	epochs	1.0
2627.7590000534055	0.010000000000218279	epochs	-1.0
2627.7590000534055	0.010000000000218279	epochs	1.0
2627.7690000534058	0.02500000000009095	epochs	-1.0
2627.7690000534058	0.02500000000009095	epochs	1.0
2627.794000053406	0.05999999999994543	epochs	-1.0
2627.794000053406	0.02500000000009095	epochs	-1.0
2627.794000053406	0.02500000000009095	epochs	1.0
2627.819000053406	0.009999999999763531	epochs	-1.0
2627.819000053406	0.009999999999763531	epochs	1.0
2627.8290000534057	0.02500000000009095	epochs	-1.0
2627.8290000534057	0.02500000000009095	epochs	1.0
2627.854000053406	0.024994999999762513	epochs	1.0
2669.700999736786	0.09999999999990905	epochs	0.0
2669.700999736786	0.04500000000007276	epochs	1.0
2669.745999736786	0.009999999999763531	epochs	1.0
2669.7559997367857	0.04500000000007276	epochs	1.0
2669.800999736786	0.7049950000000536	epochs	0.0
2669.800999736786	0.5	epochs	-1.0
2669.800999736786	0.5	epochs	-1.0
2669.800999736786	0.5	epochs	1.0
2670.300999736786	0.05999999999994543	epochs	-1.0
2670.300999736786	0.02500000000009095	epochs	-1.0
2670.300999736786	0.02500000000009095	epochs	1.0
2670.325999736786	0.010000000000218279	epochs	-1.0
2670.325999736786	0.010000000000218279	epochs	1.0
2670.335999736786	0.024999999999636202	epochs	-1.0
2670.335999736786	0.024999999999636202	epochs	1.0
2670.3609997367857	0.05999999999994543	epochs	-1.0
2670.3609997367857	0.02500000000009095	epochs	-1.0
2670.3609997367857	0.02500000000009095	epochs	1.0
2670.385999736786	0.010000000000218279	epochs	-1.0
2670.385999736786	0.010000000000218279	epochs	1.0
2670.395999736786	0.024999999999636202	epochs	-1.0
2670.395999736786	0.024999999999636202	epochs	1.0
2670.4209997367857	0.06000000000040018	epochs	-1.0
2670.4209997367857	0.02500000000009095	epochs	-1.0
2670.4209997367857	0.02500000000009095	epochs	1.0
2670.445999736786	0.010000000000218279	epochs	-1.0
2670.445999736786	0.010000000000218279	epochs	1.0
2670.455999736786	0.02500000000009095	epochs	-1.0
2670.455999736786	0.02500000000009095	epochs	1.0
2670.480999736786	0.024994999999762513	epochs	1.0
2710.154999732971	0.057519999999840365	epochs	0.0
2710.154999732971	0.023761500000091473	epochs	1.0
2710.1787612329713	0.009997000000112166	epochs	1.0
2710.1887582329714	0.023761499999636726	epochs	1.0
2710.212537132971	0.5	epochs	-1.0
2710.212537132971	0.5	epochs	-1.0
2710.212539732971	5.9999800000000505	epochs	0.0
2710.212539732971	0.5	epochs	1.0
2710.712539732971	5.0	epochs	1.0
2715.712537132971	0.4999825999998393	epochs	-1.0
2715.712539732971	0.4999800000000505	epochs	1.0
2720.058000087738	0.057519999999840365	epochs	0.0
2720.058000087738	0.023761500000091473	epochs	1.0
2720.081761587738	0.009997000000112166	epochs	1.0
2720.0917585877382	0.023761499999636726	epochs	1.0
2720.115537487738	0.5	epochs	-1.0
2720.115540087738	2.502400000000307	epochs	0.0
2720.115540087738	0.5	epochs	1.0
2720.615540087738	1.0	epochs	1.0
2721.615540087738	1.002400000000307	epochs	1.0
2722.115537487738	0.5	epochs	-1.0
2722.617940087738	0.9975799999997434	epochs	0.0
2722.861999988556	0.057519999999840365	epochs	0.0
2722.861999988556	0.023761500000091473	epochs	1.0
2722.885761488556	0.009997000000112166	epochs	1.0
2722.895758488556	0.023761499999636726	epochs	1.0
2722.919537388556	0.5	epochs	-1.0
2722.9195399885557	2.5022600000002058	epochs	0.0
2722.9195399885557	0.5	epochs	1.0
2723.4195399885557	1.0	epochs	1.0
2724.4195399885557	1.0022600000002058	epochs	1.0
2724.919537388556	0.5	epochs	-1.0
2725.421799988556	0.9977199999998447	epochs	0.0
2725.643000125885	0.057519999999840365	epochs	0.0
2725.643000125885	0.023761500000091473	epochs	1.0
2725.666761625885	0.009997000000112166	epochs	1.0
2725.676758625885	0.023761499999636726	epochs	1.0
2725.700537525885	0.5	epochs	-1.0
2725.700540125885	2.502900000000409	epochs	0.0
2725.700540125885	0.5	epochs	1.0
2726.200540125885	1.0	epochs	1.0
2727.200540125885	1.002900000000409	epochs	1.0
2727.700537525885	0.5	epochs	-1.0
2728.203440125885	0.9970799999996416	epochs	0.0
2728.459000110626	0.057519999999840365	epochs	0.0
2728.459000110626	0.023761500000091473	epochs	1.0
2728.4827616106263	0.009997000000112166	epochs	1.0
2728.4927586106264	0.023761499999636726	epochs	1.0
2728.516537510626	0.5	epochs	-1.0
2728.516540110626	2.502900000000409	epochs	0.0
2728.516540110626	0.5	epochs	1.0
2729.016540110626	1.0	epochs	1.0
2730.016540110626	1.002900000000409	epochs	1.0
2730.516537510626	0.5	epochs	-1.0
2731.0194401106264	0.9970799999996416	epochs	0.0
2731.2439999580383	0.057519999999840365	epochs	0.0
2731.2439999580383	0.023761500000091473	epochs	1.0
2731.2677614580384	0.009997000000112166	epochs	1.0
2731.2777584580385	0.023761499999636726	epochs	1.0
2731.3015373580383	0.5	epochs	-1.0
2731.301539958038	2.502020000000357	epochs	0.0
2731.301539958038	0.5	epochs	1.0
2731.801539958038	1.0	epochs	1.0
2732.801539958038	1.002020000000357	epochs	1.0
2733.3015373580383	0.5	epochs	-1.0
2733.8035599580385	0.9979599999996935	epochs	0.0
2734.080999851227	0.6499800000001414	epochs	0.0
2734.080999851227	0.0500000000001819	epochs	1.0
2734.130999851227	0.5	epochs	1.0
2734.630999851227	0.09997999999995955	epochs	1.0
2735.050000190735	0.6499800000001414	epochs	0.0
2735.050000190735	0.0500000000001819	epochs	1.0
2735.100000190735	0.5	epochs	1.0
2735.600000190735	0.09997999999995955	epochs	1.0
2735.9699997901917	0.6499800000001414	epochs	0.0
2735.9699997901917	0.0500000000001819	epochs	1.0
2736.019999790192	0.5	epochs	1.0
2736.519999790192	0.09997999999995955	epochs	1.0
2736.8719997406006	0.6499800000001414	epochs	0.0
2736.8719997406006	0.0500000000001819	epochs	1.0
2736.9219997406008	0.5	epochs	1.0
2737.4219997406008	0.09997999999995955	epochs	1.0
2737.8150000572205	0.6499800000001414	epochs	0.0
2737.8150000572205	0.0500000000001819	epochs	1.0
2737.8650000572206	0.5	epochs	1.0
2738.3650000572206	0.09997999999995955	epochs	1.0
2738.7389998435974	0.6499800000001414	epochs	0.0
2738.7389998435974	0.0500000000001819	epochs	1.0
2738.7889998435976	0.5	epochs	1.0
2739.2889998435976	0.09997999999995955	epochs	1.0
2739.710000038147	0.6499800000001414	epochs	0.0
2739.710000038147	0.0500000000001819	epochs	1.0
2739.760000038147	0.5	epochs	1.0
2740.260000038147	0.09997999999995955	epochs	1.0
2740.6449999809265	0.6499800000001414	epochs	0.0
2740.6449999809265	0.0500000000001819	epochs	1.0
2740.6949999809267	0.5	epochs	1.0
2741.1949999809267	0.09997999999995955	epochs	1.0
2741.59299993515	0.6499800000001414	epochs	0.0
2741.59299993515	0.0500000000001819	epochs	1.0
2741.6429999351503	0.5	epochs	1.0
2742.1429999351503	0.09997999999995955	epochs	1.0
2742.5609998703003	0.057519999999840365	epochs	0.0
2742.5609998703003	0.023761500000091473	epochs	1.0
2742.5847613703004	0.009997000000112166	epochs	1.0
2742.5947583703005	0.023761499999636726	epochs	1.0
2742.6185372703003	0.5	epochs	-1.0
2742.6185398703	2.5022800000001553	epochs	0.0
2742.6185398703	0.5	epochs	1.0
2743.1185398703	1.0	epochs	1.0
2744.1185398703	1.0022800000001553	epochs	1.0
2744.6185372703003	0.5	epochs	-1.0
2745.1208198703002	2.9976999999998952	epochs	0.0
2747.853000164032	0.057519999999840365	epochs	0.0
2747.853000164032	0.023761500000091473	epochs	1.0
2747.876761664032	0.009997000000112166	epochs	1.0
2747.886758664032	0.023761499999636726	epochs	1.0
2747.910537564032	0.5	epochs	-1.0
2747.9105401640318	2.5021600000000035	epochs	0.0
2747.9105401640318	0.5	epochs	1.0
2748.4105401640318	1.0	epochs	1.0
2749.4105401640318	1.0021600000000035	epochs	1.0
2749.910537564032	0.5	epochs	-1.0
2750.412700164032	2.997820000000047	epochs	0.0
2753.132999897003	0.057519999999840365	epochs	0.0
2753.132999897003	0.023761500000091473	epochs	1.0
2753.1567613970033	0.009997000000112166	epochs	1.0
2753.1667583970034	0.023761499999636726	epochs	1.0
2753.190537297003	0.5	epochs	-1.0
2753.190539897003	2.502400000000307	epochs	0.0
2753.190539897003	0.5	epochs	1.0
2753.690539897003	1.0	epochs	1.0
2754.690539897003	1.002400000000307	epochs	1.0
2755.190537297003	0.5	epochs	-1.0
2755.6929398970033	3.9975799999997434	epochs	0.0
2756.013999938965	0.057519999999840365	epochs	0.0
2756.013999938965	0.023761500000091473	epochs	1.0
2756.037761438965	0.009997000000112166	epochs	1.0
2756.047758438965	0.023761499999636726	epochs	1.0
2756.071537338965	0.5	epochs	-1.0
2756.0715399389646	0.542580000000271	epochs	0.0
2756.0715399389646	0.5	epochs	1.0
2756.5715399389646	0.04258000000027096	epochs	1.0
2756.614119938965	5.9573999999997795	epochs	0.0
2756.8639998435974	0.057519999999840365	epochs	0.0
2756.8639998435974	0.023761500000091473	epochs	1.0
2756.8877613435975	0.009997000000112166	epochs	1.0
2756.8977583435976	0.023761499999636726	epochs	1.0
2756.9215372435974	0.5	epochs	-1.0
2756.921539843597	6.4999800000000505	epochs	0.0
2756.921539843597	0.5	epochs	1.0
2757.421539843597	1.0	epochs	1.0
2758.421539843597	4.9999800000000505	epochs	1.0
2758.9215372435974	0.5	epochs	-1.0
2759.4215372435974	0.5	epochs	-1.0
2759.9215372435974	0.5	epochs	-1.0
2760.4215372435974	0.5	epochs	-1.0
2760.9215372435974	0.5	epochs	-1.0
2761.4215372435974	0.5	epochs	-1.0
2761.9215372435974	0.5	epochs	-1.0
2762.4215372435974	0.5	epochs	-1.0
2763.856999874115	0.057519999999840365	epochs	0.0
2763.856999874115	0.023761500000091473	epochs	1.0
2763.880761374115	0.009997000000112166	epochs	1.0
2763.890758374115	0.023761499999636726	epochs	1.0
2763.914537274115	0.5	epochs	-1.0
2763.914539874115	0.5422000000003209	epochs	0.0
2763.914539874115	0.5	epochs	1.0
2764.414539874115	0.04220000000032087	epochs	1.0
2764.456739874115	5.95777999999973	epochs	0.0
2780.0419998168945	0.057519999999840365	epochs	0.0
2780.0419998168945	0.023761500000091473	epochs	1.0
2780.0657613168946	0.009997000000112166	epochs	1.0
2780.0757583168947	0.023761499999636726	epochs	1.0
2780.0995372168945	0.5	epochs	-1.0
2780.0995398168943	2.5020400000003065	epochs	0.0
2780.0995398168943	0.5	epochs	1.0
2780.5995398168943	1.0	epochs	1.0
2781.5995398168943	1.0020400000003065	epochs	1.0
2782.0995372168945	0.5	epochs	-1.0
2782.6015798168946	3.997939999999744	epochs	0.0
2782.893000125885	0.057519999999840365	epochs	0.0
2782.893000125885	0.023761500000091473	epochs	1.0
2782.916761625885	0.009997000000112166	epochs	1.0
2782.926758625885	0.023761499999636726	epochs	1.0
2782.950537525885	0.5	epochs	-1.0
2782.950540125885	2.5026600000001054	epochs	0.0
2782.950540125885	0.5	epochs	1.0
2783.450540125885	1.0	epochs	1.0
2784.450540125885	1.0026600000001054	epochs	1.0
2784.950537525885	0.5	epochs	-1.0
2785.453200125885	3.997319999999945	epochs	0.0
2785.75	0.057519999999840365	epochs	0.0
2785.75	0.023761500000091473	epochs	1.0
2785.7737615	0.009997000000112166	epochs	1.0
2785.7837585	0.023761499999636726	epochs	1.0
2785.8075374	0.5	epochs	-1.0
2785.80754	5.522260000000188	epochs	0.0
2785.80754	0.5	epochs	1.0
2786.30754	1.0	epochs	1.0
2787.30754	4.022260000000188	epochs	1.0
2787.8075374	0.5	epochs	-1.0
2788.3075374	0.5	epochs	-1.0
2788.8075374	0.5	epochs	-1.0
2789.3075374	0.5	epochs	-1.0
2789.8075374	0.5	epochs	-1.0
2790.3075374	0.5	epochs	-1.0
2790.8075374	0.5	epochs	-1.0
2791.3298	0.9777199999998629	epochs	0.0
2791.7160000801086	0.057519999999840365	epochs	0.0
2791.7160000801086	0.023761500000091473	epochs	1.0
2791.7397615801087	0.009997000000112166	epochs	1.0
2791.749758580109	0.023761499999636726	epochs	1.0
2791.7735374801086	0.5	epochs	-1.0
2791.7735400801084	0.542580000000271	epochs	0.0
2791.7735400801084	0.5	epochs	1.0
2792.2735400801084	0.04258000000027096	epochs	1.0
2792.3161200801087	5.9573999999997795	epochs	0.0
2807.798999786377	0.057519999999840365	epochs	0.0
2807.798999786377	0.023761500000091473	epochs	1.0
2807.822761286377	0.009997000000112166	epochs	1.0
2807.832758286377	0.023761499999636726	epochs	1.0
2807.856537186377	0.5	epochs	-1.0
2807.8565397863767	2.502020000000357	epochs	0.0
2807.8565397863767	0.5	epochs	1.0
2808.3565397863767	1.0	epochs	1.0
2809.3565397863767	1.002020000000357	epochs	1.0
2809.856537186377	0.5	epochs	-1.0
2810.358559786377	3.9979599999996935	epochs	0.0
2810.660999774933	0.057519999999840365	epochs	0.0
2810.660999774933	0.023761500000091473	epochs	1.0
2810.684761274933	0.009997000000112166	epochs	1.0
2810.694758274933	0.023761499999636726	epochs	1.0
2810.718537174933	0.5	epochs	-1.0
2810.7185397749327	2.502400000000307	epochs	0.0
2810.7185397749327	0.5	epochs	1.0
2811.2185397749327	1.0	epochs	1.0
2812.2185397749327	1.002400000000307	epochs	1.0
2812.718537174933	0.5	epochs	-1.0
2813.220939774933	3.9975799999997434	epochs	0.0
2813.5469999313354	0.15297999999984313	epochs	0.0
2813.5469999313354	0.0500000000001819	epochs	1.0
2813.5969999313356	0.0029999999997016857	epochs	1.0
2813.5999999313353	0.09997999999995955	epochs	1.0
2814.021999835968	0.15297999999984313	epochs	0.0
2814.021999835968	0.0500000000001819	epochs	1.0
2814.071999835968	0.0029999999997016857	epochs	1.0
2814.074999835968	0.09997999999995955	epochs	1.0
2814.489999771118	0.15297999999984313	epochs	0.0
2814.489999771118	0.0500000000001819	epochs	1.0
2814.5399997711183	0.0029999999997016857	epochs	1.0
2814.542999771118	0.09997999999995955	epochs	1.0
2814.973999977112	0.15297999999984313	epochs	0.0
2814.973999977112	0.0500000000001819	epochs	1.0
2815.023999977112	0.0029999999997016857	epochs	1.0
2815.0269999771117	0.09997999999995955	epochs	1.0
2815.4539999961853	0.15297999999984313	epochs	0.0
2815.4539999961853	0.0500000000001819	epochs	1.0
2815.5039999961855	0.0029999999997016857	epochs	1.0
2815.506999996185	0.09997999999995955	epochs	1.0
2815.960000038147	0.15297999999984313	epochs	0.0
2815.960000038147	0.0500000000001819	epochs	1.0
2816.010000038147	0.0029999999997016857	epochs	1.0
2816.013000038147	0.09997999999995955	epochs	1.0
2816.4439997673035	0.15297999999984313	epochs	0.0
2816.4439997673035	0.0500000000001819	epochs	1.0
2816.4939997673036	0.0029999999997016857	epochs	1.0
2816.4969997673034	0.09997999999995955	epochs	1.0
2816.934000015259	0.15297999999984313	epochs	0.0
2816.934000015259	0.0500000000001819	epochs	1.0
2816.984000015259	0.0029999999997016857	epochs	1.0
2816.9870000152587	0.09997999999995955	epochs	1.0
2817.410999774933	0.15297999999984313	epochs	0.0
2817.410999774933	0.0500000000001819	epochs	1.0
2817.460999774933	0.0029999999997016857	epochs	1.0
2817.4639997749327	0.09997999999995955	epochs	1.0
2817.90700006485	0.15297999999984313	epochs	0.0
2817.90700006485	0.0500000000001819	epochs	1.0
2817.95700006485	0.0029999999997016857	epochs	1.0
2817.9600000648497	0.09997999999995955	epochs	1.0
2818.380000114441	0.15297999999984313	epochs	0.0
2818.380000114441	0.0500000000001819	epochs	1.0
2818.430000114441	0.0029999999997016857	epochs	1.0
2818.433000114441	0.09997999999995955	epochs	1.0
2818.8540000915527	0.15297999999984313	epochs	0.0
2818.8540000915527	0.0500000000001819	epochs	1.0
2818.904000091553	0.0029999999997016857	epochs	1.0
2818.9070000915526	0.09997999999995955	epochs	1.0
2819.348999977112	0.15297999999984313	epochs	0.0
2819.348999977112	0.0500000000001819	epochs	1.0
2819.398999977112	0.0029999999997016857	epochs	1.0
2819.4019999771117	0.09997999999995955	epochs	1.0
2819.8140001296997	0.15297999999984313	epochs	0.0
2819.8140001296997	0.0500000000001819	epochs	1.0
2819.8640001297	0.0029999999997016857	epochs	1.0
2819.8670001296996	0.09997999999995955	epochs	1.0
2820.289999961853	0.15297999999984313	epochs	0.0
2820.289999961853	0.0500000000001819	epochs	1.0
2820.339999961853	0.0029999999997016857	epochs	1.0
2820.342999961853	0.09997999999995955	epochs	1.0
2820.8049998283386	0.057519999999840365	epochs	0.0
2820.8049998283386	0.023761500000091473	epochs	1.0
2820.8287613283387	0.009997000000112166	epochs	1.0
2820.838758328339	0.023761499999636726	epochs	1.0
2820.8625372283386	0.5	epochs	-1.0
2820.8625398283384	1.5426000000002205	epochs	0.0
2820.8625398283384	0.5	epochs	1.0
2821.3625398283384	0.003000000000156433	epochs	1.0
2821.3655398283386	1.039600000000064	epochs	1.0
2821.865537228339	0.5	epochs	-1.0
2822.4051398283386	0.06037999999989552	epochs	0.0
2822.9840002059937	0.057519999999840365	epochs	0.0
2822.9840002059937	0.023761500000091473	epochs	1.0
2823.0077617059937	0.009997000000112166	epochs	1.0
2823.017758705994	0.023761499999636726	epochs	1.0
2823.0415376059937	0.5	epochs	-1.0
2823.0415402059934	1.5427400000003217	epochs	0.0
2823.0415402059934	0.5	epochs	1.0
2823.5415402059934	0.003000000000156433	epochs	1.0
2823.5445402059936	1.0397400000001653	epochs	1.0
2824.044537605994	0.5	epochs	-1.0
2824.5842802059938	0.060239999999794236	epochs	0.0
2825.0970001220703	0.057519999999840365	epochs	0.0
2825.0970001220703	0.023761500000091473	epochs	1.0
2825.1207616220704	0.009997000000112166	epochs	1.0
2825.1307586220705	0.023761499999636726	epochs	1.0
2825.1545375220703	0.5	epochs	-1.0
2825.15454012207	1.5419800000004216	epochs	0.0
2825.15454012207	0.5	epochs	1.0
2825.65454012207	0.003000000000156433	epochs	1.0
2825.6575401220703	1.0389800000002651	epochs	1.0
2826.1575375220705	0.5	epochs	-1.0
2826.6965201220705	0.06099999999969441	epochs	0.0
2827.309000015259	0.057519999999840365	epochs	0.0
2827.309000015259	0.023761500000091473	epochs	1.0
2827.332761515259	0.009997000000112166	epochs	1.0
2827.342758515259	0.023761499999636726	epochs	1.0
2827.366537415259	0.5	epochs	-1.0
2827.3665400152586	8.720660000000407	epochs	0.0
2827.3665400152586	0.5	epochs	1.0
2827.8665400152586	8.220660000000407	epochs	1.0
2835.0883800152587	0.9988200000002507	epochs	-1.0
2835.0883800152587	0.03929999999991196	epochs	-1.0
2835.585857415259	0.5	epochs	-1.0
2836.087200015259	10.779319999999643	epochs	0.0
2836.696000099182	0.057519999999840365	epochs	0.0
2836.696000099182	0.023761500000091473	epochs	1.0
2836.719761599182	0.009997000000112166	epochs	1.0
2836.7297585991823	0.023761499999636726	epochs	1.0
2836.753537499182	0.5	epochs	-1.0
2836.753540099182	8.801420000000235	epochs	0.0
2836.753540099182	0.5	epochs	1.0
2837.253540099182	8.301420000000235	epochs	1.0
2844.555880099182	0.999080000000049	epochs	-1.0
2844.555880099182	0.03854000000001179	epochs	-1.0
2845.0533574991823	0.5	epochs	-1.0
2845.554960099182	10.698559999999816	epochs	0.0
2845.904999732971	0.057519999999840365	epochs	0.0
2845.904999732971	0.023761500000091473	epochs	1.0
2845.9287612329713	0.009997000000112166	epochs	1.0
2845.9387582329714	0.023761499999636726	epochs	1.0
2845.962537132971	0.5	epochs	-1.0
2845.962539732971	8.581920000000082	epochs	0.0
2845.962539732971	0.5	epochs	1.0
2846.462539732971	8.081920000000082	epochs	1.0
2853.5440197329713	1.0004399999997986	epochs	-1.0
2853.5440197329713	0.039539999999760767	epochs	-1.0
2854.041497132971	0.5	epochs	-1.0
2854.544459732971	10.918059999999969	epochs	0.0
2868.580999851227	0.057519999999840365	epochs	0.0
2868.580999851227	0.023761500000091473	epochs	1.0
2868.604761351227	0.009997000000112166	epochs	1.0
2868.614758351227	0.023761499999636726	epochs	1.0
2868.6385198512266	2.0	epochs	0.0
2870.6385198512266	21.521040000000085	epochs	0.0
2870.6385198512266	1.0	epochs	1.0
2870.638537251227	0.5	epochs	-1.0
2871.138537251227	19.999359999999797	epochs	-1.0
2871.6385198512266	20.0	epochs	1.0
2871.6385198512266	4.356753900000058	epochs	-1.0
2871.6385198512266	1.9745872000003146	epochs	2.0
2871.6385198512266	1.0985622000002877	epochs	3.0
2872.737082051227	0.8760250000000269	epochs	3.0
2873.613107051227	1.3524075000000266	epochs	2.0
2873.613107051227	0.7286354999996547	epochs	3.0
2874.3417425512266	0.6237720000003719	epochs	3.0
2874.965514551227	1.0297591999997167	epochs	2.0
2874.965514551227	0.5453292999995938	epochs	3.0
2875.5108438512266	0.48442990000012287	epochs	3.0
2875.9952737512267	0.8317861999998968	epochs	2.0
2875.9952737512267	0.43577630000027057	epochs	3.0
2876.431050051227	0.3960098999996262	epochs	3.0
2876.8270599512266	0.6977970000002642	epochs	2.0
2876.8270599512266	0.3628982000000178	epochs	3.0
2877.1899581512266	0.3348988000002464	epochs	3.0
2877.524856951227	0.6010456999997587	epochs	2.0
2877.524856951227	0.3109122999999272	epochs	3.0
2877.835769251227	0.29013339999983145	epochs	3.0
2878.1259026512266	0.5278859000000011	epochs	2.0
2878.1259026512266	0.27195860000028915	epochs	3.0
2878.397861251227	0.255927299999712	epochs	3.0
2878.6537885512266	0.4706193000001804	epochs	2.0
2878.6537885512266	0.241681299999982	epochs	3.0
2878.8954698512266	0.22893800000019837	epochs	3.0
2879.124407851227	0.42457039999999324	epochs	2.0
2879.124407851227	0.2174713999997948	epochs	3.0
2879.3418792512266	0.20709900000019843	epochs	3.0
2879.548978251227	0.3867353999999068	epochs	2.0
2879.548978251227	0.19767110000020693	epochs	3.0
2879.746649351227	0.18906429999969987	epochs	3.0
2879.9357136512267	0.35509529999990264	epochs	2.0
2879.9357136512267	0.18117590000019845	epochs	3.0
2880.116889551227	0.17391939999970418	epochs	3.0
2880.2908089512266	0.32824310000023615	epochs	2.0
2880.2908089512266	0.167221900000186	epochs	3.0
2880.458030851227	0.16102120000005016	epochs	3.0
2880.619052051227	0.3051679999998669	epochs	2.0
2880.619052051227	0.15526390000013635	epochs	3.0
2880.774315951227	0.14990409999973053	epochs	3.0
2880.9242200512267	0.28512529999989056	epochs	2.0
2880.9242200512267	0.14490210000030856	epochs	3.0
2881.069122151227	0.140223199999582	epochs	3.0
2881.2093453512266	0.26755380000031437	epochs	2.0
2881.2093453512266	0.13583690000041315	epochs	3.0
2881.345182251227	0.13171689999990122	epochs	3.0
2881.476899151227	0.2520228999997016	epochs	2.0
2881.476899151227	0.12783929999977772	epochs	3.0
2881.6047384512267	0.1241835999999239	epochs	3.0
2881.7289220512266	0.23819650000041293	epochs	2.0
2881.7289220512266	0.12073110000028464	epochs	3.0
2881.849653151227	0.11746540000012828	epochs	3.0
2881.967118551227	0.22580879999986792	epochs	2.0
2881.967118551227	0.11437189999969632	epochs	3.0
2882.0814904512267	0.11143690000017159	epochs	3.0
2882.192927351227	0.21464599999990241	epochs	2.0
2882.192927351227	0.10864889999993466	epochs	3.0
2882.301576251227	0.10599709999996776	epochs	3.0
2882.407573351227	0.2045349999998507	epochs	2.0
2882.407573351227	0.10347150000006877	epochs	3.0
2882.511044851227	0.10106349999978192	epochs	3.0
2882.6121083512267	0.19533400000000256	epochs	2.0
2882.6121083512267	0.09876510000003691	epochs	3.0
2882.7108734512267	0.09656889999996565	epochs	3.0
2882.8074423512267	0.18692529999998442	epochs	2.0
2882.8074423512267	0.0944683000002442	epochs	3.0
2882.901910651227	0.09245699999974022	epochs	3.0
2882.9943676512266	0.1792107000001124	epochs	2.0
2882.9943676512266	0.0905296000000817	epochs	3.0
2883.0848972512267	0.08868110000003071	epochs	3.0
2883.1735783512268	0.17210770000019693	epochs	2.0
2883.1735783512268	0.08690630000000965	epochs	3.0
2883.2604846512268	0.08520140000018728	epochs	3.0
2883.345686051227	0.16554640000003928	epochs	2.0
2883.345686051227	0.08356189999994967	epochs	3.0
2883.429247951227	0.08198450000008961	epochs	3.0
2883.511232451227	0.15946709999980158	epochs	2.0
2883.511232451227	0.08046539999986635	epochs	3.0
2883.591697851227	0.07900169999993523	epochs	3.0
2883.670699551227	0.15381840000009106	epochs	2.0
2883.670699551227	0.07759010000017952	epochs	3.0
2883.748289651227	0.07622829999991154	epochs	3.0
2883.824517951227	0.14855639999996129	epochs	2.0
2883.824517951227	0.07491329999993468	epochs	3.0
2883.899431251227	0.0736431000000266	epochs	3.0
2883.973074351227	0.1436423999998624	epochs	2.0
2883.973074351227	0.07241500000009182	epochs	3.0
2884.045489351227	0.07122739999977057	epochs	3.0
2884.1167167512267	0.13904309999998077	epochs	2.0
2884.1167167512267	0.07007800000019415	epochs	3.0
2884.186794751227	0.06896509999978662	epochs	3.0
2884.2557598512267	0.13472930000034467	epochs	2.0
2884.2557598512267	0.0678871000000072	epochs	3.0
2884.3236469512267	0.06684220000033747	epochs	3.0
2884.390489151227	0.13067519999958677	epochs	2.0
2884.390489151227	0.06582909999997355	epochs	3.0
2884.456318251227	0.06484609999961322	epochs	3.0
2884.5211643512266	0.12685780000037994	epochs	2.0
2884.5211643512266	0.06389200000012352	epochs	3.0
2884.5850563512267	0.06296580000025642	epochs	3.0
2884.648022151227	0.12325719999989815	epochs	2.0
2884.648022151227	0.06206579999980022	epochs	3.0
2884.710087951227	0.06119140000009793	epochs	3.0
2884.771279351227	0.11985539999977846	epochs	2.0
2884.771279351227	0.06034109999973225	epochs	3.0
2884.8316204512266	0.059514300000046205	epochs	3.0
2884.8911347512267	0.11663620000035735	epochs	2.0
2884.8911347512267	0.058709599999929196	epochs	3.0
2884.9498443512266	0.05792660000042815	epochs	3.0
2885.007770951227	0.11358559999962381	epochs	2.0
2885.007770951227	0.05716419999998834	epochs	3.0
2885.064935151227	0.05642139999963547	epochs	3.0
2885.1213565512267	0.11069050000014613	epochs	2.0
2885.1213565512267	0.05569790000026842	epochs	3.0
2885.177054451227	0.05499259999987771	epochs	3.0
2885.232047051227	0.10793909999983953	epochs	2.0
2885.232047051227	0.054304899999806366	epochs	3.0
2885.2863519512266	0.05363420000003316	epochs	3.0
2885.3399861512266	0.10532150000017282	epochs	2.0
2885.3399861512266	0.05298000000038883	epochs	3.0
2885.392966151227	0.05234149999978399	epochs	3.0
2885.445307651227	0.10282760000018243	epochs	2.0
2885.445307651227	0.05171810000001642	epochs	3.0
2885.497025751227	0.05110950000016601	epochs	3.0
2885.548135251227	0.10044909999987794	epochs	2.0
2885.548135251227	0.05051489999959813	epochs	3.0
2885.5986501512266	0.049934200000279816	epochs	3.0
2885.648584351227	0.09817829999974492	epochs	2.0
2885.648584351227	0.049366599999757454	epochs	3.0
2885.6979509512266	0.04881169999998747	epochs	3.0
2885.7467626512266	0.09600780000027953	epochs	2.0
2885.7467626512266	0.04826920000004975	epochs	3.0
2885.7950318512267	0.04773860000022978	epochs	3.0
2885.842770451227	0.09393120000004274	epochs	2.0
2885.842770451227	0.0472194999997555	epochs	3.0
2885.8899899512267	0.04671170000028724	epochs	3.0
2885.936701651227	0.09194260000003851	epochs	2.0
2885.936701651227	0.046214599999984785	epochs	3.0
2885.982916251227	0.045728000000053726	epochs	3.0
2886.028644251227	0.09003629999961049	epochs	2.0
2886.028644251227	0.045251499999722	epochs	3.0
2886.0738957512267	0.04478479999988849	epochs	3.0
2886.1186805512266	0.08820760000025984	epochs	2.0
2886.1186805512266	0.0443278000002465	epochs	3.0
2886.163008351227	0.04387980000001335	epochs	3.0
2886.206888151227	0.0864516999999978	epochs	2.0
2886.206888151227	0.04344099999980244	epochs	3.0
2886.2503291512267	0.04301070000019536	epochs	3.0
2886.293339851227	0.08476429999973334	epochs	2.0
2886.293339851227	0.04258900000013455	epochs	3.0
2886.335928851227	0.04217529999959879	epochs	3.0
2886.3781041512266	0.08314150000023801	epochs	2.0
2886.3781041512266	0.041769700000259036	epochs	3.0
2886.419873851227	0.041371799999978975	epochs	3.0
2886.461245651227	0.08157970000002024	epochs	2.0
2886.461245651227	0.040981399999964196	epochs	3.0
2886.502227051227	0.04059830000005604	epochs	3.0
2886.542825351227	0.08007550000002084	epochs	2.0
2886.542825351227	0.040222300000095856	epochs	3.0
2886.583047651227	0.03985319999992498	epochs	3.0
2886.622900851227	0.07862569999997504	epochs	2.0
2886.622900851227	0.03949079999983951	epochs	3.0
2886.6623916512267	0.03913490000013553	epochs	3.0
2886.701526551227	0.07722759999978734	epochs	2.0
2886.701526551227	0.038785400000051595	epochs	3.0
2886.740311951227	0.03844219999973575	epochs	3.0
2886.7787541512266	0.07587820000026113	epochs	2.0
2886.7787541512266	0.038104800000382966	epochs	3.0
2886.816858951227	0.037773399999878166	epochs	3.0
2886.854632351227	0.07457519999979922	epochs	2.0
2886.854632351227	0.03744770000002973	epochs	3.0
2886.892080051227	0.0371274999997695	epochs	3.0
2886.9292075512267	0.07331629999998768	epochs	2.0
2886.9292075512267	0.036812900000313675	epochs	3.0
2886.966020451227	0.036503399999674	epochs	3.0
2887.0025238512267	0.07209899999998015	epochs	2.0
2887.0025238512267	0.03619909999997617	epochs	3.0
2887.0387229512266	0.03589990000000398	epochs	3.0
2887.0746228512266	0.07092170000032638	epochs	2.0
2887.0746228512266	0.03560560000005353	epochs	3.0
2887.1102284512267	0.035316100000272854	epochs	3.0
2887.145544551227	0.06978200000003199	epochs	2.0
2887.145544551227	0.03503120000004856	epochs	3.0
2887.180575751227	0.03475079999998343	epochs	3.0
2887.215326551227	0.06867859999965731	epochs	2.0
2887.215326551227	0.03447509999978138	epochs	3.0
2887.249801651227	0.03420349999987593	epochs	3.0
2887.2840051512267	0.06760930000018561	epochs	2.0
2887.2840051512267	0.033936199999970995	epochs	3.0
2887.3179413512266	0.03367310000021462	epochs	3.0
2887.351614451227	0.06657289999975546	epochs	2.0
2887.351614451227	0.03341399999999339	epochs	3.0
2887.385028451227	0.03315889999976207	epochs	3.0
2887.4181873512266	0.06556780000028084	epochs	2.0
2887.4181873512266	0.03290770000012344	epochs	3.0
2887.4510950512267	0.0326601000001574	epochs	3.0
2887.483755151227	0.06459259999974165	epochs	2.0
2887.483755151227	0.03241639999987456	epochs	3.0
2887.5161715512268	0.032176199999867094	epochs	3.0
2887.5483477512266	0.06364600000006249	epochs	2.0
2887.5483477512266	0.03193959999998697	epochs	3.0
2887.5802873512266	0.03170640000007552	epochs	3.0
2887.6119937512267	0.0627266999999847	epochs	2.0
2887.6119937512267	0.03147660000013275	epochs	3.0
2887.643470351227	0.031250099999851955	epochs	3.0
2887.6747204512267	0.06183360000022731	epochs	2.0
2887.6747204512267	0.031026900000142632	epochs	3.0
2887.705747351227	0.030806700000084675	epochs	3.0
2887.736554051227	0.06096559999969031	epochs	2.0
2887.736554051227	0.030589799999688694	epochs	3.0
2887.7671438512266	0.030375800000001618	epochs	3.0
2887.7975196512266	0.06012160000000222	epochs	2.0
2887.7975196512266	0.03016490000027261	epochs	3.0
2887.827684551227	0.029956699999729608	epochs	3.0
2887.8576412512266	0.059300700000221696	epochs	2.0
2887.8576412512266	0.029751600000054168	epochs	3.0
2887.8873928512267	0.029549100000167527	epochs	3.0
2887.916941951227	0.058501800000158255	epochs	2.0
2887.916941951227	0.029349399999773595	epochs	3.0
2887.9462913512266	0.02915240000038466	epochs	3.0
2887.975443751227	0.05772419999993872	epochs	2.0
2887.975443751227	0.028957999999875028	epochs	3.0
2888.004401751227	0.02876620000006369	epochs	3.0
2888.033167951227	0.056967099999837956	epochs	2.0
2888.033167951227	0.028577000000041153	epochs	3.0
2888.061744951227	0.028390099999796803	epochs	3.0
2888.0901350512268	0.05622949999997218	epochs	2.0
2888.0901350512268	0.028205699999944045	epochs	3.0
2888.1183407512267	0.028023800000028132	epochs	3.0
2888.1463645512267	0.05551070000001346	epochs	2.0
2888.1463645512267	0.027844000000186497	epochs	3.0
2888.174208551227	0.02766669999982696	epochs	3.0
2888.2018752512267	0.05481020000024728	epochs	2.0
2888.2018752512267	0.02749149999999645	epochs	3.0
2888.2293667512267	0.02731870000025083	epochs	3.0
2888.256685451227	0.054126999999880354	epochs	2.0
2888.256685451227	0.027147799999966082	epochs	3.0
2888.283833251227	0.026979199999914272	epochs	3.0
2888.310812451227	0.053460699999959616	epochs	2.0
2888.310812451227	0.026812600000084785	epochs	3.0
2888.337625051227	0.02664809999987483	epochs	3.0
2888.364273151227	0.05281070000000909	epochs	2.0
2888.364273151227	0.0264855999998872	epochs	3.0
2888.3907587512267	0.026325100000121893	epochs	3.0
2888.417083851227	0.052176199999848905	epochs	2.0
2888.417083851227	0.026166399999965506	epochs	3.0
2888.443250251227	0.0260097999998834	epochs	3.0
2888.4692600512267	0.05155670000021928	epochs	2.0
2888.4692600512267	0.02585480000016105	epochs	3.0
2888.495114851227	0.02570190000005823	epochs	3.0
2888.520816751227	0.050951899999745365	epochs	2.0
2888.520816751227	0.02555069999971238	epochs	3.0
2888.5463674512266	0.025401200000032986	epochs	3.0
2888.5717686512266	0.05036100000006627	epochs	2.0
2888.5717686512266	0.025253499999962514	epochs	3.0
2888.5970221512266	0.025107500000103755	epochs	3.0
2888.6221296512267	0.04978380000011384	epochs	2.0
2888.6221296512267	0.02496320000000196	epochs	3.0
2888.6470928512267	0.02482060000011188	epochs	3.0
2888.671913451227	0.04921950000016295	epochs	2.0
2888.671913451227	0.024679399999968155	epochs	3.0
2888.696592851227	0.024540100000194798	epochs	3.0
2888.721132951227	0.048667899999600195	epochs	2.0
2888.721132951227	0.024402099999861093	epochs	3.0
2888.745535051227	0.0242657999997391	epochs	3.0
2888.7698008512266	0.048128600000381994	epochs	2.0
2888.7698008512266	0.024131000000124914	epochs	3.0
2888.7939318512267	0.02399760000025708	epochs	3.0
2888.817929451227	0.0476010999996106	epochs	2.0
2888.817929451227	0.02386579999983951	epochs	3.0
2888.841795251227	0.023735299999771087	epochs	3.0
2888.8655305512266	0.04708500000015192	epochs	2.0
2888.8655305512266	0.023606300000210467	epochs	3.0
2888.889136851227	0.023478699999941455	epochs	3.0
2888.9126155512267	0.04658000000017637	epochs	2.0
2888.9126155512267	0.023352499999873544	epochs	3.0
2888.9359680512266	0.023227500000302825	epochs	3.0
2888.959195551227	0.04608569999982137	epochs	2.0
2888.959195551227	0.02310399999987567	epochs	3.0
2888.982299551227	0.022981699999945704	epochs	3.0
2889.0052812512267	0.045601799999985815	epochs	2.0
2889.0052812512267	0.02286069999991014	epochs	3.0
2889.0281419512266	0.022741100000075676	epochs	3.0
2889.0508830512267	0.045127899999897636	epochs	2.0
2889.0508830512267	0.022622500000125	epochs	3.0
2889.073505551227	0.022505399999772635	epochs	3.0
2889.0960109512266	0.044663800000307674	epochs	2.0
2889.0960109512266	0.022389300000213552	epochs	3.0
2889.118400251227	0.022274500000094122	epochs	3.0
2889.140674751227	0.044209199999841076	epochs	2.0
2889.140674751227	0.022160799999710434	epochs	3.0
2889.1628355512266	0.02204840000013064	epochs	3.0
2889.1848839512268	0.04376360000014756	epochs	2.0
2889.1848839512268	0.021936900000127935	epochs	3.0
2889.206820851227	0.021826700000019628	epochs	3.0
2889.228647551227	0.043327099999714846	epochs	2.0
2889.228647551227	0.02171760000010181	epochs	3.0
2889.250365151227	0.021609499999613035	epochs	3.0
2889.2719746512266	0.04289900000003399	epochs	2.0
2889.2719746512266	0.021502500000224245	epochs	3.0
2889.293477151227	0.021396499999809748	epochs	3.0
2889.3148736512267	0.042479500000354165	epochs	2.0
2889.3148736512267	0.02129170000034719	epochs	3.0
2889.336165351227	0.021187800000006973	epochs	3.0
2889.357353151227	0.04206789999989269	epochs	2.0
2889.357353151227	0.02108490000000529	epochs	3.0
2889.378438051227	0.020982999999887397	epochs	3.0
2889.399421051227	0.041664399999717716	epochs	2.0
2889.399421051227	0.020882199999959994	epochs	3.0
2889.420303251227	0.020782199999757722	epochs	3.0
2889.4410854512266	0.04126850000011473	epochs	2.0
2889.4410854512266	0.02068330000020069	epochs	3.0
2889.461768751227	0.02058519999991404	epochs	3.0
2889.4823539512267	0.04088000000001557	epochs	2.0
2889.4823539512267	0.020488099999965925	epochs	3.0
2889.5028420512267	0.020391900000049645	epochs	3.0
2889.5232339512268	0.04049880000002304	epochs	2.0
2889.5232339512268	0.0202966000001652	epochs	3.0
2889.543530551227	0.02020219999985784	epochs	3.0
2889.563732751227	0.04012460000012652	epochs	2.0
2889.563732751227	0.02010870000003706	epochs	3.0
2889.583841451227	0.02001590000008946	epochs	3.0
2889.603857351227	0.03975730000001931	epochs	2.0
2889.603857351227	0.0199241999998776	epochs	3.0
2889.623781551227	0.019833100000141712	epochs	3.0
2889.643614651227	0.03939669999999751	epochs	2.0
2889.643614651227	0.019742999999834865	epochs	3.0
2889.6633576512268	0.019653700000162644	epochs	3.0
2889.683011351227	0.03904239999974379	epochs	2.0
2889.683011351227	0.019565099999908853	epochs	3.0
2889.702576451227	0.01947729999983494	epochs	3.0
2889.7220537512267	0.03869460000032632	epochs	2.0
2889.7220537512267	0.01939040000024761	epochs	3.0
2889.741444151227	0.01930420000007871	epochs	3.0
2889.760748351227	0.03835289999960878	epochs	2.0
2889.760748351227	0.01921879999963494	epochs	3.0
2889.7799671512266	0.01913409999997384	epochs	3.0
2889.7991012512266	0.03801720000001296	epochs	2.0
2889.7991012512266	0.019050200000037876	epochs	3.0
2889.8181514512266	0.018966999999975087	epochs	3.0
2889.8371184512266	0.03768720000016401	epochs	2.0
2889.8371184512266	0.018884500000240223	epochs	3.0
2889.856002951227	0.01880269999992379	epochs	3.0
2889.874805651227	0.037363100000220584	epochs	2.0
2889.874805651227	0.01872170000024198	epochs	3.0
2889.893527351227	0.018641399999978603	epochs	3.0
2889.912168751227	0.03704429999970671	epochs	2.0
2889.912168751227	0.018561599999884493	epochs	3.0
2889.930730351227	0.018482699999822216	epochs	3.0
2889.9492130512267	0.036731000000145286	epochs	2.0
2889.9492130512267	0.018404299999929208	epochs	3.0
2889.9676173512266	0.01832670000021608	epochs	3.0
2889.985944051227	0.03642290000016146	epochs	2.0
2889.985944051227	0.018249599999762722	epochs	3.0
2890.0041936512266	0.01817330000039874	epochs	3.0
2890.022366951227	0.03612009999960719	epochs	2.0
2890.022366951227	0.018097599999691738	epochs	3.0
2890.0404645512267	0.018022499999915453	epochs	3.0
2890.0584870512266	0.035822100000132195	epochs	2.0
2890.0584870512266	0.017947900000308437	epochs	3.0
2890.076434951227	0.01787419999982376	epochs	3.0
2890.0943091512268	0.03552900000022419	epochs	2.0
2890.0943091512268	0.017800800000259187	epochs	3.0
2890.112109951227	0.017728199999965	epochs	3.0
2890.129838151227	0.03524070000003121	epochs	2.0
2890.129838151227	0.01765609999984008	epochs	3.0
2890.147494251227	0.01758460000019113	epochs	3.0
2890.165078851227	0.03495709999970131	epochs	2.0
2890.165078851227	0.01751369999965391	epochs	3.0
2890.1825925512267	0.017443400000047404	epochs	3.0
2890.2000359512267	0.03467790000013338	epochs	2.0
2890.2000359512267	0.01737360000015542	epochs	3.0
2890.217409551227	0.017304299999977957	epochs	3.0
2890.234713851227	0.03440330000012182	epochs	2.0
2890.234713851227	0.017235700000128418	epochs	3.0
2890.251949551227	0.0171675999999934	epochs	3.0
2890.269117151227	0.03413279999995211	epochs	2.0
2890.269117151227	0.017099899999720947	epochs	3.0
2890.2862170512267	0.017032900000231166	epochs	3.0
2890.303249951227	0.03386670000008962	epochs	2.0
2890.303249951227	0.01696640000000116	epochs	3.0
2890.320216351227	0.016900300000088464	epochs	3.0
2890.337116651227	0.033604599999762286	epochs	2.0
2890.337116651227	0.016834799999742245	epochs	3.0
2890.3539514512267	0.01676980000002004	epochs	3.0
2890.3707212512268	0.0333466000001863	epochs	2.0
2890.3707212512268	0.016705300000012357	epochs	3.0
2890.387426551227	0.016641300000173942	epochs	3.0
2890.404067851227	0.033092499999838765	epochs	2.0
2890.404067851227	0.016577800000050047	epochs	3.0
2890.420645651227	0.016514699999788718	epochs	3.0
2890.437160351227	0.032842300000083924	epochs	2.0
2890.437160351227	0.01645220000000336	epochs	3.0
2890.453612551227	0.016390100000080565	epochs	3.0
2890.470002651227	0.03259570000000167	epochs	2.0
2890.470002651227	0.016328400000020338	epochs	3.0
2890.486331051227	0.016267299999981333	epochs	3.0
2890.502598351227	0.03235289999975066	epochs	2.0
2890.502598351227	0.016206599999804894	epochs	3.0
2890.5188049512267	0.016146299999945768	epochs	3.0
2890.5349512512266	0.032113700000081735	epochs	2.0
2890.5349512512266	0.016086600000107865	epochs	3.0
2890.5510378512267	0.01602709999997387	epochs	3.0
2890.5670649512267	0.03187800000023344	epochs	2.0
2890.5670649512267	0.015968200000315846	epochs	3.0
2890.583033151227	0.015909799999917595	epochs	3.0
2890.598942951227	0.03164569999989908	epochs	2.0
2890.598942951227	0.015851599999678	epochs	3.0
2890.6147945512266	0.01579410000022108	epochs	3.0
2890.630588651227	0.03141670000013619	epochs	2.0
2890.630588651227	0.015736700000161363	epochs	3.0
2890.646325351227	0.015679999999974825	epochs	3.0
2890.662005351227	0.03119109999988723	epochs	2.0
2890.662005351227	0.015623599999798898	epochs	3.0
2890.677628951227	0.01556750000008833	epochs	3.0
2890.693196451227	0.030968699999903038	epochs	2.0
2890.693196451227	0.015511999999944237	epochs	3.0
2890.708708451227	0.0154566999999588	epochs	3.0
2890.7241651512268	0.030749500000183616	epochs	2.0
2890.7241651512268	0.015401999999994587	epochs	3.0
2890.7395671512268	0.01534750000018903	epochs	3.0
2890.754914651227	0.030533199999808858	epochs	2.0
2890.754914651227	0.01529339999979129	epochs	3.0
2890.7702080512267	0.015239800000017567	epochs	3.0
2890.7854478512268	0.030320100000153616	epochs	2.0
2890.7854478512268	0.015186500000254455	epochs	3.0
2890.800634351227	0.015133599999899161	epochs	3.0
2890.815767951227	0.030109899999843037	epochs	2.0
2890.815767951227	0.015081000000009226	epochs	3.0
2890.830848951227	0.015028899999833811	epochs	3.0
2890.8458778512268	0.029902499999934662	epochs	2.0
2890.8458778512268	0.0149770000002718	epochs	3.0
2890.860854851227	0.014925499999662861	epochs	3.0
2890.8757803512267	0.0296981000001324	epochs	2.0
2890.8757803512267	0.01487440000028073	epochs	3.0
2890.890654751227	0.01482369999985167	epochs	3.0
2890.905478451227	0.029496300000118936	epochs	2.0
2890.905478451227	0.014773200000036013	epochs	3.0
2890.920251651227	0.014723100000082923	epochs	3.0
2890.934974751227	0.029297399999904883	epochs	2.0
2890.934974751227	0.014673399999992398	epochs	3.0
2890.949648151227	0.014623999999912485	epochs	3.0
2890.964272151227	0.029101099999934377	epochs	2.0
2890.964272151227	0.014574899999843183	epochs	3.0
2890.9788470512267	0.014526200000091194	epochs	3.0
2890.993373251227	0.028907400000207417	epochs	2.0
2890.993373251227	0.014477700000043114	epochs	3.0
2891.007850951227	0.014429700000164303	epochs	3.0
2891.022280651227	0.028716199999962555	epochs	2.0
2891.022280651227	0.014381799999682698	epochs	3.0
2891.0366624512267	0.014334400000279857	epochs	3.0
2891.050996851227	0.02852759999996124	epochs	2.0
2891.050996851227	0.01428719999967143	epochs	3.0
2891.0652840512266	0.01424040000028981	epochs	3.0
2891.079524451227	0.028341400000044814	epochs	2.0
2891.079524451227	0.014193799999702605	epochs	3.0
2891.0937182512266	0.014147600000342209	epochs	3.0
2891.107865851227	0.028157700000065233	epochs	2.0
2891.107865851227	0.014101699999628181	epochs	3.0
2891.1219675512266	0.014056000000437052	epochs	3.0
2891.136023551227	0.02797629999986384	epochs	2.0
2891.136023551227	0.014010599999892293	epochs	3.0
2891.150034151227	0.013965699999971548	epochs	3.0
2891.163999851227	0.027797199999895383	epochs	2.0
2891.163999851227	0.013920800000050804	epochs	3.0
2891.177920651227	0.01387639999984458	epochs	3.0
2891.191797051227	0.02762040000015986	epochs	2.0
2891.191797051227	0.013832199999797012	epochs	3.0
2891.2056292512266	0.013788200000362849	epochs	3.0
2891.219417451227	0.02744589999974778	epochs	2.0
2891.219417451227	0.013744599999881757	epochs	3.0
2891.233162051227	0.013701299999866023	epochs	3.0
2891.2468633512267	0.027273500000319473	epochs	2.0
2891.2468633512267	0.013658200000008947	epochs	3.0
2891.2605215512267	0.013615300000310526	epochs	3.0
2891.274136851227	0.02710339999975986	epochs	2.0
2891.274136851227	0.013572799999565177	epochs	3.0
2891.2877096512266	0.013530600000194681	epochs	3.0
2891.301240251227	0.02693520000002536	epochs	2.0
2891.301240251227	0.01348839999991469	epochs	3.0
2891.3147286512267	0.01344680000011067	epochs	3.0
2891.328175451227	0.026769200000217097	epochs	2.0
2891.328175451227	0.013405199999851902	epochs	3.0
2891.3415806512266	0.013364000000365195	epochs	3.0
2891.354944651227	0.026605199999721663	epochs	2.0
2891.354944651227	0.013322899999820947	epochs	3.0
2891.368267551227	0.013282299999900715	epochs	3.0
2891.3815498512267	0.0264431999999033	epochs	2.0
2891.3815498512267	0.013241699999980483	epochs	3.0
2891.3947915512267	0.013201499999922817	epochs	3.0
2891.4079930512266	0.02628320000030726	epochs	2.0
2891.4079930512266	0.013161500000023807	epochs	3.0
2891.4211545512267	0.013121700000283454	epochs	3.0
2891.434276251227	0.026124999999865395	epochs	2.0
2891.434276251227	0.013082099999792263	epochs	3.0
2891.4473583512267	0.013042900000073132	epochs	3.0
2891.460401251227	0.025968899999952555	epochs	2.0
2891.460401251227	0.01300390000005791	epochs	3.0
2891.473405151227	0.012964999999894644	epochs	3.0
2891.4863701512268	0.025814500000251428	epochs	2.0
2891.4863701512268	0.012926400000196736	epochs	3.0
2891.499296551227	0.012888100000054692	epochs	3.0
2891.512184651227	0.025661899999704474	epochs	2.0
2891.512184651227	0.012849899999764602	epochs	3.0
2891.525034551227	0.012811999999939871	epochs	3.0
2891.5378465512267	0.025511199999982637	epochs	2.0
2891.5378465512267	0.012774400000125752	epochs	3.0
2891.550620951227	0.012736799999856885	epochs	3.0
2891.5633577512267	0.025362300000324467	epochs	2.0
2891.5633577512267	0.012699700000212033	epochs	3.0
2891.576057451227	0.012662600000112434	epochs	3.0
2891.588720051227	0.025214999999661813	epochs	2.0
2891.588720051227	0.012625799999568699	epochs	3.0
2891.6013458512266	0.012589200000093115	epochs	3.0
2891.6139350512267	0.024584799999956886	epochs	2.0
2891.6378972512266	0.5	epochs	-1.0
2891.6385198512266	0.5210400000000845	epochs	1.0
2892.1595598512267	0.47888000000011743	epochs	0.0
2892.7929997444153	0.057519999999840365	epochs	0.0
2892.7929997444153	0.023761500000091473	epochs	1.0
2892.8167612444154	0.009997000000112166	epochs	1.0
2892.8267582444155	0.023761499999636726	epochs	1.0
2892.850519744415	2.0	epochs	0.0
2894.850519744415	21.501840000000357	epochs	0.0
2894.850519744415	1.0	epochs	1.0
2894.8505371444153	0.5	epochs	-1.0
2895.3505371444153	19.999359999999797	epochs	-1.0
2895.850519744415	20.0	epochs	1.0
2895.850519744415	4.356753900000058	epochs	-1.0
2895.850519744415	1.9745872000003146	epochs	2.0
2895.850519744415	1.0985622000002877	epochs	3.0
2896.9490819444154	0.8760250000000269	epochs	3.0
2897.8251069444154	1.3524075000000266	epochs	2.0
2897.8251069444154	0.7286354999996547	epochs	3.0
2898.553742444415	0.6237720000003719	epochs	3.0
2899.1775144444155	1.0297591999997167	epochs	2.0
2899.1775144444155	0.5453292999995938	epochs	3.0
2899.722843744415	0.48442990000012287	epochs	3.0
2900.207273644415	0.8317861999998968	epochs	2.0
2900.207273644415	0.43577630000027057	epochs	3.0
2900.6430499444155	0.3960098999996262	epochs	3.0
2901.039059844415	0.6977970000002642	epochs	2.0
2901.039059844415	0.3628982000000178	epochs	3.0
2901.401958044415	0.3348988000002464	epochs	3.0
2901.7368568444153	0.6010456999997587	epochs	2.0
2901.7368568444153	0.3109122999999272	epochs	3.0
2902.0477691444153	0.29013339999983145	epochs	3.0
2902.337902544415	0.5278859000000011	epochs	2.0
2902.337902544415	0.27195860000028915	epochs	3.0
2902.6098611444154	0.255927299999712	epochs	3.0
2902.865788444415	0.4706193000001804	epochs	2.0
2902.865788444415	0.241681299999982	epochs	3.0
2903.107469744415	0.22893800000019837	epochs	3.0
2903.3364077444153	0.42457039999999324	epochs	2.0
2903.3364077444153	0.2174713999997948	epochs	3.0
2903.553879144415	0.20709900000019843	epochs	3.0
2903.7609781444153	0.3867353999999068	epochs	2.0
2903.7609781444153	0.19767110000020693	epochs	3.0
2903.9586492444155	0.18906429999969987	epochs	3.0
2904.147713544415	0.35509529999990264	epochs	2.0
2904.147713544415	0.18117590000019845	epochs	3.0
2904.3288894444154	0.17391939999970418	epochs	3.0
2904.502808844415	0.32824310000023615	epochs	2.0
2904.502808844415	0.167221900000186	epochs	3.0
2904.6700307444153	0.16102120000005016	epochs	3.0
2904.8310519444153	0.3051679999998669	epochs	2.0
2904.8310519444153	0.15526390000013635	epochs	3.0
2904.9863158444155	0.14990409999973053	epochs	3.0
2905.136219944415	0.28512529999989056	epochs	2.0
2905.136219944415	0.14490210000030856	epochs	3.0
2905.2811220444155	0.140223199999582	epochs	3.0
2905.421345244415	0.26755380000031437	epochs	2.0
2905.421345244415	0.13583690000041315	epochs	3.0
2905.5571821444155	0.13171689999990122	epochs	3.0
2905.6888990444154	0.2520228999997016	epochs	2.0
2905.6888990444154	0.12783929999977772	epochs	3.0
2905.816738344415	0.1241835999999239	epochs	3.0
2905.940921944415	0.23819650000041293	epochs	2.0
2905.940921944415	0.12073110000028464	epochs	3.0
2906.0616530444154	0.11746540000012828	epochs	3.0
2906.1791184444155	0.22580879999986792	epochs	2.0
2906.1791184444155	0.11437189999969632	epochs	3.0
2906.293490344415	0.11143690000017159	epochs	3.0
2906.4049272444154	0.21464599999990241	epochs	2.0
2906.4049272444154	0.10864889999993466	epochs	3.0
2906.5135761444153	0.10599709999996776	epochs	3.0
2906.6195732444153	0.2045349999998507	epochs	2.0
2906.6195732444153	0.10347150000006877	epochs	3.0
2906.7230447444153	0.10106349999978192	epochs	3.0
2906.824108244415	0.19533400000000256	epochs	2.0
2906.824108244415	0.09876510000003691	epochs	3.0
2906.922873344415	0.09656889999996565	epochs	3.0
2907.019442244415	0.18692529999998442	epochs	2.0
2907.019442244415	0.0944683000002442	epochs	3.0
2907.1139105444154	0.09245699999974022	epochs	3.0
2907.206367544415	0.1792107000001124	epochs	2.0
2907.206367544415	0.0905296000000817	epochs	3.0
2907.296897144415	0.08868110000003071	epochs	3.0
2907.3855782444152	0.17210770000019693	epochs	2.0
2907.3855782444152	0.08690630000000965	epochs	3.0
2907.4724845444152	0.08520140000018728	epochs	3.0
2907.5576859444154	0.16554640000003928	epochs	2.0
2907.5576859444154	0.08356189999994967	epochs	3.0
2907.6412478444154	0.08198450000008961	epochs	3.0
2907.7232323444155	0.15946709999980158	epochs	2.0
2907.7232323444155	0.08046539999986635	epochs	3.0
2907.8036977444153	0.07900169999993523	epochs	3.0
2907.8826994444153	0.15381840000009106	epochs	2.0
2907.8826994444153	0.07759010000017952	epochs	3.0
2907.9602895444154	0.07622829999991154	epochs	3.0
2908.0365178444154	0.14855639999996129	epochs	2.0
2908.0365178444154	0.07491329999993468	epochs	3.0
2908.1114311444153	0.0736431000000266	epochs	3.0
2908.1850742444153	0.1436423999998624	epochs	2.0
2908.1850742444153	0.07241500000009182	epochs	3.0
2908.2574892444154	0.07122739999977057	epochs	3.0
2908.328716644415	0.13904309999998077	epochs	2.0
2908.328716644415	0.07007800000019415	epochs	3.0
2908.3987946444154	0.06896509999978662	epochs	3.0
2908.467759744415	0.13472930000034467	epochs	2.0
2908.467759744415	0.0678871000000072	epochs	3.0
2908.535646844415	0.06684220000033747	epochs	3.0
2908.6024890444155	0.13067519999958677	epochs	2.0
2908.6024890444155	0.06582909999997355	epochs	3.0
2908.6683181444155	0.06484609999961322	epochs	3.0
2908.733164244415	0.12685780000037994	epochs	2.0
2908.733164244415	0.06389200000012352	epochs	3.0
2908.797056244415	0.06296580000025642	epochs	3.0
2908.8600220444155	0.12325719999989815	epochs	2.0
2908.8600220444155	0.06206579999980022	epochs	3.0
2908.9220878444153	0.06119140000009793	epochs	3.0
2908.9832792444154	0.11985539999977846	epochs	2.0
2908.9832792444154	0.06034109999973225	epochs	3.0
2909.043620344415	0.059514300000046205	epochs	3.0
2909.103134644415	0.11663620000035735	epochs	2.0
2909.103134644415	0.058709599999929196	epochs	3.0
2909.161844244415	0.05792660000042815	epochs	3.0
2909.2197708444155	0.11358559999962381	epochs	2.0
2909.2197708444155	0.05716419999998834	epochs	3.0
2909.2769350444155	0.05642139999963547	epochs	3.0
2909.333356444415	0.11069050000014613	epochs	2.0
2909.333356444415	0.05569790000026842	epochs	3.0
2909.3890543444154	0.05499259999987771	epochs	3.0
2909.4440469444153	0.10793909999983953	epochs	2.0
2909.4440469444153	0.054304899999806366	epochs	3.0
2909.498351844415	0.05363420000003316	epochs	3.0
2909.551986044415	0.10532150000017282	epochs	2.0
2909.551986044415	0.05298000000038883	epochs	3.0
2909.6049660444155	0.05234149999978399	epochs	3.0
2909.6573075444153	0.10282760000018243	epochs	2.0
2909.6573075444153	0.05171810000001642	epochs	3.0
2909.7090256444153	0.05110950000016601	epochs	3.0
2909.7601351444155	0.10044909999987794	epochs	2.0
2909.7601351444155	0.05051489999959813	epochs	3.0
2909.810650044415	0.049934200000279816	epochs	3.0
2909.8605842444153	0.09817829999974492	epochs	2.0
2909.8605842444153	0.049366599999757454	epochs	3.0
2909.909950844415	0.04881169999998747	epochs	3.0
2909.958762544415	0.09600780000027953	epochs	2.0
2909.958762544415	0.04826920000004975	epochs	3.0
2910.007031744415	0.04773860000022978	epochs	3.0
2910.0547703444154	0.09393120000004274	epochs	2.0
2910.0547703444154	0.0472194999997555	epochs	3.0
2910.101989844415	0.04671170000028724	epochs	3.0
2910.1487015444154	0.09194260000003851	epochs	2.0
2910.1487015444154	0.046214599999984785	epochs	3.0
2910.1949161444154	0.045728000000053726	epochs	3.0
2910.2406441444155	0.09003629999961049	epochs	2.0
2910.2406441444155	0.045251499999722	epochs	3.0
2910.285895644415	0.04478479999988849	epochs	3.0
2910.330680444415	0.08820760000025984	epochs	2.0
2910.330680444415	0.0443278000002465	epochs	3.0
2910.3750082444153	0.04387980000001335	epochs	3.0
2910.4188880444153	0.0864516999999978	epochs	2.0
2910.4188880444153	0.04344099999980244	epochs	3.0
2910.462329044415	0.04301070000019536	epochs	3.0
2910.5053397444153	0.08476429999973334	epochs	2.0
2910.5053397444153	0.04258900000013455	epochs	3.0
2910.5479287444155	0.04217529999959879	epochs	3.0
2910.590104044415	0.08314150000023801	epochs	2.0
2910.590104044415	0.041769700000259036	epochs	3.0
2910.6318737444153	0.041371799999978975	epochs	3.0
2910.6732455444153	0.08157970000002024	epochs	2.0
2910.6732455444153	0.040981399999964196	epochs	3.0
2910.7142269444153	0.04059830000005604	epochs	3.0
2910.7548252444153	0.08007550000002084	epochs	2.0
2910.7548252444153	0.040222300000095856	epochs	3.0
2910.7950475444154	0.03985319999992498	epochs	3.0
2910.8349007444153	0.07862569999997504	epochs	2.0
2910.8349007444153	0.03949079999983951	epochs	3.0
2910.874391544415	0.03913490000013553	epochs	3.0
2910.9135264444153	0.07722759999978734	epochs	2.0
2910.9135264444153	0.038785400000051595	epochs	3.0
2910.9523118444154	0.03844219999973575	epochs	3.0
2910.990754044415	0.07587820000026113	epochs	2.0
2910.990754044415	0.038104800000382966	epochs	3.0
2911.0288588444155	0.037773399999878166	epochs	3.0
2911.0666322444154	0.07457519999979922	epochs	2.0
2911.0666322444154	0.03744770000002973	epochs	3.0
2911.1040799444154	0.0371274999997695	epochs	3.0
2911.141207444415	0.07331629999998768	epochs	2.0
2911.141207444415	0.036812900000313675	epochs	3.0
2911.1780203444155	0.036503399999674	epochs	3.0
2911.214523744415	0.07209899999998015	epochs	2.0
2911.214523744415	0.03619909999997617	epochs	3.0
2911.250722844415	0.03589990000000398	epochs	3.0
2911.286622744415	0.07092170000032638	epochs	2.0
2911.286622744415	0.03560560000005353	epochs	3.0
2911.322228344415	0.035316100000272854	epochs	3.0
2911.3575444444155	0.06978200000003199	epochs	2.0
2911.3575444444155	0.03503120000004856	epochs	3.0
2911.3925756444155	0.03475079999998343	epochs	3.0
2911.4273264444155	0.06867859999965731	epochs	2.0
2911.4273264444155	0.03447509999978138	epochs	3.0
2911.4618015444153	0.03420349999987593	epochs	3.0
2911.496005044415	0.06760930000018561	epochs	2.0
2911.496005044415	0.033936199999970995	epochs	3.0
2911.529941244415	0.03367310000021462	epochs	3.0
2911.5636143444153	0.06657289999975546	epochs	2.0
2911.5636143444153	0.03341399999999339	epochs	3.0
2911.5970283444153	0.03315889999976207	epochs	3.0
2911.630187244415	0.06556780000028084	epochs	2.0
2911.630187244415	0.03290770000012344	epochs	3.0
2911.663094944415	0.0326601000001574	epochs	3.0
2911.6957550444154	0.06459259999974165	epochs	2.0
2911.6957550444154	0.03241639999987456	epochs	3.0
2911.7281714444152	0.032176199999867094	epochs	3.0
2911.760347644415	0.06364600000006249	epochs	2.0
2911.760347644415	0.03193959999998697	epochs	3.0
2911.792287244415	0.03170640000007552	epochs	3.0
2911.823993644415	0.0627266999999847	epochs	2.0
2911.823993644415	0.03147660000013275	epochs	3.0
2911.8554702444153	0.031250099999851955	epochs	3.0
2911.886720344415	0.06183360000022731	epochs	2.0
2911.886720344415	0.031026900000142632	epochs	3.0
2911.9177472444153	0.030806700000084675	epochs	3.0
2911.9485539444154	0.06096559999969031	epochs	2.0
2911.9485539444154	0.030589799999688694	epochs	3.0
2911.979143744415	0.030375800000001618	epochs	3.0
2912.009519544415	0.06012160000000222	epochs	2.0
2912.009519544415	0.03016490000027261	epochs	3.0
2912.0396844444153	0.029956699999729608	epochs	3.0
2912.069641144415	0.059300700000221696	epochs	2.0
2912.069641144415	0.029751600000054168	epochs	3.0
2912.099392744415	0.029549100000167527	epochs	3.0
2912.1289418444153	0.058501800000158255	epochs	2.0
2912.1289418444153	0.029349399999773595	epochs	3.0
2912.158291244415	0.02915240000038466	epochs	3.0
2912.1874436444155	0.05772419999993872	epochs	2.0
2912.1874436444155	0.028957999999875028	epochs	3.0
2912.2164016444153	0.02876620000006369	epochs	3.0
2912.2451678444154	0.056967099999837956	epochs	2.0
2912.2451678444154	0.028577000000041153	epochs	3.0
2912.2737448444154	0.028390099999796803	epochs	3.0
2912.3021349444152	0.05622949999997218	epochs	2.0
2912.3021349444152	0.028205699999944045	epochs	3.0
2912.330340644415	0.028023800000028132	epochs	3.0
2912.358364444415	0.05551070000001346	epochs	2.0
2912.358364444415	0.027844000000186497	epochs	3.0
2912.3862084444154	0.02766669999982696	epochs	3.0
2912.413875144415	0.05481020000024728	epochs	2.0
2912.413875144415	0.02749149999999645	epochs	3.0
2912.441366644415	0.02731870000025083	epochs	3.0
2912.4686853444155	0.054126999999880354	epochs	2.0
2912.4686853444155	0.027147799999966082	epochs	3.0
2912.4958331444154	0.026979199999914272	epochs	3.0
2912.5228123444153	0.053460699999959616	epochs	2.0
2912.5228123444153	0.026812600000084785	epochs	3.0
2912.5496249444154	0.02664809999987483	epochs	3.0
2912.5762730444153	0.05281070000000909	epochs	2.0
2912.5762730444153	0.0264855999998872	epochs	3.0
2912.602758644415	0.026325100000121893	epochs	3.0
2912.6290837444153	0.052176199999848905	epochs	2.0
2912.6290837444153	0.026166399999965506	epochs	3.0
2912.6552501444153	0.0260097999998834	epochs	3.0
2912.681259944415	0.05155670000021928	epochs	2.0
2912.681259944415	0.02585480000016105	epochs	3.0
2912.7071147444153	0.02570190000005823	epochs	3.0
2912.7328166444154	0.050951899999745365	epochs	2.0
2912.7328166444154	0.02555069999971238	epochs	3.0
2912.758367344415	0.025401200000032986	epochs	3.0
2912.783768544415	0.05036100000006627	epochs	2.0
2912.783768544415	0.025253499999962514	epochs	3.0
2912.809022044415	0.025107500000103755	epochs	3.0
2912.834129544415	0.04978380000011384	epochs	2.0
2912.834129544415	0.02496320000000196	epochs	3.0
2912.859092744415	0.02482060000011188	epochs	3.0
2912.8839133444153	0.04921950000016295	epochs	2.0
2912.8839133444153	0.024679399999968155	epochs	3.0
2912.9085927444153	0.024540100000194798	epochs	3.0
2912.9331328444155	0.048667899999600195	epochs	2.0
2912.9331328444155	0.024402099999861093	epochs	3.0
2912.9575349444153	0.0242657999997391	epochs	3.0
2912.981800744415	0.048128600000381994	epochs	2.0
2912.981800744415	0.024131000000124914	epochs	3.0
2913.005931744415	0.02399760000025708	epochs	3.0
2913.0299293444155	0.0476010999996106	epochs	2.0
2913.0299293444155	0.02386579999983951	epochs	3.0
2913.0537951444153	0.023735299999771087	epochs	3.0
2913.077530444415	0.04708500000015192	epochs	2.0
2913.077530444415	0.023606300000210467	epochs	3.0
2913.1011367444153	0.023478699999941455	epochs	3.0
2913.124615444415	0.04658000000017637	epochs	2.0
2913.124615444415	0.023352499999873544	epochs	3.0
2913.147967944415	0.023227500000302825	epochs	3.0
2913.1711954444154	0.04608569999982137	epochs	2.0
2913.1711954444154	0.02310399999987567	epochs	3.0
2913.1942994444153	0.022981699999945704	epochs	3.0
2913.217281144415	0.045601799999985815	epochs	2.0
2913.217281144415	0.02286069999991014	epochs	3.0
2913.240141844415	0.022741100000075676	epochs	3.0
2913.262882944415	0.045127899999897636	epochs	2.0
2913.262882944415	0.022622500000125	epochs	3.0
2913.2855054444153	0.022505399999772635	epochs	3.0
2913.308010844415	0.044663800000307674	epochs	2.0
2913.308010844415	0.022389300000213552	epochs	3.0
2913.3304001444153	0.022274500000094122	epochs	3.0
2913.3526746444154	0.044209199999841076	epochs	2.0
2913.3526746444154	0.022160799999710434	epochs	3.0
2913.374835444415	0.02204840000013064	epochs	3.0
2913.3968838444152	0.04376360000014756	epochs	2.0
2913.3968838444152	0.021936900000127935	epochs	3.0
2913.4188207444154	0.021826700000019628	epochs	3.0
2913.4406474444154	0.043327099999714846	epochs	2.0
2913.4406474444154	0.02171760000010181	epochs	3.0
2913.4623650444155	0.021609499999613035	epochs	3.0
2913.483974544415	0.04289900000003399	epochs	2.0
2913.483974544415	0.021502500000224245	epochs	3.0
2913.5054770444153	0.021396499999809748	epochs	3.0
2913.526873544415	0.042479500000354165	epochs	2.0
2913.526873544415	0.02129170000034719	epochs	3.0
2913.5481652444155	0.021187800000006973	epochs	3.0
2913.5693530444155	0.04206789999989269	epochs	2.0
2913.5693530444155	0.02108490000000529	epochs	3.0
2913.5904379444155	0.020982999999887397	epochs	3.0
2913.6114209444154	0.041664399999717716	epochs	2.0
2913.6114209444154	0.020882199999959994	epochs	3.0
2913.6323031444153	0.020782199999757722	epochs	3.0
2913.653085344415	0.04126850000011473	epochs	2.0
2913.653085344415	0.02068330000020069	epochs	3.0
2913.6737686444153	0.02058519999991404	epochs	3.0
2913.694353844415	0.04088000000001557	epochs	2.0
2913.694353844415	0.020488099999965925	epochs	3.0
2913.714841944415	0.020391900000049645	epochs	3.0
2913.7352338444152	0.04049880000002304	epochs	2.0
2913.7352338444152	0.0202966000001652	epochs	3.0
2913.7555304444154	0.02020219999985784	epochs	3.0
2913.7757326444153	0.04012460000012652	epochs	2.0
2913.7757326444153	0.02010870000003706	epochs	3.0
2913.7958413444153	0.02001590000008946	epochs	3.0
2913.8158572444154	0.03975730000001931	epochs	2.0
2913.8158572444154	0.0199241999998776	epochs	3.0
2913.8357814444153	0.019833100000141712	epochs	3.0
2913.8556145444154	0.03939669999999751	epochs	2.0
2913.8556145444154	0.019742999999834865	epochs	3.0
2913.8753575444152	0.019653700000162644	epochs	3.0
2913.8950112444154	0.03904239999974379	epochs	2.0
2913.8950112444154	0.019565099999908853	epochs	3.0
2913.9145763444153	0.01947729999983494	epochs	3.0
2913.934053644415	0.03869460000032632	epochs	2.0
2913.934053644415	0.01939040000024761	epochs	3.0
2913.9534440444154	0.01930420000007871	epochs	3.0
2913.9727482444155	0.03835289999960878	epochs	2.0
2913.9727482444155	0.01921879999963494	epochs	3.0
2913.991967044415	0.01913409999997384	epochs	3.0
2914.011101144415	0.03801720000001296	epochs	2.0
2914.011101144415	0.019050200000037876	epochs	3.0
2914.030151344415	0.018966999999975087	epochs	3.0
2914.049118344415	0.03768720000016401	epochs	2.0
2914.049118344415	0.018884500000240223	epochs	3.0
2914.0680028444153	0.01880269999992379	epochs	3.0
2914.0868055444153	0.037363100000220584	epochs	2.0
2914.0868055444153	0.01872170000024198	epochs	3.0
2914.1055272444155	0.018641399999978603	epochs	3.0
2914.1241686444155	0.03704429999970671	epochs	2.0
2914.1241686444155	0.018561599999884493	epochs	3.0
2914.1427302444154	0.018482699999822216	epochs	3.0
2914.161212944415	0.036731000000145286	epochs	2.0
2914.161212944415	0.018404299999929208	epochs	3.0
2914.179617244415	0.01832670000021608	epochs	3.0
2914.1979439444153	0.03642290000016146	epochs	2.0
2914.1979439444153	0.018249599999762722	epochs	3.0
2914.216193544415	0.01817330000039874	epochs	3.0
2914.2343668444155	0.03612009999960719	epochs	2.0
2914.2343668444155	0.018097599999691738	epochs	3.0
2914.252464444415	0.018022499999915453	epochs	3.0
2914.270486944415	0.035822100000132195	epochs	2.0
2914.270486944415	0.017947900000308437	epochs	3.0
2914.2884348444154	0.01787419999982376	epochs	3.0
2914.3063090444152	0.03552900000022419	epochs	2.0
2914.3063090444152	0.017800800000259187	epochs	3.0
2914.3241098444155	0.017728199999965	epochs	3.0
2914.3418380444155	0.03524070000003121	epochs	2.0
2914.3418380444155	0.01765609999984008	epochs	3.0
2914.3594941444153	0.01758460000019113	epochs	3.0
2914.3770787444155	0.03495709999970131	epochs	2.0
2914.3770787444155	0.01751369999965391	epochs	3.0
2914.394592444415	0.017443400000047404	epochs	3.0
2914.412035844415	0.03467790000013338	epochs	2.0
2914.412035844415	0.01737360000015542	epochs	3.0
2914.4294094444153	0.017304299999977957	epochs	3.0
2914.4467137444153	0.03440330000012182	epochs	2.0
2914.4467137444153	0.017235700000128418	epochs	3.0
2914.4639494444154	0.0171675999999934	epochs	3.0
2914.4811170444154	0.03413279999995211	epochs	2.0
2914.4811170444154	0.017099899999720947	epochs	3.0
2914.498216944415	0.017032900000231166	epochs	3.0
2914.5152498444154	0.03386670000008962	epochs	2.0
2914.5152498444154	0.01696640000000116	epochs	3.0
2914.5322162444154	0.016900300000088464	epochs	3.0
2914.5491165444155	0.033604599999762286	epochs	2.0
2914.5491165444155	0.016834799999742245	epochs	3.0
2914.565951344415	0.01676980000002004	epochs	3.0
2914.5827211444152	0.0333466000001863	epochs	2.0
2914.5827211444152	0.016705300000012357	epochs	3.0
2914.5994264444153	0.016641300000173942	epochs	3.0
2914.6160677444154	0.033092499999838765	epochs	2.0
2914.6160677444154	0.016577800000050047	epochs	3.0
2914.6326455444155	0.016514699999788718	epochs	3.0
2914.6491602444153	0.032842300000083924	epochs	2.0
2914.6491602444153	0.01645220000000336	epochs	3.0
2914.6656124444153	0.016390100000080565	epochs	3.0
2914.6820025444154	0.03259570000000167	epochs	2.0
2914.6820025444154	0.016328400000020338	epochs	3.0
2914.6983309444154	0.016267299999981333	epochs	3.0
2914.7145982444154	0.03235289999975066	epochs	2.0
2914.7145982444154	0.016206599999804894	epochs	3.0
2914.730804844415	0.016146299999945768	epochs	3.0
2914.746951144415	0.032113700000081735	epochs	2.0
2914.746951144415	0.016086600000107865	epochs	3.0
2914.763037744415	0.01602709999997387	epochs	3.0
2914.779064844415	0.03187800000023344	epochs	2.0
2914.779064844415	0.015968200000315846	epochs	3.0
2914.7950330444155	0.015909799999917595	epochs	3.0
2914.8109428444154	0.03164569999989908	epochs	2.0
2914.8109428444154	0.015851599999678	epochs	3.0
2914.826794444415	0.01579410000022108	epochs	3.0
2914.8425885444153	0.03141670000013619	epochs	2.0
2914.8425885444153	0.015736700000161363	epochs	3.0
2914.8583252444155	0.015679999999974825	epochs	3.0
2914.8740052444155	0.03119109999988723	epochs	2.0
2914.8740052444155	0.015623599999798898	epochs	3.0
2914.8896288444153	0.01556750000008833	epochs	3.0
2914.9051963444153	0.030968699999903038	epochs	2.0
2914.9051963444153	0.015511999999944237	epochs	3.0
2914.9207083444153	0.0154566999999588	epochs	3.0
2914.9361650444152	0.030749500000183616	epochs	2.0
2914.9361650444152	0.015401999999994587	epochs	3.0
2914.9515670444152	0.01534750000018903	epochs	3.0
2914.9669145444154	0.030533199999808858	epochs	2.0
2914.9669145444154	0.01529339999979129	epochs	3.0
2914.982207944415	0.015239800000017567	epochs	3.0
2914.9974477444152	0.030320100000153616	epochs	2.0
2914.9974477444152	0.015186500000254455	epochs	3.0
2915.0126342444155	0.015133599999899161	epochs	3.0
2915.0277678444154	0.030109899999843037	epochs	2.0
2915.0277678444154	0.015081000000009226	epochs	3.0
2915.0428488444154	0.015028899999833811	epochs	3.0
2915.0578777444152	0.029902499999934662	epochs	2.0
2915.0578777444152	0.0149770000002718	epochs	3.0
2915.0728547444155	0.014925499999662861	epochs	3.0
2915.087780244415	0.0296981000001324	epochs	2.0
2915.087780244415	0.01487440000028073	epochs	3.0
2915.1026546444155	0.01482369999985167	epochs	3.0
2915.1174783444153	0.029496300000118936	epochs	2.0
2915.1174783444153	0.014773200000036013	epochs	3.0
2915.1322515444153	0.014723100000082923	epochs	3.0
2915.1469746444154	0.029297399999904883	epochs	2.0
2915.1469746444154	0.014673399999992398	epochs	3.0
2915.1616480444154	0.014623999999912485	epochs	3.0
2915.1762720444153	0.029101099999934377	epochs	2.0
2915.1762720444153	0.014574899999843183	epochs	3.0
2915.190846944415	0.014526200000091194	epochs	3.0
2915.2053731444153	0.028907400000207417	epochs	2.0
2915.2053731444153	0.014477700000043114	epochs	3.0
2915.2198508444153	0.014429700000164303	epochs	3.0
2915.2342805444155	0.028716199999962555	epochs	2.0
2915.2342805444155	0.014381799999682698	epochs	3.0
2915.248662344415	0.014334400000279857	epochs	3.0
2915.2629967444154	0.02852759999996124	epochs	2.0
2915.2629967444154	0.01428719999967143	epochs	3.0
2915.277283944415	0.01424040000028981	epochs	3.0
2915.2915243444154	0.028341400000044814	epochs	2.0
2915.2915243444154	0.014193799999702605	epochs	3.0
2915.305718144415	0.014147600000342209	epochs	3.0
2915.3198657444154	0.028157700000065233	epochs	2.0
2915.3198657444154	0.014101699999628181	epochs	3.0
2915.333967444415	0.014056000000437052	epochs	3.0
2915.3480234444155	0.02797629999986384	epochs	2.0
2915.3480234444155	0.014010599999892293	epochs	3.0
2915.3620340444154	0.013965699999971548	epochs	3.0
2915.3759997444154	0.027797199999895383	epochs	2.0
2915.3759997444154	0.013920800000050804	epochs	3.0
2915.3899205444154	0.01387639999984458	epochs	3.0
2915.4037969444153	0.02762040000015986	epochs	2.0
2915.4037969444153	0.013832199999797012	epochs	3.0
2915.417629144415	0.013788200000362849	epochs	3.0
2915.4314173444154	0.02744589999974778	epochs	2.0
2915.4314173444154	0.013744599999881757	epochs	3.0
2915.4451619444153	0.013701299999866023	epochs	3.0
2915.458863244415	0.027273500000319473	epochs	2.0
2915.458863244415	0.013658200000008947	epochs	3.0
2915.472521444415	0.013615300000310526	epochs	3.0
2915.4861367444155	0.02710339999975986	epochs	2.0
2915.4861367444155	0.013572799999565177	epochs	3.0
2915.499709544415	0.013530600000194681	epochs	3.0
2915.5132401444152	0.02693520000002536	epochs	2.0
2915.5132401444152	0.01348839999991469	epochs	3.0
2915.526728544415	0.01344680000011067	epochs	3.0
2915.5401753444153	0.026769200000217097	epochs	2.0
2915.5401753444153	0.013405199999851902	epochs	3.0
2915.553580544415	0.013364000000365195	epochs	3.0
2915.5669445444155	0.026605199999721663	epochs	2.0
2915.5669445444155	0.013322899999820947	epochs	3.0
2915.5802674444153	0.013282299999900715	epochs	3.0
2915.593549744415	0.0264431999999033	epochs	2.0
2915.593549744415	0.013241699999980483	epochs	3.0
2915.606791444415	0.013201499999922817	epochs	3.0
2915.619992944415	0.02628320000030726	epochs	2.0
2915.619992944415	0.013161500000023807	epochs	3.0
2915.633154444415	0.013121700000283454	epochs	3.0
2915.6462761444154	0.026124999999865395	epochs	2.0
2915.6462761444154	0.013082099999792263	epochs	3.0
2915.659358244415	0.013042900000073132	epochs	3.0
2915.6724011444153	0.025968899999952555	epochs	2.0
2915.6724011444153	0.01300390000005791	epochs	3.0
2915.6854050444153	0.012964999999894644	epochs	3.0
2915.6983700444152	0.025814500000251428	epochs	2.0
2915.6983700444152	0.012926400000196736	epochs	3.0
2915.7112964444154	0.012888100000054692	epochs	3.0
2915.7241845444155	0.025661899999704474	epochs	2.0
2915.7241845444155	0.012849899999764602	epochs	3.0
2915.7370344444153	0.012811999999939871	epochs	3.0
2915.749846444415	0.025511199999982637	epochs	2.0
2915.749846444415	0.012774400000125752	epochs	3.0
2915.7626208444153	0.012736799999856885	epochs	3.0
2915.775357644415	0.025362300000324467	epochs	2.0
2915.775357644415	0.012699700000212033	epochs	3.0
2915.7880573444154	0.012662600000112434	epochs	3.0
2915.8007199444155	0.025214999999661813	epochs	2.0
2915.8007199444155	0.012625799999568699	epochs	3.0
2915.813345744415	0.012589200000093115	epochs	3.0
2915.825934944415	0.024584799999956886	epochs	2.0
2915.849897144415	0.5	epochs	-1.0
2915.850519744415	0.5018400000003567	epochs	1.0
2916.3523597444155	0.4980799999998453	epochs	0.0
2916.7509999275208	0.057519999999840365	epochs	0.0
2916.7509999275208	0.023761500000091473	epochs	1.0
2916.774761427521	0.009997000000112166	epochs	1.0
2916.784758427521	0.023761499999636726	epochs	1.0
2916.8085199275206	2.0	epochs	0.0
2918.8085199275206	21.52184000000034	epochs	0.0
2918.8085199275206	1.0	epochs	1.0
2918.8085373275208	0.5	epochs	-1.0
2919.3085373275208	19.999359999999797	epochs	-1.0
2919.8085199275206	20.0	epochs	1.0
2919.8085199275206	4.356753900000058	epochs	-1.0
2919.8085199275206	1.9745872000003146	epochs	2.0
2919.8085199275206	1.0985622000002877	epochs	3.0
2920.907082127521	0.8760250000000269	epochs	3.0
2921.783107127521	1.3524075000000266	epochs	2.0
2921.783107127521	0.7286354999996547	epochs	3.0
2922.5117426275206	0.6237720000003719	epochs	3.0
2923.135514627521	1.0297591999997167	epochs	2.0
2923.135514627521	0.5453292999995938	epochs	3.0
2923.6808439275205	0.48442990000012287	epochs	3.0
2924.1652738275207	0.8317861999998968	epochs	2.0
2924.1652738275207	0.43577630000027057	epochs	3.0
2924.601050127521	0.3960098999996262	epochs	3.0
2924.9970600275205	0.6977970000002642	epochs	2.0
2924.9970600275205	0.3628982000000178	epochs	3.0
2925.3599582275206	0.3348988000002464	epochs	3.0
2925.694857027521	0.6010456999997587	epochs	2.0
2925.694857027521	0.3109122999999272	epochs	3.0
2926.0057693275207	0.29013339999983145	epochs	3.0
2926.2959027275206	0.5278859000000011	epochs	2.0
2926.2959027275206	0.27195860000028915	epochs	3.0
2926.567861327521	0.255927299999712	epochs	3.0
2926.8237886275206	0.4706193000001804	epochs	2.0
2926.8237886275206	0.241681299999982	epochs	3.0
2927.0654699275206	0.22893800000019837	epochs	3.0
2927.2944079275208	0.42457039999999324	epochs	2.0
2927.2944079275208	0.2174713999997948	epochs	3.0
2927.5118793275205	0.20709900000019843	epochs	3.0
2927.7189783275207	0.3867353999999068	epochs	2.0
2927.7189783275207	0.19767110000020693	epochs	3.0
2927.916649427521	0.18906429999969987	epochs	3.0
2928.1057137275207	0.35509529999990264	epochs	2.0
2928.1057137275207	0.18117590000019845	epochs	3.0
2928.286889627521	0.17391939999970418	epochs	3.0
2928.4608090275206	0.32824310000023615	epochs	2.0
2928.4608090275206	0.167221900000186	epochs	3.0
2928.6280309275207	0.16102120000005016	epochs	3.0
2928.789052127521	0.3051679999998669	epochs	2.0
2928.789052127521	0.15526390000013635	epochs	3.0
2928.944316027521	0.14990409999973053	epochs	3.0
2929.0942201275207	0.28512529999989056	epochs	2.0
2929.0942201275207	0.14490210000030856	epochs	3.0
2929.239122227521	0.140223199999582	epochs	3.0
2929.3793454275205	0.26755380000031437	epochs	2.0
2929.3793454275205	0.13583690000041315	epochs	3.0
2929.515182327521	0.13171689999990122	epochs	3.0
2929.646899227521	0.2520228999997016	epochs	2.0
2929.646899227521	0.12783929999977772	epochs	3.0
2929.7747385275206	0.1241835999999239	epochs	3.0
2929.8989221275206	0.23819650000041293	epochs	2.0
2929.8989221275206	0.12073110000028464	epochs	3.0
2930.019653227521	0.11746540000012828	epochs	3.0
2930.137118627521	0.22580879999986792	epochs	2.0
2930.137118627521	0.11437189999969632	epochs	3.0
2930.2514905275207	0.11143690000017159	epochs	3.0
2930.362927427521	0.21464599999990241	epochs	2.0
2930.362927427521	0.10864889999993466	epochs	3.0
2930.471576327521	0.10599709999996776	epochs	3.0
2930.5775734275207	0.2045349999998507	epochs	2.0
2930.5775734275207	0.10347150000006877	epochs	3.0
2930.681044927521	0.10106349999978192	epochs	3.0
2930.7821084275206	0.19533400000000256	epochs	2.0
2930.7821084275206	0.09876510000003691	epochs	3.0
2930.8808735275206	0.09656889999996565	epochs	3.0
2930.9774424275206	0.18692529999998442	epochs	2.0
2930.9774424275206	0.0944683000002442	epochs	3.0
2931.071910727521	0.09245699999974022	epochs	3.0
2931.1643677275206	0.1792107000001124	epochs	2.0
2931.1643677275206	0.0905296000000817	epochs	3.0
2931.2548973275207	0.08868110000003071	epochs	3.0
2931.3435784275207	0.17210770000019693	epochs	2.0
2931.3435784275207	0.08690630000000965	epochs	3.0
2931.4304847275207	0.08520140000018728	epochs	3.0
2931.515686127521	0.16554640000003928	epochs	2.0
2931.515686127521	0.08356189999994967	epochs	3.0
2931.599248027521	0.08198450000008961	epochs	3.0
2931.681232527521	0.15946709999980158	epochs	2.0
2931.681232527521	0.08046539999986635	epochs	3.0
2931.761697927521	0.07900169999993523	epochs	3.0
2931.8406996275207	0.15381840000009106	epochs	2.0
2931.8406996275207	0.07759010000017952	epochs	3.0
2931.918289727521	0.07622829999991154	epochs	3.0
2931.994518027521	0.14855639999996129	epochs	2.0
2931.994518027521	0.07491329999993468	epochs	3.0
2932.0694313275208	0.0736431000000266	epochs	3.0
2932.143074427521	0.1436423999998624	epochs	2.0
2932.143074427521	0.07241500000009182	epochs	3.0
2932.215489427521	0.07122739999977057	epochs	3.0
2932.2867168275206	0.13904309999998077	epochs	2.0
2932.2867168275206	0.07007800000019415	epochs	3.0
2932.356794827521	0.06896509999978662	epochs	3.0
2932.4257599275206	0.13472930000034467	epochs	2.0
2932.4257599275206	0.0678871000000072	epochs	3.0
2932.4936470275206	0.06684220000033747	epochs	3.0
2932.560489227521	0.13067519999958677	epochs	2.0
2932.560489227521	0.06582909999997355	epochs	3.0
2932.626318327521	0.06484609999961322	epochs	3.0
2932.6911644275206	0.12685780000037994	epochs	2.0
2932.6911644275206	0.06389200000012352	epochs	3.0
2932.7550564275207	0.06296580000025642	epochs	3.0
2932.818022227521	0.12325719999989815	epochs	2.0
2932.818022227521	0.06206579999980022	epochs	3.0
2932.8800880275207	0.06119140000009793	epochs	3.0
2932.941279427521	0.11985539999977846	epochs	2.0
2932.941279427521	0.06034109999973225	epochs	3.0
2933.0016205275206	0.059514300000046205	epochs	3.0
2933.0611348275206	0.11663620000035735	epochs	2.0
2933.0611348275206	0.058709599999929196	epochs	3.0
2933.1198444275205	0.05792660000042815	epochs	3.0
2933.177771027521	0.11358559999962381	epochs	2.0
2933.177771027521	0.05716419999998834	epochs	3.0
2933.234935227521	0.05642139999963547	epochs	3.0
2933.2913566275206	0.11069050000014613	epochs	2.0
2933.2913566275206	0.05569790000026842	epochs	3.0
2933.347054527521	0.05499259999987771	epochs	3.0
2933.4020471275207	0.10793909999983953	epochs	2.0
2933.4020471275207	0.054304899999806366	epochs	3.0
2933.4563520275206	0.05363420000003316	epochs	3.0
2933.5099862275206	0.10532150000017282	epochs	2.0
2933.5099862275206	0.05298000000038883	epochs	3.0
2933.562966227521	0.05234149999978399	epochs	3.0
2933.6153077275208	0.10282760000018243	epochs	2.0
2933.6153077275208	0.05171810000001642	epochs	3.0
2933.667025827521	0.05110950000016601	epochs	3.0
2933.718135327521	0.10044909999987794	epochs	2.0
2933.718135327521	0.05051489999959813	epochs	3.0
2933.7686502275205	0.049934200000279816	epochs	3.0
2933.818584427521	0.09817829999974492	epochs	2.0
2933.818584427521	0.049366599999757454	epochs	3.0
2933.8679510275206	0.04881169999998747	epochs	3.0
2933.9167627275206	0.09600780000027953	epochs	2.0
2933.9167627275206	0.04826920000004975	epochs	3.0
2933.9650319275206	0.04773860000022978	epochs	3.0
2934.012770527521	0.09393120000004274	epochs	2.0
2934.012770527521	0.0472194999997555	epochs	3.0
2934.0599900275206	0.04671170000028724	epochs	3.0
2934.106701727521	0.09194260000003851	epochs	2.0
2934.106701727521	0.046214599999984785	epochs	3.0
2934.152916327521	0.045728000000053726	epochs	3.0
2934.198644327521	0.09003629999961049	epochs	2.0
2934.198644327521	0.045251499999722	epochs	3.0
2934.2438958275206	0.04478479999988849	epochs	3.0
2934.2886806275205	0.08820760000025984	epochs	2.0
2934.2886806275205	0.0443278000002465	epochs	3.0
2934.333008427521	0.04387980000001335	epochs	3.0
2934.376888227521	0.0864516999999978	epochs	2.0
2934.376888227521	0.04344099999980244	epochs	3.0
2934.4203292275206	0.04301070000019536	epochs	3.0
2934.463339927521	0.08476429999973334	epochs	2.0
2934.463339927521	0.04258900000013455	epochs	3.0
2934.505928927521	0.04217529999959879	epochs	3.0
2934.5481042275205	0.08314150000023801	epochs	2.0
2934.5481042275205	0.041769700000259036	epochs	3.0
2934.589873927521	0.041371799999978975	epochs	3.0
2934.6312457275208	0.08157970000002024	epochs	2.0
2934.6312457275208	0.040981399999964196	epochs	3.0
2934.6722271275207	0.04059830000005604	epochs	3.0
2934.712825427521	0.08007550000002084	epochs	2.0
2934.712825427521	0.040222300000095856	epochs	3.0
2934.753047727521	0.03985319999992498	epochs	3.0
2934.792900927521	0.07862569999997504	epochs	2.0
2934.792900927521	0.03949079999983951	epochs	3.0
2934.8323917275206	0.03913490000013553	epochs	3.0
2934.871526627521	0.07722759999978734	epochs	2.0
2934.871526627521	0.038785400000051595	epochs	3.0
2934.910312027521	0.03844219999973575	epochs	3.0
2934.9487542275206	0.07587820000026113	epochs	2.0
2934.9487542275206	0.038104800000382966	epochs	3.0
2934.986859027521	0.037773399999878166	epochs	3.0
2935.024632427521	0.07457519999979922	epochs	2.0
2935.024632427521	0.03744770000002973	epochs	3.0
2935.062080127521	0.0371274999997695	epochs	3.0
2935.0992076275206	0.07331629999998768	epochs	2.0
2935.0992076275206	0.036812900000313675	epochs	3.0
2935.136020527521	0.036503399999674	epochs	3.0
2935.1725239275206	0.07209899999998015	epochs	2.0
2935.1725239275206	0.03619909999997617	epochs	3.0
2935.2087230275206	0.03589990000000398	epochs	3.0
2935.2446229275206	0.07092170000032638	epochs	2.0
2935.2446229275206	0.03560560000005353	epochs	3.0
2935.2802285275206	0.035316100000272854	epochs	3.0
2935.315544627521	0.06978200000003199	epochs	2.0
2935.315544627521	0.03503120000004856	epochs	3.0
2935.350575827521	0.03475079999998343	epochs	3.0
2935.385326627521	0.06867859999965731	epochs	2.0
2935.385326627521	0.03447509999978138	epochs	3.0
2935.4198017275207	0.03420349999987593	epochs	3.0
2935.4540052275206	0.06760930000018561	epochs	2.0
2935.4540052275206	0.033936199999970995	epochs	3.0
2935.4879414275206	0.03367310000021462	epochs	3.0
2935.521614527521	0.06657289999975546	epochs	2.0
2935.521614527521	0.03341399999999339	epochs	3.0
2935.555028527521	0.03315889999976207	epochs	3.0
2935.5881874275206	0.06556780000028084	epochs	2.0
2935.5881874275206	0.03290770000012344	epochs	3.0
2935.6210951275207	0.0326601000001574	epochs	3.0
2935.653755227521	0.06459259999974165	epochs	2.0
2935.653755227521	0.03241639999987456	epochs	3.0
2935.6861716275207	0.032176199999867094	epochs	3.0
2935.7183478275206	0.06364600000006249	epochs	2.0
2935.7183478275206	0.03193959999998697	epochs	3.0
2935.7502874275206	0.03170640000007552	epochs	3.0
2935.7819938275206	0.0627266999999847	epochs	2.0
2935.7819938275206	0.03147660000013275	epochs	3.0
2935.8134704275208	0.031250099999851955	epochs	3.0
2935.8447205275206	0.06183360000022731	epochs	2.0
2935.8447205275206	0.031026900000142632	epochs	3.0
2935.8757474275208	0.030806700000084675	epochs	3.0
2935.906554127521	0.06096559999969031	epochs	2.0
2935.906554127521	0.030589799999688694	epochs	3.0
2935.9371439275205	0.030375800000001618	epochs	3.0
2935.9675197275205	0.06012160000000222	epochs	2.0
2935.9675197275205	0.03016490000027261	epochs	3.0
2935.997684627521	0.029956699999729608	epochs	3.0
2936.0276413275205	0.059300700000221696	epochs	2.0
2936.0276413275205	0.029751600000054168	epochs	3.0
2936.0573929275206	0.029549100000167527	epochs	3.0
2936.0869420275208	0.058501800000158255	epochs	2.0
2936.0869420275208	0.029349399999773595	epochs	3.0
2936.1162914275205	0.02915240000038466	epochs	3.0
2936.145443827521	0.05772419999993872	epochs	2.0
2936.145443827521	0.028957999999875028	epochs	3.0
2936.174401827521	0.02876620000006369	epochs	3.0
2936.203168027521	0.056967099999837956	epochs	2.0
2936.203168027521	0.028577000000041153	epochs	3.0
2936.231745027521	0.028390099999796803	epochs	3.0
2936.2601351275207	0.05622949999997218	epochs	2.0
2936.2601351275207	0.028205699999944045	epochs	3.0
2936.2883408275206	0.028023800000028132	epochs	3.0
2936.3163646275207	0.05551070000001346	epochs	2.0
2936.3163646275207	0.027844000000186497	epochs	3.0
2936.344208627521	0.02766669999982696	epochs	3.0
2936.3718753275207	0.05481020000024728	epochs	2.0
2936.3718753275207	0.02749149999999645	epochs	3.0
2936.3993668275207	0.02731870000025083	epochs	3.0
2936.426685527521	0.054126999999880354	epochs	2.0
2936.426685527521	0.027147799999966082	epochs	3.0
2936.453833327521	0.026979199999914272	epochs	3.0
2936.480812527521	0.053460699999959616	epochs	2.0
2936.480812527521	0.026812600000084785	epochs	3.0
2936.507625127521	0.02664809999987483	epochs	3.0
2936.5342732275208	0.05281070000000909	epochs	2.0
2936.5342732275208	0.0264855999998872	epochs	3.0
2936.5607588275207	0.026325100000121893	epochs	3.0
2936.587083927521	0.052176199999848905	epochs	2.0
2936.587083927521	0.026166399999965506	epochs	3.0
2936.6132503275207	0.0260097999998834	epochs	3.0
2936.6392601275206	0.05155670000021928	epochs	2.0
2936.6392601275206	0.02585480000016105	epochs	3.0
2936.665114927521	0.02570190000005823	epochs	3.0
2936.690816827521	0.050951899999745365	epochs	2.0
2936.690816827521	0.02555069999971238	epochs	3.0
2936.7163675275206	0.025401200000032986	epochs	3.0
2936.7417687275206	0.05036100000006627	epochs	2.0
2936.7417687275206	0.025253499999962514	epochs	3.0
2936.7670222275206	0.025107500000103755	epochs	3.0
2936.7921297275207	0.04978380000011384	epochs	2.0
2936.7921297275207	0.02496320000000196	epochs	3.0
2936.8170929275207	0.02482060000011188	epochs	3.0
2936.841913527521	0.04921950000016295	epochs	2.0
2936.841913527521	0.024679399999968155	epochs	3.0
2936.8665929275207	0.024540100000194798	epochs	3.0
2936.891133027521	0.048667899999600195	epochs	2.0
2936.891133027521	0.024402099999861093	epochs	3.0
2936.915535127521	0.0242657999997391	epochs	3.0
2936.9398009275205	0.048128600000381994	epochs	2.0
2936.9398009275205	0.024131000000124914	epochs	3.0
2936.9639319275207	0.02399760000025708	epochs	3.0
2936.987929527521	0.0476010999996106	epochs	2.0
2936.987929527521	0.02386579999983951	epochs	3.0
2937.0117953275208	0.023735299999771087	epochs	3.0
2937.0355306275205	0.04708500000015192	epochs	2.0
2937.0355306275205	0.023606300000210467	epochs	3.0
2937.0591369275207	0.023478699999941455	epochs	3.0
2937.0826156275207	0.04658000000017637	epochs	2.0
2937.0826156275207	0.023352499999873544	epochs	3.0
2937.1059681275206	0.023227500000302825	epochs	3.0
2937.129195627521	0.04608569999982137	epochs	2.0
2937.129195627521	0.02310399999987567	epochs	3.0
2937.1522996275207	0.022981699999945704	epochs	3.0
2937.1752813275207	0.045601799999985815	epochs	2.0
2937.1752813275207	0.02286069999991014	epochs	3.0
2937.1981420275206	0.022741100000075676	epochs	3.0
2937.2208831275207	0.045127899999897636	epochs	2.0
2937.2208831275207	0.022622500000125	epochs	3.0
2937.243505627521	0.022505399999772635	epochs	3.0
2937.2660110275206	0.044663800000307674	epochs	2.0
2937.2660110275206	0.022389300000213552	epochs	3.0
2937.288400327521	0.022274500000094122	epochs	3.0
2937.310674827521	0.044209199999841076	epochs	2.0
2937.310674827521	0.022160799999710434	epochs	3.0
2937.3328356275206	0.02204840000013064	epochs	3.0
2937.3548840275207	0.04376360000014756	epochs	2.0
2937.3548840275207	0.021936900000127935	epochs	3.0
2937.376820927521	0.021826700000019628	epochs	3.0
2937.398647627521	0.043327099999714846	epochs	2.0
2937.398647627521	0.02171760000010181	epochs	3.0
2937.420365227521	0.021609499999613035	epochs	3.0
2937.4419747275206	0.04289900000003399	epochs	2.0
2937.4419747275206	0.021502500000224245	epochs	3.0
2937.463477227521	0.021396499999809748	epochs	3.0
2937.4848737275206	0.042479500000354165	epochs	2.0
2937.4848737275206	0.02129170000034719	epochs	3.0
2937.506165427521	0.021187800000006973	epochs	3.0
2937.527353227521	0.04206789999989269	epochs	2.0
2937.527353227521	0.02108490000000529	epochs	3.0
2937.548438127521	0.020982999999887397	epochs	3.0
2937.569421127521	0.041664399999717716	epochs	2.0
2937.569421127521	0.020882199999959994	epochs	3.0
2937.590303327521	0.020782199999757722	epochs	3.0
2937.6110855275206	0.04126850000011473	epochs	2.0
2937.6110855275206	0.02068330000020069	epochs	3.0
2937.631768827521	0.02058519999991404	epochs	3.0
2937.6523540275207	0.04088000000001557	epochs	2.0
2937.6523540275207	0.020488099999965925	epochs	3.0
2937.6728421275207	0.020391900000049645	epochs	3.0
2937.6932340275207	0.04049880000002304	epochs	2.0
2937.6932340275207	0.0202966000001652	epochs	3.0
2937.713530627521	0.02020219999985784	epochs	3.0
2937.7337328275207	0.04012460000012652	epochs	2.0
2937.7337328275207	0.02010870000003706	epochs	3.0
2937.7538415275208	0.02001590000008946	epochs	3.0
2937.773857427521	0.03975730000001931	epochs	2.0
2937.773857427521	0.0199241999998776	epochs	3.0
2937.7937816275207	0.019833100000141712	epochs	3.0
2937.813614727521	0.03939669999999751	epochs	2.0
2937.813614727521	0.019742999999834865	epochs	3.0
2937.8333577275207	0.019653700000162644	epochs	3.0
2937.853011427521	0.03904239999974379	epochs	2.0
2937.853011427521	0.019565099999908853	epochs	3.0
2937.872576527521	0.01947729999983494	epochs	3.0
2937.8920538275206	0.03869460000032632	epochs	2.0
2937.8920538275206	0.01939040000024761	epochs	3.0
2937.911444227521	0.01930420000007871	epochs	3.0
2937.930748427521	0.03835289999960878	epochs	2.0
2937.930748427521	0.01921879999963494	epochs	3.0
2937.9499672275206	0.01913409999997384	epochs	3.0
2937.9691013275205	0.03801720000001296	epochs	2.0
2937.9691013275205	0.019050200000037876	epochs	3.0
2937.9881515275206	0.018966999999975087	epochs	3.0
2938.0071185275206	0.03768720000016401	epochs	2.0
2938.0071185275206	0.018884500000240223	epochs	3.0
2938.026003027521	0.01880269999992379	epochs	3.0
2938.0448057275207	0.037363100000220584	epochs	2.0
2938.0448057275207	0.01872170000024198	epochs	3.0
2938.063527427521	0.018641399999978603	epochs	3.0
2938.082168827521	0.03704429999970671	epochs	2.0
2938.082168827521	0.018561599999884493	epochs	3.0
2938.100730427521	0.018482699999822216	epochs	3.0
2938.1192131275207	0.036731000000145286	epochs	2.0
2938.1192131275207	0.018404299999929208	epochs	3.0
2938.1376174275206	0.01832670000021608	epochs	3.0
2938.155944127521	0.03642290000016146	epochs	2.0
2938.155944127521	0.018249599999762722	epochs	3.0
2938.1741937275206	0.01817330000039874	epochs	3.0
2938.192367027521	0.03612009999960719	epochs	2.0
2938.192367027521	0.018097599999691738	epochs	3.0
2938.2104646275207	0.018022499999915453	epochs	3.0
2938.2284871275206	0.035822100000132195	epochs	2.0
2938.2284871275206	0.017947900000308437	epochs	3.0
2938.246435027521	0.01787419999982376	epochs	3.0
2938.2643092275207	0.03552900000022419	epochs	2.0
2938.2643092275207	0.017800800000259187	epochs	3.0
2938.282110027521	0.017728199999965	epochs	3.0
2938.299838227521	0.03524070000003121	epochs	2.0
2938.299838227521	0.01765609999984008	epochs	3.0
2938.3174943275208	0.01758460000019113	epochs	3.0
2938.335078927521	0.03495709999970131	epochs	2.0
2938.335078927521	0.01751369999965391	epochs	3.0
2938.3525926275206	0.017443400000047404	epochs	3.0
2938.3700360275207	0.03467790000013338	epochs	2.0
2938.3700360275207	0.01737360000015542	epochs	3.0
2938.387409627521	0.017304299999977957	epochs	3.0
2938.404713927521	0.03440330000012182	epochs	2.0
2938.404713927521	0.017235700000128418	epochs	3.0
2938.421949627521	0.0171675999999934	epochs	3.0
2938.439117227521	0.03413279999995211	epochs	2.0
2938.439117227521	0.017099899999720947	epochs	3.0
2938.4562171275206	0.017032900000231166	epochs	3.0
2938.473250027521	0.03386670000008962	epochs	2.0
2938.473250027521	0.01696640000000116	epochs	3.0
2938.490216427521	0.016900300000088464	epochs	3.0
2938.507116727521	0.033604599999762286	epochs	2.0
2938.507116727521	0.016834799999742245	epochs	3.0
2938.5239515275207	0.01676980000002004	epochs	3.0
2938.5407213275207	0.0333466000001863	epochs	2.0
2938.5407213275207	0.016705300000012357	epochs	3.0
2938.5574266275207	0.016641300000173942	epochs	3.0
2938.574067927521	0.033092499999838765	epochs	2.0
2938.574067927521	0.016577800000050047	epochs	3.0
2938.590645727521	0.016514699999788718	epochs	3.0
2938.6071604275207	0.032842300000083924	epochs	2.0
2938.6071604275207	0.01645220000000336	epochs	3.0
2938.6236126275207	0.016390100000080565	epochs	3.0
2938.640002727521	0.03259570000000167	epochs	2.0
2938.640002727521	0.016328400000020338	epochs	3.0
2938.656331127521	0.016267299999981333	epochs	3.0
2938.672598427521	0.03235289999975066	epochs	2.0
2938.672598427521	0.016206599999804894	epochs	3.0
2938.6888050275206	0.016146299999945768	epochs	3.0
2938.7049513275206	0.032113700000081735	epochs	2.0
2938.7049513275206	0.016086600000107865	epochs	3.0
2938.7210379275207	0.01602709999997387	epochs	3.0
2938.7370650275207	0.03187800000023344	epochs	2.0
2938.7370650275207	0.015968200000315846	epochs	3.0
2938.753033227521	0.015909799999917595	epochs	3.0
2938.768943027521	0.03164569999989908	epochs	2.0
2938.768943027521	0.015851599999678	epochs	3.0
2938.7847946275206	0.01579410000022108	epochs	3.0
2938.800588727521	0.03141670000013619	epochs	2.0
2938.800588727521	0.015736700000161363	epochs	3.0
2938.816325427521	0.015679999999974825	epochs	3.0
2938.832005427521	0.03119109999988723	epochs	2.0
2938.832005427521	0.015623599999798898	epochs	3.0
2938.8476290275207	0.01556750000008833	epochs	3.0
2938.863196527521	0.030968699999903038	epochs	2.0
2938.863196527521	0.015511999999944237	epochs	3.0
2938.8787085275208	0.0154566999999588	epochs	3.0
2938.8941652275207	0.030749500000183616	epochs	2.0
2938.8941652275207	0.015401999999994587	epochs	3.0
2938.9095672275207	0.01534750000018903	epochs	3.0
2938.924914727521	0.030533199999808858	epochs	2.0
2938.924914727521	0.01529339999979129	epochs	3.0
2938.9402081275207	0.015239800000017567	epochs	3.0
2938.9554479275207	0.030320100000153616	epochs	2.0
2938.9554479275207	0.015186500000254455	epochs	3.0
2938.970634427521	0.015133599999899161	epochs	3.0
2938.985768027521	0.030109899999843037	epochs	2.0
2938.985768027521	0.015081000000009226	epochs	3.0
2939.000849027521	0.015028899999833811	epochs	3.0
2939.0158779275207	0.029902499999934662	epochs	2.0
2939.0158779275207	0.0149770000002718	epochs	3.0
2939.030854927521	0.014925499999662861	epochs	3.0
2939.0457804275206	0.0296981000001324	epochs	2.0
2939.0457804275206	0.01487440000028073	epochs	3.0
2939.060654827521	0.01482369999985167	epochs	3.0
2939.0754785275208	0.029496300000118936	epochs	2.0
2939.0754785275208	0.014773200000036013	epochs	3.0
2939.090251727521	0.014723100000082923	epochs	3.0
2939.104974827521	0.029297399999904883	epochs	2.0
2939.104974827521	0.014673399999992398	epochs	3.0
2939.119648227521	0.014623999999912485	epochs	3.0
2939.134272227521	0.029101099999934377	epochs	2.0
2939.134272227521	0.014574899999843183	epochs	3.0
2939.1488471275206	0.014526200000091194	epochs	3.0
2939.1633733275207	0.028907400000207417	epochs	2.0
2939.1633733275207	0.014477700000043114	epochs	3.0
2939.177851027521	0.014429700000164303	epochs	3.0
2939.192280727521	0.028716199999962555	epochs	2.0
2939.192280727521	0.014381799999682698	epochs	3.0
2939.2066625275206	0.014334400000279857	epochs	3.0
2939.220996927521	0.02852759999996124	epochs	2.0
2939.220996927521	0.01428719999967143	epochs	3.0
2939.2352841275206	0.01424040000028981	epochs	3.0
2939.249524527521	0.028341400000044814	epochs	2.0
2939.249524527521	0.014193799999702605	epochs	3.0
2939.2637183275206	0.014147600000342209	epochs	3.0
2939.277865927521	0.028157700000065233	epochs	2.0
2939.277865927521	0.014101699999628181	epochs	3.0
2939.2919676275205	0.014056000000437052	epochs	3.0
2939.306023627521	0.02797629999986384	epochs	2.0
2939.306023627521	0.014010599999892293	epochs	3.0
2939.320034227521	0.013965699999971548	epochs	3.0
2939.333999927521	0.027797199999895383	epochs	2.0
2939.333999927521	0.013920800000050804	epochs	3.0
2939.347920727521	0.01387639999984458	epochs	3.0
2939.3617971275207	0.02762040000015986	epochs	2.0
2939.3617971275207	0.013832199999797012	epochs	3.0
2939.3756293275205	0.013788200000362849	epochs	3.0
2939.389417527521	0.02744589999974778	epochs	2.0
2939.389417527521	0.013744599999881757	epochs	3.0
2939.403162127521	0.013701299999866023	epochs	3.0
2939.4168634275206	0.027273500000319473	epochs	2.0
2939.4168634275206	0.013658200000008947	epochs	3.0
2939.4305216275206	0.013615300000310526	epochs	3.0
2939.444136927521	0.02710339999975986	epochs	2.0
2939.444136927521	0.013572799999565177	epochs	3.0
2939.4577097275205	0.013530600000194681	epochs	3.0
2939.4712403275207	0.02693520000002536	epochs	2.0
2939.4712403275207	0.01348839999991469	epochs	3.0
2939.4847287275206	0.01344680000011067	epochs	3.0
2939.4981755275207	0.026769200000217097	epochs	2.0
2939.4981755275207	0.013405199999851902	epochs	3.0
2939.5115807275206	0.013364000000365195	epochs	3.0
2939.524944727521	0.026605199999721663	epochs	2.0
2939.524944727521	0.013322899999820947	epochs	3.0
2939.538267627521	0.013282299999900715	epochs	3.0
2939.5515499275207	0.0264431999999033	epochs	2.0
2939.5515499275207	0.013241699999980483	epochs	3.0
2939.5647916275207	0.013201499999922817	epochs	3.0
2939.5779931275206	0.02628320000030726	epochs	2.0
2939.5779931275206	0.013161500000023807	epochs	3.0
2939.5911546275206	0.013121700000283454	epochs	3.0
2939.604276327521	0.026124999999865395	epochs	2.0
2939.604276327521	0.013082099999792263	epochs	3.0
2939.6173584275207	0.013042900000073132	epochs	3.0
2939.6304013275208	0.025968899999952555	epochs	2.0
2939.6304013275208	0.01300390000005791	epochs	3.0
2939.643405227521	0.012964999999894644	epochs	3.0
2939.6563702275207	0.025814500000251428	epochs	2.0
2939.6563702275207	0.012926400000196736	epochs	3.0
2939.669296627521	0.012888100000054692	epochs	3.0
2939.682184727521	0.025661899999704474	epochs	2.0
2939.682184727521	0.012849899999764602	epochs	3.0
2939.6950346275207	0.012811999999939871	epochs	3.0
2939.7078466275207	0.025511199999982637	epochs	2.0
2939.7078466275207	0.012774400000125752	epochs	3.0
2939.720621027521	0.012736799999856885	epochs	3.0
2939.7333578275206	0.025362300000324467	epochs	2.0
2939.7333578275206	0.012699700000212033	epochs	3.0
2939.746057527521	0.012662600000112434	epochs	3.0
2939.758720127521	0.025214999999661813	epochs	2.0
2939.758720127521	0.012625799999568699	epochs	3.0
2939.7713459275205	0.012589200000093115	epochs	3.0
2939.7839351275206	0.024584799999956886	epochs	2.0
2939.8078973275205	0.5	epochs	-1.0
2939.8085199275206	0.5218400000003385	epochs	1.0
2940.330359927521	0.4780799999998635	epochs	0.0
2940.834000110626	0.057519999999840365	epochs	0.0
2940.834000110626	0.023761500000091473	epochs	1.0
2940.8577616106263	0.009997000000112166	epochs	1.0
2940.8677586106264	0.023761499999636726	epochs	1.0
2940.891520110626	2.0	epochs	0.0
2942.891520110626	0.5021600000000035	epochs	0.0
2942.891520110626	0.5021600000000035	epochs	1.0
2942.891537510626	0.5	epochs	-1.0
2943.391537510626	0.002142599999842787	epochs	-1.0
2943.393680110626	21.4977600000002	epochs	0.0
2944.7709999084473	0.057519999999840365	epochs	0.0
2944.7709999084473	0.023761500000091473	epochs	1.0
2944.7947614084474	0.009997000000112166	epochs	1.0
2944.8047584084475	0.023761499999636726	epochs	1.0
2944.828519908447	2.0	epochs	0.0
2946.828519908447	0.5025600000003578	epochs	0.0
2946.828519908447	0.5025600000003578	epochs	1.0
2946.8285373084473	0.5	epochs	-1.0
2947.3285373084473	0.002542600000197126	epochs	-1.0
2947.3310799084475	21.497359999999844	epochs	0.0
2948.840000152588	0.057519999999840365	epochs	0.0
2948.840000152588	0.023761500000091473	epochs	1.0
2948.863761652588	0.009997000000112166	epochs	1.0
2948.873758652588	0.023761499999636726	epochs	1.0
2948.8975201525877	2.0	epochs	0.0
2950.8975201525877	0.5017600000001039	epochs	0.0
2950.8975201525877	0.5017600000001039	epochs	1.0
2950.897537552588	0.5	epochs	-1.0
2951.397537552588	0.0017425999999431951	epochs	-1.0
2951.399280152588	21.498160000000098	epochs	0.0
2952.809000015259	0.057519999999840365	epochs	0.0
2952.809000015259	0.023761500000091473	epochs	1.0
2952.832761515259	0.009997000000112166	epochs	1.0
2952.842758515259	0.023761499999636726	epochs	1.0
2952.8665200152586	2.0	epochs	0.0
2954.8665200152586	0.5021600000000035	epochs	0.0
2954.8665200152586	0.5021600000000035	epochs	1.0
2954.866537415259	0.5	epochs	-1.0
2955.366537415259	0.002142599999842787	epochs	-1.0
2955.3686800152586	21.4977600000002	epochs	0.0
2956.848999977112	0.057519999999840365	epochs	0.0
2956.848999977112	0.023761500000091473	epochs	1.0
2956.872761477112	0.009997000000112166	epochs	1.0
2956.882758477112	0.023761499999636726	epochs	1.0
2956.9065199771117	2.0	epochs	0.0
2958.9065199771117	0.5019999999999527	epochs	0.0
2958.9065199771117	0.5019999999999527	epochs	1.0
2958.906537377112	0.5	epochs	-1.0
2959.406537377112	0.0019825999997920007	epochs	-1.0
2959.4085199771116	21.49792000000025	epochs	0.0
2960.790999889374	0.057519999999840365	epochs	0.0
2960.790999889374	0.023761500000091473	epochs	1.0
2960.814761389374	0.009997000000112166	epochs	1.0
2960.824758389374	0.023761499999636726	epochs	1.0
2960.8485198893736	2.0	epochs	0.0
2962.8485198893736	5.381200000000263	epochs	0.0
2962.8485198893736	1.0	epochs	1.0
2962.848537289374	0.5	epochs	-1.0
2963.348537289374	4.881182600000102	epochs	-1.0
2963.8485198893736	4.381200000000263	epochs	1.0
2963.8485198893736	4.356753900000058	epochs	-1.0
2963.8485198893736	1.9745872000003146	epochs	2.0
2963.8485198893736	1.0985622000002877	epochs	3.0
2964.947082089374	0.8760250000000269	epochs	3.0
2965.823107089374	1.3524075000000266	epochs	2.0
2965.823107089374	0.7286354999996547	epochs	3.0
2966.5517425893736	0.6237720000003719	epochs	3.0
2967.175514589374	1.0297591999997167	epochs	2.0
2967.175514589374	0.5453292999995938	epochs	3.0
2967.7208438893736	0.48442990000012287	epochs	3.0
2968.2052737893737	0.02444610000020475	epochs	2.0
2968.2052737893737	0.02444610000020475	epochs	3.0
2968.229719889374	16.61871999999994	epochs	0.0
2968.606999874115	0.057519999999840365	epochs	0.0
2968.606999874115	0.023761500000091473	epochs	1.0
2968.630761374115	0.009997000000112166	epochs	1.0
2968.640758374115	0.023761499999636726	epochs	1.0
2968.664519874115	2.0	epochs	0.0
2970.664519874115	5.3813600000003134	epochs	0.0
2970.664519874115	1.0	epochs	1.0
2970.664537274115	0.5	epochs	-1.0
2971.164537274115	4.881342600000153	epochs	-1.0
2971.664519874115	4.3813600000003134	epochs	1.0
2971.664519874115	4.356753900000058	epochs	-1.0
2971.664519874115	1.9745872000003146	epochs	2.0
2971.664519874115	1.0985622000002877	epochs	3.0
2972.763082074115	0.8760250000000269	epochs	3.0
2973.639107074115	1.3524075000000266	epochs	2.0
2973.639107074115	0.7286354999996547	epochs	3.0
2974.367742574115	0.6237720000003719	epochs	3.0
2974.991514574115	1.0297591999997167	epochs	2.0
2974.991514574115	0.5453292999995938	epochs	3.0
2975.5368438741148	0.48442990000012287	epochs	3.0
2976.021273774115	0.024606100000255537	epochs	2.0
2976.021273774115	0.024606100000255537	epochs	3.0
2976.045879874115	16.61855999999989	epochs	0.0
2976.419000148773	0.057519999999840365	epochs	0.0
2976.419000148773	0.023761500000091473	epochs	1.0
2976.4427616487733	0.009997000000112166	epochs	1.0
2976.4527586487734	0.023761499999636726	epochs	1.0
2976.476520148773	2.0	epochs	0.0
2978.476520148773	21.502560000000358	epochs	0.0
2978.476520148773	1.0	epochs	1.0
2978.476537548773	0.5	epochs	-1.0
2978.976537548773	19.9984800000002	epochs	-1.0
2979.476520148773	20.0	epochs	1.0
2979.476520148773	4.356753900000058	epochs	-1.0
2979.476520148773	1.9745872000003146	epochs	2.0
2979.476520148773	1.0985622000002877	epochs	3.0
2980.5750823487733	0.8760250000000269	epochs	3.0
2981.4511073487733	1.3524075000000266	epochs	2.0
2981.4511073487733	0.7286354999996547	epochs	3.0
2982.179742848773	0.6237720000003719	epochs	3.0
2982.8035148487734	1.0297591999997167	epochs	2.0
2982.8035148487734	0.5453292999995938	epochs	3.0
2983.348844148773	0.48442990000012287	epochs	3.0
2983.833274048773	0.8317861999998968	epochs	2.0
2983.833274048773	0.43577630000027057	epochs	3.0
2984.2690503487734	0.3960098999996262	epochs	3.0
2984.665060248773	0.6977970000002642	epochs	2.0
2984.665060248773	0.3628982000000178	epochs	3.0
2985.027958448773	0.3348988000002464	epochs	3.0
2985.3628572487733	0.6010456999997587	epochs	2.0
2985.3628572487733	0.3109122999999272	epochs	3.0
2985.673769548773	0.29013339999983145	epochs	3.0
2985.963902948773	0.5278859000000011	epochs	2.0
2985.963902948773	0.27195860000028915	epochs	3.0
2986.2358615487733	0.255927299999712	epochs	3.0
2986.491788848773	0.4706193000001804	epochs	2.0
2986.491788848773	0.241681299999982	epochs	3.0
2986.733470148773	0.22893800000019837	epochs	3.0
2986.962408148773	0.42457039999999324	epochs	2.0
2986.962408148773	0.2174713999997948	epochs	3.0
2987.179879548773	0.20709900000019843	epochs	3.0
2987.386978548773	0.3867353999999068	epochs	2.0
2987.386978548773	0.19767110000020693	epochs	3.0
2987.5846496487734	0.18906429999969987	epochs	3.0
2987.773713948773	0.35509529999990264	epochs	2.0
2987.773713948773	0.18117590000019845	epochs	3.0
2987.9548898487733	0.17391939999970418	epochs	3.0
2988.128809248773	0.32824310000023615	epochs	2.0
2988.128809248773	0.167221900000186	epochs	3.0
2988.296031148773	0.16102120000005016	epochs	3.0
2988.4570523487732	0.3051679999998669	epochs	2.0
2988.4570523487732	0.15526390000013635	epochs	3.0
2988.6123162487734	0.14990409999973053	epochs	3.0
2988.762220348773	0.28512529999989056	epochs	2.0
2988.762220348773	0.14490210000030856	epochs	3.0
2988.9071224487734	0.140223199999582	epochs	3.0
2989.047345648773	0.26755380000031437	epochs	2.0
2989.047345648773	0.13583690000041315	epochs	3.0
2989.1831825487734	0.13171689999990122	epochs	3.0
2989.3148994487733	0.2520228999997016	epochs	2.0
2989.3148994487733	0.12783929999977772	epochs	3.0
2989.442738748773	0.1241835999999239	epochs	3.0
2989.566922348773	0.23819650000041293	epochs	2.0
2989.566922348773	0.12073110000028464	epochs	3.0
2989.6876534487733	0.11746540000012828	epochs	3.0
2989.8051188487734	0.22580879999986792	epochs	2.0
2989.8051188487734	0.11437189999969632	epochs	3.0
2989.919490748773	0.11143690000017159	epochs	3.0
2990.0309276487733	0.21464599999990241	epochs	2.0
2990.0309276487733	0.10864889999993466	epochs	3.0
2990.139576548773	0.10599709999996776	epochs	3.0
2990.245573648773	0.2045349999998507	epochs	2.0
2990.245573648773	0.10347150000006877	epochs	3.0
2990.3490451487733	0.10106349999978192	epochs	3.0
2990.450108648773	0.19533400000000256	epochs	2.0
2990.450108648773	0.09876510000003691	epochs	3.0
2990.548873748773	0.09656889999996565	epochs	3.0
2990.645442648773	0.18692529999998442	epochs	2.0
2990.645442648773	0.0944683000002442	epochs	3.0
2990.7399109487733	0.09245699999974022	epochs	3.0
2990.832367948773	0.1792107000001124	epochs	2.0
2990.832367948773	0.0905296000000817	epochs	3.0
2990.922897548773	0.08868110000003071	epochs	3.0
2991.011578648773	0.17210770000019693	epochs	2.0
2991.011578648773	0.08690630000000965	epochs	3.0
2991.098484948773	0.08520140000018728	epochs	3.0
2991.1836863487733	0.16554640000003928	epochs	2.0
2991.1836863487733	0.08356189999994967	epochs	3.0
2991.2672482487733	0.08198450000008961	epochs	3.0
2991.3492327487734	0.15946709999980158	epochs	2.0
2991.3492327487734	0.08046539999986635	epochs	3.0
2991.4296981487732	0.07900169999993523	epochs	3.0
2991.508699848773	0.15381840000009106	epochs	2.0
2991.508699848773	0.07759010000017952	epochs	3.0
2991.5862899487734	0.07622829999991154	epochs	3.0
2991.6625182487733	0.14855639999996129	epochs	2.0
2991.6625182487733	0.07491329999993468	epochs	3.0
2991.737431548773	0.0736431000000266	epochs	3.0
2991.8110746487732	0.1436423999998624	epochs	2.0
2991.8110746487732	0.07241500000009182	epochs	3.0
2991.8834896487733	0.07122739999977057	epochs	3.0
2991.954717048773	0.13904309999998077	epochs	2.0
2991.954717048773	0.07007800000019415	epochs	3.0
2992.0247950487733	0.06896509999978662	epochs	3.0
2992.093760148773	0.13472930000034467	epochs	2.0
2992.093760148773	0.0678871000000072	epochs	3.0
2992.161647248773	0.06684220000033747	epochs	3.0
2992.2284894487734	0.13067519999958677	epochs	2.0
2992.2284894487734	0.06582909999997355	epochs	3.0
2992.2943185487734	0.06484609999961322	epochs	3.0
2992.359164648773	0.12685780000037994	epochs	2.0
2992.359164648773	0.06389200000012352	epochs	3.0
2992.423056648773	0.06296580000025642	epochs	3.0
2992.4860224487734	0.12325719999989815	epochs	2.0
2992.4860224487734	0.06206579999980022	epochs	3.0
2992.548088248773	0.06119140000009793	epochs	3.0
2992.6092796487733	0.11985539999977846	epochs	2.0
2992.6092796487733	0.06034109999973225	epochs	3.0
2992.669620748773	0.059514300000046205	epochs	3.0
2992.729135048773	0.11663620000035735	epochs	2.0
2992.729135048773	0.058709599999929196	epochs	3.0
2992.787844648773	0.05792660000042815	epochs	3.0
2992.8457712487734	0.11358559999962381	epochs	2.0
2992.8457712487734	0.05716419999998834	epochs	3.0
2992.9029354487734	0.05642139999963547	epochs	3.0
2992.959356848773	0.11069050000014613	epochs	2.0
2992.959356848773	0.05569790000026842	epochs	3.0
2993.0150547487733	0.05499259999987771	epochs	3.0
2993.070047348773	0.10793909999983953	epochs	2.0
2993.070047348773	0.054304899999806366	epochs	3.0
2993.124352248773	0.05363420000003316	epochs	3.0
2993.177986448773	0.10532150000017282	epochs	2.0
2993.177986448773	0.05298000000038883	epochs	3.0
2993.2309664487734	0.05234149999978399	epochs	3.0
2993.283307948773	0.10282760000018243	epochs	2.0
2993.283307948773	0.05171810000001642	epochs	3.0
2993.335026048773	0.05110950000016601	epochs	3.0
2993.3861355487734	0.10044909999987794	epochs	2.0
2993.3861355487734	0.05051489999959813	epochs	3.0
2993.436650448773	0.049934200000279816	epochs	3.0
2993.4865846487733	0.09817829999974492	epochs	2.0
2993.4865846487733	0.049366599999757454	epochs	3.0
2993.535951248773	0.04881169999998747	epochs	3.0
2993.584762948773	0.09600780000027953	epochs	2.0
2993.584762948773	0.04826920000004975	epochs	3.0
2993.633032148773	0.04773860000022978	epochs	3.0
2993.6807707487733	0.09393120000004274	epochs	2.0
2993.6807707487733	0.0472194999997555	epochs	3.0
2993.727990248773	0.04671170000028724	epochs	3.0
2993.7747019487733	0.09194260000003851	epochs	2.0
2993.7747019487733	0.046214599999984785	epochs	3.0
2993.8209165487733	0.045728000000053726	epochs	3.0
2993.8666445487734	0.09003629999961049	epochs	2.0
2993.8666445487734	0.045251499999722	epochs	3.0
2993.911896048773	0.04478479999988849	epochs	3.0
2993.956680848773	0.08820760000025984	epochs	2.0
2993.956680848773	0.0443278000002465	epochs	3.0
2994.001008648773	0.04387980000001335	epochs	3.0
2994.0448884487732	0.0864516999999978	epochs	2.0
2994.0448884487732	0.04344099999980244	epochs	3.0
2994.088329448773	0.04301070000019536	epochs	3.0
2994.1313401487732	0.08476429999973334	epochs	2.0
2994.1313401487732	0.04258900000013455	epochs	3.0
2994.1739291487734	0.04217529999959879	epochs	3.0
2994.216104448773	0.08314150000023801	epochs	2.0
2994.216104448773	0.041769700000259036	epochs	3.0
2994.257874148773	0.041371799999978975	epochs	3.0
2994.299245948773	0.08157970000002024	epochs	2.0
2994.299245948773	0.040981399999964196	epochs	3.0
2994.340227348773	0.04059830000005604	epochs	3.0
2994.380825648773	0.08007550000002084	epochs	2.0
2994.380825648773	0.040222300000095856	epochs	3.0
2994.4210479487733	0.03985319999992498	epochs	3.0
2994.4609011487732	0.07862569999997504	epochs	2.0
2994.4609011487732	0.03949079999983951	epochs	3.0
2994.500391948773	0.03913490000013553	epochs	3.0
2994.539526848773	0.07722759999978734	epochs	2.0
2994.539526848773	0.038785400000051595	epochs	3.0
2994.5783122487733	0.03844219999973575	epochs	3.0
2994.616754448773	0.07587820000026113	epochs	2.0
2994.616754448773	0.038104800000382966	epochs	3.0
2994.6548592487734	0.037773399999878166	epochs	3.0
2994.6926326487733	0.07457519999979922	epochs	2.0
2994.6926326487733	0.03744770000002973	epochs	3.0
2994.7300803487733	0.0371274999997695	epochs	3.0
2994.767207848773	0.07331629999998768	epochs	2.0
2994.767207848773	0.036812900000313675	epochs	3.0
2994.8040207487734	0.036503399999674	epochs	3.0
2994.840524148773	0.07209899999998015	epochs	2.0
2994.840524148773	0.03619909999997617	epochs	3.0
2994.876723248773	0.03589990000000398	epochs	3.0
2994.912623148773	0.07092170000032638	epochs	2.0
2994.912623148773	0.03560560000005353	epochs	3.0
2994.948228748773	0.035316100000272854	epochs	3.0
2994.9835448487734	0.06978200000003199	epochs	2.0
2994.9835448487734	0.03503120000004856	epochs	3.0
2995.0185760487734	0.03475079999998343	epochs	3.0
2995.0533268487734	0.06867859999965731	epochs	2.0
2995.0533268487734	0.03447509999978138	epochs	3.0
2995.087801948773	0.03420349999987593	epochs	3.0
2995.122005448773	0.06760930000018561	epochs	2.0
2995.122005448773	0.033936199999970995	epochs	3.0
2995.155941648773	0.03367310000021462	epochs	3.0
2995.1896147487732	0.06657289999975546	epochs	2.0
2995.1896147487732	0.03341399999999339	epochs	3.0
2995.2230287487732	0.03315889999976207	epochs	3.0
2995.256187648773	0.06556780000028084	epochs	2.0
2995.256187648773	0.03290770000012344	epochs	3.0
2995.289095348773	0.0326601000001574	epochs	3.0
2995.3217554487733	0.06459259999974165	epochs	2.0
2995.3217554487733	0.03241639999987456	epochs	3.0
2995.354171848773	0.032176199999867094	epochs	3.0
2995.386348048773	0.06364600000006249	epochs	2.0
2995.386348048773	0.03193959999998697	epochs	3.0
2995.418287648773	0.03170640000007552	epochs	3.0
2995.449994048773	0.0627266999999847	epochs	2.0
2995.449994048773	0.03147660000013275	epochs	3.0
2995.481470648773	0.031250099999851955	epochs	3.0
2995.512720748773	0.06183360000022731	epochs	2.0
2995.512720748773	0.031026900000142632	epochs	3.0
2995.543747648773	0.030806700000084675	epochs	3.0
2995.5745543487733	0.06096559999969031	epochs	2.0
2995.5745543487733	0.030589799999688694	epochs	3.0
2995.605144148773	0.030375800000001618	epochs	3.0
2995.635519948773	0.06012160000000222	epochs	2.0
2995.635519948773	0.03016490000027261	epochs	3.0
2995.6656848487733	0.029956699999729608	epochs	3.0
2995.695641548773	0.059300700000221696	epochs	2.0
2995.695641548773	0.029751600000054168	epochs	3.0
2995.725393148773	0.029549100000167527	epochs	3.0
2995.754942248773	0.058501800000158255	epochs	2.0
2995.754942248773	0.029349399999773595	epochs	3.0
2995.784291648773	0.02915240000038466	epochs	3.0
2995.8134440487734	0.05772419999993872	epochs	2.0
2995.8134440487734	0.028957999999875028	epochs	3.0
2995.8424020487732	0.02876620000006369	epochs	3.0
2995.8711682487733	0.056967099999837956	epochs	2.0
2995.8711682487733	0.028577000000041153	epochs	3.0
2995.8997452487733	0.028390099999796803	epochs	3.0
2995.928135348773	0.05622949999997218	epochs	2.0
2995.928135348773	0.028205699999944045	epochs	3.0
2995.956341048773	0.028023800000028132	epochs	3.0
2995.984364848773	0.05551070000001346	epochs	2.0
2995.984364848773	0.027844000000186497	epochs	3.0
2996.0122088487733	0.02766669999982696	epochs	3.0
2996.039875548773	0.05481020000024728	epochs	2.0
2996.039875548773	0.02749149999999645	epochs	3.0
2996.067367048773	0.02731870000025083	epochs	3.0
2996.0946857487734	0.054126999999880354	epochs	2.0
2996.0946857487734	0.027147799999966082	epochs	3.0
2996.1218335487733	0.026979199999914272	epochs	3.0
2996.1488127487733	0.053460699999959616	epochs	2.0
2996.1488127487733	0.026812600000084785	epochs	3.0
2996.1756253487733	0.02664809999987483	epochs	3.0
2996.202273448773	0.05281070000000909	epochs	2.0
2996.202273448773	0.0264855999998872	epochs	3.0
2996.228759048773	0.026325100000121893	epochs	3.0
2996.255084148773	0.052176199999848905	epochs	2.0
2996.255084148773	0.026166399999965506	epochs	3.0
2996.281250548773	0.0260097999998834	epochs	3.0
2996.307260348773	0.05155670000021928	epochs	2.0
2996.307260348773	0.02585480000016105	epochs	3.0
2996.3331151487732	0.02570190000005823	epochs	3.0
2996.3588170487733	0.050951899999745365	epochs	2.0
2996.3588170487733	0.02555069999971238	epochs	3.0
2996.384367748773	0.025401200000032986	epochs	3.0
2996.409768948773	0.05036100000006627	epochs	2.0
2996.409768948773	0.025253499999962514	epochs	3.0
2996.435022448773	0.025107500000103755	epochs	3.0
2996.460129948773	0.04978380000011384	epochs	2.0
2996.460129948773	0.02496320000000196	epochs	3.0
2996.485093148773	0.02482060000011188	epochs	3.0
2996.509913748773	0.04921950000016295	epochs	2.0
2996.509913748773	0.024679399999968155	epochs	3.0
2996.534593148773	0.024540100000194798	epochs	3.0
2996.5591332487734	0.048667899999600195	epochs	2.0
2996.5591332487734	0.024402099999861093	epochs	3.0
2996.5835353487732	0.0242657999997391	epochs	3.0
2996.607801148773	0.048128600000381994	epochs	2.0
2996.607801148773	0.024131000000124914	epochs	3.0
2996.631932148773	0.02399760000025708	epochs	3.0
2996.6559297487734	0.0476010999996106	epochs	2.0
2996.6559297487734	0.02386579999983951	epochs	3.0
2996.679795548773	0.023735299999771087	epochs	3.0
2996.703530848773	0.04708500000015192	epochs	2.0
2996.703530848773	0.023606300000210467	epochs	3.0
2996.727137148773	0.023478699999941455	epochs	3.0
2996.750615848773	0.04658000000017637	epochs	2.0
2996.750615848773	0.023352499999873544	epochs	3.0
2996.773968348773	0.023227500000302825	epochs	3.0
2996.7971958487733	0.04608569999982137	epochs	2.0
2996.7971958487733	0.02310399999987567	epochs	3.0
2996.820299848773	0.022981699999945704	epochs	3.0
2996.843281548773	0.045601799999985815	epochs	2.0
2996.843281548773	0.02286069999991014	epochs	3.0
2996.866142248773	0.022741100000075676	epochs	3.0
2996.888883348773	0.045127899999897636	epochs	2.0
2996.888883348773	0.022622500000125	epochs	3.0
2996.9115058487732	0.022505399999772635	epochs	3.0
2996.934011248773	0.044663800000307674	epochs	2.0
2996.934011248773	0.022389300000213552	epochs	3.0
2996.956400548773	0.022274500000094122	epochs	3.0
2996.9786750487733	0.044209199999841076	epochs	2.0
2996.9786750487733	0.022160799999710434	epochs	3.0
2997.000835848773	0.02204840000013064	epochs	3.0
2997.022884248773	0.04376360000014756	epochs	2.0
2997.022884248773	0.021936900000127935	epochs	3.0
2997.0448211487733	0.021826700000019628	epochs	3.0
2997.0666478487733	0.043327099999714846	epochs	2.0
2997.0666478487733	0.02171760000010181	epochs	3.0
2997.0883654487734	0.021609499999613035	epochs	3.0
2997.109974948773	0.04289900000003399	epochs	2.0
2997.109974948773	0.021502500000224245	epochs	3.0
2997.1314774487732	0.021396499999809748	epochs	3.0
2997.152873948773	0.042479500000354165	epochs	2.0
2997.152873948773	0.02129170000034719	epochs	3.0
2997.1741656487734	0.021187800000006973	epochs	3.0
2997.1953534487734	0.04206789999989269	epochs	2.0
2997.1953534487734	0.02108490000000529	epochs	3.0
2997.2164383487734	0.020982999999887397	epochs	3.0
2997.2374213487733	0.041664399999717716	epochs	2.0
2997.2374213487733	0.020882199999959994	epochs	3.0
2997.2583035487733	0.020782199999757722	epochs	3.0
2997.279085748773	0.04126850000011473	epochs	2.0
2997.279085748773	0.02068330000020069	epochs	3.0
2997.299769048773	0.02058519999991404	epochs	3.0
2997.320354248773	0.04088000000001557	epochs	2.0
2997.320354248773	0.020488099999965925	epochs	3.0
2997.340842348773	0.020391900000049645	epochs	3.0
2997.361234248773	0.04049880000002304	epochs	2.0
2997.361234248773	0.0202966000001652	epochs	3.0
2997.3815308487733	0.02020219999985784	epochs	3.0
2997.401733048773	0.04012460000012652	epochs	2.0
2997.401733048773	0.02010870000003706	epochs	3.0
2997.421841748773	0.02001590000008946	epochs	3.0
2997.4418576487733	0.03975730000001931	epochs	2.0
2997.4418576487733	0.0199241999998776	epochs	3.0
2997.461781848773	0.019833100000141712	epochs	3.0
2997.4816149487733	0.03939669999999751	epochs	2.0
2997.4816149487733	0.019742999999834865	epochs	3.0
2997.501357948773	0.019653700000162644	epochs	3.0
2997.5210116487733	0.03904239999974379	epochs	2.0
2997.5210116487733	0.019565099999908853	epochs	3.0
2997.540576748773	0.01947729999983494	epochs	3.0
2997.560054048773	0.03869460000032632	epochs	2.0
2997.560054048773	0.01939040000024761	epochs	3.0
2997.5794444487733	0.01930420000007871	epochs	3.0
2997.5987486487734	0.03835289999960878	epochs	2.0
2997.5987486487734	0.01921879999963494	epochs	3.0
2997.617967448773	0.01913409999997384	epochs	3.0
2997.637101548773	0.03801720000001296	epochs	2.0
2997.637101548773	0.019050200000037876	epochs	3.0
2997.656151748773	0.018966999999975087	epochs	3.0
2997.675118748773	0.03768720000016401	epochs	2.0
2997.675118748773	0.018884500000240223	epochs	3.0
2997.6940032487732	0.01880269999992379	epochs	3.0
2997.712805948773	0.037363100000220584	epochs	2.0
2997.712805948773	0.01872170000024198	epochs	3.0
2997.7315276487734	0.018641399999978603	epochs	3.0
2997.7501690487734	0.03704429999970671	epochs	2.0
2997.7501690487734	0.018561599999884493	epochs	3.0
2997.7687306487733	0.018482699999822216	epochs	3.0
2997.787213348773	0.036731000000145286	epochs	2.0
2997.787213348773	0.018404299999929208	epochs	3.0
2997.805617648773	0.01832670000021608	epochs	3.0
2997.8239443487732	0.03642290000016146	epochs	2.0
2997.8239443487732	0.018249599999762722	epochs	3.0
2997.842193948773	0.01817330000039874	epochs	3.0
2997.8603672487734	0.03612009999960719	epochs	2.0
2997.8603672487734	0.018097599999691738	epochs	3.0
2997.878464848773	0.018022499999915453	epochs	3.0
2997.896487348773	0.035822100000132195	epochs	2.0
2997.896487348773	0.017947900000308437	epochs	3.0
2997.9144352487733	0.01787419999982376	epochs	3.0
2997.932309448773	0.03552900000022419	epochs	2.0
2997.932309448773	0.017800800000259187	epochs	3.0
2997.9501102487734	0.017728199999965	epochs	3.0
2997.9678384487734	0.03524070000003121	epochs	2.0
2997.9678384487734	0.01765609999984008	epochs	3.0
2997.985494548773	0.01758460000019113	epochs	3.0
2998.0030791487734	0.03495709999970131	epochs	2.0
2998.0030791487734	0.01751369999965391	epochs	3.0
2998.020592848773	0.017443400000047404	epochs	3.0
2998.038036248773	0.03467790000013338	epochs	2.0
2998.038036248773	0.01737360000015542	epochs	3.0
2998.0554098487733	0.017304299999977957	epochs	3.0
2998.0727141487732	0.03440330000012182	epochs	2.0
2998.0727141487732	0.017235700000128418	epochs	3.0
2998.0899498487734	0.0171675999999934	epochs	3.0
2998.1071174487734	0.03413279999995211	epochs	2.0
2998.1071174487734	0.017099899999720947	epochs	3.0
2998.124217348773	0.017032900000231166	epochs	3.0
2998.1412502487733	0.03386670000008962	epochs	2.0
2998.1412502487733	0.01696640000000116	epochs	3.0
2998.1582166487733	0.016900300000088464	epochs	3.0
2998.1751169487734	0.033604599999762286	epochs	2.0
2998.1751169487734	0.016834799999742245	epochs	3.0
2998.191951748773	0.01676980000002004	epochs	3.0
2998.208721548773	0.0333466000001863	epochs	2.0
2998.208721548773	0.016705300000012357	epochs	3.0
2998.225426848773	0.016641300000173942	epochs	3.0
2998.2420681487733	0.033092499999838765	epochs	2.0
2998.2420681487733	0.016577800000050047	epochs	3.0
2998.2586459487734	0.016514699999788718	epochs	3.0
2998.275160648773	0.032842300000083924	epochs	2.0
2998.275160648773	0.01645220000000336	epochs	3.0
2998.291612848773	0.016390100000080565	epochs	3.0
2998.3080029487733	0.03259570000000167	epochs	2.0
2998.3080029487733	0.016328400000020338	epochs	3.0
2998.3243313487733	0.016267299999981333	epochs	3.0
2998.3405986487733	0.03235289999975066	epochs	2.0
2998.3405986487733	0.016206599999804894	epochs	3.0
2998.356805248773	0.016146299999945768	epochs	3.0
2998.372951548773	0.032113700000081735	epochs	2.0
2998.372951548773	0.016086600000107865	epochs	3.0
2998.389038148773	0.01602709999997387	epochs	3.0
2998.405065248773	0.03187800000023344	epochs	2.0
2998.405065248773	0.015968200000315846	epochs	3.0
2998.4210334487734	0.015909799999917595	epochs	3.0
2998.4369432487733	0.03164569999989908	epochs	2.0
2998.4369432487733	0.015851599999678	epochs	3.0
2998.452794848773	0.01579410000022108	epochs	3.0
2998.4685889487732	0.03141670000013619	epochs	2.0
2998.4685889487732	0.015736700000161363	epochs	3.0
2998.4843256487734	0.015679999999974825	epochs	3.0
2998.5000056487734	0.03119109999988723	epochs	2.0
2998.5000056487734	0.015623599999798898	epochs	3.0
2998.515629248773	0.01556750000008833	epochs	3.0
2998.5311967487733	0.030968699999903038	epochs	2.0
2998.5311967487733	0.015511999999944237	epochs	3.0
2998.546708748773	0.0154566999999588	epochs	3.0
2998.562165448773	0.030749500000183616	epochs	2.0
2998.562165448773	0.015401999999994587	epochs	3.0
2998.577567448773	0.01534750000018903	epochs	3.0
2998.5929149487733	0.030533199999808858	epochs	2.0
2998.5929149487733	0.01529339999979129	epochs	3.0
2998.608208348773	0.015239800000017567	epochs	3.0
2998.623448148773	0.030320100000153616	epochs	2.0
2998.623448148773	0.015186500000254455	epochs	3.0
2998.6386346487734	0.015133599999899161	epochs	3.0
2998.6537682487733	0.030109899999843037	epochs	2.0
2998.6537682487733	0.015081000000009226	epochs	3.0
2998.6688492487733	0.015028899999833811	epochs	3.0
2998.683878148773	0.029902499999934662	epochs	2.0
2998.683878148773	0.0149770000002718	epochs	3.0
2998.6988551487734	0.014925499999662861	epochs	3.0
2998.713780648773	0.0296981000001324	epochs	2.0
2998.713780648773	0.01487440000028073	epochs	3.0
2998.7286550487734	0.01482369999985167	epochs	3.0
2998.743478748773	0.029496300000118936	epochs	2.0
2998.743478748773	0.014773200000036013	epochs	3.0
2998.7582519487732	0.014723100000082923	epochs	3.0
2998.7729750487733	0.029297399999904883	epochs	2.0
2998.7729750487733	0.014673399999992398	epochs	3.0
2998.7876484487733	0.014623999999912485	epochs	3.0
2998.8022724487732	0.029101099999934377	epochs	2.0
2998.8022724487732	0.014574899999843183	epochs	3.0
2998.816847348773	0.014526200000091194	epochs	3.0
2998.831373548773	0.028907400000207417	epochs	2.0
2998.831373548773	0.014477700000043114	epochs	3.0
2998.845851248773	0.014429700000164303	epochs	3.0
2998.8602809487734	0.028716199999962555	epochs	2.0
2998.8602809487734	0.014381799999682698	epochs	3.0
2998.874662748773	0.014334400000279857	epochs	3.0
2998.8889971487733	0.02852759999996124	epochs	2.0
2998.8889971487733	0.01428719999967143	epochs	3.0
2998.903284348773	0.01424040000028981	epochs	3.0
2998.9175247487733	0.028341400000044814	epochs	2.0
2998.9175247487733	0.014193799999702605	epochs	3.0
2998.931718548773	0.014147600000342209	epochs	3.0
2998.9458661487733	0.028157700000065233	epochs	2.0
2998.9458661487733	0.014101699999628181	epochs	3.0
2998.959967848773	0.014056000000437052	epochs	3.0
2998.9740238487734	0.02797629999986384	epochs	2.0
2998.9740238487734	0.014010599999892293	epochs	3.0
2998.9880344487733	0.013965699999971548	epochs	3.0
2999.0020001487733	0.027797199999895383	epochs	2.0
2999.0020001487733	0.013920800000050804	epochs	3.0
2999.0159209487733	0.01387639999984458	epochs	3.0
2999.029797348773	0.02762040000015986	epochs	2.0
2999.029797348773	0.013832199999797012	epochs	3.0
2999.043629548773	0.013788200000362849	epochs	3.0
2999.0574177487733	0.02744589999974778	epochs	2.0
2999.0574177487733	0.013744599999881757	epochs	3.0
2999.071162348773	0.013701299999866023	epochs	3.0
2999.084863648773	0.027273500000319473	epochs	2.0
2999.084863648773	0.013658200000008947	epochs	3.0
2999.098521848773	0.013615300000310526	epochs	3.0
2999.1121371487734	0.02710339999975986	epochs	2.0
2999.1121371487734	0.013572799999565177	epochs	3.0
2999.125709948773	0.013530600000194681	epochs	3.0
2999.139240548773	0.02693520000002536	epochs	2.0
2999.139240548773	0.01348839999991469	epochs	3.0
2999.152728948773	0.01344680000011067	epochs	3.0
2999.166175748773	0.026769200000217097	epochs	2.0
2999.166175748773	0.013405199999851902	epochs	3.0
2999.179580948773	0.013364000000365195	epochs	3.0
2999.1929449487734	0.026605199999721663	epochs	2.0
2999.1929449487734	0.013322899999820947	epochs	3.0
2999.206267848773	0.013282299999900715	epochs	3.0
2999.219550148773	0.0264431999999033	epochs	2.0
2999.219550148773	0.013241699999980483	epochs	3.0
2999.232791848773	0.013201499999922817	epochs	3.0
2999.245993348773	0.02628320000030726	epochs	2.0
2999.245993348773	0.013161500000023807	epochs	3.0
2999.259154848773	0.013121700000283454	epochs	3.0
2999.2722765487733	0.026124999999865395	epochs	2.0
2999.2722765487733	0.013082099999792263	epochs	3.0
2999.285358648773	0.013042900000073132	epochs	3.0
2999.298401548773	0.025968899999952555	epochs	2.0
2999.298401548773	0.01300390000005791	epochs	3.0
2999.3114054487733	0.012964999999894644	epochs	3.0
2999.324370448773	0.025814500000251428	epochs	2.0
2999.324370448773	0.012926400000196736	epochs	3.0
2999.3372968487733	0.012888100000054692	epochs	3.0
2999.3501849487734	0.025661899999704474	epochs	2.0
2999.3501849487734	0.012849899999764602	epochs	3.0
2999.363034848773	0.012811999999939871	epochs	3.0
2999.375846848773	0.025511199999982637	epochs	2.0
2999.375846848773	0.012774400000125752	epochs	3.0
2999.3886212487732	0.012736799999856885	epochs	3.0
2999.401358048773	0.025362300000324467	epochs	2.0
2999.401358048773	0.012699700000212033	epochs	3.0
2999.4140577487733	0.012662600000112434	epochs	3.0
2999.4267203487734	0.025214999999661813	epochs	2.0
2999.4267203487734	0.012625799999568699	epochs	3.0
2999.439346148773	0.012589200000093115	epochs	3.0
2999.451935348773	0.024584799999956886	epochs	2.0
2999.4750175487734	0.5	epochs	-1.0
2999.476520148773	0.5025600000003578	epochs	1.0
2999.9790801487734	0.49735999999984415	epochs	0.0
3000.3629999160767	0.057519999999840365	epochs	0.0
3000.3629999160767	0.023761500000091473	epochs	1.0
3000.3867614160768	0.009997000000112166	epochs	1.0
3000.396758416077	0.023761499999636726	epochs	1.0
3000.4205199160765	2.0	epochs	0.0
3002.4205199160765	0.5019999999999527	epochs	0.0
3002.4205199160765	0.5019999999999527	epochs	1.0
3002.4205373160767	0.5	epochs	-1.0
3002.9205373160767	0.0019825999997920007	epochs	-1.0
3002.9225199160765	21.49792000000025	epochs	0.0
3004.289999961853	0.057519999999840365	epochs	0.0
3004.289999961853	0.023761500000091473	epochs	1.0
3004.313761461853	0.009997000000112166	epochs	1.0
3004.3237584618532	0.023761499999636726	epochs	1.0
3004.347519961853	2.0	epochs	0.0
3006.347519961853	21.501200000000154	epochs	0.0
3006.347519961853	1.0	epochs	1.0
3006.347537361853	0.5	epochs	-1.0
3006.847537361853	19.9984800000002	epochs	-1.0
3007.347519961853	20.0	epochs	1.0
3007.347519961853	4.356753900000058	epochs	-1.0
3007.347519961853	1.9745872000003146	epochs	2.0
3007.347519961853	1.0985622000002877	epochs	3.0
3008.446082161853	0.8760250000000269	epochs	3.0
3009.322107161853	1.3524075000000266	epochs	2.0
3009.322107161853	0.7286354999996547	epochs	3.0
3010.050742661853	0.6237720000003719	epochs	3.0
3010.674514661853	1.0297591999997167	epochs	2.0
3010.674514661853	0.5453292999995938	epochs	3.0
3011.219843961853	0.48442990000012287	epochs	3.0
3011.704273861853	0.8317861999998968	epochs	2.0
3011.704273861853	0.43577630000027057	epochs	3.0
3012.140050161853	0.3960098999996262	epochs	3.0
3012.536060061853	0.6977970000002642	epochs	2.0
3012.536060061853	0.3628982000000178	epochs	3.0
3012.898958261853	0.3348988000002464	epochs	3.0
3013.233857061853	0.6010456999997587	epochs	2.0
3013.233857061853	0.3109122999999272	epochs	3.0
3013.544769361853	0.29013339999983145	epochs	3.0
3013.834902761853	0.5278859000000011	epochs	2.0
3013.834902761853	0.27195860000028915	epochs	3.0
3014.106861361853	0.255927299999712	epochs	3.0
3014.362788661853	0.4706193000001804	epochs	2.0
3014.362788661853	0.241681299999982	epochs	3.0
3014.604469961853	0.22893800000019837	epochs	3.0
3014.833407961853	0.42457039999999324	epochs	2.0
3014.833407961853	0.2174713999997948	epochs	3.0
3015.050879361853	0.20709900000019843	epochs	3.0
3015.257978361853	0.3867353999999068	epochs	2.0
3015.257978361853	0.19767110000020693	epochs	3.0
3015.455649461853	0.18906429999969987	epochs	3.0
3015.644713761853	0.35509529999990264	epochs	2.0
3015.644713761853	0.18117590000019845	epochs	3.0
3015.825889661853	0.17391939999970418	epochs	3.0
3015.999809061853	0.32824310000023615	epochs	2.0
3015.999809061853	0.167221900000186	epochs	3.0
3016.167030961853	0.16102120000005016	epochs	3.0
3016.328052161853	0.3051679999998669	epochs	2.0
3016.328052161853	0.15526390000013635	epochs	3.0
3016.483316061853	0.14990409999973053	epochs	3.0
3016.633220161853	0.28512529999989056	epochs	2.0
3016.633220161853	0.14490210000030856	epochs	3.0
3016.7781222618532	0.140223199999582	epochs	3.0
3016.918345461853	0.26755380000031437	epochs	2.0
3016.918345461853	0.13583690000041315	epochs	3.0
3017.0541823618532	0.13171689999990122	epochs	3.0
3017.185899261853	0.2520228999997016	epochs	2.0
3017.185899261853	0.12783929999977772	epochs	3.0
3017.313738561853	0.1241835999999239	epochs	3.0
3017.437922161853	0.23819650000041293	epochs	2.0
3017.437922161853	0.12073110000028464	epochs	3.0
3017.558653261853	0.11746540000012828	epochs	3.0
3017.6761186618533	0.22580879999986792	epochs	2.0
3017.6761186618533	0.11437189999969632	epochs	3.0
3017.790490561853	0.11143690000017159	epochs	3.0
3017.901927461853	0.21464599999990241	epochs	2.0
3017.901927461853	0.10864889999993466	epochs	3.0
3018.010576361853	0.10599709999996776	epochs	3.0
3018.116573461853	0.2045349999998507	epochs	2.0
3018.116573461853	0.10347150000006877	epochs	3.0
3018.220044961853	0.10106349999978192	epochs	3.0
3018.321108461853	0.19533400000000256	epochs	2.0
3018.321108461853	0.09876510000003691	epochs	3.0
3018.419873561853	0.09656889999996565	epochs	3.0
3018.516442461853	0.18692529999998442	epochs	2.0
3018.516442461853	0.0944683000002442	epochs	3.0
3018.610910761853	0.09245699999974022	epochs	3.0
3018.703367761853	0.1792107000001124	epochs	2.0
3018.703367761853	0.0905296000000817	epochs	3.0
3018.793897361853	0.08868110000003071	epochs	3.0
3018.882578461853	0.17210770000019693	epochs	2.0
3018.882578461853	0.08690630000000965	epochs	3.0
3018.969484761853	0.08520140000018728	epochs	3.0
3019.054686161853	0.16554640000003928	epochs	2.0
3019.054686161853	0.08356189999994967	epochs	3.0
3019.138248061853	0.08198450000008961	epochs	3.0
3019.220232561853	0.15946709999980158	epochs	2.0
3019.220232561853	0.08046539999986635	epochs	3.0
3019.300697961853	0.07900169999993523	epochs	3.0
3019.379699661853	0.15381840000009106	epochs	2.0
3019.379699661853	0.07759010000017952	epochs	3.0
3019.457289761853	0.07622829999991154	epochs	3.0
3019.533518061853	0.14855639999996129	epochs	2.0
3019.533518061853	0.07491329999993468	epochs	3.0
3019.608431361853	0.0736431000000266	epochs	3.0
3019.682074461853	0.1436423999998624	epochs	2.0
3019.682074461853	0.07241500000009182	epochs	3.0
3019.754489461853	0.07122739999977057	epochs	3.0
3019.825716861853	0.13904309999998077	epochs	2.0
3019.825716861853	0.07007800000019415	epochs	3.0
3019.895794861853	0.06896509999978662	epochs	3.0
3019.964759961853	0.13472930000034467	epochs	2.0
3019.964759961853	0.0678871000000072	epochs	3.0
3020.032647061853	0.06684220000033747	epochs	3.0
3020.0994892618533	0.13067519999958677	epochs	2.0
3020.0994892618533	0.06582909999997355	epochs	3.0
3020.165318361853	0.06484609999961322	epochs	3.0
3020.230164461853	0.12685780000037994	epochs	2.0
3020.230164461853	0.06389200000012352	epochs	3.0
3020.294056461853	0.06296580000025642	epochs	3.0
3020.357022261853	0.12325719999989815	epochs	2.0
3020.357022261853	0.06206579999980022	epochs	3.0
3020.419088061853	0.06119140000009793	epochs	3.0
3020.480279461853	0.11985539999977846	epochs	2.0
3020.480279461853	0.06034109999973225	epochs	3.0
3020.540620561853	0.059514300000046205	epochs	3.0
3020.600134861853	0.11663620000035735	epochs	2.0
3020.600134861853	0.058709599999929196	epochs	3.0
3020.658844461853	0.05792660000042815	epochs	3.0
3020.7167710618533	0.11358559999962381	epochs	2.0
3020.7167710618533	0.05716419999998834	epochs	3.0
3020.7739352618532	0.05642139999963547	epochs	3.0
3020.830356661853	0.11069050000014613	epochs	2.0
3020.830356661853	0.05569790000026842	epochs	3.0
3020.886054561853	0.05499259999987771	epochs	3.0
3020.941047161853	0.10793909999983953	epochs	2.0
3020.941047161853	0.054304899999806366	epochs	3.0
3020.995352061853	0.05363420000003316	epochs	3.0
3021.048986261853	0.10532150000017282	epochs	2.0
3021.048986261853	0.05298000000038883	epochs	3.0
3021.1019662618532	0.05234149999978399	epochs	3.0
3021.154307761853	0.10282760000018243	epochs	2.0
3021.154307761853	0.05171810000001642	epochs	3.0
3021.206025861853	0.05110950000016601	epochs	3.0
3021.257135361853	0.10044909999987794	epochs	2.0
3021.257135361853	0.05051489999959813	epochs	3.0
3021.307650261853	0.049934200000279816	epochs	3.0
3021.357584461853	0.09817829999974492	epochs	2.0
3021.357584461853	0.049366599999757454	epochs	3.0
3021.406951061853	0.04881169999998747	epochs	3.0
3021.455762761853	0.09600780000027953	epochs	2.0
3021.455762761853	0.04826920000004975	epochs	3.0
3021.504031961853	0.04773860000022978	epochs	3.0
3021.551770561853	0.09393120000004274	epochs	2.0
3021.551770561853	0.0472194999997555	epochs	3.0
3021.598990061853	0.04671170000028724	epochs	3.0
3021.645701761853	0.09194260000003851	epochs	2.0
3021.645701761853	0.046214599999984785	epochs	3.0
3021.691916361853	0.045728000000053726	epochs	3.0
3021.737644361853	0.09003629999961049	epochs	2.0
3021.737644361853	0.045251499999722	epochs	3.0
3021.782895861853	0.04478479999988849	epochs	3.0
3021.827680661853	0.08820760000025984	epochs	2.0
3021.827680661853	0.0443278000002465	epochs	3.0
3021.872008461853	0.04387980000001335	epochs	3.0
3021.915888261853	0.0864516999999978	epochs	2.0
3021.915888261853	0.04344099999980244	epochs	3.0
3021.959329261853	0.04301070000019536	epochs	3.0
3022.002339961853	0.08476429999973334	epochs	2.0
3022.002339961853	0.04258900000013455	epochs	3.0
3022.044928961853	0.04217529999959879	epochs	3.0
3022.087104261853	0.08314150000023801	epochs	2.0
3022.087104261853	0.041769700000259036	epochs	3.0
3022.128873961853	0.041371799999978975	epochs	3.0
3022.170245761853	0.08157970000002024	epochs	2.0
3022.170245761853	0.040981399999964196	epochs	3.0
3022.211227161853	0.04059830000005604	epochs	3.0
3022.251825461853	0.08007550000002084	epochs	2.0
3022.251825461853	0.040222300000095856	epochs	3.0
3022.292047761853	0.03985319999992498	epochs	3.0
3022.331900961853	0.07862569999997504	epochs	2.0
3022.331900961853	0.03949079999983951	epochs	3.0
3022.371391761853	0.03913490000013553	epochs	3.0
3022.410526661853	0.07722759999978734	epochs	2.0
3022.410526661853	0.038785400000051595	epochs	3.0
3022.449312061853	0.03844219999973575	epochs	3.0
3022.487754261853	0.07587820000026113	epochs	2.0
3022.487754261853	0.038104800000382966	epochs	3.0
3022.525859061853	0.037773399999878166	epochs	3.0
3022.563632461853	0.07457519999979922	epochs	2.0
3022.563632461853	0.03744770000002973	epochs	3.0
3022.601080161853	0.0371274999997695	epochs	3.0
3022.638207661853	0.07331629999998768	epochs	2.0
3022.638207661853	0.036812900000313675	epochs	3.0
3022.675020561853	0.036503399999674	epochs	3.0
3022.711523961853	0.07209899999998015	epochs	2.0
3022.711523961853	0.03619909999997617	epochs	3.0
3022.747723061853	0.03589990000000398	epochs	3.0
3022.783622961853	0.07092170000032638	epochs	2.0
3022.783622961853	0.03560560000005353	epochs	3.0
3022.819228561853	0.035316100000272854	epochs	3.0
3022.854544661853	0.06978200000003199	epochs	2.0
3022.854544661853	0.03503120000004856	epochs	3.0
3022.8895758618532	0.03475079999998343	epochs	3.0
3022.9243266618532	0.06867859999965731	epochs	2.0
3022.9243266618532	0.03447509999978138	epochs	3.0
3022.958801761853	0.03420349999987593	epochs	3.0
3022.993005261853	0.06760930000018561	epochs	2.0
3022.993005261853	0.033936199999970995	epochs	3.0
3023.026941461853	0.03367310000021462	epochs	3.0
3023.060614561853	0.06657289999975546	epochs	2.0
3023.060614561853	0.03341399999999339	epochs	3.0
3023.094028561853	0.03315889999976207	epochs	3.0
3023.127187461853	0.06556780000028084	epochs	2.0
3023.127187461853	0.03290770000012344	epochs	3.0
3023.160095161853	0.0326601000001574	epochs	3.0
3023.192755261853	0.06459259999974165	epochs	2.0
3023.192755261853	0.03241639999987456	epochs	3.0
3023.225171661853	0.032176199999867094	epochs	3.0
3023.257347861853	0.06364600000006249	epochs	2.0
3023.257347861853	0.03193959999998697	epochs	3.0
3023.289287461853	0.03170640000007552	epochs	3.0
3023.320993861853	0.0627266999999847	epochs	2.0
3023.320993861853	0.03147660000013275	epochs	3.0
3023.352470461853	0.031250099999851955	epochs	3.0
3023.383720561853	0.06183360000022731	epochs	2.0
3023.383720561853	0.031026900000142632	epochs	3.0
3023.414747461853	0.030806700000084675	epochs	3.0
3023.445554161853	0.06096559999969031	epochs	2.0
3023.445554161853	0.030589799999688694	epochs	3.0
3023.476143961853	0.030375800000001618	epochs	3.0
3023.506519761853	0.06012160000000222	epochs	2.0
3023.506519761853	0.03016490000027261	epochs	3.0
3023.536684661853	0.029956699999729608	epochs	3.0
3023.566641361853	0.059300700000221696	epochs	2.0
3023.566641361853	0.029751600000054168	epochs	3.0
3023.596392961853	0.029549100000167527	epochs	3.0
3023.625942061853	0.058501800000158255	epochs	2.0
3023.625942061853	0.029349399999773595	epochs	3.0
3023.655291461853	0.02915240000038466	epochs	3.0
3023.684443861853	0.05772419999993872	epochs	2.0
3023.684443861853	0.028957999999875028	epochs	3.0
3023.713401861853	0.02876620000006369	epochs	3.0
3023.742168061853	0.056967099999837956	epochs	2.0
3023.742168061853	0.028577000000041153	epochs	3.0
3023.770745061853	0.028390099999796803	epochs	3.0
3023.799135161853	0.05622949999997218	epochs	2.0
3023.799135161853	0.028205699999944045	epochs	3.0
3023.827340861853	0.028023800000028132	epochs	3.0
3023.855364661853	0.05551070000001346	epochs	2.0
3023.855364661853	0.027844000000186497	epochs	3.0
3023.883208661853	0.02766669999982696	epochs	3.0
3023.910875361853	0.05481020000024728	epochs	2.0
3023.910875361853	0.02749149999999645	epochs	3.0
3023.938366861853	0.02731870000025083	epochs	3.0
3023.965685561853	0.054126999999880354	epochs	2.0
3023.965685561853	0.027147799999966082	epochs	3.0
3023.992833361853	0.026979199999914272	epochs	3.0
3024.019812561853	0.053460699999959616	epochs	2.0
3024.019812561853	0.026812600000084785	epochs	3.0
3024.046625161853	0.02664809999987483	epochs	3.0
3024.073273261853	0.05281070000000909	epochs	2.0
3024.073273261853	0.0264855999998872	epochs	3.0
3024.099758861853	0.026325100000121893	epochs	3.0
3024.126083961853	0.052176199999848905	epochs	2.0
3024.126083961853	0.026166399999965506	epochs	3.0
3024.152250361853	0.0260097999998834	epochs	3.0
3024.178260161853	0.05155670000021928	epochs	2.0
3024.178260161853	0.02585480000016105	epochs	3.0
3024.204114961853	0.02570190000005823	epochs	3.0
3024.229816861853	0.050951899999745365	epochs	2.0
3024.229816861853	0.02555069999971238	epochs	3.0
3024.255367561853	0.025401200000032986	epochs	3.0
3024.280768761853	0.05036100000006627	epochs	2.0
3024.280768761853	0.025253499999962514	epochs	3.0
3024.306022261853	0.025107500000103755	epochs	3.0
3024.331129761853	0.04978380000011384	epochs	2.0
3024.331129761853	0.02496320000000196	epochs	3.0
3024.356092961853	0.02482060000011188	epochs	3.0
3024.380913561853	0.04921950000016295	epochs	2.0
3024.380913561853	0.024679399999968155	epochs	3.0
3024.405592961853	0.024540100000194798	epochs	3.0
3024.430133061853	0.048667899999600195	epochs	2.0
3024.430133061853	0.024402099999861093	epochs	3.0
3024.454535161853	0.0242657999997391	epochs	3.0
3024.478800961853	0.048128600000381994	epochs	2.0
3024.478800961853	0.024131000000124914	epochs	3.0
3024.502931961853	0.02399760000025708	epochs	3.0
3024.526929561853	0.0476010999996106	epochs	2.0
3024.526929561853	0.02386579999983951	epochs	3.0
3024.550795361853	0.023735299999771087	epochs	3.0
3024.574530661853	0.04708500000015192	epochs	2.0
3024.574530661853	0.023606300000210467	epochs	3.0
3024.598136961853	0.023478699999941455	epochs	3.0
3024.621615661853	0.04658000000017637	epochs	2.0
3024.621615661853	0.023352499999873544	epochs	3.0
3024.644968161853	0.023227500000302825	epochs	3.0
3024.668195661853	0.04608569999982137	epochs	2.0
3024.668195661853	0.02310399999987567	epochs	3.0
3024.691299661853	0.022981699999945704	epochs	3.0
3024.714281361853	0.045601799999985815	epochs	2.0
3024.714281361853	0.02286069999991014	epochs	3.0
3024.737142061853	0.022741100000075676	epochs	3.0
3024.759883161853	0.045127899999897636	epochs	2.0
3024.759883161853	0.022622500000125	epochs	3.0
3024.782505661853	0.022505399999772635	epochs	3.0
3024.805011061853	0.044663800000307674	epochs	2.0
3024.805011061853	0.022389300000213552	epochs	3.0
3024.827400361853	0.022274500000094122	epochs	3.0
3024.849674861853	0.044209199999841076	epochs	2.0
3024.849674861853	0.022160799999710434	epochs	3.0
3024.871835661853	0.02204840000013064	epochs	3.0
3024.893884061853	0.04376360000014756	epochs	2.0
3024.893884061853	0.021936900000127935	epochs	3.0
3024.915820961853	0.021826700000019628	epochs	3.0
3024.937647661853	0.043327099999714846	epochs	2.0
3024.937647661853	0.02171760000010181	epochs	3.0
3024.9593652618532	0.021609499999613035	epochs	3.0
3024.980974761853	0.04289900000003399	epochs	2.0
3024.980974761853	0.021502500000224245	epochs	3.0
3025.002477261853	0.021396499999809748	epochs	3.0
3025.023873761853	0.042479500000354165	epochs	2.0
3025.023873761853	0.02129170000034719	epochs	3.0
3025.0451654618532	0.021187800000006973	epochs	3.0
3025.0663532618532	0.04206789999989269	epochs	2.0
3025.0663532618532	0.02108490000000529	epochs	3.0
3025.0874381618532	0.020982999999887397	epochs	3.0
3025.108421161853	0.041664399999717716	epochs	2.0
3025.108421161853	0.020882199999959994	epochs	3.0
3025.129303361853	0.020782199999757722	epochs	3.0
3025.150085561853	0.04126850000011473	epochs	2.0
3025.150085561853	0.02068330000020069	epochs	3.0
3025.170768861853	0.02058519999991404	epochs	3.0
3025.191354061853	0.04088000000001557	epochs	2.0
3025.191354061853	0.020488099999965925	epochs	3.0
3025.211842161853	0.020391900000049645	epochs	3.0
3025.232234061853	0.04049880000002304	epochs	2.0
3025.232234061853	0.0202966000001652	epochs	3.0
3025.252530661853	0.02020219999985784	epochs	3.0
3025.272732861853	0.04012460000012652	epochs	2.0
3025.272732861853	0.02010870000003706	epochs	3.0
3025.292841561853	0.02001590000008946	epochs	3.0
3025.312857461853	0.03975730000001931	epochs	2.0
3025.312857461853	0.0199241999998776	epochs	3.0
3025.332781661853	0.019833100000141712	epochs	3.0
3025.352614761853	0.03939669999999751	epochs	2.0
3025.352614761853	0.019742999999834865	epochs	3.0
3025.372357761853	0.019653700000162644	epochs	3.0
3025.392011461853	0.03904239999974379	epochs	2.0
3025.392011461853	0.019565099999908853	epochs	3.0
3025.411576561853	0.01947729999983494	epochs	3.0
3025.431053861853	0.03869460000032632	epochs	2.0
3025.431053861853	0.01939040000024761	epochs	3.0
3025.450444261853	0.01930420000007871	epochs	3.0
3025.469748461853	0.03835289999960878	epochs	2.0
3025.469748461853	0.01921879999963494	epochs	3.0
3025.488967261853	0.01913409999997384	epochs	3.0
3025.508101361853	0.03801720000001296	epochs	2.0
3025.508101361853	0.019050200000037876	epochs	3.0
3025.527151561853	0.018966999999975087	epochs	3.0
3025.546118561853	0.03768720000016401	epochs	2.0
3025.546118561853	0.018884500000240223	epochs	3.0
3025.565003061853	0.01880269999992379	epochs	3.0
3025.583805761853	0.037363100000220584	epochs	2.0
3025.583805761853	0.01872170000024198	epochs	3.0
3025.6025274618532	0.018641399999978603	epochs	3.0
3025.621168861853	0.03704429999970671	epochs	2.0
3025.621168861853	0.018561599999884493	epochs	3.0
3025.639730461853	0.018482699999822216	epochs	3.0
3025.658213161853	0.036731000000145286	epochs	2.0
3025.658213161853	0.018404299999929208	epochs	3.0
3025.676617461853	0.01832670000021608	epochs	3.0
3025.694944161853	0.03642290000016146	epochs	2.0
3025.694944161853	0.018249599999762722	epochs	3.0
3025.713193761853	0.01817330000039874	epochs	3.0
3025.7313670618532	0.03612009999960719	epochs	2.0
3025.7313670618532	0.018097599999691738	epochs	3.0
3025.749464661853	0.018022499999915453	epochs	3.0
3025.767487161853	0.035822100000132195	epochs	2.0
3025.767487161853	0.017947900000308437	epochs	3.0
3025.785435061853	0.01787419999982376	epochs	3.0
3025.803309261853	0.03552900000022419	epochs	2.0
3025.803309261853	0.017800800000259187	epochs	3.0
3025.8211100618532	0.017728199999965	epochs	3.0
3025.838838261853	0.03524070000003121	epochs	2.0
3025.838838261853	0.01765609999984008	epochs	3.0
3025.856494361853	0.01758460000019113	epochs	3.0
3025.8740789618532	0.03495709999970131	epochs	2.0
3025.8740789618532	0.01751369999965391	epochs	3.0
3025.891592661853	0.017443400000047404	epochs	3.0
3025.909036061853	0.03467790000013338	epochs	2.0
3025.909036061853	0.01737360000015542	epochs	3.0
3025.926409661853	0.017304299999977957	epochs	3.0
3025.943713961853	0.03440330000012182	epochs	2.0
3025.943713961853	0.017235700000128418	epochs	3.0
3025.960949661853	0.0171675999999934	epochs	3.0
3025.978117261853	0.03413279999995211	epochs	2.0
3025.978117261853	0.017099899999720947	epochs	3.0
3025.995217161853	0.017032900000231166	epochs	3.0
3026.012250061853	0.03386670000008962	epochs	2.0
3026.012250061853	0.01696640000000116	epochs	3.0
3026.029216461853	0.016900300000088464	epochs	3.0
3026.046116761853	0.033604599999762286	epochs	2.0
3026.046116761853	0.016834799999742245	epochs	3.0
3026.062951561853	0.01676980000002004	epochs	3.0
3026.079721361853	0.0333466000001863	epochs	2.0
3026.079721361853	0.016705300000012357	epochs	3.0
3026.096426661853	0.016641300000173942	epochs	3.0
3026.113067961853	0.033092499999838765	epochs	2.0
3026.113067961853	0.016577800000050047	epochs	3.0
3026.129645761853	0.016514699999788718	epochs	3.0
3026.146160461853	0.032842300000083924	epochs	2.0
3026.146160461853	0.01645220000000336	epochs	3.0
3026.162612661853	0.016390100000080565	epochs	3.0
3026.179002761853	0.03259570000000167	epochs	2.0
3026.179002761853	0.016328400000020338	epochs	3.0
3026.195331161853	0.016267299999981333	epochs	3.0
3026.211598461853	0.03235289999975066	epochs	2.0
3026.211598461853	0.016206599999804894	epochs	3.0
3026.227805061853	0.016146299999945768	epochs	3.0
3026.243951361853	0.032113700000081735	epochs	2.0
3026.243951361853	0.016086600000107865	epochs	3.0
3026.260037961853	0.01602709999997387	epochs	3.0
3026.276065061853	0.03187800000023344	epochs	2.0
3026.276065061853	0.015968200000315846	epochs	3.0
3026.2920332618532	0.015909799999917595	epochs	3.0
3026.307943061853	0.03164569999989908	epochs	2.0
3026.307943061853	0.015851599999678	epochs	3.0
3026.323794661853	0.01579410000022108	epochs	3.0
3026.339588761853	0.03141670000013619	epochs	2.0
3026.339588761853	0.015736700000161363	epochs	3.0
3026.355325461853	0.015679999999974825	epochs	3.0
3026.371005461853	0.03119109999988723	epochs	2.0
3026.371005461853	0.015623599999798898	epochs	3.0
3026.386629061853	0.01556750000008833	epochs	3.0
3026.402196561853	0.030968699999903038	epochs	2.0
3026.402196561853	0.015511999999944237	epochs	3.0
3026.417708561853	0.0154566999999588	epochs	3.0
3026.433165261853	0.030749500000183616	epochs	2.0
3026.433165261853	0.015401999999994587	epochs	3.0
3026.448567261853	0.01534750000018903	epochs	3.0
3026.463914761853	0.030533199999808858	epochs	2.0
3026.463914761853	0.01529339999979129	epochs	3.0
3026.479208161853	0.015239800000017567	epochs	3.0
3026.494447961853	0.030320100000153616	epochs	2.0
3026.494447961853	0.015186500000254455	epochs	3.0
3026.5096344618532	0.015133599999899161	epochs	3.0
3026.524768061853	0.030109899999843037	epochs	2.0
3026.524768061853	0.015081000000009226	epochs	3.0
3026.539849061853	0.015028899999833811	epochs	3.0
3026.554877961853	0.029902499999934662	epochs	2.0
3026.554877961853	0.0149770000002718	epochs	3.0
3026.5698549618533	0.014925499999662861	epochs	3.0
3026.584780461853	0.0296981000001324	epochs	2.0
3026.584780461853	0.01487440000028073	epochs	3.0
3026.599654861853	0.01482369999985167	epochs	3.0
3026.614478561853	0.029496300000118936	epochs	2.0
3026.614478561853	0.014773200000036013	epochs	3.0
3026.629251761853	0.014723100000082923	epochs	3.0
3026.643974861853	0.029297399999904883	epochs	2.0
3026.643974861853	0.014673399999992398	epochs	3.0
3026.658648261853	0.014623999999912485	epochs	3.0
3026.673272261853	0.029101099999934377	epochs	2.0
3026.673272261853	0.014574899999843183	epochs	3.0
3026.687847161853	0.014526200000091194	epochs	3.0
3026.702373361853	0.028907400000207417	epochs	2.0
3026.702373361853	0.014477700000043114	epochs	3.0
3026.716851061853	0.014429700000164303	epochs	3.0
3026.731280761853	0.028716199999962555	epochs	2.0
3026.731280761853	0.014381799999682698	epochs	3.0
3026.745662561853	0.014334400000279857	epochs	3.0
3026.759996961853	0.02852759999996124	epochs	2.0
3026.759996961853	0.01428719999967143	epochs	3.0
3026.774284161853	0.01424040000028981	epochs	3.0
3026.788524561853	0.028341400000044814	epochs	2.0
3026.788524561853	0.014193799999702605	epochs	3.0
3026.802718361853	0.014147600000342209	epochs	3.0
3026.816865961853	0.028157700000065233	epochs	2.0
3026.816865961853	0.014101699999628181	epochs	3.0
3026.830967661853	0.014056000000437052	epochs	3.0
3026.8450236618532	0.02797629999986384	epochs	2.0
3026.8450236618532	0.014010599999892293	epochs	3.0
3026.859034261853	0.013965699999971548	epochs	3.0
3026.872999961853	0.027797199999895383	epochs	2.0
3026.872999961853	0.013920800000050804	epochs	3.0
3026.886920761853	0.01387639999984458	epochs	3.0
3026.900797161853	0.02762040000015986	epochs	2.0
3026.900797161853	0.013832199999797012	epochs	3.0
3026.914629361853	0.013788200000362849	epochs	3.0
3026.928417561853	0.02744589999974778	epochs	2.0
3026.928417561853	0.013744599999881757	epochs	3.0
3026.942162161853	0.013701299999866023	epochs	3.0
3026.955863461853	0.027273500000319473	epochs	2.0
3026.955863461853	0.013658200000008947	epochs	3.0
3026.969521661853	0.013615300000310526	epochs	3.0
3026.9831369618532	0.02710339999975986	epochs	2.0
3026.9831369618532	0.013572799999565177	epochs	3.0
3026.996709761853	0.013530600000194681	epochs	3.0
3027.010240361853	0.02693520000002536	epochs	2.0
3027.010240361853	0.01348839999991469	epochs	3.0
3027.023728761853	0.01344680000011067	epochs	3.0
3027.037175561853	0.026769200000217097	epochs	2.0
3027.037175561853	0.013405199999851902	epochs	3.0
3027.050580761853	0.013364000000365195	epochs	3.0
3027.0639447618532	0.026605199999721663	epochs	2.0
3027.0639447618532	0.013322899999820947	epochs	3.0
3027.077267661853	0.013282299999900715	epochs	3.0
3027.090549961853	0.0264431999999033	epochs	2.0
3027.090549961853	0.013241699999980483	epochs	3.0
3027.103791661853	0.013201499999922817	epochs	3.0
3027.116993161853	0.02628320000030726	epochs	2.0
3027.116993161853	0.013161500000023807	epochs	3.0
3027.130154661853	0.013121700000283454	epochs	3.0
3027.143276361853	0.026124999999865395	epochs	2.0
3027.143276361853	0.013082099999792263	epochs	3.0
3027.156358461853	0.013042900000073132	epochs	3.0
3027.169401361853	0.025968899999952555	epochs	2.0
3027.169401361853	0.01300390000005791	epochs	3.0
3027.182405261853	0.012964999999894644	epochs	3.0
3027.195370261853	0.025814500000251428	epochs	2.0
3027.195370261853	0.012926400000196736	epochs	3.0
3027.208296661853	0.012888100000054692	epochs	3.0
3027.2211847618532	0.025661899999704474	epochs	2.0
3027.2211847618532	0.012849899999764602	epochs	3.0
3027.234034661853	0.012811999999939871	epochs	3.0
3027.246846661853	0.025511199999982637	epochs	2.0
3027.246846661853	0.012774400000125752	epochs	3.0
3027.259621061853	0.012736799999856885	epochs	3.0
3027.272357861853	0.025362300000324467	epochs	2.0
3027.272357861853	0.012699700000212033	epochs	3.0
3027.285057561853	0.012662600000112434	epochs	3.0
3027.2977201618532	0.025214999999661813	epochs	2.0
3027.2977201618532	0.012625799999568699	epochs	3.0
3027.310345961853	0.012589200000093115	epochs	3.0
3027.322935161853	0.024584799999956886	epochs	2.0
3027.3460173618532	0.5	epochs	-1.0
3027.347519961853	0.5012000000001535	epochs	1.0
3027.848719961853	0.49872000000004846	epochs	0.0
3028.255000114441	0.057519999999840365	epochs	0.0
3028.255000114441	0.023761500000091473	epochs	1.0
3028.278761614441	0.009997000000112166	epochs	1.0
3028.288758614441	0.023761499999636726	epochs	1.0
3028.3125201144408	2.0	epochs	0.0
3030.3125201144408	21.501680000000306	epochs	0.0
3030.3125201144408	1.0	epochs	1.0
3030.312537514441	0.5	epochs	-1.0
3030.812537514441	19.9984800000002	epochs	-1.0
3031.3125201144408	20.0	epochs	1.0
3031.3125201144408	4.356753900000058	epochs	-1.0
3031.3125201144408	1.9745872000003146	epochs	2.0
3031.3125201144408	1.0985622000002877	epochs	3.0
3032.411082314441	0.8760250000000269	epochs	3.0
3033.287107314441	1.3524075000000266	epochs	2.0
3033.287107314441	0.7286354999996547	epochs	3.0
3034.0157428144407	0.6237720000003719	epochs	3.0
3034.639514814441	1.0297591999997167	epochs	2.0
3034.639514814441	0.5453292999995938	epochs	3.0
3035.1848441144407	0.48442990000012287	epochs	3.0
3035.669274014441	0.8317861999998968	epochs	2.0
3035.669274014441	0.43577630000027057	epochs	3.0
3036.105050314441	0.3960098999996262	epochs	3.0
3036.5010602144407	0.6977970000002642	epochs	2.0
3036.5010602144407	0.3628982000000178	epochs	3.0
3036.8639584144407	0.3348988000002464	epochs	3.0
3037.198857214441	0.6010456999997587	epochs	2.0
3037.198857214441	0.3109122999999272	epochs	3.0
3037.509769514441	0.29013339999983145	epochs	3.0
3037.7999029144407	0.5278859000000011	epochs	2.0
3037.7999029144407	0.27195860000028915	epochs	3.0
3038.071861514441	0.255927299999712	epochs	3.0
3038.3277888144407	0.4706193000001804	epochs	2.0
3038.3277888144407	0.241681299999982	epochs	3.0
3038.5694701144407	0.22893800000019837	epochs	3.0
3038.798408114441	0.42457039999999324	epochs	2.0
3038.798408114441	0.2174713999997948	epochs	3.0
3039.0158795144407	0.20709900000019843	epochs	3.0
3039.222978514441	0.3867353999999068	epochs	2.0
3039.222978514441	0.19767110000020693	epochs	3.0
3039.420649614441	0.18906429999969987	epochs	3.0
3039.609713914441	0.35509529999990264	epochs	2.0
3039.609713914441	0.18117590000019845	epochs	3.0
3039.790889814441	0.17391939999970418	epochs	3.0
3039.9648092144407	0.32824310000023615	epochs	2.0
3039.9648092144407	0.167221900000186	epochs	3.0
3040.132031114441	0.16102120000005016	epochs	3.0
3040.293052314441	0.3051679999998669	epochs	2.0
3040.293052314441	0.15526390000013635	epochs	3.0
3040.448316214441	0.14990409999973053	epochs	3.0
3040.598220314441	0.28512529999989056	epochs	2.0
3040.598220314441	0.14490210000030856	epochs	3.0
3040.743122414441	0.140223199999582	epochs	3.0
3040.8833456144407	0.26755380000031437	epochs	2.0
3040.8833456144407	0.13583690000041315	epochs	3.0
3041.019182514441	0.13171689999990122	epochs	3.0
3041.150899414441	0.2520228999997016	epochs	2.0
3041.150899414441	0.12783929999977772	epochs	3.0
3041.278738714441	0.1241835999999239	epochs	3.0
3041.4029223144407	0.23819650000041293	epochs	2.0
3041.4029223144407	0.12073110000028464	epochs	3.0
3041.523653414441	0.11746540000012828	epochs	3.0
3041.641118814441	0.22580879999986792	epochs	2.0
3041.641118814441	0.11437189999969632	epochs	3.0
3041.755490714441	0.11143690000017159	epochs	3.0
3041.866927614441	0.21464599999990241	epochs	2.0
3041.866927614441	0.10864889999993466	epochs	3.0
3041.975576514441	0.10599709999996776	epochs	3.0
3042.081573614441	0.2045349999998507	epochs	2.0
3042.081573614441	0.10347150000006877	epochs	3.0
3042.185045114441	0.10106349999978192	epochs	3.0
3042.2861086144408	0.19533400000000256	epochs	2.0
3042.2861086144408	0.09876510000003691	epochs	3.0
3042.384873714441	0.09656889999996565	epochs	3.0
3042.4814426144408	0.18692529999998442	epochs	2.0
3042.4814426144408	0.0944683000002442	epochs	3.0
3042.575910914441	0.09245699999974022	epochs	3.0
3042.6683679144408	0.1792107000001124	epochs	2.0
3042.6683679144408	0.0905296000000817	epochs	3.0
3042.758897514441	0.08868110000003071	epochs	3.0
3042.847578614441	0.17210770000019693	epochs	2.0
3042.847578614441	0.08690630000000965	epochs	3.0
3042.934484914441	0.08520140000018728	epochs	3.0
3043.019686314441	0.16554640000003928	epochs	2.0
3043.019686314441	0.08356189999994967	epochs	3.0
3043.103248214441	0.08198450000008961	epochs	3.0
3043.185232714441	0.15946709999980158	epochs	2.0
3043.185232714441	0.08046539999986635	epochs	3.0
3043.265698114441	0.07900169999993523	epochs	3.0
3043.344699814441	0.15381840000009106	epochs	2.0
3043.344699814441	0.07759010000017952	epochs	3.0
3043.422289914441	0.07622829999991154	epochs	3.0
3043.498518214441	0.14855639999996129	epochs	2.0
3043.498518214441	0.07491329999993468	epochs	3.0
3043.573431514441	0.0736431000000266	epochs	3.0
3043.647074614441	0.1436423999998624	epochs	2.0
3043.647074614441	0.07241500000009182	epochs	3.0
3043.719489614441	0.07122739999977057	epochs	3.0
3043.790717014441	0.13904309999998077	epochs	2.0
3043.790717014441	0.07007800000019415	epochs	3.0
3043.860795014441	0.06896509999978662	epochs	3.0
3043.929760114441	0.13472930000034467	epochs	2.0
3043.929760114441	0.0678871000000072	epochs	3.0
3043.997647214441	0.06684220000033747	epochs	3.0
3044.064489414441	0.13067519999958677	epochs	2.0
3044.064489414441	0.06582909999997355	epochs	3.0
3044.130318514441	0.06484609999961322	epochs	3.0
3044.1951646144407	0.12685780000037994	epochs	2.0
3044.1951646144407	0.06389200000012352	epochs	3.0
3044.259056614441	0.06296580000025642	epochs	3.0
3044.322022414441	0.12325719999989815	epochs	2.0
3044.322022414441	0.06206579999980022	epochs	3.0
3044.384088214441	0.06119140000009793	epochs	3.0
3044.445279614441	0.11985539999977846	epochs	2.0
3044.445279614441	0.06034109999973225	epochs	3.0
3044.5056207144407	0.059514300000046205	epochs	3.0
3044.565135014441	0.11663620000035735	epochs	2.0
3044.565135014441	0.058709599999929196	epochs	3.0
3044.6238446144407	0.05792660000042815	epochs	3.0
3044.681771214441	0.11358559999962381	epochs	2.0
3044.681771214441	0.05716419999998834	epochs	3.0
3044.738935414441	0.05642139999963547	epochs	3.0
3044.7953568144408	0.11069050000014613	epochs	2.0
3044.7953568144408	0.05569790000026842	epochs	3.0
3044.851054714441	0.05499259999987771	epochs	3.0
3044.906047314441	0.10793909999983953	epochs	2.0
3044.906047314441	0.054304899999806366	epochs	3.0
3044.9603522144407	0.05363420000003316	epochs	3.0
3045.0139864144408	0.10532150000017282	epochs	2.0
3045.0139864144408	0.05298000000038883	epochs	3.0
3045.066966414441	0.05234149999978399	epochs	3.0
3045.119307914441	0.10282760000018243	epochs	2.0
3045.119307914441	0.05171810000001642	epochs	3.0
3045.171026014441	0.05110950000016601	epochs	3.0
3045.222135514441	0.10044909999987794	epochs	2.0
3045.222135514441	0.05051489999959813	epochs	3.0
3045.2726504144407	0.049934200000279816	epochs	3.0
3045.322584614441	0.09817829999974492	epochs	2.0
3045.322584614441	0.049366599999757454	epochs	3.0
3045.3719512144407	0.04881169999998747	epochs	3.0
3045.4207629144407	0.09600780000027953	epochs	2.0
3045.4207629144407	0.04826920000004975	epochs	3.0
3045.469032114441	0.04773860000022978	epochs	3.0
3045.516770714441	0.09393120000004274	epochs	2.0
3045.516770714441	0.0472194999997555	epochs	3.0
3045.5639902144408	0.04671170000028724	epochs	3.0
3045.610701914441	0.09194260000003851	epochs	2.0
3045.610701914441	0.046214599999984785	epochs	3.0
3045.656916514441	0.045728000000053726	epochs	3.0
3045.702644514441	0.09003629999961049	epochs	2.0
3045.702644514441	0.045251499999722	epochs	3.0
3045.747896014441	0.04478479999988849	epochs	3.0
3045.7926808144407	0.08820760000025984	epochs	2.0
3045.7926808144407	0.0443278000002465	epochs	3.0
3045.837008614441	0.04387980000001335	epochs	3.0
3045.880888414441	0.0864516999999978	epochs	2.0
3045.880888414441	0.04344099999980244	epochs	3.0
3045.9243294144408	0.04301070000019536	epochs	3.0
3045.967340114441	0.08476429999973334	epochs	2.0
3045.967340114441	0.04258900000013455	epochs	3.0
3046.009929114441	0.04217529999959879	epochs	3.0
3046.0521044144407	0.08314150000023801	epochs	2.0
3046.0521044144407	0.041769700000259036	epochs	3.0
3046.093874114441	0.041371799999978975	epochs	3.0
3046.135245914441	0.08157970000002024	epochs	2.0
3046.135245914441	0.040981399999964196	epochs	3.0
3046.176227314441	0.04059830000005604	epochs	3.0
3046.216825614441	0.08007550000002084	epochs	2.0
3046.216825614441	0.040222300000095856	epochs	3.0
3046.257047914441	0.03985319999992498	epochs	3.0
3046.296901114441	0.07862569999997504	epochs	2.0
3046.296901114441	0.03949079999983951	epochs	3.0
3046.336391914441	0.03913490000013553	epochs	3.0
3046.375526814441	0.07722759999978734	epochs	2.0
3046.375526814441	0.038785400000051595	epochs	3.0
3046.414312214441	0.03844219999973575	epochs	3.0
3046.4527544144407	0.07587820000026113	epochs	2.0
3046.4527544144407	0.038104800000382966	epochs	3.0
3046.490859214441	0.037773399999878166	epochs	3.0
3046.528632614441	0.07457519999979922	epochs	2.0
3046.528632614441	0.03744770000002973	epochs	3.0
3046.566080314441	0.0371274999997695	epochs	3.0
3046.603207814441	0.07331629999998768	epochs	2.0
3046.603207814441	0.036812900000313675	epochs	3.0
3046.640020714441	0.036503399999674	epochs	3.0
3046.676524114441	0.07209899999998015	epochs	2.0
3046.676524114441	0.03619909999997617	epochs	3.0
3046.7127232144408	0.03589990000000398	epochs	3.0
3046.7486231144408	0.07092170000032638	epochs	2.0
3046.7486231144408	0.03560560000005353	epochs	3.0
3046.784228714441	0.035316100000272854	epochs	3.0
3046.819544814441	0.06978200000003199	epochs	2.0
3046.819544814441	0.03503120000004856	epochs	3.0
3046.854576014441	0.03475079999998343	epochs	3.0
3046.889326814441	0.06867859999965731	epochs	2.0
3046.889326814441	0.03447509999978138	epochs	3.0
3046.923801914441	0.03420349999987593	epochs	3.0
3046.958005414441	0.06760930000018561	epochs	2.0
3046.958005414441	0.033936199999970995	epochs	3.0
3046.9919416144407	0.03367310000021462	epochs	3.0
3047.025614714441	0.06657289999975546	epochs	2.0
3047.025614714441	0.03341399999999339	epochs	3.0
3047.059028714441	0.03315889999976207	epochs	3.0
3047.0921876144407	0.06556780000028084	epochs	2.0
3047.0921876144407	0.03290770000012344	epochs	3.0
3047.125095314441	0.0326601000001574	epochs	3.0
3047.157755414441	0.06459259999974165	epochs	2.0
3047.157755414441	0.03241639999987456	epochs	3.0
3047.190171814441	0.032176199999867094	epochs	3.0
3047.2223480144407	0.06364600000006249	epochs	2.0
3047.2223480144407	0.03193959999998697	epochs	3.0
3047.2542876144407	0.03170640000007552	epochs	3.0
3047.285994014441	0.0627266999999847	epochs	2.0
3047.285994014441	0.03147660000013275	epochs	3.0
3047.317470614441	0.031250099999851955	epochs	3.0
3047.348720714441	0.06183360000022731	epochs	2.0
3047.348720714441	0.031026900000142632	epochs	3.0
3047.379747614441	0.030806700000084675	epochs	3.0
3047.410554314441	0.06096559999969031	epochs	2.0
3047.410554314441	0.030589799999688694	epochs	3.0
3047.4411441144407	0.030375800000001618	epochs	3.0
3047.4715199144407	0.06012160000000222	epochs	2.0
3047.4715199144407	0.03016490000027261	epochs	3.0
3047.501684814441	0.029956699999729608	epochs	3.0
3047.5316415144407	0.059300700000221696	epochs	2.0
3047.5316415144407	0.029751600000054168	epochs	3.0
3047.5613931144408	0.029549100000167527	epochs	3.0
3047.590942214441	0.058501800000158255	epochs	2.0
3047.590942214441	0.029349399999773595	epochs	3.0
3047.6202916144407	0.02915240000038466	epochs	3.0
3047.649444014441	0.05772419999993872	epochs	2.0
3047.649444014441	0.028957999999875028	epochs	3.0
3047.678402014441	0.02876620000006369	epochs	3.0
3047.707168214441	0.056967099999837956	epochs	2.0
3047.707168214441	0.028577000000041153	epochs	3.0
3047.735745214441	0.028390099999796803	epochs	3.0
3047.764135314441	0.05622949999997218	epochs	2.0
3047.764135314441	0.028205699999944045	epochs	3.0
3047.792341014441	0.028023800000028132	epochs	3.0
3047.820364814441	0.05551070000001346	epochs	2.0
3047.820364814441	0.027844000000186497	epochs	3.0
3047.848208814441	0.02766669999982696	epochs	3.0
3047.875875514441	0.05481020000024728	epochs	2.0
3047.875875514441	0.02749149999999645	epochs	3.0
3047.903367014441	0.02731870000025083	epochs	3.0
3047.930685714441	0.054126999999880354	epochs	2.0
3047.930685714441	0.027147799999966082	epochs	3.0
3047.957833514441	0.026979199999914272	epochs	3.0
3047.984812714441	0.053460699999959616	epochs	2.0
3047.984812714441	0.026812600000084785	epochs	3.0
3048.011625314441	0.02664809999987483	epochs	3.0
3048.038273414441	0.05281070000000909	epochs	2.0
3048.038273414441	0.0264855999998872	epochs	3.0
3048.064759014441	0.026325100000121893	epochs	3.0
3048.091084114441	0.052176199999848905	epochs	2.0
3048.091084114441	0.026166399999965506	epochs	3.0
3048.117250514441	0.0260097999998834	epochs	3.0
3048.143260314441	0.05155670000021928	epochs	2.0
3048.143260314441	0.02585480000016105	epochs	3.0
3048.169115114441	0.02570190000005823	epochs	3.0
3048.194817014441	0.050951899999745365	epochs	2.0
3048.194817014441	0.02555069999971238	epochs	3.0
3048.2203677144407	0.025401200000032986	epochs	3.0
3048.2457689144408	0.05036100000006627	epochs	2.0
3048.2457689144408	0.025253499999962514	epochs	3.0
3048.2710224144407	0.025107500000103755	epochs	3.0
3048.296129914441	0.04978380000011384	epochs	2.0
3048.296129914441	0.02496320000000196	epochs	3.0
3048.321093114441	0.02482060000011188	epochs	3.0
3048.345913714441	0.04921950000016295	epochs	2.0
3048.345913714441	0.024679399999968155	epochs	3.0
3048.370593114441	0.024540100000194798	epochs	3.0
3048.395133214441	0.048667899999600195	epochs	2.0
3048.395133214441	0.024402099999861093	epochs	3.0
3048.419535314441	0.0242657999997391	epochs	3.0
3048.4438011144407	0.048128600000381994	epochs	2.0
3048.4438011144407	0.024131000000124914	epochs	3.0
3048.467932114441	0.02399760000025708	epochs	3.0
3048.491929714441	0.0476010999996106	epochs	2.0
3048.491929714441	0.02386579999983951	epochs	3.0
3048.515795514441	0.023735299999771087	epochs	3.0
3048.5395308144407	0.04708500000015192	epochs	2.0
3048.5395308144407	0.023606300000210467	epochs	3.0
3048.563137114441	0.023478699999941455	epochs	3.0
3048.586615814441	0.04658000000017637	epochs	2.0
3048.586615814441	0.023352499999873544	epochs	3.0
3048.6099683144407	0.023227500000302825	epochs	3.0
3048.633195814441	0.04608569999982137	epochs	2.0
3048.633195814441	0.02310399999987567	epochs	3.0
3048.656299814441	0.022981699999945704	epochs	3.0
3048.679281514441	0.045601799999985815	epochs	2.0
3048.679281514441	0.02286069999991014	epochs	3.0
3048.7021422144408	0.022741100000075676	epochs	3.0
3048.724883314441	0.045127899999897636	epochs	2.0
3048.724883314441	0.022622500000125	epochs	3.0
3048.747505814441	0.022505399999772635	epochs	3.0
3048.7700112144407	0.044663800000307674	epochs	2.0
3048.7700112144407	0.022389300000213552	epochs	3.0
3048.792400514441	0.022274500000094122	epochs	3.0
3048.814675014441	0.044209199999841076	epochs	2.0
3048.814675014441	0.022160799999710434	epochs	3.0
3048.8368358144407	0.02204840000013064	epochs	3.0
3048.858884214441	0.04376360000014756	epochs	2.0
3048.858884214441	0.021936900000127935	epochs	3.0
3048.880821114441	0.021826700000019628	epochs	3.0
3048.902647814441	0.043327099999714846	epochs	2.0
3048.902647814441	0.02171760000010181	epochs	3.0
3048.924365414441	0.021609499999613035	epochs	3.0
3048.9459749144407	0.04289900000003399	epochs	2.0
3048.9459749144407	0.021502500000224245	epochs	3.0
3048.967477414441	0.021396499999809748	epochs	3.0
3048.988873914441	0.042479500000354165	epochs	2.0
3048.988873914441	0.02129170000034719	epochs	3.0
3049.010165614441	0.021187800000006973	epochs	3.0
3049.031353414441	0.04206789999989269	epochs	2.0
3049.031353414441	0.02108490000000529	epochs	3.0
3049.052438314441	0.020982999999887397	epochs	3.0
3049.073421314441	0.041664399999717716	epochs	2.0
3049.073421314441	0.020882199999959994	epochs	3.0
3049.094303514441	0.020782199999757722	epochs	3.0
3049.1150857144407	0.04126850000011473	epochs	2.0
3049.1150857144407	0.02068330000020069	epochs	3.0
3049.135769014441	0.02058519999991404	epochs	3.0
3049.156354214441	0.04088000000001557	epochs	2.0
3049.156354214441	0.020488099999965925	epochs	3.0
3049.176842314441	0.020391900000049645	epochs	3.0
3049.197234214441	0.04049880000002304	epochs	2.0
3049.197234214441	0.0202966000001652	epochs	3.0
3049.217530814441	0.02020219999985784	epochs	3.0
3049.237733014441	0.04012460000012652	epochs	2.0
3049.237733014441	0.02010870000003706	epochs	3.0
3049.257841714441	0.02001590000008946	epochs	3.0
3049.277857614441	0.03975730000001931	epochs	2.0
3049.277857614441	0.0199241999998776	epochs	3.0
3049.297781814441	0.019833100000141712	epochs	3.0
3049.317614914441	0.03939669999999751	epochs	2.0
3049.317614914441	0.019742999999834865	epochs	3.0
3049.337357914441	0.019653700000162644	epochs	3.0
3049.357011614441	0.03904239999974379	epochs	2.0
3049.357011614441	0.019565099999908853	epochs	3.0
3049.376576714441	0.01947729999983494	epochs	3.0
3049.396054014441	0.03869460000032632	epochs	2.0
3049.396054014441	0.01939040000024761	epochs	3.0
3049.415444414441	0.01930420000007871	epochs	3.0
3049.434748614441	0.03835289999960878	epochs	2.0
3049.434748614441	0.01921879999963494	epochs	3.0
3049.4539674144407	0.01913409999997384	epochs	3.0
3049.4731015144407	0.03801720000001296	epochs	2.0
3049.4731015144407	0.019050200000037876	epochs	3.0
3049.4921517144408	0.018966999999975087	epochs	3.0
3049.5111187144407	0.03768720000016401	epochs	2.0
3049.5111187144407	0.018884500000240223	epochs	3.0
3049.530003214441	0.01880269999992379	epochs	3.0
3049.548805914441	0.037363100000220584	epochs	2.0
3049.548805914441	0.01872170000024198	epochs	3.0
3049.567527614441	0.018641399999978603	epochs	3.0
3049.586169014441	0.03704429999970671	epochs	2.0
3049.586169014441	0.018561599999884493	epochs	3.0
3049.604730614441	0.018482699999822216	epochs	3.0
3049.623213314441	0.036731000000145286	epochs	2.0
3049.623213314441	0.018404299999929208	epochs	3.0
3049.6416176144407	0.01832670000021608	epochs	3.0
3049.659944314441	0.03642290000016146	epochs	2.0
3049.659944314441	0.018249599999762722	epochs	3.0
3049.6781939144407	0.01817330000039874	epochs	3.0
3049.696367214441	0.03612009999960719	epochs	2.0
3049.696367214441	0.018097599999691738	epochs	3.0
3049.714464814441	0.018022499999915453	epochs	3.0
3049.7324873144407	0.035822100000132195	epochs	2.0
3049.7324873144407	0.017947900000308437	epochs	3.0
3049.750435214441	0.01787419999982376	epochs	3.0
3049.768309414441	0.03552900000022419	epochs	2.0
3049.768309414441	0.017800800000259187	epochs	3.0
3049.786110214441	0.017728199999965	epochs	3.0
3049.803838414441	0.03524070000003121	epochs	2.0
3049.803838414441	0.01765609999984008	epochs	3.0
3049.821494514441	0.01758460000019113	epochs	3.0
3049.839079114441	0.03495709999970131	epochs	2.0
3049.839079114441	0.01751369999965391	epochs	3.0
3049.856592814441	0.017443400000047404	epochs	3.0
3049.874036214441	0.03467790000013338	epochs	2.0
3049.874036214441	0.01737360000015542	epochs	3.0
3049.891409814441	0.017304299999977957	epochs	3.0
3049.908714114441	0.03440330000012182	epochs	2.0
3049.908714114441	0.017235700000128418	epochs	3.0
3049.925949814441	0.0171675999999934	epochs	3.0
3049.943117414441	0.03413279999995211	epochs	2.0
3049.943117414441	0.017099899999720947	epochs	3.0
3049.960217314441	0.017032900000231166	epochs	3.0
3049.977250214441	0.03386670000008962	epochs	2.0
3049.977250214441	0.01696640000000116	epochs	3.0
3049.994216614441	0.016900300000088464	epochs	3.0
3050.011116914441	0.033604599999762286	epochs	2.0
3050.011116914441	0.016834799999742245	epochs	3.0
3050.027951714441	0.01676980000002004	epochs	3.0
3050.044721514441	0.0333466000001863	epochs	2.0
3050.044721514441	0.016705300000012357	epochs	3.0
3050.061426814441	0.016641300000173942	epochs	3.0
3050.078068114441	0.033092499999838765	epochs	2.0
3050.078068114441	0.016577800000050047	epochs	3.0
3050.094645914441	0.016514699999788718	epochs	3.0
3050.111160614441	0.032842300000083924	epochs	2.0
3050.111160614441	0.01645220000000336	epochs	3.0
3050.127612814441	0.016390100000080565	epochs	3.0
3050.144002914441	0.03259570000000167	epochs	2.0
3050.144002914441	0.016328400000020338	epochs	3.0
3050.160331314441	0.016267299999981333	epochs	3.0
3050.176598614441	0.03235289999975066	epochs	2.0
3050.176598614441	0.016206599999804894	epochs	3.0
3050.192805214441	0.016146299999945768	epochs	3.0
3050.2089515144407	0.032113700000081735	epochs	2.0
3050.2089515144407	0.016086600000107865	epochs	3.0
3050.225038114441	0.01602709999997387	epochs	3.0
3050.241065214441	0.03187800000023344	epochs	2.0
3050.241065214441	0.015968200000315846	epochs	3.0
3050.257033414441	0.015909799999917595	epochs	3.0
3050.272943214441	0.03164569999989908	epochs	2.0
3050.272943214441	0.015851599999678	epochs	3.0
3050.2887948144407	0.01579410000022108	epochs	3.0
3050.304588914441	0.03141670000013619	epochs	2.0
3050.304588914441	0.015736700000161363	epochs	3.0
3050.320325614441	0.015679999999974825	epochs	3.0
3050.336005614441	0.03119109999988723	epochs	2.0
3050.336005614441	0.015623599999798898	epochs	3.0
3050.351629214441	0.01556750000008833	epochs	3.0
3050.367196714441	0.030968699999903038	epochs	2.0
3050.367196714441	0.015511999999944237	epochs	3.0
3050.382708714441	0.0154566999999588	epochs	3.0
3050.398165414441	0.030749500000183616	epochs	2.0
3050.398165414441	0.015401999999994587	epochs	3.0
3050.413567414441	0.01534750000018903	epochs	3.0
3050.428914914441	0.030533199999808858	epochs	2.0
3050.428914914441	0.01529339999979129	epochs	3.0
3050.444208314441	0.015239800000017567	epochs	3.0
3050.459448114441	0.030320100000153616	epochs	2.0
3050.459448114441	0.015186500000254455	epochs	3.0
3050.474634614441	0.015133599999899161	epochs	3.0
3050.489768214441	0.030109899999843037	epochs	2.0
3050.489768214441	0.015081000000009226	epochs	3.0
3050.504849214441	0.015028899999833811	epochs	3.0
3050.519878114441	0.029902499999934662	epochs	2.0
3050.519878114441	0.0149770000002718	epochs	3.0
3050.534855114441	0.014925499999662861	epochs	3.0
3050.549780614441	0.0296981000001324	epochs	2.0
3050.549780614441	0.01487440000028073	epochs	3.0
3050.564655014441	0.01482369999985167	epochs	3.0
3050.579478714441	0.029496300000118936	epochs	2.0
3050.579478714441	0.014773200000036013	epochs	3.0
3050.594251914441	0.014723100000082923	epochs	3.0
3050.608975014441	0.029297399999904883	epochs	2.0
3050.608975014441	0.014673399999992398	epochs	3.0
3050.623648414441	0.014623999999912485	epochs	3.0
3050.638272414441	0.029101099999934377	epochs	2.0
3050.638272414441	0.014574899999843183	epochs	3.0
3050.652847314441	0.014526200000091194	epochs	3.0
3050.667373514441	0.028907400000207417	epochs	2.0
3050.667373514441	0.014477700000043114	epochs	3.0
3050.681851214441	0.014429700000164303	epochs	3.0
3050.696280914441	0.028716199999962555	epochs	2.0
3050.696280914441	0.014381799999682698	epochs	3.0
3050.710662714441	0.014334400000279857	epochs	3.0
3050.724997114441	0.02852759999996124	epochs	2.0
3050.724997114441	0.01428719999967143	epochs	3.0
3050.7392843144407	0.01424040000028981	epochs	3.0
3050.753524714441	0.028341400000044814	epochs	2.0
3050.753524714441	0.014193799999702605	epochs	3.0
3050.7677185144407	0.014147600000342209	epochs	3.0
3050.781866114441	0.028157700000065233	epochs	2.0
3050.781866114441	0.014101699999628181	epochs	3.0
3050.7959678144407	0.014056000000437052	epochs	3.0
3050.810023814441	0.02797629999986384	epochs	2.0
3050.810023814441	0.014010599999892293	epochs	3.0
3050.824034414441	0.013965699999971548	epochs	3.0
3050.838000114441	0.027797199999895383	epochs	2.0
3050.838000114441	0.013920800000050804	epochs	3.0
3050.851920914441	0.01387639999984458	epochs	3.0
3050.865797314441	0.02762040000015986	epochs	2.0
3050.865797314441	0.013832199999797012	epochs	3.0
3050.8796295144407	0.013788200000362849	epochs	3.0
3050.893417714441	0.02744589999974778	epochs	2.0
3050.893417714441	0.013744599999881757	epochs	3.0
3050.907162314441	0.013701299999866023	epochs	3.0
3050.920863614441	0.027273500000319473	epochs	2.0
3050.920863614441	0.013658200000008947	epochs	3.0
3050.934521814441	0.013615300000310526	epochs	3.0
3050.948137114441	0.02710339999975986	epochs	2.0
3050.948137114441	0.013572799999565177	epochs	3.0
3050.9617099144407	0.013530600000194681	epochs	3.0
3050.975240514441	0.02693520000002536	epochs	2.0
3050.975240514441	0.01348839999991469	epochs	3.0
3050.988728914441	0.01344680000011067	epochs	3.0
3051.002175714441	0.026769200000217097	epochs	2.0
3051.002175714441	0.013405199999851902	epochs	3.0
3051.0155809144408	0.013364000000365195	epochs	3.0
3051.028944914441	0.026605199999721663	epochs	2.0
3051.028944914441	0.013322899999820947	epochs	3.0
3051.042267814441	0.013282299999900715	epochs	3.0
3051.055550114441	0.0264431999999033	epochs	2.0
3051.055550114441	0.013241699999980483	epochs	3.0
3051.068791814441	0.013201499999922817	epochs	3.0
3051.0819933144408	0.02628320000030726	epochs	2.0
3051.0819933144408	0.013161500000023807	epochs	3.0
3051.095154814441	0.013121700000283454	epochs	3.0
3051.108276514441	0.026124999999865395	epochs	2.0
3051.108276514441	0.013082099999792263	epochs	3.0
3051.121358614441	0.013042900000073132	epochs	3.0
3051.134401514441	0.025968899999952555	epochs	2.0
3051.134401514441	0.01300390000005791	epochs	3.0
3051.147405414441	0.012964999999894644	epochs	3.0
3051.160370414441	0.025814500000251428	epochs	2.0
3051.160370414441	0.012926400000196736	epochs	3.0
3051.173296814441	0.012888100000054692	epochs	3.0
3051.186184914441	0.025661899999704474	epochs	2.0
3051.186184914441	0.012849899999764602	epochs	3.0
3051.199034814441	0.012811999999939871	epochs	3.0
3051.211846814441	0.025511199999982637	epochs	2.0
3051.211846814441	0.012774400000125752	epochs	3.0
3051.224621214441	0.012736799999856885	epochs	3.0
3051.237358014441	0.025362300000324467	epochs	2.0
3051.237358014441	0.012699700000212033	epochs	3.0
3051.250057714441	0.012662600000112434	epochs	3.0
3051.262720314441	0.025214999999661813	epochs	2.0
3051.262720314441	0.012625799999568699	epochs	3.0
3051.2753461144407	0.012589200000093115	epochs	3.0
3051.287935314441	0.024584799999956886	epochs	2.0
3051.311017514441	0.5	epochs	-1.0
3051.3125201144408	0.5016800000003059	epochs	1.0
3051.814200114441	0.4982399999998961	epochs	0.0
3052.3010001182556	0.057519999999840365	epochs	0.0
3052.3010001182556	0.023761500000091473	epochs	1.0
3052.3247616182557	0.009997000000112166	epochs	1.0
3052.334758618256	0.023761499999636726	epochs	1.0
3052.3585201182555	2.0	epochs	0.0
3054.3585201182555	0.5028000000002066	epochs	0.0
3054.3585201182555	0.5028000000002066	epochs	1.0
3054.3585375182556	0.5	epochs	-1.0
3054.8585375182556	0.0027826000000459317	epochs	-1.0
3054.8613201182557	21.497119999999995	epochs	0.0
3056.239999771118	0.057519999999840365	epochs	0.0
3056.239999771118	0.023761500000091473	epochs	1.0
3056.2637612711183	0.009997000000112166	epochs	1.0
3056.2737582711184	0.023761499999636726	epochs	1.0
3056.297519771118	2.0	epochs	0.0
3058.297519771118	0.5019200000001547	epochs	0.0
3058.297519771118	0.5019200000001547	epochs	1.0
3058.297537171118	0.5	epochs	-1.0
3058.797537171118	0.0019025999999939813	epochs	-1.0
3058.799439771118	21.498000000000047	epochs	0.0
3059.9829998016357	0.057519999999840365	epochs	0.0
3059.9829998016357	0.023761500000091473	epochs	1.0
3060.006761301636	0.009997000000112166	epochs	1.0
3060.016758301636	0.023761499999636726	epochs	1.0
3060.0405198016356	2.0	epochs	0.0
3062.0405198016356	5.402000000000044	epochs	0.0
3062.0405198016356	1.0	epochs	1.0
3062.0405372016357	0.5	epochs	-1.0
3062.5405372016357	4.901982599999883	epochs	-1.0
3063.0405198016356	4.402000000000044	epochs	1.0
3063.0405198016356	4.356753900000058	epochs	-1.0
3063.0405198016356	1.9745872000003146	epochs	2.0
3063.0405198016356	1.0985622000002877	epochs	3.0
3064.139082001636	0.8760250000000269	epochs	3.0
3065.015107001636	1.3524075000000266	epochs	2.0
3065.015107001636	0.7286354999996547	epochs	3.0
3065.7437425016356	0.6237720000003719	epochs	3.0
3066.367514501636	1.0297591999997167	epochs	2.0
3066.367514501636	0.5453292999995938	epochs	3.0
3066.9128438016355	0.48442990000012287	epochs	3.0
3067.3972737016356	0.045246099999985745	epochs	2.0
3067.3972737016356	0.045246099999985745	epochs	3.0
3067.4425198016356	16.59792000000016	epochs	0.0
3067.8189997673035	0.057519999999840365	epochs	0.0
3067.8189997673035	0.023761500000091473	epochs	1.0
3067.8427612673036	0.009997000000112166	epochs	1.0
3067.8527582673037	0.023761499999636726	epochs	1.0
3067.8765197673033	2.0	epochs	0.0
3069.8765197673033	21.501840000000357	epochs	0.0
3069.8765197673033	1.0	epochs	1.0
3069.8765371673035	0.5	epochs	-1.0
3070.3765371673035	19.998639999999796	epochs	-1.0
3070.8765197673033	20.0	epochs	1.0
3070.8765197673033	4.356753900000058	epochs	-1.0
3070.8765197673033	1.9745872000003146	epochs	2.0
3070.8765197673033	1.0985622000002877	epochs	3.0
3071.9750819673036	0.8760250000000269	epochs	3.0
3072.8511069673036	1.3524075000000266	epochs	2.0
3072.8511069673036	0.7286354999996547	epochs	3.0
3073.5797424673033	0.6237720000003719	epochs	3.0
3074.2035144673036	1.0297591999997167	epochs	2.0
3074.2035144673036	0.5453292999995938	epochs	3.0
3074.7488437673032	0.48442990000012287	epochs	3.0
3075.2332736673034	0.8317861999998968	epochs	2.0
3075.2332736673034	0.43577630000027057	epochs	3.0
3075.6690499673036	0.3960098999996262	epochs	3.0
3076.0650598673033	0.6977970000002642	epochs	2.0
3076.0650598673033	0.3628982000000178	epochs	3.0
3076.4279580673033	0.3348988000002464	epochs	3.0
3076.7628568673035	0.6010456999997587	epochs	2.0
3076.7628568673035	0.3109122999999272	epochs	3.0
3077.0737691673035	0.29013339999983145	epochs	3.0
3077.3639025673033	0.5278859000000011	epochs	2.0
3077.3639025673033	0.27195860000028915	epochs	3.0
3077.6358611673036	0.255927299999712	epochs	3.0
3077.8917884673033	0.4706193000001804	epochs	2.0
3077.8917884673033	0.241681299999982	epochs	3.0
3078.1334697673033	0.22893800000019837	epochs	3.0
3078.3624077673035	0.42457039999999324	epochs	2.0
3078.3624077673035	0.2174713999997948	epochs	3.0
3078.5798791673033	0.20709900000019843	epochs	3.0
3078.7869781673035	0.3867353999999068	epochs	2.0
3078.7869781673035	0.19767110000020693	epochs	3.0
3078.9846492673037	0.18906429999969987	epochs	3.0
3079.1737135673034	0.35509529999990264	epochs	2.0
3079.1737135673034	0.18117590000019845	epochs	3.0
3079.3548894673036	0.17391939999970418	epochs	3.0
3079.5288088673033	0.32824310000023615	epochs	2.0
3079.5288088673033	0.167221900000186	epochs	3.0
3079.6960307673035	0.16102120000005016	epochs	3.0
3079.8570519673035	0.3051679999998669	epochs	2.0
3079.8570519673035	0.15526390000013635	epochs	3.0
3080.0123158673036	0.14990409999973053	epochs	3.0
3080.1622199673034	0.28512529999989056	epochs	2.0
3080.1622199673034	0.14490210000030856	epochs	3.0
3080.3071220673037	0.140223199999582	epochs	3.0
3080.4473452673033	0.26755380000031437	epochs	2.0
3080.4473452673033	0.13583690000041315	epochs	3.0
3080.5831821673037	0.13171689999990122	epochs	3.0
3080.7148990673036	0.2520228999997016	epochs	2.0
3080.7148990673036	0.12783929999977772	epochs	3.0
3080.8427383673034	0.1241835999999239	epochs	3.0
3080.9669219673033	0.23819650000041293	epochs	2.0
3080.9669219673033	0.12073110000028464	epochs	3.0
3081.0876530673036	0.11746540000012828	epochs	3.0
3081.2051184673037	0.22580879999986792	epochs	2.0
3081.2051184673037	0.11437189999969632	epochs	3.0
3081.3194903673034	0.11143690000017159	epochs	3.0
3081.4309272673036	0.21464599999990241	epochs	2.0
3081.4309272673036	0.10864889999993466	epochs	3.0
3081.5395761673035	0.10599709999996776	epochs	3.0
3081.6455732673035	0.2045349999998507	epochs	2.0
3081.6455732673035	0.10347150000006877	epochs	3.0
3081.7490447673035	0.10106349999978192	epochs	3.0
3081.8501082673033	0.19533400000000256	epochs	2.0
3081.8501082673033	0.09876510000003691	epochs	3.0
3081.9488733673033	0.09656889999996565	epochs	3.0
3082.0454422673033	0.18692529999998442	epochs	2.0
3082.0454422673033	0.0944683000002442	epochs	3.0
3082.1399105673036	0.09245699999974022	epochs	3.0
3082.2323675673033	0.1792107000001124	epochs	2.0
3082.2323675673033	0.0905296000000817	epochs	3.0
3082.3228971673034	0.08868110000003071	epochs	3.0
3082.4115782673034	0.17210770000019693	epochs	2.0
3082.4115782673034	0.08690630000000965	epochs	3.0
3082.4984845673034	0.08520140000018728	epochs	3.0
3082.5836859673036	0.16554640000003928	epochs	2.0
3082.5836859673036	0.08356189999994967	epochs	3.0
3082.6672478673036	0.08198450000008961	epochs	3.0
3082.7492323673036	0.15946709999980158	epochs	2.0
3082.7492323673036	0.08046539999986635	epochs	3.0
3082.8296977673035	0.07900169999993523	epochs	3.0
3082.9086994673034	0.15381840000009106	epochs	2.0
3082.9086994673034	0.07759010000017952	epochs	3.0
3082.9862895673036	0.07622829999991154	epochs	3.0
3083.0625178673035	0.14855639999996129	epochs	2.0
3083.0625178673035	0.07491329999993468	epochs	3.0
3083.1374311673035	0.0736431000000266	epochs	3.0
3083.2110742673035	0.1436423999998624	epochs	2.0
3083.2110742673035	0.07241500000009182	epochs	3.0
3083.2834892673036	0.07122739999977057	epochs	3.0
3083.3547166673034	0.13904309999998077	epochs	2.0
3083.3547166673034	0.07007800000019415	epochs	3.0
3083.4247946673036	0.06896509999978662	epochs	3.0
3083.4937597673033	0.13472930000034467	epochs	2.0
3083.4937597673033	0.0678871000000072	epochs	3.0
3083.5616468673034	0.06684220000033747	epochs	3.0
3083.6284890673037	0.13067519999958677	epochs	2.0
3083.6284890673037	0.06582909999997355	epochs	3.0
3083.6943181673037	0.06484609999961322	epochs	3.0
3083.7591642673033	0.12685780000037994	epochs	2.0
3083.7591642673033	0.06389200000012352	epochs	3.0
3083.8230562673034	0.06296580000025642	epochs	3.0
3083.8860220673037	0.12325719999989815	epochs	2.0
3083.8860220673037	0.06206579999980022	epochs	3.0
3083.9480878673035	0.06119140000009793	epochs	3.0
3084.0092792673036	0.11985539999977846	epochs	2.0
3084.0092792673036	0.06034109999973225	epochs	3.0
3084.0696203673033	0.059514300000046205	epochs	3.0
3084.1291346673033	0.11663620000035735	epochs	2.0
3084.1291346673033	0.058709599999929196	epochs	3.0
3084.1878442673033	0.05792660000042815	epochs	3.0
3084.2457708673037	0.11358559999962381	epochs	2.0
3084.2457708673037	0.05716419999998834	epochs	3.0
3084.3029350673037	0.05642139999963547	epochs	3.0
3084.3593564673033	0.11069050000014613	epochs	2.0
3084.3593564673033	0.05569790000026842	epochs	3.0
3084.4150543673036	0.05499259999987771	epochs	3.0
3084.4700469673035	0.10793909999983953	epochs	2.0
3084.4700469673035	0.054304899999806366	epochs	3.0
3084.5243518673033	0.05363420000003316	epochs	3.0
3084.5779860673033	0.10532150000017282	epochs	2.0
3084.5779860673033	0.05298000000038883	epochs	3.0
3084.6309660673037	0.05234149999978399	epochs	3.0
3084.6833075673035	0.10282760000018243	epochs	2.0
3084.6833075673035	0.05171810000001642	epochs	3.0
3084.7350256673035	0.05110950000016601	epochs	3.0
3084.7861351673037	0.10044909999987794	epochs	2.0
3084.7861351673037	0.05051489999959813	epochs	3.0
3084.8366500673033	0.049934200000279816	epochs	3.0
3084.8865842673035	0.09817829999974492	epochs	2.0
3084.8865842673035	0.049366599999757454	epochs	3.0
3084.9359508673033	0.04881169999998747	epochs	3.0
3084.9847625673033	0.09600780000027953	epochs	2.0
3084.9847625673033	0.04826920000004975	epochs	3.0
3085.0330317673033	0.04773860000022978	epochs	3.0
3085.0807703673036	0.09393120000004274	epochs	2.0
3085.0807703673036	0.0472194999997555	epochs	3.0
3085.1279898673033	0.04671170000028724	epochs	3.0
3085.1747015673036	0.09194260000003851	epochs	2.0
3085.1747015673036	0.046214599999984785	epochs	3.0
3085.2209161673036	0.045728000000053726	epochs	3.0
3085.2666441673036	0.09003629999961049	epochs	2.0
3085.2666441673036	0.045251499999722	epochs	3.0
3085.3118956673034	0.04478479999988849	epochs	3.0
3085.3566804673032	0.08820760000025984	epochs	2.0
3085.3566804673032	0.0443278000002465	epochs	3.0
3085.4010082673035	0.04387980000001335	epochs	3.0
3085.4448880673035	0.0864516999999978	epochs	2.0
3085.4448880673035	0.04344099999980244	epochs	3.0
3085.4883290673033	0.04301070000019536	epochs	3.0
3085.5313397673035	0.08476429999973334	epochs	2.0
3085.5313397673035	0.04258900000013455	epochs	3.0
3085.5739287673036	0.04217529999959879	epochs	3.0
3085.6161040673032	0.08314150000023801	epochs	2.0
3085.6161040673032	0.041769700000259036	epochs	3.0
3085.6578737673035	0.041371799999978975	epochs	3.0
3085.6992455673035	0.08157970000002024	epochs	2.0
3085.6992455673035	0.040981399999964196	epochs	3.0
3085.7402269673034	0.04059830000005604	epochs	3.0
3085.7808252673035	0.08007550000002084	epochs	2.0
3085.7808252673035	0.040222300000095856	epochs	3.0
3085.8210475673036	0.03985319999992498	epochs	3.0
3085.8609007673035	0.07862569999997504	epochs	2.0
3085.8609007673035	0.03949079999983951	epochs	3.0
3085.9003915673034	0.03913490000013553	epochs	3.0
3085.9395264673035	0.07722759999978734	epochs	2.0
3085.9395264673035	0.038785400000051595	epochs	3.0
3085.9783118673035	0.03844219999973575	epochs	3.0
3086.0167540673033	0.07587820000026113	epochs	2.0
3086.0167540673033	0.038104800000382966	epochs	3.0
3086.0548588673037	0.037773399999878166	epochs	3.0
3086.0926322673035	0.07457519999979922	epochs	2.0
3086.0926322673035	0.03744770000002973	epochs	3.0
3086.1300799673036	0.0371274999997695	epochs	3.0
3086.1672074673033	0.07331629999998768	epochs	2.0
3086.1672074673033	0.036812900000313675	epochs	3.0
3086.2040203673037	0.036503399999674	epochs	3.0
3086.2405237673033	0.07209899999998015	epochs	2.0
3086.2405237673033	0.03619909999997617	epochs	3.0
3086.2767228673033	0.03589990000000398	epochs	3.0
3086.3126227673033	0.07092170000032638	epochs	2.0
3086.3126227673033	0.03560560000005353	epochs	3.0
3086.3482283673034	0.035316100000272854	epochs	3.0
3086.3835444673036	0.06978200000003199	epochs	2.0
3086.3835444673036	0.03503120000004856	epochs	3.0
3086.4185756673037	0.03475079999998343	epochs	3.0
3086.4533264673037	0.06867859999965731	epochs	2.0
3086.4533264673037	0.03447509999978138	epochs	3.0
3086.4878015673034	0.03420349999987593	epochs	3.0
3086.5220050673033	0.06760930000018561	epochs	2.0
3086.5220050673033	0.033936199999970995	epochs	3.0
3086.5559412673033	0.03367310000021462	epochs	3.0
3086.5896143673035	0.06657289999975546	epochs	2.0
3086.5896143673035	0.03341399999999339	epochs	3.0
3086.6230283673035	0.03315889999976207	epochs	3.0
3086.6561872673033	0.06556780000028084	epochs	2.0
3086.6561872673033	0.03290770000012344	epochs	3.0
3086.6890949673034	0.0326601000001574	epochs	3.0
3086.7217550673035	0.06459259999974165	epochs	2.0
3086.7217550673035	0.03241639999987456	epochs	3.0
3086.7541714673034	0.032176199999867094	epochs	3.0
3086.7863476673033	0.06364600000006249	epochs	2.0
3086.7863476673033	0.03193959999998697	epochs	3.0
3086.8182872673033	0.03170640000007552	epochs	3.0
3086.8499936673034	0.0627266999999847	epochs	2.0
3086.8499936673034	0.03147660000013275	epochs	3.0
3086.8814702673035	0.031250099999851955	epochs	3.0
3086.9127203673033	0.06183360000022731	epochs	2.0
3086.9127203673033	0.031026900000142632	epochs	3.0
3086.9437472673035	0.030806700000084675	epochs	3.0
3086.9745539673036	0.06096559999969031	epochs	2.0
3086.9745539673036	0.030589799999688694	epochs	3.0
3087.0051437673033	0.030375800000001618	epochs	3.0
3087.0355195673033	0.06012160000000222	epochs	2.0
3087.0355195673033	0.03016490000027261	epochs	3.0
3087.0656844673035	0.029956699999729608	epochs	3.0
3087.0956411673033	0.059300700000221696	epochs	2.0
3087.0956411673033	0.029751600000054168	epochs	3.0
3087.1253927673033	0.029549100000167527	epochs	3.0
3087.1549418673035	0.058501800000158255	epochs	2.0
3087.1549418673035	0.029349399999773595	epochs	3.0
3087.1842912673033	0.02915240000038466	epochs	3.0
3087.2134436673036	0.05772419999993872	epochs	2.0
3087.2134436673036	0.028957999999875028	epochs	3.0
3087.2424016673035	0.02876620000006369	epochs	3.0
3087.2711678673036	0.056967099999837956	epochs	2.0
3087.2711678673036	0.028577000000041153	epochs	3.0
3087.2997448673036	0.028390099999796803	epochs	3.0
3087.3281349673034	0.05622949999997218	epochs	2.0
3087.3281349673034	0.028205699999944045	epochs	3.0
3087.3563406673034	0.028023800000028132	epochs	3.0
3087.3843644673034	0.05551070000001346	epochs	2.0
3087.3843644673034	0.027844000000186497	epochs	3.0
3087.4122084673036	0.02766669999982696	epochs	3.0
3087.4398751673034	0.05481020000024728	epochs	2.0
3087.4398751673034	0.02749149999999645	epochs	3.0
3087.4673666673034	0.02731870000025083	epochs	3.0
3087.4946853673036	0.054126999999880354	epochs	2.0
3087.4946853673036	0.027147799999966082	epochs	3.0
3087.5218331673036	0.026979199999914272	epochs	3.0
3087.5488123673035	0.053460699999959616	epochs	2.0
3087.5488123673035	0.026812600000084785	epochs	3.0
3087.5756249673036	0.02664809999987483	epochs	3.0
3087.6022730673035	0.05281070000000909	epochs	2.0
3087.6022730673035	0.0264855999998872	epochs	3.0
3087.6287586673034	0.026325100000121893	epochs	3.0
3087.6550837673035	0.052176199999848905	epochs	2.0
3087.6550837673035	0.026166399999965506	epochs	3.0
3087.6812501673035	0.0260097999998834	epochs	3.0
3087.7072599673033	0.05155670000021928	epochs	2.0
3087.7072599673033	0.02585480000016105	epochs	3.0
3087.7331147673035	0.02570190000005823	epochs	3.0
3087.7588166673036	0.050951899999745365	epochs	2.0
3087.7588166673036	0.02555069999971238	epochs	3.0
3087.7843673673033	0.025401200000032986	epochs	3.0
3087.8097685673033	0.05036100000006627	epochs	2.0
3087.8097685673033	0.025253499999962514	epochs	3.0
3087.8350220673033	0.025107500000103755	epochs	3.0
3087.8601295673034	0.04978380000011384	epochs	2.0
3087.8601295673034	0.02496320000000196	epochs	3.0
3087.8850927673034	0.02482060000011188	epochs	3.0
3087.9099133673035	0.04921950000016295	epochs	2.0
3087.9099133673035	0.024679399999968155	epochs	3.0
3087.9345927673035	0.024540100000194798	epochs	3.0
3087.9591328673037	0.048667899999600195	epochs	2.0
3087.9591328673037	0.024402099999861093	epochs	3.0
3087.9835349673035	0.0242657999997391	epochs	3.0
3088.0078007673033	0.048128600000381994	epochs	2.0
3088.0078007673033	0.024131000000124914	epochs	3.0
3088.0319317673034	0.02399760000025708	epochs	3.0
3088.0559293673036	0.0476010999996106	epochs	2.0
3088.0559293673036	0.02386579999983951	epochs	3.0
3088.0797951673035	0.023735299999771087	epochs	3.0
3088.1035304673032	0.04708500000015192	epochs	2.0
3088.1035304673032	0.023606300000210467	epochs	3.0
3088.1271367673035	0.023478699999941455	epochs	3.0
3088.1506154673034	0.04658000000017637	epochs	2.0
3088.1506154673034	0.023352499999873544	epochs	3.0
3088.1739679673033	0.023227500000302825	epochs	3.0
3088.1971954673036	0.04608569999982137	epochs	2.0
3088.1971954673036	0.02310399999987567	epochs	3.0
3088.2202994673034	0.022981699999945704	epochs	3.0
3088.2432811673034	0.045601799999985815	epochs	2.0
3088.2432811673034	0.02286069999991014	epochs	3.0
3088.2661418673033	0.022741100000075676	epochs	3.0
3088.2888829673034	0.045127899999897636	epochs	2.0
3088.2888829673034	0.022622500000125	epochs	3.0
3088.3115054673035	0.022505399999772635	epochs	3.0
3088.3340108673033	0.044663800000307674	epochs	2.0
3088.3340108673033	0.022389300000213552	epochs	3.0
3088.3564001673035	0.022274500000094122	epochs	3.0
3088.3786746673036	0.044209199999841076	epochs	2.0
3088.3786746673036	0.022160799999710434	epochs	3.0
3088.4008354673033	0.02204840000013064	epochs	3.0
3088.4228838673034	0.04376360000014756	epochs	2.0
3088.4228838673034	0.021936900000127935	epochs	3.0
3088.4448207673036	0.021826700000019628	epochs	3.0
3088.4666474673036	0.043327099999714846	epochs	2.0
3088.4666474673036	0.02171760000010181	epochs	3.0
3088.4883650673037	0.021609499999613035	epochs	3.0
3088.5099745673033	0.04289900000003399	epochs	2.0
3088.5099745673033	0.021502500000224245	epochs	3.0
3088.5314770673035	0.021396499999809748	epochs	3.0
3088.5528735673033	0.042479500000354165	epochs	2.0
3088.5528735673033	0.02129170000034719	epochs	3.0
3088.5741652673037	0.021187800000006973	epochs	3.0
3088.5953530673037	0.04206789999989269	epochs	2.0
3088.5953530673037	0.02108490000000529	epochs	3.0
3088.6164379673037	0.020982999999887397	epochs	3.0
3088.6374209673036	0.041664399999717716	epochs	2.0
3088.6374209673036	0.020882199999959994	epochs	3.0
3088.6583031673035	0.020782199999757722	epochs	3.0
3088.6790853673033	0.04126850000011473	epochs	2.0
3088.6790853673033	0.02068330000020069	epochs	3.0
3088.6997686673035	0.02058519999991404	epochs	3.0
3088.7203538673034	0.04088000000001557	epochs	2.0
3088.7203538673034	0.020488099999965925	epochs	3.0
3088.7408419673034	0.020391900000049645	epochs	3.0
3088.7612338673034	0.04049880000002304	epochs	2.0
3088.7612338673034	0.0202966000001652	epochs	3.0
3088.7815304673036	0.02020219999985784	epochs	3.0
3088.8017326673034	0.04012460000012652	epochs	2.0
3088.8017326673034	0.02010870000003706	epochs	3.0
3088.8218413673035	0.02001590000008946	epochs	3.0
3088.8418572673036	0.03975730000001931	epochs	2.0
3088.8418572673036	0.0199241999998776	epochs	3.0
3088.8617814673034	0.019833100000141712	epochs	3.0
3088.8816145673036	0.03939669999999751	epochs	2.0
3088.8816145673036	0.019742999999834865	epochs	3.0
3088.9013575673034	0.019653700000162644	epochs	3.0
3088.9210112673036	0.03904239999974379	epochs	2.0
3088.9210112673036	0.019565099999908853	epochs	3.0
3088.9405763673035	0.01947729999983494	epochs	3.0
3088.9600536673033	0.03869460000032632	epochs	2.0
3088.9600536673033	0.01939040000024761	epochs	3.0
3088.9794440673036	0.01930420000007871	epochs	3.0
3088.9987482673037	0.03835289999960878	epochs	2.0
3088.9987482673037	0.01921879999963494	epochs	3.0
3089.0179670673033	0.01913409999997384	epochs	3.0
3089.0371011673033	0.03801720000001296	epochs	2.0
3089.0371011673033	0.019050200000037876	epochs	3.0
3089.0561513673033	0.018966999999975087	epochs	3.0
3089.0751183673033	0.03768720000016401	epochs	2.0
3089.0751183673033	0.018884500000240223	epochs	3.0
3089.0940028673035	0.01880269999992379	epochs	3.0
3089.1128055673034	0.037363100000220584	epochs	2.0
3089.1128055673034	0.01872170000024198	epochs	3.0
3089.1315272673037	0.018641399999978603	epochs	3.0
3089.1501686673037	0.03704429999970671	epochs	2.0
3089.1501686673037	0.018561599999884493	epochs	3.0
3089.1687302673035	0.018482699999822216	epochs	3.0
3089.1872129673034	0.036731000000145286	epochs	2.0
3089.1872129673034	0.018404299999929208	epochs	3.0
3089.2056172673033	0.01832670000021608	epochs	3.0
3089.2239439673035	0.03642290000016146	epochs	2.0
3089.2239439673035	0.018249599999762722	epochs	3.0
3089.2421935673033	0.01817330000039874	epochs	3.0
3089.2603668673037	0.03612009999960719	epochs	2.0
3089.2603668673037	0.018097599999691738	epochs	3.0
3089.2784644673034	0.018022499999915453	epochs	3.0
3089.2964869673033	0.035822100000132195	epochs	2.0
3089.2964869673033	0.017947900000308437	epochs	3.0
3089.3144348673036	0.01787419999982376	epochs	3.0
3089.3323090673034	0.03552900000022419	epochs	2.0
3089.3323090673034	0.017800800000259187	epochs	3.0
3089.3501098673037	0.017728199999965	epochs	3.0
3089.3678380673036	0.03524070000003121	epochs	2.0
3089.3678380673036	0.01765609999984008	epochs	3.0
3089.3854941673035	0.01758460000019113	epochs	3.0
3089.4030787673037	0.03495709999970131	epochs	2.0
3089.4030787673037	0.01751369999965391	epochs	3.0
3089.4205924673033	0.017443400000047404	epochs	3.0
3089.4380358673034	0.03467790000013338	epochs	2.0
3089.4380358673034	0.01737360000015542	epochs	3.0
3089.4554094673035	0.017304299999977957	epochs	3.0
3089.4727137673035	0.03440330000012182	epochs	2.0
3089.4727137673035	0.017235700000128418	epochs	3.0
3089.4899494673036	0.0171675999999934	epochs	3.0
3089.5071170673036	0.03413279999995211	epochs	2.0
3089.5071170673036	0.017099899999720947	epochs	3.0
3089.5242169673033	0.017032900000231166	epochs	3.0
3089.5412498673036	0.03386670000008962	epochs	2.0
3089.5412498673036	0.01696640000000116	epochs	3.0
3089.5582162673036	0.016900300000088464	epochs	3.0
3089.5751165673037	0.033604599999762286	epochs	2.0
3089.5751165673037	0.016834799999742245	epochs	3.0
3089.5919513673034	0.01676980000002004	epochs	3.0
3089.6087211673034	0.0333466000001863	epochs	2.0
3089.6087211673034	0.016705300000012357	epochs	3.0
3089.6254264673034	0.016641300000173942	epochs	3.0
3089.6420677673036	0.033092499999838765	epochs	2.0
3089.6420677673036	0.016577800000050047	epochs	3.0
3089.6586455673037	0.016514699999788718	epochs	3.0
3089.6751602673035	0.032842300000083924	epochs	2.0
3089.6751602673035	0.01645220000000336	epochs	3.0
3089.6916124673035	0.016390100000080565	epochs	3.0
3089.7080025673035	0.03259570000000167	epochs	2.0
3089.7080025673035	0.016328400000020338	epochs	3.0
3089.7243309673036	0.016267299999981333	epochs	3.0
3089.7405982673035	0.03235289999975066	epochs	2.0
3089.7405982673035	0.016206599999804894	epochs	3.0
3089.7568048673033	0.016146299999945768	epochs	3.0
3089.7729511673033	0.032113700000081735	epochs	2.0
3089.7729511673033	0.016086600000107865	epochs	3.0
3089.7890377673034	0.01602709999997387	epochs	3.0
3089.8050648673034	0.03187800000023344	epochs	2.0
3089.8050648673034	0.015968200000315846	epochs	3.0
3089.8210330673037	0.015909799999917595	epochs	3.0
3089.8369428673036	0.03164569999989908	epochs	2.0
3089.8369428673036	0.015851599999678	epochs	3.0
3089.8527944673033	0.01579410000022108	epochs	3.0
3089.8685885673035	0.03141670000013619	epochs	2.0
3089.8685885673035	0.015736700000161363	epochs	3.0
3089.8843252673037	0.015679999999974825	epochs	3.0
3089.9000052673036	0.03119109999988723	epochs	2.0
3089.9000052673036	0.015623599999798898	epochs	3.0
3089.9156288673034	0.01556750000008833	epochs	3.0
3089.9311963673035	0.030968699999903038	epochs	2.0
3089.9311963673035	0.015511999999944237	epochs	3.0
3089.9467083673035	0.0154566999999588	epochs	3.0
3089.9621650673034	0.030749500000183616	epochs	2.0
3089.9621650673034	0.015401999999994587	epochs	3.0
3089.9775670673034	0.01534750000018903	epochs	3.0
3089.9929145673036	0.030533199999808858	epochs	2.0
3089.9929145673036	0.01529339999979129	epochs	3.0
3090.0082079673034	0.015239800000017567	epochs	3.0
3090.0234477673034	0.030320100000153616	epochs	2.0
3090.0234477673034	0.015186500000254455	epochs	3.0
3090.0386342673037	0.015133599999899161	epochs	3.0
3090.0537678673036	0.030109899999843037	epochs	2.0
3090.0537678673036	0.015081000000009226	epochs	3.0
3090.0688488673036	0.015028899999833811	epochs	3.0
3090.0838777673034	0.029902499999934662	epochs	2.0
3090.0838777673034	0.0149770000002718	epochs	3.0
3090.0988547673037	0.014925499999662861	epochs	3.0
3090.1137802673034	0.0296981000001324	epochs	2.0
3090.1137802673034	0.01487440000028073	epochs	3.0
3090.1286546673036	0.01482369999985167	epochs	3.0
3090.1434783673035	0.029496300000118936	epochs	2.0
3090.1434783673035	0.014773200000036013	epochs	3.0
3090.1582515673035	0.014723100000082923	epochs	3.0
3090.1729746673036	0.029297399999904883	epochs	2.0
3090.1729746673036	0.014673399999992398	epochs	3.0
3090.1876480673036	0.014623999999912485	epochs	3.0
3090.2022720673035	0.029101099999934377	epochs	2.0
3090.2022720673035	0.014574899999843183	epochs	3.0
3090.2168469673034	0.014526200000091194	epochs	3.0
3090.2313731673034	0.028907400000207417	epochs	2.0
3090.2313731673034	0.014477700000043114	epochs	3.0
3090.2458508673035	0.014429700000164303	epochs	3.0
3090.2602805673037	0.028716199999962555	epochs	2.0
3090.2602805673037	0.014381799999682698	epochs	3.0
3090.2746623673033	0.014334400000279857	epochs	3.0
3090.2889967673036	0.02852759999996124	epochs	2.0
3090.2889967673036	0.01428719999967143	epochs	3.0
3090.3032839673033	0.01424040000028981	epochs	3.0
3090.3175243673036	0.028341400000044814	epochs	2.0
3090.3175243673036	0.014193799999702605	epochs	3.0
3090.3317181673033	0.014147600000342209	epochs	3.0
3090.3458657673036	0.028157700000065233	epochs	2.0
3090.3458657673036	0.014101699999628181	epochs	3.0
3090.3599674673032	0.014056000000437052	epochs	3.0
3090.3740234673037	0.02797629999986384	epochs	2.0
3090.3740234673037	0.014010599999892293	epochs	3.0
3090.3880340673036	0.013965699999971548	epochs	3.0
3090.4019997673036	0.027797199999895383	epochs	2.0
3090.4019997673036	0.013920800000050804	epochs	3.0
3090.4159205673036	0.01387639999984458	epochs	3.0
3090.4297969673034	0.02762040000015986	epochs	2.0
3090.4297969673034	0.013832199999797012	epochs	3.0
3090.4436291673032	0.013788200000362849	epochs	3.0
3090.4574173673036	0.02744589999974778	epochs	2.0
3090.4574173673036	0.013744599999881757	epochs	3.0
3090.4711619673035	0.013701299999866023	epochs	3.0
3090.4848632673034	0.027273500000319473	epochs	2.0
3090.4848632673034	0.013658200000008947	epochs	3.0
3090.4985214673034	0.013615300000310526	epochs	3.0
3090.5121367673037	0.02710339999975986	epochs	2.0
3090.5121367673037	0.013572799999565177	epochs	3.0
3090.5257095673032	0.013530600000194681	epochs	3.0
3090.5392401673034	0.02693520000002536	epochs	2.0
3090.5392401673034	0.01348839999991469	epochs	3.0
3090.5527285673033	0.01344680000011067	epochs	3.0
3090.5661753673035	0.026769200000217097	epochs	2.0
3090.5661753673035	0.013405199999851902	epochs	3.0
3090.5795805673033	0.013364000000365195	epochs	3.0
3090.5929445673037	0.026605199999721663	epochs	2.0
3090.5929445673037	0.013322899999820947	epochs	3.0
3090.6062674673035	0.013282299999900715	epochs	3.0
3090.6195497673034	0.0264431999999033	epochs	2.0
3090.6195497673034	0.013241699999980483	epochs	3.0
3090.6327914673034	0.013201499999922817	epochs	3.0
3090.6459929673033	0.02628320000030726	epochs	2.0
3090.6459929673033	0.013161500000023807	epochs	3.0
3090.6591544673033	0.013121700000283454	epochs	3.0
3090.6722761673036	0.026124999999865395	epochs	2.0
3090.6722761673036	0.013082099999792263	epochs	3.0
3090.6853582673034	0.013042900000073132	epochs	3.0
3090.6984011673035	0.025968899999952555	epochs	2.0
3090.6984011673035	0.01300390000005791	epochs	3.0
3090.7114050673035	0.012964999999894644	epochs	3.0
3090.7243700673034	0.025814500000251428	epochs	2.0
3090.7243700673034	0.012926400000196736	epochs	3.0
3090.7372964673036	0.012888100000054692	epochs	3.0
3090.7501845673037	0.025661899999704474	epochs	2.0
3090.7501845673037	0.012849899999764602	epochs	3.0
3090.7630344673034	0.012811999999939871	epochs	3.0
3090.7758464673034	0.025511199999982637	epochs	2.0
3090.7758464673034	0.012774400000125752	epochs	3.0
3090.7886208673035	0.012736799999856885	epochs	3.0
3090.8013576673034	0.025362300000324467	epochs	2.0
3090.8013576673034	0.012699700000212033	epochs	3.0
3090.8140573673036	0.012662600000112434	epochs	3.0
3090.8267199673037	0.025214999999661813	epochs	2.0
3090.8267199673037	0.012625799999568699	epochs	3.0
3090.8393457673033	0.012589200000093115	epochs	3.0
3090.8519349673034	0.024584799999956886	epochs	2.0
3090.8751771673033	0.5	epochs	-1.0
3090.8765197673033	0.5018400000003567	epochs	1.0
3091.3783597673037	0.4980799999998453	epochs	0.0
3091.7699999809265	0.057519999999840365	epochs	0.0
3091.7699999809265	0.023761500000091473	epochs	1.0
3091.7937614809266	0.009997000000112166	epochs	1.0
3091.8037584809267	0.023761499999636726	epochs	1.0
3091.8275199809264	2.0	epochs	0.0
3093.8275199809264	3.3617600000002312	epochs	0.0
3093.8275199809264	1.0	epochs	1.0
3093.8275373809265	0.5	epochs	-1.0
3094.3275373809265	2.8617426000000705	epochs	-1.0
3094.8275199809264	2.3617600000002312	epochs	-1.0
3094.8275199809264	2.3617600000002312	epochs	1.0
3094.8275199809264	1.9745872000003146	epochs	2.0
3094.8275199809264	1.0985622000002877	epochs	3.0
3095.9260821809266	0.8760250000000269	epochs	3.0
3096.8021071809267	0.3871727999999166	epochs	2.0
3096.8021071809267	0.3871727999999166	epochs	3.0
3097.1892799809266	18.63815999999997	epochs	0.0
3097.579999923706	0.057519999999840365	epochs	0.0
3097.579999923706	0.023761500000091473	epochs	1.0
3097.603761423706	0.009997000000112166	epochs	1.0
3097.6137584237063	0.023761499999636726	epochs	1.0
3097.637519923706	2.0	epochs	0.0
3099.637519923706	0.5022400000002563	epochs	0.0
3099.637519923706	0.5022400000002563	epochs	1.0
3099.637537323706	0.5	epochs	-1.0
3100.137537323706	0.0022226000000955537	epochs	-1.0
3100.139759923706	21.497679999999946	epochs	0.0
3101.5279998779297	0.057519999999840365	epochs	0.0
3101.5279998779297	0.023761500000091473	epochs	1.0
3101.55176137793	0.009997000000112166	epochs	1.0
3101.56175837793	0.023761499999636726	epochs	1.0
3101.5855198779295	2.0	epochs	0.0
3103.5855198779295	21.522480000000087	epochs	0.0
3103.5855198779295	1.0	epochs	1.0
3103.5855372779297	0.5	epochs	-1.0
3104.0855372779297	19.9984800000002	epochs	-1.0
3104.5855198779295	20.0	epochs	1.0
3104.5855198779295	4.356753900000058	epochs	-1.0
3104.5855198779295	1.9745872000003146	epochs	2.0
3104.5855198779295	1.0985622000002877	epochs	3.0
3105.68408207793	0.8760250000000269	epochs	3.0
3106.56010707793	1.3524075000000266	epochs	2.0
3106.56010707793	0.7286354999996547	epochs	3.0
3107.2887425779295	0.6237720000003719	epochs	3.0
3107.91251457793	1.0297591999997167	epochs	2.0
3107.91251457793	0.5453292999995938	epochs	3.0
3108.4578438779295	0.48442990000012287	epochs	3.0
3108.9422737779296	0.8317861999998968	epochs	2.0
3108.9422737779296	0.43577630000027057	epochs	3.0
3109.37805007793	0.3960098999996262	epochs	3.0
3109.7740599779295	0.6977970000002642	epochs	2.0
3109.7740599779295	0.3628982000000178	epochs	3.0
3110.1369581779295	0.3348988000002464	epochs	3.0
3110.4718569779297	0.6010456999997587	epochs	2.0
3110.4718569779297	0.3109122999999272	epochs	3.0
3110.7827692779297	0.29013339999983145	epochs	3.0
3111.0729026779295	0.5278859000000011	epochs	2.0
3111.0729026779295	0.27195860000028915	epochs	3.0
3111.34486127793	0.255927299999712	epochs	3.0
3111.6007885779295	0.4706193000001804	epochs	2.0
3111.6007885779295	0.241681299999982	epochs	3.0
3111.8424698779295	0.22893800000019837	epochs	3.0
3112.0714078779297	0.42457039999999324	epochs	2.0
3112.0714078779297	0.2174713999997948	epochs	3.0
3112.2888792779295	0.20709900000019843	epochs	3.0
3112.4959782779297	0.3867353999999068	epochs	2.0
3112.4959782779297	0.19767110000020693	epochs	3.0
3112.69364937793	0.18906429999969987	epochs	3.0
3112.8827136779296	0.35509529999990264	epochs	2.0
3112.8827136779296	0.18117590000019845	epochs	3.0
3113.06388957793	0.17391939999970418	epochs	3.0
3113.2378089779295	0.32824310000023615	epochs	2.0
3113.2378089779295	0.167221900000186	epochs	3.0
3113.4050308779297	0.16102120000005016	epochs	3.0
3113.5660520779297	0.3051679999998669	epochs	2.0
3113.5660520779297	0.15526390000013635	epochs	3.0
3113.72131597793	0.14990409999973053	epochs	3.0
3113.8712200779296	0.28512529999989056	epochs	2.0
3113.8712200779296	0.14490210000030856	epochs	3.0
3114.01612217793	0.140223199999582	epochs	3.0
3114.1563453779295	0.26755380000031437	epochs	2.0
3114.1563453779295	0.13583690000041315	epochs	3.0
3114.29218227793	0.13171689999990122	epochs	3.0
3114.42389917793	0.2520228999997016	epochs	2.0
3114.42389917793	0.12783929999977772	epochs	3.0
3114.5517384779296	0.1241835999999239	epochs	3.0
3114.6759220779295	0.23819650000041293	epochs	2.0
3114.6759220779295	0.12073110000028464	epochs	3.0
3114.79665317793	0.11746540000012828	epochs	3.0
3114.91411857793	0.22580879999986792	epochs	2.0
3114.91411857793	0.11437189999969632	epochs	3.0
3115.0284904779296	0.11143690000017159	epochs	3.0
3115.13992737793	0.21464599999990241	epochs	2.0
3115.13992737793	0.10864889999993466	epochs	3.0
3115.2485762779297	0.10599709999996776	epochs	3.0
3115.3545733779297	0.2045349999998507	epochs	2.0
3115.3545733779297	0.10347150000006877	epochs	3.0
3115.4580448779298	0.10106349999978192	epochs	3.0
3115.5591083779295	0.19533400000000256	epochs	2.0
3115.5591083779295	0.09876510000003691	epochs	3.0
3115.6578734779296	0.09656889999996565	epochs	3.0
3115.7544423779295	0.18692529999998442	epochs	2.0
3115.7544423779295	0.0944683000002442	epochs	3.0
3115.84891067793	0.09245699999974022	epochs	3.0
3115.9413676779295	0.1792107000001124	epochs	2.0
3115.9413676779295	0.0905296000000817	epochs	3.0
3116.0318972779296	0.08868110000003071	epochs	3.0
3116.1205783779296	0.17210770000019693	epochs	2.0
3116.1205783779296	0.08690630000000965	epochs	3.0
3116.2074846779296	0.08520140000018728	epochs	3.0
3116.29268607793	0.16554640000003928	epochs	2.0
3116.29268607793	0.08356189999994967	epochs	3.0
3116.37624797793	0.08198450000008961	epochs	3.0
3116.45823247793	0.15946709999980158	epochs	2.0
3116.45823247793	0.08046539999986635	epochs	3.0
3116.5386978779297	0.07900169999993523	epochs	3.0
3116.6176995779297	0.15381840000009106	epochs	2.0
3116.6176995779297	0.07759010000017952	epochs	3.0
3116.69528967793	0.07622829999991154	epochs	3.0
3116.7715179779298	0.14855639999996129	epochs	2.0
3116.7715179779298	0.07491329999993468	epochs	3.0
3116.8464312779297	0.0736431000000266	epochs	3.0
3116.9200743779297	0.1436423999998624	epochs	2.0
3116.9200743779297	0.07241500000009182	epochs	3.0
3116.99248937793	0.07122739999977057	epochs	3.0
3117.0637167779296	0.13904309999998077	epochs	2.0
3117.0637167779296	0.07007800000019415	epochs	3.0
3117.13379477793	0.06896509999978662	epochs	3.0
3117.2027598779296	0.13472930000034467	epochs	2.0
3117.2027598779296	0.0678871000000072	epochs	3.0
3117.2706469779296	0.06684220000033747	epochs	3.0
3117.33748917793	0.13067519999958677	epochs	2.0
3117.33748917793	0.06582909999997355	epochs	3.0
3117.40331827793	0.06484609999961322	epochs	3.0
3117.4681643779295	0.12685780000037994	epochs	2.0
3117.4681643779295	0.06389200000012352	epochs	3.0
3117.5320563779296	0.06296580000025642	epochs	3.0
3117.59502217793	0.12325719999989815	epochs	2.0
3117.59502217793	0.06206579999980022	epochs	3.0
3117.6570879779297	0.06119140000009793	epochs	3.0
3117.71827937793	0.11985539999977846	epochs	2.0
3117.71827937793	0.06034109999973225	epochs	3.0
3117.7786204779295	0.059514300000046205	epochs	3.0
3117.8381347779296	0.11663620000035735	epochs	2.0
3117.8381347779296	0.058709599999929196	epochs	3.0
3117.8968443779295	0.05792660000042815	epochs	3.0
3117.95477097793	0.11358559999962381	epochs	2.0
3117.95477097793	0.05716419999998834	epochs	3.0
3118.01193517793	0.05642139999963547	epochs	3.0
3118.0683565779295	0.11069050000014613	epochs	2.0
3118.0683565779295	0.05569790000026842	epochs	3.0
3118.12405447793	0.05499259999987771	epochs	3.0
3118.1790470779297	0.10793909999983953	epochs	2.0
3118.1790470779297	0.054304899999806366	epochs	3.0
3118.2333519779295	0.05363420000003316	epochs	3.0
3118.2869861779295	0.10532150000017282	epochs	2.0
3118.2869861779295	0.05298000000038883	epochs	3.0
3118.33996617793	0.05234149999978399	epochs	3.0
3118.3923076779297	0.10282760000018243	epochs	2.0
3118.3923076779297	0.05171810000001642	epochs	3.0
3118.4440257779297	0.05110950000016601	epochs	3.0
3118.49513527793	0.10044909999987794	epochs	2.0
3118.49513527793	0.05051489999959813	epochs	3.0
3118.5456501779295	0.049934200000279816	epochs	3.0
3118.5955843779298	0.09817829999974492	epochs	2.0
3118.5955843779298	0.049366599999757454	epochs	3.0
3118.6449509779295	0.04881169999998747	epochs	3.0
3118.6937626779295	0.09600780000027953	epochs	2.0
3118.6937626779295	0.04826920000004975	epochs	3.0
3118.7420318779295	0.04773860000022978	epochs	3.0
3118.78977047793	0.09393120000004274	epochs	2.0
3118.78977047793	0.0472194999997555	epochs	3.0
3118.8369899779295	0.04671170000028724	epochs	3.0
3118.88370167793	0.09194260000003851	epochs	2.0
3118.88370167793	0.046214599999984785	epochs	3.0
3118.92991627793	0.045728000000053726	epochs	3.0
3118.97564427793	0.09003629999961049	epochs	2.0
3118.97564427793	0.045251499999722	epochs	3.0
3119.0208957779296	0.04478479999988849	epochs	3.0
3119.0656805779295	0.08820760000025984	epochs	2.0
3119.0656805779295	0.0443278000002465	epochs	3.0
3119.1100083779297	0.04387980000001335	epochs	3.0
3119.1538881779297	0.0864516999999978	epochs	2.0
3119.1538881779297	0.04344099999980244	epochs	3.0
3119.1973291779295	0.04301070000019536	epochs	3.0
3119.2403398779297	0.08476429999973334	epochs	2.0
3119.2403398779297	0.04258900000013455	epochs	3.0
3119.28292887793	0.04217529999959879	epochs	3.0
3119.3251041779295	0.08314150000023801	epochs	2.0
3119.3251041779295	0.041769700000259036	epochs	3.0
3119.3668738779297	0.041371799999978975	epochs	3.0
3119.4082456779297	0.08157970000002024	epochs	2.0
3119.4082456779297	0.040981399999964196	epochs	3.0
3119.4492270779297	0.04059830000005604	epochs	3.0
3119.4898253779297	0.08007550000002084	epochs	2.0
3119.4898253779297	0.040222300000095856	epochs	3.0
3119.53004767793	0.03985319999992498	epochs	3.0
3119.5699008779297	0.07862569999997504	epochs	2.0
3119.5699008779297	0.03949079999983951	epochs	3.0
3119.6093916779296	0.03913490000013553	epochs	3.0
3119.6485265779297	0.07722759999978734	epochs	2.0
3119.6485265779297	0.038785400000051595	epochs	3.0
3119.6873119779298	0.03844219999973575	epochs	3.0
3119.7257541779295	0.07587820000026113	epochs	2.0
3119.7257541779295	0.038104800000382966	epochs	3.0
3119.76385897793	0.037773399999878166	epochs	3.0
3119.8016323779298	0.07457519999979922	epochs	2.0
3119.8016323779298	0.03744770000002973	epochs	3.0
3119.83908007793	0.0371274999997695	epochs	3.0
3119.8762075779296	0.07331629999998768	epochs	2.0
3119.8762075779296	0.036812900000313675	epochs	3.0
3119.91302047793	0.036503399999674	epochs	3.0
3119.9495238779296	0.07209899999998015	epochs	2.0
3119.9495238779296	0.03619909999997617	epochs	3.0
3119.9857229779295	0.03589990000000398	epochs	3.0
3120.0216228779295	0.07092170000032638	epochs	2.0
3120.0216228779295	0.03560560000005353	epochs	3.0
3120.0572284779296	0.035316100000272854	epochs	3.0
3120.09254457793	0.06978200000003199	epochs	2.0
3120.09254457793	0.03503120000004856	epochs	3.0
3120.12757577793	0.03475079999998343	epochs	3.0
3120.16232657793	0.06867859999965731	epochs	2.0
3120.16232657793	0.03447509999978138	epochs	3.0
3120.1968016779297	0.03420349999987593	epochs	3.0
3120.2310051779295	0.06760930000018561	epochs	2.0
3120.2310051779295	0.033936199999970995	epochs	3.0
3120.2649413779295	0.03367310000021462	epochs	3.0
3120.2986144779297	0.06657289999975546	epochs	2.0
3120.2986144779297	0.03341399999999339	epochs	3.0
3120.3320284779297	0.03315889999976207	epochs	3.0
3120.3651873779295	0.06556780000028084	epochs	2.0
3120.3651873779295	0.03290770000012344	epochs	3.0
3120.3980950779296	0.0326601000001574	epochs	3.0
3120.4307551779298	0.06459259999974165	epochs	2.0
3120.4307551779298	0.03241639999987456	epochs	3.0
3120.4631715779296	0.032176199999867094	epochs	3.0
3120.4953477779295	0.06364600000006249	epochs	2.0
3120.4953477779295	0.03193959999998697	epochs	3.0
3120.5272873779295	0.03170640000007552	epochs	3.0
3120.5589937779296	0.0627266999999847	epochs	2.0
3120.5589937779296	0.03147660000013275	epochs	3.0
3120.5904703779297	0.031250099999851955	epochs	3.0
3120.6217204779296	0.06183360000022731	epochs	2.0
3120.6217204779296	0.031026900000142632	epochs	3.0
3120.6527473779297	0.030806700000084675	epochs	3.0
3120.68355407793	0.06096559999969031	epochs	2.0
3120.68355407793	0.030589799999688694	epochs	3.0
3120.7141438779295	0.030375800000001618	epochs	3.0
3120.7445196779295	0.06012160000000222	epochs	2.0
3120.7445196779295	0.03016490000027261	epochs	3.0
3120.7746845779297	0.029956699999729608	epochs	3.0
3120.8046412779295	0.059300700000221696	epochs	2.0
3120.8046412779295	0.029751600000054168	epochs	3.0
3120.8343928779295	0.029549100000167527	epochs	3.0
3120.8639419779297	0.058501800000158255	epochs	2.0
3120.8639419779297	0.029349399999773595	epochs	3.0
3120.8932913779295	0.02915240000038466	epochs	3.0
3120.92244377793	0.05772419999993872	epochs	2.0
3120.92244377793	0.028957999999875028	epochs	3.0
3120.9514017779297	0.02876620000006369	epochs	3.0
3120.98016797793	0.056967099999837956	epochs	2.0
3120.98016797793	0.028577000000041153	epochs	3.0
3121.00874497793	0.028390099999796803	epochs	3.0
3121.0371350779296	0.05622949999997218	epochs	2.0
3121.0371350779296	0.028205699999944045	epochs	3.0
3121.0653407779296	0.028023800000028132	epochs	3.0
3121.0933645779296	0.05551070000001346	epochs	2.0
3121.0933645779296	0.027844000000186497	epochs	3.0
3121.12120857793	0.02766669999982696	epochs	3.0
3121.1488752779296	0.05481020000024728	epochs	2.0
3121.1488752779296	0.02749149999999645	epochs	3.0
3121.1763667779296	0.02731870000025083	epochs	3.0
3121.20368547793	0.054126999999880354	epochs	2.0
3121.20368547793	0.027147799999966082	epochs	3.0
3121.23083327793	0.026979199999914272	epochs	3.0
3121.2578124779297	0.053460699999959616	epochs	2.0
3121.2578124779297	0.026812600000084785	epochs	3.0
3121.28462507793	0.02664809999987483	epochs	3.0
3121.3112731779297	0.05281070000000909	epochs	2.0
3121.3112731779297	0.0264855999998872	epochs	3.0
3121.3377587779296	0.026325100000121893	epochs	3.0
3121.3640838779297	0.052176199999848905	epochs	2.0
3121.3640838779297	0.026166399999965506	epochs	3.0
3121.3902502779297	0.0260097999998834	epochs	3.0
3121.4162600779296	0.05155670000021928	epochs	2.0
3121.4162600779296	0.02585480000016105	epochs	3.0
3121.4421148779297	0.02570190000005823	epochs	3.0
3121.46781677793	0.050951899999745365	epochs	2.0
3121.46781677793	0.02555069999971238	epochs	3.0
3121.4933674779295	0.025401200000032986	epochs	3.0
3121.5187686779295	0.05036100000006627	epochs	2.0
3121.5187686779295	0.025253499999962514	epochs	3.0
3121.5440221779295	0.025107500000103755	epochs	3.0
3121.5691296779296	0.04978380000011384	epochs	2.0
3121.5691296779296	0.02496320000000196	epochs	3.0
3121.5940928779296	0.02482060000011188	epochs	3.0
3121.6189134779297	0.04921950000016295	epochs	2.0
3121.6189134779297	0.024679399999968155	epochs	3.0
3121.6435928779297	0.024540100000194798	epochs	3.0
3121.66813297793	0.048667899999600195	epochs	2.0
3121.66813297793	0.024402099999861093	epochs	3.0
3121.6925350779297	0.0242657999997391	epochs	3.0
3121.7168008779295	0.048128600000381994	epochs	2.0
3121.7168008779295	0.024131000000124914	epochs	3.0
3121.7409318779296	0.02399760000025708	epochs	3.0
3121.76492947793	0.0476010999996106	epochs	2.0
3121.76492947793	0.02386579999983951	epochs	3.0
3121.7887952779297	0.023735299999771087	epochs	3.0
3121.8125305779295	0.04708500000015192	epochs	2.0
3121.8125305779295	0.023606300000210467	epochs	3.0
3121.8361368779297	0.023478699999941455	epochs	3.0
3121.8596155779296	0.04658000000017637	epochs	2.0
3121.8596155779296	0.023352499999873544	epochs	3.0
3121.8829680779295	0.023227500000302825	epochs	3.0
3121.90619557793	0.04608569999982137	epochs	2.0
3121.90619557793	0.02310399999987567	epochs	3.0
3121.9292995779297	0.022981699999945704	epochs	3.0
3121.9522812779296	0.045601799999985815	epochs	2.0
3121.9522812779296	0.02286069999991014	epochs	3.0
3121.9751419779295	0.022741100000075676	epochs	3.0
3121.9978830779296	0.045127899999897636	epochs	2.0
3121.9978830779296	0.022622500000125	epochs	3.0
3122.0205055779297	0.022505399999772635	epochs	3.0
3122.0430109779295	0.044663800000307674	epochs	2.0
3122.0430109779295	0.022389300000213552	epochs	3.0
3122.0654002779297	0.022274500000094122	epochs	3.0
3122.08767477793	0.044209199999841076	epochs	2.0
3122.08767477793	0.022160799999710434	epochs	3.0
3122.1098355779295	0.02204840000013064	epochs	3.0
3122.1318839779296	0.04376360000014756	epochs	2.0
3122.1318839779296	0.021936900000127935	epochs	3.0
3122.15382087793	0.021826700000019628	epochs	3.0
3122.17564757793	0.043327099999714846	epochs	2.0
3122.17564757793	0.02171760000010181	epochs	3.0
3122.19736517793	0.021609499999613035	epochs	3.0
3122.2189746779295	0.04289900000003399	epochs	2.0
3122.2189746779295	0.021502500000224245	epochs	3.0
3122.2404771779297	0.021396499999809748	epochs	3.0
3122.2618736779295	0.042479500000354165	epochs	2.0
3122.2618736779295	0.02129170000034719	epochs	3.0
3122.28316537793	0.021187800000006973	epochs	3.0
3122.30435317793	0.04206789999989269	epochs	2.0
3122.30435317793	0.02108490000000529	epochs	3.0
3122.32543807793	0.020982999999887397	epochs	3.0
3122.34642107793	0.041664399999717716	epochs	2.0
3122.34642107793	0.020882199999959994	epochs	3.0
3122.3673032779298	0.020782199999757722	epochs	3.0
3122.3880854779295	0.04126850000011473	epochs	2.0
3122.3880854779295	0.02068330000020069	epochs	3.0
3122.4087687779297	0.02058519999991404	epochs	3.0
3122.4293539779296	0.04088000000001557	epochs	2.0
3122.4293539779296	0.020488099999965925	epochs	3.0
3122.4498420779296	0.020391900000049645	epochs	3.0
3122.4702339779296	0.04049880000002304	epochs	2.0
3122.4702339779296	0.0202966000001652	epochs	3.0
3122.49053057793	0.02020219999985784	epochs	3.0
3122.5107327779297	0.04012460000012652	epochs	2.0
3122.5107327779297	0.02010870000003706	epochs	3.0
3122.5308414779297	0.02001590000008946	epochs	3.0
3122.55085737793	0.03975730000001931	epochs	2.0
3122.55085737793	0.0199241999998776	epochs	3.0
3122.5707815779297	0.019833100000141712	epochs	3.0
3122.59061467793	0.03939669999999751	epochs	2.0
3122.59061467793	0.019742999999834865	epochs	3.0
3122.6103576779296	0.019653700000162644	epochs	3.0
3122.63001137793	0.03904239999974379	epochs	2.0
3122.63001137793	0.019565099999908853	epochs	3.0
3122.6495764779297	0.01947729999983494	epochs	3.0
3122.6690537779295	0.03869460000032632	epochs	2.0
3122.6690537779295	0.01939040000024761	epochs	3.0
3122.68844417793	0.01930420000007871	epochs	3.0
3122.70774837793	0.03835289999960878	epochs	2.0
3122.70774837793	0.01921879999963494	epochs	3.0
3122.7269671779295	0.01913409999997384	epochs	3.0
3122.7461012779295	0.03801720000001296	epochs	2.0
3122.7461012779295	0.019050200000037876	epochs	3.0
3122.7651514779295	0.018966999999975087	epochs	3.0
3122.7841184779295	0.03768720000016401	epochs	2.0
3122.7841184779295	0.018884500000240223	epochs	3.0
3122.8030029779297	0.01880269999992379	epochs	3.0
3122.8218056779297	0.037363100000220584	epochs	2.0
3122.8218056779297	0.01872170000024198	epochs	3.0
3122.84052737793	0.018641399999978603	epochs	3.0
3122.85916877793	0.03704429999970671	epochs	2.0
3122.85916877793	0.018561599999884493	epochs	3.0
3122.8777303779298	0.018482699999822216	epochs	3.0
3122.8962130779296	0.036731000000145286	epochs	2.0
3122.8962130779296	0.018404299999929208	epochs	3.0
3122.9146173779295	0.01832670000021608	epochs	3.0
3122.9329440779297	0.03642290000016146	epochs	2.0
3122.9329440779297	0.018249599999762722	epochs	3.0
3122.9511936779295	0.01817330000039874	epochs	3.0
3122.96936697793	0.03612009999960719	epochs	2.0
3122.96936697793	0.018097599999691738	epochs	3.0
3122.9874645779296	0.018022499999915453	epochs	3.0
3123.0054870779295	0.035822100000132195	epochs	2.0
3123.0054870779295	0.017947900000308437	epochs	3.0
3123.02343497793	0.01787419999982376	epochs	3.0
3123.0413091779296	0.03552900000022419	epochs	2.0
3123.0413091779296	0.017800800000259187	epochs	3.0
3123.05910997793	0.017728199999965	epochs	3.0
3123.07683817793	0.03524070000003121	epochs	2.0
3123.07683817793	0.01765609999984008	epochs	3.0
3123.0944942779297	0.01758460000019113	epochs	3.0
3123.11207887793	0.03495709999970131	epochs	2.0
3123.11207887793	0.01751369999965391	epochs	3.0
3123.1295925779295	0.017443400000047404	epochs	3.0
3123.1470359779296	0.03467790000013338	epochs	2.0
3123.1470359779296	0.01737360000015542	epochs	3.0
3123.1644095779297	0.017304299999977957	epochs	3.0
3123.1817138779297	0.03440330000012182	epochs	2.0
3123.1817138779297	0.017235700000128418	epochs	3.0
3123.19894957793	0.0171675999999934	epochs	3.0
3123.21611717793	0.03413279999995211	epochs	2.0
3123.21611717793	0.017099899999720947	epochs	3.0
3123.2332170779296	0.017032900000231166	epochs	3.0
3123.25024997793	0.03386670000008962	epochs	2.0
3123.25024997793	0.01696640000000116	epochs	3.0
3123.26721637793	0.016900300000088464	epochs	3.0
3123.28411667793	0.033604599999762286	epochs	2.0
3123.28411667793	0.016834799999742245	epochs	3.0
3123.3009514779296	0.01676980000002004	epochs	3.0
3123.3177212779296	0.0333466000001863	epochs	2.0
3123.3177212779296	0.016705300000012357	epochs	3.0
3123.3344265779297	0.016641300000173942	epochs	3.0
3123.35106787793	0.033092499999838765	epochs	2.0
3123.35106787793	0.016577800000050047	epochs	3.0
3123.36764567793	0.016514699999788718	epochs	3.0
3123.3841603779297	0.032842300000083924	epochs	2.0
3123.3841603779297	0.01645220000000336	epochs	3.0
3123.4006125779297	0.016390100000080565	epochs	3.0
3123.4170026779298	0.03259570000000167	epochs	2.0
3123.4170026779298	0.016328400000020338	epochs	3.0
3123.43333107793	0.016267299999981333	epochs	3.0
3123.4495983779298	0.03235289999975066	epochs	2.0
3123.4495983779298	0.016206599999804894	epochs	3.0
3123.4658049779296	0.016146299999945768	epochs	3.0
3123.4819512779295	0.032113700000081735	epochs	2.0
3123.4819512779295	0.016086600000107865	epochs	3.0
3123.4980378779296	0.01602709999997387	epochs	3.0
3123.5140649779296	0.03187800000023344	epochs	2.0
3123.5140649779296	0.015968200000315846	epochs	3.0
3123.53003317793	0.015909799999917595	epochs	3.0
3123.54594297793	0.03164569999989908	epochs	2.0
3123.54594297793	0.015851599999678	epochs	3.0
3123.5617945779295	0.01579410000022108	epochs	3.0
3123.5775886779297	0.03141670000013619	epochs	2.0
3123.5775886779297	0.015736700000161363	epochs	3.0
3123.59332537793	0.015679999999974825	epochs	3.0
3123.60900537793	0.03119109999988723	epochs	2.0
3123.60900537793	0.015623599999798898	epochs	3.0
3123.6246289779297	0.01556750000008833	epochs	3.0
3123.6401964779297	0.030968699999903038	epochs	2.0
3123.6401964779297	0.015511999999944237	epochs	3.0
3123.6557084779297	0.0154566999999588	epochs	3.0
3123.6711651779297	0.030749500000183616	epochs	2.0
3123.6711651779297	0.015401999999994587	epochs	3.0
3123.6865671779296	0.01534750000018903	epochs	3.0
3123.70191467793	0.030533199999808858	epochs	2.0
3123.70191467793	0.01529339999979129	epochs	3.0
3123.7172080779296	0.015239800000017567	epochs	3.0
3123.7324478779296	0.030320100000153616	epochs	2.0
3123.7324478779296	0.015186500000254455	epochs	3.0
3123.74763437793	0.015133599999899161	epochs	3.0
3123.76276797793	0.030109899999843037	epochs	2.0
3123.76276797793	0.015081000000009226	epochs	3.0
3123.77784897793	0.015028899999833811	epochs	3.0
3123.7928778779296	0.029902499999934662	epochs	2.0
3123.7928778779296	0.0149770000002718	epochs	3.0
3123.80785487793	0.014925499999662861	epochs	3.0
3123.8227803779296	0.0296981000001324	epochs	2.0
3123.8227803779296	0.01487440000028073	epochs	3.0
3123.83765477793	0.01482369999985167	epochs	3.0
3123.8524784779297	0.029496300000118936	epochs	2.0
3123.8524784779297	0.014773200000036013	epochs	3.0
3123.8672516779297	0.014723100000082923	epochs	3.0
3123.88197477793	0.029297399999904883	epochs	2.0
3123.88197477793	0.014673399999992398	epochs	3.0
3123.89664817793	0.014623999999912485	epochs	3.0
3123.9112721779297	0.029101099999934377	epochs	2.0
3123.9112721779297	0.014574899999843183	epochs	3.0
3123.9258470779296	0.014526200000091194	epochs	3.0
3123.9403732779297	0.028907400000207417	epochs	2.0
3123.9403732779297	0.014477700000043114	epochs	3.0
3123.9548509779297	0.014429700000164303	epochs	3.0
3123.96928067793	0.028716199999962555	epochs	2.0
3123.96928067793	0.014381799999682698	epochs	3.0
3123.9836624779296	0.014334400000279857	epochs	3.0
3123.99799687793	0.02852759999996124	epochs	2.0
3123.99799687793	0.01428719999967143	epochs	3.0
3124.0122840779295	0.01424040000028981	epochs	3.0
3124.02652447793	0.028341400000044814	epochs	2.0
3124.02652447793	0.014193799999702605	epochs	3.0
3124.0407182779295	0.014147600000342209	epochs	3.0
3124.05486587793	0.028157700000065233	epochs	2.0
3124.05486587793	0.014101699999628181	epochs	3.0
3124.0689675779295	0.014056000000437052	epochs	3.0
3124.08302357793	0.02797629999986384	epochs	2.0
3124.08302357793	0.014010599999892293	epochs	3.0
3124.09703417793	0.013965699999971548	epochs	3.0
3124.1109998779298	0.027797199999895383	epochs	2.0
3124.1109998779298	0.013920800000050804	epochs	3.0
3124.12492067793	0.01387639999984458	epochs	3.0
3124.1387970779297	0.02762040000015986	epochs	2.0
3124.1387970779297	0.013832199999797012	epochs	3.0
3124.1526292779295	0.013788200000362849	epochs	3.0
3124.16641747793	0.02744589999974778	epochs	2.0
3124.16641747793	0.013744599999881757	epochs	3.0
3124.1801620779297	0.013701299999866023	epochs	3.0
3124.1938633779296	0.027273500000319473	epochs	2.0
3124.1938633779296	0.013658200000008947	epochs	3.0
3124.2075215779296	0.013615300000310526	epochs	3.0
3124.22113687793	0.02710339999975986	epochs	2.0
3124.22113687793	0.013572799999565177	epochs	3.0
3124.2347096779295	0.013530600000194681	epochs	3.0
3124.2482402779297	0.02693520000002536	epochs	2.0
3124.2482402779297	0.01348839999991469	epochs	3.0
3124.2617286779296	0.01344680000011067	epochs	3.0
3124.2751754779297	0.026769200000217097	epochs	2.0
3124.2751754779297	0.013405199999851902	epochs	3.0
3124.2885806779295	0.013364000000365195	epochs	3.0
3124.30194467793	0.026605199999721663	epochs	2.0
3124.30194467793	0.013322899999820947	epochs	3.0
3124.3152675779297	0.013282299999900715	epochs	3.0
3124.3285498779296	0.0264431999999033	epochs	2.0
3124.3285498779296	0.013241699999980483	epochs	3.0
3124.3417915779296	0.013201499999922817	epochs	3.0
3124.3549930779295	0.02628320000030726	epochs	2.0
3124.3549930779295	0.013161500000023807	epochs	3.0
3124.3681545779295	0.013121700000283454	epochs	3.0
3124.38127627793	0.026124999999865395	epochs	2.0
3124.38127627793	0.013082099999792263	epochs	3.0
3124.3943583779296	0.013042900000073132	epochs	3.0
3124.4074012779297	0.025968899999952555	epochs	2.0
3124.4074012779297	0.01300390000005791	epochs	3.0
3124.4204051779298	0.012964999999894644	epochs	3.0
3124.4333701779296	0.025814500000251428	epochs	2.0
3124.4333701779296	0.012926400000196736	epochs	3.0
3124.44629657793	0.012888100000054692	epochs	3.0
3124.45918467793	0.025661899999704474	epochs	2.0
3124.45918467793	0.012849899999764602	epochs	3.0
3124.4720345779297	0.012811999999939871	epochs	3.0
3124.4848465779296	0.025511199999982637	epochs	2.0
3124.4848465779296	0.012774400000125752	epochs	3.0
3124.4976209779297	0.012736799999856885	epochs	3.0
3124.5103577779296	0.025362300000324467	epochs	2.0
3124.5103577779296	0.012699700000212033	epochs	3.0
3124.52305747793	0.012662600000112434	epochs	3.0
3124.53572007793	0.025214999999661813	epochs	2.0
3124.53572007793	0.012625799999568699	epochs	3.0
3124.5483458779295	0.012589200000093115	epochs	3.0
3124.5609350779296	0.024584799999956886	epochs	2.0
3124.58401727793	0.5	epochs	-1.0
3124.5855198779295	0.5224800000000869	epochs	1.0
3125.1079998779296	0.4774400000001151	epochs	0.0
3125.518000125885	0.057519999999840365	epochs	0.0
3125.518000125885	0.023761500000091473	epochs	1.0
3125.541761625885	0.009997000000112166	epochs	1.0
3125.551758625885	0.023761499999636726	epochs	1.0
3125.575520125885	2.0	epochs	0.0
3127.575520125885	21.999920000000202	epochs	0.0
3127.575520125885	1.0	epochs	1.0
3127.575537525885	0.5	epochs	-1.0
3128.075537525885	19.9984800000002	epochs	-1.0
3128.575520125885	20.0	epochs	1.0
3128.575520125885	4.356753900000058	epochs	-1.0
3128.575520125885	1.9745872000003146	epochs	2.0
3128.575520125885	1.0985622000002877	epochs	3.0
3129.674082325885	0.8760250000000269	epochs	3.0
3130.550107325885	1.3524075000000266	epochs	2.0
3130.550107325885	0.7286354999996547	epochs	3.0
3131.278742825885	0.6237720000003719	epochs	3.0
3131.902514825885	1.0297591999997167	epochs	2.0
3131.902514825885	0.5453292999995938	epochs	3.0
3132.447844125885	0.48442990000012287	epochs	3.0
3132.932274025885	0.8317861999998968	epochs	2.0
3132.932274025885	0.43577630000027057	epochs	3.0
3133.368050325885	0.3960098999996262	epochs	3.0
3133.764060225885	0.6977970000002642	epochs	2.0
3133.764060225885	0.3628982000000178	epochs	3.0
3134.126958425885	0.3348988000002464	epochs	3.0
3134.461857225885	0.6010456999997587	epochs	2.0
3134.461857225885	0.3109122999999272	epochs	3.0
3134.772769525885	0.29013339999983145	epochs	3.0
3135.062902925885	0.5278859000000011	epochs	2.0
3135.062902925885	0.27195860000028915	epochs	3.0
3135.334861525885	0.255927299999712	epochs	3.0
3135.590788825885	0.4706193000001804	epochs	2.0
3135.590788825885	0.241681299999982	epochs	3.0
3135.832470125885	0.22893800000019837	epochs	3.0
3136.061408125885	0.42457039999999324	epochs	2.0
3136.061408125885	0.2174713999997948	epochs	3.0
3136.278879525885	0.20709900000019843	epochs	3.0
3136.485978525885	0.3867353999999068	epochs	2.0
3136.485978525885	0.19767110000020693	epochs	3.0
3136.683649625885	0.18906429999969987	epochs	3.0
3136.872713925885	0.35509529999990264	epochs	2.0
3136.872713925885	0.18117590000019845	epochs	3.0
3137.053889825885	0.17391939999970418	epochs	3.0
3137.227809225885	0.32824310000023615	epochs	2.0
3137.227809225885	0.167221900000186	epochs	3.0
3137.395031125885	0.16102120000005016	epochs	3.0
3137.556052325885	0.3051679999998669	epochs	2.0
3137.556052325885	0.15526390000013635	epochs	3.0
3137.711316225885	0.14990409999973053	epochs	3.0
3137.861220325885	0.28512529999989056	epochs	2.0
3137.861220325885	0.14490210000030856	epochs	3.0
3138.006122425885	0.140223199999582	epochs	3.0
3138.146345625885	0.26755380000031437	epochs	2.0
3138.146345625885	0.13583690000041315	epochs	3.0
3138.282182525885	0.13171689999990122	epochs	3.0
3138.413899425885	0.2520228999997016	epochs	2.0
3138.413899425885	0.12783929999977772	epochs	3.0
3138.541738725885	0.1241835999999239	epochs	3.0
3138.665922325885	0.23819650000041293	epochs	2.0
3138.665922325885	0.12073110000028464	epochs	3.0
3138.786653425885	0.11746540000012828	epochs	3.0
3138.9041188258852	0.22580879999986792	epochs	2.0
3138.9041188258852	0.11437189999969632	epochs	3.0
3139.018490725885	0.11143690000017159	epochs	3.0
3139.129927625885	0.21464599999990241	epochs	2.0
3139.129927625885	0.10864889999993466	epochs	3.0
3139.238576525885	0.10599709999996776	epochs	3.0
3139.344573625885	0.2045349999998507	epochs	2.0
3139.344573625885	0.10347150000006877	epochs	3.0
3139.448045125885	0.10106349999978192	epochs	3.0
3139.549108625885	0.19533400000000256	epochs	2.0
3139.549108625885	0.09876510000003691	epochs	3.0
3139.647873725885	0.09656889999996565	epochs	3.0
3139.744442625885	0.18692529999998442	epochs	2.0
3139.744442625885	0.0944683000002442	epochs	3.0
3139.838910925885	0.09245699999974022	epochs	3.0
3139.931367925885	0.1792107000001124	epochs	2.0
3139.931367925885	0.0905296000000817	epochs	3.0
3140.021897525885	0.08868110000003071	epochs	3.0
3140.110578625885	0.17210770000019693	epochs	2.0
3140.110578625885	0.08690630000000965	epochs	3.0
3140.197484925885	0.08520140000018728	epochs	3.0
3140.282686325885	0.16554640000003928	epochs	2.0
3140.282686325885	0.08356189999994967	epochs	3.0
3140.366248225885	0.08198450000008961	epochs	3.0
3140.448232725885	0.15946709999980158	epochs	2.0
3140.448232725885	0.08046539999986635	epochs	3.0
3140.528698125885	0.07900169999993523	epochs	3.0
3140.607699825885	0.15381840000009106	epochs	2.0
3140.607699825885	0.07759010000017952	epochs	3.0
3140.685289925885	0.07622829999991154	epochs	3.0
3140.761518225885	0.14855639999996129	epochs	2.0
3140.761518225885	0.07491329999993468	epochs	3.0
3140.836431525885	0.0736431000000266	epochs	3.0
3140.910074625885	0.1436423999998624	epochs	2.0
3140.910074625885	0.07241500000009182	epochs	3.0
3140.982489625885	0.07122739999977057	epochs	3.0
3141.053717025885	0.13904309999998077	epochs	2.0
3141.053717025885	0.07007800000019415	epochs	3.0
3141.123795025885	0.06896509999978662	epochs	3.0
3141.192760125885	0.13472930000034467	epochs	2.0
3141.192760125885	0.0678871000000072	epochs	3.0
3141.260647225885	0.06684220000033747	epochs	3.0
3141.3274894258852	0.13067519999958677	epochs	2.0
3141.3274894258852	0.06582909999997355	epochs	3.0
3141.393318525885	0.06484609999961322	epochs	3.0
3141.458164625885	0.12685780000037994	epochs	2.0
3141.458164625885	0.06389200000012352	epochs	3.0
3141.522056625885	0.06296580000025642	epochs	3.0
3141.585022425885	0.12325719999989815	epochs	2.0
3141.585022425885	0.06206579999980022	epochs	3.0
3141.647088225885	0.06119140000009793	epochs	3.0
3141.708279625885	0.11985539999977846	epochs	2.0
3141.708279625885	0.06034109999973225	epochs	3.0
3141.768620725885	0.059514300000046205	epochs	3.0
3141.828135025885	0.11663620000035735	epochs	2.0
3141.828135025885	0.058709599999929196	epochs	3.0
3141.886844625885	0.05792660000042815	epochs	3.0
3141.9447712258852	0.11358559999962381	epochs	2.0
3141.9447712258852	0.05716419999998834	epochs	3.0
3142.001935425885	0.05642139999963547	epochs	3.0
3142.058356825885	0.11069050000014613	epochs	2.0
3142.058356825885	0.05569790000026842	epochs	3.0
3142.114054725885	0.05499259999987771	epochs	3.0
3142.169047325885	0.10793909999983953	epochs	2.0
3142.169047325885	0.054304899999806366	epochs	3.0
3142.223352225885	0.05363420000003316	epochs	3.0
3142.276986425885	0.10532150000017282	epochs	2.0
3142.276986425885	0.05298000000038883	epochs	3.0
3142.3299664258852	0.05234149999978399	epochs	3.0
3142.382307925885	0.10282760000018243	epochs	2.0
3142.382307925885	0.05171810000001642	epochs	3.0
3142.434026025885	0.05110950000016601	epochs	3.0
3142.485135525885	0.10044909999987794	epochs	2.0
3142.485135525885	0.05051489999959813	epochs	3.0
3142.535650425885	0.049934200000279816	epochs	3.0
3142.585584625885	0.09817829999974492	epochs	2.0
3142.585584625885	0.049366599999757454	epochs	3.0
3142.634951225885	0.04881169999998747	epochs	3.0
3142.683762925885	0.09600780000027953	epochs	2.0
3142.683762925885	0.04826920000004975	epochs	3.0
3142.732032125885	0.04773860000022978	epochs	3.0
3142.779770725885	0.09393120000004274	epochs	2.0
3142.779770725885	0.0472194999997555	epochs	3.0
3142.826990225885	0.04671170000028724	epochs	3.0
3142.873701925885	0.09194260000003851	epochs	2.0
3142.873701925885	0.046214599999984785	epochs	3.0
3142.919916525885	0.045728000000053726	epochs	3.0
3142.965644525885	0.09003629999961049	epochs	2.0
3142.965644525885	0.045251499999722	epochs	3.0
3143.010896025885	0.04478479999988849	epochs	3.0
3143.055680825885	0.08820760000025984	epochs	2.0
3143.055680825885	0.0443278000002465	epochs	3.0
3143.100008625885	0.04387980000001335	epochs	3.0
3143.143888425885	0.0864516999999978	epochs	2.0
3143.143888425885	0.04344099999980244	epochs	3.0
3143.187329425885	0.04301070000019536	epochs	3.0
3143.230340125885	0.08476429999973334	epochs	2.0
3143.230340125885	0.04258900000013455	epochs	3.0
3143.272929125885	0.04217529999959879	epochs	3.0
3143.315104425885	0.08314150000023801	epochs	2.0
3143.315104425885	0.041769700000259036	epochs	3.0
3143.356874125885	0.041371799999978975	epochs	3.0
3143.398245925885	0.08157970000002024	epochs	2.0
3143.398245925885	0.040981399999964196	epochs	3.0
3143.439227325885	0.04059830000005604	epochs	3.0
3143.479825625885	0.08007550000002084	epochs	2.0
3143.479825625885	0.040222300000095856	epochs	3.0
3143.520047925885	0.03985319999992498	epochs	3.0
3143.559901125885	0.07862569999997504	epochs	2.0
3143.559901125885	0.03949079999983951	epochs	3.0
3143.599391925885	0.03913490000013553	epochs	3.0
3143.638526825885	0.07722759999978734	epochs	2.0
3143.638526825885	0.038785400000051595	epochs	3.0
3143.677312225885	0.03844219999973575	epochs	3.0
3143.715754425885	0.07587820000026113	epochs	2.0
3143.715754425885	0.038104800000382966	epochs	3.0
3143.753859225885	0.037773399999878166	epochs	3.0
3143.791632625885	0.07457519999979922	epochs	2.0
3143.791632625885	0.03744770000002973	epochs	3.0
3143.829080325885	0.0371274999997695	epochs	3.0
3143.866207825885	0.07331629999998768	epochs	2.0
3143.866207825885	0.036812900000313675	epochs	3.0
3143.903020725885	0.036503399999674	epochs	3.0
3143.939524125885	0.07209899999998015	epochs	2.0
3143.939524125885	0.03619909999997617	epochs	3.0
3143.975723225885	0.03589990000000398	epochs	3.0
3144.011623125885	0.07092170000032638	epochs	2.0
3144.011623125885	0.03560560000005353	epochs	3.0
3144.047228725885	0.035316100000272854	epochs	3.0
3144.082544825885	0.06978200000003199	epochs	2.0
3144.082544825885	0.03503120000004856	epochs	3.0
3144.1175760258852	0.03475079999998343	epochs	3.0
3144.152326825885	0.06867859999965731	epochs	2.0
3144.152326825885	0.03447509999978138	epochs	3.0
3144.186801925885	0.03420349999987593	epochs	3.0
3144.221005425885	0.06760930000018561	epochs	2.0
3144.221005425885	0.033936199999970995	epochs	3.0
3144.254941625885	0.03367310000021462	epochs	3.0
3144.288614725885	0.06657289999975546	epochs	2.0
3144.288614725885	0.03341399999999339	epochs	3.0
3144.322028725885	0.03315889999976207	epochs	3.0
3144.355187625885	0.06556780000028084	epochs	2.0
3144.355187625885	0.03290770000012344	epochs	3.0
3144.388095325885	0.0326601000001574	epochs	3.0
3144.420755425885	0.06459259999974165	epochs	2.0
3144.420755425885	0.03241639999987456	epochs	3.0
3144.453171825885	0.032176199999867094	epochs	3.0
3144.485348025885	0.06364600000006249	epochs	2.0
3144.485348025885	0.03193959999998697	epochs	3.0
3144.517287625885	0.03170640000007552	epochs	3.0
3144.548994025885	0.0627266999999847	epochs	2.0
3144.548994025885	0.03147660000013275	epochs	3.0
3144.580470625885	0.031250099999851955	epochs	3.0
3144.611720725885	0.06183360000022731	epochs	2.0
3144.611720725885	0.031026900000142632	epochs	3.0
3144.642747625885	0.030806700000084675	epochs	3.0
3144.673554325885	0.06096559999969031	epochs	2.0
3144.673554325885	0.030589799999688694	epochs	3.0
3144.704144125885	0.030375800000001618	epochs	3.0
3144.734519925885	0.06012160000000222	epochs	2.0
3144.734519925885	0.03016490000027261	epochs	3.0
3144.764684825885	0.029956699999729608	epochs	3.0
3144.794641525885	0.059300700000221696	epochs	2.0
3144.794641525885	0.029751600000054168	epochs	3.0
3144.824393125885	0.029549100000167527	epochs	3.0
3144.853942225885	0.058501800000158255	epochs	2.0
3144.853942225885	0.029349399999773595	epochs	3.0
3144.883291625885	0.02915240000038466	epochs	3.0
3144.912444025885	0.05772419999993872	epochs	2.0
3144.912444025885	0.028957999999875028	epochs	3.0
3144.941402025885	0.02876620000006369	epochs	3.0
3144.970168225885	0.056967099999837956	epochs	2.0
3144.970168225885	0.028577000000041153	epochs	3.0
3144.998745225885	0.028390099999796803	epochs	3.0
3145.027135325885	0.05622949999997218	epochs	2.0
3145.027135325885	0.028205699999944045	epochs	3.0
3145.055341025885	0.028023800000028132	epochs	3.0
3145.083364825885	0.05551070000001346	epochs	2.0
3145.083364825885	0.027844000000186497	epochs	3.0
3145.111208825885	0.02766669999982696	epochs	3.0
3145.138875525885	0.05481020000024728	epochs	2.0
3145.138875525885	0.02749149999999645	epochs	3.0
3145.166367025885	0.02731870000025083	epochs	3.0
3145.193685725885	0.054126999999880354	epochs	2.0
3145.193685725885	0.027147799999966082	epochs	3.0
3145.220833525885	0.026979199999914272	epochs	3.0
3145.247812725885	0.053460699999959616	epochs	2.0
3145.247812725885	0.026812600000084785	epochs	3.0
3145.274625325885	0.02664809999987483	epochs	3.0
3145.301273425885	0.05281070000000909	epochs	2.0
3145.301273425885	0.0264855999998872	epochs	3.0
3145.327759025885	0.026325100000121893	epochs	3.0
3145.354084125885	0.052176199999848905	epochs	2.0
3145.354084125885	0.026166399999965506	epochs	3.0
3145.380250525885	0.0260097999998834	epochs	3.0
3145.406260325885	0.05155670000021928	epochs	2.0
3145.406260325885	0.02585480000016105	epochs	3.0
3145.432115125885	0.02570190000005823	epochs	3.0
3145.457817025885	0.050951899999745365	epochs	2.0
3145.457817025885	0.02555069999971238	epochs	3.0
3145.483367725885	0.025401200000032986	epochs	3.0
3145.508768925885	0.05036100000006627	epochs	2.0
3145.508768925885	0.025253499999962514	epochs	3.0
3145.534022425885	0.025107500000103755	epochs	3.0
3145.559129925885	0.04978380000011384	epochs	2.0
3145.559129925885	0.02496320000000196	epochs	3.0
3145.584093125885	0.02482060000011188	epochs	3.0
3145.608913725885	0.04921950000016295	epochs	2.0
3145.608913725885	0.024679399999968155	epochs	3.0
3145.633593125885	0.024540100000194798	epochs	3.0
3145.658133225885	0.048667899999600195	epochs	2.0
3145.658133225885	0.024402099999861093	epochs	3.0
3145.682535325885	0.0242657999997391	epochs	3.0
3145.706801125885	0.048128600000381994	epochs	2.0
3145.706801125885	0.024131000000124914	epochs	3.0
3145.730932125885	0.02399760000025708	epochs	3.0
3145.754929725885	0.0476010999996106	epochs	2.0
3145.754929725885	0.02386579999983951	epochs	3.0
3145.778795525885	0.023735299999771087	epochs	3.0
3145.802530825885	0.04708500000015192	epochs	2.0
3145.802530825885	0.023606300000210467	epochs	3.0
3145.826137125885	0.023478699999941455	epochs	3.0
3145.849615825885	0.04658000000017637	epochs	2.0
3145.849615825885	0.023352499999873544	epochs	3.0
3145.872968325885	0.023227500000302825	epochs	3.0
3145.896195825885	0.04608569999982137	epochs	2.0
3145.896195825885	0.02310399999987567	epochs	3.0
3145.919299825885	0.022981699999945704	epochs	3.0
3145.942281525885	0.045601799999985815	epochs	2.0
3145.942281525885	0.02286069999991014	epochs	3.0
3145.965142225885	0.022741100000075676	epochs	3.0
3145.987883325885	0.045127899999897636	epochs	2.0
3145.987883325885	0.022622500000125	epochs	3.0
3146.010505825885	0.022505399999772635	epochs	3.0
3146.033011225885	0.044663800000307674	epochs	2.0
3146.033011225885	0.022389300000213552	epochs	3.0
3146.055400525885	0.022274500000094122	epochs	3.0
3146.077675025885	0.044209199999841076	epochs	2.0
3146.077675025885	0.022160799999710434	epochs	3.0
3146.099835825885	0.02204840000013064	epochs	3.0
3146.121884225885	0.04376360000014756	epochs	2.0
3146.121884225885	0.021936900000127935	epochs	3.0
3146.143821125885	0.021826700000019628	epochs	3.0
3146.165647825885	0.043327099999714846	epochs	2.0
3146.165647825885	0.02171760000010181	epochs	3.0
3146.187365425885	0.021609499999613035	epochs	3.0
3146.208974925885	0.04289900000003399	epochs	2.0
3146.208974925885	0.021502500000224245	epochs	3.0
3146.230477425885	0.021396499999809748	epochs	3.0
3146.251873925885	0.042479500000354165	epochs	2.0
3146.251873925885	0.02129170000034719	epochs	3.0
3146.273165625885	0.021187800000006973	epochs	3.0
3146.294353425885	0.04206789999989269	epochs	2.0
3146.294353425885	0.02108490000000529	epochs	3.0
3146.315438325885	0.020982999999887397	epochs	3.0
3146.336421325885	0.041664399999717716	epochs	2.0
3146.336421325885	0.020882199999959994	epochs	3.0
3146.357303525885	0.020782199999757722	epochs	3.0
3146.378085725885	0.04126850000011473	epochs	2.0
3146.378085725885	0.02068330000020069	epochs	3.0
3146.398769025885	0.02058519999991404	epochs	3.0
3146.419354225885	0.04088000000001557	epochs	2.0
3146.419354225885	0.020488099999965925	epochs	3.0
3146.439842325885	0.020391900000049645	epochs	3.0
3146.460234225885	0.04049880000002304	epochs	2.0
3146.460234225885	0.0202966000001652	epochs	3.0
3146.480530825885	0.02020219999985784	epochs	3.0
3146.500733025885	0.04012460000012652	epochs	2.0
3146.500733025885	0.02010870000003706	epochs	3.0
3146.520841725885	0.02001590000008946	epochs	3.0
3146.540857625885	0.03975730000001931	epochs	2.0
3146.540857625885	0.0199241999998776	epochs	3.0
3146.560781825885	0.019833100000141712	epochs	3.0
3146.580614925885	0.03939669999999751	epochs	2.0
3146.580614925885	0.019742999999834865	epochs	3.0
3146.600357925885	0.019653700000162644	epochs	3.0
3146.620011625885	0.03904239999974379	epochs	2.0
3146.620011625885	0.019565099999908853	epochs	3.0
3146.639576725885	0.01947729999983494	epochs	3.0
3146.659054025885	0.03869460000032632	epochs	2.0
3146.659054025885	0.01939040000024761	epochs	3.0
3146.678444425885	0.01930420000007871	epochs	3.0
3146.697748625885	0.03835289999960878	epochs	2.0
3146.697748625885	0.01921879999963494	epochs	3.0
3146.716967425885	0.01913409999997384	epochs	3.0
3146.736101525885	0.03801720000001296	epochs	2.0
3146.736101525885	0.019050200000037876	epochs	3.0
3146.755151725885	0.018966999999975087	epochs	3.0
3146.774118725885	0.03768720000016401	epochs	2.0
3146.774118725885	0.018884500000240223	epochs	3.0
3146.793003225885	0.01880269999992379	epochs	3.0
3146.811805925885	0.037363100000220584	epochs	2.0
3146.811805925885	0.01872170000024198	epochs	3.0
3146.830527625885	0.018641399999978603	epochs	3.0
3146.849169025885	0.03704429999970671	epochs	2.0
3146.849169025885	0.018561599999884493	epochs	3.0
3146.867730625885	0.018482699999822216	epochs	3.0
3146.886213325885	0.036731000000145286	epochs	2.0
3146.886213325885	0.018404299999929208	epochs	3.0
3146.904617625885	0.01832670000021608	epochs	3.0
3146.922944325885	0.03642290000016146	epochs	2.0
3146.922944325885	0.018249599999762722	epochs	3.0
3146.941193925885	0.01817330000039874	epochs	3.0
3146.959367225885	0.03612009999960719	epochs	2.0
3146.959367225885	0.018097599999691738	epochs	3.0
3146.977464825885	0.018022499999915453	epochs	3.0
3146.995487325885	0.035822100000132195	epochs	2.0
3146.995487325885	0.017947900000308437	epochs	3.0
3147.013435225885	0.01787419999982376	epochs	3.0
3147.031309425885	0.03552900000022419	epochs	2.0
3147.031309425885	0.017800800000259187	epochs	3.0
3147.049110225885	0.017728199999965	epochs	3.0
3147.066838425885	0.03524070000003121	epochs	2.0
3147.066838425885	0.01765609999984008	epochs	3.0
3147.084494525885	0.01758460000019113	epochs	3.0
3147.102079125885	0.03495709999970131	epochs	2.0
3147.102079125885	0.01751369999965391	epochs	3.0
3147.119592825885	0.017443400000047404	epochs	3.0
3147.137036225885	0.03467790000013338	epochs	2.0
3147.137036225885	0.01737360000015542	epochs	3.0
3147.154409825885	0.017304299999977957	epochs	3.0
3147.171714125885	0.03440330000012182	epochs	2.0
3147.171714125885	0.017235700000128418	epochs	3.0
3147.188949825885	0.0171675999999934	epochs	3.0
3147.206117425885	0.03413279999995211	epochs	2.0
3147.206117425885	0.017099899999720947	epochs	3.0
3147.223217325885	0.017032900000231166	epochs	3.0
3147.240250225885	0.03386670000008962	epochs	2.0
3147.240250225885	0.01696640000000116	epochs	3.0
3147.257216625885	0.016900300000088464	epochs	3.0
3147.274116925885	0.033604599999762286	epochs	2.0
3147.274116925885	0.016834799999742245	epochs	3.0
3147.290951725885	0.01676980000002004	epochs	3.0
3147.307721525885	0.0333466000001863	epochs	2.0
3147.307721525885	0.016705300000012357	epochs	3.0
3147.324426825885	0.016641300000173942	epochs	3.0
3147.341068125885	0.033092499999838765	epochs	2.0
3147.341068125885	0.016577800000050047	epochs	3.0
3147.357645925885	0.016514699999788718	epochs	3.0
3147.374160625885	0.032842300000083924	epochs	2.0
3147.374160625885	0.01645220000000336	epochs	3.0
3147.390612825885	0.016390100000080565	epochs	3.0
3147.407002925885	0.03259570000000167	epochs	2.0
3147.407002925885	0.016328400000020338	epochs	3.0
3147.423331325885	0.016267299999981333	epochs	3.0
3147.439598625885	0.03235289999975066	epochs	2.0
3147.439598625885	0.016206599999804894	epochs	3.0
3147.455805225885	0.016146299999945768	epochs	3.0
3147.471951525885	0.032113700000081735	epochs	2.0
3147.471951525885	0.016086600000107865	epochs	3.0
3147.488038125885	0.01602709999997387	epochs	3.0
3147.504065225885	0.03187800000023344	epochs	2.0
3147.504065225885	0.015968200000315846	epochs	3.0
3147.5200334258852	0.015909799999917595	epochs	3.0
3147.535943225885	0.03164569999989908	epochs	2.0
3147.535943225885	0.015851599999678	epochs	3.0
3147.551794825885	0.01579410000022108	epochs	3.0
3147.567588925885	0.03141670000013619	epochs	2.0
3147.567588925885	0.015736700000161363	epochs	3.0
3147.583325625885	0.015679999999974825	epochs	3.0
3147.599005625885	0.03119109999988723	epochs	2.0
3147.599005625885	0.015623599999798898	epochs	3.0
3147.614629225885	0.01556750000008833	epochs	3.0
3147.630196725885	0.030968699999903038	epochs	2.0
3147.630196725885	0.015511999999944237	epochs	3.0
3147.645708725885	0.0154566999999588	epochs	3.0
3147.661165425885	0.030749500000183616	epochs	2.0
3147.661165425885	0.015401999999994587	epochs	3.0
3147.676567425885	0.01534750000018903	epochs	3.0
3147.691914925885	0.030533199999808858	epochs	2.0
3147.691914925885	0.01529339999979129	epochs	3.0
3147.707208325885	0.015239800000017567	epochs	3.0
3147.722448125885	0.030320100000153616	epochs	2.0
3147.722448125885	0.015186500000254455	epochs	3.0
3147.737634625885	0.015133599999899161	epochs	3.0
3147.752768225885	0.030109899999843037	epochs	2.0
3147.752768225885	0.015081000000009226	epochs	3.0
3147.767849225885	0.015028899999833811	epochs	3.0
3147.782878125885	0.029902499999934662	epochs	2.0
3147.782878125885	0.0149770000002718	epochs	3.0
3147.7978551258852	0.014925499999662861	epochs	3.0
3147.812780625885	0.0296981000001324	epochs	2.0
3147.812780625885	0.01487440000028073	epochs	3.0
3147.827655025885	0.01482369999985167	epochs	3.0
3147.842478725885	0.029496300000118936	epochs	2.0
3147.842478725885	0.014773200000036013	epochs	3.0
3147.857251925885	0.014723100000082923	epochs	3.0
3147.871975025885	0.029297399999904883	epochs	2.0
3147.871975025885	0.014673399999992398	epochs	3.0
3147.886648425885	0.014623999999912485	epochs	3.0
3147.901272425885	0.029101099999934377	epochs	2.0
3147.901272425885	0.014574899999843183	epochs	3.0
3147.915847325885	0.014526200000091194	epochs	3.0
3147.930373525885	0.028907400000207417	epochs	2.0
3147.930373525885	0.014477700000043114	epochs	3.0
3147.944851225885	0.014429700000164303	epochs	3.0
3147.959280925885	0.028716199999962555	epochs	2.0
3147.959280925885	0.014381799999682698	epochs	3.0
3147.973662725885	0.014334400000279857	epochs	3.0
3147.987997125885	0.02852759999996124	epochs	2.0
3147.987997125885	0.01428719999967143	epochs	3.0
3148.002284325885	0.01424040000028981	epochs	3.0
3148.016524725885	0.028341400000044814	epochs	2.0
3148.016524725885	0.014193799999702605	epochs	3.0
3148.030718525885	0.014147600000342209	epochs	3.0
3148.044866125885	0.028157700000065233	epochs	2.0
3148.044866125885	0.014101699999628181	epochs	3.0
3148.058967825885	0.014056000000437052	epochs	3.0
3148.0730238258852	0.02797629999986384	epochs	2.0
3148.0730238258852	0.014010599999892293	epochs	3.0
3148.087034425885	0.013965699999971548	epochs	3.0
3148.101000125885	0.027797199999895383	epochs	2.0
3148.101000125885	0.013920800000050804	epochs	3.0
3148.114920925885	0.01387639999984458	epochs	3.0
3148.128797325885	0.02762040000015986	epochs	2.0
3148.128797325885	0.013832199999797012	epochs	3.0
3148.142629525885	0.013788200000362849	epochs	3.0
3148.156417725885	0.02744589999974778	epochs	2.0
3148.156417725885	0.013744599999881757	epochs	3.0
3148.170162325885	0.013701299999866023	epochs	3.0
3148.183863625885	0.027273500000319473	epochs	2.0
3148.183863625885	0.013658200000008947	epochs	3.0
3148.197521825885	0.013615300000310526	epochs	3.0
3148.211137125885	0.02710339999975986	epochs	2.0
3148.211137125885	0.013572799999565177	epochs	3.0
3148.224709925885	0.013530600000194681	epochs	3.0
3148.238240525885	0.02693520000002536	epochs	2.0
3148.238240525885	0.01348839999991469	epochs	3.0
3148.251728925885	0.01344680000011067	epochs	3.0
3148.265175725885	0.026769200000217097	epochs	2.0
3148.265175725885	0.013405199999851902	epochs	3.0
3148.278580925885	0.013364000000365195	epochs	3.0
3148.291944925885	0.026605199999721663	epochs	2.0
3148.291944925885	0.013322899999820947	epochs	3.0
3148.305267825885	0.013282299999900715	epochs	3.0
3148.318550125885	0.0264431999999033	epochs	2.0
3148.318550125885	0.013241699999980483	epochs	3.0
3148.331791825885	0.013201499999922817	epochs	3.0
3148.344993325885	0.02628320000030726	epochs	2.0
3148.344993325885	0.013161500000023807	epochs	3.0
3148.358154825885	0.013121700000283454	epochs	3.0
3148.371276525885	0.026124999999865395	epochs	2.0
3148.371276525885	0.013082099999792263	epochs	3.0
3148.384358625885	0.013042900000073132	epochs	3.0
3148.397401525885	0.025968899999952555	epochs	2.0
3148.397401525885	0.01300390000005791	epochs	3.0
3148.410405425885	0.012964999999894644	epochs	3.0
3148.423370425885	0.025814500000251428	epochs	2.0
3148.423370425885	0.012926400000196736	epochs	3.0
3148.436296825885	0.012888100000054692	epochs	3.0
3148.449184925885	0.025661899999704474	epochs	2.0
3148.449184925885	0.012849899999764602	epochs	3.0
3148.462034825885	0.012811999999939871	epochs	3.0
3148.474846825885	0.025511199999982637	epochs	2.0
3148.474846825885	0.012774400000125752	epochs	3.0
3148.487621225885	0.012736799999856885	epochs	3.0
3148.500358025885	0.025362300000324467	epochs	2.0
3148.500358025885	0.012699700000212033	epochs	3.0
3148.513057725885	0.012662600000112434	epochs	3.0
3148.5257203258852	0.025214999999661813	epochs	2.0
3148.5257203258852	0.012625799999568699	epochs	3.0
3148.538346125885	0.012589200000093115	epochs	3.0
3148.550935325885	0.024584799999956886	epochs	2.0
3148.574017525885	0.5	epochs	-1.0
3148.575520125885	0.999920000000202	epochs	1.0
3149.074017525885	0.5	epochs	-1.0
3150.1620001792908	0.057519999999840365	epochs	0.0
3150.1620001792908	0.023761500000091473	epochs	1.0
3150.185761679291	0.009997000000112166	epochs	1.0
3150.195758679291	0.023761499999636726	epochs	1.0
3150.2195201792906	2.0	epochs	0.0
3152.2195201792906	0.5019200000001547	epochs	0.0
3152.2195201792906	0.5019200000001547	epochs	1.0
3152.2195375792908	0.5	epochs	-1.0
3152.7195375792908	0.0019025999999939813	epochs	-1.0
3152.7214401792908	21.498000000000047	epochs	0.0
3154.0339999198914	0.057519999999840365	epochs	0.0
3154.0339999198914	0.023761500000091473	epochs	1.0
3154.0577614198914	0.009997000000112166	epochs	1.0
3154.0677584198916	0.023761499999636726	epochs	1.0
3154.091519919891	2.0	epochs	0.0
3156.091519919891	21.54264000000012	epochs	0.0
3156.091519919891	1.0	epochs	1.0
3156.0915373198914	0.5	epochs	-1.0
3156.5915373198914	19.9984800000002	epochs	-1.0
3157.091519919891	20.0	epochs	1.0
3157.091519919891	4.356753900000058	epochs	-1.0
3157.091519919891	1.9745872000003146	epochs	2.0
3157.091519919891	1.0985622000002877	epochs	3.0
3158.1900821198915	0.8760250000000269	epochs	3.0
3159.0661071198915	1.3524075000000266	epochs	2.0
3159.0661071198915	0.7286354999996547	epochs	3.0
3159.794742619891	0.6237720000003719	epochs	3.0
3160.4185146198915	1.0297591999997167	epochs	2.0
3160.4185146198915	0.5453292999995938	epochs	3.0
3160.963843919891	0.48442990000012287	epochs	3.0
3161.4482738198913	0.8317861999998968	epochs	2.0
3161.4482738198913	0.43577630000027057	epochs	3.0
3161.8840501198915	0.3960098999996262	epochs	3.0
3162.280060019891	0.6977970000002642	epochs	2.0
3162.280060019891	0.3628982000000178	epochs	3.0
3162.642958219891	0.3348988000002464	epochs	3.0
3162.9778570198914	0.6010456999997587	epochs	2.0
3162.9778570198914	0.3109122999999272	epochs	3.0
3163.2887693198913	0.29013339999983145	epochs	3.0
3163.578902719891	0.5278859000000011	epochs	2.0
3163.578902719891	0.27195860000028915	epochs	3.0
3163.8508613198915	0.255927299999712	epochs	3.0
3164.106788619891	0.4706193000001804	epochs	2.0
3164.106788619891	0.241681299999982	epochs	3.0
3164.348469919891	0.22893800000019837	epochs	3.0
3164.5774079198914	0.42457039999999324	epochs	2.0
3164.5774079198914	0.2174713999997948	epochs	3.0
3164.794879319891	0.20709900000019843	epochs	3.0
3165.0019783198914	0.3867353999999068	epochs	2.0
3165.0019783198914	0.19767110000020693	epochs	3.0
3165.1996494198916	0.18906429999969987	epochs	3.0
3165.3887137198913	0.35509529999990264	epochs	2.0
3165.3887137198913	0.18117590000019845	epochs	3.0
3165.5698896198915	0.17391939999970418	epochs	3.0
3165.743809019891	0.32824310000023615	epochs	2.0
3165.743809019891	0.167221900000186	epochs	3.0
3165.9110309198913	0.16102120000005016	epochs	3.0
3166.0720521198914	0.3051679999998669	epochs	2.0
3166.0720521198914	0.15526390000013635	epochs	3.0
3166.2273160198915	0.14990409999973053	epochs	3.0
3166.3772201198913	0.28512529999989056	epochs	2.0
3166.3772201198913	0.14490210000030856	epochs	3.0
3166.5221222198916	0.140223199999582	epochs	3.0
3166.662345419891	0.26755380000031437	epochs	2.0
3166.662345419891	0.13583690000041315	epochs	3.0
3166.7981823198916	0.13171689999990122	epochs	3.0
3166.9298992198915	0.2520228999997016	epochs	2.0
3166.9298992198915	0.12783929999977772	epochs	3.0
3167.0577385198912	0.1241835999999239	epochs	3.0
3167.181922119891	0.23819650000041293	epochs	2.0
3167.181922119891	0.12073110000028464	epochs	3.0
3167.3026532198915	0.11746540000012828	epochs	3.0
3167.4201186198916	0.22580879999986792	epochs	2.0
3167.4201186198916	0.11437189999969632	epochs	3.0
3167.5344905198913	0.11143690000017159	epochs	3.0
3167.6459274198914	0.21464599999990241	epochs	2.0
3167.6459274198914	0.10864889999993466	epochs	3.0
3167.7545763198914	0.10599709999996776	epochs	3.0
3167.8605734198914	0.2045349999998507	epochs	2.0
3167.8605734198914	0.10347150000006877	epochs	3.0
3167.9640449198914	0.10106349999978192	epochs	3.0
3168.065108419891	0.19533400000000256	epochs	2.0
3168.065108419891	0.09876510000003691	epochs	3.0
3168.1638735198912	0.09656889999996565	epochs	3.0
3168.260442419891	0.18692529999998442	epochs	2.0
3168.260442419891	0.0944683000002442	epochs	3.0
3168.3549107198914	0.09245699999974022	epochs	3.0
3168.447367719891	0.1792107000001124	epochs	2.0
3168.447367719891	0.0905296000000817	epochs	3.0
3168.5378973198913	0.08868110000003071	epochs	3.0
3168.6265784198913	0.17210770000019693	epochs	2.0
3168.6265784198913	0.08690630000000965	epochs	3.0
3168.7134847198913	0.08520140000018728	epochs	3.0
3168.7986861198915	0.16554640000003928	epochs	2.0
3168.7986861198915	0.08356189999994967	epochs	3.0
3168.8822480198914	0.08198450000008961	epochs	3.0
3168.9642325198915	0.15946709999980158	epochs	2.0
3168.9642325198915	0.08046539999986635	epochs	3.0
3169.0446979198914	0.07900169999993523	epochs	3.0
3169.1236996198913	0.15381840000009106	epochs	2.0
3169.1236996198913	0.07759010000017952	epochs	3.0
3169.2012897198915	0.07622829999991154	epochs	3.0
3169.2775180198914	0.14855639999996129	epochs	2.0
3169.2775180198914	0.07491329999993468	epochs	3.0
3169.3524313198914	0.0736431000000266	epochs	3.0
3169.4260744198914	0.1436423999998624	epochs	2.0
3169.4260744198914	0.07241500000009182	epochs	3.0
3169.4984894198915	0.07122739999977057	epochs	3.0
3169.5697168198913	0.13904309999998077	epochs	2.0
3169.5697168198913	0.07007800000019415	epochs	3.0
3169.6397948198914	0.06896509999978662	epochs	3.0
3169.7087599198912	0.13472930000034467	epochs	2.0
3169.7087599198912	0.0678871000000072	epochs	3.0
3169.7766470198912	0.06684220000033747	epochs	3.0
3169.8434892198916	0.13067519999958677	epochs	2.0
3169.8434892198916	0.06582909999997355	epochs	3.0
3169.9093183198916	0.06484609999961322	epochs	3.0
3169.974164419891	0.12685780000037994	epochs	2.0
3169.974164419891	0.06389200000012352	epochs	3.0
3170.0380564198913	0.06296580000025642	epochs	3.0
3170.1010222198915	0.12325719999989815	epochs	2.0
3170.1010222198915	0.06206579999980022	epochs	3.0
3170.1630880198913	0.06119140000009793	epochs	3.0
3170.2242794198914	0.11985539999977846	epochs	2.0
3170.2242794198914	0.06034109999973225	epochs	3.0
3170.284620519891	0.059514300000046205	epochs	3.0
3170.344134819891	0.11663620000035735	epochs	2.0
3170.344134819891	0.058709599999929196	epochs	3.0
3170.402844419891	0.05792660000042815	epochs	3.0
3170.4607710198916	0.11358559999962381	epochs	2.0
3170.4607710198916	0.05716419999998834	epochs	3.0
3170.5179352198916	0.05642139999963547	epochs	3.0
3170.574356619891	0.11069050000014613	epochs	2.0
3170.574356619891	0.05569790000026842	epochs	3.0
3170.6300545198915	0.05499259999987771	epochs	3.0
3170.6850471198914	0.10793909999983953	epochs	2.0
3170.6850471198914	0.054304899999806366	epochs	3.0
3170.739352019891	0.05363420000003316	epochs	3.0
3170.792986219891	0.10532150000017282	epochs	2.0
3170.792986219891	0.05298000000038883	epochs	3.0
3170.8459662198916	0.05234149999978399	epochs	3.0
3170.8983077198914	0.10282760000018243	epochs	2.0
3170.8983077198914	0.05171810000001642	epochs	3.0
3170.9500258198914	0.05110950000016601	epochs	3.0
3171.0011353198915	0.10044909999987794	epochs	2.0
3171.0011353198915	0.05051489999959813	epochs	3.0
3171.051650219891	0.049934200000279816	epochs	3.0
3171.1015844198914	0.09817829999974492	epochs	2.0
3171.1015844198914	0.049366599999757454	epochs	3.0
3171.150951019891	0.04881169999998747	epochs	3.0
3171.199762719891	0.09600780000027953	epochs	2.0
3171.199762719891	0.04826920000004975	epochs	3.0
3171.248031919891	0.04773860000022978	epochs	3.0
3171.2957705198914	0.09393120000004274	epochs	2.0
3171.2957705198914	0.0472194999997555	epochs	3.0
3171.342990019891	0.04671170000028724	epochs	3.0
3171.3897017198915	0.09194260000003851	epochs	2.0
3171.3897017198915	0.046214599999984785	epochs	3.0
3171.4359163198915	0.045728000000053726	epochs	3.0
3171.4816443198915	0.09003629999961049	epochs	2.0
3171.4816443198915	0.045251499999722	epochs	3.0
3171.5268958198913	0.04478479999988849	epochs	3.0
3171.571680619891	0.08820760000025984	epochs	2.0
3171.571680619891	0.0443278000002465	epochs	3.0
3171.6160084198914	0.04387980000001335	epochs	3.0
3171.6598882198914	0.0864516999999978	epochs	2.0
3171.6598882198914	0.04344099999980244	epochs	3.0
3171.703329219891	0.04301070000019536	epochs	3.0
3171.7463399198914	0.08476429999973334	epochs	2.0
3171.7463399198914	0.04258900000013455	epochs	3.0
3171.7889289198915	0.04217529999959879	epochs	3.0
3171.831104219891	0.08314150000023801	epochs	2.0
3171.831104219891	0.041769700000259036	epochs	3.0
3171.8728739198914	0.041371799999978975	epochs	3.0
3171.9142457198914	0.08157970000002024	epochs	2.0
3171.9142457198914	0.040981399999964196	epochs	3.0
3171.9552271198913	0.04059830000005604	epochs	3.0
3171.9958254198914	0.08007550000002084	epochs	2.0
3171.9958254198914	0.040222300000095856	epochs	3.0
3172.0360477198915	0.03985319999992498	epochs	3.0
3172.0759009198914	0.07862569999997504	epochs	2.0
3172.0759009198914	0.03949079999983951	epochs	3.0
3172.1153917198912	0.03913490000013553	epochs	3.0
3172.1545266198914	0.07722759999978734	epochs	2.0
3172.1545266198914	0.038785400000051595	epochs	3.0
3172.1933120198914	0.03844219999973575	epochs	3.0
3172.231754219891	0.07587820000026113	epochs	2.0
3172.231754219891	0.038104800000382966	epochs	3.0
3172.2698590198916	0.037773399999878166	epochs	3.0
3172.3076324198914	0.07457519999979922	epochs	2.0
3172.3076324198914	0.03744770000002973	epochs	3.0
3172.3450801198915	0.0371274999997695	epochs	3.0
3172.3822076198912	0.07331629999998768	epochs	2.0
3172.3822076198912	0.036812900000313675	epochs	3.0
3172.4190205198915	0.036503399999674	epochs	3.0
3172.455523919891	0.07209899999998015	epochs	2.0
3172.455523919891	0.03619909999997617	epochs	3.0
3172.491723019891	0.03589990000000398	epochs	3.0
3172.527622919891	0.07092170000032638	epochs	2.0
3172.527622919891	0.03560560000005353	epochs	3.0
3172.5632285198913	0.035316100000272854	epochs	3.0
3172.5985446198915	0.06978200000003199	epochs	2.0
3172.5985446198915	0.03503120000004856	epochs	3.0
3172.6335758198916	0.03475079999998343	epochs	3.0
3172.6683266198916	0.06867859999965731	epochs	2.0
3172.6683266198916	0.03447509999978138	epochs	3.0
3172.7028017198913	0.03420349999987593	epochs	3.0
3172.737005219891	0.06760930000018561	epochs	2.0
3172.737005219891	0.033936199999970995	epochs	3.0
3172.770941419891	0.03367310000021462	epochs	3.0
3172.8046145198914	0.06657289999975546	epochs	2.0
3172.8046145198914	0.03341399999999339	epochs	3.0
3172.8380285198914	0.03315889999976207	epochs	3.0
3172.871187419891	0.06556780000028084	epochs	2.0
3172.871187419891	0.03290770000012344	epochs	3.0
3172.9040951198913	0.0326601000001574	epochs	3.0
3172.9367552198914	0.06459259999974165	epochs	2.0
3172.9367552198914	0.03241639999987456	epochs	3.0
3172.9691716198913	0.032176199999867094	epochs	3.0
3173.001347819891	0.06364600000006249	epochs	2.0
3173.001347819891	0.03193959999998697	epochs	3.0
3173.033287419891	0.03170640000007552	epochs	3.0
3173.0649938198912	0.0627266999999847	epochs	2.0
3173.0649938198912	0.03147660000013275	epochs	3.0
3173.0964704198914	0.031250099999851955	epochs	3.0
3173.127720519891	0.06183360000022731	epochs	2.0
3173.127720519891	0.031026900000142632	epochs	3.0
3173.1587474198914	0.030806700000084675	epochs	3.0
3173.1895541198915	0.06096559999969031	epochs	2.0
3173.1895541198915	0.030589799999688694	epochs	3.0
3173.220143919891	0.030375800000001618	epochs	3.0
3173.250519719891	0.06012160000000222	epochs	2.0
3173.250519719891	0.03016490000027261	epochs	3.0
3173.2806846198914	0.029956699999729608	epochs	3.0
3173.310641319891	0.059300700000221696	epochs	2.0
3173.310641319891	0.029751600000054168	epochs	3.0
3173.340392919891	0.029549100000167527	epochs	3.0
3173.3699420198914	0.058501800000158255	epochs	2.0
3173.3699420198914	0.029349399999773595	epochs	3.0
3173.399291419891	0.02915240000038466	epochs	3.0
3173.4284438198915	0.05772419999993872	epochs	2.0
3173.4284438198915	0.028957999999875028	epochs	3.0
3173.4574018198914	0.02876620000006369	epochs	3.0
3173.4861680198915	0.056967099999837956	epochs	2.0
3173.4861680198915	0.028577000000041153	epochs	3.0
3173.5147450198915	0.028390099999796803	epochs	3.0
3173.5431351198913	0.05622949999997218	epochs	2.0
3173.5431351198913	0.028205699999944045	epochs	3.0
3173.5713408198912	0.028023800000028132	epochs	3.0
3173.5993646198913	0.05551070000001346	epochs	2.0
3173.5993646198913	0.027844000000186497	epochs	3.0
3173.6272086198915	0.02766669999982696	epochs	3.0
3173.6548753198913	0.05481020000024728	epochs	2.0
3173.6548753198913	0.02749149999999645	epochs	3.0
3173.6823668198913	0.02731870000025083	epochs	3.0
3173.7096855198915	0.054126999999880354	epochs	2.0
3173.7096855198915	0.027147799999966082	epochs	3.0
3173.7368333198915	0.026979199999914272	epochs	3.0
3173.7638125198914	0.053460699999959616	epochs	2.0
3173.7638125198914	0.026812600000084785	epochs	3.0
3173.7906251198915	0.02664809999987483	epochs	3.0
3173.8172732198914	0.05281070000000909	epochs	2.0
3173.8172732198914	0.0264855999998872	epochs	3.0
3173.8437588198913	0.026325100000121893	epochs	3.0
3173.8700839198914	0.052176199999848905	epochs	2.0
3173.8700839198914	0.026166399999965506	epochs	3.0
3173.8962503198914	0.0260097999998834	epochs	3.0
3173.9222601198912	0.05155670000021928	epochs	2.0
3173.9222601198912	0.02585480000016105	epochs	3.0
3173.9481149198914	0.02570190000005823	epochs	3.0
3173.9738168198915	0.050951899999745365	epochs	2.0
3173.9738168198915	0.02555069999971238	epochs	3.0
3173.999367519891	0.025401200000032986	epochs	3.0
3174.024768719891	0.05036100000006627	epochs	2.0
3174.024768719891	0.025253499999962514	epochs	3.0
3174.050022219891	0.025107500000103755	epochs	3.0
3174.0751297198913	0.04978380000011384	epochs	2.0
3174.0751297198913	0.02496320000000196	epochs	3.0
3174.1000929198913	0.02482060000011188	epochs	3.0
3174.1249135198914	0.04921950000016295	epochs	2.0
3174.1249135198914	0.024679399999968155	epochs	3.0
3174.1495929198913	0.024540100000194798	epochs	3.0
3174.1741330198915	0.048667899999600195	epochs	2.0
3174.1741330198915	0.024402099999861093	epochs	3.0
3174.1985351198914	0.0242657999997391	epochs	3.0
3174.222800919891	0.048128600000381994	epochs	2.0
3174.222800919891	0.024131000000124914	epochs	3.0
3174.2469319198913	0.02399760000025708	epochs	3.0
3174.2709295198915	0.0476010999996106	epochs	2.0
3174.2709295198915	0.02386579999983951	epochs	3.0
3174.2947953198914	0.023735299999771087	epochs	3.0
3174.318530619891	0.04708500000015192	epochs	2.0
3174.318530619891	0.023606300000210467	epochs	3.0
3174.3421369198913	0.023478699999941455	epochs	3.0
3174.3656156198913	0.04658000000017637	epochs	2.0
3174.3656156198913	0.023352499999873544	epochs	3.0
3174.388968119891	0.023227500000302825	epochs	3.0
3174.4121956198915	0.04608569999982137	epochs	2.0
3174.4121956198915	0.02310399999987567	epochs	3.0
3174.4352996198913	0.022981699999945704	epochs	3.0
3174.4582813198913	0.045601799999985815	epochs	2.0
3174.4582813198913	0.02286069999991014	epochs	3.0
3174.481142019891	0.022741100000075676	epochs	3.0
3174.5038831198913	0.045127899999897636	epochs	2.0
3174.5038831198913	0.022622500000125	epochs	3.0
3174.5265056198914	0.022505399999772635	epochs	3.0
3174.549011019891	0.044663800000307674	epochs	2.0
3174.549011019891	0.022389300000213552	epochs	3.0
3174.5714003198914	0.022274500000094122	epochs	3.0
3174.5936748198915	0.044209199999841076	epochs	2.0
3174.5936748198915	0.022160799999710434	epochs	3.0
3174.615835619891	0.02204840000013064	epochs	3.0
3174.6378840198913	0.04376360000014756	epochs	2.0
3174.6378840198913	0.021936900000127935	epochs	3.0
3174.6598209198914	0.021826700000019628	epochs	3.0
3174.6816476198915	0.043327099999714846	epochs	2.0
3174.6816476198915	0.02171760000010181	epochs	3.0
3174.7033652198916	0.021609499999613035	epochs	3.0
3174.724974719891	0.04289900000003399	epochs	2.0
3174.724974719891	0.021502500000224245	epochs	3.0
3174.7464772198914	0.021396499999809748	epochs	3.0
3174.767873719891	0.042479500000354165	epochs	2.0
3174.767873719891	0.02129170000034719	epochs	3.0
3174.7891654198916	0.021187800000006973	epochs	3.0
3174.8103532198916	0.04206789999989269	epochs	2.0
3174.8103532198916	0.02108490000000529	epochs	3.0
3174.8314381198916	0.020982999999887397	epochs	3.0
3174.8524211198915	0.041664399999717716	epochs	2.0
3174.8524211198915	0.020882199999959994	epochs	3.0
3174.8733033198914	0.020782199999757722	epochs	3.0
3174.894085519891	0.04126850000011473	epochs	2.0
3174.894085519891	0.02068330000020069	epochs	3.0
3174.9147688198914	0.02058519999991404	epochs	3.0
3174.9353540198913	0.04088000000001557	epochs	2.0
3174.9353540198913	0.020488099999965925	epochs	3.0
3174.9558421198913	0.020391900000049645	epochs	3.0
3174.9762340198913	0.04049880000002304	epochs	2.0
3174.9762340198913	0.0202966000001652	epochs	3.0
3174.9965306198915	0.02020219999985784	epochs	3.0
3175.0167328198913	0.04012460000012652	epochs	2.0
3175.0167328198913	0.02010870000003706	epochs	3.0
3175.0368415198914	0.02001590000008946	epochs	3.0
3175.0568574198915	0.03975730000001931	epochs	2.0
3175.0568574198915	0.0199241999998776	epochs	3.0
3175.0767816198913	0.019833100000141712	epochs	3.0
3175.0966147198915	0.03939669999999751	epochs	2.0
3175.0966147198915	0.019742999999834865	epochs	3.0
3175.1163577198913	0.019653700000162644	epochs	3.0
3175.1360114198915	0.03904239999974379	epochs	2.0
3175.1360114198915	0.019565099999908853	epochs	3.0
3175.1555765198914	0.01947729999983494	epochs	3.0
3175.175053819891	0.03869460000032632	epochs	2.0
3175.175053819891	0.01939040000024761	epochs	3.0
3175.1944442198915	0.01930420000007871	epochs	3.0
3175.2137484198915	0.03835289999960878	epochs	2.0
3175.2137484198915	0.01921879999963494	epochs	3.0
3175.232967219891	0.01913409999997384	epochs	3.0
3175.252101319891	0.03801720000001296	epochs	2.0
3175.252101319891	0.019050200000037876	epochs	3.0
3175.271151519891	0.018966999999975087	epochs	3.0
3175.290118519891	0.03768720000016401	epochs	2.0
3175.290118519891	0.018884500000240223	epochs	3.0
3175.3090030198914	0.01880269999992379	epochs	3.0
3175.3278057198913	0.037363100000220584	epochs	2.0
3175.3278057198913	0.01872170000024198	epochs	3.0
3175.3465274198916	0.018641399999978603	epochs	3.0
3175.3651688198916	0.03704429999970671	epochs	2.0
3175.3651688198916	0.018561599999884493	epochs	3.0
3175.3837304198914	0.018482699999822216	epochs	3.0
3175.4022131198913	0.036731000000145286	epochs	2.0
3175.4022131198913	0.018404299999929208	epochs	3.0
3175.420617419891	0.01832670000021608	epochs	3.0
3175.4389441198914	0.03642290000016146	epochs	2.0
3175.4389441198914	0.018249599999762722	epochs	3.0
3175.457193719891	0.01817330000039874	epochs	3.0
3175.4753670198916	0.03612009999960719	epochs	2.0
3175.4753670198916	0.018097599999691738	epochs	3.0
3175.4934646198913	0.018022499999915453	epochs	3.0
3175.511487119891	0.035822100000132195	epochs	2.0
3175.511487119891	0.017947900000308437	epochs	3.0
3175.5294350198915	0.01787419999982376	epochs	3.0
3175.5473092198913	0.03552900000022419	epochs	2.0
3175.5473092198913	0.017800800000259187	epochs	3.0
3175.5651100198916	0.017728199999965	epochs	3.0
3175.5828382198915	0.03524070000003121	epochs	2.0
3175.5828382198915	0.01765609999984008	epochs	3.0
3175.6004943198914	0.01758460000019113	epochs	3.0
3175.6180789198916	0.03495709999970131	epochs	2.0
3175.6180789198916	0.01751369999965391	epochs	3.0
3175.635592619891	0.017443400000047404	epochs	3.0
3175.6530360198913	0.03467790000013338	epochs	2.0
3175.6530360198913	0.01737360000015542	epochs	3.0
3175.6704096198914	0.017304299999977957	epochs	3.0
3175.6877139198914	0.03440330000012182	epochs	2.0
3175.6877139198914	0.017235700000128418	epochs	3.0
3175.7049496198915	0.0171675999999934	epochs	3.0
3175.7221172198915	0.03413279999995211	epochs	2.0
3175.7221172198915	0.017099899999720947	epochs	3.0
3175.7392171198912	0.017032900000231166	epochs	3.0
3175.7562500198915	0.03386670000008962	epochs	2.0
3175.7562500198915	0.01696640000000116	epochs	3.0
3175.7732164198915	0.016900300000088464	epochs	3.0
3175.7901167198916	0.033604599999762286	epochs	2.0
3175.7901167198916	0.016834799999742245	epochs	3.0
3175.8069515198913	0.01676980000002004	epochs	3.0
3175.8237213198913	0.0333466000001863	epochs	2.0
3175.8237213198913	0.016705300000012357	epochs	3.0
3175.8404266198913	0.016641300000173942	epochs	3.0
3175.8570679198915	0.033092499999838765	epochs	2.0
3175.8570679198915	0.016577800000050047	epochs	3.0
3175.8736457198916	0.016514699999788718	epochs	3.0
3175.8901604198913	0.032842300000083924	epochs	2.0
3175.8901604198913	0.01645220000000336	epochs	3.0
3175.9066126198913	0.016390100000080565	epochs	3.0
3175.9230027198914	0.03259570000000167	epochs	2.0
3175.9230027198914	0.016328400000020338	epochs	3.0
3175.9393311198914	0.016267299999981333	epochs	3.0
3175.9555984198914	0.03235289999975066	epochs	2.0
3175.9555984198914	0.016206599999804894	epochs	3.0
3175.9718050198912	0.016146299999945768	epochs	3.0
3175.987951319891	0.032113700000081735	epochs	2.0
3175.987951319891	0.016086600000107865	epochs	3.0
3176.0040379198913	0.01602709999997387	epochs	3.0
3176.0200650198913	0.03187800000023344	epochs	2.0
3176.0200650198913	0.015968200000315846	epochs	3.0
3176.0360332198916	0.015909799999917595	epochs	3.0
3176.0519430198915	0.03164569999989908	epochs	2.0
3176.0519430198915	0.015851599999678	epochs	3.0
3176.067794619891	0.01579410000022108	epochs	3.0
3176.0835887198914	0.03141670000013619	epochs	2.0
3176.0835887198914	0.015736700000161363	epochs	3.0
3176.0993254198916	0.015679999999974825	epochs	3.0
3176.1150054198915	0.03119109999988723	epochs	2.0
3176.1150054198915	0.015623599999798898	epochs	3.0
3176.1306290198913	0.01556750000008833	epochs	3.0
3176.1461965198914	0.030968699999903038	epochs	2.0
3176.1461965198914	0.015511999999944237	epochs	3.0
3176.1617085198914	0.0154566999999588	epochs	3.0
3176.1771652198913	0.030749500000183616	epochs	2.0
3176.1771652198913	0.015401999999994587	epochs	3.0
3176.1925672198913	0.01534750000018903	epochs	3.0
3176.2079147198915	0.030533199999808858	epochs	2.0
3176.2079147198915	0.01529339999979129	epochs	3.0
3176.2232081198913	0.015239800000017567	epochs	3.0
3176.2384479198913	0.030320100000153616	epochs	2.0
3176.2384479198913	0.015186500000254455	epochs	3.0
3176.2536344198916	0.015133599999899161	epochs	3.0
3176.2687680198915	0.030109899999843037	epochs	2.0
3176.2687680198915	0.015081000000009226	epochs	3.0
3176.2838490198915	0.015028899999833811	epochs	3.0
3176.2988779198913	0.029902499999934662	epochs	2.0
3176.2988779198913	0.0149770000002718	epochs	3.0
3176.3138549198916	0.014925499999662861	epochs	3.0
3176.3287804198912	0.0296981000001324	epochs	2.0
3176.3287804198912	0.01487440000028073	epochs	3.0
3176.3436548198915	0.01482369999985167	epochs	3.0
3176.3584785198914	0.029496300000118936	epochs	2.0
3176.3584785198914	0.014773200000036013	epochs	3.0
3176.3732517198914	0.014723100000082923	epochs	3.0
3176.3879748198915	0.029297399999904883	epochs	2.0
3176.3879748198915	0.014673399999992398	epochs	3.0
3176.4026482198915	0.014623999999912485	epochs	3.0
3176.4172722198914	0.029101099999934377	epochs	2.0
3176.4172722198914	0.014574899999843183	epochs	3.0
3176.4318471198912	0.014526200000091194	epochs	3.0
3176.4463733198913	0.028907400000207417	epochs	2.0
3176.4463733198913	0.014477700000043114	epochs	3.0
3176.4608510198914	0.014429700000164303	epochs	3.0
3176.4752807198915	0.028716199999962555	epochs	2.0
3176.4752807198915	0.014381799999682698	epochs	3.0
3176.489662519891	0.014334400000279857	epochs	3.0
3176.5039969198915	0.02852759999996124	epochs	2.0
3176.5039969198915	0.01428719999967143	epochs	3.0
3176.518284119891	0.01424040000028981	epochs	3.0
3176.5325245198915	0.028341400000044814	epochs	2.0
3176.5325245198915	0.014193799999702605	epochs	3.0
3176.546718319891	0.014147600000342209	epochs	3.0
3176.5608659198915	0.028157700000065233	epochs	2.0
3176.5608659198915	0.014101699999628181	epochs	3.0
3176.574967619891	0.014056000000437052	epochs	3.0
3176.5890236198916	0.02797629999986384	epochs	2.0
3176.5890236198916	0.014010599999892293	epochs	3.0
3176.6030342198915	0.013965699999971548	epochs	3.0
3176.6169999198914	0.027797199999895383	epochs	2.0
3176.6169999198914	0.013920800000050804	epochs	3.0
3176.6309207198915	0.01387639999984458	epochs	3.0
3176.6447971198913	0.02762040000015986	epochs	2.0
3176.6447971198913	0.013832199999797012	epochs	3.0
3176.658629319891	0.013788200000362849	epochs	3.0
3176.6724175198915	0.02744589999974778	epochs	2.0
3176.6724175198915	0.013744599999881757	epochs	3.0
3176.6861621198914	0.013701299999866023	epochs	3.0
3176.6998634198912	0.027273500000319473	epochs	2.0
3176.6998634198912	0.013658200000008947	epochs	3.0
3176.7135216198913	0.013615300000310526	epochs	3.0
3176.7271369198916	0.02710339999975986	epochs	2.0
3176.7271369198916	0.013572799999565177	epochs	3.0
3176.740709719891	0.013530600000194681	epochs	3.0
3176.7542403198913	0.02693520000002536	epochs	2.0
3176.7542403198913	0.01348839999991469	epochs	3.0
3176.7677287198912	0.01344680000011067	epochs	3.0
3176.7811755198913	0.026769200000217097	epochs	2.0
3176.7811755198913	0.013405199999851902	epochs	3.0
3176.794580719891	0.013364000000365195	epochs	3.0
3176.8079447198916	0.026605199999721663	epochs	2.0
3176.8079447198916	0.013322899999820947	epochs	3.0
3176.8212676198914	0.013282299999900715	epochs	3.0
3176.8345499198913	0.0264431999999033	epochs	2.0
3176.8345499198913	0.013241699999980483	epochs	3.0
3176.8477916198913	0.013201499999922817	epochs	3.0
3176.860993119891	0.02628320000030726	epochs	2.0
3176.860993119891	0.013161500000023807	epochs	3.0
3176.874154619891	0.013121700000283454	epochs	3.0
3176.8872763198915	0.026124999999865395	epochs	2.0
3176.8872763198915	0.013082099999792263	epochs	3.0
3176.9003584198913	0.013042900000073132	epochs	3.0
3176.9134013198914	0.025968899999952555	epochs	2.0
3176.9134013198914	0.01300390000005791	epochs	3.0
3176.9264052198914	0.012964999999894644	epochs	3.0
3176.9393702198913	0.025814500000251428	epochs	2.0
3176.9393702198913	0.012926400000196736	epochs	3.0
3176.9522966198915	0.012888100000054692	epochs	3.0
3176.9651847198916	0.025661899999704474	epochs	2.0
3176.9651847198916	0.012849899999764602	epochs	3.0
3176.9780346198913	0.012811999999939871	epochs	3.0
3176.9908466198913	0.025511199999982637	epochs	2.0
3176.9908466198913	0.012774400000125752	epochs	3.0
3177.0036210198914	0.012736799999856885	epochs	3.0
3177.0163578198913	0.025362300000324467	epochs	2.0
3177.0163578198913	0.012699700000212033	epochs	3.0
3177.0290575198915	0.012662600000112434	epochs	3.0
3177.0417201198916	0.025214999999661813	epochs	2.0
3177.0417201198916	0.012625799999568699	epochs	3.0
3177.054345919891	0.012589200000093115	epochs	3.0
3177.0669351198912	0.024584799999956886	epochs	2.0
3177.0900173198916	0.5	epochs	-1.0
3177.091519919891	0.5426400000001195	epochs	1.0
3177.6341599198913	0.4572800000000825	epochs	0.0
3178.0599999427795	0.057519999999840365	epochs	0.0
3178.0599999427795	0.023761500000091473	epochs	1.0
3178.0837614427796	0.009997000000112166	epochs	1.0
3178.0937584427797	0.023761499999636726	epochs	1.0
3178.1175199427794	2.0	epochs	0.0
3180.1175199427794	21.999920000000202	epochs	0.0
3180.1175199427794	1.0	epochs	1.0
3180.1175373427795	0.5	epochs	-1.0
3180.6175373427795	19.9984800000002	epochs	-1.0
3181.1175199427794	20.0	epochs	1.0
3181.1175199427794	4.356753900000058	epochs	-1.0
3181.1175199427794	1.9745872000003146	epochs	2.0
3181.1175199427794	1.0985622000002877	epochs	3.0
3182.2160821427797	0.8760250000000269	epochs	3.0
3183.0921071427797	1.3524075000000266	epochs	2.0
3183.0921071427797	0.7286354999996547	epochs	3.0
3183.8207426427794	0.6237720000003719	epochs	3.0
3184.4445146427797	1.0297591999997167	epochs	2.0
3184.4445146427797	0.5453292999995938	epochs	3.0
3184.9898439427793	0.48442990000012287	epochs	3.0
3185.4742738427794	0.8317861999998968	epochs	2.0
3185.4742738427794	0.43577630000027057	epochs	3.0
3185.9100501427797	0.3960098999996262	epochs	3.0
3186.3060600427793	0.6977970000002642	epochs	2.0
3186.3060600427793	0.3628982000000178	epochs	3.0
3186.6689582427794	0.3348988000002464	epochs	3.0
3187.0038570427796	0.6010456999997587	epochs	2.0
3187.0038570427796	0.3109122999999272	epochs	3.0
3187.3147693427795	0.29013339999983145	epochs	3.0
3187.6049027427794	0.5278859000000011	epochs	2.0
3187.6049027427794	0.27195860000028915	epochs	3.0
3187.8768613427796	0.255927299999712	epochs	3.0
3188.1327886427794	0.4706193000001804	epochs	2.0
3188.1327886427794	0.241681299999982	epochs	3.0
3188.3744699427793	0.22893800000019837	epochs	3.0
3188.6034079427795	0.42457039999999324	epochs	2.0
3188.6034079427795	0.2174713999997948	epochs	3.0
3188.8208793427793	0.20709900000019843	epochs	3.0
3189.0279783427795	0.3867353999999068	epochs	2.0
3189.0279783427795	0.19767110000020693	epochs	3.0
3189.2256494427797	0.18906429999969987	epochs	3.0
3189.4147137427794	0.35509529999990264	epochs	2.0
3189.4147137427794	0.18117590000019845	epochs	3.0
3189.5958896427796	0.17391939999970418	epochs	3.0
3189.7698090427793	0.32824310000023615	epochs	2.0
3189.7698090427793	0.167221900000186	epochs	3.0
3189.9370309427795	0.16102120000005016	epochs	3.0
3190.0980521427796	0.3051679999998669	epochs	2.0
3190.0980521427796	0.15526390000013635	epochs	3.0
3190.2533160427797	0.14990409999973053	epochs	3.0
3190.4032201427794	0.28512529999989056	epochs	2.0
3190.4032201427794	0.14490210000030856	epochs	3.0
3190.5481222427798	0.140223199999582	epochs	3.0
3190.6883454427793	0.26755380000031437	epochs	2.0
3190.6883454427793	0.13583690000041315	epochs	3.0
3190.8241823427797	0.13171689999990122	epochs	3.0
3190.9558992427797	0.2520228999997016	epochs	2.0
3190.9558992427797	0.12783929999977772	epochs	3.0
3191.0837385427794	0.1241835999999239	epochs	3.0
3191.2079221427794	0.23819650000041293	epochs	2.0
3191.2079221427794	0.12073110000028464	epochs	3.0
3191.3286532427796	0.11746540000012828	epochs	3.0
3191.4461186427798	0.22580879999986792	epochs	2.0
3191.4461186427798	0.11437189999969632	epochs	3.0
3191.5604905427795	0.11143690000017159	epochs	3.0
3191.6719274427796	0.21464599999990241	epochs	2.0
3191.6719274427796	0.10864889999993466	epochs	3.0
3191.7805763427796	0.10599709999996776	epochs	3.0
3191.8865734427795	0.2045349999998507	epochs	2.0
3191.8865734427795	0.10347150000006877	epochs	3.0
3191.9900449427796	0.10106349999978192	epochs	3.0
3192.0911084427794	0.19533400000000256	epochs	2.0
3192.0911084427794	0.09876510000003691	epochs	3.0
3192.1898735427794	0.09656889999996565	epochs	3.0
3192.2864424427794	0.18692529999998442	epochs	2.0
3192.2864424427794	0.0944683000002442	epochs	3.0
3192.3809107427796	0.09245699999974022	epochs	3.0
3192.4733677427794	0.1792107000001124	epochs	2.0
3192.4733677427794	0.0905296000000817	epochs	3.0
3192.5638973427795	0.08868110000003071	epochs	3.0
3192.6525784427795	0.17210770000019693	epochs	2.0
3192.6525784427795	0.08690630000000965	epochs	3.0
3192.7394847427795	0.08520140000018728	epochs	3.0
3192.8246861427797	0.16554640000003928	epochs	2.0
3192.8246861427797	0.08356189999994967	epochs	3.0
3192.9082480427796	0.08198450000008961	epochs	3.0
3192.9902325427797	0.15946709999980158	epochs	2.0
3192.9902325427797	0.08046539999986635	epochs	3.0
3193.0706979427796	0.07900169999993523	epochs	3.0
3193.1496996427795	0.15381840000009106	epochs	2.0
3193.1496996427795	0.07759010000017952	epochs	3.0
3193.2272897427797	0.07622829999991154	epochs	3.0
3193.3035180427796	0.14855639999996129	epochs	2.0
3193.3035180427796	0.07491329999993468	epochs	3.0
3193.3784313427795	0.0736431000000266	epochs	3.0
3193.4520744427796	0.1436423999998624	epochs	2.0
3193.4520744427796	0.07241500000009182	epochs	3.0
3193.5244894427797	0.07122739999977057	epochs	3.0
3193.5957168427794	0.13904309999998077	epochs	2.0
3193.5957168427794	0.07007800000019415	epochs	3.0
3193.6657948427796	0.06896509999978662	epochs	3.0
3193.7347599427794	0.13472930000034467	epochs	2.0
3193.7347599427794	0.0678871000000072	epochs	3.0
3193.8026470427794	0.06684220000033747	epochs	3.0
3193.8694892427798	0.13067519999958677	epochs	2.0
3193.8694892427798	0.06582909999997355	epochs	3.0
3193.9353183427797	0.06484609999961322	epochs	3.0
3194.0001644427794	0.12685780000037994	epochs	2.0
3194.0001644427794	0.06389200000012352	epochs	3.0
3194.0640564427795	0.06296580000025642	epochs	3.0
3194.1270222427797	0.12325719999989815	epochs	2.0
3194.1270222427797	0.06206579999980022	epochs	3.0
3194.1890880427795	0.06119140000009793	epochs	3.0
3194.2502794427796	0.11985539999977846	epochs	2.0
3194.2502794427796	0.06034109999973225	epochs	3.0
3194.3106205427794	0.059514300000046205	epochs	3.0
3194.3701348427794	0.11663620000035735	epochs	2.0
3194.3701348427794	0.058709599999929196	epochs	3.0
3194.4288444427793	0.05792660000042815	epochs	3.0
3194.4867710427798	0.11358559999962381	epochs	2.0
3194.4867710427798	0.05716419999998834	epochs	3.0
3194.5439352427798	0.05642139999963547	epochs	3.0
3194.6003566427794	0.11069050000014613	epochs	2.0
3194.6003566427794	0.05569790000026842	epochs	3.0
3194.6560545427797	0.05499259999987771	epochs	3.0
3194.7110471427795	0.10793909999983953	epochs	2.0
3194.7110471427795	0.054304899999806366	epochs	3.0
3194.7653520427793	0.05363420000003316	epochs	3.0
3194.8189862427794	0.10532150000017282	epochs	2.0
3194.8189862427794	0.05298000000038883	epochs	3.0
3194.8719662427798	0.05234149999978399	epochs	3.0
3194.9243077427795	0.10282760000018243	epochs	2.0
3194.9243077427795	0.05171810000001642	epochs	3.0
3194.9760258427796	0.05110950000016601	epochs	3.0
3195.0271353427797	0.10044909999987794	epochs	2.0
3195.0271353427797	0.05051489999959813	epochs	3.0
3195.0776502427793	0.049934200000279816	epochs	3.0
3195.1275844427796	0.09817829999974492	epochs	2.0
3195.1275844427796	0.049366599999757454	epochs	3.0
3195.1769510427794	0.04881169999998747	epochs	3.0
3195.2257627427794	0.09600780000027953	epochs	2.0
3195.2257627427794	0.04826920000004975	epochs	3.0
3195.2740319427794	0.04773860000022978	epochs	3.0
3195.3217705427796	0.09393120000004274	epochs	2.0
3195.3217705427796	0.0472194999997555	epochs	3.0
3195.3689900427794	0.04671170000028724	epochs	3.0
3195.4157017427797	0.09194260000003851	epochs	2.0
3195.4157017427797	0.046214599999984785	epochs	3.0
3195.4619163427797	0.045728000000053726	epochs	3.0
3195.5076443427797	0.09003629999961049	epochs	2.0
3195.5076443427797	0.045251499999722	epochs	3.0
3195.5528958427794	0.04478479999988849	epochs	3.0
3195.5976806427793	0.08820760000025984	epochs	2.0
3195.5976806427793	0.0443278000002465	epochs	3.0
3195.6420084427796	0.04387980000001335	epochs	3.0
3195.6858882427796	0.0864516999999978	epochs	2.0
3195.6858882427796	0.04344099999980244	epochs	3.0
3195.7293292427794	0.04301070000019536	epochs	3.0
3195.7723399427796	0.08476429999973334	epochs	2.0
3195.7723399427796	0.04258900000013455	epochs	3.0
3195.8149289427797	0.04217529999959879	epochs	3.0
3195.8571042427793	0.08314150000023801	epochs	2.0
3195.8571042427793	0.041769700000259036	epochs	3.0
3195.8988739427796	0.041371799999978975	epochs	3.0
3195.9402457427796	0.08157970000002024	epochs	2.0
3195.9402457427796	0.040981399999964196	epochs	3.0
3195.9812271427795	0.04059830000005604	epochs	3.0
3196.0218254427796	0.08007550000002084	epochs	2.0
3196.0218254427796	0.040222300000095856	epochs	3.0
3196.0620477427797	0.03985319999992498	epochs	3.0
3196.1019009427796	0.07862569999997504	epochs	2.0
3196.1019009427796	0.03949079999983951	epochs	3.0
3196.1413917427794	0.03913490000013553	epochs	3.0
3196.1805266427796	0.07722759999978734	epochs	2.0
3196.1805266427796	0.038785400000051595	epochs	3.0
3196.2193120427796	0.03844219999973575	epochs	3.0
3196.2577542427794	0.07587820000026113	epochs	2.0
3196.2577542427794	0.038104800000382966	epochs	3.0
3196.2958590427797	0.037773399999878166	epochs	3.0
3196.3336324427796	0.07457519999979922	epochs	2.0
3196.3336324427796	0.03744770000002973	epochs	3.0
3196.3710801427796	0.0371274999997695	epochs	3.0
3196.4082076427794	0.07331629999998768	epochs	2.0
3196.4082076427794	0.036812900000313675	epochs	3.0
3196.4450205427797	0.036503399999674	epochs	3.0
3196.4815239427794	0.07209899999998015	epochs	2.0
3196.4815239427794	0.03619909999997617	epochs	3.0
3196.5177230427794	0.03589990000000398	epochs	3.0
3196.5536229427794	0.07092170000032638	epochs	2.0
3196.5536229427794	0.03560560000005353	epochs	3.0
3196.5892285427794	0.035316100000272854	epochs	3.0
3196.6245446427797	0.06978200000003199	epochs	2.0
3196.6245446427797	0.03503120000004856	epochs	3.0
3196.6595758427798	0.03475079999998343	epochs	3.0
3196.6943266427797	0.06867859999965731	epochs	2.0
3196.6943266427797	0.03447509999978138	epochs	3.0
3196.7288017427795	0.03420349999987593	epochs	3.0
3196.7630052427794	0.06760930000018561	epochs	2.0
3196.7630052427794	0.033936199999970995	epochs	3.0
3196.7969414427794	0.03367310000021462	epochs	3.0
3196.8306145427796	0.06657289999975546	epochs	2.0
3196.8306145427796	0.03341399999999339	epochs	3.0
3196.8640285427796	0.03315889999976207	epochs	3.0
3196.8971874427793	0.06556780000028084	epochs	2.0
3196.8971874427793	0.03290770000012344	epochs	3.0
3196.9300951427795	0.0326601000001574	epochs	3.0
3196.9627552427796	0.06459259999974165	epochs	2.0
3196.9627552427796	0.03241639999987456	epochs	3.0
3196.9951716427795	0.032176199999867094	epochs	3.0
3197.0273478427794	0.06364600000006249	epochs	2.0
3197.0273478427794	0.03193959999998697	epochs	3.0
3197.0592874427794	0.03170640000007552	epochs	3.0
3197.0909938427794	0.0627266999999847	epochs	2.0
3197.0909938427794	0.03147660000013275	epochs	3.0
3197.1224704427796	0.031250099999851955	epochs	3.0
3197.1537205427794	0.06183360000022731	epochs	2.0
3197.1537205427794	0.031026900000142632	epochs	3.0
3197.1847474427796	0.030806700000084675	epochs	3.0
3197.2155541427796	0.06096559999969031	epochs	2.0
3197.2155541427796	0.030589799999688694	epochs	3.0
3197.2461439427793	0.030375800000001618	epochs	3.0
3197.2765197427793	0.06012160000000222	epochs	2.0
3197.2765197427793	0.03016490000027261	epochs	3.0
3197.3066846427796	0.029956699999729608	epochs	3.0
3197.3366413427793	0.059300700000221696	epochs	2.0
3197.3366413427793	0.029751600000054168	epochs	3.0
3197.3663929427794	0.029549100000167527	epochs	3.0
3197.3959420427796	0.058501800000158255	epochs	2.0
3197.3959420427796	0.029349399999773595	epochs	3.0
3197.4252914427793	0.02915240000038466	epochs	3.0
3197.4544438427797	0.05772419999993872	epochs	2.0
3197.4544438427797	0.028957999999875028	epochs	3.0
3197.4834018427796	0.02876620000006369	epochs	3.0
3197.5121680427796	0.056967099999837956	epochs	2.0
3197.5121680427796	0.028577000000041153	epochs	3.0
3197.5407450427797	0.028390099999796803	epochs	3.0
3197.5691351427795	0.05622949999997218	epochs	2.0
3197.5691351427795	0.028205699999944045	epochs	3.0
3197.5973408427794	0.028023800000028132	epochs	3.0
3197.6253646427795	0.05551070000001346	epochs	2.0
3197.6253646427795	0.027844000000186497	epochs	3.0
3197.6532086427796	0.02766669999982696	epochs	3.0
3197.6808753427795	0.05481020000024728	epochs	2.0
3197.6808753427795	0.02749149999999645	epochs	3.0
3197.7083668427795	0.02731870000025083	epochs	3.0
3197.7356855427797	0.054126999999880354	epochs	2.0
3197.7356855427797	0.027147799999966082	epochs	3.0
3197.7628333427797	0.026979199999914272	epochs	3.0
3197.7898125427796	0.053460699999959616	epochs	2.0
3197.7898125427796	0.026812600000084785	epochs	3.0
3197.8166251427797	0.02664809999987483	epochs	3.0
3197.8432732427796	0.05281070000000909	epochs	2.0
3197.8432732427796	0.0264855999998872	epochs	3.0
3197.8697588427794	0.026325100000121893	epochs	3.0
3197.8960839427796	0.052176199999848905	epochs	2.0
3197.8960839427796	0.026166399999965506	epochs	3.0
3197.9222503427795	0.0260097999998834	epochs	3.0
3197.9482601427794	0.05155670000021928	epochs	2.0
3197.9482601427794	0.02585480000016105	epochs	3.0
3197.9741149427796	0.02570190000005823	epochs	3.0
3197.9998168427796	0.050951899999745365	epochs	2.0
3197.9998168427796	0.02555069999971238	epochs	3.0
3198.0253675427793	0.025401200000032986	epochs	3.0
3198.0507687427794	0.05036100000006627	epochs	2.0
3198.0507687427794	0.025253499999962514	epochs	3.0
3198.0760222427793	0.025107500000103755	epochs	3.0
3198.1011297427794	0.04978380000011384	epochs	2.0
3198.1011297427794	0.02496320000000196	epochs	3.0
3198.1260929427795	0.02482060000011188	epochs	3.0
3198.1509135427796	0.04921950000016295	epochs	2.0
3198.1509135427796	0.024679399999968155	epochs	3.0
3198.1755929427795	0.024540100000194798	epochs	3.0
3198.2001330427797	0.048667899999600195	epochs	2.0
3198.2001330427797	0.024402099999861093	epochs	3.0
3198.2245351427796	0.0242657999997391	epochs	3.0
3198.2488009427793	0.048128600000381994	epochs	2.0
3198.2488009427793	0.024131000000124914	epochs	3.0
3198.2729319427795	0.02399760000025708	epochs	3.0
3198.2969295427797	0.0476010999996106	epochs	2.0
3198.2969295427797	0.02386579999983951	epochs	3.0
3198.3207953427795	0.023735299999771087	epochs	3.0
3198.3445306427793	0.04708500000015192	epochs	2.0
3198.3445306427793	0.023606300000210467	epochs	3.0
3198.3681369427795	0.023478699999941455	epochs	3.0
3198.3916156427795	0.04658000000017637	epochs	2.0
3198.3916156427795	0.023352499999873544	epochs	3.0
3198.4149681427793	0.023227500000302825	epochs	3.0
3198.4381956427796	0.04608569999982137	epochs	2.0
3198.4381956427796	0.02310399999987567	epochs	3.0
3198.4612996427795	0.022981699999945704	epochs	3.0
3198.4842813427795	0.045601799999985815	epochs	2.0
3198.4842813427795	0.02286069999991014	epochs	3.0
3198.5071420427794	0.022741100000075676	epochs	3.0
3198.5298831427795	0.045127899999897636	epochs	2.0
3198.5298831427795	0.022622500000125	epochs	3.0
3198.5525056427796	0.022505399999772635	epochs	3.0
3198.5750110427794	0.044663800000307674	epochs	2.0
3198.5750110427794	0.022389300000213552	epochs	3.0
3198.5974003427796	0.022274500000094122	epochs	3.0
3198.6196748427797	0.044209199999841076	epochs	2.0
3198.6196748427797	0.022160799999710434	epochs	3.0
3198.6418356427794	0.02204840000013064	epochs	3.0
3198.6638840427795	0.04376360000014756	epochs	2.0
3198.6638840427795	0.021936900000127935	epochs	3.0
3198.6858209427796	0.021826700000019628	epochs	3.0
3198.7076476427796	0.043327099999714846	epochs	2.0
3198.7076476427796	0.02171760000010181	epochs	3.0
3198.7293652427797	0.021609499999613035	epochs	3.0
3198.7509747427794	0.04289900000003399	epochs	2.0
3198.7509747427794	0.021502500000224245	epochs	3.0
3198.7724772427796	0.021396499999809748	epochs	3.0
3198.7938737427794	0.042479500000354165	epochs	2.0
3198.7938737427794	0.02129170000034719	epochs	3.0
3198.8151654427797	0.021187800000006973	epochs	3.0
3198.8363532427798	0.04206789999989269	epochs	2.0
3198.8363532427798	0.02108490000000529	epochs	3.0
3198.8574381427798	0.020982999999887397	epochs	3.0
3198.8784211427796	0.041664399999717716	epochs	2.0
3198.8784211427796	0.020882199999959994	epochs	3.0
3198.8993033427796	0.020782199999757722	epochs	3.0
3198.9200855427794	0.04126850000011473	epochs	2.0
3198.9200855427794	0.02068330000020069	epochs	3.0
3198.9407688427796	0.02058519999991404	epochs	3.0
3198.9613540427795	0.04088000000001557	epochs	2.0
3198.9613540427795	0.020488099999965925	epochs	3.0
3198.9818421427794	0.020391900000049645	epochs	3.0
3199.0022340427795	0.04049880000002304	epochs	2.0
3199.0022340427795	0.0202966000001652	epochs	3.0
3199.0225306427797	0.02020219999985784	epochs	3.0
3199.0427328427795	0.04012460000012652	epochs	2.0
3199.0427328427795	0.02010870000003706	epochs	3.0
3199.0628415427796	0.02001590000008946	epochs	3.0
3199.0828574427796	0.03975730000001931	epochs	2.0
3199.0828574427796	0.0199241999998776	epochs	3.0
3199.1027816427795	0.019833100000141712	epochs	3.0
3199.1226147427797	0.03939669999999751	epochs	2.0
3199.1226147427797	0.019742999999834865	epochs	3.0
3199.1423577427795	0.019653700000162644	epochs	3.0
3199.1620114427797	0.03904239999974379	epochs	2.0
3199.1620114427797	0.019565099999908853	epochs	3.0
3199.1815765427796	0.01947729999983494	epochs	3.0
3199.2010538427794	0.03869460000032632	epochs	2.0
3199.2010538427794	0.01939040000024761	epochs	3.0
3199.2204442427796	0.01930420000007871	epochs	3.0
3199.2397484427797	0.03835289999960878	epochs	2.0
3199.2397484427797	0.01921879999963494	epochs	3.0
3199.2589672427794	0.01913409999997384	epochs	3.0
3199.2781013427793	0.03801720000001296	epochs	2.0
3199.2781013427793	0.019050200000037876	epochs	3.0
3199.2971515427794	0.018966999999975087	epochs	3.0
3199.3161185427793	0.03768720000016401	epochs	2.0
3199.3161185427793	0.018884500000240223	epochs	3.0
3199.3350030427796	0.01880269999992379	epochs	3.0
3199.3538057427795	0.037363100000220584	epochs	2.0
3199.3538057427795	0.01872170000024198	epochs	3.0
3199.3725274427798	0.018641399999978603	epochs	3.0
3199.3911688427797	0.03704429999970671	epochs	2.0
3199.3911688427797	0.018561599999884493	epochs	3.0
3199.4097304427796	0.018482699999822216	epochs	3.0
3199.4282131427794	0.036731000000145286	epochs	2.0
3199.4282131427794	0.018404299999929208	epochs	3.0
3199.4466174427794	0.01832670000021608	epochs	3.0
3199.4649441427796	0.03642290000016146	epochs	2.0
3199.4649441427796	0.018249599999762722	epochs	3.0
3199.4831937427793	0.01817330000039874	epochs	3.0
3199.5013670427797	0.03612009999960719	epochs	2.0
3199.5013670427797	0.018097599999691738	epochs	3.0
3199.5194646427794	0.018022499999915453	epochs	3.0
3199.5374871427794	0.035822100000132195	epochs	2.0
3199.5374871427794	0.017947900000308437	epochs	3.0
3199.5554350427797	0.01787419999982376	epochs	3.0
3199.5733092427795	0.03552900000022419	epochs	2.0
3199.5733092427795	0.017800800000259187	epochs	3.0
3199.5911100427797	0.017728199999965	epochs	3.0
3199.6088382427797	0.03524070000003121	epochs	2.0
3199.6088382427797	0.01765609999984008	epochs	3.0
3199.6264943427796	0.01758460000019113	epochs	3.0
3199.6440789427797	0.03495709999970131	epochs	2.0
3199.6440789427797	0.01751369999965391	epochs	3.0
3199.6615926427794	0.017443400000047404	epochs	3.0
3199.6790360427794	0.03467790000013338	epochs	2.0
3199.6790360427794	0.01737360000015542	epochs	3.0
3199.6964096427796	0.017304299999977957	epochs	3.0
3199.7137139427796	0.03440330000012182	epochs	2.0
3199.7137139427796	0.017235700000128418	epochs	3.0
3199.7309496427797	0.0171675999999934	epochs	3.0
3199.7481172427797	0.03413279999995211	epochs	2.0
3199.7481172427797	0.017099899999720947	epochs	3.0
3199.7652171427794	0.017032900000231166	epochs	3.0
3199.7822500427797	0.03386670000008962	epochs	2.0
3199.7822500427797	0.01696640000000116	epochs	3.0
3199.7992164427797	0.016900300000088464	epochs	3.0
3199.8161167427797	0.033604599999762286	epochs	2.0
3199.8161167427797	0.016834799999742245	epochs	3.0
3199.8329515427795	0.01676980000002004	epochs	3.0
3199.8497213427795	0.0333466000001863	epochs	2.0
3199.8497213427795	0.016705300000012357	epochs	3.0
3199.8664266427795	0.016641300000173942	epochs	3.0
3199.8830679427797	0.033092499999838765	epochs	2.0
3199.8830679427797	0.016577800000050047	epochs	3.0
3199.8996457427797	0.016514699999788718	epochs	3.0
3199.9161604427795	0.032842300000083924	epochs	2.0
3199.9161604427795	0.01645220000000336	epochs	3.0
3199.9326126427795	0.016390100000080565	epochs	3.0
3199.9490027427796	0.03259570000000167	epochs	2.0
3199.9490027427796	0.016328400000020338	epochs	3.0
3199.9653311427796	0.016267299999981333	epochs	3.0
3199.9815984427796	0.03235289999975066	epochs	2.0
3199.9815984427796	0.016206599999804894	epochs	3.0
3199.9978050427794	0.016146299999945768	epochs	3.0
3200.0139513427794	0.032113700000081735	epochs	2.0
3200.0139513427794	0.016086600000107865	epochs	3.0
3200.0300379427795	0.01602709999997387	epochs	3.0
3200.0460650427794	0.03187800000023344	epochs	2.0
3200.0460650427794	0.015968200000315846	epochs	3.0
3200.0620332427798	0.015909799999917595	epochs	3.0
3200.0779430427797	0.03164569999989908	epochs	2.0
3200.0779430427797	0.015851599999678	epochs	3.0
3200.0937946427794	0.01579410000022108	epochs	3.0
3200.1095887427796	0.03141670000013619	epochs	2.0
3200.1095887427796	0.015736700000161363	epochs	3.0
3200.1253254427797	0.015679999999974825	epochs	3.0
3200.1410054427797	0.03119109999988723	epochs	2.0
3200.1410054427797	0.015623599999798898	epochs	3.0
3200.1566290427795	0.01556750000008833	epochs	3.0
3200.1721965427796	0.030968699999903038	epochs	2.0
3200.1721965427796	0.015511999999944237	epochs	3.0
3200.1877085427795	0.0154566999999588	epochs	3.0
3200.2031652427795	0.030749500000183616	epochs	2.0
3200.2031652427795	0.015401999999994587	epochs	3.0
3200.2185672427795	0.01534750000018903	epochs	3.0
3200.2339147427797	0.030533199999808858	epochs	2.0
3200.2339147427797	0.01529339999979129	epochs	3.0
3200.2492081427795	0.015239800000017567	epochs	3.0
3200.2644479427795	0.030320100000153616	epochs	2.0
3200.2644479427795	0.015186500000254455	epochs	3.0
3200.2796344427798	0.015133599999899161	epochs	3.0
3200.2947680427797	0.030109899999843037	epochs	2.0
3200.2947680427797	0.015081000000009226	epochs	3.0
3200.3098490427797	0.015028899999833811	epochs	3.0
3200.3248779427795	0.029902499999934662	epochs	2.0
3200.3248779427795	0.0149770000002718	epochs	3.0
3200.3398549427798	0.014925499999662861	epochs	3.0
3200.3547804427794	0.0296981000001324	epochs	2.0
3200.3547804427794	0.01487440000028073	epochs	3.0
3200.3696548427797	0.01482369999985167	epochs	3.0
3200.3844785427796	0.029496300000118936	epochs	2.0
3200.3844785427796	0.014773200000036013	epochs	3.0
3200.3992517427796	0.014723100000082923	epochs	3.0
3200.4139748427797	0.029297399999904883	epochs	2.0
3200.4139748427797	0.014673399999992398	epochs	3.0
3200.4286482427797	0.014623999999912485	epochs	3.0
3200.4432722427796	0.029101099999934377	epochs	2.0
3200.4432722427796	0.014574899999843183	epochs	3.0
3200.4578471427794	0.014526200000091194	epochs	3.0
3200.4723733427795	0.028907400000207417	epochs	2.0
3200.4723733427795	0.014477700000043114	epochs	3.0
3200.4868510427796	0.014429700000164303	epochs	3.0
3200.5012807427797	0.028716199999962555	epochs	2.0
3200.5012807427797	0.014381799999682698	epochs	3.0
3200.5156625427794	0.014334400000279857	epochs	3.0
3200.5299969427797	0.02852759999996124	epochs	2.0
3200.5299969427797	0.01428719999967143	epochs	3.0
3200.5442841427794	0.01424040000028981	epochs	3.0
3200.5585245427797	0.028341400000044814	epochs	2.0
3200.5585245427797	0.014193799999702605	epochs	3.0
3200.5727183427794	0.014147600000342209	epochs	3.0
3200.5868659427797	0.028157700000065233	epochs	2.0
3200.5868659427797	0.014101699999628181	epochs	3.0
3200.6009676427793	0.014056000000437052	epochs	3.0
3200.6150236427798	0.02797629999986384	epochs	2.0
3200.6150236427798	0.014010599999892293	epochs	3.0
3200.6290342427797	0.013965699999971548	epochs	3.0
3200.6429999427796	0.027797199999895383	epochs	2.0
3200.6429999427796	0.013920800000050804	epochs	3.0
3200.6569207427797	0.01387639999984458	epochs	3.0
3200.6707971427795	0.02762040000015986	epochs	2.0
3200.6707971427795	0.013832199999797012	epochs	3.0
3200.6846293427793	0.013788200000362849	epochs	3.0
3200.6984175427797	0.02744589999974778	epochs	2.0
3200.6984175427797	0.013744599999881757	epochs	3.0
3200.7121621427796	0.013701299999866023	epochs	3.0
3200.7258634427794	0.027273500000319473	epochs	2.0
3200.7258634427794	0.013658200000008947	epochs	3.0
3200.7395216427794	0.013615300000310526	epochs	3.0
3200.7531369427797	0.02710339999975986	epochs	2.0
3200.7531369427797	0.013572799999565177	epochs	3.0
3200.7667097427793	0.013530600000194681	epochs	3.0
3200.7802403427795	0.02693520000002536	epochs	2.0
3200.7802403427795	0.01348839999991469	epochs	3.0
3200.7937287427794	0.01344680000011067	epochs	3.0
3200.8071755427795	0.026769200000217097	epochs	2.0
3200.8071755427795	0.013405199999851902	epochs	3.0
3200.8205807427794	0.013364000000365195	epochs	3.0
3200.8339447427797	0.026605199999721663	epochs	2.0
3200.8339447427797	0.013322899999820947	epochs	3.0
3200.8472676427796	0.013282299999900715	epochs	3.0
3200.8605499427795	0.0264431999999033	epochs	2.0
3200.8605499427795	0.013241699999980483	epochs	3.0
3200.8737916427795	0.013201499999922817	epochs	3.0
3200.8869931427794	0.02628320000030726	epochs	2.0
3200.8869931427794	0.013161500000023807	epochs	3.0
3200.9001546427794	0.013121700000283454	epochs	3.0
3200.9132763427797	0.026124999999865395	epochs	2.0
3200.9132763427797	0.013082099999792263	epochs	3.0
3200.9263584427795	0.013042900000073132	epochs	3.0
3200.9394013427795	0.025968899999952555	epochs	2.0
3200.9394013427795	0.01300390000005791	epochs	3.0
3200.9524052427796	0.012964999999894644	epochs	3.0
3200.9653702427795	0.025814500000251428	epochs	2.0
3200.9653702427795	0.012926400000196736	epochs	3.0
3200.9782966427797	0.012888100000054692	epochs	3.0
3200.9911847427798	0.025661899999704474	epochs	2.0
3200.9911847427798	0.012849899999764602	epochs	3.0
3201.0040346427795	0.012811999999939871	epochs	3.0
3201.0168466427795	0.025511199999982637	epochs	2.0
3201.0168466427795	0.012774400000125752	epochs	3.0
3201.0296210427796	0.012736799999856885	epochs	3.0
3201.0423578427794	0.025362300000324467	epochs	2.0
3201.0423578427794	0.012699700000212033	epochs	3.0
3201.0550575427797	0.012662600000112434	epochs	3.0
3201.0677201427798	0.025214999999661813	epochs	2.0
3201.0677201427798	0.012625799999568699	epochs	3.0
3201.0803459427793	0.012589200000093115	epochs	3.0
3201.0929351427794	0.024584799999956886	epochs	2.0
3201.1160173427797	0.5	epochs	-1.0
3201.1175199427794	0.999920000000202	epochs	1.0
3201.6160173427797	0.5	epochs	-1.0
3216.0819997787476	0.057519999999840365	epochs	0.0
3216.0819997787476	0.023761500000091473	epochs	1.0
3216.1057612787477	0.009997000000112166	epochs	1.0
3216.1157582787478	0.023761499999636726	epochs	1.0
3216.1395197787474	0.22992000000022017	epochs	0.0
3216.1395197787474	0.0500000000001819	epochs	1.0
3216.1895197787476	0.009999999999763531	epochs	1.0
3216.1995197787473	0.0500000000001819	epochs	1.0
3216.2495197787475	0.010000000000218279	epochs	1.0
3216.2595197787477	0.04999999999972715	epochs	1.0
3216.3095197787475	0.010000000000218279	epochs	1.0
3216.3195197787477	0.04991999999992913	epochs	1.0
