onset	duration	nwb_table	treelevel
16.09000015258789	0.10000000000000142	epochs	0.0
16.09000015258789	0.045000000000001705	epochs	1.0
16.135000152587892	0.00999999999999801	epochs	1.0
16.14500015258789	0.045000000000001705	epochs	1.0
16.190000152587892	0.7049950000000003	epochs	0.0
16.190000152587892	0.5	epochs	-1.0
16.190000152587892	0.5	epochs	-1.0
16.190000152587892	0.5	epochs	1.0
16.690000152587892	0.05999999999999872	epochs	-1.0
16.690000152587892	0.02499999999999858	epochs	-1.0
16.690000152587892	0.02499999999999858	epochs	1.0
16.71500015258789	0.010000000000001563	epochs	-1.0
16.71500015258789	0.010000000000001563	epochs	1.0
16.725000152587892	0.02499999999999858	epochs	-1.0
16.725000152587892	0.02499999999999858	epochs	1.0
16.75000015258789	0.05999999999999872	epochs	-1.0
16.75000015258789	0.02499999999999858	epochs	-1.0
16.75000015258789	0.02499999999999858	epochs	1.0
16.77500015258789	0.010000000000001563	epochs	-1.0
16.77500015258789	0.010000000000001563	epochs	1.0
16.78500015258789	0.02499999999999858	epochs	-1.0
16.78500015258789	0.02499999999999858	epochs	1.0
16.81000015258789	0.060000000000002274	epochs	-1.0
16.81000015258789	0.02500000000000213	epochs	-1.0
16.81000015258789	0.02500000000000213	epochs	1.0
16.83500015258789	0.00999999999999801	epochs	-1.0
16.83500015258789	0.00999999999999801	epochs	1.0
16.84500015258789	0.02500000000000213	epochs	-1.0
16.84500015258789	0.02500000000000213	epochs	1.0
16.87000015258789	0.024995000000000545	epochs	1.0
1410.1730003356934	0.09999999999990905	epochs	0.0
1410.1730003356934	0.04500000000007276	epochs	1.0
1410.2180003356934	0.009999999999990905	epochs	1.0
1410.2280003356934	0.044999999999845386	epochs	1.0
1410.2730003356933	0.7049950000000536	epochs	0.0
1410.2730003356933	0.5	epochs	-1.0
1410.2730003356933	0.5	epochs	1.0
1410.7730003356933	0.060000000000172804	epochs	-1.0
1410.7730003356933	0.02500000000009095	epochs	-1.0
1410.7730003356933	0.02500000000009095	epochs	1.0
1410.7980003356934	0.009999999999990905	epochs	-1.0
1410.7980003356934	0.009999999999990905	epochs	1.0
1410.8080003356934	0.02500000000009095	epochs	-1.0
1410.8080003356934	0.02500000000009095	epochs	1.0
1410.8330003356934	0.05999999999994543	epochs	-1.0
1410.8330003356934	0.024999999999863576	epochs	-1.0
1410.8330003356934	0.024999999999863576	epochs	1.0
1410.8580003356933	0.009999999999990905	epochs	-1.0
1410.8580003356933	0.009999999999990905	epochs	1.0
1410.8680003356933	0.02500000000009095	epochs	-1.0
1410.8680003356933	0.02500000000009095	epochs	1.0
1410.8930003356934	0.05999999999994543	epochs	-1.0
1410.8930003356934	0.024999999999863576	epochs	-1.0
1410.8930003356934	0.024999999999863576	epochs	1.0
1410.9180003356933	0.010000000000218279	epochs	-1.0
1410.9180003356933	0.010000000000218279	epochs	1.0
1410.9280003356935	0.024999999999863576	epochs	-1.0
1410.9280003356935	0.024999999999863576	epochs	1.0
1410.9530003356933	0.024994999999989886	epochs	1.0
1470.9970002174377	0.09999999999990905	epochs	0.0
1470.9970002174377	0.04500000000007276	epochs	1.0
1471.0420002174378	0.009999999999990905	epochs	1.0
1471.0520002174378	0.044999999999845386	epochs	1.0
1471.0970002174377	61.38499500000012	epochs	0.0
1471.0970002174377	0.5	epochs	-1.0
1471.0970002174377	0.5	epochs	-1.0
1471.0970002174377	0.5	epochs	1.0
1471.5970002174377	0.060000000000172804	epochs	-1.0
1471.5970002174377	0.02500000000009095	epochs	-1.0
1471.5970002174377	0.02500000000009095	epochs	1.0
1471.6220002174377	0.009999999999990905	epochs	-1.0
1471.6220002174377	0.009999999999990905	epochs	1.0
1471.6320002174377	0.02500000000009095	epochs	-1.0
1471.6320002174377	0.02500000000009095	epochs	1.0
1471.6570002174378	0.05999999999994543	epochs	-1.0
1471.6570002174378	0.024999999999863576	epochs	-1.0
1471.6570002174378	0.024999999999863576	epochs	1.0
1471.6820002174377	0.009999999999990905	epochs	-1.0
1471.6820002174377	0.009999999999990905	epochs	1.0
1471.6920002174377	0.02500000000009095	epochs	-1.0
1471.6920002174377	0.02500000000009095	epochs	1.0
1471.7170002174378	0.05999999999994543	epochs	-1.0
1471.7170002174378	0.024999999999863576	epochs	-1.0
1471.7170002174378	0.024999999999863576	epochs	1.0
1471.7420002174376	0.010000000000218279	epochs	-1.0
1471.7420002174376	0.010000000000218279	epochs	1.0
1471.7520002174379	0.024999999999863576	epochs	-1.0
1471.7520002174379	0.024999999999863576	epochs	1.0
1471.7770002174377	60.0	epochs	1.0
1531.7770002174377	0.5	epochs	-1.0
1531.7770002174377	0.5	epochs	-1.0
1531.7770002174377	0.5	epochs	1.0
1532.2770002174377	0.05999999999994543	epochs	-1.0
1532.2770002174377	0.02500000000009095	epochs	-1.0
1532.2770002174377	0.02500000000009095	epochs	1.0
1532.3020002174378	0.009999999999990905	epochs	-1.0
1532.3020002174378	0.009999999999990905	epochs	1.0
1532.3120002174378	0.024999999999863576	epochs	-1.0
1532.3120002174378	0.024999999999863576	epochs	1.0
1532.3370002174377	0.060000000000172804	epochs	-1.0
1532.3370002174377	0.02500000000009095	epochs	-1.0
1532.3370002174377	0.02500000000009095	epochs	1.0
1532.3620002174378	0.009999999999990905	epochs	-1.0
1532.3620002174378	0.009999999999990905	epochs	1.0
1532.3720002174377	0.02500000000009095	epochs	-1.0
1532.3720002174377	0.02500000000009095	epochs	1.0
1532.3970002174378	0.05999999999994543	epochs	-1.0
1532.3970002174378	0.024999999999863576	epochs	-1.0
1532.3970002174378	0.024999999999863576	epochs	1.0
1532.4220002174377	0.009999999999990905	epochs	-1.0
1532.4220002174377	0.009999999999990905	epochs	1.0
1532.4320002174377	0.02500000000009095	epochs	-1.0
1532.4320002174377	0.02500000000009095	epochs	1.0
1532.4570002174378	0.024994999999989886	epochs	1.0
1593.5020003318787	0.09999999999990905	epochs	0.0
1593.5020003318787	0.04500000000007276	epochs	1.0
1593.5470003318787	0.009999999999990905	epochs	1.0
1593.5570003318787	0.044999999999845386	epochs	1.0
1593.6020003318786	0.7049950000000536	epochs	0.0
1593.6020003318786	0.5	epochs	-1.0
1593.6020003318786	0.5	epochs	-1.0
1593.6020003318786	0.5	epochs	1.0
1594.1020003318786	0.060000000000172804	epochs	-1.0
1594.1020003318786	0.02500000000009095	epochs	-1.0
1594.1020003318786	0.02500000000009095	epochs	1.0
1594.1270003318787	0.009999999999990905	epochs	-1.0
1594.1270003318787	0.009999999999990905	epochs	1.0
1594.1370003318787	0.02500000000009095	epochs	-1.0
1594.1370003318787	0.02500000000009095	epochs	1.0
1594.1620003318787	0.05999999999994543	epochs	-1.0
1594.1620003318787	0.024999999999863576	epochs	-1.0
1594.1620003318787	0.024999999999863576	epochs	1.0
1594.1870003318786	0.009999999999990905	epochs	-1.0
1594.1870003318786	0.009999999999990905	epochs	1.0
1594.1970003318786	0.02500000000009095	epochs	-1.0
1594.1970003318786	0.02500000000009095	epochs	1.0
1594.2220003318787	0.05999999999994543	epochs	-1.0
1594.2220003318787	0.024999999999863576	epochs	-1.0
1594.2220003318787	0.024999999999863576	epochs	1.0
1594.2470003318786	0.010000000000218279	epochs	-1.0
1594.2470003318786	0.010000000000218279	epochs	1.0
1594.2570003318788	0.024999999999863576	epochs	-1.0
1594.2570003318788	0.024999999999863576	epochs	1.0
1594.2820003318786	0.024994999999989886	epochs	1.0
1640.7260003089905	0.1149399999999332	epochs	0.0
1640.7260003089905	0.05247009999993679	epochs	1.0
1640.7784704089904	0.009999800000059622	epochs	1.0
1640.7884702089905	0.05247009999993679	epochs	1.0
1640.8409403089904	5.9999800000000505	epochs	0.0
1640.8409403089904	0.5	epochs	1.0
1640.8409433089905	0.5	epochs	-1.0
1640.8409433089905	0.5	epochs	-1.0
1641.3409403089904	5.0	epochs	1.0
1646.3409403089904	0.4999800000000505	epochs	1.0
1646.3409433089905	0.4999769999999444	epochs	-1.0
1651.5110001564026	0.1149399999999332	epochs	0.0
1651.5110001564026	0.05247009999993679	epochs	1.0
1651.5634702564025	0.009999800000059622	epochs	1.0
1651.5734700564026	0.05247009999993679	epochs	1.0
1651.6259401564025	2.545240000000149	epochs	0.0
1651.6259401564025	0.5	epochs	1.0
1651.6259431564026	0.5	epochs	-1.0
1652.1259401564025	1.0	epochs	1.0
1653.1259401564025	1.045240000000149	epochs	1.0
1653.6259431564026	0.5	epochs	-1.0
1654.1711801564027	0.9547399999999016	epochs	0.0
1654.486999988556	0.1149399999999332	epochs	0.0
1654.486999988556	0.05247009999993679	epochs	1.0
1654.5394700885558	0.009999800000059622	epochs	1.0
1654.549469888556	0.05247009999993679	epochs	1.0
1654.6019399885558	2.5454799999999977	epochs	0.0
1654.6019399885558	0.5	epochs	1.0
1654.601942988556	0.5	epochs	-1.0
1655.1019399885558	1.0	epochs	1.0
1656.1019399885558	1.0454799999999977	epochs	1.0
1656.601942988556	0.5	epochs	-1.0
1657.1474199885558	0.9545000000000528	epochs	0.0
1657.4360003471375	0.1149399999999332	epochs	0.0
1657.4360003471375	0.05247009999993679	epochs	1.0
1657.4884704471374	0.009999800000059622	epochs	1.0
1657.4984702471374	0.05247009999993679	epochs	1.0
1657.5509403471374	2.545119999999997	epochs	0.0
1657.5509403471374	0.5	epochs	1.0
1657.5509433471375	0.5	epochs	-1.0
1658.0509403471374	1.0	epochs	1.0
1659.0509403471374	1.0451199999999972	epochs	1.0
1659.5509433471375	0.5	epochs	-1.0
1660.0960603471374	0.9548600000000533	epochs	0.0
1660.393000125885	0.1149399999999332	epochs	0.0
1660.393000125885	0.05247009999993679	epochs	1.0
1660.445470225885	0.009999800000059622	epochs	1.0
1660.455470025885	0.05247009999993679	epochs	1.0
1660.507940125885	2.5450200000000223	epochs	0.0
1660.507940125885	0.5	epochs	1.0
1660.507943125885	0.5	epochs	-1.0
1661.007940125885	1.0	epochs	1.0
1662.007940125885	1.0450200000000223	epochs	1.0
1662.507943125885	0.5	epochs	-1.0
1663.052960125885	0.9549600000000282	epochs	0.0
1663.358000278473	0.1149399999999332	epochs	0.0
1663.358000278473	0.05247009999993679	epochs	1.0
1663.4104703784728	0.009999800000059622	epochs	1.0
1663.420470178473	0.05247009999993679	epochs	1.0
1663.4729402784728	3.4999800000000505	epochs	0.0
1663.4729402784728	0.5	epochs	1.0
1663.472943278473	0.5	epochs	-1.0
1663.9729402784728	1.0	epochs	1.0
1664.9729402784728	1.9999800000000505	epochs	1.0
1665.472943278473	0.5	epochs	-1.0
1665.972943278473	0.5	epochs	-1.0
1667.3610000610352	0.1149399999999332	epochs	0.0
1667.3610000610352	0.05247009999993679	epochs	1.0
1667.413470161035	0.009999800000059622	epochs	1.0
1667.4234699610352	0.05247009999993679	epochs	1.0
1667.475940061035	0.5251800000000912	epochs	0.0
1667.475940061035	0.5	epochs	1.0
1667.4759430610352	0.5	epochs	-1.0
1667.975940061035	0.02518000000009124	epochs	1.0
1668.0011200610352	2.9747999999999593	epochs	0.0
1680.5280003547668	0.1149399999999332	epochs	0.0
1680.5280003547668	0.05247009999993679	epochs	1.0
1680.5804704547668	0.009999800000059622	epochs	1.0
1680.5904702547668	0.05247009999993679	epochs	1.0
1680.6429403547668	2.5446200000001227	epochs	0.0
1680.6429403547668	0.5	epochs	1.0
1680.6429433547669	0.5	epochs	-1.0
1681.1429403547668	1.0	epochs	1.0
1682.1429403547668	1.0446200000001227	epochs	1.0
1682.6429433547669	0.5	epochs	-1.0
1683.187560354767	0.9553599999999278	epochs	0.0
1683.5460000038147	0.6499799999999141	epochs	0.0
1683.5460000038147	0.049999999999954525	epochs	1.0
1683.5960000038147	0.5	epochs	1.0
1684.0960000038147	0.09997999999995955	epochs	1.0
1684.5910000801086	0.6499799999999141	epochs	0.0
1684.5910000801086	0.049999999999954525	epochs	1.0
1684.6410000801086	0.5	epochs	1.0
1685.1410000801086	0.09997999999995955	epochs	1.0
1685.639000415802	0.6499799999999141	epochs	0.0
1685.639000415802	0.049999999999954525	epochs	1.0
1685.689000415802	0.5	epochs	1.0
1686.189000415802	0.09997999999995955	epochs	1.0
1686.6620001792908	0.6499799999999141	epochs	0.0
1686.6620001792908	0.049999999999954525	epochs	1.0
1686.7120001792907	0.5	epochs	1.0
1687.2120001792907	0.09997999999995955	epochs	1.0
1687.6979999542236	0.6499799999999141	epochs	0.0
1687.6979999542236	0.049999999999954525	epochs	1.0
1687.7479999542236	0.5	epochs	1.0
1688.2479999542236	0.09997999999995955	epochs	1.0
1688.7420001029968	0.6499799999999141	epochs	0.0
1688.7420001029968	0.049999999999954525	epochs	1.0
1688.7920001029968	0.5	epochs	1.0
1689.2920001029968	0.09997999999995955	epochs	1.0
1689.8270001411438	0.1149399999999332	epochs	0.0
1689.8270001411438	0.05247009999993679	epochs	1.0
1689.8794702411437	0.009999800000059622	epochs	1.0
1689.8894700411438	0.05247009999993679	epochs	1.0
1689.9419401411437	0.5254200000001674	epochs	0.0
1689.9419401411437	0.5	epochs	1.0
1689.9419431411438	0.5	epochs	-1.0
1690.4419401411437	0.02542000000016742	epochs	1.0
1690.467360141144	4.974559999999883	epochs	0.0
1710.0199999809265	0.1149399999999332	epochs	0.0
1710.0199999809265	0.05247009999993679	epochs	1.0
1710.0724700809265	0.009999800000059622	epochs	1.0
1710.0824698809265	0.05247009999993679	epochs	1.0
1710.1349399809264	2.5454799999999977	epochs	0.0
1710.1349399809264	0.5	epochs	1.0
1710.1349429809266	0.5	epochs	-1.0
1710.6349399809264	1.0	epochs	1.0
1711.6349399809264	1.0454799999999977	epochs	1.0
1712.1349429809266	0.5	epochs	-1.0
1712.6804199809264	2.9545000000000528	epochs	0.0
1715.1850004196167	0.1149399999999332	epochs	0.0
1715.1850004196167	0.05247009999993679	epochs	1.0
1715.2374705196166	0.009999800000059622	epochs	1.0
1715.2474703196167	0.05247009999993679	epochs	1.0
1715.2999404196166	2.5453999999999724	epochs	0.0
1715.2999404196166	0.5	epochs	1.0
1715.2999434196167	0.5	epochs	-1.0
1715.7999404196166	1.0	epochs	1.0
1716.7999404196166	1.0453999999999724	epochs	1.0
1717.2999434196167	0.5	epochs	-1.0
1717.8453404196166	2.954580000000078	epochs	0.0
1720.3630003929138	0.1149399999999332	epochs	0.0
1720.3630003929138	0.05247009999993679	epochs	1.0
1720.4154704929138	0.009999800000059622	epochs	1.0
1720.4254702929138	0.05247009999993679	epochs	1.0
1720.4779403929138	2.504860000000008	epochs	0.0
1720.4779403929138	0.5	epochs	1.0
1720.4779433929139	0.5	epochs	-1.0
1720.9779403929138	1.0	epochs	1.0
1721.9779403929138	1.0048600000000079	epochs	1.0
1722.4779433929139	0.5	epochs	-1.0
1722.9828003929138	2.9951200000000426	epochs	0.0
1725.6290001869202	0.1149399999999332	epochs	0.0
1725.6290001869202	0.05247009999993679	epochs	1.0
1725.68147028692	0.009999800000059622	epochs	1.0
1725.6914700869202	0.05247009999993679	epochs	1.0
1725.74394018692	0.5254200000001674	epochs	0.0
1725.74394018692	0.5	epochs	1.0
1725.7439431869202	0.5	epochs	-1.0
1726.24394018692	0.02542000000016742	epochs	1.0
1726.2693601869203	4.974559999999883	epochs	0.0
1745.8210000991821	0.1149399999999332	epochs	0.0
1745.8210000991821	0.05247009999993679	epochs	1.0
1745.873470199182	0.009999800000059622	epochs	1.0
1745.8834699991821	0.05247009999993679	epochs	1.0
1745.935940099182	2.5454799999999977	epochs	0.0
1745.935940099182	0.5	epochs	1.0
1745.9359430991822	0.5	epochs	-1.0
1746.435940099182	1.0	epochs	1.0
1747.435940099182	1.0454799999999977	epochs	1.0
1747.935942999182	0.5	epochs	-1.0
1748.481420099182	2.9545000000000528	epochs	0.0
1750.9860000610352	0.1149399999999332	epochs	0.0
1750.9860000610352	0.05247009999993679	epochs	1.0
1751.038470161035	0.009999800000059622	epochs	1.0
1751.0484699610352	0.05247009999993679	epochs	1.0
1751.100940061035	2.5448599999999715	epochs	0.0
1751.100940061035	0.5	epochs	1.0
1751.1009430610352	0.5	epochs	-1.0
1751.600940061035	1.0	epochs	1.0
1752.600940061035	1.0448599999999715	epochs	1.0
1753.1009429610351	0.5	epochs	-1.0
1753.645800061035	2.955120000000079	epochs	0.0
1756.2750000953674	0.1149399999999332	epochs	0.0
1756.2750000953674	0.05247009999993679	epochs	1.0
1756.3274701953674	0.009999800000059622	epochs	1.0
1756.3374699953674	0.05247009999993679	epochs	1.0
1756.3899400953674	2.544840000000022	epochs	0.0
1756.3899400953674	0.5	epochs	1.0
1756.3899430953675	0.5	epochs	-1.0
1756.8899400953674	1.0	epochs	1.0
1757.8899400953674	1.044840000000022	epochs	1.0
1758.3899430953675	0.5	epochs	-1.0
1758.9347800953674	3.9551400000000285	epochs	0.0
1759.4370002746582	0.1149399999999332	epochs	0.0
1759.4370002746582	0.05247009999993679	epochs	1.0
1759.4894703746581	0.009999800000059622	epochs	1.0
1759.4994701746582	0.05247009999993679	epochs	1.0
1759.5519402746581	2.5448599999999715	epochs	0.0
1759.5519402746581	0.5	epochs	1.0
1759.5519432746582	0.5	epochs	-1.0
1760.0519402746581	1.0	epochs	1.0
1761.0519402746581	1.0448599999999715	epochs	1.0
1761.5519432746582	0.5	epochs	-1.0
1762.096800274658	3.955120000000079	epochs	0.0
1762.5570001602173	0.1149399999999332	epochs	0.0
1762.5570001602173	0.05247009999993679	epochs	1.0
1762.6094702602172	0.009999800000059622	epochs	1.0
1762.6194700602173	0.05247009999993679	epochs	1.0
1762.6719401602172	2.5454799999999977	epochs	0.0
1762.6719401602172	0.5	epochs	1.0
1762.6719431602173	0.5	epochs	-1.0
1763.1719401602172	1.0	epochs	1.0
1764.1719401602172	1.0454799999999977	epochs	1.0
1764.6719431602173	0.5	epochs	-1.0
1765.2174201602172	3.9545000000000528	epochs	0.0
1765.6909999847412	0.1149399999999332	epochs	0.0
1765.6909999847412	0.05247009999993679	epochs	1.0
1765.7434700847411	0.009999800000059622	epochs	1.0
1765.7534698847412	0.05247009999993679	epochs	1.0
1765.8059399847411	2.524360000000115	epochs	0.0
1765.8059399847411	0.5	epochs	1.0
1765.8059429847413	0.5	epochs	-1.0
1766.3059399847411	1.0	epochs	1.0
1767.3059399847411	1.0243600000001152	epochs	1.0
1767.8059429847413	0.5	epochs	-1.0
1768.3302999847413	3.9756199999999353	epochs	0.0
1768.8229999542236	0.1149399999999332	epochs	0.0
1768.8229999542236	0.05247009999993679	epochs	1.0
1768.8754700542236	0.009999800000059622	epochs	1.0
1768.8854698542236	0.05247009999993679	epochs	1.0
1768.9379399542236	0.5246600000000399	epochs	0.0
1768.9379399542236	0.5	epochs	1.0
1768.9379429542237	0.5	epochs	-1.0
1769.4379399542236	0.024660000000039872	epochs	1.0
1769.4625999542236	5.975320000000011	epochs	0.0
1785.0170001983643	0.1149399999999332	epochs	0.0
1785.0170001983643	0.05247009999993679	epochs	1.0
1785.0694702983642	0.009999800000059622	epochs	1.0
1785.0794700983643	0.05247009999993679	epochs	1.0
1785.1319401983642	2.504620000000159	epochs	0.0
1785.1319401983642	0.5	epochs	1.0
1785.1319431983643	0.5	epochs	-1.0
1785.6319401983642	1.0	epochs	1.0
1786.6319401983642	1.004620000000159	epochs	1.0
1787.1319431983643	0.5	epochs	-1.0
1787.6365601983644	3.9953599999998914	epochs	0.0
1788.1130003929138	0.1149399999999332	epochs	0.0
1788.1130003929138	0.05247009999993679	epochs	1.0
1788.1654704929138	0.009999800000059622	epochs	1.0
1788.1754702929138	0.05247009999993679	epochs	1.0
1788.2279403929138	2.5448599999999715	epochs	0.0
1788.2279403929138	0.5	epochs	1.0
1788.2279433929139	0.5	epochs	-1.0
1788.7279403929138	1.0	epochs	1.0
1789.7279403929138	1.0448599999999715	epochs	1.0
1790.2279433929139	0.5	epochs	-1.0
1790.7728003929137	3.955120000000079	epochs	0.0
1791.3090000152588	0.1529800000000705	epochs	0.0
1791.3090000152588	0.049999999999954525	epochs	1.0
1791.3590000152587	0.003000000000156433	epochs	1.0
1791.362000015259	0.09997999999995955	epochs	1.0
1791.9920001029968	0.1529800000000705	epochs	0.0
1791.9920001029968	0.049999999999954525	epochs	1.0
1792.0420001029968	0.003000000000156433	epochs	1.0
1792.045000102997	0.09997999999995955	epochs	1.0
1792.6449999809265	0.1529800000000705	epochs	0.0
1792.6449999809265	0.049999999999954525	epochs	1.0
1792.6949999809265	0.003000000000156433	epochs	1.0
1792.6979999809266	0.09997999999995955	epochs	1.0
1793.308000087738	0.1529800000000705	epochs	0.0
1793.308000087738	0.049999999999954525	epochs	1.0
1793.358000087738	0.003000000000156433	epochs	1.0
1793.3610000877381	0.09997999999995955	epochs	1.0
1793.9930000305176	0.1529800000000705	epochs	0.0
1793.9930000305176	0.049999999999954525	epochs	1.0
1794.0430000305175	0.003000000000156433	epochs	1.0
1794.0460000305177	0.09997999999995955	epochs	1.0
1794.6800003051758	0.1529800000000705	epochs	0.0
1794.6800003051758	0.049999999999954525	epochs	1.0
1794.7300003051757	0.003000000000156433	epochs	1.0
1794.733000305176	0.09997999999995955	epochs	1.0
1795.3730001449585	0.1529800000000705	epochs	0.0
1795.3730001449585	0.049999999999954525	epochs	1.0
1795.4230001449585	0.003000000000156433	epochs	1.0
1795.4260001449586	0.09997999999995955	epochs	1.0
1796.0789999961853	0.1529800000000705	epochs	0.0
1796.0789999961853	0.049999999999954525	epochs	1.0
1796.1289999961853	0.003000000000156433	epochs	1.0
1796.1319999961854	0.09997999999995955	epochs	1.0
1796.7699999809265	0.1529800000000705	epochs	0.0
1796.7699999809265	0.049999999999954525	epochs	1.0
1796.8199999809265	0.003000000000156433	epochs	1.0
1796.8229999809266	0.09997999999995955	epochs	1.0
1797.4840002059937	0.1529800000000705	epochs	0.0
1797.4840002059937	0.049999999999954525	epochs	1.0
1797.5340002059936	0.003000000000156433	epochs	1.0
1797.5370002059938	0.09997999999995955	epochs	1.0
1798.2090001106262	0.1529800000000705	epochs	0.0
1798.2090001106262	0.049999999999954525	epochs	1.0
1798.2590001106262	0.003000000000156433	epochs	1.0
1798.2620001106263	0.09997999999995955	epochs	1.0
1798.9370002746582	0.1529800000000705	epochs	0.0
1798.9370002746582	0.049999999999954525	epochs	1.0
1798.9870002746582	0.003000000000156433	epochs	1.0
1798.9900002746583	0.09997999999995955	epochs	1.0
1799.6850004196167	0.1529800000000705	epochs	0.0
1799.6850004196167	0.049999999999954525	epochs	1.0
1799.7350004196167	0.003000000000156433	epochs	1.0
1799.7380004196168	0.09997999999995955	epochs	1.0
1800.4400000572205	0.1529800000000705	epochs	0.0
1800.4400000572205	0.049999999999954525	epochs	1.0
1800.4900000572204	0.003000000000156433	epochs	1.0
1800.4930000572206	0.09997999999995955	epochs	1.0
1801.1770000457764	0.1529800000000705	epochs	0.0
1801.1770000457764	0.049999999999954525	epochs	1.0
1801.2270000457763	0.003000000000156433	epochs	1.0
1801.2300000457765	0.09997999999995955	epochs	1.0
1801.9390001296997	0.1529800000000705	epochs	0.0
1801.9390001296997	0.049999999999954525	epochs	1.0
1801.9890001296997	0.003000000000156433	epochs	1.0
1801.9920001296998	0.09997999999995955	epochs	1.0
1802.7109999656677	0.1529800000000705	epochs	0.0
1802.7109999656677	0.049999999999954525	epochs	1.0
1802.7609999656677	0.003000000000156433	epochs	1.0
1802.7639999656678	0.09997999999995955	epochs	1.0
1803.518000125885	0.1529800000000705	epochs	0.0
1803.518000125885	0.049999999999954525	epochs	1.0
1803.568000125885	0.003000000000156433	epochs	1.0
1803.5710001258851	0.09997999999995955	epochs	1.0
1804.4550004005432	0.1149399999999332	epochs	0.0
1804.4550004005432	0.05247009999993679	epochs	1.0
1804.5074705005431	0.009999800000059622	epochs	1.0
1804.5174703005432	0.05247009999993679	epochs	1.0
1804.5699404005431	1.545620000000099	epochs	0.0
1804.5699404005431	0.5	epochs	1.0
1804.5699434005433	0.5	epochs	-1.0
1805.0699404005431	0.003000000000156433	epochs	1.0
1805.0729404005433	1.0426199999999426	epochs	1.0
1805.5729434005432	0.5	epochs	-1.0
1806.1155604005432	0.05736000000001695	epochs	0.0
1806.7039999961853	0.1149399999999332	epochs	0.0
1806.7039999961853	0.05247009999993679	epochs	1.0
1806.7564700961852	0.009999800000059622	epochs	1.0
1806.7664698961853	0.05247009999993679	epochs	1.0
1806.8189399961852	1.525440000000117	epochs	0.0
1806.8189399961852	0.5	epochs	1.0
1806.8189429961853	0.5	epochs	-1.0
1807.3189399961852	0.003000000000156433	epochs	1.0
1807.3219399961854	1.0224399999999605	epochs	1.0
1807.8219429961853	0.5	epochs	-1.0
1808.3443799961854	0.07753999999999905	epochs	0.0
1808.956000328064	0.1149399999999332	epochs	0.0
1808.956000328064	0.05247009999993679	epochs	1.0
1809.008470428064	0.009999800000059622	epochs	1.0
1809.018470228064	0.05247009999993679	epochs	1.0
1809.070940328064	1.525340000000142	epochs	0.0
1809.070940328064	0.5	epochs	1.0
1809.070943328064	0.5	epochs	-1.0
1809.570940328064	0.003000000000156433	epochs	1.0
1809.573940328064	1.0223399999999856	epochs	1.0
1810.073943328064	0.5	epochs	-1.0
1810.596280328064	0.07763999999997395	epochs	0.0
1811.2880001068115	0.1149399999999332	epochs	0.0
1811.2880001068115	0.05247009999993679	epochs	1.0
1811.3404702068115	0.009999800000059622	epochs	1.0
1811.3504700068115	0.05247009999993679	epochs	1.0
1811.4029401068115	6.2051000000001295	epochs	0.0
1811.4029401068115	0.5	epochs	1.0
1811.4029431068116	0.5	epochs	-1.0
1811.9029401068115	5.7051000000001295	epochs	1.0
1816.6076201068115	1.0004200000000765	epochs	-1.0
1816.6076201068115	0.03965999999991254	epochs	-1.0
1817.1051031068116	0.5	epochs	-1.0
1817.6080401068116	13.294879999999921	epochs	0.0
1818.4550004005432	0.1149399999999332	epochs	0.0
1818.4550004005432	0.05247009999993679	epochs	1.0
1818.5074705005431	0.009999800000059622	epochs	1.0
1818.5174703005432	0.05247009999993679	epochs	1.0
1818.5699404005431	6.165140000000065	epochs	0.0
1818.5699404005431	0.5	epochs	1.0
1818.5699434005433	0.5	epochs	-1.0
1819.0699404005431	5.665140000000065	epochs	1.0
1823.7348804005433	1.0001999999999498	epochs	-1.0
1823.7348804005433	0.039559999999937645	epochs	-1.0
1824.2323634005431	0.5	epochs	-1.0
1824.7350804005432	13.334839999999986	epochs	0.0
1825.4050002098083	0.1149399999999332	epochs	0.0
1825.4050002098083	0.05247009999993679	epochs	1.0
1825.4574703098083	0.009999800000059622	epochs	1.0
1825.4674701098083	0.05247009999993679	epochs	1.0
1825.5199402098083	6.045360000000073	epochs	0.0
1825.5199402098083	0.5	epochs	1.0
1825.5199432098084	0.5	epochs	-1.0
1826.0199402098083	5.545360000000073	epochs	1.0
1830.5647202098085	1.0005799999998999	epochs	-1.0
1830.5647202098085	0.039559999999937645	epochs	-1.0
1831.0622032098083	0.5	epochs	-1.0
1831.5653002098084	13.454619999999977	epochs	0.0
1882.6230001449585	0.12133999999991829	epochs	0.0
1882.6230001449585	0.0556707999999162	epochs	1.0
1882.6786709449584	0.009998400000085894	epochs	1.0
1882.6886693449585	0.0556707999999162	epochs	1.0
1882.7443591449585	0.5	epochs	-1.0
1882.7443591449585	0.5	epochs	-1.0
1882.7443601449586	4.139019999999846	epochs	0.0
1882.7443601449586	0.5	epochs	1.0
1883.2443601449586	3.639019999999846	epochs	1.0
1886.8833801449584	1.8609599999999773	epochs	0.0
1898.1750001907349	0.12128000000006978	epochs	0.0
1898.1750001907349	0.055643299999928786	epochs	1.0
1898.2306434907348	0.009993399999984831	epochs	1.0
1898.2406368907348	0.05564330000015616	epochs	1.0
1898.296360190735	2.0	epochs	0.0
1900.2963591907348	0.5	epochs	-1.0
1900.296360190735	0.5388799999998355	epochs	0.0
1900.296360190735	0.5388799999998355	epochs	1.0
1900.7963591907348	0.03888099999994665	epochs	-1.0
1900.8352401907348	21.46104000000014	epochs	0.0
1901.983000278473	0.12128000000006978	epochs	0.0
1901.983000278473	0.055643299999928786	epochs	1.0
1902.0386435784728	0.009993399999984831	epochs	1.0
1902.0486369784728	0.05564330000015616	epochs	1.0
1902.104360278473	2.0	epochs	0.0
1904.1043592784729	0.5	epochs	-1.0
1904.104360278473	0.5384799999999359	epochs	0.0
1904.104360278473	0.5384799999999359	epochs	1.0
1904.6043592784729	0.03848100000004706	epochs	-1.0
1904.642840278473	21.46144000000004	epochs	0.0
1905.8450002670288	0.12128000000006978	epochs	0.0
1905.8450002670288	0.055643299999928786	epochs	1.0
1905.9006435670287	0.009993399999984831	epochs	1.0
1905.9106369670287	0.05564330000015616	epochs	1.0
1905.966360267029	2.0	epochs	0.0
1907.9663592670288	0.5	epochs	-1.0
1907.966360267029	5.37871999999993	epochs	0.0
1907.966360267029	1.0	epochs	1.0
1908.4663592670288	4.878721000000041	epochs	-1.0
1908.966360267029	4.37871999999993	epochs	1.0
1908.966360267029	4.3567538999998305	epochs	-1.0
1908.966360267029	1.9745871999998599	epochs	2.0
1908.966360267029	1.098562199999833	epochs	3.0
1910.0649224670287	0.8760250000000269	epochs	3.0
1910.9409474670288	1.3524075000000266	epochs	2.0
1910.9409474670288	0.7286355000001095	epochs	3.0
1911.6695829670289	0.6237719999999172	epochs	3.0
1912.2933549670288	1.029759199999944	epochs	2.0
1912.2933549670288	0.5453293000000485	epochs	3.0
1912.8386842670288	0.4844298999998955	epochs	3.0
1913.3231141670287	0.021966100000099686	epochs	2.0
1913.3231141670287	0.021966100000099686	epochs	3.0
1913.3450802670288	16.621200000000044	epochs	0.0
1914.0620002746582	0.12128000000006978	epochs	0.0
1914.0620002746582	0.055643299999928786	epochs	1.0
1914.1176435746581	0.009993399999984831	epochs	1.0
1914.1276369746581	0.05564330000015616	epochs	1.0
1914.1833602746583	2.0	epochs	0.0
1916.1833592746582	0.5	epochs	-1.0
1916.1833602746583	21.53807999999981	epochs	0.0
1916.1833602746583	1.0	epochs	1.0
1916.6833592746582	19.998960000000125	epochs	-1.0
1917.1833602746583	20.0	epochs	1.0
1917.1833602746583	4.3567538999998305	epochs	-1.0
1917.1833602746583	1.9745871999998599	epochs	2.0
1917.1833602746583	1.098562199999833	epochs	3.0
1918.2819224746581	0.8760250000000269	epochs	3.0
1919.1579474746582	1.3524075000000266	epochs	2.0
1919.1579474746582	0.7286355000001095	epochs	3.0
1919.8865829746583	0.6237719999999172	epochs	3.0
1920.5103549746582	1.029759199999944	epochs	2.0
1920.5103549746582	0.5453293000000485	epochs	3.0
1921.0556842746582	0.4844298999998955	epochs	3.0
1921.5401141746581	0.8317862000001242	epochs	2.0
1921.5401141746581	0.4357763000000432	epochs	3.0
1921.9758904746582	0.39600990000008096	epochs	3.0
1922.3719003746583	0.6977970000000369	epochs	2.0
1922.3719003746583	0.3628982000000178	epochs	3.0
1922.7347985746583	0.33489880000001904	epochs	3.0
1923.0696973746583	0.601045699999986	epochs	2.0
1923.0696973746583	0.3109122999999272	epochs	3.0
1923.3806096746582	0.2901334000000588	epochs	3.0
1923.6707430746583	0.5278859000000011	epochs	2.0
1923.6707430746583	0.2719585999998344	epochs	3.0
1923.942701674658	0.2559273000001667	epochs	3.0
1924.1986289746583	0.470619299999953	epochs	2.0
1924.1986289746583	0.241681299999982	epochs	3.0
1924.4403102746583	0.228937999999971	epochs	3.0
1924.6692482746582	0.42457039999999324	epochs	2.0
1924.6692482746582	0.21747140000002219	epochs	3.0
1924.8867196746583	0.20709899999997106	epochs	3.0
1925.0938186746582	0.3867353999999068	epochs	2.0
1925.0938186746582	0.19767109999997956	epochs	3.0
1925.2914897746582	0.18906429999992724	epochs	3.0
1925.4805540746581	0.35509530000013	epochs	2.0
1925.4805540746581	0.18117589999997108	epochs	3.0
1925.661729974658	0.17391940000015893	epochs	3.0
1925.8356493746583	0.3282431000000088	epochs	2.0
1925.8356493746583	0.16722189999995862	epochs	3.0
1926.0028712746582	0.16102120000005016	epochs	3.0
1926.1638924746583	0.3051679999998669	epochs	2.0
1926.1638924746583	0.15526389999990897	epochs	3.0
1926.3191563746582	0.1499040999999579	epochs	3.0
1926.4690604746581	0.28512530000011793	epochs	2.0
1926.4690604746581	0.1449021000000812	epochs	3.0
1926.6139625746582	0.14022320000003674	epochs	3.0
1926.7541857746583	0.2675537999998596	epochs	2.0
1926.7541857746583	0.1358368999999584	epochs	3.0
1926.8900226746582	0.13171689999990122	epochs	3.0
1927.021739574658	0.25202290000015637	epochs	2.0
1927.021739574658	0.1278393000000051	epochs	3.0
1927.1495788746581	0.12418360000015127	epochs	3.0
1927.2737624746583	0.23819649999995818	epochs	2.0
1927.2737624746583	0.1207310999998299	epochs	3.0
1927.394493574658	0.11746540000012828	epochs	3.0
1927.5119589746582	0.22580879999986792	epochs	2.0
1927.5119589746582	0.1143718999999237	epochs	3.0
1927.6263308746582	0.11143689999994422	epochs	3.0
1927.737767774658	0.2146460000001298	epochs	2.0
1927.737767774658	0.10864890000016203	epochs	3.0
1927.8464166746583	0.10599709999996776	epochs	3.0
1927.9524137746582	0.20453500000007807	epochs	2.0
1927.9524137746582	0.10347150000006877	epochs	3.0
1928.0558852746583	0.1010635000000093	epochs	3.0
1928.1569487746583	0.19533400000000256	epochs	2.0
1928.1569487746583	0.09876509999980954	epochs	3.0
1928.255713874658	0.09656890000019303	epochs	3.0
1928.3522827746583	0.18692529999998442	epochs	2.0
1928.3522827746583	0.09446829999978945	epochs	3.0
1928.446751074658	0.09245700000019497	epochs	3.0
1928.5392080746583	0.17921069999988504	epochs	2.0
1928.5392080746583	0.09052959999985433	epochs	3.0
1928.6297376746581	0.08868110000003071	epochs	3.0
1928.7184187746582	0.17210769999996955	epochs	2.0
1928.7184187746582	0.08690630000000965	epochs	3.0
1928.8053250746582	0.0852013999999599	epochs	3.0
1928.8905264746581	0.16554640000003928	epochs	2.0
1928.8905264746581	0.08356189999994967	epochs	3.0
1928.974088374658	0.08198450000008961	epochs	3.0
1929.0560728746582	0.15946710000002895	epochs	2.0
1929.0560728746582	0.08046540000009372	epochs	3.0
1929.1365382746583	0.07900169999993523	epochs	3.0
1929.2155399746582	0.15381840000009106	epochs	2.0
1929.2155399746582	0.07759009999995214	epochs	3.0
1929.2931300746582	0.07622830000013892	epochs	3.0
1929.3693583746583	0.14855639999996129	epochs	2.0
1929.3693583746583	0.07491329999993468	epochs	3.0
1929.4442716746582	0.0736431000000266	epochs	3.0
1929.5179147746583	0.1436423999998624	epochs	2.0
1929.5179147746583	0.07241499999986445	epochs	3.0
1929.5903297746581	0.07122739999999794	epochs	3.0
1929.6615571746581	0.13904309999998077	epochs	2.0
1929.6615571746581	0.07007799999996678	epochs	3.0
1929.731635174658	0.06896510000001399	epochs	3.0
1929.800600274658	0.1347293000001173	epochs	2.0
1929.800600274658	0.0678871000000072	epochs	3.0
1929.8684873746581	0.0668422000001101	epochs	3.0
1929.9353295746582	0.1306752000000415	epochs	2.0
1929.9353295746582	0.06582909999997355	epochs	3.0
1930.0011586746582	0.06484610000006796	epochs	3.0
1930.0660047746583	0.1268577999999252	epochs	2.0
1930.0660047746583	0.06389199999989614	epochs	3.0
1930.1298967746582	0.06296580000002905	epochs	3.0
1930.1928625746582	0.12325719999989815	epochs	2.0
1930.1928625746582	0.06206580000002759	epochs	3.0
1930.2549283746582	0.061191399999870555	epochs	3.0
1930.316119774658	0.11985540000000583	epochs	2.0
1930.316119774658	0.060341100000187	epochs	3.0
1930.3764608746583	0.05951429999981883	epochs	3.0
1930.435975174658	0.11663620000012997	epochs	2.0
1930.435975174658	0.05870960000015657	epochs	3.0
1930.4946847746583	0.057926599999973405	epochs	3.0
1930.5526113746582	0.11358560000007856	epochs	2.0
1930.5526113746582	0.05716419999998834	epochs	3.0
1930.6097755746582	0.056421400000090216	epochs	3.0
1930.6661969746583	0.11069049999991876	epochs	2.0
1930.6661969746583	0.05569789999981367	epochs	3.0
1930.7218948746581	0.054992600000105085	epochs	3.0
1930.7768874746582	0.1079391000000669	epochs	2.0
1930.7768874746582	0.05430490000003374	epochs	3.0
1930.8311923746583	0.05363420000003316	epochs	3.0
1930.8848265746583	0.10532149999994544	epochs	2.0
1930.8848265746583	0.05297999999993408	epochs	3.0
1930.9378065746582	0.052341500000011365	epochs	3.0
1930.9901480746582	0.10282759999995505	epochs	2.0
1930.9901480746582	0.05171810000001642	epochs	3.0
1931.0418661746583	0.051109499999938635	epochs	3.0
1931.0929756746582	0.10044910000010532	epochs	2.0
1931.0929756746582	0.050514900000052876	epochs	3.0
1931.1434905746582	0.04993420000005244	epochs	3.0
1931.1934247746583	0.0981782999999723	epochs	2.0
1931.1934247746583	0.04936659999998483	epochs	3.0
1931.2427913746583	0.04881169999998747	epochs	3.0
1931.2916030746583	0.09600779999982478	epochs	2.0
1931.2916030746583	0.048269199999822376	epochs	3.0
1931.339872274658	0.04773860000000241	epochs	3.0
1931.387610874658	0.09393120000004274	epochs	2.0
1931.387610874658	0.047219500000210246	epochs	3.0
1931.4348303746583	0.04671169999983249	epochs	3.0
1931.4815420746581	0.09194260000003851	epochs	2.0
1931.4815420746581	0.046214599999984785	epochs	3.0
1931.5277566746581	0.045728000000053726	epochs	3.0
1931.5734846746582	0.09003630000006524	epochs	2.0
1931.5734846746582	0.045251499999949374	epochs	3.0
1931.6187361746581	0.044784800000115865	epochs	3.0
1931.6635209746582	0.08820760000003247	epochs	2.0
1931.6635209746582	0.044327800000019124	epochs	3.0
1931.7078487746583	0.04387980000001335	epochs	3.0
1931.7517285746583	0.0864516999999978	epochs	2.0
1931.7517285746583	0.04344100000002982	epochs	3.0
1931.7951695746583	0.04301069999996798	epochs	3.0
1931.8381802746583	0.08476429999996071	epochs	2.0
1931.8381802746583	0.04258899999990717	epochs	3.0
1931.8807692746582	0.04217530000005354	epochs	3.0
1931.9229445746582	0.08314150000001064	epochs	2.0
1931.9229445746582	0.04176970000003166	epochs	3.0
1931.9647142746583	0.041371799999978975	epochs	3.0
1932.0060860746582	0.08157970000002024	epochs	2.0
1932.0060860746582	0.040981399999964196	epochs	3.0
1932.0470674746582	0.04059830000005604	epochs	3.0
1932.0876657746583	0.08007550000002084	epochs	2.0
1932.0876657746583	0.04022229999986848	epochs	3.0
1932.1278880746581	0.039853200000152356	epochs	3.0
1932.1677412746583	0.07862569999997504	epochs	2.0
1932.1677412746583	0.03949079999983951	epochs	3.0
1932.2072320746581	0.03913490000013553	epochs	3.0
1932.2463669746583	0.07722760000001472	epochs	2.0
1932.2463669746583	0.038785400000051595	epochs	3.0
1932.2851523746583	0.03844219999996312	epochs	3.0
1932.3235945746583	0.07587820000003376	epochs	2.0
1932.3235945746583	0.03810479999992822	epochs	3.0
1932.3616993746582	0.03777340000010554	epochs	3.0
1932.3994727746583	0.07457519999979922	epochs	2.0
1932.3994727746583	0.03744769999980235	epochs	3.0
1932.436920474658	0.03712749999999687	epochs	3.0
1932.474047974658	0.07331629999998768	epochs	2.0
1932.474047974658	0.0368129000000863	epochs	3.0
1932.5108608746582	0.036503399999901376	epochs	3.0
1932.547364274658	0.07209900000020752	epochs	2.0
1932.547364274658	0.03619910000020354	epochs	3.0
1932.5835633746583	0.03589990000000398	epochs	3.0
1932.6194632746583	0.07092169999987163	epochs	2.0
1932.6194632746583	0.035605599999826154	epochs	3.0
1932.6550688746581	0.03531610000004548	epochs	3.0
1932.6903849746582	0.06978200000003199	epochs	2.0
1932.6903849746582	0.03503120000004856	epochs	3.0
1932.7254161746582	0.03475079999998343	epochs	3.0
1932.7601669746582	0.06867860000011206	epochs	2.0
1932.7601669746582	0.03447510000000875	epochs	3.0
1932.7946420746582	0.034203500000103304	epochs	3.0
1932.8288455746583	0.06760929999995824	epochs	2.0
1932.8288455746583	0.033936199999970995	epochs	3.0
1932.8627817746583	0.033673099999987244	epochs	3.0
1932.8964548746583	0.06657289999998284	epochs	2.0
1932.8964548746583	0.03341399999999339	epochs	3.0
1932.9298688746583	0.033158899999989444	epochs	3.0
1932.9630277746583	0.06556780000005347	epochs	2.0
1932.9630277746583	0.03290769999989607	epochs	3.0
1932.9959354746582	0.0326601000001574	epochs	3.0
1933.0285955746583	0.06459259999996902	epochs	2.0
1933.0285955746583	0.03241639999987456	epochs	3.0
1933.0610119746582	0.03217620000009447	epochs	3.0
1933.0931881746583	0.06364599999983511	epochs	2.0
1933.0931881746583	0.03193959999998697	epochs	3.0
1933.1251277746583	0.031706399999848145	epochs	3.0
1933.1568341746581	0.0627266999999847	epochs	2.0
1933.1568341746581	0.03147660000013275	epochs	3.0
1933.1883107746582	0.031250099999851955	epochs	3.0
1933.219560874658	0.06183359999999993	epochs	2.0
1933.219560874658	0.031026900000142632	epochs	3.0
1933.2505877746582	0.0308066999998573	epochs	3.0
1933.281394474658	0.06096560000014506	epochs	2.0
1933.281394474658	0.03058980000014344	epochs	3.0
1933.3119842746582	0.030375800000001618	epochs	3.0
1933.3423600746582	0.06012160000000222	epochs	2.0
1933.3423600746582	0.030164900000045236	epochs	3.0
1933.3725249746583	0.02995669999995698	epochs	3.0
1933.4024816746582	0.05930069999999432	epochs	2.0
1933.4024816746582	0.029751600000054168	epochs	3.0
1933.4322332746583	0.029549099999940154	epochs	3.0
1933.4617823746582	0.05850179999993088	epochs	2.0
1933.4617823746582	0.02934940000000097	epochs	3.0
1933.4911317746582	0.029152399999929912	epochs	3.0
1933.5202841746582	0.05772419999993872	epochs	2.0
1933.5202841746582	0.028958000000102402	epochs	3.0
1933.5492421746583	0.028766199999836317	epochs	3.0
1933.578008374658	0.05696710000006533	epochs	2.0
1933.578008374658	0.028577000000041153	epochs	3.0
1933.6065853746582	0.028390100000024177	epochs	3.0
1933.6349754746582	0.05622949999997218	epochs	2.0
1933.6349754746582	0.028205699999944045	epochs	3.0
1933.6631811746581	0.028023800000028132	epochs	3.0
1933.6912049746581	0.05551070000001346	epochs	2.0
1933.6912049746581	0.027843999999959124	epochs	3.0
1933.719048974658	0.027666700000054334	epochs	3.0
1933.7467156746582	0.054810200000019904	epochs	2.0
1933.7467156746582	0.02749149999999645	epochs	3.0
1933.7742071746582	0.027318700000023455	epochs	3.0
1933.8015258746582	0.05412700000010773	epochs	2.0
1933.8015258746582	0.027147799999966082	epochs	3.0
1933.8286736746581	0.026979200000141645	epochs	3.0
1933.8556528746583	0.053460699999959616	epochs	2.0
1933.8556528746583	0.02681259999985741	epochs	3.0
1933.8824654746581	0.026648100000102204	epochs	3.0
1933.9091135746582	0.05281070000000909	epochs	2.0
1933.9091135746582	0.0264855999998872	epochs	3.0
1933.9355991746581	0.026325100000121893	epochs	3.0
1933.9619242746583	0.052176199999848905	epochs	2.0
1933.9619242746583	0.026166399999965506	epochs	3.0
1933.9880906746582	0.0260097999998834	epochs	3.0
1934.014100474658	0.051556699999991906	epochs	2.0
1934.014100474658	0.02585480000016105	epochs	3.0
1934.0399552746583	0.025701899999830857	epochs	3.0
1934.065657174658	0.05095190000020011	epochs	2.0
1934.065657174658	0.025550700000167126	epochs	3.0
1934.0912078746583	0.025401200000032986	epochs	3.0
1934.1166090746583	0.050360999999838896	epochs	2.0
1934.1166090746583	0.025253499999962514	epochs	3.0
1934.1418625746583	0.02510749999987638	epochs	3.0
1934.1669700746581	0.04978380000011384	epochs	2.0
1934.1669700746581	0.02496320000000196	epochs	3.0
1934.1919332746581	0.02482060000011188	epochs	3.0
1934.2167538746583	0.04921949999993558	epochs	2.0
1934.2167538746583	0.024679399999968155	epochs	3.0
1934.2414332746582	0.024540099999967424	epochs	3.0
1934.2659733746582	0.04866790000005494	epochs	2.0
1934.2659733746582	0.024402100000088467	epochs	3.0
1934.2903754746583	0.024265799999966475	epochs	3.0
1934.3146412746582	0.048128599999927246	epochs	2.0
1934.3146412746582	0.02413099999989754	epochs	3.0
1934.3387722746581	0.023997600000029706	epochs	3.0
1934.3627698746582	0.047601100000065344	epochs	2.0
1934.3627698746582	0.023865800000066884	epochs	3.0
1934.3866356746582	0.02373529999999846	epochs	3.0
1934.4103709746582	0.04708499999992455	epochs	2.0
1934.4103709746582	0.023606299999983094	epochs	3.0
1934.4339772746582	0.023478699999941455	epochs	3.0
1934.4574559746582	0.046579999999948996	epochs	2.0
1934.4574559746582	0.023352500000100918	epochs	3.0
1934.4808084746583	0.023227499999848078	epochs	3.0
1934.504035974658	0.046085700000048746	epochs	2.0
1934.504035974658	0.023104000000103042	epochs	3.0
1934.5271399746582	0.022981699999945704	epochs	3.0
1934.5501216746582	0.045601799999985815	epochs	2.0
1934.5501216746582	0.022860700000137513	epochs	3.0
1934.5729823746583	0.022741099999848302	epochs	3.0
1934.5957234746581	0.04512790000012501	epochs	2.0
1934.5957234746581	0.022622500000125	epochs	3.0
1934.6183459746583	0.02250540000000001	epochs	3.0
1934.6408513746583	0.04466379999985293	epochs	2.0
1934.6408513746583	0.02238929999998618	epochs	3.0
1934.6632406746583	0.022274499999866748	epochs	3.0
1934.6855151746581	0.04420920000006845	epochs	2.0
1934.6855151746581	0.02216080000016518	epochs	3.0
1934.7076759746583	0.022048399999903268	epochs	3.0
1934.7297243746582	0.04376359999992019	epochs	2.0
1934.7297243746582	0.02193689999990056	epochs	3.0
1934.751661274658	0.021826700000019628	epochs	3.0
1934.773487974658	0.043327100000169594	epochs	2.0
1934.773487974658	0.02171760000010181	epochs	3.0
1934.7952055746582	0.021609500000067783	epochs	3.0
1934.8168150746583	0.04289900000003399	epochs	2.0
1934.8168150746583	0.02150249999999687	epochs	3.0
1934.8383175746583	0.021396500000037122	epochs	3.0
1934.8597140746583	0.04247949999989942	epochs	2.0
1934.8597140746583	0.021291699999892444	epochs	3.0
1934.8810057746582	0.021187800000006973	epochs	3.0
1934.9021935746582	0.04206789999989269	epochs	2.0
1934.9021935746582	0.02108490000000529	epochs	3.0
1934.9232784746582	0.020982999999887397	epochs	3.0
1934.944261474658	0.041664400000172463	epochs	2.0
1934.944261474658	0.020882200000187368	epochs	3.0
1934.9651436746583	0.020782199999985096	epochs	3.0
1934.9859258746583	0.041268499999887354	epochs	2.0
1934.9859258746583	0.020683299999973315	epochs	3.0
1935.0066091746583	0.02058519999991404	epochs	3.0
1935.0271943746582	0.04088000000001557	epochs	2.0
1935.0271943746582	0.020488099999965925	epochs	3.0
1935.0476824746581	0.020391900000049645	epochs	3.0
1935.0680743746582	0.04049880000002304	epochs	2.0
1935.0680743746582	0.020296599999937825	epochs	3.0
1935.0883709746581	0.020202200000085213	epochs	3.0
1935.1085731746582	0.040124599999899146	epochs	2.0
1935.1085731746582	0.02010870000003706	epochs	3.0
1935.1286818746582	0.020015899999862086	epochs	3.0
1935.148697774658	0.03975730000001931	epochs	2.0
1935.148697774658	0.019924200000104975	epochs	3.0
1935.1686219746582	0.01983309999991434	epochs	3.0
1935.1884550746581	0.03939669999999751	epochs	2.0
1935.1884550746581	0.01974300000006224	epochs	3.0
1935.2081980746582	0.01965369999993527	epochs	3.0
1935.2278517746581	0.03904239999997117	epochs	2.0
1935.2278517746581	0.019565100000136226	epochs	3.0
1935.2474168746583	0.01947729999983494	epochs	3.0
1935.266894174658	0.038694600000098944	epochs	2.0
1935.266894174658	0.019390400000020236	epochs	3.0
1935.286284574658	0.01930420000007871	epochs	3.0
1935.3055887746582	0.03835290000006353	epochs	2.0
1935.3055887746582	0.019218800000089686	epochs	3.0
1935.3248075746583	0.01913409999997384	epochs	3.0
1935.3439416746583	0.03801720000001296	epochs	2.0
1935.3439416746583	0.019050200000037876	epochs	3.0
1935.3629918746583	0.018966999999975087	epochs	3.0
1935.3819588746583	0.03768719999993664	epochs	2.0
1935.3819588746583	0.01888450000001285	epochs	3.0
1935.4008433746583	0.01880269999992379	epochs	3.0
1935.4196460746582	0.03736309999999321	epochs	2.0
1935.4196460746582	0.018721700000014607	epochs	3.0
1935.4383677746582	0.018641399999978603	epochs	3.0
1935.4570091746582	0.03704429999993408	epochs	2.0
1935.4570091746582	0.018561600000111866	epochs	3.0
1935.4755707746583	0.018482699999822216	epochs	3.0
1935.4940534746581	0.036731000000145286	epochs	2.0
1935.4940534746581	0.01840430000015658	epochs	3.0
1935.5124577746583	0.018326699999988705	epochs	3.0
1935.5307844746583	0.03642289999993409	epochs	2.0
1935.5307844746583	0.018249599999990096	epochs	3.0
1935.5490340746583	0.018173299999943993	epochs	3.0
1935.5672073746582	0.03612010000006194	epochs	2.0
1935.5672073746582	0.01809759999991911	epochs	3.0
1935.5853049746581	0.018022500000142827	epochs	3.0
1935.6033274746583	0.03582209999990482	epochs	2.0
1935.6033274746583	0.01794789999985369	epochs	3.0
1935.6212753746581	0.017874200000051133	epochs	3.0
1935.6391495746582	0.03552899999999681	epochs	2.0
1935.6391495746582	0.017800800000031813	epochs	3.0
1935.6569503746582	0.017728199999965	epochs	3.0
1935.6746785746582	0.03524070000003121	epochs	2.0
1935.6746785746582	0.017656100000067454	epochs	3.0
1935.6923346746582	0.017584599999963757	epochs	3.0
1935.7099192746582	0.03495709999992869	epochs	2.0
1935.7099192746582	0.017513700000108656	epochs	3.0
1935.7274329746583	0.01744339999982003	epochs	3.0
1935.7448763746581	0.03467790000013338	epochs	2.0
1935.7448763746581	0.01737360000015542	epochs	3.0
1935.7622499746583	0.017304299999977957	epochs	3.0
1935.7795542746583	0.03440329999989444	epochs	2.0
1935.7795542746583	0.017235699999901044	epochs	3.0
1935.7967899746582	0.0171675999999934	epochs	3.0
1935.8139575746582	0.03413279999995211	epochs	2.0
1935.8139575746582	0.01709989999994832	epochs	3.0
1935.831057474658	0.017032900000003792	epochs	3.0
1935.848090374658	0.03386670000008962	epochs	2.0
1935.848090374658	0.01696640000000116	epochs	3.0
1935.8650567746581	0.016900300000088464	epochs	3.0
1935.8819570746582	0.03360459999998966	epochs	2.0
1935.8819570746582	0.01683479999996962	epochs	3.0
1935.8987918746582	0.01676980000002004	epochs	3.0
1935.9155616746582	0.033346599999958926	epochs	2.0
1935.9155616746582	0.016705300000012357	epochs	3.0
1935.9322669746582	0.01664129999994657	epochs	3.0
1935.9489082746582	0.03309250000006614	epochs	2.0
1935.9489082746582	0.016577800000050047	epochs	3.0
1935.9654860746582	0.01651470000001609	epochs	3.0
1935.9820007746582	0.032842300000083924	epochs	2.0
1935.9820007746582	0.01645220000000336	epochs	3.0
1935.9984529746582	0.016390100000080565	epochs	3.0
1936.0148430746583	0.03259570000000167	epochs	2.0
1936.0148430746583	0.016328399999792964	epochs	3.0
1936.031171474658	0.016267300000208706	epochs	3.0
1936.0474387746583	0.032352899999978035	epochs	2.0
1936.0474387746583	0.016206599999804894	epochs	3.0
1936.063645374658	0.01614630000017314	epochs	3.0
1936.0797916746583	0.03211369999985436	epochs	2.0
1936.0797916746583	0.01608659999988049	epochs	3.0
1936.0958782746582	0.01602709999997387	epochs	3.0
1936.1119053746581	0.03187800000000607	epochs	2.0
1936.1119053746581	0.015968200000088473	epochs	3.0
1936.1278735746582	0.015909799999917595	epochs	3.0
1936.1437833746581	0.03164570000012645	epochs	2.0
1936.1437833746581	0.01585160000013275	epochs	3.0
1936.1596349746583	0.015794099999993705	epochs	3.0
1936.1754290746583	0.031416699999908815	epochs	2.0
1936.1754290746583	0.01573669999993399	epochs	3.0
1936.1911657746582	0.015679999999974825	epochs	3.0
1936.2068457746582	0.031191100000114602	epochs	2.0
1936.2068457746582	0.015623600000026272	epochs	3.0
1936.2224693746582	0.01556750000008833	epochs	3.0
1936.2380368746583	0.030968699999903038	epochs	2.0
1936.2380368746583	0.015511999999944237	epochs	3.0
1936.2535488746582	0.0154566999999588	epochs	3.0
1936.2690055746582	0.030749499999956242	epochs	2.0
1936.2690055746582	0.015401999999994587	epochs	3.0
1936.2844075746582	0.015347499999961656	epochs	3.0
1936.2997550746582	0.03053320000003623	epochs	2.0
1936.2997550746582	0.015293400000018664	epochs	3.0
1936.3150484746582	0.015239800000017567	epochs	3.0
1936.3302882746582	0.030320099999926242	epochs	2.0
1936.3302882746582	0.015186500000027081	epochs	3.0
1936.3454747746582	0.015133599999899161	epochs	3.0
1936.360608374658	0.03010990000007041	epochs	2.0
1936.360608374658	0.015081000000009226	epochs	3.0
1936.3756893746581	0.015028900000061185	epochs	3.0
1936.3907182746582	0.029902499999934662	epochs	2.0
1936.3907182746582	0.014977000000044427	epochs	3.0
1936.4056952746582	0.014925499999890235	epochs	3.0
1936.4206207746581	0.0296981000001324	epochs	2.0
1936.4206207746581	0.014874400000053356	epochs	3.0
1936.4354951746582	0.014823700000079043	epochs	3.0
1936.4503188746583	0.029496299999891562	epochs	2.0
1936.4503188746583	0.014773200000036013	epochs	3.0
1936.4650920746583	0.014723099999855549	epochs	3.0
1936.4798151746581	0.029297400000132257	epochs	2.0
1936.4798151746581	0.014673399999992398	epochs	3.0
1936.4944885746581	0.014624000000139858	epochs	3.0
1936.5091125746583	0.029101099999934377	epochs	2.0
1936.5091125746583	0.014574899999843183	epochs	3.0
1936.5236874746581	0.014526200000091194	epochs	3.0
1936.5382136746582	0.028907399999980044	epochs	2.0
1936.5382136746582	0.014477700000043114	epochs	3.0
1936.5526913746583	0.014429699999936929	epochs	3.0
1936.5671210746582	0.028716199999962555	epochs	2.0
1936.5671210746582	0.014381799999910072	epochs	3.0
1936.581502874658	0.014334400000052483	epochs	3.0
1936.5958372746582	0.02852759999996124	epochs	2.0
1936.5958372746582	0.014287200000126177	epochs	3.0
1936.6101244746583	0.014240399999835063	epochs	3.0
1936.624364874658	0.028341400000044814	epochs	2.0
1936.624364874658	0.014193800000157353	epochs	3.0
1936.6385586746583	0.014147599999887461	epochs	3.0
1936.6527062746582	0.028157700000065233	epochs	2.0
1936.6527062746582	0.014101700000082928	epochs	3.0
1936.6668079746582	0.014055999999982305	epochs	3.0
1936.6808639746582	0.027976300000091214	epochs	2.0
1936.6808639746582	0.014010599999892293	epochs	3.0
1936.6948745746581	0.013965700000198922	epochs	3.0
1936.7088402746583	0.027797199999895383	epochs	2.0
1936.7088402746583	0.01392079999982343	epochs	3.0
1936.7227610746581	0.013876400000071953	epochs	3.0
1936.7366374746582	0.027620399999932488	epochs	2.0
1936.7366374746582	0.013832200000024386	epochs	3.0
1936.7504696746582	0.013788199999908102	epochs	3.0
1936.7642578746581	0.027445899999975154	epochs	2.0
1936.7642578746581	0.01374460000010913	epochs	3.0
1936.7780024746583	0.013701299999866023	epochs	3.0
1936.7917037746581	0.0272735000000921	epochs	2.0
1936.7917037746581	0.013658200000008947	epochs	3.0
1936.8053619746581	0.013615300000083153	epochs	3.0
1936.8189772746582	0.027103399999987232	epochs	2.0
1936.8189772746582	0.013572800000019924	epochs	3.0
1936.8325500746582	0.013530599999967308	epochs	3.0
1936.8460806746582	0.02693520000002536	epochs	2.0
1936.8460806746582	0.01348839999991469	epochs	3.0
1936.859569074658	0.01344680000011067	epochs	3.0
1936.8730158746582	0.026769199999989723	epochs	2.0
1936.8730158746582	0.013405200000079276	epochs	3.0
1936.8864210746583	0.013363999999910448	epochs	3.0
1936.8997850746582	0.026605199999949036	epochs	2.0
1936.8997850746582	0.013322900000048321	epochs	3.0
1936.9131079746583	0.013282299999900715	epochs	3.0
1936.9263902746582	0.026443200000130673	epochs	2.0
1936.9263902746582	0.013241699999980483	epochs	3.0
1936.9396319746581	0.01320150000015019	epochs	3.0
1936.9528334746583	0.026283199999852513	epochs	2.0
1936.9528334746583	0.013161500000023807	epochs	3.0
1936.9659949746583	0.013121699999828706	epochs	3.0
1936.9791166746581	0.02612500000009277	epochs	2.0
1936.9791166746581	0.013082100000019636	epochs	3.0
1936.9921987746582	0.013042900000073132	epochs	3.0
1937.0052416746582	0.025968899999952555	epochs	2.0
1937.0052416746582	0.01300390000005791	epochs	3.0
1937.0182455746583	0.012964999999894644	epochs	3.0
1937.0312105746582	0.025814500000024054	epochs	2.0
1937.0312105746582	0.012926399999969362	epochs	3.0
1937.0441369746582	0.012888100000054692	epochs	3.0
1937.0570250746582	0.025661899999931848	epochs	2.0
1937.0570250746582	0.012849899999991976	epochs	3.0
1937.0698749746582	0.012811999999939871	epochs	3.0
1937.0826869746581	0.025511199999982637	epochs	2.0
1937.0826869746581	0.012774400000125752	epochs	3.0
1937.0954613746583	0.012736799999856885	epochs	3.0
1937.1081981746581	0.025362300000097093	epochs	2.0
1937.1081981746581	0.01269969999998466	epochs	3.0
1937.120897874658	0.012662600000112434	epochs	3.0
1937.1335604746582	0.025214999999889187	epochs	2.0
1937.1335604746582	0.012625800000023446	epochs	3.0
1937.1461862746582	0.012589199999865741	epochs	3.0
1937.1587754746581	0.02458480000018426	epochs	2.0
1937.1823192746583	0.5	epochs	-1.0
1937.1833602746583	0.5380799999998089	epochs	1.0
1937.721440274658	0.4618400000001657	epochs	0.0
1938.585000038147	0.12128000000006978	epochs	0.0
1938.585000038147	0.055643299999928786	epochs	1.0
1938.640643338147	0.009993399999984831	epochs	1.0
1938.6506367381469	0.05564330000015616	epochs	1.0
1938.706360038147	2.0	epochs	0.0
1940.706359038147	0.5	epochs	-1.0
1940.706360038147	21.518079999999827	epochs	0.0
1940.706360038147	1.0	epochs	1.0
1941.206359038147	19.998960000000125	epochs	-1.0
1941.706360038147	20.0	epochs	1.0
1941.706360038147	4.3567538999998305	epochs	-1.0
1941.706360038147	1.9745871999998599	epochs	2.0
1941.706360038147	1.098562199999833	epochs	3.0
1942.804922238147	0.8760250000000269	epochs	3.0
1943.680947238147	1.3524075000000266	epochs	2.0
1943.680947238147	0.7286355000001095	epochs	3.0
1944.409582738147	0.6237719999999172	epochs	3.0
1945.033354738147	1.029759199999944	epochs	2.0
1945.033354738147	0.5453293000000485	epochs	3.0
1945.578684038147	0.4844298999998955	epochs	3.0
1946.063113938147	0.8317862000001242	epochs	2.0
1946.063113938147	0.4357763000000432	epochs	3.0
1946.498890238147	0.39600990000008096	epochs	3.0
1946.894900138147	0.6977970000000369	epochs	2.0
1946.894900138147	0.3628982000000178	epochs	3.0
1947.257798338147	0.33489880000001904	epochs	3.0
1947.592697138147	0.601045699999986	epochs	2.0
1947.592697138147	0.3109122999999272	epochs	3.0
1947.903609438147	0.2901334000000588	epochs	3.0
1948.193742838147	0.5278859000000011	epochs	2.0
1948.193742838147	0.2719585999998344	epochs	3.0
1948.4657014381469	0.2559273000001667	epochs	3.0
1948.721628738147	0.470619299999953	epochs	2.0
1948.721628738147	0.241681299999982	epochs	3.0
1948.963310038147	0.228937999999971	epochs	3.0
1949.192248038147	0.42457039999999324	epochs	2.0
1949.192248038147	0.21747140000002219	epochs	3.0
1949.409719438147	0.20709899999997106	epochs	3.0
1949.616818438147	0.3867353999999068	epochs	2.0
1949.616818438147	0.19767109999997956	epochs	3.0
1949.814489538147	0.18906429999992724	epochs	3.0
1950.003553838147	0.35509530000013	epochs	2.0
1950.003553838147	0.18117589999997108	epochs	3.0
1950.1847297381469	0.17391940000015893	epochs	3.0
1950.358649138147	0.3282431000000088	epochs	2.0
1950.358649138147	0.16722189999995862	epochs	3.0
1950.525871038147	0.16102120000005016	epochs	3.0
1950.686892238147	0.3051679999998669	epochs	2.0
1950.686892238147	0.15526389999990897	epochs	3.0
1950.842156138147	0.1499040999999579	epochs	3.0
1950.992060238147	0.28512530000011793	epochs	2.0
1950.992060238147	0.1449021000000812	epochs	3.0
1951.136962338147	0.14022320000003674	epochs	3.0
1951.277185538147	0.2675537999998596	epochs	2.0
1951.277185538147	0.1358368999999584	epochs	3.0
1951.413022438147	0.13171689999990122	epochs	3.0
1951.5447393381469	0.25202290000015637	epochs	2.0
1951.5447393381469	0.1278393000000051	epochs	3.0
1951.672578638147	0.12418360000015127	epochs	3.0
1951.796762238147	0.23819649999995818	epochs	2.0
1951.796762238147	0.1207310999998299	epochs	3.0
1951.9174933381469	0.11746540000012828	epochs	3.0
1952.034958738147	0.22580879999986792	epochs	2.0
1952.034958738147	0.1143718999999237	epochs	3.0
1952.149330638147	0.11143689999994422	epochs	3.0
1952.2607675381469	0.2146460000001298	epochs	2.0
1952.2607675381469	0.10864890000016203	epochs	3.0
1952.369416438147	0.10599709999996776	epochs	3.0
1952.475413538147	0.20453500000007807	epochs	2.0
1952.475413538147	0.10347150000006877	epochs	3.0
1952.578885038147	0.1010635000000093	epochs	3.0
1952.679948538147	0.19533400000000256	epochs	2.0
1952.679948538147	0.09876509999980954	epochs	3.0
1952.7787136381469	0.09656890000019303	epochs	3.0
1952.875282538147	0.18692529999998442	epochs	2.0
1952.875282538147	0.09446829999978945	epochs	3.0
1952.9697508381469	0.09245700000019497	epochs	3.0
1953.062207838147	0.17921069999988504	epochs	2.0
1953.062207838147	0.09052959999985433	epochs	3.0
1953.152737438147	0.08868110000003071	epochs	3.0
1953.241418538147	0.17210769999996955	epochs	2.0
1953.241418538147	0.08690630000000965	epochs	3.0
1953.328324838147	0.0852013999999599	epochs	3.0
1953.413526238147	0.16554640000003928	epochs	2.0
1953.413526238147	0.08356189999994967	epochs	3.0
1953.4970881381469	0.08198450000008961	epochs	3.0
1953.579072638147	0.15946710000002895	epochs	2.0
1953.579072638147	0.08046540000009372	epochs	3.0
1953.659538038147	0.07900169999993523	epochs	3.0
1953.738539738147	0.15381840000009106	epochs	2.0
1953.738539738147	0.07759009999995214	epochs	3.0
1953.816129838147	0.07622830000013892	epochs	3.0
1953.892358138147	0.14855639999996129	epochs	2.0
1953.892358138147	0.07491329999993468	epochs	3.0
1953.967271438147	0.0736431000000266	epochs	3.0
1954.040914538147	0.1436423999998624	epochs	2.0
1954.040914538147	0.07241499999986445	epochs	3.0
1954.113329538147	0.07122739999999794	epochs	3.0
1954.184556938147	0.13904309999998077	epochs	2.0
1954.184556938147	0.07007799999996678	epochs	3.0
1954.2546349381469	0.06896510000001399	epochs	3.0
1954.3236000381469	0.1347293000001173	epochs	2.0
1954.3236000381469	0.0678871000000072	epochs	3.0
1954.3914871381469	0.0668422000001101	epochs	3.0
1954.458329338147	0.1306752000000415	epochs	2.0
1954.458329338147	0.06582909999997355	epochs	3.0
1954.524158438147	0.06484610000006796	epochs	3.0
1954.589004538147	0.1268577999999252	epochs	2.0
1954.589004538147	0.06389199999989614	epochs	3.0
1954.652896538147	0.06296580000002905	epochs	3.0
1954.715862338147	0.12325719999989815	epochs	2.0
1954.715862338147	0.06206580000002759	epochs	3.0
1954.777928138147	0.061191399999870555	epochs	3.0
1954.8391195381469	0.11985540000000583	epochs	2.0
1954.8391195381469	0.060341100000187	epochs	3.0
1954.899460638147	0.05951429999981883	epochs	3.0
1954.9589749381469	0.11663620000012997	epochs	2.0
1954.9589749381469	0.05870960000015657	epochs	3.0
1955.017684538147	0.057926599999973405	epochs	3.0
1955.075611138147	0.11358560000007856	epochs	2.0
1955.075611138147	0.05716419999998834	epochs	3.0
1955.132775338147	0.056421400000090216	epochs	3.0
1955.189196738147	0.11069049999991876	epochs	2.0
1955.189196738147	0.05569789999981367	epochs	3.0
1955.244894638147	0.054992600000105085	epochs	3.0
1955.299887238147	0.1079391000000669	epochs	2.0
1955.299887238147	0.05430490000003374	epochs	3.0
1955.354192138147	0.05363420000003316	epochs	3.0
1955.407826338147	0.10532149999994544	epochs	2.0
1955.407826338147	0.05297999999993408	epochs	3.0
1955.460806338147	0.052341500000011365	epochs	3.0
1955.513147838147	0.10282759999995505	epochs	2.0
1955.513147838147	0.05171810000001642	epochs	3.0
1955.564865938147	0.051109499999938635	epochs	3.0
1955.615975438147	0.10044910000010532	epochs	2.0
1955.615975438147	0.050514900000052876	epochs	3.0
1955.666490338147	0.04993420000005244	epochs	3.0
1955.716424538147	0.0981782999999723	epochs	2.0
1955.716424538147	0.04936659999998483	epochs	3.0
1955.765791138147	0.04881169999998747	epochs	3.0
1955.814602838147	0.09600779999982478	epochs	2.0
1955.814602838147	0.048269199999822376	epochs	3.0
1955.8628720381469	0.04773860000000241	epochs	3.0
1955.9106106381469	0.09393120000004274	epochs	2.0
1955.9106106381469	0.047219500000210246	epochs	3.0
1955.957830138147	0.04671169999983249	epochs	3.0
1956.004541838147	0.09194260000003851	epochs	2.0
1956.004541838147	0.046214599999984785	epochs	3.0
1956.050756438147	0.045728000000053726	epochs	3.0
1956.096484438147	0.09003630000006524	epochs	2.0
1956.096484438147	0.045251499999949374	epochs	3.0
1956.141735938147	0.044784800000115865	epochs	3.0
1956.186520738147	0.08820760000003247	epochs	2.0
1956.186520738147	0.044327800000019124	epochs	3.0
1956.230848538147	0.04387980000001335	epochs	3.0
1956.274728338147	0.0864516999999978	epochs	2.0
1956.274728338147	0.04344100000002982	epochs	3.0
1956.318169338147	0.04301069999996798	epochs	3.0
1956.361180038147	0.08476429999996071	epochs	2.0
1956.361180038147	0.04258899999990717	epochs	3.0
1956.403769038147	0.04217530000005354	epochs	3.0
1956.445944338147	0.08314150000001064	epochs	2.0
1956.445944338147	0.04176970000003166	epochs	3.0
1956.487714038147	0.041371799999978975	epochs	3.0
1956.529085838147	0.08157970000002024	epochs	2.0
1956.529085838147	0.040981399999964196	epochs	3.0
1956.570067238147	0.04059830000005604	epochs	3.0
1956.610665538147	0.08007550000002084	epochs	2.0
1956.610665538147	0.04022229999986848	epochs	3.0
1956.650887838147	0.039853200000152356	epochs	3.0
1956.690741038147	0.07862569999997504	epochs	2.0
1956.690741038147	0.03949079999983951	epochs	3.0
1956.730231838147	0.03913490000013553	epochs	3.0
1956.769366738147	0.07722760000001472	epochs	2.0
1956.769366738147	0.038785400000051595	epochs	3.0
1956.808152138147	0.03844219999996312	epochs	3.0
1956.846594338147	0.07587820000003376	epochs	2.0
1956.846594338147	0.03810479999992822	epochs	3.0
1956.884699138147	0.03777340000010554	epochs	3.0
1956.922472538147	0.07457519999979922	epochs	2.0
1956.922472538147	0.03744769999980235	epochs	3.0
1956.9599202381469	0.03712749999999687	epochs	3.0
1956.9970477381469	0.07331629999998768	epochs	2.0
1956.9970477381469	0.0368129000000863	epochs	3.0
1957.033860638147	0.036503399999901376	epochs	3.0
1957.0703640381469	0.07209900000020752	epochs	2.0
1957.0703640381469	0.03619910000020354	epochs	3.0
1957.106563138147	0.03589990000000398	epochs	3.0
1957.142463038147	0.07092169999987163	epochs	2.0
1957.142463038147	0.035605599999826154	epochs	3.0
1957.178068638147	0.03531610000004548	epochs	3.0
1957.213384738147	0.06978200000003199	epochs	2.0
1957.213384738147	0.03503120000004856	epochs	3.0
1957.248415938147	0.03475079999998343	epochs	3.0
1957.283166738147	0.06867860000011206	epochs	2.0
1957.283166738147	0.03447510000000875	epochs	3.0
1957.317641838147	0.034203500000103304	epochs	3.0
1957.351845338147	0.06760929999995824	epochs	2.0
1957.351845338147	0.033936199999970995	epochs	3.0
1957.385781538147	0.033673099999987244	epochs	3.0
1957.419454638147	0.06657289999998284	epochs	2.0
1957.419454638147	0.03341399999999339	epochs	3.0
1957.452868638147	0.033158899999989444	epochs	3.0
1957.486027538147	0.06556780000005347	epochs	2.0
1957.486027538147	0.03290769999989607	epochs	3.0
1957.518935238147	0.0326601000001574	epochs	3.0
1957.551595338147	0.06459259999996902	epochs	2.0
1957.551595338147	0.03241639999987456	epochs	3.0
1957.584011738147	0.03217620000009447	epochs	3.0
1957.616187938147	0.06364599999983511	epochs	2.0
1957.616187938147	0.03193959999998697	epochs	3.0
1957.648127538147	0.031706399999848145	epochs	3.0
1957.6798339381469	0.0627266999999847	epochs	2.0
1957.6798339381469	0.03147660000013275	epochs	3.0
1957.711310538147	0.031250099999851955	epochs	3.0
1957.7425606381469	0.06183359999999993	epochs	2.0
1957.7425606381469	0.031026900000142632	epochs	3.0
1957.773587538147	0.0308066999998573	epochs	3.0
1957.8043942381469	0.06096560000014506	epochs	2.0
1957.8043942381469	0.03058980000014344	epochs	3.0
1957.834984038147	0.030375800000001618	epochs	3.0
1957.865359838147	0.06012160000000222	epochs	2.0
1957.865359838147	0.030164900000045236	epochs	3.0
1957.895524738147	0.02995669999995698	epochs	3.0
1957.925481438147	0.05930069999999432	epochs	2.0
1957.925481438147	0.029751600000054168	epochs	3.0
1957.955233038147	0.029549099999940154	epochs	3.0
1957.984782138147	0.05850179999993088	epochs	2.0
1957.984782138147	0.02934940000000097	epochs	3.0
1958.014131538147	0.029152399999929912	epochs	3.0
1958.043283938147	0.05772419999993872	epochs	2.0
1958.043283938147	0.028958000000102402	epochs	3.0
1958.072241938147	0.028766199999836317	epochs	3.0
1958.1010081381469	0.05696710000006533	epochs	2.0
1958.1010081381469	0.028577000000041153	epochs	3.0
1958.129585138147	0.028390100000024177	epochs	3.0
1958.157975238147	0.05622949999997218	epochs	2.0
1958.157975238147	0.028205699999944045	epochs	3.0
1958.186180938147	0.028023800000028132	epochs	3.0
1958.214204738147	0.05551070000001346	epochs	2.0
1958.214204738147	0.027843999999959124	epochs	3.0
1958.2420487381469	0.027666700000054334	epochs	3.0
1958.269715438147	0.054810200000019904	epochs	2.0
1958.269715438147	0.02749149999999645	epochs	3.0
1958.297206938147	0.027318700000023455	epochs	3.0
1958.324525638147	0.05412700000010773	epochs	2.0
1958.324525638147	0.027147799999966082	epochs	3.0
1958.351673438147	0.026979200000141645	epochs	3.0
1958.378652638147	0.053460699999959616	epochs	2.0
1958.378652638147	0.02681259999985741	epochs	3.0
1958.405465238147	0.026648100000102204	epochs	3.0
1958.432113338147	0.05281070000000909	epochs	2.0
1958.432113338147	0.0264855999998872	epochs	3.0
1958.458598938147	0.026325100000121893	epochs	3.0
1958.484924038147	0.052176199999848905	epochs	2.0
1958.484924038147	0.026166399999965506	epochs	3.0
1958.511090438147	0.0260097999998834	epochs	3.0
1958.5371002381469	0.051556699999991906	epochs	2.0
1958.5371002381469	0.02585480000016105	epochs	3.0
1958.562955038147	0.025701899999830857	epochs	3.0
1958.5886569381469	0.05095190000020011	epochs	2.0
1958.5886569381469	0.025550700000167126	epochs	3.0
1958.614207638147	0.025401200000032986	epochs	3.0
1958.639608838147	0.050360999999838896	epochs	2.0
1958.639608838147	0.025253499999962514	epochs	3.0
1958.664862338147	0.02510749999987638	epochs	3.0
1958.689969838147	0.04978380000011384	epochs	2.0
1958.689969838147	0.02496320000000196	epochs	3.0
1958.714933038147	0.02482060000011188	epochs	3.0
1958.739753638147	0.04921949999993558	epochs	2.0
1958.739753638147	0.024679399999968155	epochs	3.0
1958.764433038147	0.024540099999967424	epochs	3.0
1958.788973138147	0.04866790000005494	epochs	2.0
1958.788973138147	0.024402100000088467	epochs	3.0
1958.813375238147	0.024265799999966475	epochs	3.0
1958.837641038147	0.048128599999927246	epochs	2.0
1958.837641038147	0.02413099999989754	epochs	3.0
1958.861772038147	0.023997600000029706	epochs	3.0
1958.885769638147	0.047601100000065344	epochs	2.0
1958.885769638147	0.023865800000066884	epochs	3.0
1958.909635438147	0.02373529999999846	epochs	3.0
1958.933370738147	0.04708499999992455	epochs	2.0
1958.933370738147	0.023606299999983094	epochs	3.0
1958.956977038147	0.023478699999941455	epochs	3.0
1958.980455738147	0.046579999999948996	epochs	2.0
1958.980455738147	0.023352500000100918	epochs	3.0
1959.003808238147	0.023227499999848078	epochs	3.0
1959.0270357381469	0.046085700000048746	epochs	2.0
1959.0270357381469	0.023104000000103042	epochs	3.0
1959.050139738147	0.022981699999945704	epochs	3.0
1959.073121438147	0.045601799999985815	epochs	2.0
1959.073121438147	0.022860700000137513	epochs	3.0
1959.095982138147	0.022741099999848302	epochs	3.0
1959.118723238147	0.04512790000012501	epochs	2.0
1959.118723238147	0.022622500000125	epochs	3.0
1959.141345738147	0.02250540000000001	epochs	3.0
1959.163851138147	0.04466379999985293	epochs	2.0
1959.163851138147	0.02238929999998618	epochs	3.0
1959.186240438147	0.022274499999866748	epochs	3.0
1959.208514938147	0.04420920000006845	epochs	2.0
1959.208514938147	0.02216080000016518	epochs	3.0
1959.230675738147	0.022048399999903268	epochs	3.0
1959.252724138147	0.04376359999992019	epochs	2.0
1959.252724138147	0.02193689999990056	epochs	3.0
1959.2746610381469	0.021826700000019628	epochs	3.0
1959.2964877381469	0.043327100000169594	epochs	2.0
1959.2964877381469	0.02171760000010181	epochs	3.0
1959.318205338147	0.021609500000067783	epochs	3.0
1959.339814838147	0.04289900000003399	epochs	2.0
1959.339814838147	0.02150249999999687	epochs	3.0
1959.361317338147	0.021396500000037122	epochs	3.0
1959.382713838147	0.04247949999989942	epochs	2.0
1959.382713838147	0.021291699999892444	epochs	3.0
1959.404005538147	0.021187800000006973	epochs	3.0
1959.425193338147	0.04206789999989269	epochs	2.0
1959.425193338147	0.02108490000000529	epochs	3.0
1959.446278238147	0.020982999999887397	epochs	3.0
1959.4672612381469	0.041664400000172463	epochs	2.0
1959.4672612381469	0.020882200000187368	epochs	3.0
1959.488143438147	0.020782199999985096	epochs	3.0
1959.508925638147	0.041268499999887354	epochs	2.0
1959.508925638147	0.020683299999973315	epochs	3.0
1959.529608938147	0.02058519999991404	epochs	3.0
1959.550194138147	0.04088000000001557	epochs	2.0
1959.550194138147	0.020488099999965925	epochs	3.0
1959.570682238147	0.020391900000049645	epochs	3.0
1959.591074138147	0.04049880000002304	epochs	2.0
1959.591074138147	0.020296599999937825	epochs	3.0
1959.611370738147	0.020202200000085213	epochs	3.0
1959.631572938147	0.040124599999899146	epochs	2.0
1959.631572938147	0.02010870000003706	epochs	3.0
1959.651681638147	0.020015899999862086	epochs	3.0
1959.6716975381469	0.03975730000001931	epochs	2.0
1959.6716975381469	0.019924200000104975	epochs	3.0
1959.691621738147	0.01983309999991434	epochs	3.0
1959.711454838147	0.03939669999999751	epochs	2.0
1959.711454838147	0.01974300000006224	epochs	3.0
1959.731197838147	0.01965369999993527	epochs	3.0
1959.750851538147	0.03904239999997117	epochs	2.0
1959.750851538147	0.019565100000136226	epochs	3.0
1959.770416638147	0.01947729999983494	epochs	3.0
1959.7898939381469	0.038694600000098944	epochs	2.0
1959.7898939381469	0.019390400000020236	epochs	3.0
1959.8092843381469	0.01930420000007871	epochs	3.0
1959.828588538147	0.03835290000006353	epochs	2.0
1959.828588538147	0.019218800000089686	epochs	3.0
1959.847807338147	0.01913409999997384	epochs	3.0
1959.866941438147	0.03801720000001296	epochs	2.0
1959.866941438147	0.019050200000037876	epochs	3.0
1959.885991638147	0.018966999999975087	epochs	3.0
1959.904958638147	0.03768719999993664	epochs	2.0
1959.904958638147	0.01888450000001285	epochs	3.0
1959.923843138147	0.01880269999992379	epochs	3.0
1959.942645838147	0.03736309999999321	epochs	2.0
1959.942645838147	0.018721700000014607	epochs	3.0
1959.961367538147	0.018641399999978603	epochs	3.0
1959.980008938147	0.03704429999993408	epochs	2.0
1959.980008938147	0.018561600000111866	epochs	3.0
1959.998570538147	0.018482699999822216	epochs	3.0
1960.017053238147	0.036731000000145286	epochs	2.0
1960.017053238147	0.01840430000015658	epochs	3.0
1960.035457538147	0.018326699999988705	epochs	3.0
1960.053784238147	0.03642289999993409	epochs	2.0
1960.053784238147	0.018249599999990096	epochs	3.0
1960.072033838147	0.018173299999943993	epochs	3.0
1960.090207138147	0.03612010000006194	epochs	2.0
1960.090207138147	0.01809759999991911	epochs	3.0
1960.108304738147	0.018022500000142827	epochs	3.0
1960.126327238147	0.03582209999990482	epochs	2.0
1960.126327238147	0.01794789999985369	epochs	3.0
1960.144275138147	0.017874200000051133	epochs	3.0
1960.162149338147	0.03552899999999681	epochs	2.0
1960.162149338147	0.017800800000031813	epochs	3.0
1960.179950138147	0.017728199999965	epochs	3.0
1960.197678338147	0.03524070000003121	epochs	2.0
1960.197678338147	0.017656100000067454	epochs	3.0
1960.215334438147	0.017584599999963757	epochs	3.0
1960.232919038147	0.03495709999992869	epochs	2.0
1960.232919038147	0.017513700000108656	epochs	3.0
1960.250432738147	0.01744339999982003	epochs	3.0
1960.267876138147	0.03467790000013338	epochs	2.0
1960.267876138147	0.01737360000015542	epochs	3.0
1960.285249738147	0.017304299999977957	epochs	3.0
1960.302554038147	0.03440329999989444	epochs	2.0
1960.302554038147	0.017235699999901044	epochs	3.0
1960.319789738147	0.0171675999999934	epochs	3.0
1960.336957338147	0.03413279999995211	epochs	2.0
1960.336957338147	0.01709989999994832	epochs	3.0
1960.3540572381469	0.017032900000003792	epochs	3.0
1960.3710901381469	0.03386670000008962	epochs	2.0
1960.3710901381469	0.01696640000000116	epochs	3.0
1960.3880565381469	0.016900300000088464	epochs	3.0
1960.404956838147	0.03360459999998966	epochs	2.0
1960.404956838147	0.01683479999996962	epochs	3.0
1960.421791638147	0.01676980000002004	epochs	3.0
1960.438561438147	0.033346599999958926	epochs	2.0
1960.438561438147	0.016705300000012357	epochs	3.0
1960.455266738147	0.01664129999994657	epochs	3.0
1960.471908038147	0.03309250000006614	epochs	2.0
1960.471908038147	0.016577800000050047	epochs	3.0
1960.488485838147	0.01651470000001609	epochs	3.0
1960.505000538147	0.032842300000083924	epochs	2.0
1960.505000538147	0.01645220000000336	epochs	3.0
1960.521452738147	0.016390100000080565	epochs	3.0
1960.537842838147	0.03259570000000167	epochs	2.0
1960.537842838147	0.016328399999792964	epochs	3.0
1960.5541712381469	0.016267300000208706	epochs	3.0
1960.570438538147	0.032352899999978035	epochs	2.0
1960.570438538147	0.016206599999804894	epochs	3.0
1960.5866451381469	0.01614630000017314	epochs	3.0
1960.602791438147	0.03211369999985436	epochs	2.0
1960.602791438147	0.01608659999988049	epochs	3.0
1960.618878038147	0.01602709999997387	epochs	3.0
1960.634905138147	0.03187800000000607	epochs	2.0
1960.634905138147	0.015968200000088473	epochs	3.0
1960.650873338147	0.015909799999917595	epochs	3.0
1960.666783138147	0.03164570000012645	epochs	2.0
1960.666783138147	0.01585160000013275	epochs	3.0
1960.682634738147	0.015794099999993705	epochs	3.0
1960.698428838147	0.031416699999908815	epochs	2.0
1960.698428838147	0.01573669999993399	epochs	3.0
1960.714165538147	0.015679999999974825	epochs	3.0
1960.729845538147	0.031191100000114602	epochs	2.0
1960.729845538147	0.015623600000026272	epochs	3.0
1960.745469138147	0.01556750000008833	epochs	3.0
1960.761036638147	0.030968699999903038	epochs	2.0
1960.761036638147	0.015511999999944237	epochs	3.0
1960.776548638147	0.0154566999999588	epochs	3.0
1960.792005338147	0.030749499999956242	epochs	2.0
1960.792005338147	0.015401999999994587	epochs	3.0
1960.807407338147	0.015347499999961656	epochs	3.0
1960.822754838147	0.03053320000003623	epochs	2.0
1960.822754838147	0.015293400000018664	epochs	3.0
1960.838048238147	0.015239800000017567	epochs	3.0
1960.853288038147	0.030320099999926242	epochs	2.0
1960.853288038147	0.015186500000027081	epochs	3.0
1960.868474538147	0.015133599999899161	epochs	3.0
1960.8836081381469	0.03010990000007041	epochs	2.0
1960.8836081381469	0.015081000000009226	epochs	3.0
1960.898689138147	0.015028900000061185	epochs	3.0
1960.913718038147	0.029902499999934662	epochs	2.0
1960.913718038147	0.014977000000044427	epochs	3.0
1960.928695038147	0.014925499999890235	epochs	3.0
1960.943620538147	0.0296981000001324	epochs	2.0
1960.943620538147	0.014874400000053356	epochs	3.0
1960.958494938147	0.014823700000079043	epochs	3.0
1960.973318638147	0.029496299999891562	epochs	2.0
1960.973318638147	0.014773200000036013	epochs	3.0
1960.988091838147	0.014723099999855549	epochs	3.0
1961.002814938147	0.029297400000132257	epochs	2.0
1961.002814938147	0.014673399999992398	epochs	3.0
1961.017488338147	0.014624000000139858	epochs	3.0
1961.032112338147	0.029101099999934377	epochs	2.0
1961.032112338147	0.014574899999843183	epochs	3.0
1961.046687238147	0.014526200000091194	epochs	3.0
1961.061213438147	0.028907399999980044	epochs	2.0
1961.061213438147	0.014477700000043114	epochs	3.0
1961.075691138147	0.014429699999936929	epochs	3.0
1961.090120838147	0.028716199999962555	epochs	2.0
1961.090120838147	0.014381799999910072	epochs	3.0
1961.1045026381469	0.014334400000052483	epochs	3.0
1961.118837038147	0.02852759999996124	epochs	2.0
1961.118837038147	0.014287200000126177	epochs	3.0
1961.133124238147	0.014240399999835063	epochs	3.0
1961.1473646381469	0.028341400000044814	epochs	2.0
1961.1473646381469	0.014193800000157353	epochs	3.0
1961.161558438147	0.014147599999887461	epochs	3.0
1961.175706038147	0.028157700000065233	epochs	2.0
1961.175706038147	0.014101700000082928	epochs	3.0
1961.189807738147	0.014055999999982305	epochs	3.0
1961.203863738147	0.027976300000091214	epochs	2.0
1961.203863738147	0.014010599999892293	epochs	3.0
1961.2178743381469	0.013965700000198922	epochs	3.0
1961.231840038147	0.027797199999895383	epochs	2.0
1961.231840038147	0.01392079999982343	epochs	3.0
1961.245760838147	0.013876400000071953	epochs	3.0
1961.259637238147	0.027620399999932488	epochs	2.0
1961.259637238147	0.013832200000024386	epochs	3.0
1961.273469438147	0.013788199999908102	epochs	3.0
1961.287257638147	0.027445899999975154	epochs	2.0
1961.287257638147	0.01374460000010913	epochs	3.0
1961.301002238147	0.013701299999866023	epochs	3.0
1961.314703538147	0.0272735000000921	epochs	2.0
1961.314703538147	0.013658200000008947	epochs	3.0
1961.328361738147	0.013615300000083153	epochs	3.0
1961.341977038147	0.027103399999987232	epochs	2.0
1961.341977038147	0.013572800000019924	epochs	3.0
1961.355549838147	0.013530599999967308	epochs	3.0
1961.369080438147	0.02693520000002536	epochs	2.0
1961.369080438147	0.01348839999991469	epochs	3.0
1961.3825688381469	0.01344680000011067	epochs	3.0
1961.396015638147	0.026769199999989723	epochs	2.0
1961.396015638147	0.013405200000079276	epochs	3.0
1961.409420838147	0.013363999999910448	epochs	3.0
1961.422784838147	0.026605199999949036	epochs	2.0
1961.422784838147	0.013322900000048321	epochs	3.0
1961.436107738147	0.013282299999900715	epochs	3.0
1961.449390038147	0.026443200000130673	epochs	2.0
1961.449390038147	0.013241699999980483	epochs	3.0
1961.462631738147	0.01320150000015019	epochs	3.0
1961.475833238147	0.026283199999852513	epochs	2.0
1961.475833238147	0.013161500000023807	epochs	3.0
1961.488994738147	0.013121699999828706	epochs	3.0
1961.502116438147	0.02612500000009277	epochs	2.0
1961.502116438147	0.013082100000019636	epochs	3.0
1961.515198538147	0.013042900000073132	epochs	3.0
1961.528241438147	0.025968899999952555	epochs	2.0
1961.528241438147	0.01300390000005791	epochs	3.0
1961.541245338147	0.012964999999894644	epochs	3.0
1961.554210338147	0.025814500000024054	epochs	2.0
1961.554210338147	0.012926399999969362	epochs	3.0
1961.567136738147	0.012888100000054692	epochs	3.0
1961.580024838147	0.025661899999931848	epochs	2.0
1961.580024838147	0.012849899999991976	epochs	3.0
1961.592874738147	0.012811999999939871	epochs	3.0
1961.605686738147	0.025511199999982637	epochs	2.0
1961.605686738147	0.012774400000125752	epochs	3.0
1961.618461138147	0.012736799999856885	epochs	3.0
1961.631197938147	0.025362300000097093	epochs	2.0
1961.631197938147	0.01269969999998466	epochs	3.0
1961.6438976381469	0.012662600000112434	epochs	3.0
1961.656560238147	0.025214999999889187	epochs	2.0
1961.656560238147	0.012625800000023446	epochs	3.0
1961.669186038147	0.012589199999865741	epochs	3.0
1961.6817752381469	0.02458480000018426	epochs	2.0
1961.705319038147	0.5	epochs	-1.0
1961.706360038147	0.5180799999998271	epochs	1.0
1962.224440038147	0.4818400000001475	epochs	0.0
1963.0060000419617	0.12128000000006978	epochs	0.0
1963.0060000419617	0.055643299999928786	epochs	1.0
1963.0616433419616	0.009993399999984831	epochs	1.0
1963.0716367419616	0.05564330000015616	epochs	1.0
1963.1273600419618	2.0	epochs	0.0
1965.1273590419617	0.5	epochs	-1.0
1965.1273600419618	21.53783999999996	epochs	0.0
1965.1273600419618	1.0	epochs	1.0
1965.6273590419617	19.998960000000125	epochs	-1.0
1966.1273600419618	20.0	epochs	1.0
1966.1273600419618	4.3567538999998305	epochs	-1.0
1966.1273600419618	1.9745871999998599	epochs	2.0
1966.1273600419618	1.098562199999833	epochs	3.0
1967.2259222419616	0.8760250000000269	epochs	3.0
1968.1019472419616	1.3524075000000266	epochs	2.0
1968.1019472419616	0.7286355000001095	epochs	3.0
1968.8305827419617	0.6237719999999172	epochs	3.0
1969.4543547419617	1.029759199999944	epochs	2.0
1969.4543547419617	0.5453293000000485	epochs	3.0
1969.9996840419617	0.4844298999998955	epochs	3.0
1970.4841139419616	0.8317862000001242	epochs	2.0
1970.4841139419616	0.4357763000000432	epochs	3.0
1970.9198902419616	0.39600990000008096	epochs	3.0
1971.3159001419617	0.6977970000000369	epochs	2.0
1971.3159001419617	0.3628982000000178	epochs	3.0
1971.6787983419617	0.33489880000001904	epochs	3.0
1972.0136971419618	0.601045699999986	epochs	2.0
1972.0136971419618	0.3109122999999272	epochs	3.0
1972.3246094419617	0.2901334000000588	epochs	3.0
1972.6147428419617	0.5278859000000011	epochs	2.0
1972.6147428419617	0.2719585999998344	epochs	3.0
1972.8867014419616	0.2559273000001667	epochs	3.0
1973.1426287419617	0.470619299999953	epochs	2.0
1973.1426287419617	0.241681299999982	epochs	3.0
1973.3843100419617	0.228937999999971	epochs	3.0
1973.6132480419617	0.42457039999999324	epochs	2.0
1973.6132480419617	0.21747140000002219	epochs	3.0
1973.8307194419617	0.20709899999997106	epochs	3.0
1974.0378184419617	0.3867353999999068	epochs	2.0
1974.0378184419617	0.19767109999997956	epochs	3.0
1974.2354895419617	0.18906429999992724	epochs	3.0
1974.4245538419616	0.35509530000013	epochs	2.0
1974.4245538419616	0.18117589999997108	epochs	3.0
1974.6057297419616	0.17391940000015893	epochs	3.0
1974.7796491419617	0.3282431000000088	epochs	2.0
1974.7796491419617	0.16722189999995862	epochs	3.0
1974.9468710419617	0.16102120000005016	epochs	3.0
1975.1078922419617	0.3051679999998669	epochs	2.0
1975.1078922419617	0.15526389999990897	epochs	3.0
1975.2631561419616	0.1499040999999579	epochs	3.0
1975.4130602419616	0.28512530000011793	epochs	2.0
1975.4130602419616	0.1449021000000812	epochs	3.0
1975.5579623419617	0.14022320000003674	epochs	3.0
1975.6981855419617	0.2675537999998596	epochs	2.0
1975.6981855419617	0.1358368999999584	epochs	3.0
1975.8340224419617	0.13171689999990122	epochs	3.0
1975.9657393419616	0.25202290000015637	epochs	2.0
1975.9657393419616	0.1278393000000051	epochs	3.0
1976.0935786419616	0.12418360000015127	epochs	3.0
1976.2177622419617	0.23819649999995818	epochs	2.0
1976.2177622419617	0.1207310999998299	epochs	3.0
1976.3384933419616	0.11746540000012828	epochs	3.0
1976.4559587419617	0.22580879999986792	epochs	2.0
1976.4559587419617	0.1143718999999237	epochs	3.0
1976.5703306419616	0.11143689999994422	epochs	3.0
1976.6817675419616	0.2146460000001298	epochs	2.0
1976.6817675419616	0.10864890000016203	epochs	3.0
1976.7904164419617	0.10599709999996776	epochs	3.0
1976.8964135419617	0.20453500000007807	epochs	2.0
1976.8964135419617	0.10347150000006877	epochs	3.0
1976.9998850419618	0.1010635000000093	epochs	3.0
1977.1009485419618	0.19533400000000256	epochs	2.0
1977.1009485419618	0.09876509999980954	epochs	3.0
1977.1997136419616	0.09656890000019303	epochs	3.0
1977.2962825419618	0.18692529999998442	epochs	2.0
1977.2962825419618	0.09446829999978945	epochs	3.0
1977.3907508419616	0.09245700000019497	epochs	3.0
1977.4832078419618	0.17921069999988504	epochs	2.0
1977.4832078419618	0.09052959999985433	epochs	3.0
1977.5737374419616	0.08868110000003071	epochs	3.0
1977.6624185419616	0.17210769999996955	epochs	2.0
1977.6624185419616	0.08690630000000965	epochs	3.0
1977.7493248419617	0.0852013999999599	epochs	3.0
1977.8345262419616	0.16554640000003928	epochs	2.0
1977.8345262419616	0.08356189999994967	epochs	3.0
1977.9180881419616	0.08198450000008961	epochs	3.0
1978.0000726419617	0.15946710000002895	epochs	2.0
1978.0000726419617	0.08046540000009372	epochs	3.0
1978.0805380419617	0.07900169999993523	epochs	3.0
1978.1595397419617	0.15381840000009106	epochs	2.0
1978.1595397419617	0.07759009999995214	epochs	3.0
1978.2371298419616	0.07622830000013892	epochs	3.0
1978.3133581419618	0.14855639999996129	epochs	2.0
1978.3133581419618	0.07491329999993468	epochs	3.0
1978.3882714419617	0.0736431000000266	epochs	3.0
1978.4619145419617	0.1436423999998624	epochs	2.0
1978.4619145419617	0.07241499999986445	epochs	3.0
1978.5343295419616	0.07122739999999794	epochs	3.0
1978.6055569419616	0.13904309999998077	epochs	2.0
1978.6055569419616	0.07007799999996678	epochs	3.0
1978.6756349419616	0.06896510000001399	epochs	3.0
1978.7446000419616	0.1347293000001173	epochs	2.0
1978.7446000419616	0.0678871000000072	epochs	3.0
1978.8124871419616	0.0668422000001101	epochs	3.0
1978.8793293419617	0.1306752000000415	epochs	2.0
1978.8793293419617	0.06582909999997355	epochs	3.0
1978.9451584419617	0.06484610000006796	epochs	3.0
1979.0100045419617	0.1268577999999252	epochs	2.0
1979.0100045419617	0.06389199999989614	epochs	3.0
1979.0738965419616	0.06296580000002905	epochs	3.0
1979.1368623419617	0.12325719999989815	epochs	2.0
1979.1368623419617	0.06206580000002759	epochs	3.0
1979.1989281419617	0.061191399999870555	epochs	3.0
1979.2601195419616	0.11985540000000583	epochs	2.0
1979.2601195419616	0.060341100000187	epochs	3.0
1979.3204606419617	0.05951429999981883	epochs	3.0
1979.3799749419616	0.11663620000012997	epochs	2.0
1979.3799749419616	0.05870960000015657	epochs	3.0
1979.4386845419617	0.057926599999973405	epochs	3.0
1979.4966111419617	0.11358560000007856	epochs	2.0
1979.4966111419617	0.05716419999998834	epochs	3.0
1979.5537753419617	0.056421400000090216	epochs	3.0
1979.6101967419618	0.11069049999991876	epochs	2.0
1979.6101967419618	0.05569789999981367	epochs	3.0
1979.6658946419616	0.054992600000105085	epochs	3.0
1979.7208872419617	0.1079391000000669	epochs	2.0
1979.7208872419617	0.05430490000003374	epochs	3.0
1979.7751921419617	0.05363420000003316	epochs	3.0
1979.8288263419618	0.10532149999994544	epochs	2.0
1979.8288263419618	0.05297999999993408	epochs	3.0
1979.8818063419617	0.052341500000011365	epochs	3.0
1979.9341478419617	0.10282759999995505	epochs	2.0
1979.9341478419617	0.05171810000001642	epochs	3.0
1979.9858659419617	0.051109499999938635	epochs	3.0
1980.0369754419617	0.10044910000010532	epochs	2.0
1980.0369754419617	0.050514900000052876	epochs	3.0
1980.0874903419617	0.04993420000005244	epochs	3.0
1980.1374245419618	0.0981782999999723	epochs	2.0
1980.1374245419618	0.04936659999998483	epochs	3.0
1980.1867911419617	0.04881169999998747	epochs	3.0
1980.2356028419617	0.09600779999982478	epochs	2.0
1980.2356028419617	0.048269199999822376	epochs	3.0
1980.2838720419616	0.04773860000000241	epochs	3.0
1980.3316106419616	0.09393120000004274	epochs	2.0
1980.3316106419616	0.047219500000210246	epochs	3.0
1980.3788301419618	0.04671169999983249	epochs	3.0
1980.4255418419616	0.09194260000003851	epochs	2.0
1980.4255418419616	0.046214599999984785	epochs	3.0
1980.4717564419616	0.045728000000053726	epochs	3.0
1980.5174844419616	0.09003630000006524	epochs	2.0
1980.5174844419616	0.045251499999949374	epochs	3.0
1980.5627359419616	0.044784800000115865	epochs	3.0
1980.6075207419617	0.08820760000003247	epochs	2.0
1980.6075207419617	0.044327800000019124	epochs	3.0
1980.6518485419617	0.04387980000001335	epochs	3.0
1980.6957283419617	0.0864516999999978	epochs	2.0
1980.6957283419617	0.04344100000002982	epochs	3.0
1980.7391693419618	0.04301069999996798	epochs	3.0
1980.7821800419617	0.08476429999996071	epochs	2.0
1980.7821800419617	0.04258899999990717	epochs	3.0
1980.8247690419616	0.04217530000005354	epochs	3.0
1980.8669443419617	0.08314150000001064	epochs	2.0
1980.8669443419617	0.04176970000003166	epochs	3.0
1980.9087140419617	0.041371799999978975	epochs	3.0
1980.9500858419617	0.08157970000002024	epochs	2.0
1980.9500858419617	0.040981399999964196	epochs	3.0
1980.9910672419617	0.04059830000005604	epochs	3.0
1981.0316655419617	0.08007550000002084	epochs	2.0
1981.0316655419617	0.04022229999986848	epochs	3.0
1981.0718878419616	0.039853200000152356	epochs	3.0
1981.1117410419617	0.07862569999997504	epochs	2.0
1981.1117410419617	0.03949079999983951	epochs	3.0
1981.1512318419616	0.03913490000013553	epochs	3.0
1981.1903667419617	0.07722760000001472	epochs	2.0
1981.1903667419617	0.038785400000051595	epochs	3.0
1981.2291521419618	0.03844219999996312	epochs	3.0
1981.2675943419617	0.07587820000003376	epochs	2.0
1981.2675943419617	0.03810479999992822	epochs	3.0
1981.3056991419617	0.03777340000010554	epochs	3.0
1981.3434725419618	0.07457519999979922	epochs	2.0
1981.3434725419618	0.03744769999980235	epochs	3.0
1981.3809202419616	0.03712749999999687	epochs	3.0
1981.4180477419616	0.07331629999998768	epochs	2.0
1981.4180477419616	0.0368129000000863	epochs	3.0
1981.4548606419617	0.036503399999901376	epochs	3.0
1981.4913640419616	0.07209900000020752	epochs	2.0
1981.4913640419616	0.03619910000020354	epochs	3.0
1981.5275631419618	0.03589990000000398	epochs	3.0
1981.5634630419618	0.07092169999987163	epochs	2.0
1981.5634630419618	0.035605599999826154	epochs	3.0
1981.5990686419616	0.03531610000004548	epochs	3.0
1981.6343847419616	0.06978200000003199	epochs	2.0
1981.6343847419616	0.03503120000004856	epochs	3.0
1981.6694159419617	0.03475079999998343	epochs	3.0
1981.7041667419617	0.06867860000011206	epochs	2.0
1981.7041667419617	0.03447510000000875	epochs	3.0
1981.7386418419617	0.034203500000103304	epochs	3.0
1981.7728453419618	0.06760929999995824	epochs	2.0
1981.7728453419618	0.033936199999970995	epochs	3.0
1981.8067815419618	0.033673099999987244	epochs	3.0
1981.8404546419617	0.06657289999998284	epochs	2.0
1981.8404546419617	0.03341399999999339	epochs	3.0
1981.8738686419617	0.033158899999989444	epochs	3.0
1981.9070275419617	0.06556780000005347	epochs	2.0
1981.9070275419617	0.03290769999989607	epochs	3.0
1981.9399352419616	0.0326601000001574	epochs	3.0
1981.9725953419618	0.06459259999996902	epochs	2.0
1981.9725953419618	0.03241639999987456	epochs	3.0
1982.0050117419617	0.03217620000009447	epochs	3.0
1982.0371879419617	0.06364599999983511	epochs	2.0
1982.0371879419617	0.03193959999998697	epochs	3.0
1982.0691275419617	0.031706399999848145	epochs	3.0
1982.1008339419616	0.0627266999999847	epochs	2.0
1982.1008339419616	0.03147660000013275	epochs	3.0
1982.1323105419617	0.031250099999851955	epochs	3.0
1982.1635606419616	0.06183359999999993	epochs	2.0
1982.1635606419616	0.031026900000142632	epochs	3.0
1982.1945875419617	0.0308066999998573	epochs	3.0
1982.2253942419616	0.06096560000014506	epochs	2.0
1982.2253942419616	0.03058980000014344	epochs	3.0
1982.2559840419617	0.030375800000001618	epochs	3.0
1982.2863598419617	0.06012160000000222	epochs	2.0
1982.2863598419617	0.030164900000045236	epochs	3.0
1982.3165247419618	0.02995669999995698	epochs	3.0
1982.3464814419617	0.05930069999999432	epochs	2.0
1982.3464814419617	0.029751600000054168	epochs	3.0
1982.3762330419618	0.029549099999940154	epochs	3.0
1982.4057821419617	0.05850179999993088	epochs	2.0
1982.4057821419617	0.02934940000000097	epochs	3.0
1982.4351315419617	0.029152399999929912	epochs	3.0
1982.4642839419616	0.05772419999993872	epochs	2.0
1982.4642839419616	0.028958000000102402	epochs	3.0
1982.4932419419617	0.028766199999836317	epochs	3.0
1982.5220081419616	0.05696710000006533	epochs	2.0
1982.5220081419616	0.028577000000041153	epochs	3.0
1982.5505851419616	0.028390100000024177	epochs	3.0
1982.5789752419616	0.05622949999997218	epochs	2.0
1982.5789752419616	0.028205699999944045	epochs	3.0
1982.6071809419616	0.028023800000028132	epochs	3.0
1982.6352047419616	0.05551070000001346	epochs	2.0
1982.6352047419616	0.027843999999959124	epochs	3.0
1982.6630487419616	0.027666700000054334	epochs	3.0
1982.6907154419616	0.054810200000019904	epochs	2.0
1982.6907154419616	0.02749149999999645	epochs	3.0
1982.7182069419616	0.027318700000023455	epochs	3.0
1982.7455256419616	0.05412700000010773	epochs	2.0
1982.7455256419616	0.027147799999966082	epochs	3.0
1982.7726734419616	0.026979200000141645	epochs	3.0
1982.7996526419618	0.053460699999959616	epochs	2.0
1982.7996526419618	0.02681259999985741	epochs	3.0
1982.8264652419616	0.026648100000102204	epochs	3.0
1982.8531133419617	0.05281070000000909	epochs	2.0
1982.8531133419617	0.0264855999998872	epochs	3.0
1982.8795989419616	0.026325100000121893	epochs	3.0
1982.9059240419617	0.052176199999848905	epochs	2.0
1982.9059240419617	0.026166399999965506	epochs	3.0
1982.9320904419617	0.0260097999998834	epochs	3.0
1982.9581002419616	0.051556699999991906	epochs	2.0
1982.9581002419616	0.02585480000016105	epochs	3.0
1982.9839550419617	0.025701899999830857	epochs	3.0
1983.0096569419616	0.05095190000020011	epochs	2.0
1983.0096569419616	0.025550700000167126	epochs	3.0
1983.0352076419617	0.025401200000032986	epochs	3.0
1983.0606088419618	0.050360999999838896	epochs	2.0
1983.0606088419618	0.025253499999962514	epochs	3.0
1983.0858623419617	0.02510749999987638	epochs	3.0
1983.1109698419616	0.04978380000011384	epochs	2.0
1983.1109698419616	0.02496320000000196	epochs	3.0
1983.1359330419616	0.02482060000011188	epochs	3.0
1983.1607536419617	0.04921949999993558	epochs	2.0
1983.1607536419617	0.024679399999968155	epochs	3.0
1983.1854330419617	0.024540099999967424	epochs	3.0
1983.2099731419617	0.04866790000005494	epochs	2.0
1983.2099731419617	0.024402100000088467	epochs	3.0
1983.2343752419617	0.024265799999966475	epochs	3.0
1983.2586410419617	0.048128599999927246	epochs	2.0
1983.2586410419617	0.02413099999989754	epochs	3.0
1983.2827720419616	0.023997600000029706	epochs	3.0
1983.3067696419616	0.047601100000065344	epochs	2.0
1983.3067696419616	0.023865800000066884	epochs	3.0
1983.3306354419617	0.02373529999999846	epochs	3.0
1983.3543707419617	0.04708499999992455	epochs	2.0
1983.3543707419617	0.023606299999983094	epochs	3.0
1983.3779770419617	0.023478699999941455	epochs	3.0
1983.4014557419616	0.046579999999948996	epochs	2.0
1983.4014557419616	0.023352500000100918	epochs	3.0
1983.4248082419617	0.023227499999848078	epochs	3.0
1983.4480357419616	0.046085700000048746	epochs	2.0
1983.4480357419616	0.023104000000103042	epochs	3.0
1983.4711397419617	0.022981699999945704	epochs	3.0
1983.4941214419616	0.045601799999985815	epochs	2.0
1983.4941214419616	0.022860700000137513	epochs	3.0
1983.5169821419618	0.022741099999848302	epochs	3.0
1983.5397232419616	0.04512790000012501	epochs	2.0
1983.5397232419616	0.022622500000125	epochs	3.0
1983.5623457419617	0.02250540000000001	epochs	3.0
1983.5848511419617	0.04466379999985293	epochs	2.0
1983.5848511419617	0.02238929999998618	epochs	3.0
1983.6072404419617	0.022274499999866748	epochs	3.0
1983.6295149419616	0.04420920000006845	epochs	2.0
1983.6295149419616	0.02216080000016518	epochs	3.0
1983.6516757419618	0.022048399999903268	epochs	3.0
1983.6737241419617	0.04376359999992019	epochs	2.0
1983.6737241419617	0.02193689999990056	epochs	3.0
1983.6956610419616	0.021826700000019628	epochs	3.0
1983.7174877419616	0.043327100000169594	epochs	2.0
1983.7174877419616	0.02171760000010181	epochs	3.0
1983.7392053419617	0.021609500000067783	epochs	3.0
1983.7608148419617	0.04289900000003399	epochs	2.0
1983.7608148419617	0.02150249999999687	epochs	3.0
1983.7823173419617	0.021396500000037122	epochs	3.0
1983.8037138419618	0.04247949999989942	epochs	2.0
1983.8037138419618	0.021291699999892444	epochs	3.0
1983.8250055419617	0.021187800000006973	epochs	3.0
1983.8461933419617	0.04206789999989269	epochs	2.0
1983.8461933419617	0.02108490000000529	epochs	3.0
1983.8672782419617	0.020982999999887397	epochs	3.0
1983.8882612419616	0.041664400000172463	epochs	2.0
1983.8882612419616	0.020882200000187368	epochs	3.0
1983.9091434419618	0.020782199999985096	epochs	3.0
1983.9299256419617	0.041268499999887354	epochs	2.0
1983.9299256419617	0.020683299999973315	epochs	3.0
1983.9506089419617	0.02058519999991404	epochs	3.0
1983.9711941419616	0.04088000000001557	epochs	2.0
1983.9711941419616	0.020488099999965925	epochs	3.0
1983.9916822419616	0.020391900000049645	epochs	3.0
1984.0120741419616	0.04049880000002304	epochs	2.0
1984.0120741419616	0.020296599999937825	epochs	3.0
1984.0323707419616	0.020202200000085213	epochs	3.0
1984.0525729419617	0.040124599999899146	epochs	2.0
1984.0525729419617	0.02010870000003706	epochs	3.0
1984.0726816419617	0.020015899999862086	epochs	3.0
1984.0926975419616	0.03975730000001931	epochs	2.0
1984.0926975419616	0.019924200000104975	epochs	3.0
1984.1126217419617	0.01983309999991434	epochs	3.0
1984.1324548419616	0.03939669999999751	epochs	2.0
1984.1324548419616	0.01974300000006224	epochs	3.0
1984.1521978419617	0.01965369999993527	epochs	3.0
1984.1718515419616	0.03904239999997117	epochs	2.0
1984.1718515419616	0.019565100000136226	epochs	3.0
1984.1914166419617	0.01947729999983494	epochs	3.0
1984.2108939419616	0.038694600000098944	epochs	2.0
1984.2108939419616	0.019390400000020236	epochs	3.0
1984.2302843419616	0.01930420000007871	epochs	3.0
1984.2495885419617	0.03835290000006353	epochs	2.0
1984.2495885419617	0.019218800000089686	epochs	3.0
1984.2688073419617	0.01913409999997384	epochs	3.0
1984.2879414419617	0.03801720000001296	epochs	2.0
1984.2879414419617	0.019050200000037876	epochs	3.0
1984.3069916419618	0.018966999999975087	epochs	3.0
1984.3259586419617	0.03768719999993664	epochs	2.0
1984.3259586419617	0.01888450000001285	epochs	3.0
1984.3448431419617	0.01880269999992379	epochs	3.0
1984.3636458419617	0.03736309999999321	epochs	2.0
1984.3636458419617	0.018721700000014607	epochs	3.0
1984.3823675419617	0.018641399999978603	epochs	3.0
1984.4010089419617	0.03704429999993408	epochs	2.0
1984.4010089419617	0.018561600000111866	epochs	3.0
1984.4195705419618	0.018482699999822216	epochs	3.0
1984.4380532419616	0.036731000000145286	epochs	2.0
1984.4380532419616	0.01840430000015658	epochs	3.0
1984.4564575419618	0.018326699999988705	epochs	3.0
1984.4747842419617	0.03642289999993409	epochs	2.0
1984.4747842419617	0.018249599999990096	epochs	3.0
1984.4930338419617	0.018173299999943993	epochs	3.0
1984.5112071419617	0.03612010000006194	epochs	2.0
1984.5112071419617	0.01809759999991911	epochs	3.0
1984.5293047419616	0.018022500000142827	epochs	3.0
1984.5473272419617	0.03582209999990482	epochs	2.0
1984.5473272419617	0.01794789999985369	epochs	3.0
1984.5652751419616	0.017874200000051133	epochs	3.0
1984.5831493419616	0.03552899999999681	epochs	2.0
1984.5831493419616	0.017800800000031813	epochs	3.0
1984.6009501419617	0.017728199999965	epochs	3.0
1984.6186783419616	0.03524070000003121	epochs	2.0
1984.6186783419616	0.017656100000067454	epochs	3.0
1984.6363344419617	0.017584599999963757	epochs	3.0
1984.6539190419617	0.03495709999992869	epochs	2.0
1984.6539190419617	0.017513700000108656	epochs	3.0
1984.6714327419618	0.01744339999982003	epochs	3.0
1984.6888761419616	0.03467790000013338	epochs	2.0
1984.6888761419616	0.01737360000015542	epochs	3.0
1984.7062497419618	0.017304299999977957	epochs	3.0
1984.7235540419617	0.03440329999989444	epochs	2.0
1984.7235540419617	0.017235699999901044	epochs	3.0
1984.7407897419616	0.0171675999999934	epochs	3.0
1984.7579573419616	0.03413279999995211	epochs	2.0
1984.7579573419616	0.01709989999994832	epochs	3.0
1984.7750572419616	0.017032900000003792	epochs	3.0
1984.7920901419616	0.03386670000008962	epochs	2.0
1984.7920901419616	0.01696640000000116	epochs	3.0
1984.8090565419616	0.016900300000088464	epochs	3.0
1984.8259568419617	0.03360459999998966	epochs	2.0
1984.8259568419617	0.01683479999996962	epochs	3.0
1984.8427916419616	0.01676980000002004	epochs	3.0
1984.8595614419617	0.033346599999958926	epochs	2.0
1984.8595614419617	0.016705300000012357	epochs	3.0
1984.8762667419617	0.01664129999994657	epochs	3.0
1984.8929080419616	0.03309250000006614	epochs	2.0
1984.8929080419616	0.016577800000050047	epochs	3.0
1984.9094858419617	0.01651470000001609	epochs	3.0
1984.9260005419617	0.032842300000083924	epochs	2.0
1984.9260005419617	0.01645220000000336	epochs	3.0
1984.9424527419617	0.016390100000080565	epochs	3.0
1984.9588428419618	0.03259570000000167	epochs	2.0
1984.9588428419618	0.016328399999792964	epochs	3.0
1984.9751712419616	0.016267300000208706	epochs	3.0
1984.9914385419618	0.032352899999978035	epochs	2.0
1984.9914385419618	0.016206599999804894	epochs	3.0
1985.0076451419616	0.01614630000017314	epochs	3.0
1985.0237914419617	0.03211369999985436	epochs	2.0
1985.0237914419617	0.01608659999988049	epochs	3.0
1985.0398780419616	0.01602709999997387	epochs	3.0
1985.0559051419616	0.03187800000000607	epochs	2.0
1985.0559051419616	0.015968200000088473	epochs	3.0
1985.0718733419617	0.015909799999917595	epochs	3.0
1985.0877831419616	0.03164570000012645	epochs	2.0
1985.0877831419616	0.01585160000013275	epochs	3.0
1985.1036347419617	0.015794099999993705	epochs	3.0
1985.1194288419617	0.031416699999908815	epochs	2.0
1985.1194288419617	0.01573669999993399	epochs	3.0
1985.1351655419617	0.015679999999974825	epochs	3.0
1985.1508455419616	0.031191100000114602	epochs	2.0
1985.1508455419616	0.015623600000026272	epochs	3.0
1985.1664691419617	0.01556750000008833	epochs	3.0
1985.1820366419618	0.030968699999903038	epochs	2.0
1985.1820366419618	0.015511999999944237	epochs	3.0
1985.1975486419617	0.0154566999999588	epochs	3.0
1985.2130053419617	0.030749499999956242	epochs	2.0
1985.2130053419617	0.015401999999994587	epochs	3.0
1985.2284073419617	0.015347499999961656	epochs	3.0
1985.2437548419616	0.03053320000003623	epochs	2.0
1985.2437548419616	0.015293400000018664	epochs	3.0
1985.2590482419616	0.015239800000017567	epochs	3.0
1985.2742880419617	0.030320099999926242	epochs	2.0
1985.2742880419617	0.015186500000027081	epochs	3.0
1985.2894745419617	0.015133599999899161	epochs	3.0
1985.3046081419616	0.03010990000007041	epochs	2.0
1985.3046081419616	0.015081000000009226	epochs	3.0
1985.3196891419616	0.015028900000061185	epochs	3.0
1985.3347180419617	0.029902499999934662	epochs	2.0
1985.3347180419617	0.014977000000044427	epochs	3.0
1985.3496950419617	0.014925499999890235	epochs	3.0
1985.3646205419616	0.0296981000001324	epochs	2.0
1985.3646205419616	0.014874400000053356	epochs	3.0
1985.3794949419616	0.014823700000079043	epochs	3.0
1985.3943186419617	0.029496299999891562	epochs	2.0
1985.3943186419617	0.014773200000036013	epochs	3.0
1985.4090918419618	0.014723099999855549	epochs	3.0
1985.4238149419616	0.029297400000132257	epochs	2.0
1985.4238149419616	0.014673399999992398	epochs	3.0
1985.4384883419616	0.014624000000139858	epochs	3.0
1985.4531123419617	0.029101099999934377	epochs	2.0
1985.4531123419617	0.014574899999843183	epochs	3.0
1985.4676872419616	0.014526200000091194	epochs	3.0
1985.4822134419617	0.028907399999980044	epochs	2.0
1985.4822134419617	0.014477700000043114	epochs	3.0
1985.4966911419617	0.014429699999936929	epochs	3.0
1985.5111208419617	0.028716199999962555	epochs	2.0
1985.5111208419617	0.014381799999910072	epochs	3.0
1985.5255026419616	0.014334400000052483	epochs	3.0
1985.5398370419616	0.02852759999996124	epochs	2.0
1985.5398370419616	0.014287200000126177	epochs	3.0
1985.5541242419617	0.014240399999835063	epochs	3.0
1985.5683646419616	0.028341400000044814	epochs	2.0
1985.5683646419616	0.014193800000157353	epochs	3.0
1985.5825584419617	0.014147599999887461	epochs	3.0
1985.5967060419616	0.028157700000065233	epochs	2.0
1985.5967060419616	0.014101700000082928	epochs	3.0
1985.6108077419617	0.014055999999982305	epochs	3.0
1985.6248637419617	0.027976300000091214	epochs	2.0
1985.6248637419617	0.014010599999892293	epochs	3.0
1985.6388743419616	0.013965700000198922	epochs	3.0
1985.6528400419618	0.027797199999895383	epochs	2.0
1985.6528400419618	0.01392079999982343	epochs	3.0
1985.6667608419616	0.013876400000071953	epochs	3.0
1985.6806372419617	0.027620399999932488	epochs	2.0
1985.6806372419617	0.013832200000024386	epochs	3.0
1985.6944694419617	0.013788199999908102	epochs	3.0
1985.7082576419616	0.027445899999975154	epochs	2.0
1985.7082576419616	0.01374460000010913	epochs	3.0
1985.7220022419617	0.013701299999866023	epochs	3.0
1985.7357035419616	0.0272735000000921	epochs	2.0
1985.7357035419616	0.013658200000008947	epochs	3.0
1985.7493617419616	0.013615300000083153	epochs	3.0
1985.7629770419617	0.027103399999987232	epochs	2.0
1985.7629770419617	0.013572800000019924	epochs	3.0
1985.7765498419617	0.013530599999967308	epochs	3.0
1985.7900804419617	0.02693520000002536	epochs	2.0
1985.7900804419617	0.01348839999991469	epochs	3.0
1985.8035688419616	0.01344680000011067	epochs	3.0
1985.8170156419617	0.026769199999989723	epochs	2.0
1985.8170156419617	0.013405200000079276	epochs	3.0
1985.8304208419618	0.013363999999910448	epochs	3.0
1985.8437848419617	0.026605199999949036	epochs	2.0
1985.8437848419617	0.013322900000048321	epochs	3.0
1985.8571077419617	0.013282299999900715	epochs	3.0
1985.8703900419616	0.026443200000130673	epochs	2.0
1985.8703900419616	0.013241699999980483	epochs	3.0
1985.8836317419616	0.01320150000015019	epochs	3.0
1985.8968332419618	0.026283199999852513	epochs	2.0
1985.8968332419618	0.013161500000023807	epochs	3.0
1985.9099947419618	0.013121699999828706	epochs	3.0
1985.9231164419616	0.02612500000009277	epochs	2.0
1985.9231164419616	0.013082100000019636	epochs	3.0
1985.9361985419616	0.013042900000073132	epochs	3.0
1985.9492414419617	0.025968899999952555	epochs	2.0
1985.9492414419617	0.01300390000005791	epochs	3.0
1985.9622453419618	0.012964999999894644	epochs	3.0
1985.9752103419617	0.025814500000024054	epochs	2.0
1985.9752103419617	0.012926399999969362	epochs	3.0
1985.9881367419616	0.012888100000054692	epochs	3.0
1986.0010248419617	0.025661899999931848	epochs	2.0
1986.0010248419617	0.012849899999991976	epochs	3.0
1986.0138747419617	0.012811999999939871	epochs	3.0
1986.0266867419616	0.025511199999982637	epochs	2.0
1986.0266867419616	0.012774400000125752	epochs	3.0
1986.0394611419617	0.012736799999856885	epochs	3.0
1986.0521979419616	0.025362300000097093	epochs	2.0
1986.0521979419616	0.01269969999998466	epochs	3.0
1986.0648976419616	0.012662600000112434	epochs	3.0
1986.0775602419617	0.025214999999889187	epochs	2.0
1986.0775602419617	0.012625800000023446	epochs	3.0
1986.0901860419617	0.012589199999865741	epochs	3.0
1986.1027752419616	0.02458480000018426	epochs	2.0
1986.1263190419618	0.5	epochs	-1.0
1986.1273600419618	0.5378399999999601	epochs	1.0
1986.6652000419617	0.4620800000000145	epochs	0.0
2022.273000240326	0.12128000000006978	epochs	0.0
2022.273000240326	0.055643299999928786	epochs	1.0
2022.3286435403259	0.009993399999984831	epochs	1.0
2022.3386369403258	0.05564330000015616	epochs	1.0
2022.394360240326	2.0	epochs	0.0
2024.394359240326	0.5	epochs	-1.0
2024.394360240326	5.378479999999854	epochs	0.0
2024.394360240326	1.0	epochs	1.0
2024.894359240326	4.878480999999965	epochs	-1.0
2025.394360240326	4.378479999999854	epochs	1.0
2025.394360240326	4.3567538999998305	epochs	-1.0
2025.394360240326	1.9745871999998599	epochs	2.0
2025.394360240326	1.098562199999833	epochs	3.0
2026.4929224403259	0.8760250000000269	epochs	3.0
2027.3689474403259	1.3524075000000266	epochs	2.0
2027.3689474403259	0.7286355000001095	epochs	3.0
2028.097582940326	0.6237719999999172	epochs	3.0
2028.721354940326	1.029759199999944	epochs	2.0
2028.721354940326	0.5453293000000485	epochs	3.0
2029.266684240326	0.4844298999998955	epochs	3.0
2029.7511141403259	0.021726100000023507	epochs	2.0
2029.7511141403259	0.021726100000023507	epochs	3.0
2029.7728402403259	16.62144000000012	epochs	0.0
2030.5350003242493	0.12128000000006978	epochs	0.0
2030.5350003242493	0.055643299999928786	epochs	1.0
2030.5906436242492	0.009993399999984831	epochs	1.0
2030.6006370242492	0.05564330000015616	epochs	1.0
2030.6563603242494	2.0	epochs	0.0
2032.6563593242493	0.5	epochs	-1.0
2032.6563603242494	21.53800000000001	epochs	0.0
2032.6563603242494	1.0	epochs	1.0
2033.1563593242493	19.99743999999987	epochs	-1.0
2033.6563603242494	20.0	epochs	1.0
2033.6563603242494	4.3567538999998305	epochs	-1.0
2033.6563603242494	1.9745871999998599	epochs	2.0
2033.6563603242494	1.098562199999833	epochs	3.0
2034.7549225242492	0.8760250000000269	epochs	3.0
2035.6309475242492	1.3524075000000266	epochs	2.0
2035.6309475242492	0.7286355000001095	epochs	3.0
2036.3595830242493	0.6237719999999172	epochs	3.0
2036.9833550242492	1.029759199999944	epochs	2.0
2036.9833550242492	0.5453293000000485	epochs	3.0
2037.5286843242493	0.4844298999998955	epochs	3.0
2038.0131142242492	0.8317862000001242	epochs	2.0
2038.0131142242492	0.4357763000000432	epochs	3.0
2038.4488905242492	0.39600990000008096	epochs	3.0
2038.8449004242493	0.6977970000000369	epochs	2.0
2038.8449004242493	0.3628982000000178	epochs	3.0
2039.2077986242493	0.33489880000001904	epochs	3.0
2039.5426974242494	0.601045699999986	epochs	2.0
2039.5426974242494	0.3109122999999272	epochs	3.0
2039.8536097242493	0.2901334000000588	epochs	3.0
2040.1437431242493	0.5278859000000011	epochs	2.0
2040.1437431242493	0.2719585999998344	epochs	3.0
2040.4157017242492	0.2559273000001667	epochs	3.0
2040.6716290242493	0.470619299999953	epochs	2.0
2040.6716290242493	0.241681299999982	epochs	3.0
2040.9133103242493	0.228937999999971	epochs	3.0
2041.1422483242493	0.42457039999999324	epochs	2.0
2041.1422483242493	0.21747140000002219	epochs	3.0
2041.3597197242493	0.20709899999997106	epochs	3.0
2041.5668187242493	0.3867353999999068	epochs	2.0
2041.5668187242493	0.19767109999997956	epochs	3.0
2041.7644898242493	0.18906429999992724	epochs	3.0
2041.9535541242492	0.35509530000013	epochs	2.0
2041.9535541242492	0.18117589999997108	epochs	3.0
2042.1347300242492	0.17391940000015893	epochs	3.0
2042.3086494242493	0.3282431000000088	epochs	2.0
2042.3086494242493	0.16722189999995862	epochs	3.0
2042.4758713242493	0.16102120000005016	epochs	3.0
2042.6368925242493	0.3051679999998669	epochs	2.0
2042.6368925242493	0.15526389999990897	epochs	3.0
2042.7921564242492	0.1499040999999579	epochs	3.0
2042.9420605242492	0.28512530000011793	epochs	2.0
2042.9420605242492	0.1449021000000812	epochs	3.0
2043.0869626242493	0.14022320000003674	epochs	3.0
2043.2271858242493	0.2675537999998596	epochs	2.0
2043.2271858242493	0.1358368999999584	epochs	3.0
2043.3630227242493	0.13171689999990122	epochs	3.0
2043.4947396242492	0.25202290000015637	epochs	2.0
2043.4947396242492	0.1278393000000051	epochs	3.0
2043.6225789242492	0.12418360000015127	epochs	3.0
2043.7467625242493	0.23819649999995818	epochs	2.0
2043.7467625242493	0.1207310999998299	epochs	3.0
2043.8674936242492	0.11746540000012828	epochs	3.0
2043.9849590242493	0.22580879999986792	epochs	2.0
2043.9849590242493	0.1143718999999237	epochs	3.0
2044.0993309242492	0.11143689999994422	epochs	3.0
2044.2107678242492	0.2146460000001298	epochs	2.0
2044.2107678242492	0.10864890000016203	epochs	3.0
2044.3194167242493	0.10599709999996776	epochs	3.0
2044.4254138242493	0.20453500000007807	epochs	2.0
2044.4254138242493	0.10347150000006877	epochs	3.0
2044.5288853242494	0.1010635000000093	epochs	3.0
2044.6299488242494	0.19533400000000256	epochs	2.0
2044.6299488242494	0.09876509999980954	epochs	3.0
2044.7287139242492	0.09656890000019303	epochs	3.0
2044.8252828242494	0.18692529999998442	epochs	2.0
2044.8252828242494	0.09446829999978945	epochs	3.0
2044.9197511242492	0.09245700000019497	epochs	3.0
2045.0122081242494	0.17921069999988504	epochs	2.0
2045.0122081242494	0.09052959999985433	epochs	3.0
2045.1027377242492	0.08868110000003071	epochs	3.0
2045.1914188242492	0.17210769999996955	epochs	2.0
2045.1914188242492	0.08690630000000965	epochs	3.0
2045.2783251242492	0.0852013999999599	epochs	3.0
2045.3635265242492	0.16554640000003928	epochs	2.0
2045.3635265242492	0.08356189999994967	epochs	3.0
2045.4470884242492	0.08198450000008961	epochs	3.0
2045.5290729242492	0.15946710000002895	epochs	2.0
2045.5290729242492	0.08046540000009372	epochs	3.0
2045.6095383242493	0.07900169999993523	epochs	3.0
2045.6885400242493	0.15381840000009106	epochs	2.0
2045.6885400242493	0.07759009999995214	epochs	3.0
2045.7661301242492	0.07622830000013892	epochs	3.0
2045.8423584242494	0.14855639999996129	epochs	2.0
2045.8423584242494	0.07491329999993468	epochs	3.0
2045.9172717242493	0.0736431000000266	epochs	3.0
2045.9909148242493	0.1436423999998624	epochs	2.0
2045.9909148242493	0.07241499999986445	epochs	3.0
2046.0633298242492	0.07122739999999794	epochs	3.0
2046.1345572242492	0.13904309999998077	epochs	2.0
2046.1345572242492	0.07007799999996678	epochs	3.0
2046.2046352242492	0.06896510000001399	epochs	3.0
2046.2736003242492	0.1347293000001173	epochs	2.0
2046.2736003242492	0.0678871000000072	epochs	3.0
2046.3414874242492	0.0668422000001101	epochs	3.0
2046.4083296242493	0.1306752000000415	epochs	2.0
2046.4083296242493	0.06582909999997355	epochs	3.0
2046.4741587242493	0.06484610000006796	epochs	3.0
2046.5390048242493	0.1268577999999252	epochs	2.0
2046.5390048242493	0.06389199999989614	epochs	3.0
2046.6028968242492	0.06296580000002905	epochs	3.0
2046.6658626242493	0.12325719999989815	epochs	2.0
2046.6658626242493	0.06206580000002759	epochs	3.0
2046.7279284242493	0.061191399999870555	epochs	3.0
2046.7891198242492	0.11985540000000583	epochs	2.0
2046.7891198242492	0.060341100000187	epochs	3.0
2046.8494609242493	0.05951429999981883	epochs	3.0
2046.9089752242492	0.11663620000012997	epochs	2.0
2046.9089752242492	0.05870960000015657	epochs	3.0
2046.9676848242493	0.057926599999973405	epochs	3.0
2047.0256114242493	0.11358560000007856	epochs	2.0
2047.0256114242493	0.05716419999998834	epochs	3.0
2047.0827756242493	0.056421400000090216	epochs	3.0
2047.1391970242494	0.11069049999991876	epochs	2.0
2047.1391970242494	0.05569789999981367	epochs	3.0
2047.1948949242492	0.054992600000105085	epochs	3.0
2047.2498875242493	0.1079391000000669	epochs	2.0
2047.2498875242493	0.05430490000003374	epochs	3.0
2047.3041924242493	0.05363420000003316	epochs	3.0
2047.3578266242494	0.10532149999994544	epochs	2.0
2047.3578266242494	0.05297999999993408	epochs	3.0
2047.4108066242493	0.052341500000011365	epochs	3.0
2047.4631481242493	0.10282759999995505	epochs	2.0
2047.4631481242493	0.05171810000001642	epochs	3.0
2047.5148662242493	0.051109499999938635	epochs	3.0
2047.5659757242493	0.10044910000010532	epochs	2.0
2047.5659757242493	0.050514900000052876	epochs	3.0
2047.6164906242493	0.04993420000005244	epochs	3.0
2047.6664248242494	0.0981782999999723	epochs	2.0
2047.6664248242494	0.04936659999998483	epochs	3.0
2047.7157914242493	0.04881169999998747	epochs	3.0
2047.7646031242493	0.09600779999982478	epochs	2.0
2047.7646031242493	0.048269199999822376	epochs	3.0
2047.8128723242492	0.04773860000000241	epochs	3.0
2047.8606109242492	0.09393120000004274	epochs	2.0
2047.8606109242492	0.047219500000210246	epochs	3.0
2047.9078304242494	0.04671169999983249	epochs	3.0
2047.9545421242492	0.09194260000003851	epochs	2.0
2047.9545421242492	0.046214599999984785	epochs	3.0
2048.000756724249	0.045728000000053726	epochs	3.0
2048.0464847242492	0.09003630000006524	epochs	2.0
2048.0464847242492	0.04525150000017675	epochs	3.0
2048.0917362242494	0.04478479999988849	epochs	3.0
2048.1365210242493	0.0882075999998051	epochs	2.0
2048.1365210242493	0.04432779999979175	epochs	3.0
2048.180848824249	0.04387980000001335	epochs	3.0
2048.224728624249	0.0864516999999978	epochs	2.0
2048.224728624249	0.04344100000025719	epochs	3.0
2048.2681696242494	0.04301069999974061	epochs	3.0
2048.311180324249	0.08476430000018809	epochs	2.0
2048.311180324249	0.04258900000013455	epochs	3.0
2048.3537693242492	0.04217530000005354	epochs	3.0
2048.3959446242493	0.08314149999978326	epochs	2.0
2048.3959446242493	0.04176969999980429	epochs	3.0
2048.437714324249	0.041371799999978975	epochs	3.0
2048.479086124249	0.08157970000002024	epochs	2.0
2048.479086124249	0.040981399999964196	epochs	3.0
2048.520067524249	0.04059830000005604	epochs	3.0
2048.560665824249	0.08007550000002084	epochs	2.0
2048.560665824249	0.040222300000095856	epochs	3.0
2048.600888124249	0.03985319999992498	epochs	3.0
2048.640741324249	0.07862569999997504	epochs	2.0
2048.640741324249	0.03949080000029426	epochs	3.0
2048.6802321242494	0.03913489999968078	epochs	3.0
2048.719367024249	0.07722760000024209	epochs	2.0
2048.719367024249	0.038785400000051595	epochs	3.0
2048.758152424249	0.038442200000190496	epochs	3.0
2048.7965946242493	0.07587819999980638	epochs	2.0
2048.7965946242493	0.03810479999992822	epochs	3.0
2048.8346994242493	0.037773399999878166	epochs	3.0
2048.872472824249	0.07457520000025397	epochs	2.0
2048.872472824249	0.03744770000002973	epochs	3.0
2048.909920524249	0.037127500000224245	epochs	3.0
2048.9470480242494	0.07331629999998768	epochs	2.0
2048.9470480242494	0.03681289999985893	epochs	3.0
2048.9838609242493	0.03650340000012875	epochs	3.0
2049.0203643242494	0.07209899999998015	epochs	2.0
2049.0203643242494	0.03619909999997617	epochs	3.0
2049.0565634242494	0.03589990000000398	epochs	3.0
2049.0924633242494	0.07092169999987163	epochs	2.0
2049.0924633242494	0.03560560000005353	epochs	3.0
2049.1280689242494	0.03531609999981811	epochs	3.0
2049.1633850242492	0.06978200000003199	epochs	2.0
2049.1633850242492	0.03503120000004856	epochs	3.0
2049.1984162242493	0.03475079999998343	epochs	3.0
2049.2331670242493	0.06867860000011206	epochs	2.0
2049.2331670242493	0.03447509999978138	epochs	3.0
2049.267642124249	0.03420350000033068	epochs	3.0
2049.3018456242494	0.06760929999973087	epochs	2.0
2049.3018456242494	0.033936199999970995	epochs	3.0
2049.3357818242494	0.03367309999975987	epochs	3.0
2049.369454924249	0.06657290000021021	epochs	2.0
2049.369454924249	0.03341399999999339	epochs	3.0
2049.402868924249	0.03315890000021682	epochs	3.0
2049.4360278242493	0.06556779999982609	epochs	2.0
2049.4360278242493	0.03290770000012344	epochs	3.0
2049.4689355242494	0.03266009999970265	epochs	3.0
2049.501595624249	0.0645926000001964	epochs	2.0
2049.501595624249	0.032416400000329304	epochs	3.0
2049.5340120242495	0.032176199999867094	epochs	3.0
2049.5661882242493	0.06364600000006249	epochs	2.0
2049.5661882242493	0.03193959999998697	epochs	3.0
2049.5981278242493	0.03170640000007552	epochs	3.0
2049.6298342242494	0.0627266999999847	epochs	2.0
2049.6298342242494	0.031476599999678	epochs	3.0
2049.661310824249	0.0312501000003067	epochs	3.0
2049.6925609242494	0.06183359999977256	epochs	2.0
2049.6925609242494	0.031026899999687885	epochs	3.0
2049.723587824249	0.030806700000084675	epochs	3.0
2049.754394524249	0.06096560000014506	epochs	2.0
2049.754394524249	0.03058980000014344	epochs	3.0
2049.7849843242493	0.030375800000001618	epochs	3.0
2049.8153601242493	0.06012160000000222	epochs	2.0
2049.8153601242493	0.030164899999817862	epochs	3.0
2049.845525024249	0.029956700000184355	epochs	3.0
2049.8754817242493	0.05930069999976695	epochs	2.0
2049.8754817242493	0.029751600000054168	epochs	3.0
2049.9052333242494	0.02954909999971278	epochs	3.0
2049.934782424249	0.058501800000158255	epochs	2.0
2049.934782424249	0.029349400000228343	epochs	3.0
2049.9641318242493	0.029152399999929912	epochs	3.0
2049.9932842242492	0.05772419999993872	epochs	2.0
2049.9932842242492	0.028957999999875028	epochs	3.0
2050.022242224249	0.02876620000006369	epochs	3.0
2050.051008424249	0.0569671000002927	epochs	2.0
2050.051008424249	0.028577000000041153	epochs	3.0
2050.079585424249	0.02839010000025155	epochs	3.0
2050.1079755242495	0.05622949999997218	epochs	2.0
2050.1079755242495	0.028205699999944045	epochs	3.0
2050.1361812242494	0.028023800000028132	epochs	3.0
2050.1642050242494	0.05551070000001346	epochs	2.0
2050.1642050242494	0.02784399999973175	epochs	3.0
2050.192049024249	0.027666700000281708	epochs	3.0
2050.2197157242495	0.05481019999979253	epochs	2.0
2050.2197157242495	0.02749149999999645	epochs	3.0
2050.2472072242495	0.02731869999979608	epochs	3.0
2050.2745259242492	0.054126999999880354	epochs	2.0
2050.2745259242492	0.027147799999966082	epochs	3.0
2050.301673724249	0.026979199999914272	epochs	3.0
2050.328652924249	0.053460699999959616	epochs	2.0
2050.328652924249	0.026812600000084785	epochs	3.0
2050.355465524249	0.02664809999987483	epochs	3.0
2050.382113624249	0.05281070000000909	epochs	2.0
2050.382113624249	0.026485600000341947	epochs	3.0
2050.4085992242494	0.026325099999667145	epochs	3.0
2050.434924324249	0.05217620000030365	epochs	2.0
2050.434924324249	0.026166399999965506	epochs	3.0
2050.461090724249	0.026009800000338146	epochs	3.0
2050.4871005242494	0.05155669999976453	epochs	2.0
2050.4871005242494	0.0258547999997063	epochs	3.0
2050.512955324249	0.02570190000005823	epochs	3.0
2050.538657224249	0.05095190000020011	epochs	2.0
2050.538657224249	0.025550700000167126	epochs	3.0
2050.5642079242493	0.025401200000032986	epochs	3.0
2050.5896091242494	0.05036100000006627	epochs	2.0
2050.5896091242494	0.025253499999962514	epochs	3.0
2050.6148626242493	0.025107500000103755	epochs	3.0
2050.6399701242494	0.049783799999659095	epochs	2.0
2050.6399701242494	0.02496320000000196	epochs	3.0
2050.6649333242494	0.024820599999657134	epochs	3.0
2050.689753924249	0.04921950000016295	epochs	2.0
2050.689753924249	0.024679399999968155	epochs	3.0
2050.714433324249	0.024540100000194798	epochs	3.0
2050.7389734242493	0.04866790000005494	epochs	2.0
2050.7389734242493	0.024402099999861093	epochs	3.0
2050.763375524249	0.02426580000019385	epochs	3.0
2050.7876413242493	0.048128599999927246	epochs	2.0
2050.7876413242493	0.024131000000124914	epochs	3.0
2050.8117723242494	0.023997599999802333	epochs	3.0
2050.8357699242492	0.047601100000065344	epochs	2.0
2050.8357699242492	0.02386579999983951	epochs	3.0
2050.859635724249	0.023735300000225834	epochs	3.0
2050.8833710242493	0.04708500000015192	epochs	2.0
2050.8833710242493	0.02360629999975572	epochs	3.0
2050.906977324249	0.023478700000396202	epochs	3.0
2050.9304560242495	0.04657999999972162	epochs	2.0
2050.9304560242495	0.023352499999873544	epochs	3.0
2050.9538085242493	0.023227499999848078	epochs	3.0
2050.977036024249	0.04608570000027612	epochs	2.0
2050.977036024249	0.02310399999987567	epochs	3.0
2051.000140024249	0.02298170000040045	epochs	3.0
2051.0231217242494	0.045601799999985815	epochs	2.0
2051.0231217242494	0.02286069999991014	epochs	3.0
2051.0459824242494	0.022741100000075676	epochs	3.0
2051.0687235242494	0.045127899999897636	epochs	2.0
2051.0687235242494	0.022622499999670254	epochs	3.0
2051.091346024249	0.022505400000227382	epochs	3.0
2051.1138514242493	0.04466379999985293	epochs	2.0
2051.1138514242493	0.022389299999758805	epochs	3.0
2051.136240724249	0.022274500000094122	epochs	3.0
2051.158515224249	0.04420920000029582	epochs	2.0
2051.158515224249	0.02216080000016518	epochs	3.0
2051.1806760242494	0.02204840000013064	epochs	3.0
2051.2027244242495	0.043763599999692815	epochs	2.0
2051.2027244242495	0.021936899999673187	epochs	3.0
2051.224661324249	0.021826700000019628	epochs	3.0
2051.246488024249	0.043327100000169594	epochs	2.0
2051.246488024249	0.02171760000010181	epochs	3.0
2051.2682056242493	0.021609500000067783	epochs	3.0
2051.2898151242493	0.04289900000003399	epochs	2.0
2051.2898151242493	0.021502499999769498	epochs	3.0
2051.311317624249	0.021396500000264496	epochs	3.0
2051.3327141242494	0.04247949999989942	epochs	2.0
2051.3327141242494	0.021291699999892444	epochs	3.0
2051.3540058242493	0.021187800000006973	epochs	3.0
2051.3751936242493	0.04206789999989269	epochs	2.0
2051.3751936242493	0.02108490000000529	epochs	3.0
2051.3962785242493	0.020982999999887397	epochs	3.0
2051.417261524249	0.041664400000172463	epochs	2.0
2051.417261524249	0.020882199999959994	epochs	3.0
2051.438143724249	0.02078220000021247	epochs	3.0
2051.4589259242493	0.04126850000011473	epochs	2.0
2051.4589259242493	0.02068329999974594	epochs	3.0
2051.479609224249	0.020585200000368786	epochs	3.0
2051.5001944242495	0.04088000000001557	epochs	2.0
2051.5001944242495	0.020488099999965925	epochs	3.0
2051.5206825242494	0.020391900000049645	epochs	3.0
2051.5410744242495	0.04049879999956829	epochs	2.0
2051.5410744242495	0.020296599999710452	epochs	3.0
2051.561371024249	0.02020219999985784	epochs	3.0
2051.581573224249	0.04012460000012652	epochs	2.0
2051.581573224249	0.02010870000003706	epochs	3.0
2051.601681924249	0.02001590000008946	epochs	3.0
2051.621697824249	0.03975730000001931	epochs	2.0
2051.621697824249	0.0199241999998776	epochs	3.0
2051.641622024249	0.019833100000141712	epochs	3.0
2051.661455124249	0.03939669999999751	epochs	2.0
2051.661455124249	0.019743000000289612	epochs	3.0
2051.6811981242495	0.019653699999707896	epochs	3.0
2051.700851824249	0.03904240000019854	epochs	2.0
2051.700851824249	0.019565099999908853	epochs	3.0
2051.720416924249	0.019477300000289688	epochs	3.0
2051.7398942242494	0.03869459999987157	epochs	2.0
2051.7398942242494	0.019390399999792862	epochs	3.0
2051.759284624249	0.01930420000007871	epochs	3.0
2051.7785888242493	0.03835290000006353	epochs	2.0
2051.7785888242493	0.019218800000089686	epochs	3.0
2051.7978076242493	0.01913409999997384	epochs	3.0
2051.8169417242493	0.03801720000001296	epochs	2.0
2051.8169417242493	0.019050200000037876	epochs	3.0
2051.8359919242494	0.018966999999975087	epochs	3.0
2051.8549589242493	0.037687199999709264	epochs	2.0
2051.8549589242493	0.018884499999785476	epochs	3.0
2051.873843424249	0.01880269999992379	epochs	3.0
2051.892646124249	0.037363100000220584	epochs	2.0
2051.892646124249	0.01872170000024198	epochs	3.0
2051.9113678242493	0.018641399999978603	epochs	3.0
2051.9300092242493	0.037044300000161456	epochs	2.0
2051.9300092242493	0.018561599999884493	epochs	3.0
2051.948570824249	0.018482700000276964	epochs	3.0
2051.9670535242494	0.03673099999969054	epochs	2.0
2051.9670535242494	0.018404299999929208	epochs	3.0
2051.9854578242494	0.01832669999976133	epochs	3.0
2052.003784524249	0.03642290000016146	epochs	2.0
2052.003784524249	0.01824960000021747	epochs	3.0
2052.0220341242493	0.018173299999943993	epochs	3.0
2052.0402074242493	0.03612010000006194	epochs	2.0
2052.0402074242493	0.018097600000146485	epochs	3.0
2052.0583050242494	0.018022499999915453	epochs	3.0
2052.0763275242493	0.035822100000132195	epochs	2.0
2052.0763275242493	0.01794789999985369	epochs	3.0
2052.094275424249	0.017874200000278506	epochs	3.0
2052.1121496242495	0.03552899999976944	epochs	2.0
2052.1121496242495	0.01780079999980444	epochs	3.0
2052.1299504242493	0.017728199999965	epochs	3.0
2052.1476786242492	0.03524070000003121	epochs	2.0
2052.1476786242492	0.01765609999984008	epochs	3.0
2052.165334724249	0.01758460000019113	epochs	3.0
2052.1829193242493	0.03495710000015606	epochs	2.0
2052.1829193242493	0.017513700000108656	epochs	3.0
2052.2004330242494	0.017443400000047404	epochs	3.0
2052.2178764242494	0.03467789999967863	epochs	2.0
2052.2178764242494	0.017373599999700673	epochs	3.0
2052.235250024249	0.017304299999977957	epochs	3.0
2052.252554324249	0.03440330000012182	epochs	2.0
2052.252554324249	0.017235700000128418	epochs	3.0
2052.2697900242492	0.0171675999999934	epochs	3.0
2052.286957624249	0.03413279999995211	epochs	2.0
2052.286957624249	0.017099900000175694	epochs	3.0
2052.3040575242494	0.01703289999977642	epochs	3.0
2052.321090424249	0.03386670000008962	epochs	2.0
2052.321090424249	0.01696640000000116	epochs	3.0
2052.338056824249	0.016900300000088464	epochs	3.0
2052.3549571242493	0.03360460000021703	epochs	2.0
2052.3549571242493	0.016834800000196992	epochs	3.0
2052.3717919242495	0.01676980000002004	epochs	3.0
2052.3885617242495	0.03334659999973155	epochs	2.0
2052.3885617242495	0.01670529999955761	epochs	3.0
2052.405267024249	0.016641300000173942	epochs	3.0
2052.421908324249	0.033092499999838765	epochs	2.0
2052.421908324249	0.016577800000050047	epochs	3.0
2052.4384861242493	0.016514699999788718	epochs	3.0
2052.455000824249	0.032842300000083924	epochs	2.0
2052.455000824249	0.01645220000000336	epochs	3.0
2052.471453024249	0.016390100000080565	epochs	3.0
2052.487843124249	0.03259570000000167	epochs	2.0
2052.487843124249	0.016328400000020338	epochs	3.0
2052.504171524249	0.016267299999981333	epochs	3.0
2052.520438824249	0.03235290000020541	epochs	2.0
2052.520438824249	0.01620660000025964	epochs	3.0
2052.5366454242494	0.016146299999945768	epochs	3.0
2052.5527917242493	0.032113700000081735	epochs	2.0
2052.5527917242493	0.016086600000107865	epochs	3.0
2052.5688783242495	0.01602709999997387	epochs	3.0
2052.5849054242494	0.031877999999778694	epochs	2.0
2052.5849054242494	0.0159681999998611	epochs	3.0
2052.6008736242493	0.015909799999917595	epochs	3.0
2052.616783424249	0.03164569999989908	epochs	2.0
2052.616783424249	0.01585160000013275	epochs	3.0
2052.6326350242493	0.01579409999976633	epochs	3.0
2052.648429124249	0.03141670000013619	epochs	2.0
2052.648429124249	0.015736700000161363	epochs	3.0
2052.6641658242493	0.015679999999974825	epochs	3.0
2052.6798458242492	0.03119109999988723	epochs	2.0
2052.6798458242492	0.015623600000253646	epochs	3.0
2052.6954694242495	0.015567499999633583	epochs	3.0
2052.711036924249	0.030968700000357785	epochs	2.0
2052.711036924249	0.015511999999944237	epochs	3.0
2052.726548924249	0.015456700000413548	epochs	3.0
2052.7420056242495	0.03074949999972887	epochs	2.0
2052.7420056242495	0.015401999999994587	epochs	3.0
2052.7574076242495	0.015347499999734282	epochs	3.0
2052.772755124249	0.030533200000263605	epochs	2.0
2052.772755124249	0.015293400000246038	epochs	3.0
2052.7880485242495	0.015239800000017567	epochs	3.0
2052.8032883242495	0.03032009999969887	epochs	2.0
2052.8032883242495	0.015186499999799707	epochs	3.0
2052.8184748242493	0.015133599999899161	epochs	3.0
2052.833608424249	0.030109900000297785	epochs	2.0
2052.833608424249	0.015081000000009226	epochs	3.0
2052.848689424249	0.015028900000288559	epochs	3.0
2052.8637183242495	0.029902499999934662	epochs	2.0
2052.8637183242495	0.014976999999817053	epochs	3.0
2052.8786953242493	0.014925500000117609	epochs	3.0
2052.8936208242494	0.029698099999677652	epochs	2.0
2052.8936208242494	0.014874399999825982	epochs	3.0
2052.9084952242492	0.01482369999985167	epochs	3.0
2052.923318924249	0.029496300000118936	epochs	2.0
2052.923318924249	0.014773200000036013	epochs	3.0
2052.938092124249	0.014723100000082923	epochs	3.0
2052.952815224249	0.029297399999904883	epochs	2.0
2052.952815224249	0.014673399999992398	epochs	3.0
2052.967488624249	0.014623999999912485	epochs	3.0
2052.982112624249	0.029101099999934377	epochs	2.0
2052.982112624249	0.01457490000029793	epochs	3.0
2052.9966875242494	0.014526199999636447	epochs	3.0
2053.011213724249	0.028907400000207417	epochs	2.0
2053.011213724249	0.014477700000043114	epochs	3.0
2053.025691424249	0.014429700000164303	epochs	3.0
2053.0401211242493	0.028716199999962555	epochs	2.0
2053.0401211242493	0.014381800000137446	epochs	3.0
2053.0545029242494	0.01433439999982511	epochs	3.0
2053.068837324249	0.02852759999996124	epochs	2.0
2053.068837324249	0.014287200000126177	epochs	3.0
2053.0831245242493	0.014240399999835063	epochs	3.0
2053.097364924249	0.028341400000044814	epochs	2.0
2053.097364924249	0.014193800000157353	epochs	3.0
2053.1115587242493	0.014147599999887461	epochs	3.0
2053.125706324249	0.028157700000065233	epochs	2.0
2053.125706324249	0.014101700000082928	epochs	3.0
2053.1398080242493	0.014055999999982305	epochs	3.0
2053.1538640242493	0.02797629999986384	epochs	2.0
2053.1538640242493	0.014010599999892293	epochs	3.0
2053.167874624249	0.013965699999971548	epochs	3.0
2053.181840324249	0.027797199999895383	epochs	2.0
2053.181840324249	0.013920800000050804	epochs	3.0
2053.195761124249	0.01387639999984458	epochs	3.0
2053.209637524249	0.02762040000015986	epochs	2.0
2053.209637524249	0.01383220000025176	epochs	3.0
2053.2234697242493	0.013788199999908102	epochs	3.0
2053.237257924249	0.027445900000202528	epochs	2.0
2053.237257924249	0.013744599999881757	epochs	3.0
2053.251002524249	0.01370130000032077	epochs	3.0
2053.2647038242494	0.027273499999864725	epochs	2.0
2053.2647038242494	0.013658200000008947	epochs	3.0
2053.2783620242494	0.013615299999855779	epochs	3.0
2053.2919773242493	0.027103400000214606	epochs	2.0
2053.2919773242493	0.013572800000019924	epochs	3.0
2053.3055501242493	0.013530600000194681	epochs	3.0
2053.3190807242495	0.026935199999570614	epochs	2.0
2053.3190807242495	0.01348839999991469	epochs	3.0
2053.3325691242494	0.013446799999655923	epochs	3.0
2053.346015924249	0.026769200000217097	epochs	2.0
2053.346015924249	0.01340520000030665	epochs	3.0
2053.3594211242494	0.013363999999910448	epochs	3.0
2053.3727851242493	0.02660520000017641	epochs	2.0
2053.3727851242493	0.013322899999820947	epochs	3.0
2053.386108024249	0.013282300000355463	epochs	3.0
2053.3993903242495	0.0264431999999033	epochs	2.0
2053.3993903242495	0.013241699999980483	epochs	3.0
2053.4126320242494	0.013201499999922817	epochs	3.0
2053.4258335242494	0.026283199999852513	epochs	2.0
2053.4258335242494	0.013161500000023807	epochs	3.0
2053.4389950242494	0.013121699999828706	epochs	3.0
2053.452116724249	0.026124999999865395	epochs	2.0
2053.452116724249	0.01308210000024701	epochs	3.0
2053.4651988242495	0.013042899999618385	epochs	3.0
2053.478241724249	0.025968900000407302	epochs	2.0
2053.478241724249	0.01300390000005791	epochs	3.0
2053.491245624249	0.012965000000349391	epochs	3.0
2053.5042106242495	0.02581449999979668	epochs	2.0
2053.5042106242495	0.012926399999741989	epochs	3.0
2053.517137024249	0.012888100000054692	epochs	3.0
2053.5300251242493	0.02566190000015922	epochs	2.0
2053.5300251242493	0.012849899999764602	epochs	3.0
2053.542875024249	0.012812000000394619	epochs	3.0
2053.5556870242494	0.025511199999982637	epochs	2.0
2053.5556870242494	0.012774399999671004	epochs	3.0
2053.568461424249	0.012736800000311632	epochs	3.0
2053.5811982242494	0.02536229999986972	epochs	2.0
2053.5811982242494	0.012699699999757286	epochs	3.0
2053.593897924249	0.012662600000112434	epochs	3.0
2053.6065605242493	0.02521500000011656	epochs	2.0
2053.6065605242493	0.012625800000023446	epochs	3.0
2053.6191863242493	0.012589200000093115	epochs	3.0
2053.6317755242494	0.024584799999956886	epochs	2.0
2053.653799324249	0.5	epochs	-1.0
2053.6563603242494	0.5380000000000109	epochs	1.0
2054.1943603242494	0.4619199999997363	epochs	0.0
2054.9900002479553	0.1212799999998424	epochs	0.0
2054.9900002479553	0.05564330000015616	epochs	1.0
2055.0456435479555	0.009993399999984831	epochs	1.0
2055.0556369479555	0.05564329999970141	epochs	1.0
2055.1113602479554	2.0	epochs	0.0
2057.1113592479555	0.5	epochs	-1.0
2057.1113602479554	21.498160000000098	epochs	0.0
2057.1113602479554	1.0	epochs	1.0
2057.6113592479555	19.997439999999642	epochs	-1.0
2058.1113602479554	20.0	epochs	1.0
2058.1113602479554	4.356753900000058	epochs	-1.0
2058.1113602479554	1.9745871999998599	epochs	2.0
2058.1113602479554	1.098562199999833	epochs	3.0
2059.2099224479553	0.8760250000000269	epochs	3.0
2060.0859474479553	1.3524075000000266	epochs	2.0
2060.0859474479553	0.7286355000001095	epochs	3.0
2060.8145829479554	0.6237719999999172	epochs	3.0
2061.4383549479553	1.0297592000001714	epochs	2.0
2061.4383549479553	0.5453293000000485	epochs	3.0
2061.9836842479554	0.48442990000012287	epochs	3.0
2062.4681141479555	0.8317861999998968	epochs	2.0
2062.4681141479555	0.4357762999998158	epochs	3.0
2062.9038904479553	0.39600990000008096	epochs	3.0
2063.2999003479554	0.6977969999998095	epochs	2.0
2063.2999003479554	0.3628982000000178	epochs	3.0
2063.6627985479554	0.33489879999979166	epochs	3.0
2063.997697347955	0.6010457000002134	epochs	2.0
2063.997697347955	0.3109122999999272	epochs	3.0
2064.308609647955	0.2901334000002862	epochs	3.0
2064.5987430479554	0.5278859000000011	epochs	2.0
2064.5987430479554	0.2719585999998344	epochs	3.0
2064.8707016479552	0.2559273000001667	epochs	3.0
2065.1266289479554	0.4706192999997256	epochs	2.0
2065.1266289479554	0.241681299999982	epochs	3.0
2065.3683102479554	0.22893799999974362	epochs	3.0
2065.597248247955	0.42457039999999324	epochs	2.0
2065.597248247955	0.21747140000024956	epochs	3.0
2065.8147196479554	0.20709899999974368	epochs	3.0
2066.021818647955	0.38673540000036155	epochs	2.0
2066.021818647955	0.19767110000020693	epochs	3.0
2066.2194897479553	0.18906430000015462	epochs	3.0
2066.4085540479555	0.35509529999990264	epochs	2.0
2066.4085540479555	0.1811758999997437	epochs	3.0
2066.589729947955	0.17391940000015893	epochs	3.0
2066.7636493479554	0.3282430999997814	epochs	2.0
2066.7636493479554	0.16722189999973125	epochs	3.0
2066.930871247955	0.16102120000005016	epochs	3.0
2067.091892447955	0.3051680000003216	epochs	2.0
2067.091892447955	0.15526390000013635	epochs	3.0
2067.2471563479553	0.14990410000018528	epochs	3.0
2067.3970604479555	0.28512529999989056	epochs	2.0
2067.3970604479555	0.14490209999985382	epochs	3.0
2067.5419625479553	0.14022320000003674	epochs	3.0
2067.6821857479554	0.2675537999998596	epochs	2.0
2067.6821857479554	0.1358368999999584	epochs	3.0
2067.8180226479553	0.13171689999990122	epochs	3.0
2067.9497395479552	0.25202290000015637	epochs	2.0
2067.9497395479552	0.12783930000023247	epochs	3.0
2068.0775788479555	0.1241835999999239	epochs	3.0
2068.2017624479554	0.23819649999995818	epochs	2.0
2068.2017624479554	0.1207310999998299	epochs	3.0
2068.322493547955	0.11746540000012828	epochs	3.0
2068.4399589479553	0.22580879999986792	epochs	2.0
2068.4399589479553	0.11437190000015107	epochs	3.0
2068.5543308479555	0.11143689999971684	epochs	3.0
2068.665767747955	0.21464599999990241	epochs	2.0
2068.665767747955	0.10864889999993466	epochs	3.0
2068.774416647955	0.10599709999996776	epochs	3.0
2068.880413747955	0.20453500000030544	epochs	2.0
2068.880413747955	0.10347150000006877	epochs	3.0
2068.983885247955	0.10106350000023667	epochs	3.0
2069.0849487479554	0.19533400000000256	epochs	2.0
2069.0849487479554	0.09876510000003691	epochs	3.0
2069.1837138479555	0.09656889999996565	epochs	3.0
2069.2802827479554	0.18692529999998442	epochs	2.0
2069.2802827479554	0.09446829999978945	epochs	3.0
2069.374751047955	0.09245700000019497	epochs	3.0
2069.4672080479554	0.1792107000001124	epochs	2.0
2069.4672080479554	0.0905296000000817	epochs	3.0
2069.5577376479555	0.08868110000003071	epochs	3.0
2069.6464187479555	0.17210769999974218	epochs	2.0
2069.6464187479555	0.08690630000000965	epochs	3.0
2069.7333250479555	0.08520139999973253	epochs	3.0
2069.8185264479553	0.16554640000003928	epochs	2.0
2069.8185264479553	0.08356189999994967	epochs	3.0
2069.902088347955	0.08198450000008961	epochs	3.0
2069.9840728479553	0.15946709999980158	epochs	2.0
2069.9840728479553	0.08046539999986635	epochs	3.0
2070.064538247955	0.07900169999993523	epochs	3.0
2070.143539947955	0.15381840000009106	epochs	2.0
2070.143539947955	0.07759010000017952	epochs	3.0
2070.2211300479553	0.07622829999991154	epochs	3.0
2070.297358347955	0.14855639999996129	epochs	2.0
2070.297358347955	0.07491329999993468	epochs	3.0
2070.372271647955	0.0736431000000266	epochs	3.0
2070.445914747955	0.14364240000031714	epochs	2.0
2070.445914747955	0.07241500000009182	epochs	3.0
2070.5183297479552	0.07122740000022532	epochs	3.0
2070.5895571479555	0.13904309999998077	epochs	2.0
2070.5895571479555	0.0700779999997394	epochs	3.0
2070.659635147955	0.06896510000024136	epochs	3.0
2070.7286002479555	0.13472929999988992	epochs	2.0
2070.7286002479555	0.0678871000000072	epochs	3.0
2070.7964873479555	0.06684219999988272	epochs	3.0
2070.8633295479553	0.1306752000000415	epochs	2.0
2070.8633295479553	0.06582909999997355	epochs	3.0
2070.9291586479553	0.06484610000006796	epochs	3.0
2070.9940047479554	0.1268577999999252	epochs	2.0
2070.9940047479554	0.06389200000012352	epochs	3.0
2071.0578967479555	0.06296579999980167	epochs	3.0
2071.1208625479553	0.12325719999989815	epochs	2.0
2071.1208625479553	0.06206579999980022	epochs	3.0
2071.182928347955	0.06119140000009793	epochs	3.0
2071.244119747955	0.1198554000002332	epochs	2.0
2071.244119747955	0.060341100000187	epochs	3.0
2071.3044608479554	0.059514300000046205	epochs	3.0
2071.3639751479554	0.1166361999999026	epochs	2.0
2071.3639751479554	0.058709599999929196	epochs	3.0
2071.4226847479554	0.057926599999973405	epochs	3.0
2071.4806113479553	0.11358560000007856	epochs	2.0
2071.4806113479553	0.05716419999998834	epochs	3.0
2071.5377755479553	0.056421400000090216	epochs	3.0
2071.5941969479554	0.11069049999969138	epochs	2.0
2071.5941969479554	0.05569789999981367	epochs	3.0
2071.6498948479552	0.05499259999987771	epochs	3.0
2071.704887447955	0.10793910000029427	epochs	2.0
2071.704887447955	0.054304900000261114	epochs	3.0
2071.7591923479554	0.05363420000003316	epochs	3.0
2071.8128265479554	0.10532149999971807	epochs	2.0
2071.8128265479554	0.05297999999993408	epochs	3.0
2071.8658065479553	0.05234149999978399	epochs	3.0
2071.918148047955	0.10282760000018243	epochs	2.0
2071.918148047955	0.05171810000001642	epochs	3.0
2071.969866147955	0.05110950000016601	epochs	3.0
2072.0209756479553	0.10044909999987794	epochs	2.0
2072.0209756479553	0.050514900000052876	epochs	3.0
2072.0714905479554	0.04993419999982507	epochs	3.0
2072.121424747955	0.09817830000019967	epochs	2.0
2072.121424747955	0.0493666000002122	epochs	3.0
2072.1707913479554	0.04881169999998747	epochs	3.0
2072.2196030479554	0.09600779999982478	epochs	2.0
2072.2196030479554	0.04826920000004975	epochs	3.0
2072.2678722479554	0.04773859999977503	epochs	3.0
2072.315610847955	0.09393120000004274	epochs	2.0
2072.315610847955	0.047219500000210246	epochs	3.0
2072.3628303479554	0.04671169999983249	epochs	3.0
2072.4095420479553	0.09194260000003851	epochs	2.0
2072.4095420479553	0.046214599999984785	epochs	3.0
2072.4557566479552	0.045728000000053726	epochs	3.0
2072.5014846479553	0.09003630000006524	epochs	2.0
2072.5014846479553	0.04525150000017675	epochs	3.0
2072.5467361479555	0.04478479999988849	epochs	3.0
2072.5915209479554	0.0882075999998051	epochs	2.0
2072.5915209479554	0.04432779999979175	epochs	3.0
2072.635848747955	0.04387980000001335	epochs	3.0
2072.679728547955	0.0864516999999978	epochs	2.0
2072.679728547955	0.04344100000025719	epochs	3.0
2072.7231695479554	0.04301069999974061	epochs	3.0
2072.766180247955	0.08476430000018809	epochs	2.0
2072.766180247955	0.04258900000013455	epochs	3.0
2072.8087692479553	0.04217530000005354	epochs	3.0
2072.8509445479554	0.08314149999978326	epochs	2.0
2072.8509445479554	0.04176969999980429	epochs	3.0
2072.892714247955	0.041371799999978975	epochs	3.0
2072.934086047955	0.08157970000002024	epochs	2.0
2072.934086047955	0.040981399999964196	epochs	3.0
2072.975067447955	0.04059830000005604	epochs	3.0
2073.015665747955	0.08007550000002084	epochs	2.0
2073.015665747955	0.040222300000095856	epochs	3.0
2073.0558880479552	0.03985319999992498	epochs	3.0
2073.095741247955	0.07862569999997504	epochs	2.0
2073.095741247955	0.03949080000029426	epochs	3.0
2073.1352320479555	0.03913489999968078	epochs	3.0
2073.174366947955	0.07722760000024209	epochs	2.0
2073.174366947955	0.038785400000051595	epochs	3.0
2073.213152347955	0.038442200000190496	epochs	3.0
2073.2515945479554	0.07587819999980638	epochs	2.0
2073.2515945479554	0.03810479999992822	epochs	3.0
2073.2896993479553	0.037773399999878166	epochs	3.0
2073.327472747955	0.07457520000025397	epochs	2.0
2073.327472747955	0.03744770000002973	epochs	3.0
2073.3649204479552	0.037127500000224245	epochs	3.0
2073.4020479479555	0.07331629999998768	epochs	2.0
2073.4020479479555	0.03681289999985893	epochs	3.0
2073.4388608479553	0.03650340000012875	epochs	3.0
2073.4753642479554	0.07209899999998015	epochs	2.0
2073.4753642479554	0.03619909999997617	epochs	3.0
2073.5115633479554	0.03589990000000398	epochs	3.0
2073.5474632479554	0.07092169999987163	epochs	2.0
2073.5474632479554	0.03560560000005353	epochs	3.0
2073.5830688479555	0.03531609999981811	epochs	3.0
2073.6183849479553	0.06978200000003199	epochs	2.0
2073.6183849479553	0.03503120000004856	epochs	3.0
2073.6534161479553	0.03475079999998343	epochs	3.0
2073.6881669479553	0.06867860000011206	epochs	2.0
2073.6881669479553	0.03447509999978138	epochs	3.0
2073.722642047955	0.03420350000033068	epochs	3.0
2073.7568455479554	0.06760929999973087	epochs	2.0
2073.7568455479554	0.033936199999970995	epochs	3.0
2073.7907817479554	0.03367309999975987	epochs	3.0
2073.824454847955	0.06657290000021021	epochs	2.0
2073.824454847955	0.03341399999999339	epochs	3.0
2073.857868847955	0.03315890000021682	epochs	3.0
2073.8910277479554	0.06556779999982609	epochs	2.0
2073.8910277479554	0.03290770000012344	epochs	3.0
2073.9239354479555	0.03266009999970265	epochs	3.0
2073.956595547955	0.0645926000001964	epochs	2.0
2073.956595547955	0.032416400000329304	epochs	3.0
2073.9890119479555	0.032176199999867094	epochs	3.0
2074.0211881479554	0.06364600000006249	epochs	2.0
2074.0211881479554	0.03193959999998697	epochs	3.0
2074.0531277479554	0.03170640000007552	epochs	3.0
2074.0848341479555	0.0627266999999847	epochs	2.0
2074.0848341479555	0.031476599999678	epochs	3.0
2074.116310747955	0.0312501000003067	epochs	3.0
2074.1475608479554	0.06183359999977256	epochs	2.0
2074.1475608479554	0.031026899999687885	epochs	3.0
2074.178587747955	0.030806700000084675	epochs	3.0
2074.209394447955	0.06096560000014506	epochs	2.0
2074.209394447955	0.03058980000014344	epochs	3.0
2074.2399842479554	0.030375800000001618	epochs	3.0
2074.2703600479554	0.06012160000000222	epochs	2.0
2074.2703600479554	0.030164899999817862	epochs	3.0
2074.300524947955	0.029956700000184355	epochs	3.0
2074.3304816479554	0.05930069999976695	epochs	2.0
2074.3304816479554	0.029751600000054168	epochs	3.0
2074.3602332479554	0.02954909999971278	epochs	3.0
2074.389782347955	0.058501800000158255	epochs	2.0
2074.389782347955	0.029349400000228343	epochs	3.0
2074.4191317479554	0.029152399999929912	epochs	3.0
2074.4482841479553	0.05772419999993872	epochs	2.0
2074.4482841479553	0.028957999999875028	epochs	3.0
2074.477242147955	0.02876620000006369	epochs	3.0
2074.5060083479552	0.0569671000002927	epochs	2.0
2074.5060083479552	0.028577000000041153	epochs	3.0
2074.5345853479553	0.02839010000025155	epochs	3.0
2074.5629754479555	0.05622949999997218	epochs	2.0
2074.5629754479555	0.028205699999944045	epochs	3.0
2074.5911811479555	0.028023800000028132	epochs	3.0
2074.6192049479555	0.05551070000001346	epochs	2.0
2074.6192049479555	0.02784399999973175	epochs	3.0
2074.647048947955	0.027666700000281708	epochs	3.0
2074.6747156479555	0.05481019999979253	epochs	2.0
2074.6747156479555	0.02749149999999645	epochs	3.0
2074.7022071479555	0.02731869999979608	epochs	3.0
2074.7295258479553	0.054126999999880354	epochs	2.0
2074.7295258479553	0.027147799999966082	epochs	3.0
2074.7566736479553	0.026979199999914272	epochs	3.0
2074.783652847955	0.053460699999959616	epochs	2.0
2074.783652847955	0.026812600000084785	epochs	3.0
2074.8104654479553	0.02664809999987483	epochs	3.0
2074.837113547955	0.05281070000000909	epochs	2.0
2074.837113547955	0.026485600000341947	epochs	3.0
2074.8635991479555	0.026325099999667145	epochs	3.0
2074.889924247955	0.05217620000030365	epochs	2.0
2074.889924247955	0.026166399999965506	epochs	3.0
2074.916090647955	0.026009800000338146	epochs	3.0
2074.9421004479555	0.05155669999976453	epochs	2.0
2074.9421004479555	0.0258547999997063	epochs	3.0
2074.967955247955	0.02570190000005823	epochs	3.0
2074.993657147955	0.05095190000020011	epochs	2.0
2074.993657147955	0.025550700000167126	epochs	3.0
2075.0192078479554	0.025401200000032986	epochs	3.0
2075.0446090479554	0.05036100000006627	epochs	2.0
2075.0446090479554	0.025253499999962514	epochs	3.0
2075.0698625479554	0.025107500000103755	epochs	3.0
2075.0949700479555	0.049783799999659095	epochs	2.0
2075.0949700479555	0.02496320000000196	epochs	3.0
2075.1199332479555	0.024820599999657134	epochs	3.0
2075.144753847955	0.04921950000016295	epochs	2.0
2075.144753847955	0.024679399999968155	epochs	3.0
2075.169433247955	0.024540100000194798	epochs	3.0
2075.1939733479553	0.04866790000005494	epochs	2.0
2075.1939733479553	0.024402099999861093	epochs	3.0
2075.218375447955	0.02426580000019385	epochs	3.0
2075.2426412479554	0.048128599999927246	epochs	2.0
2075.2426412479554	0.024131000000124914	epochs	3.0
2075.2667722479555	0.023997599999802333	epochs	3.0
2075.2907698479553	0.047601100000065344	epochs	2.0
2075.2907698479553	0.02386579999983951	epochs	3.0
2075.314635647955	0.023735300000225834	epochs	3.0
2075.3383709479554	0.04708500000015192	epochs	2.0
2075.3383709479554	0.02360629999975572	epochs	3.0
2075.361977247955	0.023478700000396202	epochs	3.0
2075.3854559479555	0.04657999999972162	epochs	2.0
2075.3854559479555	0.023352499999873544	epochs	3.0
2075.4088084479554	0.023227499999848078	epochs	3.0
2075.4320359479552	0.04608570000027612	epochs	2.0
2075.4320359479552	0.02310399999987567	epochs	3.0
2075.455139947955	0.02298170000040045	epochs	3.0
2075.4781216479555	0.045601799999985815	epochs	2.0
2075.4781216479555	0.02286069999991014	epochs	3.0
2075.5009823479554	0.022741100000075676	epochs	3.0
2075.5237234479555	0.045127899999897636	epochs	2.0
2075.5237234479555	0.022622499999670254	epochs	3.0
2075.546345947955	0.022505400000227382	epochs	3.0
2075.5688513479554	0.04466379999985293	epochs	2.0
2075.5688513479554	0.022389299999758805	epochs	3.0
2075.591240647955	0.022274500000094122	epochs	3.0
2075.6135151479552	0.04420920000029582	epochs	2.0
2075.6135151479552	0.02216080000016518	epochs	3.0
2075.6356759479554	0.02204840000013064	epochs	3.0
2075.6577243479555	0.043763599999692815	epochs	2.0
2075.6577243479555	0.021936899999673187	epochs	3.0
2075.679661247955	0.021826700000019628	epochs	3.0
2075.7014879479552	0.043327100000169594	epochs	2.0
2075.7014879479552	0.02171760000010181	epochs	3.0
2075.7232055479553	0.021609500000067783	epochs	3.0
2075.7448150479554	0.04289900000003399	epochs	2.0
2075.7448150479554	0.021502499999769498	epochs	3.0
2075.766317547955	0.021396500000264496	epochs	3.0
2075.7877140479554	0.04247949999989942	epochs	2.0
2075.7877140479554	0.021291699999892444	epochs	3.0
2075.8090057479553	0.021187800000006973	epochs	3.0
2075.8301935479553	0.04206789999989269	epochs	2.0
2075.8301935479553	0.02108490000000529	epochs	3.0
2075.8512784479553	0.020982999999887397	epochs	3.0
2075.872261447955	0.041664400000172463	epochs	2.0
2075.872261447955	0.020882199999959994	epochs	3.0
2075.893143647955	0.02078220000021247	epochs	3.0
2075.9139258479554	0.04126850000011473	epochs	2.0
2075.9139258479554	0.02068329999974594	epochs	3.0
2075.934609147955	0.020585200000368786	epochs	3.0
2075.9551943479555	0.04088000000001557	epochs	2.0
2075.9551943479555	0.020488099999965925	epochs	3.0
2075.9756824479555	0.020391900000049645	epochs	3.0
2075.9960743479555	0.04049879999956829	epochs	2.0
2075.9960743479555	0.020296599999710452	epochs	3.0
2076.0163709479552	0.02020219999985784	epochs	3.0
2076.036573147955	0.04012460000012652	epochs	2.0
2076.036573147955	0.02010870000003706	epochs	3.0
2076.056681847955	0.02001590000008946	epochs	3.0
2076.076697747955	0.03975730000001931	epochs	2.0
2076.076697747955	0.0199241999998776	epochs	3.0
2076.096621947955	0.019833100000141712	epochs	3.0
2076.1164550479552	0.03939669999999751	epochs	2.0
2076.1164550479552	0.019743000000289612	epochs	3.0
2076.1361980479555	0.019653699999707896	epochs	3.0
2076.1558517479552	0.03904240000019854	epochs	2.0
2076.1558517479552	0.019565099999908853	epochs	3.0
2076.175416847955	0.019477300000289688	epochs	3.0
2076.1948941479554	0.03869459999987157	epochs	2.0
2076.1948941479554	0.019390399999792862	epochs	3.0
2076.2142845479552	0.01930420000007871	epochs	3.0
2076.2335887479553	0.03835290000006353	epochs	2.0
2076.2335887479553	0.019218800000089686	epochs	3.0
2076.2528075479554	0.01913409999997384	epochs	3.0
2076.2719416479554	0.03801720000001296	epochs	2.0
2076.2719416479554	0.019050200000037876	epochs	3.0
2076.2909918479554	0.018966999999975087	epochs	3.0
2076.3099588479554	0.037687199999709264	epochs	2.0
2076.3099588479554	0.018884499999785476	epochs	3.0
2076.328843347955	0.01880269999992379	epochs	3.0
2076.347646047955	0.037363100000220584	epochs	2.0
2076.347646047955	0.01872170000024198	epochs	3.0
2076.3663677479553	0.018641399999978603	epochs	3.0
2076.3850091479553	0.037044300000161456	epochs	2.0
2076.3850091479553	0.018561599999884493	epochs	3.0
2076.403570747955	0.018482700000276964	epochs	3.0
2076.4220534479555	0.03673099999969054	epochs	2.0
2076.4220534479555	0.018404299999929208	epochs	3.0
2076.4404577479554	0.01832669999976133	epochs	3.0
2076.458784447955	0.03642290000016146	epochs	2.0
2076.458784447955	0.01824960000021747	epochs	3.0
2076.4770340479554	0.018173299999943993	epochs	3.0
2076.4952073479553	0.03612010000006194	epochs	2.0
2076.4952073479553	0.018097600000146485	epochs	3.0
2076.5133049479555	0.018022499999915453	epochs	3.0
2076.5313274479554	0.035822100000132195	epochs	2.0
2076.5313274479554	0.01794789999985369	epochs	3.0
2076.5492753479552	0.017874200000278506	epochs	3.0
2076.5671495479555	0.03552899999976944	epochs	2.0
2076.5671495479555	0.01780079999980444	epochs	3.0
2076.5849503479553	0.017728199999965	epochs	3.0
2076.6026785479553	0.03524070000003121	epochs	2.0
2076.6026785479553	0.01765609999984008	epochs	3.0
2076.620334647955	0.01758460000019113	epochs	3.0
2076.6379192479553	0.03495710000015606	epochs	2.0
2076.6379192479553	0.017513700000108656	epochs	3.0
2076.6554329479554	0.017443400000047404	epochs	3.0
2076.6728763479555	0.03467789999967863	epochs	2.0
2076.6728763479555	0.017373599999700673	epochs	3.0
2076.690249947955	0.017304299999977957	epochs	3.0
2076.707554247955	0.03440330000012182	epochs	2.0
2076.707554247955	0.017235700000128418	epochs	3.0
2076.7247899479553	0.0171675999999934	epochs	3.0
2076.7419575479553	0.03413279999995211	epochs	2.0
2076.7419575479553	0.017099900000175694	epochs	3.0
2076.7590574479555	0.01703289999977642	epochs	3.0
2076.7760903479552	0.03386670000008962	epochs	2.0
2076.7760903479552	0.01696640000000116	epochs	3.0
2076.7930567479552	0.016900300000088464	epochs	3.0
2076.8099570479553	0.03360460000021703	epochs	2.0
2076.8099570479553	0.016834800000196992	epochs	3.0
2076.8267918479555	0.01676980000002004	epochs	3.0
2076.8435616479555	0.03334659999973155	epochs	2.0
2076.8435616479555	0.01670529999955761	epochs	3.0
2076.860266947955	0.016641300000173942	epochs	3.0
2076.8769082479553	0.033092499999838765	epochs	2.0
2076.8769082479553	0.016577800000050047	epochs	3.0
2076.8934860479553	0.016514699999788718	epochs	3.0
2076.910000747955	0.032842300000083924	epochs	2.0
2076.910000747955	0.01645220000000336	epochs	3.0
2076.926452947955	0.016390100000080565	epochs	3.0
2076.942843047955	0.03259570000000167	epochs	2.0
2076.942843047955	0.016328400000020338	epochs	3.0
2076.959171447955	0.016267299999981333	epochs	3.0
2076.975438747955	0.03235290000020541	epochs	2.0
2076.975438747955	0.01620660000025964	epochs	3.0
2076.9916453479555	0.016146299999945768	epochs	3.0
2077.0077916479554	0.032113700000081735	epochs	2.0
2077.0077916479554	0.016086600000107865	epochs	3.0
2077.0238782479555	0.01602709999997387	epochs	3.0
2077.0399053479555	0.031877999999778694	epochs	2.0
2077.0399053479555	0.0159681999998611	epochs	3.0
2077.0558735479553	0.015909799999917595	epochs	3.0
2077.0717833479553	0.03164569999989908	epochs	2.0
2077.0717833479553	0.01585160000013275	epochs	3.0
2077.0876349479554	0.01579409999976633	epochs	3.0
2077.103429047955	0.03141670000013619	epochs	2.0
2077.103429047955	0.015736700000161363	epochs	3.0
2077.1191657479553	0.015679999999974825	epochs	3.0
2077.1348457479553	0.03119109999988723	epochs	2.0
2077.1348457479553	0.015623600000253646	epochs	3.0
2077.1504693479555	0.015567499999633583	epochs	3.0
2077.166036847955	0.030968700000357785	epochs	2.0
2077.166036847955	0.015511999999944237	epochs	3.0
2077.181548847955	0.015456700000413548	epochs	3.0
2077.1970055479555	0.03074949999972887	epochs	2.0
2077.1970055479555	0.015401999999994587	epochs	3.0
2077.2124075479555	0.015347499999734282	epochs	3.0
2077.2277550479553	0.030533200000263605	epochs	2.0
2077.2277550479553	0.015293400000246038	epochs	3.0
2077.2430484479555	0.015239800000017567	epochs	3.0
2077.2582882479555	0.03032009999969887	epochs	2.0
2077.2582882479555	0.015186499999799707	epochs	3.0
2077.2734747479553	0.015133599999899161	epochs	3.0
2077.2886083479552	0.030109900000297785	epochs	2.0
2077.2886083479552	0.015081000000009226	epochs	3.0
2077.3036893479552	0.015028900000288559	epochs	3.0
2077.3187182479555	0.029902499999934662	epochs	2.0
2077.3187182479555	0.014976999999817053	epochs	3.0
2077.3336952479553	0.014925500000117609	epochs	3.0
2077.3486207479555	0.029698099999677652	epochs	2.0
2077.3486207479555	0.014874399999825982	epochs	3.0
2077.3634951479553	0.01482369999985167	epochs	3.0
2077.378318847955	0.029496300000118936	epochs	2.0
2077.378318847955	0.014773200000036013	epochs	3.0
2077.393092047955	0.014723100000082923	epochs	3.0
2077.4078151479553	0.029297399999904883	epochs	2.0
2077.4078151479553	0.014673399999992398	epochs	3.0
2077.4224885479553	0.014623999999912485	epochs	3.0
2077.437112547955	0.029101099999934377	epochs	2.0
2077.437112547955	0.01457490000029793	epochs	3.0
2077.4516874479555	0.014526199999636447	epochs	3.0
2077.466213647955	0.028907400000207417	epochs	2.0
2077.466213647955	0.014477700000043114	epochs	3.0
2077.480691347955	0.014429700000164303	epochs	3.0
2077.4951210479553	0.028716199999962555	epochs	2.0
2077.4951210479553	0.014381800000137446	epochs	3.0
2077.5095028479554	0.01433439999982511	epochs	3.0
2077.5238372479553	0.02852759999996124	epochs	2.0
2077.5238372479553	0.014287200000126177	epochs	3.0
2077.5381244479554	0.014240399999835063	epochs	3.0
2077.5523648479552	0.028341400000044814	epochs	2.0
2077.5523648479552	0.014193800000157353	epochs	3.0
2077.5665586479554	0.014147599999887461	epochs	3.0
2077.5807062479553	0.028157700000065233	epochs	2.0
2077.5807062479553	0.014101700000082928	epochs	3.0
2077.5948079479554	0.014055999999982305	epochs	3.0
2077.6088639479553	0.02797629999986384	epochs	2.0
2077.6088639479553	0.014010599999892293	epochs	3.0
2077.6228745479552	0.013965699999971548	epochs	3.0
2077.636840247955	0.027797199999895383	epochs	2.0
2077.636840247955	0.013920800000050804	epochs	3.0
2077.6507610479553	0.01387639999984458	epochs	3.0
2077.664637447955	0.02762040000015986	epochs	2.0
2077.664637447955	0.01383220000025176	epochs	3.0
2077.6784696479554	0.013788199999908102	epochs	3.0
2077.6922578479553	0.027445900000202528	epochs	2.0
2077.6922578479553	0.013744599999881757	epochs	3.0
2077.706002447955	0.01370130000032077	epochs	3.0
2077.7197037479555	0.027273499999864725	epochs	2.0
2077.7197037479555	0.013658200000008947	epochs	3.0
2077.7333619479555	0.013615299999855779	epochs	3.0
2077.7469772479553	0.027103400000214606	epochs	2.0
2077.7469772479553	0.013572800000019924	epochs	3.0
2077.7605500479553	0.013530600000194681	epochs	3.0
2077.7740806479555	0.026935199999570614	epochs	2.0
2077.7740806479555	0.01348839999991469	epochs	3.0
2077.7875690479555	0.013446799999655923	epochs	3.0
2077.801015847955	0.026769200000217097	epochs	2.0
2077.801015847955	0.01340520000030665	epochs	3.0
2077.8144210479554	0.013363999999910448	epochs	3.0
2077.8277850479553	0.02660520000017641	epochs	2.0
2077.8277850479553	0.013322899999820947	epochs	3.0
2077.841107947955	0.013282300000355463	epochs	3.0
2077.8543902479555	0.0264431999999033	epochs	2.0
2077.8543902479555	0.013241699999980483	epochs	3.0
2077.8676319479555	0.013201499999922817	epochs	3.0
2077.8808334479554	0.026283199999852513	epochs	2.0
2077.8808334479554	0.013161500000023807	epochs	3.0
2077.8939949479554	0.013121699999828706	epochs	3.0
2077.9071166479553	0.026124999999865395	epochs	2.0
2077.9071166479553	0.01308210000024701	epochs	3.0
2077.9201987479555	0.013042899999618385	epochs	3.0
2077.933241647955	0.025968900000407302	epochs	2.0
2077.933241647955	0.01300390000005791	epochs	3.0
2077.946245547955	0.012965000000349391	epochs	3.0
2077.9592105479555	0.02581449999979668	epochs	2.0
2077.9592105479555	0.012926399999741989	epochs	3.0
2077.9721369479553	0.012888100000054692	epochs	3.0
2077.9850250479553	0.02566190000015922	epochs	2.0
2077.9850250479553	0.012849899999764602	epochs	3.0
2077.997874947955	0.012812000000394619	epochs	3.0
2078.0106869479555	0.025511199999982637	epochs	2.0
2078.0106869479555	0.012774399999671004	epochs	3.0
2078.023461347955	0.012736800000311632	epochs	3.0
2078.0361981479555	0.02536229999986972	epochs	2.0
2078.0361981479555	0.012699699999757286	epochs	3.0
2078.0488978479552	0.012662600000112434	epochs	3.0
2078.0615604479553	0.02521500000011656	epochs	2.0
2078.0615604479553	0.012625800000023446	epochs	3.0
2078.0741862479554	0.012589200000093115	epochs	3.0
2078.0867754479555	0.024584799999956886	epochs	2.0
2078.108799247955	0.5	epochs	-1.0
2078.1113602479554	0.4981600000000981	epochs	1.0
2078.6095202479555	0.5017599999996492	epochs	0.0
2079.4210000038147	0.1212799999998424	epochs	0.0
2079.4210000038147	0.05564330000015616	epochs	1.0
2079.476643303815	0.009993399999984831	epochs	1.0
2079.486636703815	0.05564329999970141	epochs	1.0
2079.542360003815	2.0	epochs	0.0
2081.542359003815	0.5	epochs	-1.0
2081.542360003815	21.999919999999747	epochs	0.0
2081.542360003815	1.0	epochs	1.0
2082.042359003815	19.997439999999642	epochs	-1.0
2082.542360003815	20.0	epochs	1.0
2082.542360003815	4.356753900000058	epochs	-1.0
2082.542360003815	1.9745871999998599	epochs	2.0
2082.542360003815	1.098562199999833	epochs	3.0
2083.6409222038146	0.8760250000000269	epochs	3.0
2084.5169472038147	1.3524075000000266	epochs	2.0
2084.5169472038147	0.7286355000001095	epochs	3.0
2085.2455827038148	0.6237719999999172	epochs	3.0
2085.8693547038147	1.0297592000001714	epochs	2.0
2085.8693547038147	0.5453293000000485	epochs	3.0
2086.4146840038147	0.48442990000012287	epochs	3.0
2086.899113903815	0.8317861999998968	epochs	2.0
2086.899113903815	0.4357762999998158	epochs	3.0
2087.3348902038147	0.39600990000008096	epochs	3.0
2087.7309001038147	0.6977969999998095	epochs	2.0
2087.7309001038147	0.3628982000000178	epochs	3.0
2088.0937983038148	0.33489879999979166	epochs	3.0
2088.4286971038146	0.6010457000002134	epochs	2.0
2088.4286971038146	0.3109122999999272	epochs	3.0
2088.7396094038145	0.2901334000002862	epochs	3.0
2089.0297428038148	0.5278859000000011	epochs	2.0
2089.0297428038148	0.2719585999998344	epochs	3.0
2089.3017014038146	0.2559273000001667	epochs	3.0
2089.5576287038148	0.4706192999997256	epochs	2.0
2089.5576287038148	0.241681299999982	epochs	3.0
2089.7993100038148	0.22893799999974362	epochs	3.0
2090.0282480038145	0.42457039999999324	epochs	2.0
2090.0282480038145	0.21747140000024956	epochs	3.0
2090.2457194038147	0.20709899999974368	epochs	3.0
2090.4528184038145	0.38673540000036155	epochs	2.0
2090.4528184038145	0.19767110000020693	epochs	3.0
2090.6504895038147	0.18906430000015462	epochs	3.0
2090.839553803815	0.35509529999990264	epochs	2.0
2090.839553803815	0.1811758999997437	epochs	3.0
2091.0207297038146	0.17391940000015893	epochs	3.0
2091.1946491038148	0.3282430999997814	epochs	2.0
2091.1946491038148	0.16722189999973125	epochs	3.0
2091.3618710038145	0.16102120000005016	epochs	3.0
2091.5228922038145	0.3051680000003216	epochs	2.0
2091.5228922038145	0.15526390000013635	epochs	3.0
2091.6781561038147	0.14990410000018528	epochs	3.0
2091.828060203815	0.28512529999989056	epochs	2.0
2091.828060203815	0.14490209999985382	epochs	3.0
2091.9729623038147	0.14022320000003674	epochs	3.0
2092.1131855038147	0.2675537999998596	epochs	2.0
2092.1131855038147	0.1358368999999584	epochs	3.0
2092.2490224038147	0.13171689999990122	epochs	3.0
2092.3807393038146	0.25202290000015637	epochs	2.0
2092.3807393038146	0.12783930000023247	epochs	3.0
2092.508578603815	0.1241835999999239	epochs	3.0
2092.6327622038148	0.23819649999995818	epochs	2.0
2092.6327622038148	0.1207310999998299	epochs	3.0
2092.7534933038146	0.11746540000012828	epochs	3.0
2092.8709587038147	0.22580879999986792	epochs	2.0
2092.8709587038147	0.11437190000015107	epochs	3.0
2092.985330603815	0.11143689999971684	epochs	3.0
2093.0967675038146	0.21464599999990241	epochs	2.0
2093.0967675038146	0.10864889999993466	epochs	3.0
2093.2054164038145	0.10599709999996776	epochs	3.0
2093.3114135038145	0.20453500000030544	epochs	2.0
2093.3114135038145	0.10347150000006877	epochs	3.0
2093.4148850038146	0.10106350000023667	epochs	3.0
2093.515948503815	0.19533400000000256	epochs	2.0
2093.515948503815	0.09876510000003691	epochs	3.0
2093.614713603815	0.09656889999996565	epochs	3.0
2093.711282503815	0.18692529999998442	epochs	2.0
2093.711282503815	0.09446829999978945	epochs	3.0
2093.8057508038146	0.09245700000019497	epochs	3.0
2093.898207803815	0.1792107000001124	epochs	2.0
2093.898207803815	0.0905296000000817	epochs	3.0
2093.988737403815	0.08868110000003071	epochs	3.0
2094.077418503815	0.17210769999974218	epochs	2.0
2094.077418503815	0.08690630000000965	epochs	3.0
2094.164324803815	0.08520139999973253	epochs	3.0
2094.2495262038146	0.16554640000003928	epochs	2.0
2094.2495262038146	0.08356189999994967	epochs	3.0
2094.3330881038146	0.08198450000008961	epochs	3.0
2094.4150726038147	0.15946709999980158	epochs	2.0
2094.4150726038147	0.08046539999986635	epochs	3.0
2094.4955380038145	0.07900169999993523	epochs	3.0
2094.5745397038145	0.15381840000009106	epochs	2.0
2094.5745397038145	0.07759010000017952	epochs	3.0
2094.6521298038147	0.07622829999991154	epochs	3.0
2094.7283581038146	0.14855639999996129	epochs	2.0
2094.7283581038146	0.07491329999993468	epochs	3.0
2094.8032714038145	0.0736431000000266	epochs	3.0
2094.8769145038145	0.14364240000031714	epochs	2.0
2094.8769145038145	0.07241500000009182	epochs	3.0
2094.9493295038146	0.07122740000022532	epochs	3.0
2095.020556903815	0.13904309999998077	epochs	2.0
2095.020556903815	0.0700779999997394	epochs	3.0
2095.0906349038146	0.06896510000024136	epochs	3.0
2095.159600003815	0.13472929999988992	epochs	2.0
2095.159600003815	0.0678871000000072	epochs	3.0
2095.227487103815	0.06684219999988272	epochs	3.0
2095.2943293038147	0.1306752000000415	epochs	2.0
2095.2943293038147	0.06582909999997355	epochs	3.0
2095.3601584038147	0.06484610000006796	epochs	3.0
2095.4250045038148	0.1268577999999252	epochs	2.0
2095.4250045038148	0.06389200000012352	epochs	3.0
2095.488896503815	0.06296579999980167	epochs	3.0
2095.5518623038147	0.12325719999989815	epochs	2.0
2095.5518623038147	0.06206579999980022	epochs	3.0
2095.6139281038145	0.06119140000009793	epochs	3.0
2095.6751195038146	0.1198554000002332	epochs	2.0
2095.6751195038146	0.060341100000187	epochs	3.0
2095.7354606038148	0.059514300000046205	epochs	3.0
2095.794974903815	0.1166361999999026	epochs	2.0
2095.794974903815	0.058709599999929196	epochs	3.0
2095.8536845038147	0.057926599999973405	epochs	3.0
2095.9116111038147	0.11358560000007856	epochs	2.0
2095.9116111038147	0.05716419999998834	epochs	3.0
2095.9687753038147	0.056421400000090216	epochs	3.0
2096.025196703815	0.11069049999969138	epochs	2.0
2096.025196703815	0.05569789999981367	epochs	3.0
2096.0808946038146	0.05499259999987771	epochs	3.0
2096.1358872038145	0.10793910000029427	epochs	2.0
2096.1358872038145	0.054304900000261114	epochs	3.0
2096.1901921038148	0.05363420000003316	epochs	3.0
2096.243826303815	0.10532149999971807	epochs	2.0
2096.243826303815	0.05297999999993408	epochs	3.0
2096.2968063038147	0.05234149999978399	epochs	3.0
2096.3491478038145	0.10282760000018243	epochs	2.0
2096.3491478038145	0.05171810000001642	epochs	3.0
2096.4008659038145	0.05110950000016601	epochs	3.0
2096.4519754038147	0.10044909999987794	epochs	2.0
2096.4519754038147	0.050514900000052876	epochs	3.0
2096.5024903038147	0.04993419999982507	epochs	3.0
2096.5524245038146	0.09817830000019967	epochs	2.0
2096.5524245038146	0.0493666000002122	epochs	3.0
2096.601791103815	0.04881169999998747	epochs	3.0
2096.6506028038148	0.09600779999982478	epochs	2.0
2096.6506028038148	0.04826920000004975	epochs	3.0
2096.698872003815	0.04773859999977503	epochs	3.0
2096.7466106038146	0.09393120000004274	epochs	2.0
2096.7466106038146	0.047219500000210246	epochs	3.0
2096.793830103815	0.04671169999983249	epochs	3.0
2096.8405418038146	0.09194260000003851	epochs	2.0
2096.8405418038146	0.046214599999984785	epochs	3.0
2096.8867564038146	0.045728000000053726	epochs	3.0
2096.9324844038147	0.09003630000006524	epochs	2.0
2096.9324844038147	0.04525150000017675	epochs	3.0
2096.977735903815	0.04478479999988849	epochs	3.0
2097.0225207038147	0.0882075999998051	epochs	2.0
2097.0225207038147	0.04432779999979175	epochs	3.0
2097.0668485038145	0.04387980000001335	epochs	3.0
2097.1107283038145	0.0864516999999978	epochs	2.0
2097.1107283038145	0.04344100000025719	epochs	3.0
2097.154169303815	0.04301069999974061	epochs	3.0
2097.1971800038145	0.08476430000018809	epochs	2.0
2097.1971800038145	0.04258900000013455	epochs	3.0
2097.2397690038147	0.04217530000005354	epochs	3.0
2097.2819443038147	0.08314149999978326	epochs	2.0
2097.2819443038147	0.04176969999980429	epochs	3.0
2097.3237140038145	0.041371799999978975	epochs	3.0
2097.3650858038145	0.08157970000002024	epochs	2.0
2097.3650858038145	0.040981399999964196	epochs	3.0
2097.4060672038145	0.04059830000005604	epochs	3.0
2097.4466655038145	0.08007550000002084	epochs	2.0
2097.4466655038145	0.040222300000095856	epochs	3.0
2097.4868878038146	0.03985319999992498	epochs	3.0
2097.5267410038145	0.07862569999997504	epochs	2.0
2097.5267410038145	0.03949080000029426	epochs	3.0
2097.566231803815	0.03913489999968078	epochs	3.0
2097.6053667038145	0.07722760000024209	epochs	2.0
2097.6053667038145	0.038785400000051595	epochs	3.0
2097.6441521038146	0.038442200000190496	epochs	3.0
2097.6825943038148	0.07587819999980638	epochs	2.0
2097.6825943038148	0.03810479999992822	epochs	3.0
2097.7206991038147	0.037773399999878166	epochs	3.0
2097.7584725038146	0.07457520000025397	epochs	2.0
2097.7584725038146	0.03744770000002973	epochs	3.0
2097.7959202038146	0.037127500000224245	epochs	3.0
2097.833047703815	0.07331629999998768	epochs	2.0
2097.833047703815	0.03681289999985893	epochs	3.0
2097.8698606038147	0.03650340000012875	epochs	3.0
2097.906364003815	0.07209899999998015	epochs	2.0
2097.906364003815	0.03619909999997617	epochs	3.0
2097.942563103815	0.03589990000000398	epochs	3.0
2097.978463003815	0.07092169999987163	epochs	2.0
2097.978463003815	0.03560560000005353	epochs	3.0
2098.014068603815	0.03531609999981811	epochs	3.0
2098.0493847038147	0.06978200000003199	epochs	2.0
2098.0493847038147	0.03503120000004856	epochs	3.0
2098.0844159038147	0.03475079999998343	epochs	3.0
2098.1191667038147	0.06867860000011206	epochs	2.0
2098.1191667038147	0.03447509999978138	epochs	3.0
2098.1536418038145	0.03420350000033068	epochs	3.0
2098.187845303815	0.06760929999973087	epochs	2.0
2098.187845303815	0.033936199999970995	epochs	3.0
2098.221781503815	0.03367309999975987	epochs	3.0
2098.2554546038145	0.06657290000021021	epochs	2.0
2098.2554546038145	0.03341399999999339	epochs	3.0
2098.2888686038145	0.03315890000021682	epochs	3.0
2098.3220275038148	0.06556779999982609	epochs	2.0
2098.3220275038148	0.03290770000012344	epochs	3.0
2098.354935203815	0.03266009999970265	epochs	3.0
2098.3875953038146	0.0645926000001964	epochs	2.0
2098.3875953038146	0.032416400000329304	epochs	3.0
2098.420011703815	0.032176199999867094	epochs	3.0
2098.452187903815	0.06364600000006249	epochs	2.0
2098.452187903815	0.03193959999998697	epochs	3.0
2098.4841275038148	0.03170640000007552	epochs	3.0
2098.515833903815	0.0627266999999847	epochs	2.0
2098.515833903815	0.031476599999678	epochs	3.0
2098.5473105038145	0.0312501000003067	epochs	3.0
2098.578560603815	0.06183359999977256	epochs	2.0
2098.578560603815	0.031026899999687885	epochs	3.0
2098.6095875038145	0.030806700000084675	epochs	3.0
2098.6403942038146	0.06096560000014506	epochs	2.0
2098.6403942038146	0.03058980000014344	epochs	3.0
2098.6709840038147	0.030375800000001618	epochs	3.0
2098.7013598038147	0.06012160000000222	epochs	2.0
2098.7013598038147	0.030164899999817862	epochs	3.0
2098.7315247038146	0.029956700000184355	epochs	3.0
2098.7614814038147	0.05930069999976695	epochs	2.0
2098.7614814038147	0.029751600000054168	epochs	3.0
2098.791233003815	0.02954909999971278	epochs	3.0
2098.8207821038145	0.058501800000158255	epochs	2.0
2098.8207821038145	0.029349400000228343	epochs	3.0
2098.8501315038147	0.029152399999929912	epochs	3.0
2098.8792839038147	0.05772419999993872	epochs	2.0
2098.8792839038147	0.028957999999875028	epochs	3.0
2098.9082419038145	0.02876620000006369	epochs	3.0
2098.9370081038146	0.0569671000002927	epochs	2.0
2098.9370081038146	0.028577000000041153	epochs	3.0
2098.9655851038146	0.02839010000025155	epochs	3.0
2098.993975203815	0.05622949999997218	epochs	2.0
2098.993975203815	0.028205699999944045	epochs	3.0
2099.022180903815	0.028023800000028132	epochs	3.0
2099.050204703815	0.05551070000001346	epochs	2.0
2099.050204703815	0.02784399999973175	epochs	3.0
2099.0780487038146	0.027666700000281708	epochs	3.0
2099.105715403815	0.05481019999979253	epochs	2.0
2099.105715403815	0.02749149999999645	epochs	3.0
2099.133206903815	0.02731869999979608	epochs	3.0
2099.1605256038147	0.054126999999880354	epochs	2.0
2099.1605256038147	0.027147799999966082	epochs	3.0
2099.1876734038146	0.026979199999914272	epochs	3.0
2099.2146526038146	0.053460699999959616	epochs	2.0
2099.2146526038146	0.026812600000084785	epochs	3.0
2099.2414652038146	0.02664809999987483	epochs	3.0
2099.2681133038145	0.05281070000000909	epochs	2.0
2099.2681133038145	0.026485600000341947	epochs	3.0
2099.294598903815	0.026325099999667145	epochs	3.0
2099.3209240038145	0.05217620000030365	epochs	2.0
2099.3209240038145	0.026166399999965506	epochs	3.0
2099.3470904038145	0.026009800000338146	epochs	3.0
2099.373100203815	0.05155669999976453	epochs	2.0
2099.373100203815	0.0258547999997063	epochs	3.0
2099.3989550038145	0.02570190000005823	epochs	3.0
2099.4246569038146	0.05095190000020011	epochs	2.0
2099.4246569038146	0.025550700000167126	epochs	3.0
2099.4502076038148	0.025401200000032986	epochs	3.0
2099.475608803815	0.05036100000006627	epochs	2.0
2099.475608803815	0.025253499999962514	epochs	3.0
2099.5008623038148	0.025107500000103755	epochs	3.0
2099.525969803815	0.049783799999659095	epochs	2.0
2099.525969803815	0.02496320000000196	epochs	3.0
2099.550933003815	0.024820599999657134	epochs	3.0
2099.5757536038145	0.04921950000016295	epochs	2.0
2099.5757536038145	0.024679399999968155	epochs	3.0
2099.6004330038145	0.024540100000194798	epochs	3.0
2099.6249731038147	0.04866790000005494	epochs	2.0
2099.6249731038147	0.024402099999861093	epochs	3.0
2099.6493752038145	0.02426580000019385	epochs	3.0
2099.6736410038147	0.048128599999927246	epochs	2.0
2099.6736410038147	0.024131000000124914	epochs	3.0
2099.697772003815	0.023997599999802333	epochs	3.0
2099.7217696038147	0.047601100000065344	epochs	2.0
2099.7217696038147	0.02386579999983951	epochs	3.0
2099.7456354038145	0.023735300000225834	epochs	3.0
2099.7693707038147	0.04708500000015192	epochs	2.0
2099.7693707038147	0.02360629999975572	epochs	3.0
2099.7929770038145	0.023478700000396202	epochs	3.0
2099.816455703815	0.04657999999972162	epochs	2.0
2099.816455703815	0.023352499999873544	epochs	3.0
2099.8398082038148	0.023227499999848078	epochs	3.0
2099.8630357038146	0.04608570000027612	epochs	2.0
2099.8630357038146	0.02310399999987567	epochs	3.0
2099.8861397038145	0.02298170000040045	epochs	3.0
2099.909121403815	0.045601799999985815	epochs	2.0
2099.909121403815	0.02286069999991014	epochs	3.0
2099.931982103815	0.022741100000075676	epochs	3.0
2099.954723203815	0.045127899999897636	epochs	2.0
2099.954723203815	0.022622499999670254	epochs	3.0
2099.9773457038145	0.022505400000227382	epochs	3.0
2099.9998511038148	0.04466379999985293	epochs	2.0
2099.9998511038148	0.022389299999758805	epochs	3.0
2100.0222404038145	0.022274500000094122	epochs	3.0
2100.0445149038146	0.04420920000029582	epochs	2.0
2100.0445149038146	0.02216080000016518	epochs	3.0
2100.066675703815	0.02204840000013064	epochs	3.0
2100.088724103815	0.043763599999692815	epochs	2.0
2100.088724103815	0.021936899999673187	epochs	3.0
2100.1106610038146	0.021826700000019628	epochs	3.0
2100.1324877038146	0.043327100000169594	epochs	2.0
2100.1324877038146	0.02171760000010181	epochs	3.0
2100.1542053038147	0.021609500000067783	epochs	3.0
2100.175814803815	0.04289900000003399	epochs	2.0
2100.175814803815	0.021502499999769498	epochs	3.0
2100.1973173038145	0.021396500000264496	epochs	3.0
2100.218713803815	0.04247949999989942	epochs	2.0
2100.218713803815	0.021291699999892444	epochs	3.0
2100.2400055038147	0.021187800000006973	epochs	3.0
2100.2611933038147	0.04206789999989269	epochs	2.0
2100.2611933038147	0.02108490000000529	epochs	3.0
2100.2822782038147	0.020982999999887397	epochs	3.0
2100.3032612038146	0.041664400000172463	epochs	2.0
2100.3032612038146	0.020882199999959994	epochs	3.0
2100.3241434038146	0.02078220000021247	epochs	3.0
2100.3449256038148	0.04126850000011473	epochs	2.0
2100.3449256038148	0.02068329999974594	epochs	3.0
2100.3656089038145	0.020585200000368786	epochs	3.0
2100.386194103815	0.04088000000001557	epochs	2.0
2100.386194103815	0.020488099999965925	epochs	3.0
2100.406682203815	0.020391900000049645	epochs	3.0
2100.427074103815	0.04049879999956829	epochs	2.0
2100.427074103815	0.020296599999710452	epochs	3.0
2100.4473707038146	0.02020219999985784	epochs	3.0
2100.4675729038145	0.04012460000012652	epochs	2.0
2100.4675729038145	0.02010870000003706	epochs	3.0
2100.4876816038145	0.02001590000008946	epochs	3.0
2100.5076975038146	0.03975730000001931	epochs	2.0
2100.5076975038146	0.0199241999998776	epochs	3.0
2100.5276217038145	0.019833100000141712	epochs	3.0
2100.5474548038146	0.03939669999999751	epochs	2.0
2100.5474548038146	0.019743000000289612	epochs	3.0
2100.567197803815	0.019653699999707896	epochs	3.0
2100.5868515038146	0.03904240000019854	epochs	2.0
2100.5868515038146	0.019565099999908853	epochs	3.0
2100.6064166038145	0.019477300000289688	epochs	3.0
2100.625893903815	0.03869459999987157	epochs	2.0
2100.625893903815	0.019390399999792862	epochs	3.0
2100.6452843038146	0.01930420000007871	epochs	3.0
2100.6645885038147	0.03835290000006353	epochs	2.0
2100.6645885038147	0.019218800000089686	epochs	3.0
2100.683807303815	0.01913409999997384	epochs	3.0
2100.7029414038147	0.03801720000001296	epochs	2.0
2100.7029414038147	0.019050200000037876	epochs	3.0
2100.721991603815	0.018966999999975087	epochs	3.0
2100.7409586038148	0.037687199999709264	epochs	2.0
2100.7409586038148	0.018884499999785476	epochs	3.0
2100.7598431038145	0.01880269999992379	epochs	3.0
2100.7786458038145	0.037363100000220584	epochs	2.0
2100.7786458038145	0.01872170000024198	epochs	3.0
2100.7973675038147	0.018641399999978603	epochs	3.0
2100.8160089038147	0.037044300000161456	epochs	2.0
2100.8160089038147	0.018561599999884493	epochs	3.0
2100.8345705038146	0.018482700000276964	epochs	3.0
2100.853053203815	0.03673099999969054	epochs	2.0
2100.853053203815	0.018404299999929208	epochs	3.0
2100.871457503815	0.01832669999976133	epochs	3.0
2100.8897842038145	0.03642290000016146	epochs	2.0
2100.8897842038145	0.01824960000021747	epochs	3.0
2100.9080338038148	0.018173299999943993	epochs	3.0
2100.9262071038147	0.03612010000006194	epochs	2.0
2100.9262071038147	0.018097600000146485	epochs	3.0
2100.944304703815	0.018022499999915453	epochs	3.0
2100.9623272038148	0.035822100000132195	epochs	2.0
2100.9623272038148	0.01794789999985369	epochs	3.0
2100.9802751038146	0.017874200000278506	epochs	3.0
2100.998149303815	0.03552899999976944	epochs	2.0
2100.998149303815	0.01780079999980444	epochs	3.0
2101.0159501038147	0.017728199999965	epochs	3.0
2101.0336783038147	0.03524070000003121	epochs	2.0
2101.0336783038147	0.01765609999984008	epochs	3.0
2101.0513344038145	0.01758460000019113	epochs	3.0
2101.0689190038147	0.03495710000015606	epochs	2.0
2101.0689190038147	0.017513700000108656	epochs	3.0
2101.086432703815	0.017443400000047404	epochs	3.0
2101.103876103815	0.03467789999967863	epochs	2.0
2101.103876103815	0.017373599999700673	epochs	3.0
2101.1212497038146	0.017304299999977957	epochs	3.0
2101.1385540038145	0.03440330000012182	epochs	2.0
2101.1385540038145	0.017235700000128418	epochs	3.0
2101.1557897038147	0.0171675999999934	epochs	3.0
2101.1729573038147	0.03413279999995211	epochs	2.0
2101.1729573038147	0.017099900000175694	epochs	3.0
2101.190057203815	0.01703289999977642	epochs	3.0
2101.2070901038146	0.03386670000008962	epochs	2.0
2101.2070901038146	0.01696640000000116	epochs	3.0
2101.2240565038146	0.016900300000088464	epochs	3.0
2101.2409568038147	0.03360460000021703	epochs	2.0
2101.2409568038147	0.016834800000196992	epochs	3.0
2101.257791603815	0.01676980000002004	epochs	3.0
2101.274561403815	0.03334659999973155	epochs	2.0
2101.274561403815	0.01670529999955761	epochs	3.0
2101.2912667038145	0.016641300000173942	epochs	3.0
2101.3079080038146	0.033092499999838765	epochs	2.0
2101.3079080038146	0.016577800000050047	epochs	3.0
2101.3244858038147	0.016514699999788718	epochs	3.0
2101.3410005038145	0.032842300000083924	epochs	2.0
2101.3410005038145	0.01645220000000336	epochs	3.0
2101.3574527038145	0.016390100000080565	epochs	3.0
2101.3738428038146	0.03259570000000167	epochs	2.0
2101.3738428038146	0.016328400000020338	epochs	3.0
2101.3901712038146	0.016267299999981333	epochs	3.0
2101.4064385038146	0.03235290000020541	epochs	2.0
2101.4064385038146	0.01620660000025964	epochs	3.0
2101.422645103815	0.016146299999945768	epochs	3.0
2101.438791403815	0.032113700000081735	epochs	2.0
2101.438791403815	0.016086600000107865	epochs	3.0
2101.454878003815	0.01602709999997387	epochs	3.0
2101.470905103815	0.031877999999778694	epochs	2.0
2101.470905103815	0.0159681999998611	epochs	3.0
2101.4868733038147	0.015909799999917595	epochs	3.0
2101.5027831038146	0.03164569999989908	epochs	2.0
2101.5027831038146	0.01585160000013275	epochs	3.0
2101.5186347038148	0.01579409999976633	epochs	3.0
2101.5344288038145	0.03141670000013619	epochs	2.0
2101.5344288038145	0.015736700000161363	epochs	3.0
2101.5501655038147	0.015679999999974825	epochs	3.0
2101.5658455038147	0.03119109999988723	epochs	2.0
2101.5658455038147	0.015623600000253646	epochs	3.0
2101.581469103815	0.015567499999633583	epochs	3.0
2101.5970366038146	0.030968700000357785	epochs	2.0
2101.5970366038146	0.015511999999944237	epochs	3.0
2101.6125486038145	0.015456700000413548	epochs	3.0
2101.628005303815	0.03074949999972887	epochs	2.0
2101.628005303815	0.015401999999994587	epochs	3.0
2101.643407303815	0.015347499999734282	epochs	3.0
2101.6587548038146	0.030533200000263605	epochs	2.0
2101.6587548038146	0.015293400000246038	epochs	3.0
2101.674048203815	0.015239800000017567	epochs	3.0
2101.689288003815	0.03032009999969887	epochs	2.0
2101.689288003815	0.015186499999799707	epochs	3.0
2101.7044745038147	0.015133599999899161	epochs	3.0
2101.7196081038146	0.030109900000297785	epochs	2.0
2101.7196081038146	0.015081000000009226	epochs	3.0
2101.7346891038146	0.015028900000288559	epochs	3.0
2101.749718003815	0.029902499999934662	epochs	2.0
2101.749718003815	0.014976999999817053	epochs	3.0
2101.7646950038147	0.014925500000117609	epochs	3.0
2101.779620503815	0.029698099999677652	epochs	2.0
2101.779620503815	0.014874399999825982	epochs	3.0
2101.7944949038147	0.01482369999985167	epochs	3.0
2101.8093186038145	0.029496300000118936	epochs	2.0
2101.8093186038145	0.014773200000036013	epochs	3.0
2101.8240918038146	0.014723100000082923	epochs	3.0
2101.8388149038146	0.029297399999904883	epochs	2.0
2101.8388149038146	0.014673399999992398	epochs	3.0
2101.8534883038146	0.014623999999912485	epochs	3.0
2101.8681123038145	0.029101099999934377	epochs	2.0
2101.8681123038145	0.01457490000029793	epochs	3.0
2101.882687203815	0.014526199999636447	epochs	3.0
2101.8972134038145	0.028907400000207417	epochs	2.0
2101.8972134038145	0.014477700000043114	epochs	3.0
2101.9116911038145	0.014429700000164303	epochs	3.0
2101.9261208038147	0.028716199999962555	epochs	2.0
2101.9261208038147	0.014381800000137446	epochs	3.0
2101.940502603815	0.01433439999982511	epochs	3.0
2101.9548370038146	0.02852759999996124	epochs	2.0
2101.9548370038146	0.014287200000126177	epochs	3.0
2101.9691242038148	0.014240399999835063	epochs	3.0
2101.9833646038146	0.028341400000044814	epochs	2.0
2101.9833646038146	0.014193800000157353	epochs	3.0
2101.9975584038148	0.014147599999887461	epochs	3.0
2102.0117060038147	0.028157700000065233	epochs	2.0
2102.0117060038147	0.014101700000082928	epochs	3.0
2102.0258077038147	0.014055999999982305	epochs	3.0
2102.0398637038147	0.02797629999986384	epochs	2.0
2102.0398637038147	0.014010599999892293	epochs	3.0
2102.0538743038146	0.013965699999971548	epochs	3.0
2102.0678400038146	0.027797199999895383	epochs	2.0
2102.0678400038146	0.013920800000050804	epochs	3.0
2102.0817608038146	0.01387639999984458	epochs	3.0
2102.0956372038145	0.02762040000015986	epochs	2.0
2102.0956372038145	0.01383220000025176	epochs	3.0
2102.1094694038147	0.013788199999908102	epochs	3.0
2102.1232576038146	0.027445900000202528	epochs	2.0
2102.1232576038146	0.013744599999881757	epochs	3.0
2102.1370022038145	0.01370130000032077	epochs	3.0
2102.150703503815	0.027273499999864725	epochs	2.0
2102.150703503815	0.013658200000008947	epochs	3.0
2102.164361703815	0.013615299999855779	epochs	3.0
2102.1779770038147	0.027103400000214606	epochs	2.0
2102.1779770038147	0.013572800000019924	epochs	3.0
2102.1915498038147	0.013530600000194681	epochs	3.0
2102.205080403815	0.026935199999570614	epochs	2.0
2102.205080403815	0.01348839999991469	epochs	3.0
2102.218568803815	0.013446799999655923	epochs	3.0
2102.2320156038145	0.026769200000217097	epochs	2.0
2102.2320156038145	0.01340520000030665	epochs	3.0
2102.245420803815	0.013363999999910448	epochs	3.0
2102.2587848038147	0.02660520000017641	epochs	2.0
2102.2587848038147	0.013322899999820947	epochs	3.0
2102.2721077038145	0.013282300000355463	epochs	3.0
2102.285390003815	0.0264431999999033	epochs	2.0
2102.285390003815	0.013241699999980483	epochs	3.0
2102.298631703815	0.013201499999922817	epochs	3.0
2102.311833203815	0.026283199999852513	epochs	2.0
2102.311833203815	0.013161500000023807	epochs	3.0
2102.324994703815	0.013121699999828706	epochs	3.0
2102.3381164038146	0.026124999999865395	epochs	2.0
2102.3381164038146	0.01308210000024701	epochs	3.0
2102.351198503815	0.013042899999618385	epochs	3.0
2102.3642414038145	0.025968900000407302	epochs	2.0
2102.3642414038145	0.01300390000005791	epochs	3.0
2102.3772453038146	0.012965000000349391	epochs	3.0
2102.390210303815	0.02581449999979668	epochs	2.0
2102.390210303815	0.012926399999741989	epochs	3.0
2102.4031367038147	0.012888100000054692	epochs	3.0
2102.4160248038147	0.02566190000015922	epochs	2.0
2102.4160248038147	0.012849899999764602	epochs	3.0
2102.4288747038145	0.012812000000394619	epochs	3.0
2102.441686703815	0.025511199999982637	epochs	2.0
2102.441686703815	0.012774399999671004	epochs	3.0
2102.4544611038145	0.012736800000311632	epochs	3.0
2102.467197903815	0.02536229999986972	epochs	2.0
2102.467197903815	0.012699699999757286	epochs	3.0
2102.4798976038146	0.012662600000112434	epochs	3.0
2102.4925602038147	0.02521500000011656	epochs	2.0
2102.4925602038147	0.012625800000023446	epochs	3.0
2102.5051860038147	0.012589200000093115	epochs	3.0
2102.517775203815	0.024584799999956886	epochs	2.0
2102.5397990038146	0.5	epochs	-1.0
2102.542360003815	0.9999199999997472	epochs	1.0
2103.0397990038146	0.5	epochs	-1.0
2104.56800031662	0.1212799999998424	epochs	0.0
2104.56800031662	0.05564330000015616	epochs	1.0
2104.62364361662	0.009993399999984831	epochs	1.0
2104.63363701662	0.05564329999970141	epochs	1.0
2104.68936031662	2.0	epochs	0.0
2106.68935931662	0.5	epochs	-1.0
2106.68936031662	21.999919999999747	epochs	0.0
2106.68936031662	1.0	epochs	1.0
2107.18935931662	19.997439999999642	epochs	-1.0
2107.68936031662	20.0	epochs	1.0
2107.68936031662	4.356753900000058	epochs	-1.0
2107.68936031662	1.9745871999998599	epochs	2.0
2107.68936031662	1.098562199999833	epochs	3.0
2108.78792251662	0.8760250000000269	epochs	3.0
2109.66394751662	1.3524075000000266	epochs	2.0
2109.66394751662	0.7286355000001095	epochs	3.0
2110.39258301662	0.6237719999999172	epochs	3.0
2111.01635501662	1.0297592000001714	epochs	2.0
2111.01635501662	0.5453293000000485	epochs	3.0
2111.56168431662	0.48442990000012287	epochs	3.0
2112.04611421662	0.8317861999998968	epochs	2.0
2112.04611421662	0.4357762999998158	epochs	3.0
2112.48189051662	0.39600990000008096	epochs	3.0
2112.87790041662	0.6977969999998095	epochs	2.0
2112.87790041662	0.3628982000000178	epochs	3.0
2113.24079861662	0.33489879999979166	epochs	3.0
2113.5756974166197	0.6010457000002134	epochs	2.0
2113.5756974166197	0.3109122999999272	epochs	3.0
2113.8866097166197	0.2901334000002862	epochs	3.0
2114.17674311662	0.5278859000000011	epochs	2.0
2114.17674311662	0.2719585999998344	epochs	3.0
2114.44870171662	0.2559273000001667	epochs	3.0
2114.70462901662	0.4706192999997256	epochs	2.0
2114.70462901662	0.241681299999982	epochs	3.0
2114.94631031662	0.22893799999974362	epochs	3.0
2115.1752483166197	0.42457039999999324	epochs	2.0
2115.1752483166197	0.21747140000024956	epochs	3.0
2115.39271971662	0.20709899999974368	epochs	3.0
2115.5998187166197	0.38673540000036155	epochs	2.0
2115.5998187166197	0.19767110000020693	epochs	3.0
2115.79748981662	0.18906430000015462	epochs	3.0
2115.98655411662	0.35509529999990264	epochs	2.0
2115.98655411662	0.1811758999997437	epochs	3.0
2116.1677300166198	0.17391940000015893	epochs	3.0
2116.34164941662	0.3282430999997814	epochs	2.0
2116.34164941662	0.16722189999973125	epochs	3.0
2116.5088713166197	0.16102120000005016	epochs	3.0
2116.6698925166197	0.3051680000003216	epochs	2.0
2116.6698925166197	0.15526390000013635	epochs	3.0
2116.82515641662	0.14990410000018528	epochs	3.0
2116.97506051662	0.28512529999989056	epochs	2.0
2116.97506051662	0.14490209999985382	epochs	3.0
2117.11996261662	0.14022320000003674	epochs	3.0
2117.26018581662	0.2675537999998596	epochs	2.0
2117.26018581662	0.1358368999999584	epochs	3.0
2117.39602271662	0.13171689999990122	epochs	3.0
2117.52773961662	0.25202290000015637	epochs	2.0
2117.52773961662	0.12783930000023247	epochs	3.0
2117.65557891662	0.1241835999999239	epochs	3.0
2117.77976251662	0.23819649999995818	epochs	2.0
2117.77976251662	0.1207310999998299	epochs	3.0
2117.9004936166198	0.11746540000012828	epochs	3.0
2118.01795901662	0.22580879999986792	epochs	2.0
2118.01795901662	0.11437190000015107	epochs	3.0
2118.13233091662	0.11143689999971684	epochs	3.0
2118.2437678166198	0.21464599999990241	epochs	2.0
2118.2437678166198	0.10864889999993466	epochs	3.0
2118.3524167166197	0.10599709999996776	epochs	3.0
2118.4584138166197	0.20453500000030544	epochs	2.0
2118.4584138166197	0.10347150000006877	epochs	3.0
2118.5618853166197	0.10106350000023667	epochs	3.0
2118.66294881662	0.19533400000000256	epochs	2.0
2118.66294881662	0.09876510000003691	epochs	3.0
2118.76171391662	0.09656889999996565	epochs	3.0
2118.85828281662	0.18692529999998442	epochs	2.0
2118.85828281662	0.09446829999978945	epochs	3.0
2118.9527511166198	0.09245700000019497	epochs	3.0
2119.04520811662	0.1792107000001124	epochs	2.0
2119.04520811662	0.0905296000000817	epochs	3.0
2119.13573771662	0.08868110000003071	epochs	3.0
2119.22441881662	0.17210769999974218	epochs	2.0
2119.22441881662	0.08690630000000965	epochs	3.0
2119.31132511662	0.08520139999973253	epochs	3.0
2119.39652651662	0.16554640000003928	epochs	2.0
2119.39652651662	0.08356189999994967	epochs	3.0
2119.4800884166198	0.08198450000008961	epochs	3.0
2119.56207291662	0.15946709999980158	epochs	2.0
2119.56207291662	0.08046539999986635	epochs	3.0
2119.6425383166197	0.07900169999993523	epochs	3.0
2119.7215400166197	0.15381840000009106	epochs	2.0
2119.7215400166197	0.07759010000017952	epochs	3.0
2119.79913011662	0.07622829999991154	epochs	3.0
2119.8753584166197	0.14855639999996129	epochs	2.0
2119.8753584166197	0.07491329999993468	epochs	3.0
2119.9502717166197	0.0736431000000266	epochs	3.0
2120.0239148166197	0.14364240000031714	epochs	2.0
2120.0239148166197	0.07241500000009182	epochs	3.0
2120.09632981662	0.07122740000022532	epochs	3.0
2120.16755721662	0.13904309999998077	epochs	2.0
2120.16755721662	0.0700779999997394	epochs	3.0
2120.2376352166198	0.06896510000024136	epochs	3.0
2120.30660031662	0.13472929999988992	epochs	2.0
2120.30660031662	0.0678871000000072	epochs	3.0
2120.37448741662	0.06684219999988272	epochs	3.0
2120.44132961662	0.1306752000000415	epochs	2.0
2120.44132961662	0.06582909999997355	epochs	3.0
2120.50715871662	0.06484610000006796	epochs	3.0
2120.57200481662	0.1268577999999252	epochs	2.0
2120.57200481662	0.06389200000012352	epochs	3.0
2120.63589681662	0.06296579999980167	epochs	3.0
2120.69886261662	0.12325719999989815	epochs	2.0
2120.69886261662	0.06206579999980022	epochs	3.0
2120.7609284166197	0.06119140000009793	epochs	3.0
2120.8221198166198	0.1198554000002332	epochs	2.0
2120.8221198166198	0.060341100000187	epochs	3.0
2120.88246091662	0.059514300000046205	epochs	3.0
2120.94197521662	0.1166361999999026	epochs	2.0
2120.94197521662	0.058709599999929196	epochs	3.0
2121.00068481662	0.057926599999973405	epochs	3.0
2121.05861141662	0.11358560000007856	epochs	2.0
2121.05861141662	0.05716419999998834	epochs	3.0
2121.11577561662	0.056421400000090216	epochs	3.0
2121.17219701662	0.11069049999969138	epochs	2.0
2121.17219701662	0.05569789999981367	epochs	3.0
2121.22789491662	0.05499259999987771	epochs	3.0
2121.2828875166197	0.10793910000029427	epochs	2.0
2121.2828875166197	0.054304900000261114	epochs	3.0
2121.33719241662	0.05363420000003316	epochs	3.0
2121.39082661662	0.10532149999971807	epochs	2.0
2121.39082661662	0.05297999999993408	epochs	3.0
2121.44380661662	0.05234149999978399	epochs	3.0
2121.4961481166197	0.10282760000018243	epochs	2.0
2121.4961481166197	0.05171810000001642	epochs	3.0
2121.5478662166197	0.05110950000016601	epochs	3.0
2121.59897571662	0.10044909999987794	epochs	2.0
2121.59897571662	0.050514900000052876	epochs	3.0
2121.64949061662	0.04993419999982507	epochs	3.0
2121.6994248166197	0.09817830000019967	epochs	2.0
2121.6994248166197	0.0493666000002122	epochs	3.0
2121.74879141662	0.04881169999998747	epochs	3.0
2121.79760311662	0.09600779999982478	epochs	2.0
2121.79760311662	0.04826920000004975	epochs	3.0
2121.84587231662	0.04773859999977503	epochs	3.0
2121.8936109166198	0.09393120000004274	epochs	2.0
2121.8936109166198	0.047219500000210246	epochs	3.0
2121.94083041662	0.04671169999983249	epochs	3.0
2121.98754211662	0.09194260000003851	epochs	2.0
2121.98754211662	0.046214599999984785	epochs	3.0
2122.03375671662	0.045728000000053726	epochs	3.0
2122.07948471662	0.09003630000006524	epochs	2.0
2122.07948471662	0.04525150000017675	epochs	3.0
2122.12473621662	0.04478479999988849	epochs	3.0
2122.16952101662	0.0882075999998051	epochs	2.0
2122.16952101662	0.04432779999979175	epochs	3.0
2122.2138488166197	0.04387980000001335	epochs	3.0
2122.2577286166197	0.0864516999999978	epochs	2.0
2122.2577286166197	0.04344100000025719	epochs	3.0
2122.30116961662	0.04301069999974061	epochs	3.0
2122.3441803166197	0.08476430000018809	epochs	2.0
2122.3441803166197	0.04258900000013455	epochs	3.0
2122.38676931662	0.04217530000005354	epochs	3.0
2122.42894461662	0.08314149999978326	epochs	2.0
2122.42894461662	0.04176969999980429	epochs	3.0
2122.4707143166197	0.041371799999978975	epochs	3.0
2122.5120861166197	0.08157970000002024	epochs	2.0
2122.5120861166197	0.040981399999964196	epochs	3.0
2122.5530675166196	0.04059830000005604	epochs	3.0
2122.5936658166197	0.08007550000002084	epochs	2.0
2122.5936658166197	0.040222300000095856	epochs	3.0
2122.63388811662	0.03985319999992498	epochs	3.0
2122.6737413166197	0.07862569999997504	epochs	2.0
2122.6737413166197	0.03949080000029426	epochs	3.0
2122.71323211662	0.03913489999968078	epochs	3.0
2122.7523670166197	0.07722760000024209	epochs	2.0
2122.7523670166197	0.038785400000051595	epochs	3.0
2122.7911524166198	0.038442200000190496	epochs	3.0
2122.82959461662	0.07587819999980638	epochs	2.0
2122.82959461662	0.03810479999992822	epochs	3.0
2122.86769941662	0.037773399999878166	epochs	3.0
2122.9054728166197	0.07457520000025397	epochs	2.0
2122.9054728166197	0.03744770000002973	epochs	3.0
2122.94292051662	0.037127500000224245	epochs	3.0
2122.98004801662	0.07331629999998768	epochs	2.0
2122.98004801662	0.03681289999985893	epochs	3.0
2123.01686091662	0.03650340000012875	epochs	3.0
2123.05336431662	0.07209899999998015	epochs	2.0
2123.05336431662	0.03619909999997617	epochs	3.0
2123.08956341662	0.03589990000000398	epochs	3.0
2123.12546331662	0.07092169999987163	epochs	2.0
2123.12546331662	0.03560560000005353	epochs	3.0
2123.16106891662	0.03531609999981811	epochs	3.0
2123.19638501662	0.06978200000003199	epochs	2.0
2123.19638501662	0.03503120000004856	epochs	3.0
2123.23141621662	0.03475079999998343	epochs	3.0
2123.26616701662	0.06867860000011206	epochs	2.0
2123.26616701662	0.03447509999978138	epochs	3.0
2123.3006421166197	0.03420350000033068	epochs	3.0
2123.33484561662	0.06760929999973087	epochs	2.0
2123.33484561662	0.033936199999970995	epochs	3.0
2123.36878181662	0.03367309999975987	epochs	3.0
2123.4024549166197	0.06657290000021021	epochs	2.0
2123.4024549166197	0.03341399999999339	epochs	3.0
2123.4358689166197	0.03315890000021682	epochs	3.0
2123.46902781662	0.06556779999982609	epochs	2.0
2123.46902781662	0.03290770000012344	epochs	3.0
2123.50193551662	0.03266009999970265	epochs	3.0
2123.5345956166198	0.0645926000001964	epochs	2.0
2123.5345956166198	0.032416400000329304	epochs	3.0
2123.56701201662	0.032176199999867094	epochs	3.0
2123.59918821662	0.06364600000006249	epochs	2.0
2123.59918821662	0.03193959999998697	epochs	3.0
2123.63112781662	0.03170640000007552	epochs	3.0
2123.66283421662	0.0627266999999847	epochs	2.0
2123.66283421662	0.031476599999678	epochs	3.0
2123.6943108166197	0.0312501000003067	epochs	3.0
2123.72556091662	0.06183359999977256	epochs	2.0
2123.72556091662	0.031026899999687885	epochs	3.0
2123.7565878166197	0.030806700000084675	epochs	3.0
2123.7873945166198	0.06096560000014506	epochs	2.0
2123.7873945166198	0.03058980000014344	epochs	3.0
2123.81798431662	0.030375800000001618	epochs	3.0
2123.84836011662	0.06012160000000222	epochs	2.0
2123.84836011662	0.030164899999817862	epochs	3.0
2123.8785250166197	0.029956700000184355	epochs	3.0
2123.90848171662	0.05930069999976695	epochs	2.0
2123.90848171662	0.029751600000054168	epochs	3.0
2123.93823331662	0.02954909999971278	epochs	3.0
2123.9677824166197	0.058501800000158255	epochs	2.0
2123.9677824166197	0.029349400000228343	epochs	3.0
2123.99713181662	0.029152399999929912	epochs	3.0
2124.02628421662	0.05772419999993872	epochs	2.0
2124.02628421662	0.028957999999875028	epochs	3.0
2124.0552422166197	0.02876620000006369	epochs	3.0
2124.08400841662	0.0569671000002927	epochs	2.0
2124.08400841662	0.028577000000041153	epochs	3.0
2124.11258541662	0.02839010000025155	epochs	3.0
2124.14097551662	0.05622949999997218	epochs	2.0
2124.14097551662	0.028205699999944045	epochs	3.0
2124.16918121662	0.028023800000028132	epochs	3.0
2124.19720501662	0.05551070000001346	epochs	2.0
2124.19720501662	0.02784399999973175	epochs	3.0
2124.22504901662	0.027666700000281708	epochs	3.0
2124.25271571662	0.05481019999979253	epochs	2.0
2124.25271571662	0.02749149999999645	epochs	3.0
2124.28020721662	0.02731869999979608	epochs	3.0
2124.30752591662	0.054126999999880354	epochs	2.0
2124.30752591662	0.027147799999966082	epochs	3.0
2124.33467371662	0.026979199999914272	epochs	3.0
2124.3616529166197	0.053460699999959616	epochs	2.0
2124.3616529166197	0.026812600000084785	epochs	3.0
2124.38846551662	0.02664809999987483	epochs	3.0
2124.4151136166197	0.05281070000000909	epochs	2.0
2124.4151136166197	0.026485600000341947	epochs	3.0
2124.44159921662	0.026325099999667145	epochs	3.0
2124.4679243166197	0.05217620000030365	epochs	2.0
2124.4679243166197	0.026166399999965506	epochs	3.0
2124.4940907166197	0.026009800000338146	epochs	3.0
2124.52010051662	0.05155669999976453	epochs	2.0
2124.52010051662	0.0258547999997063	epochs	3.0
2124.5459553166197	0.02570190000005823	epochs	3.0
2124.5716572166198	0.05095190000020011	epochs	2.0
2124.5716572166198	0.025550700000167126	epochs	3.0
2124.59720791662	0.025401200000032986	epochs	3.0
2124.62260911662	0.05036100000006627	epochs	2.0
2124.62260911662	0.025253499999962514	epochs	3.0
2124.64786261662	0.025107500000103755	epochs	3.0
2124.67297011662	0.049783799999659095	epochs	2.0
2124.67297011662	0.02496320000000196	epochs	3.0
2124.69793331662	0.024820599999657134	epochs	3.0
2124.7227539166197	0.04921950000016295	epochs	2.0
2124.7227539166197	0.024679399999968155	epochs	3.0
2124.7474333166197	0.024540100000194798	epochs	3.0
2124.77197341662	0.04866790000005494	epochs	2.0
2124.77197341662	0.024402099999861093	epochs	3.0
2124.7963755166197	0.02426580000019385	epochs	3.0
2124.82064131662	0.048128599999927246	epochs	2.0
2124.82064131662	0.024131000000124914	epochs	3.0
2124.84477231662	0.023997599999802333	epochs	3.0
2124.86876991662	0.047601100000065344	epochs	2.0
2124.86876991662	0.02386579999983951	epochs	3.0
2124.8926357166197	0.023735300000225834	epochs	3.0
2124.91637101662	0.04708500000015192	epochs	2.0
2124.91637101662	0.02360629999975572	epochs	3.0
2124.9399773166197	0.023478700000396202	epochs	3.0
2124.96345601662	0.04657999999972162	epochs	2.0
2124.96345601662	0.023352499999873544	epochs	3.0
2124.98680851662	0.023227499999848078	epochs	3.0
2125.01003601662	0.04608570000027612	epochs	2.0
2125.01003601662	0.02310399999987567	epochs	3.0
2125.0331400166197	0.02298170000040045	epochs	3.0
2125.05612171662	0.045601799999985815	epochs	2.0
2125.05612171662	0.02286069999991014	epochs	3.0
2125.07898241662	0.022741100000075676	epochs	3.0
2125.10172351662	0.045127899999897636	epochs	2.0
2125.10172351662	0.022622499999670254	epochs	3.0
2125.1243460166197	0.022505400000227382	epochs	3.0
2125.14685141662	0.04466379999985293	epochs	2.0
2125.14685141662	0.022389299999758805	epochs	3.0
2125.1692407166197	0.022274500000094122	epochs	3.0
2125.19151521662	0.04420920000029582	epochs	2.0
2125.19151521662	0.02216080000016518	epochs	3.0
2125.21367601662	0.02204840000013064	epochs	3.0
2125.23572441662	0.043763599999692815	epochs	2.0
2125.23572441662	0.021936899999673187	epochs	3.0
2125.2576613166198	0.021826700000019628	epochs	3.0
2125.27948801662	0.043327100000169594	epochs	2.0
2125.27948801662	0.02171760000010181	epochs	3.0
2125.30120561662	0.021609500000067783	epochs	3.0
2125.32281511662	0.04289900000003399	epochs	2.0
2125.32281511662	0.021502499999769498	epochs	3.0
2125.3443176166197	0.021396500000264496	epochs	3.0
2125.36571411662	0.04247949999989942	epochs	2.0
2125.36571411662	0.021291699999892444	epochs	3.0
2125.38700581662	0.021187800000006973	epochs	3.0
2125.40819361662	0.04206789999989269	epochs	2.0
2125.40819361662	0.02108490000000529	epochs	3.0
2125.42927851662	0.020982999999887397	epochs	3.0
2125.45026151662	0.041664400000172463	epochs	2.0
2125.45026151662	0.020882199999959994	epochs	3.0
2125.4711437166197	0.02078220000021247	epochs	3.0
2125.49192591662	0.04126850000011473	epochs	2.0
2125.49192591662	0.02068329999974594	epochs	3.0
2125.5126092166197	0.020585200000368786	epochs	3.0
2125.53319441662	0.04088000000001557	epochs	2.0
2125.53319441662	0.020488099999965925	epochs	3.0
2125.55368251662	0.020391900000049645	epochs	3.0
2125.57407441662	0.04049879999956829	epochs	2.0
2125.57407441662	0.020296599999710452	epochs	3.0
2125.59437101662	0.02020219999985784	epochs	3.0
2125.6145732166196	0.04012460000012652	epochs	2.0
2125.6145732166196	0.02010870000003706	epochs	3.0
2125.6346819166197	0.02001590000008946	epochs	3.0
2125.65469781662	0.03975730000001931	epochs	2.0
2125.65469781662	0.0199241999998776	epochs	3.0
2125.6746220166197	0.019833100000141712	epochs	3.0
2125.69445511662	0.03939669999999751	epochs	2.0
2125.69445511662	0.019743000000289612	epochs	3.0
2125.71419811662	0.019653699999707896	epochs	3.0
2125.73385181662	0.03904240000019854	epochs	2.0
2125.73385181662	0.019565099999908853	epochs	3.0
2125.7534169166197	0.019477300000289688	epochs	3.0
2125.77289421662	0.03869459999987157	epochs	2.0
2125.77289421662	0.019390399999792862	epochs	3.0
2125.79228461662	0.01930420000007871	epochs	3.0
2125.81158881662	0.03835290000006353	epochs	2.0
2125.81158881662	0.019218800000089686	epochs	3.0
2125.83080761662	0.01913409999997384	epochs	3.0
2125.84994171662	0.03801720000001296	epochs	2.0
2125.84994171662	0.019050200000037876	epochs	3.0
2125.86899191662	0.018966999999975087	epochs	3.0
2125.88795891662	0.037687199999709264	epochs	2.0
2125.88795891662	0.018884499999785476	epochs	3.0
2125.9068434166197	0.01880269999992379	epochs	3.0
2125.9256461166196	0.037363100000220584	epochs	2.0
2125.9256461166196	0.01872170000024198	epochs	3.0
2125.94436781662	0.018641399999978603	epochs	3.0
2125.96300921662	0.037044300000161456	epochs	2.0
2125.96300921662	0.018561599999884493	epochs	3.0
2125.9815708166198	0.018482700000276964	epochs	3.0
2126.00005351662	0.03673099999969054	epochs	2.0
2126.00005351662	0.018404299999929208	epochs	3.0
2126.01845781662	0.01832669999976133	epochs	3.0
2126.0367845166197	0.03642290000016146	epochs	2.0
2126.0367845166197	0.01824960000021747	epochs	3.0
2126.05503411662	0.018173299999943993	epochs	3.0
2126.07320741662	0.03612010000006194	epochs	2.0
2126.07320741662	0.018097600000146485	epochs	3.0
2126.09130501662	0.018022499999915453	epochs	3.0
2126.10932751662	0.035822100000132195	epochs	2.0
2126.10932751662	0.01794789999985369	epochs	3.0
2126.12727541662	0.017874200000278506	epochs	3.0
2126.14514961662	0.03552899999976944	epochs	2.0
2126.14514961662	0.01780079999980444	epochs	3.0
2126.16295041662	0.017728199999965	epochs	3.0
2126.18067861662	0.03524070000003121	epochs	2.0
2126.18067861662	0.01765609999984008	epochs	3.0
2126.1983347166197	0.01758460000019113	epochs	3.0
2126.21591931662	0.03495710000015606	epochs	2.0
2126.21591931662	0.017513700000108656	epochs	3.0
2126.23343301662	0.017443400000047404	epochs	3.0
2126.25087641662	0.03467789999967863	epochs	2.0
2126.25087641662	0.017373599999700673	epochs	3.0
2126.2682500166197	0.017304299999977957	epochs	3.0
2126.2855543166197	0.03440330000012182	epochs	2.0
2126.2855543166197	0.017235700000128418	epochs	3.0
2126.30279001662	0.0171675999999934	epochs	3.0
2126.31995761662	0.03413279999995211	epochs	2.0
2126.31995761662	0.017099900000175694	epochs	3.0
2126.33705751662	0.01703289999977642	epochs	3.0
2126.35409041662	0.03386670000008962	epochs	2.0
2126.35409041662	0.01696640000000116	epochs	3.0
2126.37105681662	0.016900300000088464	epochs	3.0
2126.38795711662	0.03360460000021703	epochs	2.0
2126.38795711662	0.016834800000196992	epochs	3.0
2126.40479191662	0.01676980000002004	epochs	3.0
2126.42156171662	0.03334659999973155	epochs	2.0
2126.42156171662	0.01670529999955761	epochs	3.0
2126.4382670166196	0.016641300000173942	epochs	3.0
2126.45490831662	0.033092499999838765	epochs	2.0
2126.45490831662	0.016577800000050047	epochs	3.0
2126.47148611662	0.016514699999788718	epochs	3.0
2126.4880008166197	0.032842300000083924	epochs	2.0
2126.4880008166197	0.01645220000000336	epochs	3.0
2126.5044530166197	0.016390100000080565	epochs	3.0
2126.5208431166197	0.03259570000000167	epochs	2.0
2126.5208431166197	0.016328400000020338	epochs	3.0
2126.5371715166198	0.016267299999981333	epochs	3.0
2126.5534388166197	0.03235290000020541	epochs	2.0
2126.5534388166197	0.01620660000025964	epochs	3.0
2126.56964541662	0.016146299999945768	epochs	3.0
2126.58579171662	0.032113700000081735	epochs	2.0
2126.58579171662	0.016086600000107865	epochs	3.0
2126.60187831662	0.01602709999997387	epochs	3.0
2126.61790541662	0.031877999999778694	epochs	2.0
2126.61790541662	0.0159681999998611	epochs	3.0
2126.63387361662	0.015909799999917595	epochs	3.0
2126.64978341662	0.03164569999989908	epochs	2.0
2126.64978341662	0.01585160000013275	epochs	3.0
2126.66563501662	0.01579409999976633	epochs	3.0
2126.6814291166197	0.03141670000013619	epochs	2.0
2126.6814291166197	0.015736700000161363	epochs	3.0
2126.69716581662	0.015679999999974825	epochs	3.0
2126.71284581662	0.03119109999988723	epochs	2.0
2126.71284581662	0.015623600000253646	epochs	3.0
2126.72846941662	0.015567499999633583	epochs	3.0
2126.7440369166197	0.030968700000357785	epochs	2.0
2126.7440369166197	0.015511999999944237	epochs	3.0
2126.7595489166197	0.015456700000413548	epochs	3.0
2126.77500561662	0.03074949999972887	epochs	2.0
2126.77500561662	0.015401999999994587	epochs	3.0
2126.79040761662	0.015347499999734282	epochs	3.0
2126.80575511662	0.030533200000263605	epochs	2.0
2126.80575511662	0.015293400000246038	epochs	3.0
2126.82104851662	0.015239800000017567	epochs	3.0
2126.83628831662	0.03032009999969887	epochs	2.0
2126.83628831662	0.015186499999799707	epochs	3.0
2126.85147481662	0.015133599999899161	epochs	3.0
2126.86660841662	0.030109900000297785	epochs	2.0
2126.86660841662	0.015081000000009226	epochs	3.0
2126.88168941662	0.015028900000288559	epochs	3.0
2126.89671831662	0.029902499999934662	epochs	2.0
2126.89671831662	0.014976999999817053	epochs	3.0
2126.91169531662	0.014925500000117609	epochs	3.0
2126.92662081662	0.029698099999677652	epochs	2.0
2126.92662081662	0.014874399999825982	epochs	3.0
2126.94149521662	0.01482369999985167	epochs	3.0
2126.9563189166197	0.029496300000118936	epochs	2.0
2126.9563189166197	0.014773200000036013	epochs	3.0
2126.9710921166197	0.014723100000082923	epochs	3.0
2126.98581521662	0.029297399999904883	epochs	2.0
2126.98581521662	0.014673399999992398	epochs	3.0
2127.00048861662	0.014623999999912485	epochs	3.0
2127.0151126166197	0.029101099999934377	epochs	2.0
2127.0151126166197	0.01457490000029793	epochs	3.0
2127.02968751662	0.014526199999636447	epochs	3.0
2127.0442137166197	0.028907400000207417	epochs	2.0
2127.0442137166197	0.014477700000043114	epochs	3.0
2127.0586914166197	0.014429700000164303	epochs	3.0
2127.07312111662	0.028716199999962555	epochs	2.0
2127.07312111662	0.014381800000137446	epochs	3.0
2127.08750291662	0.01433439999982511	epochs	3.0
2127.10183731662	0.02852759999996124	epochs	2.0
2127.10183731662	0.014287200000126177	epochs	3.0
2127.11612451662	0.014240399999835063	epochs	3.0
2127.13036491662	0.028341400000044814	epochs	2.0
2127.13036491662	0.014193800000157353	epochs	3.0
2127.14455871662	0.014147599999887461	epochs	3.0
2127.15870631662	0.028157700000065233	epochs	2.0
2127.15870631662	0.014101700000082928	epochs	3.0
2127.17280801662	0.014055999999982305	epochs	3.0
2127.18686401662	0.02797629999986384	epochs	2.0
2127.18686401662	0.014010599999892293	epochs	3.0
2127.20087461662	0.013965699999971548	epochs	3.0
2127.2148403166198	0.027797199999895383	epochs	2.0
2127.2148403166198	0.013920800000050804	epochs	3.0
2127.22876111662	0.01387639999984458	epochs	3.0
2127.2426375166197	0.02762040000015986	epochs	2.0
2127.2426375166197	0.01383220000025176	epochs	3.0
2127.25646971662	0.013788199999908102	epochs	3.0
2127.27025791662	0.027445900000202528	epochs	2.0
2127.27025791662	0.013744599999881757	epochs	3.0
2127.2840025166197	0.01370130000032077	epochs	3.0
2127.29770381662	0.027273499999864725	epochs	2.0
2127.29770381662	0.013658200000008947	epochs	3.0
2127.31136201662	0.013615299999855779	epochs	3.0
2127.32497731662	0.027103400000214606	epochs	2.0
2127.32497731662	0.013572800000019924	epochs	3.0
2127.33855011662	0.013530600000194681	epochs	3.0
2127.35208071662	0.026935199999570614	epochs	2.0
2127.35208071662	0.01348839999991469	epochs	3.0
2127.36556911662	0.013446799999655923	epochs	3.0
2127.3790159166197	0.026769200000217097	epochs	2.0
2127.3790159166197	0.01340520000030665	epochs	3.0
2127.39242111662	0.013363999999910448	epochs	3.0
2127.40578511662	0.02660520000017641	epochs	2.0
2127.40578511662	0.013322899999820947	epochs	3.0
2127.4191080166197	0.013282300000355463	epochs	3.0
2127.43239031662	0.0264431999999033	epochs	2.0
2127.43239031662	0.013241699999980483	epochs	3.0
2127.44563201662	0.013201499999922817	epochs	3.0
2127.45883351662	0.026283199999852513	epochs	2.0
2127.45883351662	0.013161500000023807	epochs	3.0
2127.47199501662	0.013121699999828706	epochs	3.0
2127.48511671662	0.026124999999865395	epochs	2.0
2127.48511671662	0.01308210000024701	epochs	3.0
2127.49819881662	0.013042899999618385	epochs	3.0
2127.5112417166197	0.025968900000407302	epochs	2.0
2127.5112417166197	0.01300390000005791	epochs	3.0
2127.5242456166197	0.012965000000349391	epochs	3.0
2127.53721061662	0.02581449999979668	epochs	2.0
2127.53721061662	0.012926399999741989	epochs	3.0
2127.55013701662	0.012888100000054692	epochs	3.0
2127.56302511662	0.02566190000015922	epochs	2.0
2127.56302511662	0.012849899999764602	epochs	3.0
2127.5758750166196	0.012812000000394619	epochs	3.0
2127.58868701662	0.025511199999982637	epochs	2.0
2127.58868701662	0.012774399999671004	epochs	3.0
2127.6014614166197	0.012736800000311632	epochs	3.0
2127.61419821662	0.02536229999986972	epochs	2.0
2127.61419821662	0.012699699999757286	epochs	3.0
2127.62689791662	0.012662600000112434	epochs	3.0
2127.63956051662	0.02521500000011656	epochs	2.0
2127.63956051662	0.012625800000023446	epochs	3.0
2127.65218631662	0.012589200000093115	epochs	3.0
2127.66477551662	0.024584799999956886	epochs	2.0
2127.6867993166197	0.5	epochs	-1.0
2127.68936031662	0.9999199999997472	epochs	1.0
2128.1867993166197	0.5	epochs	-1.0
2129.625	0.1212799999998424	epochs	0.0
2129.625	0.05564330000015616	epochs	1.0
2129.6806433	0.009993399999984831	epochs	1.0
2129.6906367	0.05564329999970141	epochs	1.0
2129.74636	2.0	epochs	0.0
2131.746359	0.5	epochs	-1.0
2131.74636	0.5385599999999613	epochs	0.0
2131.74636	0.5385599999999613	epochs	1.0
2132.246359	0.03856099999984508	epochs	-1.0
2132.28492	21.461359999999786	epochs	0.0
2133.363000392914	0.1212799999998424	epochs	0.0
2133.363000392914	0.05564330000015616	epochs	1.0
2133.418643692914	0.009993399999984831	epochs	1.0
2133.428637092914	0.05564329999970141	epochs	1.0
2133.484360392914	2.0	epochs	0.0
2135.484359392914	0.5	epochs	-1.0
2135.484360392914	0.5385599999999613	epochs	0.0
2135.484360392914	0.5385599999999613	epochs	1.0
2135.984359392914	0.03856099999984508	epochs	-1.0
2136.022920392914	21.461359999999786	epochs	0.0
2137.1620001792908	0.1212799999998424	epochs	0.0
2137.1620001792908	0.05564330000015616	epochs	1.0
2137.217643479291	0.009993399999984831	epochs	1.0
2137.227636879291	0.05564329999970141	epochs	1.0
2137.283360179291	2.0	epochs	0.0
2139.283359179291	0.5	epochs	-1.0
2139.283360179291	5.378639999999905	epochs	0.0
2139.283360179291	1.0	epochs	1.0
2139.783359179291	4.878640999999789	epochs	-1.0
2140.283360179291	4.378639999999905	epochs	1.0
2140.283360179291	4.356753900000058	epochs	-1.0
2140.283360179291	1.9745871999998599	epochs	2.0
2140.283360179291	1.098562199999833	epochs	3.0
2141.3819223792907	0.8760250000000269	epochs	3.0
2142.2579473792907	1.3524075000000266	epochs	2.0
2142.2579473792907	0.7286355000001095	epochs	3.0
2142.986582879291	0.6237719999999172	epochs	3.0
2143.6103548792908	1.0297592000001714	epochs	2.0
2143.6103548792908	0.5453293000000485	epochs	3.0
2144.155684179291	0.48442990000012287	epochs	3.0
2144.640114079291	0.02188609999984692	epochs	2.0
2144.640114079291	0.02188609999984692	epochs	3.0
2144.6620001792908	16.621279999999842	epochs	0.0
2145.531000137329	0.1212799999998424	epochs	0.0
2145.531000137329	0.05564330000015616	epochs	1.0
2145.5866434373293	0.009993399999984831	epochs	1.0
2145.5966368373292	0.05564329999970141	epochs	1.0
2145.652360137329	2.0	epochs	0.0
2147.6523591373293	0.5	epochs	-1.0
2147.652360137329	0.5386399999997593	epochs	0.0
2147.652360137329	0.5386399999997593	epochs	1.0
2148.1523591373293	0.0386409999996431	epochs	-1.0
2148.191000137329	21.461279999999988	epochs	0.0
2149.2890000343323	0.1212799999998424	epochs	0.0
2149.2890000343323	0.05564330000015616	epochs	1.0
2149.3446433343324	0.009993399999984831	epochs	1.0
2149.3546367343324	0.05564329999970141	epochs	1.0
2149.4103600343324	2.0	epochs	0.0
2151.4103590343325	0.5	epochs	-1.0
2151.4103600343324	5.3780799999999545	epochs	0.0
2151.4103600343324	1.0	epochs	1.0
2151.9103590343325	4.878080999999838	epochs	-1.0
2152.4103600343324	4.3780799999999545	epochs	1.0
2152.4103600343324	4.356753900000058	epochs	-1.0
2152.4103600343324	1.9745871999998599	epochs	2.0
2152.4103600343324	1.098562199999833	epochs	3.0
2153.508922234332	0.8760250000000269	epochs	3.0
2154.3849472343322	1.3524075000000266	epochs	2.0
2154.3849472343322	0.7286355000001095	epochs	3.0
2155.1135827343323	0.6237719999999172	epochs	3.0
2155.7373547343323	1.0297592000001714	epochs	2.0
2155.7373547343323	0.5453293000000485	epochs	3.0
2156.2826840343323	0.48442990000012287	epochs	3.0
2156.7671139343324	0.02132609999989654	epochs	2.0
2156.7671139343324	0.02132609999989654	epochs	3.0
2156.7884400343323	16.621839999999793	epochs	0.0
2157.675000190735	0.1212799999998424	epochs	0.0
2157.675000190735	0.05564330000015616	epochs	1.0
2157.730643490735	0.009993399999984831	epochs	1.0
2157.740636890735	0.05564329999970141	epochs	1.0
2157.796360190735	2.0	epochs	0.0
2159.796359190735	0.5	epochs	-1.0
2159.796360190735	0.5387999999998101	epochs	0.0
2159.796360190735	0.5387999999998101	epochs	1.0
2160.296359190735	0.038800999999693886	epochs	-1.0
2160.3351601907348	21.461119999999937	epochs	0.0
2172.6710000038147	0.1212799999998424	epochs	0.0
2172.6710000038147	0.05564330000015616	epochs	1.0
2172.726643303815	0.009993399999984831	epochs	1.0
2172.736636703815	0.05564329999970141	epochs	1.0
2172.792360003815	0.22991999999976542	epochs	0.0
2172.792360003815	0.04999999999972715	epochs	1.0
2172.8423600038145	0.010000000000218279	epochs	1.0
2172.8523600038147	0.0500000000001819	epochs	1.0
2172.902360003815	0.009999999999763531	epochs	1.0
2172.9123600038147	0.0500000000001819	epochs	1.0
2172.962360003815	0.009999999999763531	epochs	1.0
2172.9723600038146	0.04991999999992913	epochs	1.0
