onset	duration	nwb_table	treelevel
9.397000312805176	0.09999999999999964	epochs	0.0
9.397000312805176	0.04499999999999993	epochs	1.0
9.442000312805176	0.009999999999999787	epochs	1.0
9.452000312805175	0.04499999999999993	epochs	1.0
9.497000312805175	0.7049950000000003	epochs	0.0
9.497000312805175	0.5	epochs	-1.0
9.497000312805175	0.5	epochs	-1.0
9.497000312805175	0.5	epochs	1.0
9.997000312805175	0.0600000000000005	epochs	-1.0
9.997000312805175	0.025000000000000355	epochs	-1.0
9.997000312805175	0.025000000000000355	epochs	1.0
10.022000312805176	0.009999999999999787	epochs	-1.0
10.022000312805176	0.009999999999999787	epochs	1.0
10.032000312805176	0.025000000000000355	epochs	-1.0
10.032000312805176	0.025000000000000355	epochs	1.0
10.057000312805176	0.0600000000000005	epochs	-1.0
10.057000312805176	0.025000000000000355	epochs	-1.0
10.057000312805176	0.025000000000000355	epochs	1.0
10.082000312805176	0.009999999999999787	epochs	-1.0
10.082000312805176	0.009999999999999787	epochs	1.0
10.092000312805176	0.025000000000000355	epochs	-1.0
10.092000312805176	0.025000000000000355	epochs	1.0
10.117000312805176	0.05999999999999872	epochs	-1.0
10.117000312805176	0.02499999999999858	epochs	-1.0
10.117000312805176	0.02499999999999858	epochs	1.0
10.142000312805175	0.010000000000001563	epochs	-1.0
10.142000312805175	0.010000000000001563	epochs	1.0
10.152000312805177	0.02499999999999858	epochs	-1.0
10.152000312805177	0.02499999999999858	epochs	1.0
10.177000312805175	0.024995000000000545	epochs	1.0
3993.143000125885	0.09999999999990905	epochs	0.0
3993.143000125885	0.04500000000007276	epochs	1.0
3993.188000125885	0.009999999999763531	epochs	1.0
3993.198000125885	0.04500000000007276	epochs	1.0
3993.243000125885	0.7049950000000536	epochs	0.0
3993.243000125885	0.5	epochs	-1.0
3993.243000125885	0.5	epochs	1.0
3993.743000125885	0.05999999999994543	epochs	-1.0
3993.743000125885	0.02500000000009095	epochs	-1.0
3993.743000125885	0.02500000000009095	epochs	1.0
3993.768000125885	0.010000000000218279	epochs	-1.0
3993.768000125885	0.010000000000218279	epochs	1.0
3993.7780001258852	0.024999999999636202	epochs	-1.0
3993.7780001258852	0.024999999999636202	epochs	1.0
3993.803000125885	0.05999999999994543	epochs	-1.0
3993.803000125885	0.02500000000009095	epochs	-1.0
3993.803000125885	0.02500000000009095	epochs	1.0
3993.828000125885	0.010000000000218279	epochs	-1.0
3993.828000125885	0.010000000000218279	epochs	1.0
3993.838000125885	0.024999999999636202	epochs	-1.0
3993.838000125885	0.024999999999636202	epochs	1.0
3993.863000125885	0.06000000000040018	epochs	-1.0
3993.863000125885	0.02500000000009095	epochs	-1.0
3993.863000125885	0.02500000000009095	epochs	1.0
3993.888000125885	0.010000000000218279	epochs	-1.0
3993.888000125885	0.010000000000218279	epochs	1.0
3993.898000125885	0.02500000000009095	epochs	-1.0
3993.898000125885	0.02500000000009095	epochs	1.0
3993.923000125885	0.024994999999762513	epochs	1.0
4096.335000038147	0.1000000000003638	epochs	0.0
4096.335000038147	0.04500000000007276	epochs	1.0
4096.380000038147	0.010000000000218279	epochs	1.0
4096.390000038147	0.04500000000007276	epochs	1.0
4096.435000038147	61.384994999999435	epochs	0.0
4096.435000038147	0.5	epochs	-1.0
4096.435000038147	0.5	epochs	-1.0
4096.435000038147	0.5	epochs	1.0
4096.935000038147	0.05999999999949068	epochs	-1.0
4096.935000038147	0.024999999999636202	epochs	-1.0
4096.935000038147	0.024999999999636202	epochs	1.0
4096.960000038147	0.010000000000218279	epochs	-1.0
4096.960000038147	0.010000000000218279	epochs	1.0
4096.970000038147	0.024999999999636202	epochs	-1.0
4096.970000038147	0.024999999999636202	epochs	1.0
4096.995000038147	0.06000000000040018	epochs	-1.0
4096.995000038147	0.025000000000545697	epochs	-1.0
4096.995000038147	0.025000000000545697	epochs	1.0
4097.020000038147	0.009999999999308784	epochs	-1.0
4097.020000038147	0.009999999999308784	epochs	1.0
4097.030000038147	0.025000000000545697	epochs	-1.0
4097.030000038147	0.025000000000545697	epochs	1.0
4097.055000038147	0.05999999999949068	epochs	-1.0
4097.055000038147	0.024999999999636202	epochs	-1.0
4097.055000038147	0.024999999999636202	epochs	1.0
4097.080000038147	0.010000000000218279	epochs	-1.0
4097.080000038147	0.010000000000218279	epochs	1.0
4097.090000038147	0.024999999999636202	epochs	-1.0
4097.090000038147	0.024999999999636202	epochs	1.0
4097.115000038147	60.0	epochs	1.0
4157.115000038147	0.5	epochs	-1.0
4157.115000038147	0.5	epochs	-1.0
4157.115000038147	0.5	epochs	1.0
4157.615000038147	0.06000000000040018	epochs	-1.0
4157.615000038147	0.025000000000545697	epochs	-1.0
4157.615000038147	0.025000000000545697	epochs	1.0
4157.640000038147	0.009999999999308784	epochs	-1.0
4157.640000038147	0.009999999999308784	epochs	1.0
4157.650000038147	0.025000000000545697	epochs	-1.0
4157.650000038147	0.025000000000545697	epochs	1.0
4157.675000038147	0.05999999999949068	epochs	-1.0
4157.675000038147	0.024999999999636202	epochs	-1.0
4157.675000038147	0.024999999999636202	epochs	1.0
4157.700000038147	0.010000000000218279	epochs	-1.0
4157.700000038147	0.010000000000218279	epochs	1.0
4157.710000038147	0.024999999999636202	epochs	-1.0
4157.710000038147	0.024999999999636202	epochs	1.0
4157.735000038147	0.06000000000040018	epochs	-1.0
4157.735000038147	0.025000000000545697	epochs	-1.0
4157.735000038147	0.025000000000545697	epochs	1.0
4157.760000038147	0.010000000000218279	epochs	-1.0
4157.760000038147	0.010000000000218279	epochs	1.0
4157.770000038147	0.024999999999636202	epochs	-1.0
4157.770000038147	0.024999999999636202	epochs	1.0
4157.795000038147	0.024994999999762513	epochs	1.0
4226.577000141144	0.1000000000003638	epochs	0.0
4226.577000141144	0.04500000000007276	epochs	1.0
4226.622000141144	0.010000000000218279	epochs	1.0
4226.632000141144	0.04500000000007276	epochs	1.0
4226.677000141144	0.7049950000000536	epochs	0.0
4226.677000141144	0.5	epochs	-1.0
4226.677000141144	0.5	epochs	-1.0
4226.677000141144	0.5	epochs	1.0
4227.177000141144	0.05999999999949068	epochs	-1.0
4227.177000141144	0.024999999999636202	epochs	-1.0
4227.177000141144	0.024999999999636202	epochs	1.0
4227.202000141144	0.010000000000218279	epochs	-1.0
4227.202000141144	0.010000000000218279	epochs	1.0
4227.212000141144	0.024999999999636202	epochs	-1.0
4227.212000141144	0.024999999999636202	epochs	1.0
4227.237000141144	0.06000000000040018	epochs	-1.0
4227.237000141144	0.025000000000545697	epochs	-1.0
4227.237000141144	0.025000000000545697	epochs	1.0
4227.262000141144	0.009999999999308784	epochs	-1.0
4227.262000141144	0.009999999999308784	epochs	1.0
4227.2720001411435	0.025000000000545697	epochs	-1.0
4227.2720001411435	0.025000000000545697	epochs	1.0
4227.297000141144	0.05999999999949068	epochs	-1.0
4227.297000141144	0.024999999999636202	epochs	-1.0
4227.297000141144	0.024999999999636202	epochs	1.0
4227.322000141144	0.010000000000218279	epochs	-1.0
4227.322000141144	0.010000000000218279	epochs	1.0
4227.332000141144	0.024999999999636202	epochs	-1.0
4227.332000141144	0.024999999999636202	epochs	1.0
4227.3570001411435	0.024995000000672007	epochs	1.0
4270.635000228882	0.05846000000019558	epochs	0.0
4270.635000228882	0.024231700000200362	epochs	1.0
4270.659231928882	0.009996599999794853	epochs	1.0
4270.669228528882	0.024231700000200362	epochs	1.0
4270.693460228882	5.999979999999596	epochs	0.0
4270.693460228882	0.5	epochs	1.0
4270.693479728882	0.5	epochs	-1.0
4270.693479728882	0.5	epochs	-1.0
4271.193460228882	5.0	epochs	1.0
4276.193460228882	0.49997999999959575	epochs	1.0
4276.193479728882	0.49996049999936076	epochs	-1.0
4280.870000362396	0.05846000000019558	epochs	0.0
4280.870000362396	0.024231700000200362	epochs	1.0
4280.894232062396	0.009996599999794853	epochs	1.0
4280.904228662396	0.024231700000200362	epochs	1.0
4280.928460362396	0.5412599999999657	epochs	0.0
4280.928460362396	0.5	epochs	1.0
4280.928479862397	0.5	epochs	-1.0
4281.428460362396	0.04125999999996566	epochs	1.0
4281.469720362396	2.95871999999963	epochs	0.0
4281.745000362396	0.05846000000019558	epochs	0.0
4281.745000362396	0.024231700000200362	epochs	1.0
4281.769232062396	0.009996599999794853	epochs	1.0
4281.779228662396	0.024231700000200362	epochs	1.0
4281.803460362396	2.5010800000000017	epochs	0.0
4281.803460362396	0.5	epochs	1.0
4281.803479862397	0.5	epochs	-1.0
4282.303460362396	1.0	epochs	1.0
4283.303460362396	1.0010800000000017	epochs	1.0
4283.803479862397	0.5	epochs	-1.0
4284.304540362396	0.998899999999594	epochs	0.0
4284.614000320435	0.05846000000019558	epochs	0.0
4284.614000320435	0.024231700000200362	epochs	1.0
4284.638232020435	0.009996599999794853	epochs	1.0
4284.648228620435	0.024231700000200362	epochs	1.0
4284.672460320435	2.5018199999994977	epochs	0.0
4284.672460320435	0.5	epochs	1.0
4284.672479820435	0.5	epochs	-1.0
4285.172460320435	1.0	epochs	1.0
4286.172460320435	1.0018199999994977	epochs	1.0
4286.672479820435	0.5	epochs	-1.0
4287.174280320434	0.9981600000000981	epochs	0.0
4287.490000247955	0.05846000000019558	epochs	0.0
4287.490000247955	0.024231700000200362	epochs	1.0
4287.5142319479555	0.009996599999794853	epochs	1.0
4287.524228547955	0.024231700000200362	epochs	1.0
4287.5484602479555	3.4999799999995957	epochs	0.0
4287.5484602479555	0.5	epochs	1.0
4287.548479747956	0.5	epochs	-1.0
4288.0484602479555	1.0	epochs	1.0
4289.0484602479555	1.9999799999995957	epochs	1.0
4289.548479747956	0.5	epochs	-1.0
4290.048479747956	0.5	epochs	-1.0
4291.390000343323	0.05846000000019558	epochs	0.0
4291.390000343323	0.024231700000200362	epochs	1.0
4291.414232043323	0.009996599999794853	epochs	1.0
4291.424228643323	0.024231700000200362	epochs	1.0
4291.448460343323	0.5414000000000669	epochs	0.0
4291.448460343323	0.5	epochs	1.0
4291.448479843323	0.5	epochs	-1.0
4291.948460343323	0.04140000000006694	epochs	1.0
4291.989860343323	2.958579999999529	epochs	0.0
4304.517000198364	0.05846000000019558	epochs	0.0
4304.517000198364	0.024231700000200362	epochs	1.0
4304.5412318983645	0.009996599999794853	epochs	1.0
4304.551228498364	0.024231700000200362	epochs	1.0
4304.575460198364	2.5016999999998006	epochs	0.0
4304.575460198364	0.5	epochs	1.0
4304.575479698365	0.5	epochs	-1.0
4305.075460198364	1.0	epochs	1.0
4306.075460198364	1.0016999999998006	epochs	1.0
4306.575479698365	0.5	epochs	-1.0
4307.077160198364	0.9982799999997951	epochs	0.0
4307.435000419617	0.05846000000019558	epochs	0.0
4307.435000419617	0.024231700000200362	epochs	1.0
4307.459232119617	0.009996599999794853	epochs	1.0
4307.469228719617	0.024231700000200362	epochs	1.0
4307.493460419617	2.5018199999994977	epochs	0.0
4307.493460419617	0.5	epochs	1.0
4307.493479919617	0.5	epochs	-1.0
4307.993460419617	1.0	epochs	1.0
4308.993460419617	1.0018199999994977	epochs	1.0
4309.493479919617	0.5	epochs	-1.0
4309.995280419616	0.9981600000000981	epochs	0.0
4310.332000255585	0.05846000000019558	epochs	0.0
4310.332000255585	0.024231700000200362	epochs	1.0
4310.356231955585	0.009996599999794853	epochs	1.0
4310.366228555585	0.024231700000200362	epochs	1.0
4310.390460255585	0.5420199999998658	epochs	0.0
4310.390460255585	0.5	epochs	1.0
4310.390479755585	0.5	epochs	-1.0
4310.890460255585	0.04201999999986583	epochs	1.0
4310.932480255585	2.95795999999973	epochs	0.0
4323.469000339508	0.05846000000019558	epochs	0.0
4323.469000339508	0.024231700000200362	epochs	1.0
4323.493232039508	0.009996599999794853	epochs	1.0
4323.503228639508	0.024231700000200362	epochs	1.0
4323.527460339508	2.5018199999994977	epochs	0.0
4323.527460339508	0.5	epochs	1.0
4323.5274798395085	0.5	epochs	-1.0
4324.027460339508	1.0	epochs	1.0
4325.027460339508	1.0018199999994977	epochs	1.0
4325.5274798395085	0.5	epochs	-1.0
4326.029280339508	0.9981600000000981	epochs	0.0
4326.456000328064	0.6499800000001414	epochs	0.0
4326.456000328064	0.0500000000001819	epochs	1.0
4326.506000328064	0.5	epochs	1.0
4327.006000328064	0.09997999999995955	epochs	1.0
4327.552000045776	0.6499800000001414	epochs	0.0
4327.552000045776	0.0500000000001819	epochs	1.0
4327.602000045777	0.5	epochs	1.0
4328.102000045777	0.09997999999995955	epochs	1.0
4328.604000091553	0.6499800000001414	epochs	0.0
4328.604000091553	0.0500000000001819	epochs	1.0
4328.654000091553	0.5	epochs	1.0
4329.154000091553	0.09997999999995955	epochs	1.0
4329.662000179291	0.6499800000001414	epochs	0.0
4329.662000179291	0.0500000000001819	epochs	1.0
4329.712000179291	0.5	epochs	1.0
4330.212000179291	0.09997999999995955	epochs	1.0
4330.747000217438	0.6499800000001414	epochs	0.0
4330.747000217438	0.0500000000001819	epochs	1.0
4330.797000217438	0.5	epochs	1.0
4331.297000217438	0.09997999999995955	epochs	1.0
4331.837000370026	0.6499800000001414	epochs	0.0
4331.837000370026	0.0500000000001819	epochs	1.0
4331.887000370026	0.5	epochs	1.0
4332.387000370026	0.09997999999995955	epochs	1.0
4332.953000068665	0.6499800000001414	epochs	0.0
4332.953000068665	0.0500000000001819	epochs	1.0
4333.003000068665	0.5	epochs	1.0
4333.503000068665	0.09997999999995955	epochs	1.0
4334.0380001068115	0.6499800000001414	epochs	0.0
4334.0380001068115	0.0500000000001819	epochs	1.0
4334.088000106812	0.5	epochs	1.0
4334.588000106812	0.09997999999995955	epochs	1.0
4335.1190004348755	0.6499800000001414	epochs	0.0
4335.1190004348755	0.0500000000001819	epochs	1.0
4335.169000434876	0.5	epochs	1.0
4335.669000434876	0.09997999999995955	epochs	1.0
4336.268000125885	0.05846000000019558	epochs	0.0
4336.268000125885	0.024231700000200362	epochs	1.0
4336.292231825885	0.009996599999794853	epochs	1.0
4336.302228425885	0.024231700000200362	epochs	1.0
4336.326460125885	2.5015800000001036	epochs	0.0
4336.326460125885	0.5	epochs	1.0
4336.326479625885	0.5	epochs	-1.0
4336.826460125885	1.0	epochs	1.0
4337.826460125885	1.0015800000001036	epochs	1.0
4338.326479625885	0.5	epochs	-1.0
4338.828040125885	2.998399999999492	epochs	0.0
4341.497000217438	0.05846000000019558	epochs	0.0
4341.497000217438	0.024231700000200362	epochs	1.0
4341.521231917438	0.009996599999794853	epochs	1.0
4341.531228517438	0.024231700000200362	epochs	1.0
4341.555460217438	2.5010599999995975	epochs	0.0
4341.555460217438	0.5	epochs	1.0
4341.555479717438	0.5	epochs	-1.0
4342.055460217438	1.0	epochs	1.0
4343.055460217438	1.0010599999995975	epochs	1.0
4343.555479717438	0.5	epochs	-1.0
4344.0565202174375	2.9989199999999983	epochs	0.0
4346.684000015259	0.05846000000019558	epochs	0.0
4346.684000015259	0.024231700000200362	epochs	1.0
4346.708231715259	0.009996599999794853	epochs	1.0
4346.718228315259	0.024231700000200362	epochs	1.0
4346.742460015259	2.501180000000204	epochs	0.0
4346.742460015259	0.5	epochs	1.0
4346.742479515259	0.5	epochs	-1.0
4347.242460015259	1.0	epochs	1.0
4348.242460015259	1.001180000000204	epochs	1.0
4348.742479515259	0.5	epochs	-1.0
4349.243640015259	3.9987999999993917	epochs	0.0
4349.753000259399	0.05846000000019558	epochs	0.0
4349.753000259399	0.024231700000200362	epochs	1.0
4349.7772319594	0.009996599999794853	epochs	1.0
4349.787228559399	0.024231700000200362	epochs	1.0
4349.8114602594	2.5015800000001036	epochs	0.0
4349.8114602594	0.5	epochs	1.0
4349.8114797594	0.5	epochs	-1.0
4350.3114602594	1.0	epochs	1.0
4351.3114602594	1.0015800000001036	epochs	1.0
4351.8114797594	0.5	epochs	-1.0
4352.3130402594	3.998399999999492	epochs	0.0
4352.778000354767	0.05846000000019558	epochs	0.0
4352.778000354767	0.024231700000200362	epochs	1.0
4352.802232054767	0.009996599999794853	epochs	1.0
4352.812228654767	0.024231700000200362	epochs	1.0
4352.836460354767	0.5414000000000669	epochs	0.0
4352.836460354767	0.5	epochs	1.0
4352.836479854767	0.5	epochs	-1.0
4353.336460354767	0.04140000000006694	epochs	1.0
4353.377860354767	5.958579999999529	epochs	0.0
4368.9130001068115	0.05846000000019558	epochs	0.0
4368.9130001068115	0.024231700000200362	epochs	1.0
4368.937231806812	0.009996599999794853	epochs	1.0
4368.9472284068115	0.024231700000200362	epochs	1.0
4368.971460106812	2.501940000000104	epochs	0.0
4368.971460106812	0.5	epochs	1.0
4368.971479606812	0.5	epochs	-1.0
4369.471460106812	1.0	epochs	1.0
4370.471460106812	1.0019400000001042	epochs	1.0
4370.971479606812	0.5	epochs	-1.0
4371.473400106812	3.9980399999994916	epochs	0.0
4371.960000038147	0.05846000000019558	epochs	0.0
4371.960000038147	0.024231700000200362	epochs	1.0
4371.984231738147	0.009996599999794853	epochs	1.0
4371.994228338147	0.024231700000200362	epochs	1.0
4372.018460038147	2.501319999999396	epochs	0.0
4372.018460038147	0.5	epochs	1.0
4372.018479538147	0.5	epochs	-1.0
4372.518460038147	1.0	epochs	1.0
4373.518460038147	1.0013199999993958	epochs	1.0
4374.018479538147	0.5	epochs	-1.0
4374.519780038147	3.9986600000002	epochs	0.0
4375.012000083923	0.05846000000019558	epochs	0.0
4375.012000083923	0.024231700000200362	epochs	1.0
4375.0362317839235	0.009996599999794853	epochs	1.0
4375.046228383923	0.024231700000200362	epochs	1.0
4375.0704600839235	2.5010800000000017	epochs	0.0
4375.0704600839235	0.5	epochs	1.0
4375.070479583924	0.5	epochs	-1.0
4375.5704600839235	1.0	epochs	1.0
4376.5704600839235	1.0010800000000017	epochs	1.0
4377.070479583924	0.5	epochs	-1.0
4377.5715400839235	3.998899999999594	epochs	0.0
4378.098999977112	0.05846000000019558	epochs	0.0
4378.098999977112	0.024231700000200362	epochs	1.0
4378.123231677112	0.009996599999794853	epochs	1.0
4378.133228277112	0.024231700000200362	epochs	1.0
4378.157459977112	0.5420199999998658	epochs	0.0
4378.157459977112	0.5	epochs	1.0
4378.157479477112	0.5	epochs	-1.0
4378.657459977112	0.04201999999986583	epochs	1.0
4378.699479977112	5.95795999999973	epochs	0.0
4394.279000282288	0.05846000000019558	epochs	0.0
4394.279000282288	0.024231700000200362	epochs	1.0
4394.303231982288	0.009996599999794853	epochs	1.0
4394.313228582288	0.024231700000200362	epochs	1.0
4394.337460282288	2.5018199999994977	epochs	0.0
4394.337460282288	0.5	epochs	1.0
4394.337479782288	0.5	epochs	-1.0
4394.837460282288	1.0	epochs	1.0
4395.837460282288	1.0018199999994977	epochs	1.0
4396.337479782288	0.5	epochs	-1.0
4396.839280282287	3.998160000000098	epochs	0.0
4397.3910002708435	0.15297999999984313	epochs	0.0
4397.3910002708435	0.0500000000001819	epochs	1.0
4397.441000270844	0.0029999999997016857	epochs	1.0
4397.444000270843	0.09997999999995955	epochs	1.0
4398.140000343323	0.15297999999984313	epochs	0.0
4398.140000343323	0.0500000000001819	epochs	1.0
4398.190000343323	0.0029999999997016857	epochs	1.0
4398.193000343323	0.09997999999995955	epochs	1.0
4398.85000038147	0.15297999999984313	epochs	0.0
4398.85000038147	0.0500000000001819	epochs	1.0
4398.90000038147	0.0029999999997016857	epochs	1.0
4398.90300038147	0.09997999999995955	epochs	1.0
4399.594000339508	0.15297999999984313	epochs	0.0
4399.594000339508	0.0500000000001819	epochs	1.0
4399.644000339508	0.0029999999997016857	epochs	1.0
4399.647000339508	0.09997999999995955	epochs	1.0
4400.280000209808	0.15297999999984313	epochs	0.0
4400.280000209808	0.0500000000001819	epochs	1.0
4400.3300002098085	0.0029999999997016857	epochs	1.0
4400.333000209808	0.09997999999995955	epochs	1.0
4401.019000053406	0.15297999999984313	epochs	0.0
4401.019000053406	0.0500000000001819	epochs	1.0
4401.069000053406	0.0029999999997016857	epochs	1.0
4401.072000053406	0.09997999999995955	epochs	1.0
4401.747000217438	0.15297999999984313	epochs	0.0
4401.747000217438	0.0500000000001819	epochs	1.0
4401.797000217438	0.0029999999997016857	epochs	1.0
4401.800000217438	0.09997999999995955	epochs	1.0
4402.47500038147	0.15297999999984313	epochs	0.0
4402.47500038147	0.0500000000001819	epochs	1.0
4402.52500038147	0.0029999999997016857	epochs	1.0
4402.52800038147	0.09997999999995955	epochs	1.0
4403.2440004348755	0.15297999999984313	epochs	0.0
4403.2440004348755	0.0500000000001819	epochs	1.0
4403.294000434876	0.0029999999997016857	epochs	1.0
4403.297000434875	0.09997999999995955	epochs	1.0
4403.990000247955	0.15297999999984313	epochs	0.0
4403.990000247955	0.0500000000001819	epochs	1.0
4404.0400002479555	0.0029999999997016857	epochs	1.0
4404.043000247955	0.09997999999995955	epochs	1.0
4404.741000175476	0.15297999999984313	epochs	0.0
4404.741000175476	0.0500000000001819	epochs	1.0
4404.791000175476	0.0029999999997016857	epochs	1.0
4404.794000175476	0.09997999999995955	epochs	1.0
4405.5380001068115	0.15297999999984313	epochs	0.0
4405.5380001068115	0.0500000000001819	epochs	1.0
4405.588000106812	0.0029999999997016857	epochs	1.0
4405.591000106811	0.09997999999995955	epochs	1.0
4406.34700012207	0.15297999999984313	epochs	0.0
4406.34700012207	0.0500000000001819	epochs	1.0
4406.3970001220705	0.0029999999997016857	epochs	1.0
4406.40000012207	0.09997999999995955	epochs	1.0
4407.106000423431	0.15297999999984313	epochs	0.0
4407.106000423431	0.0500000000001819	epochs	1.0
4407.156000423432	0.0029999999997016857	epochs	1.0
4407.159000423431	0.09997999999995955	epochs	1.0
4407.890000343323	0.15297999999984313	epochs	0.0
4407.890000343323	0.0500000000001819	epochs	1.0
4407.940000343323	0.0029999999997016857	epochs	1.0
4407.943000343323	0.09997999999995955	epochs	1.0
4408.7300000190735	0.15297999999984313	epochs	0.0
4408.7300000190735	0.0500000000001819	epochs	1.0
4408.780000019074	0.0029999999997016857	epochs	1.0
4408.783000019073	0.09997999999995955	epochs	1.0
4409.572000026703	0.05846000000019558	epochs	0.0
4409.572000026703	0.024231700000200362	epochs	1.0
4409.596231726703	0.009996599999794853	epochs	1.0
4409.606228326703	0.024231700000200362	epochs	1.0
4409.630460026703	0.541519999999764	epochs	0.0
4409.630460026703	0.5	epochs	1.0
4409.630479526703	0.5	epochs	-1.0
4410.130460026703	0.0029999999997016857	epochs	1.0
4410.133460026703	0.03852000000006228	epochs	1.0
4410.171980026703	1.0614599999998973	epochs	0.0
4422.789000034332	0.05846000000019558	epochs	0.0
4422.789000034332	0.024231700000200362	epochs	1.0
4422.8132317343325	0.009996599999794853	epochs	1.0
4422.823228334332	0.024231700000200362	epochs	1.0
4422.8474600343325	1.5420399999993606	epochs	0.0
4422.8474600343325	0.5	epochs	1.0
4422.847479534333	0.5	epochs	-1.0
4423.3474600343325	0.0029999999997016857	epochs	1.0
4423.350460034332	1.039039999999659	epochs	1.0
4423.850479534332	0.5	epochs	-1.0
4424.389500034332	0.06094000000030064	epochs	0.0
4424.970000267029	0.05846000000019558	epochs	0.0
4424.970000267029	0.024231700000200362	epochs	1.0
4424.994231967029	0.009996599999794853	epochs	1.0
4425.004228567029	0.024231700000200362	epochs	1.0
4425.028460267029	1.5416599999998652	epochs	0.0
4425.028460267029	0.5	epochs	1.0
4425.028479767029	0.5	epochs	-1.0
4425.528460267029	0.0029999999997016857	epochs	1.0
4425.531460267029	1.0386600000001636	epochs	1.0
4426.031479767029	0.5	epochs	-1.0
4426.570120267029	0.06131999999979598	epochs	0.0
4427.293000221252	0.05846000000019558	epochs	0.0
4427.293000221252	0.024231700000200362	epochs	1.0
4427.317231921253	0.009996599999794853	epochs	1.0
4427.327228521252	0.024231700000200362	epochs	1.0
4427.351460221253	8.781479999999647	epochs	0.0
4427.351460221253	0.5	epochs	1.0
4427.351479721253	0.5	epochs	-1.0
4427.851460221253	8.281479999999647	epochs	1.0
4435.133000221253	0.9999399999996967	epochs	-1.0
4435.133000221253	0.04032000000006519	epochs	-1.0
4435.630499721253	0.5	epochs	-1.0
4436.132940221252	10.718499999999949	epochs	0.0
4437.076000213623	0.05846000000019558	epochs	0.0
4437.076000213623	0.024231700000200362	epochs	1.0
4437.100231913623	0.009996599999794853	epochs	1.0
4437.110228513623	0.024231700000200362	epochs	1.0
4437.134460213623	8.721620000000257	epochs	0.0
4437.134460213623	0.5	epochs	1.0
4437.1344797136235	0.5	epochs	-1.0
4437.634460213623	8.221620000000257	epochs	1.0
4444.856020213623	1.0000600000003033	epochs	-1.0
4444.856020213623	0.04029999999966094	epochs	-1.0
4445.353519713623	0.5	epochs	-1.0
4445.8560802136235	10.778359999999338	epochs	0.0
4446.602000236511	0.05846000000019558	epochs	0.0
4446.602000236511	0.024231700000200362	epochs	1.0
4446.626231936511	0.009996599999794853	epochs	1.0
4446.636228536511	0.024231700000200362	epochs	1.0
4446.660460236511	8.741860000000088	epochs	0.0
4446.660460236511	0.5	epochs	1.0
4446.660479736512	0.5	epochs	-1.0
4447.160460236511	8.241860000000088	epochs	1.0
4454.402380236511	0.9999400000006062	epochs	-1.0
4454.402380236511	0.03956000000016502	epochs	-1.0
4454.899879736511	0.5	epochs	-1.0
4455.4023202365115	10.758119999999508	epochs	0.0
4474.442000389099	0.058399999999892316	epochs	0.0
4474.442000389099	0.024206799999774375	epochs	1.0
4474.466207189099	0.009986400000343565	epochs	1.0
4474.476193589099	0.024206799999774375	epochs	1.0
4474.500400389099	2.0	epochs	0.0
4476.500400389099	21.500960000000305	epochs	0.0
4476.500400389099	1.0	epochs	1.0
4476.5004798891	0.5	epochs	-1.0
4477.0004798891	19.999519999999393	epochs	-1.0
4477.500400389099	20.0	epochs	1.0
4477.500400389099	4.356753900000513	epochs	-1.0
4477.500400389099	1.9745872000003146	epochs	2.0
4477.500400389099	1.098562199999833	epochs	3.0
4478.598962589099	0.8760250000004817	epochs	3.0
4479.474987589099	1.3524074999995719	epochs	2.0
4479.474987589099	0.7286354999996547	epochs	3.0
4480.203623089099	0.6237719999999172	epochs	3.0
4480.827395089099	1.0297592000006262	epochs	2.0
4480.827395089099	0.5453293000000485	epochs	3.0
4481.372724389099	0.4844299000005776	epochs	3.0
4481.8571542890995	0.831786199999442	epochs	2.0
4481.8571542890995	0.4357762999998158	epochs	3.0
4482.292930589099	0.3960098999996262	epochs	3.0
4482.688940489099	0.6977969999998095	epochs	2.0
4482.688940489099	0.3628982000000178	epochs	3.0
4483.051838689099	0.33489879999979166	epochs	3.0
4483.386737489099	0.6010457000002134	epochs	2.0
4483.386737489099	0.31091230000038195	epochs	3.0
4483.697649789099	0.29013339999983145	epochs	3.0
4483.987783189099	0.5278859000000011	epochs	2.0
4483.987783189099	0.27195860000028915	epochs	3.0
4484.259741789099	0.255927299999712	epochs	3.0
4484.515669089099	0.4706193000001804	epochs	2.0
4484.515669089099	0.241681299999982	epochs	3.0
4484.757350389099	0.22893800000019837	epochs	3.0
4484.986288389099	0.4245703999995385	epochs	2.0
4484.986288389099	0.21747140000024956	epochs	3.0
4485.203759789099	0.20709899999928894	epochs	3.0
4485.410858789099	0.38673540000036155	epochs	2.0
4485.410858789099	0.19767110000066168	epochs	3.0
4485.608529889099	0.18906429999969987	epochs	3.0
4485.797594189099	0.3550953000003574	epochs	2.0
4485.797594189099	0.18117590000019845	epochs	3.0
4485.978770089099	0.17391940000015893	epochs	3.0
4486.152689489099	0.3282430999997814	epochs	2.0
4486.152689489099	0.1672218999992765	epochs	3.0
4486.319911389099	0.1610212000005049	epochs	3.0
4486.480932589099	0.3051679999998669	epochs	2.0
4486.480932589099	0.15526390000013635	epochs	3.0
4486.636196489099	0.14990409999973053	epochs	3.0
4486.786100589099	0.28512529999989056	epochs	2.0
4486.786100589099	0.14490209999985382	epochs	3.0
4486.931002689099	0.14022320000003674	epochs	3.0
4487.071225889099	0.26755380000031437	epochs	2.0
4487.071225889099	0.1358368999999584	epochs	3.0
4487.207062789099	0.13171690000035596	epochs	3.0
4487.338779689099	0.25202290000015637	epochs	2.0
4487.338779689099	0.12783930000023247	epochs	3.0
4487.4666189890995	0.1241835999999239	epochs	3.0
4487.590802589099	0.23819649999950343	epochs	2.0
4487.590802589099	0.1207310999998299	epochs	3.0
4487.711533689099	0.11746539999967354	epochs	3.0
4487.828999089099	0.22580879999986792	epochs	2.0
4487.828999089099	0.11437190000015107	epochs	3.0
4487.943370989099	0.11143689999971684	epochs	3.0
4488.054807889099	0.21464600000035716	epochs	2.0
4488.054807889099	0.10864889999993466	epochs	3.0
4488.163456789099	0.1059971000004225	epochs	3.0
4488.269453889099	0.2045349999998507	epochs	2.0
4488.269453889099	0.10347149999961403	epochs	3.0
4488.372925389099	0.10106350000023667	epochs	3.0
4488.473988889099	0.19533400000000256	epochs	2.0
4488.473988889099	0.09876510000049166	epochs	3.0
4488.5727539890995	0.0965688999995109	epochs	3.0
4488.669322889099	0.18692530000043917	epochs	2.0
4488.669322889099	0.09446829999978945	epochs	3.0
4488.763791189099	0.09245700000064971	epochs	3.0
4488.8562481890995	0.1792107000001124	epochs	2.0
4488.8562481890995	0.0905296000000817	epochs	3.0
4488.9467777890995	0.08868110000003071	epochs	3.0
4489.0354588891	0.17210769999928743	epochs	2.0
4489.0354588891	0.08690629999910016	epochs	3.0
4489.122365189099	0.08520140000018728	epochs	3.0
4489.207566589099	0.16554640000049403	epochs	2.0
4489.207566589099	0.08356189999994967	epochs	3.0
4489.291128489099	0.08198450000054436	epochs	3.0
4489.373112989099	0.15946709999934683	epochs	2.0
4489.373112989099	0.0804653999994116	epochs	3.0
4489.453578389099	0.07900169999993523	epochs	3.0
4489.532580089099	0.15381840000009106	epochs	2.0
4489.532580089099	0.07759010000063427	epochs	3.0
4489.610170189099	0.0762282999994568	epochs	3.0
4489.686398489099	0.14855640000041603	epochs	2.0
4489.686398489099	0.07491329999993468	epochs	3.0
4489.761311789099	0.07364310000048135	epochs	3.0
4489.834954889099	0.14364240000031714	epochs	2.0
4489.834954889099	0.07241499999963708	epochs	3.0
4489.907369889099	0.07122740000068006	epochs	3.0
4489.9785972890995	0.13904309999998077	epochs	2.0
4489.9785972890995	0.0700779999997394	epochs	3.0
4490.048675289099	0.06896510000024136	epochs	3.0
4490.1176403890995	0.13472929999988992	epochs	2.0
4490.1176403890995	0.0678871000000072	epochs	3.0
4490.1855274890995	0.06684219999988272	epochs	3.0
4490.252369689099	0.1306752000000415	epochs	2.0
4490.252369689099	0.06582909999997355	epochs	3.0
4490.318198789099	0.06484610000006796	epochs	3.0
4490.383044889099	0.1268577999999252	epochs	2.0
4490.383044889099	0.06389200000012352	epochs	3.0
4490.4469368891	0.06296579999980167	epochs	3.0
4490.509902689099	0.12325719999989815	epochs	2.0
4490.509902689099	0.06206579999980022	epochs	3.0
4490.571968489099	0.06119140000009793	epochs	3.0
4490.633159889099	0.1198554000002332	epochs	2.0
4490.633159889099	0.060341100000187	epochs	3.0
4490.693500989099	0.059514300000046205	epochs	3.0
4490.7530152890995	0.11663619999944785	epochs	2.0
4490.7530152890995	0.058709599999929196	epochs	3.0
4490.811724889099	0.05792659999951866	epochs	3.0
4490.869651489099	0.11358560000007856	epochs	2.0
4490.869651489099	0.05716420000044309	epochs	3.0
4490.926815689099	0.05642139999963547	epochs	3.0
4490.983237089099	0.11069049999969138	epochs	2.0
4490.983237089099	0.05569790000026842	epochs	3.0
4491.038934989099	0.054992599999422964	epochs	3.0
4491.093927589099	0.10793910000029427	epochs	2.0
4491.093927589099	0.05430490000071586	epochs	3.0
4491.148232489099	0.053634199999578414	epochs	3.0
4491.201866689099	0.10532150000017282	epochs	2.0
4491.201866689099	0.05298000000038883	epochs	3.0
4491.254846689099	0.05234149999978399	epochs	3.0
4491.307188189099	0.10282759999972768	epochs	2.0
4491.307188189099	0.05171809999956167	epochs	3.0
4491.358906289099	0.05110950000016601	epochs	3.0
4491.410015789099	0.10044910000033269	epochs	2.0
4491.410015789099	0.050514900000052876	epochs	3.0
4491.460530689099	0.049934200000279816	epochs	3.0
4491.510464889099	0.09817829999974492	epochs	2.0
4491.510464889099	0.0493666000002122	epochs	3.0
4491.559831489099	0.04881169999953272	epochs	3.0
4491.608643189099	0.09600779999982478	epochs	2.0
4491.608643189099	0.0482692000005045	epochs	3.0
4491.6569123890995	0.047738599999320286	epochs	3.0
4491.704650989099	0.09393120000004274	epochs	2.0
4491.704650989099	0.047219500000210246	epochs	3.0
4491.751870489099	0.04671169999983249	epochs	3.0
4491.798582189099	0.09194260000003851	epochs	2.0
4491.798582189099	0.046214599999984785	epochs	3.0
4491.844796789099	0.045728000000053726	epochs	3.0
4491.890524789099	0.09003630000006524	epochs	2.0
4491.890524789099	0.045251500000631495	epochs	3.0
4491.9357762890995	0.044784799999433744	epochs	3.0
4491.980561089099	0.0882075999998051	epochs	2.0
4491.980561089099	0.0443278000002465	epochs	3.0
4492.024888889099	0.0438797999995586	epochs	3.0
4492.068768689099	0.0864516999999978	epochs	2.0
4492.068768689099	0.04344100000071194	epochs	3.0
4492.1122096890995	0.04301069999928586	epochs	3.0
4492.155220389099	0.08476430000064283	epochs	2.0
4492.155220389099	0.042589000000589294	epochs	3.0
4492.197809389099	0.04217530000005354	epochs	3.0
4492.239984689099	0.08314149999932852	epochs	2.0
4492.239984689099	0.04176969999934954	epochs	3.0
4492.281754389099	0.041371799999978975	epochs	3.0
4492.323126189099	0.08157970000047499	epochs	2.0
4492.323126189099	0.040981400000418944	epochs	3.0
4492.364107589099	0.04059830000005604	epochs	3.0
4492.404705889099	0.08007550000002084	epochs	2.0
4492.404705889099	0.040222300000095856	epochs	3.0
4492.444928189099	0.03985319999992498	epochs	3.0
4492.484781389099	0.07862569999997504	epochs	2.0
4492.484781389099	0.03949079999983951	epochs	3.0
4492.524272189099	0.03913490000013553	epochs	3.0
4492.563407089099	0.07722759999978734	epochs	2.0
4492.563407089099	0.038785400000051595	epochs	3.0
4492.602192489099	0.03844219999973575	epochs	3.0
4492.640634689099	0.07587820000026113	epochs	2.0
4492.640634689099	0.03810479999992822	epochs	3.0
4492.678739489099	0.03777340000033291	epochs	3.0
4492.716512889099	0.07457520000025397	epochs	2.0
4492.716512889099	0.03744769999957498	epochs	3.0
4492.753960589099	0.03712750000067899	epochs	3.0
4492.7910880890995	0.07331629999953293	epochs	2.0
4492.7910880890995	0.03681289999985893	epochs	3.0
4492.827900989099	0.036503399999674	epochs	3.0
4492.864404389099	0.07209899999998015	epochs	2.0
4492.864404389099	0.03619909999997617	epochs	3.0
4492.900603489099	0.03589990000000398	epochs	3.0
4492.936503389099	0.07092170000032638	epochs	2.0
4492.936503389099	0.03560560000005353	epochs	3.0
4492.972108989099	0.035316100000272854	epochs	3.0
4493.007425089099	0.06978199999957724	epochs	2.0
4493.007425089099	0.03503120000004856	epochs	3.0
4493.042456289099	0.03475079999952868	epochs	3.0
4493.077207089099	0.0686786000005668	epochs	2.0
4493.077207089099	0.034475100000236125	epochs	3.0
4493.111682189099	0.03420350000033068	epochs	3.0
4493.1458856890995	0.06760929999927612	epochs	2.0
4493.1458856890995	0.03393619999951625	epochs	3.0
4493.179821889099	0.03367309999975987	epochs	3.0
4493.213494989099	0.06657290000021021	epochs	2.0
4493.213494989099	0.03341400000044814	epochs	3.0
4493.246908989099	0.03315889999976207	epochs	3.0
4493.280067889099	0.06556780000028084	epochs	2.0
4493.280067889099	0.03290770000057819	epochs	3.0
4493.3129755891	0.03266009999970265	epochs	3.0
4493.345635689099	0.06459259999974165	epochs	2.0
4493.345635689099	0.03241639999941981	epochs	3.0
4493.378052089099	0.03217620000032184	epochs	3.0
4493.410228289099	0.06364600000051723	epochs	2.0
4493.410228289099	0.031939600000441715	epochs	3.0
4493.442167889099	0.03170640000007552	epochs	3.0
4493.4738742890995	0.0627266999999847	epochs	2.0
4493.4738742890995	0.031476599999223254	epochs	3.0
4493.505350889099	0.03125010000076145	epochs	3.0
4493.5366009890995	0.06183359999977256	epochs	2.0
4493.5366009890995	0.031026899999233137	epochs	3.0
4493.567627889099	0.030806700000539422	epochs	3.0
4493.598434589099	0.06096559999969031	epochs	2.0
4493.598434589099	0.030589799999688694	epochs	3.0
4493.629024389099	0.030375800000001618	epochs	3.0
4493.659400189099	0.060121600000456965	epochs	2.0
4493.659400189099	0.03016490000027261	epochs	3.0
4493.689565089099	0.029956700000184355	epochs	3.0
4493.719521789099	0.05930069999976695	epochs	2.0
4493.719521789099	0.029751600000054168	epochs	3.0
4493.7492733890995	0.02954909999971278	epochs	3.0
4493.778822489099	0.058501800000158255	epochs	2.0
4493.778822489099	0.029349399999773595	epochs	3.0
4493.808171889099	0.02915240000038466	epochs	3.0
4493.837324289099	0.05772419999993872	epochs	2.0
4493.837324289099	0.028957999999875028	epochs	3.0
4493.866282289099	0.02876620000006369	epochs	3.0
4493.895048489099	0.0569671000002927	epochs	2.0
4493.895048489099	0.028577000000041153	epochs	3.0
4493.923625489099	0.02839010000025155	epochs	3.0
4493.9520155891	0.05622949999997218	epochs	2.0
4493.9520155891	0.028205699999489298	epochs	3.0
4493.980221289099	0.02802380000048288	epochs	3.0
4494.0082450891	0.05551070000001346	epochs	2.0
4494.0082450891	0.027843999999277003	epochs	3.0
4494.036089089099	0.027666700000736455	epochs	3.0
4494.0637557891	0.05481019999933778	epochs	2.0
4494.0637557891	0.02749149999999645	epochs	3.0
4494.0912472891	0.027318699999341334	epochs	3.0
4494.118565989099	0.0541270000003351	epochs	2.0
4494.118565989099	0.02714780000042083	epochs	3.0
4494.145713789099	0.026979199999914272	epochs	3.0
4494.172692989099	0.053460699999959616	epochs	2.0
4494.172692989099	0.026812600000084785	epochs	3.0
4494.199505589099	0.02664809999987483	epochs	3.0
4494.226153689099	0.05281070000000909	epochs	2.0
4494.226153689099	0.026485600000341947	epochs	3.0
4494.2526392890995	0.026325099999667145	epochs	3.0
4494.278964389099	0.052176199999848905	epochs	2.0
4494.278964389099	0.026166399999965506	epochs	3.0
4494.305130789099	0.0260097999998834	epochs	3.0
4494.331140589099	0.05155670000021928	epochs	2.0
4494.331140589099	0.02585480000016105	epochs	3.0
4494.356995389099	0.02570190000005823	epochs	3.0
4494.382697289099	0.050951899999745365	epochs	2.0
4494.382697289099	0.025550700000167126	epochs	3.0
4494.408247989099	0.02540119999957824	epochs	3.0
4494.433649189099	0.05036100000052102	epochs	2.0
4494.433649189099	0.025253499999962514	epochs	3.0
4494.458902689099	0.025107500000558503	epochs	3.0
4494.4840101890995	0.04978379999920435	epochs	2.0
4494.4840101890995	0.024963199999547214	epochs	3.0
4494.508973389099	0.024820599999657134	epochs	3.0
4494.533793989099	0.0492195000006177	epochs	2.0
4494.533793989099	0.024679400000422902	epochs	3.0
4494.558473389099	0.024540100000194798	epochs	3.0
4494.583013489099	0.048667899999600195	epochs	2.0
4494.583013489099	0.024402099999861093	epochs	3.0
4494.607415589099	0.0242657999997391	epochs	3.0
4494.631681389099	0.048128600000381994	epochs	2.0
4494.631681389099	0.024131000000124914	epochs	3.0
4494.655812389099	0.02399760000025708	epochs	3.0
4494.679809989099	0.047601100000065344	epochs	2.0
4494.679809989099	0.02386579999983951	epochs	3.0
4494.703675789099	0.023735300000225834	epochs	3.0
4494.727411089099	0.04708500000015192	epochs	2.0
4494.727411089099	0.023606299999300973	epochs	3.0
4494.751017389099	0.02347870000085095	epochs	3.0
4494.7744960891	0.046579999999266875	epochs	2.0
4494.7744960891	0.023352499999418797	epochs	3.0
4494.797848589099	0.023227499999848078	epochs	3.0
4494.821076089099	0.04608570000073087	epochs	2.0
4494.821076089099	0.02310399999987567	epochs	3.0
4494.844180089099	0.0229817000008552	epochs	3.0
4494.8671617891	0.04560179999953107	epochs	2.0
4494.8671617891	0.02286069999991014	epochs	3.0
4494.8900224890995	0.02274109999962093	epochs	3.0
4494.912763589099	0.045127899999897636	epochs	2.0
4494.912763589099	0.022622499999670254	epochs	3.0
4494.935386089099	0.022505400000227382	epochs	3.0
4494.957891489099	0.044663800000307674	epochs	2.0
4494.957891489099	0.022389300000213552	epochs	3.0
4494.980280789099	0.022274500000094122	epochs	3.0
4495.002555289099	0.04420919999938633	epochs	2.0
4495.002555289099	0.02216080000016518	epochs	3.0
4495.0247160890995	0.022048399999221147	epochs	3.0
4495.046764489099	0.04376360000060231	epochs	2.0
4495.046764489099	0.021936900000582682	epochs	3.0
4495.068701389099	0.021826700000019628	epochs	3.0
4495.090528089099	0.043327100000169594	epochs	2.0
4495.090528089099	0.021717599999647064	epochs	3.0
4495.112245689099	0.02160950000052253	epochs	3.0
4495.133855189099	0.04289900000003399	epochs	2.0
4495.133855189099	0.021502499999769498	epochs	3.0
4495.155357689099	0.021396500000264496	epochs	3.0
4495.1767541890995	0.04247949999989942	epochs	2.0
4495.1767541890995	0.021291699999892444	epochs	3.0
4495.198045889099	0.021187800000006973	epochs	3.0
4495.219233689099	0.04206789999989269	epochs	2.0
4495.219233689099	0.021084899999550544	epochs	3.0
4495.240318589099	0.020983000000342145	epochs	3.0
4495.261301589099	0.041664399999717716	epochs	2.0
4495.261301589099	0.020882199999505247	epochs	3.0
4495.282183789099	0.02078220000021247	epochs	3.0
4495.302965989099	0.04126850000011473	epochs	2.0
4495.302965989099	0.02068330000020069	epochs	3.0
4495.323649289099	0.02058519999991404	epochs	3.0
4495.344234489099	0.04087999999956082	epochs	2.0
4495.344234489099	0.020488099999965925	epochs	3.0
4495.364722589099	0.020391899999594898	epochs	3.0
4495.385114489099	0.04049880000002304	epochs	2.0
4495.385114489099	0.020296600000619947	epochs	3.0
4495.405411089099	0.020202199999403092	epochs	3.0
4495.425613289099	0.04012460000012652	epochs	2.0
4495.425613289099	0.020108700000491808	epochs	3.0
4495.445721989099	0.020015899999634712	epochs	3.0
4495.465737889099	0.03975730000001931	epochs	2.0
4495.465737889099	0.0199241999998776	epochs	3.0
4495.485662089099	0.019833100000141712	epochs	3.0
4495.505495189099	0.03939669999999751	epochs	2.0
4495.505495189099	0.019742999999834865	epochs	3.0
4495.525238189099	0.019653700000162644	epochs	3.0
4495.544891889099	0.03904240000065329	epochs	2.0
4495.544891889099	0.0195651000003636	epochs	3.0
4495.564456989099	0.019477300000289688	epochs	3.0
4495.5839342890995	0.03869459999987157	epochs	2.0
4495.5839342890995	0.019390399999792862	epochs	3.0
4495.603324689099	0.01930420000007871	epochs	3.0
4495.622628889099	0.03835290000006353	epochs	2.0
4495.622628889099	0.019218800000089686	epochs	3.0
4495.641847689099	0.01913409999997384	epochs	3.0
4495.660981789099	0.038017199999558215	epochs	2.0
4495.660981789099	0.01905019999958313	epochs	3.0
4495.680031989099	0.018966999999975087	epochs	3.0
4495.698998989099	0.037687199999709264	epochs	2.0
4495.698998989099	0.018884500000240223	epochs	3.0
4495.717883489099	0.01880269999946904	epochs	3.0
4495.736686189099	0.037363100000220584	epochs	2.0
4495.736686189099	0.01872170000024198	epochs	3.0
4495.755407889099	0.018641399999978603	epochs	3.0
4495.774049289099	0.037044300000161456	epochs	2.0
4495.774049289099	0.018561599999884493	epochs	3.0
4495.792610889099	0.018482700000276964	epochs	3.0
4495.811093589099	0.036731000000145286	epochs	2.0
4495.811093589099	0.018404299999929208	epochs	3.0
4495.829497889099	0.01832670000021608	epochs	3.0
4495.847824589099	0.036422899999706715	epochs	2.0
4495.847824589099	0.018249599999762722	epochs	3.0
4495.866074189099	0.018173299999943993	epochs	3.0
4495.884247489099	0.036120100000516686	epochs	2.0
4495.884247489099	0.018097600000146485	epochs	3.0
4495.902345089099	0.0180225000003702	epochs	3.0
4495.920367589099	0.03582209999967745	epochs	2.0
4495.920367589099	0.01794789999985369	epochs	3.0
4495.938315489099	0.01787419999982376	epochs	3.0
4495.956189689099	0.03552899999976944	epochs	2.0
4495.956189689099	0.017800800000259187	epochs	3.0
4495.973990489099	0.017728199999510252	epochs	3.0
4495.991718689099	0.03524070000003121	epochs	2.0
4495.991718689099	0.01765609999984008	epochs	3.0
4496.009374789099	0.01758460000019113	epochs	3.0
4496.026959389099	0.03495710000061081	epochs	2.0
4496.026959389099	0.017513700000563404	epochs	3.0
4496.0444730890995	0.017443400000047404	epochs	3.0
4496.0619164890995	0.03467789999922388	epochs	2.0
4496.0619164890995	0.017373599999700673	epochs	3.0
4496.079290089099	0.01730429999952321	epochs	3.0
4496.096594389099	0.03440330000012182	epochs	2.0
4496.096594389099	0.017235700000128418	epochs	3.0
4496.113830089099	0.0171675999999934	epochs	3.0
4496.130997689099	0.03413280000040686	epochs	2.0
4496.130997689099	0.017099900000175694	epochs	3.0
4496.148097589099	0.017032900000231166	epochs	3.0
4496.165130489099	0.033866699999634875	epochs	2.0
4496.165130489099	0.01696639999954641	epochs	3.0
4496.182096889099	0.016900300000088464	epochs	3.0
4496.198997189099	0.03360460000021703	epochs	2.0
4496.198997189099	0.01683480000065174	epochs	3.0
4496.2158319891	0.016769799999565294	epochs	3.0
4496.232601789099	0.0333466000001863	epochs	2.0
4496.232601789099	0.01670529999955761	epochs	3.0
4496.249307089099	0.01664130000062869	epochs	3.0
4496.265948389099	0.033092499999838765	epochs	2.0
4496.265948389099	0.016577800000050047	epochs	3.0
4496.282526189099	0.016514699999788718	epochs	3.0
4496.299040889099	0.032842300000083924	epochs	2.0
4496.299040889099	0.01645219999954861	epochs	3.0
4496.315493089099	0.016390100000535313	epochs	3.0
4496.331883189099	0.03259569999954692	epochs	2.0
4496.331883189099	0.016328400000020338	epochs	3.0
4496.348211589099	0.016267299999526585	epochs	3.0
4496.364478889099	0.032352900000660156	epochs	2.0
4496.364478889099	0.01620660000025964	epochs	3.0
4496.380685489099	0.016146300000400515	epochs	3.0
4496.396831789099	0.032113700000081735	epochs	2.0
4496.396831789099	0.016086599999653117	epochs	3.0
4496.412918389099	0.016027100000428618	epochs	3.0
4496.4289454890995	0.031877999999778694	epochs	2.0
4496.4289454890995	0.01596819999940635	epochs	3.0
4496.444913689099	0.015909800000372343	epochs	3.0
4496.460823489099	0.03164569999989908	epochs	2.0
4496.460823489099	0.01585160000013275	epochs	3.0
4496.476675089099	0.01579409999976633	epochs	3.0
4496.492469189099	0.03141669999968144	epochs	2.0
4496.492469189099	0.015736700000161363	epochs	3.0
4496.508205889099	0.015679999999520078	epochs	3.0
4496.523885889099	0.03119109999988723	epochs	2.0
4496.523885889099	0.015623600000253646	epochs	3.0
4496.539509489099	0.015567499999633583	epochs	3.0
4496.555076989099	0.030968699999903038	epochs	2.0
4496.555076989099	0.015511999999944237	epochs	3.0
4496.570588989099	0.0154566999999588	epochs	3.0
4496.586045689099	0.030749500000638363	epochs	2.0
4496.586045689099	0.015401999999994587	epochs	3.0
4496.601447689099	0.015347500000643777	epochs	3.0
4496.616795189099	0.030533199999808858	epochs	2.0
4496.616795189099	0.01529339999979129	epochs	3.0
4496.632088589099	0.015239800000017567	epochs	3.0
4496.647328389099	0.03032009999969887	epochs	2.0
4496.647328389099	0.015186499999799707	epochs	3.0
4496.662514889099	0.015133599999899161	epochs	3.0
4496.677648489099	0.030109899999843037	epochs	2.0
4496.677648489099	0.015081000000463973	epochs	3.0
4496.692729489099	0.015028899999379064	epochs	3.0
4496.707758389099	0.02990250000038941	epochs	2.0
4496.707758389099	0.014977000000726548	epochs	3.0
4496.722735389099	0.014925499999662861	epochs	3.0
4496.737660889099	0.0296981000001324	epochs	2.0
4496.737660889099	0.014874399999825982	epochs	3.0
4496.752535289099	0.014823700000306417	epochs	3.0
4496.767358989099	0.02949629999966419	epochs	2.0
4496.767358989099	0.014773199999581266	epochs	3.0
4496.782132189099	0.014723100000082923	epochs	3.0
4496.796855289099	0.02929740000035963	epochs	2.0
4496.796855289099	0.014673399999992398	epochs	3.0
4496.811528689099	0.014624000000367232	epochs	3.0
4496.826152689099	0.029101099999934377	epochs	2.0
4496.826152689099	0.01457490000029793	epochs	3.0
4496.8407275890995	0.014526199999636447	epochs	3.0
4496.855253789099	0.028907400000207417	epochs	2.0
4496.855253789099	0.014477699999588367	epochs	3.0
4496.869731489099	0.01442970000061905	epochs	3.0
4496.884161189099	0.028716199999507808	epochs	2.0
4496.884161189099	0.014381799999682698	epochs	3.0
4496.898542989099	0.01433439999982511	epochs	3.0
4496.912877389099	0.028527600000415987	epochs	2.0
4496.912877389099	0.014287200000580924	epochs	3.0
4496.927164589099	0.014240399999835063	epochs	3.0
4496.941404989099	0.028341399999590067	epochs	2.0
4496.941404989099	0.014193799999702605	epochs	3.0
4496.955598789099	0.014147599999887461	epochs	3.0
4496.969746389099	0.02815770000051998	epochs	2.0
4496.969746389099	0.014101700000537676	epochs	3.0
4496.983848089099	0.014055999999982305	epochs	3.0
4496.997904089099	0.02797629999986384	epochs	2.0
4496.997904089099	0.014010599999892293	epochs	3.0
4497.011914689099	0.013965699999971548	epochs	3.0
4497.025880389099	0.027797199999440636	epochs	2.0
4497.025880389099	0.013920800000050804	epochs	3.0
4497.039801189099	0.013876399999389832	epochs	3.0
4497.053677589099	0.02762040000015986	epochs	2.0
4497.053677589099	0.01383220000025176	epochs	3.0
4497.067509789099	0.013788199999908102	epochs	3.0
4497.081297989099	0.027445900000202528	epochs	2.0
4497.081297989099	0.013744599999881757	epochs	3.0
4497.095042589099	0.01370130000032077	epochs	3.0
4497.108743889099	0.027273499999864725	epochs	2.0
4497.108743889099	0.013658200000463694	epochs	3.0
4497.1224020890995	0.013615299999401032	epochs	3.0
4497.136017389099	0.02710339999975986	epochs	2.0
4497.136017389099	0.013572800000474672	epochs	3.0
4497.149590189099	0.013530599999285187	epochs	3.0
4497.163120789099	0.02693520000048011	epochs	2.0
4497.163120789099	0.013488400000824186	epochs	3.0
4497.1766091890995	0.013446799999655923	epochs	3.0
4497.190055989099	0.02676919999976235	epochs	2.0
4497.190055989099	0.01340520000030665	epochs	3.0
4497.2034611890995	0.0133639999994557	epochs	3.0
4497.216825189099	0.026605200000631157	epochs	2.0
4497.216825189099	0.013322900000275695	epochs	3.0
4497.230148089099	0.013282300000355463	epochs	3.0
4497.2434303891	0.026443199999448552	epochs	2.0
4497.2434303891	0.013241699999525736	epochs	3.0
4497.256672089099	0.013201499999922817	epochs	3.0
4497.269873589099	0.026283199999852513	epochs	2.0
4497.269873589099	0.013161500000023807	epochs	3.0
4497.283035089099	0.013121699999828706	epochs	3.0
4497.296156789099	0.026125000000320142	epochs	2.0
4497.296156789099	0.01308210000024701	epochs	3.0
4497.309238889099	0.013042900000073132	epochs	3.0
4497.322281789099	0.025968899999497808	epochs	2.0
4497.322281789099	0.013003899999603163	epochs	3.0
4497.335285689099	0.012964999999894644	epochs	3.0
4497.348250689099	0.025814500000706175	epochs	2.0
4497.348250689099	0.012926400000651483	epochs	3.0
4497.361177089099	0.012888100000054692	epochs	3.0
4497.374065189099	0.02566190000015922	epochs	2.0
4497.374065189099	0.012849899999309855	epochs	3.0
4497.386915089099	0.012812000000849366	epochs	3.0
4497.3997270890995	0.02551119999952789	epochs	2.0
4497.3997270890995	0.012774399999216257	epochs	3.0
4497.412501489099	0.012736800000311632	epochs	3.0
4497.425238289099	0.02536229999986972	epochs	2.0
4497.425238289099	0.012699699999757286	epochs	3.0
4497.437937989099	0.012662600000112434	epochs	3.0
4497.450600589099	0.025215000000571308	epochs	2.0
4497.450600589099	0.012625800000023446	epochs	3.0
4497.463226389099	0.012589200000547862	epochs	3.0
4497.4758155890995	0.024584799999502138	epochs	2.0
4497.499999889099	0.5	epochs	-1.0
4497.500400389099	0.5009600000003047	epochs	1.0
4498.001360389099	0.49895999999989726	epochs	0.0
4499.022000312805	0.058399999999892316	epochs	0.0
4499.022000312805	0.024206799999774375	epochs	1.0
4499.046207112805	0.009986400000343565	epochs	1.0
4499.056193512805	0.024206799999774375	epochs	1.0
4499.080400312805	2.0	epochs	0.0
4501.080400312805	21.52104000000054	epochs	0.0
4501.080400312805	1.0	epochs	1.0
4501.080479812806	0.5	epochs	-1.0
4501.580479812806	19.999519999999393	epochs	-1.0
4502.080400312805	20.0	epochs	1.0
4502.080400312805	4.356753900000513	epochs	-1.0
4502.080400312805	1.9745872000003146	epochs	2.0
4502.080400312805	1.098562199999833	epochs	3.0
4503.178962512805	0.8760250000004817	epochs	3.0
4504.054987512805	1.3524074999995719	epochs	2.0
4504.054987512805	0.7286354999996547	epochs	3.0
4504.783623012805	0.6237719999999172	epochs	3.0
4505.407395012805	1.0297592000006262	epochs	2.0
4505.407395012805	0.5453293000000485	epochs	3.0
4505.952724312805	0.4844299000005776	epochs	3.0
4506.437154212806	0.831786199999442	epochs	2.0
4506.437154212806	0.4357762999998158	epochs	3.0
4506.872930512805	0.3960098999996262	epochs	3.0
4507.268940412805	0.6977969999998095	epochs	2.0
4507.268940412805	0.3628982000000178	epochs	3.0
4507.631838612805	0.33489879999979166	epochs	3.0
4507.966737412805	0.6010457000002134	epochs	2.0
4507.966737412805	0.31091230000038195	epochs	3.0
4508.277649712805	0.29013339999983145	epochs	3.0
4508.567783112805	0.5278859000000011	epochs	2.0
4508.567783112805	0.27195860000028915	epochs	3.0
4508.839741712805	0.255927299999712	epochs	3.0
4509.095669012805	0.4706193000001804	epochs	2.0
4509.095669012805	0.241681299999982	epochs	3.0
4509.337350312805	0.22893800000019837	epochs	3.0
4509.566288312805	0.4245703999995385	epochs	2.0
4509.566288312805	0.21747140000024956	epochs	3.0
4509.7837597128055	0.20709899999928894	epochs	3.0
4509.990858712805	0.38673540000036155	epochs	2.0
4509.990858712805	0.19767110000066168	epochs	3.0
4510.188529812805	0.18906429999969987	epochs	3.0
4510.377594112805	0.3550953000003574	epochs	2.0
4510.377594112805	0.18117590000019845	epochs	3.0
4510.558770012805	0.17391940000015893	epochs	3.0
4510.7326894128055	0.3282430999997814	epochs	2.0
4510.7326894128055	0.1672218999992765	epochs	3.0
4510.899911312805	0.1610212000005049	epochs	3.0
4511.060932512805	0.3051679999998669	epochs	2.0
4511.060932512805	0.15526390000013635	epochs	3.0
4511.216196412805	0.14990409999973053	epochs	3.0
4511.366100512805	0.28512529999989056	epochs	2.0
4511.366100512805	0.14490209999985382	epochs	3.0
4511.511002612805	0.14022320000003674	epochs	3.0
4511.651225812805	0.26755380000031437	epochs	2.0
4511.651225812805	0.1358368999999584	epochs	3.0
4511.787062712805	0.13171690000035596	epochs	3.0
4511.918779612805	0.25202290000015637	epochs	2.0
4511.918779612805	0.12783930000023247	epochs	3.0
4512.046618912806	0.1241835999999239	epochs	3.0
4512.1708025128055	0.23819649999950343	epochs	2.0
4512.1708025128055	0.1207310999998299	epochs	3.0
4512.291533612805	0.11746539999967354	epochs	3.0
4512.408999012805	0.22580879999986792	epochs	2.0
4512.408999012805	0.11437190000015107	epochs	3.0
4512.523370912805	0.11143689999971684	epochs	3.0
4512.634807812805	0.21464600000035716	epochs	2.0
4512.634807812805	0.10864889999993466	epochs	3.0
4512.743456712805	0.1059971000004225	epochs	3.0
4512.849453812805	0.2045349999998507	epochs	2.0
4512.849453812805	0.10347149999961403	epochs	3.0
4512.952925312805	0.10106350000023667	epochs	3.0
4513.053988812805	0.19533400000000256	epochs	2.0
4513.053988812805	0.09876510000049166	epochs	3.0
4513.152753912806	0.0965688999995109	epochs	3.0
4513.249322812805	0.18692530000043917	epochs	2.0
4513.249322812805	0.09446829999978945	epochs	3.0
4513.343791112805	0.09245700000064971	epochs	3.0
4513.4362481128055	0.1792107000001124	epochs	2.0
4513.4362481128055	0.0905296000000817	epochs	3.0
4513.526777712806	0.08868110000003071	epochs	3.0
4513.615458812806	0.17210769999928743	epochs	2.0
4513.615458812806	0.08690629999910016	epochs	3.0
4513.702365112805	0.08520140000018728	epochs	3.0
4513.787566512805	0.16554640000049403	epochs	2.0
4513.787566512805	0.08356189999994967	epochs	3.0
4513.871128412805	0.08198450000054436	epochs	3.0
4513.953112912805	0.15946709999934683	epochs	2.0
4513.953112912805	0.0804653999994116	epochs	3.0
4514.033578312805	0.07900169999993523	epochs	3.0
4514.112580012805	0.15381840000009106	epochs	2.0
4514.112580012805	0.07759010000063427	epochs	3.0
4514.190170112805	0.0762282999994568	epochs	3.0
4514.266398412805	0.14855640000041603	epochs	2.0
4514.266398412805	0.07491329999993468	epochs	3.0
4514.341311712805	0.07364310000048135	epochs	3.0
4514.414954812805	0.14364240000031714	epochs	2.0
4514.414954812805	0.07241499999963708	epochs	3.0
4514.487369812805	0.07122740000068006	epochs	3.0
4514.558597212806	0.13904309999998077	epochs	2.0
4514.558597212806	0.0700779999997394	epochs	3.0
4514.628675212805	0.06896510000024136	epochs	3.0
4514.697640312806	0.13472929999988992	epochs	2.0
4514.697640312806	0.0678871000000072	epochs	3.0
4514.765527412806	0.06684219999988272	epochs	3.0
4514.832369612805	0.1306752000000415	epochs	2.0
4514.832369612805	0.06582909999997355	epochs	3.0
4514.898198712805	0.06484610000006796	epochs	3.0
4514.9630448128055	0.1268577999999252	epochs	2.0
4514.9630448128055	0.06389200000012352	epochs	3.0
4515.026936812806	0.06296579999980167	epochs	3.0
4515.089902612805	0.12325719999989815	epochs	2.0
4515.089902612805	0.06206579999980022	epochs	3.0
4515.151968412805	0.06119140000009793	epochs	3.0
4515.213159812805	0.1198554000002332	epochs	2.0
4515.213159812805	0.060341100000187	epochs	3.0
4515.2735009128055	0.059514300000046205	epochs	3.0
4515.333015212806	0.11663619999944785	epochs	2.0
4515.333015212806	0.058709599999929196	epochs	3.0
4515.3917248128055	0.05792659999951866	epochs	3.0
4515.449651412805	0.11358560000007856	epochs	2.0
4515.449651412805	0.05716420000044309	epochs	3.0
4515.506815612805	0.05642139999963547	epochs	3.0
4515.563237012805	0.11069049999969138	epochs	2.0
4515.563237012805	0.05569790000026842	epochs	3.0
4515.618934912805	0.054992599999422964	epochs	3.0
4515.673927512805	0.10793910000029427	epochs	2.0
4515.673927512805	0.05430490000071586	epochs	3.0
4515.7282324128055	0.053634199999578414	epochs	3.0
4515.781866612805	0.10532150000017282	epochs	2.0
4515.781866612805	0.05298000000038883	epochs	3.0
4515.834846612805	0.05234149999978399	epochs	3.0
4515.887188112805	0.10282759999972768	epochs	2.0
4515.887188112805	0.05171809999956167	epochs	3.0
4515.938906212805	0.05110950000016601	epochs	3.0
4515.990015712805	0.10044910000033269	epochs	2.0
4515.990015712805	0.050514900000052876	epochs	3.0
4516.040530612805	0.049934200000279816	epochs	3.0
4516.090464812805	0.09817829999974492	epochs	2.0
4516.090464812805	0.0493666000002122	epochs	3.0
4516.1398314128055	0.04881169999953272	epochs	3.0
4516.188643112805	0.09600779999982478	epochs	2.0
4516.188643112805	0.0482692000005045	epochs	3.0
4516.2369123128055	0.047738599999320286	epochs	3.0
4516.284650912805	0.09393120000004274	epochs	2.0
4516.284650912805	0.047219500000210246	epochs	3.0
4516.331870412805	0.04671169999983249	epochs	3.0
4516.378582112805	0.09194260000003851	epochs	2.0
4516.378582112805	0.046214599999984785	epochs	3.0
4516.424796712805	0.045728000000053726	epochs	3.0
4516.470524712805	0.09003630000006524	epochs	2.0
4516.470524712805	0.045251500000631495	epochs	3.0
4516.515776212806	0.044784799999433744	epochs	3.0
4516.560561012805	0.0882075999998051	epochs	2.0
4516.560561012805	0.0443278000002465	epochs	3.0
4516.604888812805	0.0438797999995586	epochs	3.0
4516.648768612805	0.0864516999999978	epochs	2.0
4516.648768612805	0.04344100000071194	epochs	3.0
4516.6922096128055	0.04301069999928586	epochs	3.0
4516.735220312805	0.08476430000064283	epochs	2.0
4516.735220312805	0.042589000000589294	epochs	3.0
4516.777809312805	0.04217530000005354	epochs	3.0
4516.8199846128055	0.08314149999932852	epochs	2.0
4516.8199846128055	0.04176969999934954	epochs	3.0
4516.861754312805	0.041371799999978975	epochs	3.0
4516.903126112805	0.08157970000047499	epochs	2.0
4516.903126112805	0.040981400000418944	epochs	3.0
4516.944107512805	0.04059830000005604	epochs	3.0
4516.984705812805	0.08007550000002084	epochs	2.0
4516.984705812805	0.040222300000095856	epochs	3.0
4517.024928112805	0.03985319999992498	epochs	3.0
4517.064781312805	0.07862569999997504	epochs	2.0
4517.064781312805	0.03949079999983951	epochs	3.0
4517.104272112805	0.03913490000013553	epochs	3.0
4517.143407012805	0.07722759999978734	epochs	2.0
4517.143407012805	0.038785400000051595	epochs	3.0
4517.182192412805	0.03844219999973575	epochs	3.0
4517.220634612805	0.07587820000026113	epochs	2.0
4517.220634612805	0.03810479999992822	epochs	3.0
4517.258739412805	0.03777340000033291	epochs	3.0
4517.296512812805	0.07457520000025397	epochs	2.0
4517.296512812805	0.03744769999957498	epochs	3.0
4517.333960512805	0.03712750000067899	epochs	3.0
4517.371088012806	0.07331629999953293	epochs	2.0
4517.371088012806	0.03681289999985893	epochs	3.0
4517.407900912805	0.036503399999674	epochs	3.0
4517.444404312805	0.07209899999998015	epochs	2.0
4517.444404312805	0.03619909999997617	epochs	3.0
4517.480603412805	0.03589990000000398	epochs	3.0
4517.516503312805	0.07092170000032638	epochs	2.0
4517.516503312805	0.03560560000005353	epochs	3.0
4517.552108912805	0.035316100000272854	epochs	3.0
4517.587425012805	0.06978199999957724	epochs	2.0
4517.587425012805	0.03503120000004856	epochs	3.0
4517.622456212805	0.03475079999952868	epochs	3.0
4517.657207012805	0.0686786000005668	epochs	2.0
4517.657207012805	0.034475100000236125	epochs	3.0
4517.691682112805	0.03420350000033068	epochs	3.0
4517.7258856128055	0.06760929999927612	epochs	2.0
4517.7258856128055	0.03393619999951625	epochs	3.0
4517.759821812805	0.03367309999975987	epochs	3.0
4517.793494912805	0.06657290000021021	epochs	2.0
4517.793494912805	0.03341400000044814	epochs	3.0
4517.826908912805	0.03315889999976207	epochs	3.0
4517.860067812805	0.06556780000028084	epochs	2.0
4517.860067812805	0.03290770000057819	epochs	3.0
4517.892975512806	0.03266009999970265	epochs	3.0
4517.925635612805	0.06459259999974165	epochs	2.0
4517.925635612805	0.03241639999941981	epochs	3.0
4517.958052012805	0.03217620000032184	epochs	3.0
4517.990228212805	0.06364600000051723	epochs	2.0
4517.990228212805	0.031939600000441715	epochs	3.0
4518.0221678128055	0.03170640000007552	epochs	3.0
4518.053874212806	0.0627266999999847	epochs	2.0
4518.053874212806	0.031476599999223254	epochs	3.0
4518.085350812805	0.03125010000076145	epochs	3.0
4518.116600912806	0.06183359999977256	epochs	2.0
4518.116600912806	0.031026899999233137	epochs	3.0
4518.147627812805	0.030806700000539422	epochs	3.0
4518.178434512805	0.06096559999969031	epochs	2.0
4518.178434512805	0.030589799999688694	epochs	3.0
4518.209024312805	0.030375800000001618	epochs	3.0
4518.239400112805	0.060121600000456965	epochs	2.0
4518.239400112805	0.03016490000027261	epochs	3.0
4518.269565012805	0.029956700000184355	epochs	3.0
4518.2995217128055	0.05930069999976695	epochs	2.0
4518.2995217128055	0.029751600000054168	epochs	3.0
4518.3292733128055	0.02954909999971278	epochs	3.0
4518.358822412805	0.058501800000158255	epochs	2.0
4518.358822412805	0.029349399999773595	epochs	3.0
4518.388171812805	0.02915240000038466	epochs	3.0
4518.417324212805	0.05772419999993872	epochs	2.0
4518.417324212805	0.028957999999875028	epochs	3.0
4518.446282212805	0.02876620000006369	epochs	3.0
4518.475048412805	0.0569671000002927	epochs	2.0
4518.475048412805	0.028577000000041153	epochs	3.0
4518.503625412805	0.02839010000025155	epochs	3.0
4518.532015512806	0.05622949999997218	epochs	2.0
4518.532015512806	0.028205699999489298	epochs	3.0
4518.560221212805	0.02802380000048288	epochs	3.0
4518.588245012806	0.05551070000001346	epochs	2.0
4518.588245012806	0.027843999999277003	epochs	3.0
4518.616089012805	0.027666700000736455	epochs	3.0
4518.643755712806	0.05481019999933778	epochs	2.0
4518.643755712806	0.02749149999999645	epochs	3.0
4518.671247212806	0.027318699999341334	epochs	3.0
4518.698565912805	0.0541270000003351	epochs	2.0
4518.698565912805	0.02714780000042083	epochs	3.0
4518.725713712805	0.026979199999914272	epochs	3.0
4518.752692912805	0.053460699999959616	epochs	2.0
4518.752692912805	0.026812600000084785	epochs	3.0
4518.779505512805	0.02664809999987483	epochs	3.0
4518.806153612805	0.05281070000000909	epochs	2.0
4518.806153612805	0.026485600000341947	epochs	3.0
4518.832639212806	0.026325099999667145	epochs	3.0
4518.858964312805	0.052176199999848905	epochs	2.0
4518.858964312805	0.026166399999965506	epochs	3.0
4518.885130712805	0.0260097999998834	epochs	3.0
4518.911140512805	0.05155670000021928	epochs	2.0
4518.911140512805	0.02585480000016105	epochs	3.0
4518.936995312805	0.02570190000005823	epochs	3.0
4518.962697212805	0.050951899999745365	epochs	2.0
4518.962697212805	0.025550700000167126	epochs	3.0
4518.9882479128055	0.02540119999957824	epochs	3.0
4519.013649112805	0.05036100000052102	epochs	2.0
4519.013649112805	0.025253499999962514	epochs	3.0
4519.038902612805	0.025107500000558503	epochs	3.0
4519.064010112806	0.04978379999920435	epochs	2.0
4519.064010112806	0.024963199999547214	epochs	3.0
4519.088973312805	0.024820599999657134	epochs	3.0
4519.113793912805	0.0492195000006177	epochs	2.0
4519.113793912805	0.024679400000422902	epochs	3.0
4519.138473312805	0.024540100000194798	epochs	3.0
4519.163013412805	0.048667899999600195	epochs	2.0
4519.163013412805	0.024402099999861093	epochs	3.0
4519.187415512805	0.0242657999997391	epochs	3.0
4519.211681312805	0.048128600000381994	epochs	2.0
4519.211681312805	0.024131000000124914	epochs	3.0
4519.235812312805	0.02399760000025708	epochs	3.0
4519.259809912805	0.047601100000065344	epochs	2.0
4519.259809912805	0.02386579999983951	epochs	3.0
4519.283675712805	0.023735300000225834	epochs	3.0
4519.3074110128055	0.04708500000015192	epochs	2.0
4519.3074110128055	0.023606299999300973	epochs	3.0
4519.331017312805	0.02347870000085095	epochs	3.0
4519.354496012806	0.046579999999266875	epochs	2.0
4519.354496012806	0.023352499999418797	epochs	3.0
4519.377848512805	0.023227499999848078	epochs	3.0
4519.401076012805	0.04608570000073087	epochs	2.0
4519.401076012805	0.02310399999987567	epochs	3.0
4519.424180012805	0.0229817000008552	epochs	3.0
4519.447161712806	0.04560179999953107	epochs	2.0
4519.447161712806	0.02286069999991014	epochs	3.0
4519.4700224128055	0.02274109999962093	epochs	3.0
4519.492763512805	0.045127899999897636	epochs	2.0
4519.492763512805	0.022622499999670254	epochs	3.0
4519.515386012805	0.022505400000227382	epochs	3.0
4519.537891412805	0.044663800000307674	epochs	2.0
4519.537891412805	0.022389300000213552	epochs	3.0
4519.560280712805	0.022274500000094122	epochs	3.0
4519.582555212805	0.04420919999938633	epochs	2.0
4519.582555212805	0.02216080000016518	epochs	3.0
4519.6047160128055	0.022048399999221147	epochs	3.0
4519.626764412805	0.04376360000060231	epochs	2.0
4519.626764412805	0.021936900000582682	epochs	3.0
4519.648701312805	0.021826700000019628	epochs	3.0
4519.670528012805	0.043327100000169594	epochs	2.0
4519.670528012805	0.021717599999647064	epochs	3.0
4519.692245612805	0.02160950000052253	epochs	3.0
4519.7138551128055	0.04289900000003399	epochs	2.0
4519.7138551128055	0.021502499999769498	epochs	3.0
4519.735357612805	0.021396500000264496	epochs	3.0
4519.7567541128055	0.04247949999989942	epochs	2.0
4519.7567541128055	0.021291699999892444	epochs	3.0
4519.778045812805	0.021187800000006973	epochs	3.0
4519.799233612805	0.04206789999989269	epochs	2.0
4519.799233612805	0.021084899999550544	epochs	3.0
4519.820318512805	0.020983000000342145	epochs	3.0
4519.841301512805	0.041664399999717716	epochs	2.0
4519.841301512805	0.020882199999505247	epochs	3.0
4519.862183712805	0.02078220000021247	epochs	3.0
4519.882965912805	0.04126850000011473	epochs	2.0
4519.882965912805	0.02068330000020069	epochs	3.0
4519.903649212805	0.02058519999991404	epochs	3.0
4519.924234412805	0.04087999999956082	epochs	2.0
4519.924234412805	0.020488099999965925	epochs	3.0
4519.944722512805	0.020391899999594898	epochs	3.0
4519.965114412805	0.04049880000002304	epochs	2.0
4519.965114412805	0.020296600000619947	epochs	3.0
4519.985411012805	0.020202199999403092	epochs	3.0
4520.005613212805	0.04012460000012652	epochs	2.0
4520.005613212805	0.020108700000491808	epochs	3.0
4520.025721912805	0.020015899999634712	epochs	3.0
4520.045737812805	0.03975730000001931	epochs	2.0
4520.045737812805	0.0199241999998776	epochs	3.0
4520.065662012805	0.019833100000141712	epochs	3.0
4520.085495112805	0.03939669999999751	epochs	2.0
4520.085495112805	0.019742999999834865	epochs	3.0
4520.105238112805	0.019653700000162644	epochs	3.0
4520.124891812805	0.03904240000065329	epochs	2.0
4520.124891812805	0.0195651000003636	epochs	3.0
4520.144456912805	0.019477300000289688	epochs	3.0
4520.1639342128055	0.03869459999987157	epochs	2.0
4520.1639342128055	0.019390399999792862	epochs	3.0
4520.183324612805	0.01930420000007871	epochs	3.0
4520.202628812805	0.03835290000006353	epochs	2.0
4520.202628812805	0.019218800000089686	epochs	3.0
4520.2218476128055	0.01913409999997384	epochs	3.0
4520.2409817128055	0.038017199999558215	epochs	2.0
4520.2409817128055	0.01905019999958313	epochs	3.0
4520.260031912805	0.018966999999975087	epochs	3.0
4520.278998912805	0.037687199999709264	epochs	2.0
4520.278998912805	0.018884500000240223	epochs	3.0
4520.297883412805	0.01880269999946904	epochs	3.0
4520.316686112805	0.037363100000220584	epochs	2.0
4520.316686112805	0.01872170000024198	epochs	3.0
4520.335407812805	0.018641399999978603	epochs	3.0
4520.354049212805	0.037044300000161456	epochs	2.0
4520.354049212805	0.018561599999884493	epochs	3.0
4520.372610812805	0.018482700000276964	epochs	3.0
4520.391093512805	0.036731000000145286	epochs	2.0
4520.391093512805	0.018404299999929208	epochs	3.0
4520.409497812805	0.01832670000021608	epochs	3.0
4520.427824512805	0.036422899999706715	epochs	2.0
4520.427824512805	0.018249599999762722	epochs	3.0
4520.446074112805	0.018173299999943993	epochs	3.0
4520.464247412805	0.036120100000516686	epochs	2.0
4520.464247412805	0.018097600000146485	epochs	3.0
4520.482345012805	0.0180225000003702	epochs	3.0
4520.5003675128055	0.03582209999967745	epochs	2.0
4520.5003675128055	0.01794789999985369	epochs	3.0
4520.518315412805	0.01787419999982376	epochs	3.0
4520.536189612805	0.03552899999976944	epochs	2.0
4520.536189612805	0.017800800000259187	epochs	3.0
4520.553990412805	0.017728199999510252	epochs	3.0
4520.571718612805	0.03524070000003121	epochs	2.0
4520.571718612805	0.01765609999984008	epochs	3.0
4520.589374712805	0.01758460000019113	epochs	3.0
4520.606959312805	0.03495710000061081	epochs	2.0
4520.606959312805	0.017513700000563404	epochs	3.0
4520.6244730128055	0.017443400000047404	epochs	3.0
4520.641916412806	0.03467789999922388	epochs	2.0
4520.641916412806	0.017373599999700673	epochs	3.0
4520.659290012805	0.01730429999952321	epochs	3.0
4520.676594312805	0.03440330000012182	epochs	2.0
4520.676594312805	0.017235700000128418	epochs	3.0
4520.693830012805	0.0171675999999934	epochs	3.0
4520.710997612805	0.03413280000040686	epochs	2.0
4520.710997612805	0.017099900000175694	epochs	3.0
4520.728097512805	0.017032900000231166	epochs	3.0
4520.745130412805	0.033866699999634875	epochs	2.0
4520.745130412805	0.01696639999954641	epochs	3.0
4520.762096812805	0.016900300000088464	epochs	3.0
4520.778997112805	0.03360460000021703	epochs	2.0
4520.778997112805	0.01683480000065174	epochs	3.0
4520.795831912806	0.016769799999565294	epochs	3.0
4520.812601712805	0.0333466000001863	epochs	2.0
4520.812601712805	0.01670529999955761	epochs	3.0
4520.829307012805	0.01664130000062869	epochs	3.0
4520.845948312805	0.033092499999838765	epochs	2.0
4520.845948312805	0.016577800000050047	epochs	3.0
4520.862526112805	0.016514699999788718	epochs	3.0
4520.879040812805	0.032842300000083924	epochs	2.0
4520.879040812805	0.01645219999954861	epochs	3.0
4520.895493012805	0.016390100000535313	epochs	3.0
4520.911883112805	0.03259569999954692	epochs	2.0
4520.911883112805	0.016328400000020338	epochs	3.0
4520.928211512805	0.016267299999526585	epochs	3.0
4520.944478812805	0.032352900000660156	epochs	2.0
4520.944478812805	0.01620660000025964	epochs	3.0
4520.960685412805	0.016146300000400515	epochs	3.0
4520.9768317128055	0.032113700000081735	epochs	2.0
4520.9768317128055	0.016086599999653117	epochs	3.0
4520.992918312805	0.016027100000428618	epochs	3.0
4521.008945412806	0.031877999999778694	epochs	2.0
4521.008945412806	0.01596819999940635	epochs	3.0
4521.024913612805	0.015909800000372343	epochs	3.0
4521.040823412805	0.03164569999989908	epochs	2.0
4521.040823412805	0.01585160000013275	epochs	3.0
4521.0566750128055	0.01579409999976633	epochs	3.0
4521.072469112805	0.03141669999968144	epochs	2.0
4521.072469112805	0.015736700000161363	epochs	3.0
4521.088205812805	0.015679999999520078	epochs	3.0
4521.103885812805	0.03119109999988723	epochs	2.0
4521.103885812805	0.015623600000253646	epochs	3.0
4521.119509412805	0.015567499999633583	epochs	3.0
4521.135076912805	0.030968699999903038	epochs	2.0
4521.135076912805	0.015511999999944237	epochs	3.0
4521.150588912805	0.0154566999999588	epochs	3.0
4521.166045612805	0.030749500000638363	epochs	2.0
4521.166045612805	0.015401999999994587	epochs	3.0
4521.181447612805	0.015347500000643777	epochs	3.0
4521.196795112805	0.030533199999808858	epochs	2.0
4521.196795112805	0.01529339999979129	epochs	3.0
4521.212088512805	0.015239800000017567	epochs	3.0
4521.227328312805	0.03032009999969887	epochs	2.0
4521.227328312805	0.015186499999799707	epochs	3.0
4521.242514812805	0.015133599999899161	epochs	3.0
4521.257648412805	0.030109899999843037	epochs	2.0
4521.257648412805	0.015081000000463973	epochs	3.0
4521.272729412805	0.015028899999379064	epochs	3.0
4521.287758312805	0.02990250000038941	epochs	2.0
4521.287758312805	0.014977000000726548	epochs	3.0
4521.302735312805	0.014925499999662861	epochs	3.0
4521.317660812805	0.0296981000001324	epochs	2.0
4521.317660812805	0.014874399999825982	epochs	3.0
4521.332535212805	0.014823700000306417	epochs	3.0
4521.347358912805	0.02949629999966419	epochs	2.0
4521.347358912805	0.014773199999581266	epochs	3.0
4521.362132112805	0.014723100000082923	epochs	3.0
4521.376855212805	0.02929740000035963	epochs	2.0
4521.376855212805	0.014673399999992398	epochs	3.0
4521.391528612805	0.014624000000367232	epochs	3.0
4521.406152612805	0.029101099999934377	epochs	2.0
4521.406152612805	0.01457490000029793	epochs	3.0
4521.420727512806	0.014526199999636447	epochs	3.0
4521.435253712805	0.028907400000207417	epochs	2.0
4521.435253712805	0.014477699999588367	epochs	3.0
4521.449731412805	0.01442970000061905	epochs	3.0
4521.464161112805	0.028716199999507808	epochs	2.0
4521.464161112805	0.014381799999682698	epochs	3.0
4521.478542912805	0.01433439999982511	epochs	3.0
4521.492877312805	0.028527600000415987	epochs	2.0
4521.492877312805	0.014287200000580924	epochs	3.0
4521.5071645128055	0.014240399999835063	epochs	3.0
4521.521404912805	0.028341399999590067	epochs	2.0
4521.521404912805	0.014193799999702605	epochs	3.0
4521.535598712805	0.014147599999887461	epochs	3.0
4521.549746312805	0.02815770000051998	epochs	2.0
4521.549746312805	0.014101700000537676	epochs	3.0
4521.5638480128055	0.014055999999982305	epochs	3.0
4521.577904012805	0.02797629999986384	epochs	2.0
4521.577904012805	0.014010599999892293	epochs	3.0
4521.591914612805	0.013965699999971548	epochs	3.0
4521.605880312805	0.027797199999440636	epochs	2.0
4521.605880312805	0.013920800000050804	epochs	3.0
4521.619801112805	0.013876399999389832	epochs	3.0
4521.633677512805	0.02762040000015986	epochs	2.0
4521.633677512805	0.01383220000025176	epochs	3.0
4521.647509712805	0.013788199999908102	epochs	3.0
4521.661297912805	0.027445900000202528	epochs	2.0
4521.661297912805	0.013744599999881757	epochs	3.0
4521.675042512805	0.01370130000032077	epochs	3.0
4521.688743812805	0.027273499999864725	epochs	2.0
4521.688743812805	0.013658200000463694	epochs	3.0
4521.702402012806	0.013615299999401032	epochs	3.0
4521.716017312805	0.02710339999975986	epochs	2.0
4521.716017312805	0.013572800000474672	epochs	3.0
4521.729590112805	0.013530599999285187	epochs	3.0
4521.743120712805	0.02693520000048011	epochs	2.0
4521.743120712805	0.013488400000824186	epochs	3.0
4521.756609112806	0.013446799999655923	epochs	3.0
4521.770055912805	0.02676919999976235	epochs	2.0
4521.770055912805	0.01340520000030665	epochs	3.0
4521.7834611128055	0.0133639999994557	epochs	3.0
4521.796825112805	0.026605200000631157	epochs	2.0
4521.796825112805	0.013322900000275695	epochs	3.0
4521.810148012805	0.013282300000355463	epochs	3.0
4521.823430312806	0.026443199999448552	epochs	2.0
4521.823430312806	0.013241699999525736	epochs	3.0
4521.836672012805	0.013201499999922817	epochs	3.0
4521.849873512805	0.026283199999852513	epochs	2.0
4521.849873512805	0.013161500000023807	epochs	3.0
4521.863035012805	0.013121699999828706	epochs	3.0
4521.876156712805	0.026125000000320142	epochs	2.0
4521.876156712805	0.01308210000024701	epochs	3.0
4521.889238812805	0.013042900000073132	epochs	3.0
4521.902281712805	0.025968899999497808	epochs	2.0
4521.902281712805	0.013003899999603163	epochs	3.0
4521.915285612805	0.012964999999894644	epochs	3.0
4521.928250612805	0.025814500000706175	epochs	2.0
4521.928250612805	0.012926400000651483	epochs	3.0
4521.941177012805	0.012888100000054692	epochs	3.0
4521.954065112805	0.02566190000015922	epochs	2.0
4521.954065112805	0.012849899999309855	epochs	3.0
4521.966915012805	0.012812000000849366	epochs	3.0
4521.979727012806	0.02551119999952789	epochs	2.0
4521.979727012806	0.012774399999216257	epochs	3.0
4521.992501412805	0.012736800000311632	epochs	3.0
4522.005238212805	0.02536229999986972	epochs	2.0
4522.005238212805	0.012699699999757286	epochs	3.0
4522.017937912805	0.012662600000112434	epochs	3.0
4522.030600512805	0.025215000000571308	epochs	2.0
4522.030600512805	0.012625800000023446	epochs	3.0
4522.043226312805	0.012589200000547862	epochs	3.0
4522.055815512806	0.024584799999502138	epochs	2.0
4522.079999812805	0.5	epochs	-1.0
4522.080400312805	0.5210400000005393	epochs	1.0
4522.601440312806	0.4788799999996627	epochs	0.0
4523.422000408173	0.058399999999892316	epochs	0.0
4523.422000408173	0.024206799999774375	epochs	1.0
4523.446207208172	0.009986400000343565	epochs	1.0
4523.456193608173	0.024206799999774375	epochs	1.0
4523.4804004081725	2.0	epochs	0.0
4525.4804004081725	21.501040000000103	epochs	0.0
4525.4804004081725	1.0	epochs	1.0
4525.480479908173	0.5	epochs	-1.0
4525.980479908173	19.999519999999393	epochs	-1.0
4526.4804004081725	20.0	epochs	1.0
4526.4804004081725	4.356753900000513	epochs	-1.0
4526.4804004081725	1.9745872000003146	epochs	2.0
4526.4804004081725	1.098562199999833	epochs	3.0
4527.578962608172	0.8760250000004817	epochs	3.0
4528.454987608173	1.3524074999995719	epochs	2.0
4528.454987608173	0.7286354999996547	epochs	3.0
4529.1836231081725	0.6237719999999172	epochs	3.0
4529.807395108172	1.0297592000006262	epochs	2.0
4529.807395108172	0.5453293000000485	epochs	3.0
4530.352724408172	0.4844299000005776	epochs	3.0
4530.837154308173	0.831786199999442	epochs	2.0
4530.837154308173	0.4357762999998158	epochs	3.0
4531.272930608173	0.3960098999996262	epochs	3.0
4531.668940508172	0.6977969999998095	epochs	2.0
4531.668940508172	0.3628982000000178	epochs	3.0
4532.0318387081725	0.33489879999979166	epochs	3.0
4532.366737508172	0.6010457000002134	epochs	2.0
4532.366737508172	0.31091230000038195	epochs	3.0
4532.677649808173	0.29013339999983145	epochs	3.0
4532.9677832081725	0.5278859000000011	epochs	2.0
4532.9677832081725	0.27195860000028915	epochs	3.0
4533.239741808173	0.255927299999712	epochs	3.0
4533.4956691081725	0.4706193000001804	epochs	2.0
4533.4956691081725	0.241681299999982	epochs	3.0
4533.7373504081725	0.22893800000019837	epochs	3.0
4533.966288408173	0.4245703999995385	epochs	2.0
4533.966288408173	0.21747140000024956	epochs	3.0
4534.183759808173	0.20709899999928894	epochs	3.0
4534.390858808172	0.38673540000036155	epochs	2.0
4534.390858808172	0.19767110000066168	epochs	3.0
4534.588529908173	0.18906429999969987	epochs	3.0
4534.777594208173	0.3550953000003574	epochs	2.0
4534.777594208173	0.18117590000019845	epochs	3.0
4534.958770108173	0.17391940000015893	epochs	3.0
4535.132689508173	0.3282430999997814	epochs	2.0
4535.132689508173	0.1672218999992765	epochs	3.0
4535.299911408172	0.1610212000005049	epochs	3.0
4535.460932608173	0.3051679999998669	epochs	2.0
4535.460932608173	0.15526390000013635	epochs	3.0
4535.616196508173	0.14990409999973053	epochs	3.0
4535.766100608173	0.28512529999989056	epochs	2.0
4535.766100608173	0.14490209999985382	epochs	3.0
4535.911002708172	0.14022320000003674	epochs	3.0
4536.0512259081725	0.26755380000031437	epochs	2.0
4536.0512259081725	0.1358368999999584	epochs	3.0
4536.187062808172	0.13171690000035596	epochs	3.0
4536.318779708173	0.25202290000015637	epochs	2.0
4536.318779708173	0.12783930000023247	epochs	3.0
4536.446619008173	0.1241835999999239	epochs	3.0
4536.570802608173	0.23819649999950343	epochs	2.0
4536.570802608173	0.1207310999998299	epochs	3.0
4536.691533708173	0.11746539999967354	epochs	3.0
4536.808999108172	0.22580879999986792	epochs	2.0
4536.808999108172	0.11437190000015107	epochs	3.0
4536.923371008173	0.11143689999971684	epochs	3.0
4537.034807908172	0.21464600000035716	epochs	2.0
4537.034807908172	0.10864889999993466	epochs	3.0
4537.143456808172	0.1059971000004225	epochs	3.0
4537.249453908173	0.2045349999998507	epochs	2.0
4537.249453908173	0.10347149999961403	epochs	3.0
4537.352925408172	0.10106350000023667	epochs	3.0
4537.4539889081725	0.19533400000000256	epochs	2.0
4537.4539889081725	0.09876510000049166	epochs	3.0
4537.552754008173	0.0965688999995109	epochs	3.0
4537.6493229081725	0.18692530000043917	epochs	2.0
4537.6493229081725	0.09446829999978945	epochs	3.0
4537.743791208172	0.09245700000064971	epochs	3.0
4537.836248208173	0.1792107000001124	epochs	2.0
4537.836248208173	0.0905296000000817	epochs	3.0
4537.926777808173	0.08868110000003071	epochs	3.0
4538.015458908173	0.17210769999928743	epochs	2.0
4538.015458908173	0.08690629999910016	epochs	3.0
4538.102365208172	0.08520140000018728	epochs	3.0
4538.187566608172	0.16554640000049403	epochs	2.0
4538.187566608172	0.08356189999994967	epochs	3.0
4538.271128508172	0.08198450000054436	epochs	3.0
4538.353113008173	0.15946709999934683	epochs	2.0
4538.353113008173	0.0804653999994116	epochs	3.0
4538.433578408172	0.07900169999993523	epochs	3.0
4538.512580108172	0.15381840000009106	epochs	2.0
4538.512580108172	0.07759010000063427	epochs	3.0
4538.590170208173	0.0762282999994568	epochs	3.0
4538.666398508172	0.14855640000041603	epochs	2.0
4538.666398508172	0.07491329999993468	epochs	3.0
4538.741311808172	0.07364310000048135	epochs	3.0
4538.814954908173	0.14364240000031714	epochs	2.0
4538.814954908173	0.07241499999963708	epochs	3.0
4538.887369908172	0.07122740000068006	epochs	3.0
4538.958597308173	0.13904309999998077	epochs	2.0
4538.958597308173	0.0700779999997394	epochs	3.0
4539.028675308173	0.06896510000024136	epochs	3.0
4539.097640408173	0.13472929999988992	epochs	2.0
4539.097640408173	0.0678871000000072	epochs	3.0
4539.165527508173	0.06684219999988272	epochs	3.0
4539.232369708173	0.1306752000000415	epochs	2.0
4539.232369708173	0.06582909999997355	epochs	3.0
4539.298198808173	0.06484610000006796	epochs	3.0
4539.363044908173	0.1268577999999252	epochs	2.0
4539.363044908173	0.06389200000012352	epochs	3.0
4539.426936908173	0.06296579999980167	epochs	3.0
4539.489902708173	0.12325719999989815	epochs	2.0
4539.489902708173	0.06206579999980022	epochs	3.0
4539.551968508173	0.06119140000009793	epochs	3.0
4539.613159908173	0.1198554000002332	epochs	2.0
4539.613159908173	0.060341100000187	epochs	3.0
4539.673501008173	0.059514300000046205	epochs	3.0
4539.733015308173	0.11663619999944785	epochs	2.0
4539.733015308173	0.058709599999929196	epochs	3.0
4539.791724908173	0.05792659999951866	epochs	3.0
4539.849651508172	0.11358560000007856	epochs	2.0
4539.849651508172	0.05716420000044309	epochs	3.0
4539.906815708173	0.05642139999963547	epochs	3.0
4539.9632371081725	0.11069049999969138	epochs	2.0
4539.9632371081725	0.05569790000026842	epochs	3.0
4540.018935008173	0.054992599999422964	epochs	3.0
4540.073927608172	0.10793910000029427	epochs	2.0
4540.073927608172	0.05430490000071586	epochs	3.0
4540.128232508173	0.053634199999578414	epochs	3.0
4540.1818667081725	0.10532150000017282	epochs	2.0
4540.1818667081725	0.05298000000038883	epochs	3.0
4540.234846708173	0.05234149999978399	epochs	3.0
4540.287188208173	0.10282759999972768	epochs	2.0
4540.287188208173	0.05171809999956167	epochs	3.0
4540.338906308172	0.05110950000016601	epochs	3.0
4540.390015808172	0.10044910000033269	epochs	2.0
4540.390015808172	0.050514900000052876	epochs	3.0
4540.440530708172	0.049934200000279816	epochs	3.0
4540.490464908173	0.09817829999974492	epochs	2.0
4540.490464908173	0.0493666000002122	epochs	3.0
4540.539831508173	0.04881169999953272	epochs	3.0
4540.5886432081725	0.09600779999982478	epochs	2.0
4540.5886432081725	0.0482692000005045	epochs	3.0
4540.636912408173	0.047738599999320286	epochs	3.0
4540.684651008172	0.09393120000004274	epochs	2.0
4540.684651008172	0.047219500000210246	epochs	3.0
4540.7318705081725	0.04671169999983249	epochs	3.0
4540.778582208172	0.09194260000003851	epochs	2.0
4540.778582208172	0.046214599999984785	epochs	3.0
4540.824796808172	0.045728000000053726	epochs	3.0
4540.870524808172	0.09003630000006524	epochs	2.0
4540.870524808172	0.045251500000631495	epochs	3.0
4540.915776308173	0.044784799999433744	epochs	3.0
4540.960561108172	0.0882075999998051	epochs	2.0
4540.960561108172	0.0443278000002465	epochs	3.0
4541.004888908173	0.0438797999995586	epochs	3.0
4541.048768708172	0.0864516999999978	epochs	2.0
4541.048768708172	0.04344100000071194	epochs	3.0
4541.092209708173	0.04301069999928586	epochs	3.0
4541.135220408172	0.08476430000064283	epochs	2.0
4541.135220408172	0.042589000000589294	epochs	3.0
4541.177809408173	0.04217530000005354	epochs	3.0
4541.219984708173	0.08314149999932852	epochs	2.0
4541.219984708173	0.04176969999934954	epochs	3.0
4541.261754408172	0.041371799999978975	epochs	3.0
4541.303126208172	0.08157970000047499	epochs	2.0
4541.303126208172	0.040981400000418944	epochs	3.0
4541.344107608173	0.04059830000005604	epochs	3.0
4541.384705908173	0.08007550000002084	epochs	2.0
4541.384705908173	0.040222300000095856	epochs	3.0
4541.424928208173	0.03985319999992498	epochs	3.0
4541.464781408173	0.07862569999997504	epochs	2.0
4541.464781408173	0.03949079999983951	epochs	3.0
4541.504272208173	0.03913490000013553	epochs	3.0
4541.543407108173	0.07722759999978734	epochs	2.0
4541.543407108173	0.038785400000051595	epochs	3.0
4541.582192508173	0.03844219999973575	epochs	3.0
4541.6206347081725	0.07587820000026113	epochs	2.0
4541.6206347081725	0.03810479999992822	epochs	3.0
4541.658739508172	0.03777340000033291	epochs	3.0
4541.696512908173	0.07457520000025397	epochs	2.0
4541.696512908173	0.03744769999957498	epochs	3.0
4541.733960608172	0.03712750000067899	epochs	3.0
4541.771088108173	0.07331629999953293	epochs	2.0
4541.771088108173	0.03681289999985893	epochs	3.0
4541.807901008173	0.036503399999674	epochs	3.0
4541.8444044081725	0.07209899999998015	epochs	2.0
4541.8444044081725	0.03619909999997617	epochs	3.0
4541.8806035081725	0.03589990000000398	epochs	3.0
4541.9165034081725	0.07092170000032638	epochs	2.0
4541.9165034081725	0.03560560000005353	epochs	3.0
4541.952109008173	0.035316100000272854	epochs	3.0
4541.987425108173	0.06978199999957724	epochs	2.0
4541.987425108173	0.03503120000004856	epochs	3.0
4542.022456308173	0.03475079999952868	epochs	3.0
4542.057207108172	0.0686786000005668	epochs	2.0
4542.057207108172	0.034475100000236125	epochs	3.0
4542.091682208173	0.03420350000033068	epochs	3.0
4542.125885708173	0.06760929999927612	epochs	2.0
4542.125885708173	0.03393619999951625	epochs	3.0
4542.1598219081725	0.03367309999975987	epochs	3.0
4542.193495008172	0.06657290000021021	epochs	2.0
4542.193495008172	0.03341400000044814	epochs	3.0
4542.226909008173	0.03315889999976207	epochs	3.0
4542.2600679081725	0.06556780000028084	epochs	2.0
4542.2600679081725	0.03290770000057819	epochs	3.0
4542.292975608173	0.03266009999970265	epochs	3.0
4542.325635708173	0.06459259999974165	epochs	2.0
4542.325635708173	0.03241639999941981	epochs	3.0
4542.358052108172	0.03217620000032184	epochs	3.0
4542.3902283081725	0.06364600000051723	epochs	2.0
4542.3902283081725	0.031939600000441715	epochs	3.0
4542.422167908173	0.03170640000007552	epochs	3.0
4542.453874308173	0.0627266999999847	epochs	2.0
4542.453874308173	0.031476599999223254	epochs	3.0
4542.485350908172	0.03125010000076145	epochs	3.0
4542.516601008173	0.06183359999977256	epochs	2.0
4542.516601008173	0.031026899999233137	epochs	3.0
4542.547627908172	0.030806700000539422	epochs	3.0
4542.578434608173	0.06096559999969031	epochs	2.0
4542.578434608173	0.030589799999688694	epochs	3.0
4542.609024408172	0.030375800000001618	epochs	3.0
4542.639400208172	0.060121600000456965	epochs	2.0
4542.639400208172	0.03016490000027261	epochs	3.0
4542.669565108173	0.029956700000184355	epochs	3.0
4542.699521808173	0.05930069999976695	epochs	2.0
4542.699521808173	0.029751600000054168	epochs	3.0
4542.729273408173	0.02954909999971278	epochs	3.0
4542.758822508173	0.058501800000158255	epochs	2.0
4542.758822508173	0.029349399999773595	epochs	3.0
4542.788171908172	0.02915240000038466	epochs	3.0
4542.817324308173	0.05772419999993872	epochs	2.0
4542.817324308173	0.028957999999875028	epochs	3.0
4542.846282308173	0.02876620000006369	epochs	3.0
4542.875048508173	0.0569671000002927	epochs	2.0
4542.875048508173	0.028577000000041153	epochs	3.0
4542.903625508173	0.02839010000025155	epochs	3.0
4542.932015608173	0.05622949999997218	epochs	2.0
4542.932015608173	0.028205699999489298	epochs	3.0
4542.960221308173	0.02802380000048288	epochs	3.0
4542.988245108173	0.05551070000001346	epochs	2.0
4542.988245108173	0.027843999999277003	epochs	3.0
4543.016089108172	0.027666700000736455	epochs	3.0
4543.043755808173	0.05481019999933778	epochs	2.0
4543.043755808173	0.02749149999999645	epochs	3.0
4543.071247308173	0.027318699999341334	epochs	3.0
4543.098566008172	0.0541270000003351	epochs	2.0
4543.098566008172	0.02714780000042083	epochs	3.0
4543.125713808173	0.026979199999914272	epochs	3.0
4543.152693008173	0.053460699999959616	epochs	2.0
4543.152693008173	0.026812600000084785	epochs	3.0
4543.179505608173	0.02664809999987483	epochs	3.0
4543.206153708173	0.05281070000000909	epochs	2.0
4543.206153708173	0.026485600000341947	epochs	3.0
4543.232639308173	0.026325099999667145	epochs	3.0
4543.258964408173	0.052176199999848905	epochs	2.0
4543.258964408173	0.026166399999965506	epochs	3.0
4543.285130808173	0.0260097999998834	epochs	3.0
4543.3111406081725	0.05155670000021928	epochs	2.0
4543.3111406081725	0.02585480000016105	epochs	3.0
4543.336995408173	0.02570190000005823	epochs	3.0
4543.362697308173	0.050951899999745365	epochs	2.0
4543.362697308173	0.025550700000167126	epochs	3.0
4543.388248008173	0.02540119999957824	epochs	3.0
4543.4136492081725	0.05036100000052102	epochs	2.0
4543.4136492081725	0.025253499999962514	epochs	3.0
4543.4389027081725	0.025107500000558503	epochs	3.0
4543.464010208173	0.04978379999920435	epochs	2.0
4543.464010208173	0.024963199999547214	epochs	3.0
4543.488973408173	0.024820599999657134	epochs	3.0
4543.513794008172	0.0492195000006177	epochs	2.0
4543.513794008172	0.024679400000422902	epochs	3.0
4543.538473408173	0.024540100000194798	epochs	3.0
4543.563013508173	0.048667899999600195	epochs	2.0
4543.563013508173	0.024402099999861093	epochs	3.0
4543.587415608173	0.0242657999997391	epochs	3.0
4543.611681408172	0.048128600000381994	epochs	2.0
4543.611681408172	0.024131000000124914	epochs	3.0
4543.635812408173	0.02399760000025708	epochs	3.0
4543.659810008173	0.047601100000065344	epochs	2.0
4543.659810008173	0.02386579999983951	epochs	3.0
4543.683675808173	0.023735300000225834	epochs	3.0
4543.707411108173	0.04708500000015192	epochs	2.0
4543.707411108173	0.023606299999300973	epochs	3.0
4543.731017408172	0.02347870000085095	epochs	3.0
4543.754496108173	0.046579999999266875	epochs	2.0
4543.754496108173	0.023352499999418797	epochs	3.0
4543.7778486081725	0.023227499999848078	epochs	3.0
4543.801076108172	0.04608570000073087	epochs	2.0
4543.801076108172	0.02310399999987567	epochs	3.0
4543.824180108172	0.0229817000008552	epochs	3.0
4543.847161808173	0.04560179999953107	epochs	2.0
4543.847161808173	0.02286069999991014	epochs	3.0
4543.870022508173	0.02274109999962093	epochs	3.0
4543.892763608173	0.045127899999897636	epochs	2.0
4543.892763608173	0.022622499999670254	epochs	3.0
4543.915386108172	0.022505400000227382	epochs	3.0
4543.9378915081725	0.044663800000307674	epochs	2.0
4543.9378915081725	0.022389300000213552	epochs	3.0
4543.960280808173	0.022274500000094122	epochs	3.0
4543.982555308173	0.04420919999938633	epochs	2.0
4543.982555308173	0.02216080000016518	epochs	3.0
4544.004716108173	0.022048399999221147	epochs	3.0
4544.026764508172	0.04376360000060231	epochs	2.0
4544.026764508172	0.021936900000582682	epochs	3.0
4544.048701408173	0.021826700000019628	epochs	3.0
4544.070528108173	0.043327100000169594	epochs	2.0
4544.070528108173	0.021717599999647064	epochs	3.0
4544.092245708172	0.02160950000052253	epochs	3.0
4544.113855208173	0.04289900000003399	epochs	2.0
4544.113855208173	0.021502499999769498	epochs	3.0
4544.135357708173	0.021396500000264496	epochs	3.0
4544.156754208173	0.04247949999989942	epochs	2.0
4544.156754208173	0.021291699999892444	epochs	3.0
4544.178045908173	0.021187800000006973	epochs	3.0
4544.199233708173	0.04206789999989269	epochs	2.0
4544.199233708173	0.021084899999550544	epochs	3.0
4544.220318608172	0.020983000000342145	epochs	3.0
4544.241301608173	0.041664399999717716	epochs	2.0
4544.241301608173	0.020882199999505247	epochs	3.0
4544.262183808172	0.02078220000021247	epochs	3.0
4544.2829660081725	0.04126850000011473	epochs	2.0
4544.2829660081725	0.02068330000020069	epochs	3.0
4544.303649308173	0.02058519999991404	epochs	3.0
4544.324234508173	0.04087999999956082	epochs	2.0
4544.324234508173	0.020488099999965925	epochs	3.0
4544.344722608173	0.020391899999594898	epochs	3.0
4544.365114508172	0.04049880000002304	epochs	2.0
4544.365114508172	0.020296600000619947	epochs	3.0
4544.385411108173	0.020202199999403092	epochs	3.0
4544.405613308172	0.04012460000012652	epochs	2.0
4544.405613308172	0.020108700000491808	epochs	3.0
4544.425722008173	0.020015899999634712	epochs	3.0
4544.445737908172	0.03975730000001931	epochs	2.0
4544.445737908172	0.0199241999998776	epochs	3.0
4544.465662108172	0.019833100000141712	epochs	3.0
4544.485495208172	0.03939669999999751	epochs	2.0
4544.485495208172	0.019742999999834865	epochs	3.0
4544.505238208172	0.019653700000162644	epochs	3.0
4544.524891908172	0.03904240000065329	epochs	2.0
4544.524891908172	0.0195651000003636	epochs	3.0
4544.544457008173	0.019477300000289688	epochs	3.0
4544.563934308173	0.03869459999987157	epochs	2.0
4544.563934308173	0.019390399999792862	epochs	3.0
4544.583324708173	0.01930420000007871	epochs	3.0
4544.602628908173	0.03835290000006353	epochs	2.0
4544.602628908173	0.019218800000089686	epochs	3.0
4544.621847708173	0.01913409999997384	epochs	3.0
4544.640981808173	0.038017199999558215	epochs	2.0
4544.640981808173	0.01905019999958313	epochs	3.0
4544.6600320081725	0.018966999999975087	epochs	3.0
4544.6789990081725	0.037687199999709264	epochs	2.0
4544.6789990081725	0.018884500000240223	epochs	3.0
4544.697883508173	0.01880269999946904	epochs	3.0
4544.716686208172	0.037363100000220584	epochs	2.0
4544.716686208172	0.01872170000024198	epochs	3.0
4544.735407908172	0.018641399999978603	epochs	3.0
4544.754049308172	0.037044300000161456	epochs	2.0
4544.754049308172	0.018561599999884493	epochs	3.0
4544.772610908172	0.018482700000276964	epochs	3.0
4544.791093608173	0.036731000000145286	epochs	2.0
4544.791093608173	0.018404299999929208	epochs	3.0
4544.8094979081725	0.01832670000021608	epochs	3.0
4544.827824608173	0.036422899999706715	epochs	2.0
4544.827824608173	0.018249599999762722	epochs	3.0
4544.8460742081725	0.018173299999943993	epochs	3.0
4544.864247508172	0.036120100000516686	epochs	2.0
4544.864247508172	0.018097600000146485	epochs	3.0
4544.882345108173	0.0180225000003702	epochs	3.0
4544.900367608173	0.03582209999967745	epochs	2.0
4544.900367608173	0.01794789999985369	epochs	3.0
4544.918315508173	0.01787419999982376	epochs	3.0
4544.936189708173	0.03552899999976944	epochs	2.0
4544.936189708173	0.017800800000259187	epochs	3.0
4544.953990508173	0.017728199999510252	epochs	3.0
4544.971718708172	0.03524070000003121	epochs	2.0
4544.971718708172	0.01765609999984008	epochs	3.0
4544.989374808172	0.01758460000019113	epochs	3.0
4545.006959408172	0.03495710000061081	epochs	2.0
4545.006959408172	0.017513700000563404	epochs	3.0
4545.024473108173	0.017443400000047404	epochs	3.0
4545.041916508173	0.03467789999922388	epochs	2.0
4545.041916508173	0.017373599999700673	epochs	3.0
4545.059290108173	0.01730429999952321	epochs	3.0
4545.076594408172	0.03440330000012182	epochs	2.0
4545.076594408172	0.017235700000128418	epochs	3.0
4545.093830108172	0.0171675999999934	epochs	3.0
4545.110997708172	0.03413280000040686	epochs	2.0
4545.110997708172	0.017099900000175694	epochs	3.0
4545.1280976081725	0.017032900000231166	epochs	3.0
4545.145130508173	0.033866699999634875	epochs	2.0
4545.145130508173	0.01696639999954641	epochs	3.0
4545.162096908172	0.016900300000088464	epochs	3.0
4545.178997208172	0.03360460000021703	epochs	2.0
4545.178997208172	0.01683480000065174	epochs	3.0
4545.195832008173	0.016769799999565294	epochs	3.0
4545.212601808173	0.0333466000001863	epochs	2.0
4545.212601808173	0.01670529999955761	epochs	3.0
4545.229307108172	0.01664130000062869	epochs	3.0
4545.245948408173	0.033092499999838765	epochs	2.0
4545.245948408173	0.016577800000050047	epochs	3.0
4545.262526208173	0.016514699999788718	epochs	3.0
4545.279040908173	0.032842300000083924	epochs	2.0
4545.279040908173	0.01645219999954861	epochs	3.0
4545.295493108172	0.016390100000535313	epochs	3.0
4545.311883208173	0.03259569999954692	epochs	2.0
4545.311883208173	0.016328400000020338	epochs	3.0
4545.328211608173	0.016267299999526585	epochs	3.0
4545.344478908172	0.032352900000660156	epochs	2.0
4545.344478908172	0.01620660000025964	epochs	3.0
4545.3606855081725	0.016146300000400515	epochs	3.0
4545.376831808173	0.032113700000081735	epochs	2.0
4545.376831808173	0.016086599999653117	epochs	3.0
4545.392918408173	0.016027100000428618	epochs	3.0
4545.408945508173	0.031877999999778694	epochs	2.0
4545.408945508173	0.01596819999940635	epochs	3.0
4545.424913708172	0.015909800000372343	epochs	3.0
4545.440823508173	0.03164569999989908	epochs	2.0
4545.440823508173	0.01585160000013275	epochs	3.0
4545.456675108173	0.01579409999976633	epochs	3.0
4545.472469208173	0.03141669999968144	epochs	2.0
4545.472469208173	0.015736700000161363	epochs	3.0
4545.488205908173	0.015679999999520078	epochs	3.0
4545.503885908172	0.03119109999988723	epochs	2.0
4545.503885908172	0.015623600000253646	epochs	3.0
4545.519509508173	0.015567499999633583	epochs	3.0
4545.535077008172	0.030968699999903038	epochs	2.0
4545.535077008172	0.015511999999944237	epochs	3.0
4545.550589008172	0.0154566999999588	epochs	3.0
4545.566045708172	0.030749500000638363	epochs	2.0
4545.566045708172	0.015401999999994587	epochs	3.0
4545.581447708172	0.015347500000643777	epochs	3.0
4545.596795208173	0.030533199999808858	epochs	2.0
4545.596795208173	0.01529339999979129	epochs	3.0
4545.612088608173	0.015239800000017567	epochs	3.0
4545.627328408173	0.03032009999969887	epochs	2.0
4545.627328408173	0.015186499999799707	epochs	3.0
4545.642514908172	0.015133599999899161	epochs	3.0
4545.657648508172	0.030109899999843037	epochs	2.0
4545.657648508172	0.015081000000463973	epochs	3.0
4545.672729508173	0.015028899999379064	epochs	3.0
4545.687758408172	0.02990250000038941	epochs	2.0
4545.687758408172	0.014977000000726548	epochs	3.0
4545.702735408173	0.014925499999662861	epochs	3.0
4545.717660908173	0.0296981000001324	epochs	2.0
4545.717660908173	0.014874399999825982	epochs	3.0
4545.732535308172	0.014823700000306417	epochs	3.0
4545.747359008173	0.02949629999966419	epochs	2.0
4545.747359008173	0.014773199999581266	epochs	3.0
4545.762132208172	0.014723100000082923	epochs	3.0
4545.776855308172	0.02929740000035963	epochs	2.0
4545.776855308172	0.014673399999992398	epochs	3.0
4545.791528708172	0.014624000000367232	epochs	3.0
4545.806152708173	0.029101099999934377	epochs	2.0
4545.806152708173	0.01457490000029793	epochs	3.0
4545.820727608173	0.014526199999636447	epochs	3.0
4545.835253808173	0.028907400000207417	epochs	2.0
4545.835253808173	0.014477699999588367	epochs	3.0
4545.849731508172	0.01442970000061905	epochs	3.0
4545.864161208173	0.028716199999507808	epochs	2.0
4545.864161208173	0.014381799999682698	epochs	3.0
4545.8785430081725	0.01433439999982511	epochs	3.0
4545.892877408172	0.028527600000415987	epochs	2.0
4545.892877408172	0.014287200000580924	epochs	3.0
4545.907164608173	0.014240399999835063	epochs	3.0
4545.921405008173	0.028341399999590067	epochs	2.0
4545.921405008173	0.014193799999702605	epochs	3.0
4545.9355988081725	0.014147599999887461	epochs	3.0
4545.949746408172	0.02815770000051998	epochs	2.0
4545.949746408172	0.014101700000537676	epochs	3.0
4545.963848108173	0.014055999999982305	epochs	3.0
4545.977904108173	0.02797629999986384	epochs	2.0
4545.977904108173	0.014010599999892293	epochs	3.0
4545.991914708173	0.013965699999971548	epochs	3.0
4546.005880408173	0.027797199999440636	epochs	2.0
4546.005880408173	0.013920800000050804	epochs	3.0
4546.019801208173	0.013876399999389832	epochs	3.0
4546.033677608172	0.02762040000015986	epochs	2.0
4546.033677608172	0.01383220000025176	epochs	3.0
4546.047509808172	0.013788199999908102	epochs	3.0
4546.061298008172	0.027445900000202528	epochs	2.0
4546.061298008172	0.013744599999881757	epochs	3.0
4546.075042608172	0.01370130000032077	epochs	3.0
4546.088743908173	0.027273499999864725	epochs	2.0
4546.088743908173	0.013658200000463694	epochs	3.0
4546.102402108173	0.013615299999401032	epochs	3.0
4546.116017408172	0.02710339999975986	epochs	2.0
4546.116017408172	0.013572800000474672	epochs	3.0
4546.129590208173	0.013530599999285187	epochs	3.0
4546.143120808172	0.02693520000048011	epochs	2.0
4546.143120808172	0.013488400000824186	epochs	3.0
4546.156609208173	0.013446799999655923	epochs	3.0
4546.170056008173	0.02676919999976235	epochs	2.0
4546.170056008173	0.01340520000030665	epochs	3.0
4546.183461208173	0.0133639999994557	epochs	3.0
4546.196825208172	0.026605200000631157	epochs	2.0
4546.196825208172	0.013322900000275695	epochs	3.0
4546.210148108173	0.013282300000355463	epochs	3.0
4546.223430408173	0.026443199999448552	epochs	2.0
4546.223430408173	0.013241699999525736	epochs	3.0
4546.236672108173	0.013201499999922817	epochs	3.0
4546.2498736081725	0.026283199999852513	epochs	2.0
4546.2498736081725	0.013161500000023807	epochs	3.0
4546.2630351081725	0.013121699999828706	epochs	3.0
4546.276156808172	0.026125000000320142	epochs	2.0
4546.276156808172	0.01308210000024701	epochs	3.0
4546.289238908173	0.013042900000073132	epochs	3.0
4546.302281808173	0.025968899999497808	epochs	2.0
4546.302281808173	0.013003899999603163	epochs	3.0
4546.315285708172	0.012964999999894644	epochs	3.0
4546.328250708172	0.025814500000706175	epochs	2.0
4546.328250708172	0.012926400000651483	epochs	3.0
4546.341177108173	0.012888100000054692	epochs	3.0
4546.354065208173	0.02566190000015922	epochs	2.0
4546.354065208173	0.012849899999309855	epochs	3.0
4546.366915108172	0.012812000000849366	epochs	3.0
4546.379727108173	0.02551119999952789	epochs	2.0
4546.379727108173	0.012774399999216257	epochs	3.0
4546.392501508172	0.012736800000311632	epochs	3.0
4546.405238308173	0.02536229999986972	epochs	2.0
4546.405238308173	0.012699699999757286	epochs	3.0
4546.417938008172	0.012662600000112434	epochs	3.0
4546.430600608172	0.025215000000571308	epochs	2.0
4546.430600608172	0.012625800000023446	epochs	3.0
4546.443226408172	0.012589200000547862	epochs	3.0
4546.455815608173	0.024584799999502138	epochs	2.0
4546.479999908172	0.5	epochs	-1.0
4546.4804004081725	0.5010400000001027	epochs	1.0
4546.981440408173	0.49888000000009924	epochs	0.0
4547.919000148773	0.058399999999892316	epochs	0.0
4547.919000148773	0.024206799999774375	epochs	1.0
4547.943206948773	0.009986400000343565	epochs	1.0
4547.953193348773	0.024206799999774375	epochs	1.0
4547.977400148773	2.0	epochs	0.0
4549.977400148773	0.5013600000002043	epochs	0.0
4549.977400148773	0.5013600000002043	epochs	1.0
4549.977479648774	0.5	epochs	-1.0
4550.477479648774	0.0012804999996660626	epochs	-1.0
4550.478760148773	21.498559999999998	epochs	0.0
4551.774000167847	0.058399999999892316	epochs	0.0
4551.774000167847	0.024206799999774375	epochs	1.0
4551.798206967846	0.009986400000343565	epochs	1.0
4551.808193367847	0.024206799999774375	epochs	1.0
4551.832400167847	2.0	epochs	0.0
4553.832400167847	0.5017600000001039	epochs	0.0
4553.832400167847	0.5017600000001039	epochs	1.0
4553.832479667847	0.5	epochs	-1.0
4554.332479667847	0.0016804999995656544	epochs	-1.0
4554.334160167847	21.498160000000098	epochs	0.0
4555.587000370026	0.058399999999892316	epochs	0.0
4555.587000370026	0.024206799999774375	epochs	1.0
4555.611207170025	0.009986400000343565	epochs	1.0
4555.621193570026	0.024206799999774375	epochs	1.0
4555.6454003700255	2.0	epochs	0.0
4557.6454003700255	0.5016000000005079	epochs	0.0
4557.6454003700255	0.5016000000005079	epochs	1.0
4557.645479870026	0.5	epochs	-1.0
4558.145479870026	0.0015204999999696156	epochs	-1.0
4558.147000370026	21.498319999999694	epochs	0.0
4559.478000164032	0.058399999999892316	epochs	0.0
4559.478000164032	0.024206799999774375	epochs	1.0
4559.502206964032	0.009986400000343565	epochs	1.0
4559.512193364032	0.024206799999774375	epochs	1.0
4559.536400164032	2.0	epochs	0.0
4561.536400164032	0.5008800000005067	epochs	0.0
4561.536400164032	0.5008800000005067	epochs	1.0
4561.536479664032	0.5	epochs	-1.0
4562.036479664032	0.0008004999999684514	epochs	-1.0
4562.037280164032	21.499039999999695	epochs	0.0
4563.363000392914	0.058399999999892316	epochs	0.0
4563.363000392914	0.024206799999774375	epochs	1.0
4563.387207192914	0.009986400000343565	epochs	1.0
4563.397193592914	0.024206799999774375	epochs	1.0
4563.421400392914	2.0	epochs	0.0
4565.421400392914	0.5008800000005067	epochs	0.0
4565.421400392914	0.5008800000005067	epochs	1.0
4565.421479892914	0.5	epochs	-1.0
4565.921479892914	0.0008004999999684514	epochs	-1.0
4565.922280392914	21.499039999999695	epochs	0.0
4567.186000347137	0.058399999999892316	epochs	0.0
4567.186000347137	0.024206799999774375	epochs	1.0
4567.210207147137	0.009986400000343565	epochs	1.0
4567.220193547138	0.024206799999774375	epochs	1.0
4567.244400347137	2.0	epochs	0.0
4569.244400347137	1.501760000000104	epochs	0.0
4569.244400347137	1.0	epochs	1.0
4569.244479847138	0.5	epochs	-1.0
4569.744479847138	1.0016804999995657	epochs	-1.0
4570.244400347137	0.5017600000001039	epochs	-1.0
4570.244400347137	0.5017600000001039	epochs	1.0
4570.244400347137	0.5017600000001039	epochs	2.0
4570.244400347137	0.5017600000001039	epochs	3.0
4570.746160347137	20.498160000000098	epochs	0.0
4571.594000339508	0.058399999999892316	epochs	0.0
4571.594000339508	0.024206799999774375	epochs	1.0
4571.618207139508	0.009986400000343565	epochs	1.0
4571.628193539508	0.024206799999774375	epochs	1.0
4571.652400339508	2.0	epochs	0.0
4573.652400339508	1.6018400000002657	epochs	0.0
4573.652400339508	1.0	epochs	1.0
4573.6524798395085	0.5	epochs	-1.0
4574.1524798395085	1.1017604999997275	epochs	-1.0
4574.652400339508	0.6018400000002657	epochs	-1.0
4574.652400339508	0.6018400000002657	epochs	1.0
4574.652400339508	0.6018400000002657	epochs	2.0
4574.652400339508	0.6018400000002657	epochs	3.0
4575.254240339508	20.398079999999936	epochs	0.0
4576.118000030518	0.058399999999892316	epochs	0.0
4576.118000030518	0.024206799999774375	epochs	1.0
4576.142206830517	0.009986400000343565	epochs	1.0
4576.152193230518	0.024206799999774375	epochs	1.0
4576.1764000305175	2.0	epochs	0.0
4578.1764000305175	1.6413600000005317	epochs	0.0
4578.1764000305175	1.0	epochs	1.0
4578.176479530518	0.5	epochs	-1.0
4578.676479530518	1.1412804999999935	epochs	-1.0
4579.1764000305175	0.6413600000005317	epochs	-1.0
4579.1764000305175	0.6413600000005317	epochs	1.0
4579.1764000305175	0.6413600000005317	epochs	2.0
4579.1764000305175	0.6413600000005317	epochs	3.0
4579.817760030518	20.35855999999967	epochs	0.0
4580.805000305176	0.058399999999892316	epochs	0.0
4580.805000305176	0.024206799999774375	epochs	1.0
4580.829207105176	0.009986400000343565	epochs	1.0
4580.839193505176	0.024206799999774375	epochs	1.0
4580.863400305176	2.0	epochs	0.0
4582.863400305176	5.3815999999997075	epochs	0.0
4582.863400305176	1.0	epochs	1.0
4582.863479805176	0.5	epochs	-1.0
4583.363479805176	4.881520499999169	epochs	-1.0
4583.863400305176	4.3815999999997075	epochs	1.0
4583.863400305176	4.356753900000513	epochs	-1.0
4583.863400305176	1.9745872000003146	epochs	2.0
4583.863400305176	1.098562199999833	epochs	3.0
4584.9619625051755	0.8760250000004817	epochs	3.0
4585.837987505176	1.3524074999995719	epochs	2.0
4585.837987505176	0.7286354999996547	epochs	3.0
4586.566623005176	0.6237719999999172	epochs	3.0
4587.190395005176	1.0297592000006262	epochs	2.0
4587.190395005176	0.5453293000000485	epochs	3.0
4587.735724305176	0.4844299000005776	epochs	3.0
4588.220154205176	0.02484609999919485	epochs	2.0
4588.220154205176	0.02484609999919485	epochs	3.0
4588.245000305175	16.618320000000494	epochs	0.0
4601.1990003585815	0.058399999999892316	epochs	0.0
4601.1990003585815	0.024206799999774375	epochs	1.0
4601.223207158581	0.009986400000343565	epochs	1.0
4601.233193558582	0.024206799999774375	epochs	1.0
4601.257400358581	2.0	epochs	0.0
4603.257400358581	0.5008800000005067	epochs	0.0
4603.257400358581	0.5008800000005067	epochs	1.0
4603.257479858582	0.5	epochs	-1.0
4603.757479858582	0.0008004999999684514	epochs	-1.0
4603.758280358582	21.499039999999695	epochs	0.0
4605.095000267029	0.058399999999892316	epochs	0.0
4605.095000267029	0.024206799999774375	epochs	1.0
4605.119207067029	0.009986400000343565	epochs	1.0
4605.129193467029	0.024206799999774375	epochs	1.0
4605.153400267029	2.0	epochs	0.0
4607.153400267029	1.3014400000001842	epochs	0.0
4607.153400267029	1.0	epochs	1.0
4607.153479767029	0.5	epochs	-1.0
4607.653479767029	0.801360499999646	epochs	-1.0
4608.153400267029	0.3014400000001842	epochs	-1.0
4608.153400267029	0.3014400000001842	epochs	1.0
4608.153400267029	0.3014400000001842	epochs	2.0
4608.153400267029	0.3014400000001842	epochs	3.0
4608.454840267029	20.698480000000018	epochs	0.0
4609.353000164032	0.058399999999892316	epochs	0.0
4609.353000164032	0.024206799999774375	epochs	1.0
4609.377206964032	0.009986400000343565	epochs	1.0
4609.387193364032	0.024206799999774375	epochs	1.0
4609.411400164032	2.0	epochs	0.0
4611.411400164032	1.300799999999981	epochs	0.0
4611.411400164032	1.0	epochs	1.0
4611.411479664032	0.5	epochs	-1.0
4611.911479664032	0.8007204999994428	epochs	-1.0
4612.411400164032	0.3007999999999811	epochs	-1.0
4612.411400164032	0.3007999999999811	epochs	1.0
4612.411400164032	0.3007999999999811	epochs	2.0
4612.411400164032	0.3007999999999811	epochs	3.0
4612.712200164032	20.69912000000022	epochs	0.0
4613.639000415802	0.058399999999892316	epochs	0.0
4613.639000415802	0.024206799999774375	epochs	1.0
4613.663207215802	0.009986400000343565	epochs	1.0
4613.673193615802	0.024206799999774375	epochs	1.0
4613.697400415802	2.0	epochs	0.0
4615.697400415802	0.5011999999996988	epochs	0.0
4615.697400415802	0.5011999999996988	epochs	1.0
4615.697479915802	0.5	epochs	-1.0
4616.197479915802	0.0011204999991605291	epochs	-1.0
4616.198600415802	21.498720000000503	epochs	0.0
4617.5380001068115	0.058399999999892316	epochs	0.0
4617.5380001068115	0.024206799999774375	epochs	1.0
4617.562206906811	0.009986400000343565	epochs	1.0
4617.572193306812	0.024206799999774375	epochs	1.0
4617.596400106811	2.0	epochs	0.0
4619.596400106811	1.3017600000002858	epochs	0.0
4619.596400106811	1.0	epochs	1.0
4619.596479606812	0.5	epochs	-1.0
4620.096479606812	0.8016804999997476	epochs	-1.0
4620.596400106811	0.3017600000002858	epochs	-1.0
4620.596400106811	0.3017600000002858	epochs	1.0
4620.596400106811	0.3017600000002858	epochs	2.0
4620.596400106811	0.3017600000002858	epochs	3.0
4620.898160106812	20.698159999999916	epochs	0.0
4621.860000133514	0.058399999999892316	epochs	0.0
4621.860000133514	0.024206799999774375	epochs	1.0
4621.884206933514	0.009986400000343565	epochs	1.0
4621.8941933335145	0.024206799999774375	epochs	1.0
4621.918400133514	2.0	epochs	0.0
4623.918400133514	1.3011200000000827	epochs	0.0
4623.918400133514	1.0	epochs	1.0
4623.918479633515	0.5	epochs	-1.0
4624.418479633515	0.8010404999995444	epochs	-1.0
4624.918400133514	0.30112000000008265	epochs	-1.0
4624.918400133514	0.30112000000008265	epochs	1.0
4624.918400133514	0.30112000000008265	epochs	2.0
4624.918400133514	0.30112000000008265	epochs	3.0
4625.219520133514	20.69880000000012	epochs	0.0
4626.217000007629	0.058399999999892316	epochs	0.0
4626.217000007629	0.024206799999774375	epochs	1.0
4626.241206807629	0.009986400000343565	epochs	1.0
4626.2511932076295	0.024206799999774375	epochs	1.0
4626.275400007629	2.0	epochs	0.0
4628.275400007629	0.5015199999998003	epochs	0.0
4628.275400007629	0.5015199999998003	epochs	1.0
4628.27547950763	0.5	epochs	-1.0
4628.77547950763	0.0014404999992621015	epochs	-1.0
4628.776920007629	21.4984000000004	epochs	0.0
4630.047000408173	0.058399999999892316	epochs	0.0
4630.047000408173	0.024206799999774375	epochs	1.0
4630.071207208172	0.009986400000343565	epochs	1.0
4630.081193608173	0.024206799999774375	epochs	1.0
4630.1054004081725	2.0	epochs	0.0
4632.1054004081725	1.400880000000143	epochs	0.0
4632.1054004081725	1.0	epochs	1.0
4632.105479908173	0.5	epochs	-1.0
4632.605479908173	0.9008004999996047	epochs	-1.0
4633.1054004081725	0.4008800000001429	epochs	-1.0
4633.1054004081725	0.4008800000001429	epochs	1.0
4633.1054004081725	0.4008800000001429	epochs	2.0
4633.1054004081725	0.4008800000001429	epochs	3.0
4633.506280408173	20.59904000000006	epochs	0.0
4634.451000213623	0.058399999999892316	epochs	0.0
4634.451000213623	0.024206799999774375	epochs	1.0
4634.475207013623	0.009986400000343565	epochs	1.0
4634.485193413623	0.024206799999774375	epochs	1.0
4634.509400213623	2.0	epochs	0.0
4636.509400213623	1.421360000000277	epochs	0.0
4636.509400213623	1.0	epochs	1.0
4636.5094797136235	0.5	epochs	-1.0
4637.0094797136235	0.9212804999997388	epochs	-1.0
4637.509400213623	0.42136000000027707	epochs	-1.0
4637.509400213623	0.42136000000027707	epochs	1.0
4637.509400213623	0.42136000000027707	epochs	2.0
4637.509400213623	0.42136000000027707	epochs	3.0
4637.930760213623	20.578559999999925	epochs	0.0
4650.926000118256	0.058399999999892316	epochs	0.0
4650.926000118256	0.024206799999774375	epochs	1.0
4650.950206918255	0.009986400000343565	epochs	1.0
4650.960193318256	0.024206799999774375	epochs	1.0
4650.9844001182555	0.22991999999976542	epochs	0.0
4650.9844001182555	0.0500000000001819	epochs	1.0
4651.034400118256	0.010000000000218279	epochs	1.0
4651.044400118256	0.049999999999272404	epochs	1.0
4651.094400118255	0.010000000000218279	epochs	1.0
4651.104400118255	0.0500000000001819	epochs	1.0
4651.154400118256	0.010000000000218279	epochs	1.0
4651.164400118256	0.049919999999474385	epochs	1.0
5141.919000148773	0.058399999999892316	epochs	0.0
5141.919000148773	0.024206799999774375	epochs	1.0
5141.943206948773	0.009986400000343565	epochs	1.0
5141.953193348773	0.024206799999774375	epochs	1.0
5141.977400148773	2.999920000000202	epochs	0.0
5141.977400148773	1.0	epochs	1.0
5142.977400148773	1.0	epochs	1.0
5143.977400148773	0.999920000000202	epochs	1.0
5146.142000198364	0.058399999999892316	epochs	0.0
5146.142000198364	0.024206799999774375	epochs	1.0
5146.166206998364	0.009986400000343565	epochs	1.0
5146.176193398364	0.024206799999774375	epochs	1.0
5146.200400198364	2.999920000000202	epochs	0.0
5146.200400198364	1.0	epochs	1.0
5147.200400198364	1.0	epochs	1.0
5148.200400198364	0.999920000000202	epochs	1.0
5150.325000286102	0.058399999999892316	epochs	0.0
5150.325000286102	0.024206799999774375	epochs	1.0
5150.349207086102	0.009986400000343565	epochs	1.0
5150.359193486102	0.024206799999774375	epochs	1.0
5150.383400286102	2.999920000000202	epochs	0.0
5150.383400286102	1.0	epochs	1.0
5151.383400286102	1.0	epochs	1.0
5152.383400286102	0.999920000000202	epochs	1.0
5154.499000072479	0.058399999999892316	epochs	0.0
5154.499000072479	0.024206799999774375	epochs	1.0
5154.523206872479	0.009986400000343565	epochs	1.0
5154.533193272479	0.024206799999774375	epochs	1.0
5154.557400072479	2.999920000000202	epochs	0.0
5154.557400072479	1.0	epochs	1.0
5155.557400072479	1.0	epochs	1.0
5156.557400072479	0.999920000000202	epochs	1.0
5158.792000293732	0.058399999999892316	epochs	0.0
5158.792000293732	0.024206799999774375	epochs	1.0
5158.8162070937315	0.009986400000343565	epochs	1.0
5158.826193493732	0.024206799999774375	epochs	1.0
5158.850400293732	2.999920000000202	epochs	0.0
5158.850400293732	1.0	epochs	1.0
5159.850400293732	1.0	epochs	1.0
5160.850400293732	0.999920000000202	epochs	1.0
5162.977000236511	0.058399999999892316	epochs	0.0
5162.977000236511	0.024206799999774375	epochs	1.0
5163.001207036511	0.009986400000343565	epochs	1.0
5163.011193436511	0.024206799999774375	epochs	1.0
5163.035400236511	2.999920000000202	epochs	0.0
5163.035400236511	1.0	epochs	1.0
5164.035400236511	1.0	epochs	1.0
5165.035400236511	0.999920000000202	epochs	1.0
5167.236999988556	0.058399999999892316	epochs	0.0
5167.236999988556	0.024206799999774375	epochs	1.0
5167.261206788556	0.009986400000343565	epochs	1.0
5167.271193188556	0.024206799999774375	epochs	1.0
5167.295399988556	2.999920000000202	epochs	0.0
5167.295399988556	1.0	epochs	1.0
5168.295399988556	1.0	epochs	1.0
5169.295399988556	0.999920000000202	epochs	1.0
5171.491000175476	0.058399999999892316	epochs	0.0
5171.491000175476	0.024206799999774375	epochs	1.0
5171.515206975476	0.009986400000343565	epochs	1.0
5171.525193375476	0.024206799999774375	epochs	1.0
5171.549400175476	2.999920000000202	epochs	0.0
5171.549400175476	1.0	epochs	1.0
5172.549400175476	1.0	epochs	1.0
5173.549400175476	0.999920000000202	epochs	1.0
5175.713000297546	0.058399999999892316	epochs	0.0
5175.713000297546	0.024206799999774375	epochs	1.0
5175.737207097546	0.009986400000343565	epochs	1.0
5175.7471934975465	0.024206799999774375	epochs	1.0
5175.771400297546	2.999920000000202	epochs	0.0
5175.771400297546	1.0	epochs	1.0
5176.771400297546	1.0	epochs	1.0
5177.771400297546	0.999920000000202	epochs	1.0
5179.967000007629	0.058399999999892316	epochs	0.0
5179.967000007629	0.024206799999774375	epochs	1.0
5179.991206807629	0.009986400000343565	epochs	1.0
5180.0011932076295	0.024206799999774375	epochs	1.0
5180.025400007629	2.999920000000202	epochs	0.0
5180.025400007629	1.0	epochs	1.0
5181.025400007629	1.0	epochs	1.0
5182.025400007629	0.999920000000202	epochs	1.0
5184.180000305176	0.058399999999892316	epochs	0.0
5184.180000305176	0.024206799999774375	epochs	1.0
5184.204207105176	0.009986400000343565	epochs	1.0
5184.214193505176	0.024206799999774375	epochs	1.0
5184.238400305176	2.999920000000202	epochs	0.0
5184.238400305176	1.0	epochs	1.0
5185.238400305176	1.0	epochs	1.0
5186.238400305176	0.999920000000202	epochs	1.0
5188.421000003815	0.058399999999892316	epochs	0.0
5188.421000003815	0.024206799999774375	epochs	1.0
5188.4452068038145	0.009986400000343565	epochs	1.0
5188.455193203815	0.024206799999774375	epochs	1.0
5188.479400003815	2.999920000000202	epochs	0.0
5188.479400003815	1.0	epochs	1.0
5189.479400003815	1.0	epochs	1.0
5190.479400003815	0.999920000000202	epochs	1.0
5192.628000259399	0.058399999999892316	epochs	0.0
5192.628000259399	0.024206799999774375	epochs	1.0
5192.652207059399	0.009986400000343565	epochs	1.0
5192.6621934593995	0.024206799999774375	epochs	1.0
5192.686400259399	2.999920000000202	epochs	0.0
5192.686400259399	1.0	epochs	1.0
5193.686400259399	1.0	epochs	1.0
5194.686400259399	0.999920000000202	epochs	1.0
5196.84700012207	0.058399999999892316	epochs	0.0
5196.84700012207	0.024206799999774375	epochs	1.0
5196.87120692207	0.009986400000343565	epochs	1.0
5196.88119332207	0.024206799999774375	epochs	1.0
5196.90540012207	2.999920000000202	epochs	0.0
5196.90540012207	1.0	epochs	1.0
5197.90540012207	1.0	epochs	1.0
5198.90540012207	0.999920000000202	epochs	1.0
5201.063000202179	0.058399999999892316	epochs	0.0
5201.063000202179	0.024206799999774375	epochs	1.0
5201.087207002179	0.009986400000343565	epochs	1.0
5201.097193402179	0.024206799999774375	epochs	1.0
5201.121400202179	2.999920000000202	epochs	0.0
5201.121400202179	1.0	epochs	1.0
5202.121400202179	1.0	epochs	1.0
5203.121400202179	0.999920000000202	epochs	1.0
5205.321000099182	0.058399999999892316	epochs	0.0
5205.321000099182	0.024206799999774375	epochs	1.0
5205.345206899182	0.009986400000343565	epochs	1.0
5205.355193299182	0.024206799999774375	epochs	1.0
5205.379400099182	2.999920000000202	epochs	0.0
5205.379400099182	1.0	epochs	1.0
5206.379400099182	1.0	epochs	1.0
5207.379400099182	0.999920000000202	epochs	1.0
5209.595000267029	0.058399999999892316	epochs	0.0
5209.595000267029	0.024206799999774375	epochs	1.0
5209.619207067029	0.009986400000343565	epochs	1.0
5209.629193467029	0.024206799999774375	epochs	1.0
5209.653400267029	2.999920000000202	epochs	0.0
5209.653400267029	1.0	epochs	1.0
5210.653400267029	1.0	epochs	1.0
5211.653400267029	0.999920000000202	epochs	1.0
5213.79000043869	0.058399999999892316	epochs	0.0
5213.79000043869	0.024206799999774375	epochs	1.0
5213.81420723869	0.009986400000343565	epochs	1.0
5213.82419363869	0.024206799999774375	epochs	1.0
5213.84840043869	2.999920000000202	epochs	0.0
5213.84840043869	1.0	epochs	1.0
5214.84840043869	1.0	epochs	1.0
5215.84840043869	0.999920000000202	epochs	1.0
5218.00700044632	0.058399999999892316	epochs	0.0
5218.00700044632	0.024206799999774375	epochs	1.0
5218.031207246319	0.009986400000343565	epochs	1.0
5218.04119364632	0.024206799999774375	epochs	1.0
5218.0654004463195	2.999920000000202	epochs	0.0
5218.0654004463195	1.0	epochs	1.0
5219.0654004463195	1.0	epochs	1.0
5220.0654004463195	0.999920000000202	epochs	1.0
5222.279000282288	0.058399999999892316	epochs	0.0
5222.279000282288	0.024206799999774375	epochs	1.0
5222.303207082287	0.009986400000343565	epochs	1.0
5222.313193482288	0.024206799999774375	epochs	1.0
5222.3374002822875	2.999920000000202	epochs	0.0
5222.3374002822875	0.9000000000005457	epochs	1.0
5223.237400282288	0.0999999999994543	epochs	1.0
5223.3374002822875	1.0	epochs	1.0
5224.3374002822875	0.999920000000202	epochs	1.0
5226.5380001068115	0.058399999999892316	epochs	0.0
5226.5380001068115	0.024206799999774375	epochs	1.0
5226.562206906811	0.009986400000343565	epochs	1.0
5226.572193306812	0.024206799999774375	epochs	1.0
5226.596400106811	2.999920000000202	epochs	0.0
5226.596400106811	0.9000000000005457	epochs	1.0
5227.496400106812	0.0999999999994543	epochs	1.0
5227.596400106811	1.0	epochs	1.0
5228.596400106811	0.999920000000202	epochs	1.0
5230.817000389099	0.058399999999892316	epochs	0.0
5230.817000389099	0.024206799999774375	epochs	1.0
5230.841207189099	0.009986400000343565	epochs	1.0
5230.851193589099	0.024206799999774375	epochs	1.0
5230.875400389099	2.999920000000202	epochs	0.0
5230.875400389099	0.9000000000005457	epochs	1.0
5231.7754003891	0.0999999999994543	epochs	1.0
5231.875400389099	1.0	epochs	1.0
5232.875400389099	0.999920000000202	epochs	1.0
5234.9130001068115	0.058399999999892316	epochs	0.0
5234.9130001068115	0.024206799999774375	epochs	1.0
5234.937206906811	0.009986400000343565	epochs	1.0
5234.947193306812	0.024206799999774375	epochs	1.0
5234.971400106811	2.999920000000202	epochs	0.0
5234.971400106811	0.9000000000005457	epochs	1.0
5235.871400106812	0.0999999999994543	epochs	1.0
5235.971400106811	1.0	epochs	1.0
5236.971400106811	0.999920000000202	epochs	1.0
5239.182000160217	0.058399999999892316	epochs	0.0
5239.182000160217	0.024206799999774375	epochs	1.0
5239.206206960217	0.009986400000343565	epochs	1.0
5239.216193360217	0.024206799999774375	epochs	1.0
5239.240400160217	2.999920000000202	epochs	0.0
5239.240400160217	0.9000000000005457	epochs	1.0
5240.140400160218	0.0999999999994543	epochs	1.0
5240.240400160217	1.0	epochs	1.0
5241.240400160217	0.999920000000202	epochs	1.0
5243.405000209808	0.058399999999892316	epochs	0.0
5243.405000209808	0.024206799999774375	epochs	1.0
5243.429207009808	0.009986400000343565	epochs	1.0
5243.4391934098085	0.024206799999774375	epochs	1.0
5243.463400209808	2.999920000000202	epochs	0.0
5243.463400209808	0.9000000000005457	epochs	1.0
5244.363400209809	0.0999999999994543	epochs	1.0
5244.463400209808	1.0	epochs	1.0
5245.463400209808	0.999920000000202	epochs	1.0
5247.711000442505	0.058399999999892316	epochs	0.0
5247.711000442505	0.024206799999774375	epochs	1.0
5247.735207242505	0.009986400000343565	epochs	1.0
5247.745193642505	0.024206799999774375	epochs	1.0
5247.769400442505	2.999920000000202	epochs	0.0
5247.769400442505	0.9000000000005457	epochs	1.0
5248.669400442505	0.0999999999994543	epochs	1.0
5248.769400442505	1.0	epochs	1.0
5249.769400442505	0.999920000000202	epochs	1.0
5252.011000156403	0.058399999999892316	epochs	0.0
5252.011000156403	0.024206799999774375	epochs	1.0
5252.035206956402	0.009986400000343565	epochs	1.0
5252.045193356403	0.024206799999774375	epochs	1.0
5252.0694001564025	2.999920000000202	epochs	0.0
5252.0694001564025	0.9000000000005457	epochs	1.0
5252.969400156403	0.0999999999994543	epochs	1.0
5253.0694001564025	1.0	epochs	1.0
5254.0694001564025	0.999920000000202	epochs	1.0
5256.137000083923	0.058399999999892316	epochs	0.0
5256.137000083923	0.024206799999774375	epochs	1.0
5256.161206883923	0.009986400000343565	epochs	1.0
5256.1711932839235	0.024206799999774375	epochs	1.0
5256.195400083923	2.999920000000202	epochs	0.0
5256.195400083923	0.9000000000005457	epochs	1.0
5257.095400083924	0.0999999999994543	epochs	1.0
5257.195400083923	1.0	epochs	1.0
5258.195400083923	0.999920000000202	epochs	1.0
5260.455000400543	0.058399999999892316	epochs	0.0
5260.455000400543	0.024206799999774375	epochs	1.0
5260.479207200543	0.009986400000343565	epochs	1.0
5260.489193600543	0.024206799999774375	epochs	1.0
5260.513400400543	2.999920000000202	epochs	0.0
5260.513400400543	1.0	epochs	1.0
5261.513400400543	1.0	epochs	1.0
5262.513400400543	0.999920000000202	epochs	1.0
5264.746000289917	0.058399999999892316	epochs	0.0
5264.746000289917	0.024206799999774375	epochs	1.0
5264.770207089917	0.009986400000343565	epochs	1.0
5264.780193489917	0.024206799999774375	epochs	1.0
5264.804400289917	2.999920000000202	epochs	0.0
5264.804400289917	1.0	epochs	1.0
5265.804400289917	1.0	epochs	1.0
5266.804400289917	0.999920000000202	epochs	1.0
5269.065999984741	0.058399999999892316	epochs	0.0
5269.065999984741	0.024206799999774375	epochs	1.0
5269.090206784741	0.009986400000343565	epochs	1.0
5269.100193184741	0.024206799999774375	epochs	1.0
5269.124399984741	2.999920000000202	epochs	0.0
5269.124399984741	1.0	epochs	1.0
5270.124399984741	1.0	epochs	1.0
5271.124399984741	0.999920000000202	epochs	1.0
5273.205000400543	0.058399999999892316	epochs	0.0
5273.205000400543	0.024206799999774375	epochs	1.0
5273.229207200543	0.009986400000343565	epochs	1.0
5273.239193600543	0.024206799999774375	epochs	1.0
5273.263400400543	2.999920000000202	epochs	0.0
5273.263400400543	1.0	epochs	1.0
5274.263400400543	1.0	epochs	1.0
5275.263400400543	0.999920000000202	epochs	1.0
5277.330000400543	0.058399999999892316	epochs	0.0
5277.330000400543	0.024206799999774375	epochs	1.0
5277.354207200543	0.009986400000343565	epochs	1.0
5277.364193600543	0.024206799999774375	epochs	1.0
5277.388400400543	2.999920000000202	epochs	0.0
5277.388400400543	1.0	epochs	1.0
5278.388400400543	1.0	epochs	1.0
5279.388400400543	0.999920000000202	epochs	1.0
5281.428000450134	0.058399999999892316	epochs	0.0
5281.428000450134	0.024206799999774375	epochs	1.0
5281.452207250134	0.009986400000343565	epochs	1.0
5281.462193650134	0.024206799999774375	epochs	1.0
5281.486400450134	2.999920000000202	epochs	0.0
5281.486400450134	1.0	epochs	1.0
5282.486400450134	1.0	epochs	1.0
5283.486400450134	0.999920000000202	epochs	1.0
5285.690999984741	0.058399999999892316	epochs	0.0
5285.690999984741	0.024206799999774375	epochs	1.0
5285.715206784741	0.009986400000343565	epochs	1.0
5285.725193184741	0.024206799999774375	epochs	1.0
5285.749399984741	2.999920000000202	epochs	0.0
5285.749399984741	1.0	epochs	1.0
5286.749399984741	1.0	epochs	1.0
5287.749399984741	0.999920000000202	epochs	1.0
5289.964000225067	0.058399999999892316	epochs	0.0
5289.964000225067	0.024206799999774375	epochs	1.0
5289.988207025067	0.009986400000343565	epochs	1.0
5289.998193425067	0.024206799999774375	epochs	1.0
5290.022400225067	2.999920000000202	epochs	0.0
5290.022400225067	1.0	epochs	1.0
5291.022400225067	1.0	epochs	1.0
5292.022400225067	0.999920000000202	epochs	1.0
5294.0830001831055	0.058399999999892316	epochs	0.0
5294.0830001831055	0.024206799999774375	epochs	1.0
5294.107206983105	0.009986400000343565	epochs	1.0
5294.117193383106	0.024206799999774375	epochs	1.0
5294.141400183105	2.999920000000202	epochs	0.0
5294.141400183105	1.0	epochs	1.0
5295.141400183105	1.0	epochs	1.0
5296.141400183105	0.999920000000202	epochs	1.0
5298.256000041962	0.058399999999892316	epochs	0.0
5298.256000041962	0.024206799999774375	epochs	1.0
5298.280206841961	0.009986400000343565	epochs	1.0
5298.290193241962	0.024206799999774375	epochs	1.0
5298.314400041962	2.999920000000202	epochs	0.0
5298.314400041962	1.0	epochs	1.0
5299.314400041962	1.0	epochs	1.0
5300.314400041962	0.999920000000202	epochs	1.0
5302.390000343323	0.058399999999892316	epochs	0.0
5302.390000343323	0.024206799999774375	epochs	1.0
5302.4142071433225	0.009986400000343565	epochs	1.0
5302.424193543323	0.024206799999774375	epochs	1.0
5302.448400343323	2.999920000000202	epochs	0.0
5302.448400343323	1.0	epochs	1.0
5303.448400343323	1.0	epochs	1.0
5304.448400343323	0.999920000000202	epochs	1.0
5306.6449999809265	0.058399999999892316	epochs	0.0
5306.6449999809265	0.024206799999774375	epochs	1.0
5306.669206780926	0.009986400000343565	epochs	1.0
5306.679193180927	0.024206799999774375	epochs	1.0
5306.703399980926	2.999920000000202	epochs	0.0
5306.703399980926	1.0	epochs	1.0
5307.703399980926	1.0	epochs	1.0
5308.703399980926	0.999920000000202	epochs	1.0
5310.928000450134	0.058399999999892316	epochs	0.0
5310.928000450134	0.024206799999774375	epochs	1.0
5310.952207250134	0.009986400000343565	epochs	1.0
5310.962193650134	0.024206799999774375	epochs	1.0
5310.986400450134	2.999920000000202	epochs	0.0
5310.986400450134	1.0	epochs	1.0
5311.986400450134	1.0	epochs	1.0
5312.986400450134	0.999920000000202	epochs	1.0
5315.055000305176	0.058399999999892316	epochs	0.0
5315.055000305176	0.024206799999774375	epochs	1.0
5315.079207105176	0.009986400000343565	epochs	1.0
5315.089193505176	0.024206799999774375	epochs	1.0
5315.113400305176	2.999920000000202	epochs	0.0
5315.113400305176	1.0	epochs	1.0
5316.113400305176	1.0	epochs	1.0
5317.113400305176	0.999920000000202	epochs	1.0
5319.331000328064	0.058399999999892316	epochs	0.0
5319.331000328064	0.024206799999774375	epochs	1.0
5319.355207128064	0.009986400000343565	epochs	1.0
5319.365193528064	0.024206799999774375	epochs	1.0
5319.389400328064	2.999920000000202	epochs	0.0
5319.389400328064	1.0	epochs	1.0
5320.389400328064	1.0	epochs	1.0
5321.389400328064	0.999920000000202	epochs	1.0
5323.648000240326	0.058399999999892316	epochs	0.0
5323.648000240326	0.024206799999774375	epochs	1.0
5323.672207040326	0.009986400000343565	epochs	1.0
5323.682193440326	0.024206799999774375	epochs	1.0
5323.706400240326	2.999920000000202	epochs	0.0
5323.706400240326	1.0	epochs	1.0
5324.706400240326	1.0	epochs	1.0
5325.706400240326	0.999920000000202	epochs	1.0
5327.75800037384	0.058399999999892316	epochs	0.0
5327.75800037384	0.024206799999774375	epochs	1.0
5327.78220717384	0.009986400000343565	epochs	1.0
5327.79219357384	0.024206799999774375	epochs	1.0
5327.81640037384	2.999920000000202	epochs	0.0
5327.81640037384	1.0	epochs	1.0
5328.81640037384	1.0	epochs	1.0
5329.81640037384	0.999920000000202	epochs	1.0
5331.890000343323	0.058399999999892316	epochs	0.0
5331.890000343323	0.024206799999774375	epochs	1.0
5331.9142071433225	0.009986400000343565	epochs	1.0
5331.924193543323	0.024206799999774375	epochs	1.0
5331.948400343323	2.999920000000202	epochs	0.0
5331.948400343323	1.0	epochs	1.0
5332.948400343323	1.0	epochs	1.0
5333.948400343323	0.999920000000202	epochs	1.0
5336.210000038147	0.058399999999892316	epochs	0.0
5336.210000038147	0.024206799999774375	epochs	1.0
5336.234206838147	0.009986400000343565	epochs	1.0
5336.244193238147	0.024206799999774375	epochs	1.0
5336.268400038147	2.999920000000202	epochs	0.0
5336.268400038147	1.0	epochs	1.0
5337.268400038147	1.0	epochs	1.0
5338.268400038147	0.999920000000202	epochs	1.0
5340.514000415802	0.058399999999892316	epochs	0.0
5340.514000415802	0.024206799999774375	epochs	1.0
5340.538207215802	0.009986400000343565	epochs	1.0
5340.548193615802	0.024206799999774375	epochs	1.0
5340.572400415802	3.6048799999998664	epochs	0.0
5340.572400415802	2.0	epochs	1.0
5342.572400415802	0.3000000000001819	epochs	1.0
5342.872400415802	0.005000000000109139	epochs	1.0
5342.877400415802	0.3000000000001819	epochs	1.0
5343.177400415802	0.9998799999993935	epochs	1.0
5345.541000366211	0.058399999999892316	epochs	0.0
5345.541000366211	0.024206799999774375	epochs	1.0
5345.565207166211	0.009986400000343565	epochs	1.0
5345.575193566211	0.024206799999774375	epochs	1.0
5345.599400366211	3.6048799999998664	epochs	0.0
5345.599400366211	2.0	epochs	1.0
5347.599400366211	0.3000000000001819	epochs	1.0
5347.899400366211	0.010000000000218279	epochs	1.0
5347.909400366211	0.2999999999992724	epochs	1.0
5348.2094003662105	0.9948800000001938	epochs	1.0
5350.521000385284	0.058399999999892316	epochs	0.0
5350.521000385284	0.024206799999774375	epochs	1.0
5350.545207185284	0.009986400000343565	epochs	1.0
5350.5551935852845	0.024206799999774375	epochs	1.0
5350.579400385284	3.6048799999998664	epochs	0.0
5350.579400385284	2.0	epochs	1.0
5352.579400385284	0.3000000000001819	epochs	1.0
5352.8794003852845	0.015000000000327418	epochs	1.0
5352.894400385285	0.2999999999992724	epochs	1.0
5353.194400385284	0.9898800000000847	epochs	1.0
5355.50800037384	0.058399999999892316	epochs	0.0
5355.50800037384	0.024206799999774375	epochs	1.0
5355.53220717384	0.009986400000343565	epochs	1.0
5355.54219357384	0.024206799999774375	epochs	1.0
5355.56640037384	3.6048799999998664	epochs	0.0
5355.56640037384	2.0	epochs	1.0
5357.56640037384	0.3000000000001819	epochs	1.0
5357.86640037384	0.019999999999527063	epochs	1.0
5357.88640037384	0.3000000000001819	epochs	1.0
5358.18640037384	0.9848799999999756	epochs	1.0
5360.503000259399	0.058399999999892316	epochs	0.0
5360.503000259399	0.024206799999774375	epochs	1.0
5360.527207059399	0.009986400000343565	epochs	1.0
5360.5371934593995	0.024206799999774375	epochs	1.0
5360.561400259399	3.6048799999998664	epochs	0.0
5360.561400259399	2.0	epochs	1.0
5362.561400259399	0.3000000000001819	epochs	1.0
5362.8614002593995	0.024999999999636202	epochs	1.0
5362.886400259399	0.3000000000001819	epochs	1.0
5363.186400259399	0.9798799999998664	epochs	1.0
5365.53600025177	0.058399999999892316	epochs	0.0
5365.53600025177	0.024206799999774375	epochs	1.0
5365.56020705177	0.009986400000343565	epochs	1.0
5365.57019345177	0.024206799999774375	epochs	1.0
5365.59440025177	3.6048799999998664	epochs	0.0
5365.59440025177	2.0	epochs	1.0
5367.59440025177	0.3000000000001819	epochs	1.0
5367.89440025177	0.02999999999974534	epochs	1.0
5367.92440025177	0.3000000000001819	epochs	1.0
5368.22440025177	0.9748799999997573	epochs	1.0
5370.510000228882	0.058399999999892316	epochs	0.0
5370.510000228882	0.024206799999774375	epochs	1.0
5370.534207028882	0.009986400000343565	epochs	1.0
5370.544193428882	0.024206799999774375	epochs	1.0
5370.568400228882	3.6048799999998664	epochs	0.0
5370.568400228882	2.0	epochs	1.0
5372.568400228882	0.3000000000001819	epochs	1.0
5372.868400228882	0.03499999999985448	epochs	1.0
5372.903400228882	0.3000000000001819	epochs	1.0
5373.203400228882	0.9698799999996481	epochs	1.0
5375.488000392914	0.058399999999892316	epochs	0.0
5375.488000392914	0.024206799999774375	epochs	1.0
5375.512207192914	0.009986400000343565	epochs	1.0
5375.522193592914	0.024206799999774375	epochs	1.0
5375.546400392914	3.6048799999998664	epochs	0.0
5375.546400392914	2.0	epochs	1.0
5377.546400392914	0.3000000000001819	epochs	1.0
5377.846400392914	0.03999999999996362	epochs	1.0
5377.886400392914	0.3000000000001819	epochs	1.0
5378.186400392914	0.964879999999539	epochs	1.0
5380.510000228882	0.058399999999892316	epochs	0.0
5380.510000228882	0.024206799999774375	epochs	1.0
5380.534207028882	0.009986400000343565	epochs	1.0
5380.544193428882	0.024206799999774375	epochs	1.0
5380.568400228882	3.6048799999998664	epochs	0.0
5380.568400228882	2.0	epochs	1.0
5382.568400228882	0.3000000000001819	epochs	1.0
5382.868400228882	0.04500000000007276	epochs	1.0
5382.913400228882	0.3000000000001819	epochs	1.0
5383.213400228882	0.9598799999994299	epochs	1.0
5385.490000247955	0.058399999999892316	epochs	0.0
5385.490000247955	0.024206799999774375	epochs	1.0
5385.514207047955	0.009986400000343565	epochs	1.0
5385.524193447955	0.024206799999774375	epochs	1.0
5385.548400247955	3.6048799999998664	epochs	0.0
5385.548400247955	2.0	epochs	1.0
5387.548400247955	0.3000000000001819	epochs	1.0
5387.848400247955	0.0500000000001819	epochs	1.0
5387.898400247956	0.3000000000001819	epochs	1.0
5388.198400247956	0.9548799999993207	epochs	1.0
5390.588000297546	0.058399999999892316	epochs	0.0
5390.588000297546	0.024206799999774375	epochs	1.0
5390.612207097546	0.009986400000343565	epochs	1.0
5390.6221934975465	0.024206799999774375	epochs	1.0
5390.646400297546	3.69992000000002	epochs	0.0
5390.646400297546	2.0	epochs	1.0
5392.646400297546	0.3000000000001819	epochs	1.0
5392.9464002975465	0.1000000000003638	epochs	1.0
5393.046400297547	0.2999999999992724	epochs	1.0
5393.346400297546	0.999920000000202	epochs	1.0
5397.898000240326	0.058399999999892316	epochs	0.0
5397.898000240326	0.024206799999774375	epochs	1.0
5397.922207040326	0.009986400000343565	epochs	1.0
5397.932193440326	0.024206799999774375	epochs	1.0
5397.956400240326	3.69992000000002	epochs	0.0
5397.956400240326	2.0	epochs	1.0
5399.956400240326	0.3000000000001819	epochs	1.0
5400.256400240326	0.1999999999998181	epochs	1.0
5400.456400240326	0.3000000000001819	epochs	1.0
5400.756400240326	0.8999199999998382	epochs	1.0
5405.168000221252	0.058399999999892316	epochs	0.0
5405.168000221252	0.024206799999774375	epochs	1.0
5405.192207021252	0.009986400000343565	epochs	1.0
5405.202193421253	0.024206799999774375	epochs	1.0
5405.226400221252	3.69992000000002	epochs	0.0
5405.226400221252	2.0	epochs	1.0
5407.226400221252	0.3000000000001819	epochs	1.0
5407.5264002212525	0.3000000000001819	epochs	1.0
5407.826400221253	0.3000000000001819	epochs	1.0
5408.126400221253	0.7999199999994744	epochs	1.0
5412.4940004348755	0.058399999999892316	epochs	0.0
5412.4940004348755	0.024206799999774375	epochs	1.0
5412.518207234875	0.009986400000343565	epochs	1.0
5412.528193634876	0.024206799999774375	epochs	1.0
5412.552400434875	3.69992000000002	epochs	0.0
5412.552400434875	2.0	epochs	1.0
5414.552400434875	0.3000000000001819	epochs	1.0
5414.852400434876	0.3999999999996362	epochs	1.0
5415.252400434875	0.3000000000001819	epochs	1.0
5415.552400434875	0.6999200000000201	epochs	1.0
5419.723000049591	0.058399999999892316	epochs	0.0
5419.723000049591	0.024206799999774375	epochs	1.0
5419.747206849591	0.009986400000343565	epochs	1.0
5419.757193249591	0.024206799999774375	epochs	1.0
5419.781400049591	3.69992000000002	epochs	0.0
5419.781400049591	2.0	epochs	1.0
5421.781400049591	0.3000000000001819	epochs	1.0
5422.081400049591	0.5	epochs	1.0
5422.581400049591	0.3000000000001819	epochs	1.0
5422.881400049591	0.5999199999996563	epochs	1.0
5427.028000354767	0.058399999999892316	epochs	0.0
5427.028000354767	0.024206799999774375	epochs	1.0
5427.052207154767	0.009986400000343565	epochs	1.0
5427.062193554767	0.024206799999774375	epochs	1.0
5427.086400354767	7.599919999999656	epochs	0.0
5427.086400354767	2.0	epochs	1.0
5429.086400354767	0.3000000000001819	epochs	1.0
5429.386400354767	1.0	epochs	1.0
5430.386400354767	0.3000000000001819	epochs	1.0
5430.686400354767	1.0	epochs	1.0
5431.686400354767	2.9999199999992925	epochs	1.0
5437.842000007629	0.058399999999892316	epochs	0.0
5437.842000007629	0.024206799999774375	epochs	1.0
5437.866206807629	0.009986400000343565	epochs	1.0
5437.8761932076295	0.024206799999774375	epochs	1.0
5437.900400007629	7.599919999999656	epochs	0.0
5437.900400007629	2.0	epochs	1.0
5439.900400007629	0.3000000000001819	epochs	1.0
5440.2004000076295	2.0	epochs	1.0
5442.2004000076295	0.3000000000001819	epochs	1.0
5442.50040000763	1.0	epochs	1.0
5443.50040000763	1.9999199999992925	epochs	1.0
5448.591000080109	0.058399999999892316	epochs	0.0
5448.591000080109	0.024206799999774375	epochs	1.0
5448.615206880108	0.009986400000343565	epochs	1.0
5448.625193280109	0.024206799999774375	epochs	1.0
5448.6494000801085	7.599919999999656	epochs	0.0
5448.6494000801085	2.0	epochs	1.0
5450.6494000801085	0.3000000000001819	epochs	1.0
5450.949400080109	3.0	epochs	1.0
5453.949400080109	0.3000000000001819	epochs	1.0
5454.249400080109	1.0	epochs	1.0
5455.249400080109	0.9999199999992925	epochs	1.0
5459.41500043869	0.058399999999892316	epochs	0.0
5459.41500043869	0.024206799999774375	epochs	1.0
5459.43920723869	0.009986400000343565	epochs	1.0
5459.44919363869	0.024206799999774375	epochs	1.0
5459.47340043869	7.599919999999656	epochs	0.0
5459.47340043869	2.0	epochs	1.0
5461.47340043869	0.3000000000001819	epochs	1.0
5461.77340043869	4.0	epochs	1.0
5465.77340043869	0.3000000000001819	epochs	1.0
5466.07340043869	0.9999199999992925	epochs	1.0
5482.361999988556	0.058399999999892316	epochs	0.0
5482.361999988556	0.024206799999774375	epochs	1.0
5482.386206788556	0.009986400000343565	epochs	1.0
5482.396193188556	0.024206799999774375	epochs	1.0
5482.420399988556	0.22991999999976542	epochs	0.0
5482.420399988556	0.0500000000001819	epochs	1.0
5482.470399988556	0.010000000000218279	epochs	1.0
5482.480399988556	0.049999999999272404	epochs	1.0
5482.5303999885555	0.010000000000218279	epochs	1.0
5482.540399988556	0.0500000000001819	epochs	1.0
5482.590399988556	0.010000000000218279	epochs	1.0
5482.600399988556	0.049919999999474385	epochs	1.0
