onset	duration	nwb_table	treelevel
15.11299991607666	0.09999999999999964	epochs	0.0
15.11299991607666	0.04499999999999993	epochs	1.0
15.15799991607666	0.009999999999999787	epochs	1.0
15.16799991607666	0.04499999999999993	epochs	1.0
15.21299991607666	0.5403000000000002	epochs	0.0
15.21299991607666	0.5	epochs	-1.0
15.21299991607666	0.5	epochs	-1.0
15.21299991607666	0.5	epochs	1.0
15.71299991607666	0.040300000000000225	epochs	-1.0
15.71299991607666	0.025000000000000355	epochs	-1.0
15.71299991607666	0.025000000000000355	epochs	1.0
15.73799991607666	0.009999999999999787	epochs	-1.0
15.73799991607666	0.009999999999999787	epochs	1.0
15.74799991607666	0.005300000000000082	epochs	-1.0
15.74799991607666	0.005300000000000082	epochs	1.0
15.75329991607666	0.16469500000000004	epochs	0.0
15.907999992370605	0.10000000000000142	epochs	0.0
15.907999992370605	0.04499999999999993	epochs	1.0
15.952999992370605	0.009999999999999787	epochs	1.0
15.962999992370605	0.045000000000001705	epochs	1.0
16.007999992370607	0.539679999999997	epochs	0.0
16.007999992370607	0.5	epochs	-1.0
16.007999992370607	0.5	epochs	-1.0
16.007999992370607	0.5	epochs	1.0
16.507999992370607	0.03967999999999705	epochs	-1.0
16.507999992370607	0.02499999999999858	epochs	-1.0
16.507999992370607	0.02499999999999858	epochs	1.0
16.532999992370605	0.010000000000001563	epochs	-1.0
16.532999992370605	0.010000000000001563	epochs	1.0
16.542999992370607	0.004679999999996909	epochs	-1.0
16.542999992370607	0.004679999999996909	epochs	1.0
16.547679992370604	0.1653150000000032	epochs	0.0
16.703999996185303	0.10000000000000142	epochs	0.0
16.703999996185303	0.045000000000001705	epochs	1.0
16.748999996185304	0.00999999999999801	epochs	1.0
16.758999996185302	0.045000000000001705	epochs	1.0
16.803999996185304	0.5001899999999999	epochs	0.0
16.803999996185304	0.5	epochs	-1.0
16.803999996185304	0.5	epochs	-1.0
16.803999996185304	0.5	epochs	1.0
17.303999996185304	0.00018999999999991246	epochs	-1.0
17.303999996185304	0.00018999999999991246	epochs	-1.0
17.303999996185304	0.00018999999999991246	epochs	1.0
17.304189996185304	0.20480500000000035	epochs	0.0
341.0869998931885	0.10000000000002274	epochs	0.0
341.0869998931885	0.045000000000015916	epochs	1.0
341.1319998931885	0.009999999999990905	epochs	1.0
341.1419998931885	0.045000000000015916	epochs	1.0
341.1869998931885	0.7049949999999967	epochs	0.0
341.1869998931885	0.5	epochs	-1.0
341.1869998931885	0.5	epochs	1.0
341.6869998931885	0.060000000000002274	epochs	-1.0
341.6869998931885	0.024999999999977263	epochs	-1.0
341.6869998931885	0.024999999999977263	epochs	1.0
341.7119998931885	0.009999999999990905	epochs	-1.0
341.7119998931885	0.009999999999990905	epochs	1.0
341.72199989318847	0.025000000000034106	epochs	-1.0
341.72199989318847	0.025000000000034106	epochs	1.0
341.7469998931885	0.060000000000002274	epochs	-1.0
341.7469998931885	0.024999999999977263	epochs	-1.0
341.7469998931885	0.024999999999977263	epochs	1.0
341.7719998931885	0.009999999999990905	epochs	-1.0
341.7719998931885	0.009999999999990905	epochs	1.0
341.78199989318847	0.025000000000034106	epochs	-1.0
341.78199989318847	0.025000000000034106	epochs	1.0
341.8069998931885	0.05999999999994543	epochs	-1.0
341.8069998931885	0.024999999999977263	epochs	-1.0
341.8069998931885	0.024999999999977263	epochs	1.0
341.8319998931885	0.009999999999990905	epochs	-1.0
341.8319998931885	0.009999999999990905	epochs	1.0
341.8419998931885	0.024999999999977263	epochs	-1.0
341.8419998931885	0.024999999999977263	epochs	1.0
341.86699989318845	0.02499500000004673	epochs	1.0
423.0859999656677	0.10000000000002274	epochs	0.0
423.0859999656677	0.045000000000015916	epochs	1.0
423.13099996566774	0.009999999999990905	epochs	1.0
423.14099996566773	0.045000000000015916	epochs	1.0
423.18599996566775	61.384995	epochs	0.0
423.18599996566775	0.5	epochs	-1.0
423.18599996566775	0.5	epochs	-1.0
423.18599996566775	0.5	epochs	1.0
423.68599996566775	0.060000000000002274	epochs	-1.0
423.68599996566775	0.024999999999977263	epochs	-1.0
423.68599996566775	0.024999999999977263	epochs	1.0
423.7109999656677	0.009999999999990905	epochs	-1.0
423.7109999656677	0.009999999999990905	epochs	1.0
423.7209999656677	0.025000000000034106	epochs	-1.0
423.7209999656677	0.025000000000034106	epochs	1.0
423.74599996566775	0.060000000000002274	epochs	-1.0
423.74599996566775	0.024999999999977263	epochs	-1.0
423.74599996566775	0.024999999999977263	epochs	1.0
423.7709999656677	0.009999999999990905	epochs	-1.0
423.7709999656677	0.009999999999990905	epochs	1.0
423.7809999656677	0.025000000000034106	epochs	-1.0
423.7809999656677	0.025000000000034106	epochs	1.0
423.80599996566775	0.05999999999994543	epochs	-1.0
423.80599996566775	0.024999999999977263	epochs	-1.0
423.80599996566775	0.024999999999977263	epochs	1.0
423.83099996566773	0.009999999999990905	epochs	-1.0
423.83099996566773	0.009999999999990905	epochs	1.0
423.8409999656677	0.024999999999977263	epochs	-1.0
423.8409999656677	0.024999999999977263	epochs	1.0
423.8659999656677	60.0	epochs	1.0
483.8659999656677	0.5	epochs	-1.0
483.8659999656677	0.5	epochs	-1.0
483.8659999656677	0.5	epochs	1.0
484.3659999656677	0.06000000000005912	epochs	-1.0
484.3659999656677	0.025000000000034106	epochs	-1.0
484.3659999656677	0.025000000000034106	epochs	1.0
484.39099996566773	0.009999999999990905	epochs	-1.0
484.39099996566773	0.009999999999990905	epochs	1.0
484.4009999656677	0.025000000000034106	epochs	-1.0
484.4009999656677	0.025000000000034106	epochs	1.0
484.42599996566776	0.05999999999994543	epochs	-1.0
484.42599996566776	0.024999999999977263	epochs	-1.0
484.42599996566776	0.024999999999977263	epochs	1.0
484.45099996566773	0.009999999999990905	epochs	-1.0
484.45099996566773	0.009999999999990905	epochs	1.0
484.4609999656677	0.024999999999977263	epochs	-1.0
484.4609999656677	0.024999999999977263	epochs	1.0
484.4859999656677	0.060000000000002274	epochs	-1.0
484.4859999656677	0.025000000000034106	epochs	-1.0
484.4859999656677	0.025000000000034106	epochs	1.0
484.51099996566774	0.009999999999990905	epochs	-1.0
484.51099996566774	0.009999999999990905	epochs	1.0
484.5209999656677	0.024999999999977263	epochs	-1.0
484.5209999656677	0.024999999999977263	epochs	1.0
484.5459999656677	0.02499500000004673	epochs	1.0
599.3669996261597	0.10000000000002274	epochs	0.0
599.3669996261597	0.04499999999995907	epochs	1.0
599.4119996261596	0.009999999999990905	epochs	1.0
599.4219996261596	0.04500000000007276	epochs	1.0
599.4669996261597	0.7049949999999399	epochs	0.0
599.4669996261597	0.5	epochs	-1.0
599.4669996261597	0.5	epochs	-1.0
599.4669996261597	0.5	epochs	1.0
599.9669996261597	0.05999999999994543	epochs	-1.0
599.9669996261597	0.024999999999977263	epochs	-1.0
599.9669996261597	0.024999999999977263	epochs	1.0
599.9919996261597	0.009999999999990905	epochs	-1.0
599.9919996261597	0.009999999999990905	epochs	1.0
600.0019996261597	0.024999999999977263	epochs	-1.0
600.0019996261597	0.024999999999977263	epochs	1.0
600.0269996261596	0.06000000000005912	epochs	-1.0
600.0269996261596	0.024999999999977263	epochs	-1.0
600.0269996261596	0.024999999999977263	epochs	1.0
600.0519996261596	0.010000000000104592	epochs	-1.0
600.0519996261596	0.010000000000104592	epochs	1.0
600.0619996261597	0.024999999999977263	epochs	-1.0
600.0619996261597	0.024999999999977263	epochs	1.0
600.0869996261597	0.05999999999994543	epochs	-1.0
600.0869996261597	0.024999999999977263	epochs	-1.0
600.0869996261597	0.024999999999977263	epochs	1.0
600.1119996261597	0.009999999999990905	epochs	-1.0
600.1119996261597	0.009999999999990905	epochs	1.0
600.1219996261597	0.024999999999977263	epochs	-1.0
600.1219996261597	0.024999999999977263	epochs	1.0
600.1469996261596	0.024994999999989886	epochs	1.0
635.1489996910095	0.03769999999997253	epochs	0.0
635.1489996910095	0.013851000000045133	epochs	1.0
635.1628506910096	0.009997999999995955	epochs	1.0
635.1728486910096	0.013850999999931446	epochs	1.0
635.1866996910095	5.9999800000000505	epochs	0.0
635.1866996910095	0.5	epochs	1.0
635.1867070910096	0.5	epochs	-1.0
635.1867070910096	0.5	epochs	-1.0
635.6866996910095	5.0	epochs	1.0
640.6866996910095	0.4999800000000505	epochs	1.0
640.6867070910096	0.49997259999997823	epochs	-1.0
646.3329997062683	0.03769999999997253	epochs	0.0
646.3329997062683	0.013851000000045133	epochs	1.0
646.3468507062684	0.009997999999995955	epochs	1.0
646.3568487062684	0.013850999999931446	epochs	1.0
646.3706997062683	2.521479999999997	epochs	0.0
646.3706997062683	0.5	epochs	1.0
646.3707071062684	0.5	epochs	-1.0
646.8706997062683	1.0	epochs	1.0
647.8706997062683	1.0214799999999968	epochs	1.0
648.3707071062684	0.5	epochs	-1.0
648.8921797062683	0.9785000000000537	epochs	0.0
649.1329998970032	0.03769999999997253	epochs	0.0
649.1329998970032	0.013851000000045133	epochs	1.0
649.1468508970032	0.009997999999995955	epochs	1.0
649.1568488970032	0.013850999999931446	epochs	1.0
649.1706998970031	2.5212400000000343	epochs	0.0
649.1706998970031	0.5	epochs	1.0
649.1707072970032	0.5	epochs	-1.0
649.6706998970031	1.0	epochs	1.0
650.6706998970031	1.0212400000000343	epochs	1.0
651.1707072970032	0.5	epochs	-1.0
651.6919398970032	0.9787400000000162	epochs	0.0
651.918999671936	0.03769999999997253	epochs	0.0
651.918999671936	0.013851000000045133	epochs	1.0
651.9328506719361	0.009997999999995955	epochs	1.0
651.9428486719361	0.013850999999931446	epochs	1.0
651.956699671936	2.522000000000048	epochs	0.0
651.956699671936	0.5	epochs	1.0
651.9567070719361	0.5	epochs	-1.0
652.456699671936	1.0	epochs	1.0
653.456699671936	1.0220000000000482	epochs	1.0
653.9567070719361	0.5	epochs	-1.0
654.478699671936	0.9779800000000023	epochs	0.0
654.7159996032715	0.03769999999997253	epochs	0.0
654.7159996032715	0.013851000000045133	epochs	1.0
654.7298506032715	0.009997999999995955	epochs	1.0
654.7398486032715	0.013850999999931446	epochs	1.0
654.7536996032715	2.5221199999999726	epochs	0.0
654.7536996032715	0.5	epochs	1.0
654.7537070032715	0.5	epochs	-1.0
655.2536996032715	1.0	epochs	1.0
656.2536996032715	1.0221199999999726	epochs	1.0
656.7537070032715	0.5	epochs	-1.0
657.2758196032714	0.9778600000000779	epochs	0.0
657.5	0.03769999999997253	epochs	0.0
657.5	0.013851000000045133	epochs	1.0
657.513851	0.009997999999995955	epochs	1.0
657.523849	0.013850999999931446	epochs	1.0
657.5377	2.5217400000000225	epochs	0.0
657.5377	0.5	epochs	1.0
657.5377074	0.5	epochs	-1.0
658.0377	1.0	epochs	1.0
659.0377	1.0217400000000225	epochs	1.0
659.5377074	0.5	epochs	-1.0
660.05944	0.978240000000028	epochs	0.0
660.3159999847412	0.6499800000000278	epochs	0.0
660.3159999847412	0.049999999999954525	epochs	1.0
660.3659999847412	0.5	epochs	1.0
660.8659999847412	0.09998000000007323	epochs	1.0
661.2619996070862	0.6499800000000278	epochs	0.0
661.2619996070862	0.049999999999954525	epochs	1.0
661.3119996070861	0.5	epochs	1.0
661.8119996070861	0.09998000000007323	epochs	1.0
662.1929998397827	0.6499800000000278	epochs	0.0
662.1929998397827	0.049999999999954525	epochs	1.0
662.2429998397827	0.5	epochs	1.0
662.7429998397827	0.09998000000007323	epochs	1.0
663.0979995727539	0.6499800000000278	epochs	0.0
663.0979995727539	0.049999999999954525	epochs	1.0
663.1479995727539	0.5	epochs	1.0
663.6479995727539	0.09998000000007323	epochs	1.0
664.0099997520447	0.6499800000000278	epochs	0.0
664.0099997520447	0.049999999999954525	epochs	1.0
664.0599997520446	0.5	epochs	1.0
664.5599997520446	0.09998000000007323	epochs	1.0
664.9229998588562	0.6499800000000278	epochs	0.0
664.9229998588562	0.049999999999954525	epochs	1.0
664.9729998588562	0.5	epochs	1.0
665.4729998588562	0.09998000000007323	epochs	1.0
665.8509998321533	0.6499800000000278	epochs	0.0
665.8509998321533	0.049999999999954525	epochs	1.0
665.9009998321533	0.5	epochs	1.0
666.4009998321533	0.09998000000007323	epochs	1.0
666.7999997138977	0.6499800000000278	epochs	0.0
666.7999997138977	0.049999999999954525	epochs	1.0
666.8499997138977	0.5	epochs	1.0
667.3499997138977	0.09998000000007323	epochs	1.0
667.7639999389648	0.03769999999997253	epochs	0.0
667.7639999389648	0.013851000000045133	epochs	1.0
667.7778509389649	0.009997999999995955	epochs	1.0
667.7878489389649	0.013850999999931446	epochs	1.0
667.8016999389648	2.5226000000000113	epochs	0.0
667.8016999389648	0.5	epochs	1.0
667.8017073389649	0.5	epochs	-1.0
668.3016999389648	1.0	epochs	1.0
669.3016999389648	1.0226000000000113	epochs	1.0
669.8017073389649	0.5	epochs	-1.0
670.3242999389648	2.977380000000039	epochs	0.0
672.9399995803833	0.03769999999997253	epochs	0.0
672.9399995803833	0.013851000000045133	epochs	1.0
672.9538505803833	0.009997999999995955	epochs	1.0
672.9638485803833	0.013850999999931446	epochs	1.0
672.9776995803833	2.5221199999999726	epochs	0.0
672.9776995803833	0.5	epochs	1.0
672.9777069803833	0.5	epochs	-1.0
673.4776995803833	1.0	epochs	1.0
674.4776995803833	1.0221199999999726	epochs	1.0
674.9777069803833	0.5	epochs	-1.0
675.4998195803832	2.977860000000078	epochs	0.0
678.289999961853	0.03769999999997253	epochs	0.0
678.289999961853	0.013851000000045133	epochs	1.0
678.3038509618531	0.009997999999995955	epochs	1.0
678.3138489618531	0.013850999999931446	epochs	1.0
678.327699961853	2.5218600000000606	epochs	0.0
678.327699961853	0.5	epochs	1.0
678.3277073618531	0.5	epochs	-1.0
678.827699961853	1.0	epochs	1.0
679.827699961853	1.0218600000000606	epochs	1.0
680.3277073618531	0.5	epochs	-1.0
680.8495599618531	3.97811999999999	epochs	0.0
681.1279997825623	0.03769999999997253	epochs	0.0
681.1279997825623	0.013851000000045133	epochs	1.0
681.1418507825623	0.009997999999995955	epochs	1.0
681.1518487825623	0.013850999999931446	epochs	1.0
681.1656997825622	2.522739999999999	epochs	0.0
681.1656997825622	0.5	epochs	1.0
681.1657071825623	0.5	epochs	-1.0
681.6656997825622	1.0	epochs	1.0
682.6656997825622	1.0227399999999989	epochs	1.0
683.1657071825623	0.5	epochs	-1.0
683.6884397825622	3.9772400000000516	epochs	0.0
683.9609999656677	0.03769999999997253	epochs	0.0
683.9609999656677	0.013851000000045133	epochs	1.0
683.9748509656678	0.009997999999995955	epochs	1.0
683.9848489656678	0.013850999999931446	epochs	1.0
683.9986999656677	2.5213600000000724	epochs	0.0
683.9986999656677	0.5	epochs	1.0
683.9987073656678	0.5	epochs	-1.0
684.4986999656677	1.0	epochs	1.0
685.4986999656677	1.0213600000000724	epochs	1.0
685.9987073656678	0.5	epochs	-1.0
686.5200599656678	3.978619999999978	epochs	0.0
686.7969999313354	0.03769999999997253	epochs	0.0
686.7969999313354	0.013851000000045133	epochs	1.0
686.8108509313355	0.009997999999995955	epochs	1.0
686.8208489313355	0.013850999999931446	epochs	1.0
686.8346999313354	2.5222400000000107	epochs	0.0
686.8346999313354	0.5	epochs	1.0
686.8347073313355	0.5	epochs	-1.0
687.3346999313354	1.0	epochs	1.0
688.3346999313354	1.0222400000000107	epochs	1.0
688.8347073313355	0.5	epochs	-1.0
689.3569399313354	3.97774000000004	epochs	0.0
689.6399998664856	0.03769999999997253	epochs	0.0
689.6399998664856	0.013851000000045133	epochs	1.0
689.6538508664856	0.009997999999995955	epochs	1.0
689.6638488664856	0.013850999999931446	epochs	1.0
689.6776998664856	2.5217400000000225	epochs	0.0
689.6776998664856	0.5	epochs	1.0
689.6777072664856	0.5	epochs	-1.0
690.1776998664856	1.0	epochs	1.0
691.1776998664856	1.0217400000000225	epochs	1.0
691.6777072664856	0.5	epochs	-1.0
692.1994398664856	3.978240000000028	epochs	0.0
692.4809999465942	0.03769999999997253	epochs	0.0
692.4809999465942	0.013851000000045133	epochs	1.0
692.4948509465943	0.009997999999995955	epochs	1.0
692.5048489465943	0.013850999999931446	epochs	1.0
692.5186999465942	2.5222400000000107	epochs	0.0
692.5186999465942	0.5	epochs	1.0
692.5187073465943	0.5	epochs	-1.0
693.0186999465942	1.0	epochs	1.0
694.0186999465942	1.0222400000000107	epochs	1.0
694.5187073465943	0.5	epochs	-1.0
695.0409399465942	3.97774000000004	epochs	0.0
695.3409996032715	0.15297999999995682	epochs	0.0
695.3409996032715	0.049999999999954525	epochs	1.0
695.3909996032714	0.0030000000000427463	epochs	1.0
695.3939996032715	0.09997999999995955	epochs	1.0
695.8199996948242	0.15297999999995682	epochs	0.0
695.8199996948242	0.049999999999954525	epochs	1.0
695.8699996948242	0.0030000000000427463	epochs	1.0
695.8729996948242	0.09997999999995955	epochs	1.0
696.2749996185303	0.15297999999995682	epochs	0.0
696.2749996185303	0.049999999999954525	epochs	1.0
696.3249996185302	0.0030000000000427463	epochs	1.0
696.3279996185303	0.09997999999995955	epochs	1.0
696.7389998435974	0.15297999999995682	epochs	0.0
696.7389998435974	0.049999999999954525	epochs	1.0
696.7889998435974	0.0030000000000427463	epochs	1.0
696.7919998435974	0.09997999999995955	epochs	1.0
697.1809997558594	0.15297999999995682	epochs	0.0
697.1809997558594	0.049999999999954525	epochs	1.0
697.2309997558593	0.0030000000000427463	epochs	1.0
697.2339997558594	0.09997999999995955	epochs	1.0
697.6519999504089	0.15297999999995682	epochs	0.0
697.6519999504089	0.049999999999954525	epochs	1.0
697.7019999504089	0.0030000000000427463	epochs	1.0
697.7049999504089	0.09997999999995955	epochs	1.0
698.1319999694824	0.15297999999995682	epochs	0.0
698.1319999694824	0.049999999999954525	epochs	1.0
698.1819999694824	0.0030000000000427463	epochs	1.0
698.1849999694824	0.09997999999995955	epochs	1.0
698.5959997177124	0.15297999999995682	epochs	0.0
698.5959997177124	0.049999999999954525	epochs	1.0
698.6459997177124	0.0030000000000427463	epochs	1.0
698.6489997177124	0.09997999999995955	epochs	1.0
699.0749998092651	0.15297999999995682	epochs	0.0
699.0749998092651	0.049999999999954525	epochs	1.0
699.1249998092651	0.0030000000000427463	epochs	1.0
699.1279998092651	0.09997999999995955	epochs	1.0
699.5449995994568	0.15297999999995682	epochs	0.0
699.5449995994568	0.049999999999954525	epochs	1.0
699.5949995994567	0.0030000000000427463	epochs	1.0
699.5979995994568	0.09997999999995955	epochs	1.0
700.0149998664856	0.15297999999995682	epochs	0.0
700.0149998664856	0.049999999999954525	epochs	1.0
700.0649998664856	0.0030000000000427463	epochs	1.0
700.0679998664856	0.09997999999995955	epochs	1.0
700.4879999160767	0.15297999999995682	epochs	0.0
700.4879999160767	0.049999999999954525	epochs	1.0
700.5379999160766	0.0030000000000427463	epochs	1.0
700.5409999160767	0.09997999999995955	epochs	1.0
700.9579997062683	0.15297999999995682	epochs	0.0
700.9579997062683	0.049999999999954525	epochs	1.0
701.0079997062683	0.0030000000000427463	epochs	1.0
701.0109997062683	0.09997999999995955	epochs	1.0
701.4259996414185	0.15297999999995682	epochs	0.0
701.4259996414185	0.049999999999954525	epochs	1.0
701.4759996414184	0.0030000000000427463	epochs	1.0
701.4789996414185	0.09997999999995955	epochs	1.0
701.896999835968	0.15297999999995682	epochs	0.0
701.896999835968	0.049999999999954525	epochs	1.0
701.946999835968	0.0030000000000427463	epochs	1.0
701.949999835968	0.09997999999995955	epochs	1.0
702.3899998664856	0.03769999999997253	epochs	0.0
702.3899998664856	0.013851000000045133	epochs	1.0
702.4038508664856	0.009997999999995955	epochs	1.0
702.4138488664856	0.013850999999931446	epochs	1.0
702.4276998664856	1.6029800000000023	epochs	0.0
702.4276998664856	0.5	epochs	1.0
702.4277072664856	0.5	epochs	-1.0
702.9276998664856	0.0030000000000427463	epochs	1.0
702.9306998664856	1.0999799999999595	epochs	1.0
703.4307072664856	0.5	epochs	-1.0
704.6029996871948	0.03769999999997253	epochs	0.0
704.6029996871948	0.013851000000045133	epochs	1.0
704.6168506871949	0.009997999999995955	epochs	1.0
704.6268486871949	0.013850999999931446	epochs	1.0
704.6406996871948	1.5620800000000372	epochs	0.0
704.6406996871948	0.5	epochs	1.0
704.6407070871949	0.5	epochs	-1.0
705.1406996871948	0.0030000000000427463	epochs	1.0
705.1436996871948	1.0590799999999945	epochs	1.0
705.6437070871948	0.5	epochs	-1.0
706.2027796871948	0.040899999999965075	epochs	0.0
706.6949996948242	0.03769999999997253	epochs	0.0
706.6949996948242	0.013851000000045133	epochs	1.0
706.7088506948243	0.009997999999995955	epochs	1.0
706.7188486948243	0.013850999999931446	epochs	1.0
706.7326996948242	1.5620800000000372	epochs	0.0
706.7326996948242	0.5	epochs	1.0
706.7327070948243	0.5	epochs	-1.0
707.2326996948242	0.0030000000000427463	epochs	1.0
707.2356996948242	1.0590799999999945	epochs	1.0
707.7357070948242	0.5	epochs	-1.0
708.2947796948242	0.040899999999965075	epochs	0.0
708.914999961853	0.03769999999997253	epochs	0.0
708.914999961853	0.013851000000045133	epochs	1.0
708.9288509618531	0.009997999999995955	epochs	1.0
708.9388489618531	0.013850999999931446	epochs	1.0
708.952699961853	8.620999999999981	epochs	0.0
708.952699961853	0.5	epochs	1.0
708.9527073618531	0.5	epochs	-1.0
709.452699961853	8.120999999999981	epochs	1.0
716.574259961853	0.9994399999999359	epochs	-1.0
716.574259961853	0.03941999999995005	epochs	-1.0
717.071747361853	0.5	epochs	-1.0
717.573699961853	10.87898000000007	epochs	0.0
717.9949998855591	0.03769999999997253	epochs	0.0
717.9949998855591	0.013851000000045133	epochs	1.0
718.0088508855591	0.009997999999995955	epochs	1.0
718.0188488855591	0.013850999999931446	epochs	1.0
718.032699885559	10.662599999999998	epochs	0.0
718.032699885559	0.5	epochs	1.0
718.0327072855591	0.5	epochs	-1.0
718.532699885559	10.162599999999998	epochs	1.0
725.694899885559	3.0004000000000133	epochs	-1.0
725.694899885559	0.03956000000005133	epochs	-1.0
726.1923872855591	0.5	epochs	-1.0
726.6923872855591	0.5	epochs	-1.0
727.1923872855591	0.5	epochs	-1.0
727.6923872855591	0.5	epochs	-1.0
728.1923872855591	0.5	epochs	-1.0
728.695299885559	8.837380000000053	epochs	0.0
729.0899996757507	0.03769999999997253	epochs	0.0
729.0899996757507	0.013851000000045133	epochs	1.0
729.1038506757508	0.009997999999995955	epochs	1.0
729.1138486757508	0.013850999999931446	epochs	1.0
729.1276996757507	14.742600000000039	epochs	0.0
729.1276996757507	0.5	epochs	1.0
729.1277070757508	0.5	epochs	-1.0
729.6276996757507	14.242600000000039	epochs	1.0
736.8701196757507	7.00018	epochs	-1.0
736.8701196757507	0.039559999999937645	epochs	-1.0
737.3676070757507	0.5	epochs	-1.0
737.8676070757507	0.5	epochs	-1.0
738.3676070757507	0.5	epochs	-1.0
738.8676070757507	0.5	epochs	-1.0
739.3676070757507	0.5	epochs	-1.0
739.8676070757507	0.5	epochs	-1.0
740.3676070757507	0.5	epochs	-1.0
740.8676070757507	0.5	epochs	-1.0
741.3676070757507	0.5	epochs	-1.0
741.8676070757507	0.5	epochs	-1.0
742.3676070757507	0.5	epochs	-1.0
742.8676070757507	0.5	epochs	-1.0
743.3676070757507	0.5	epochs	-1.0
743.8702996757507	4.757380000000012	epochs	0.0
764.1529998779297	0.04088000000001557	epochs	0.0
764.1529998779297	0.015440399999988585	epochs	1.0
764.1684402779297	0.0099992000000384	epochs	1.0
764.1784394779297	0.015440399999988585	epochs	1.0
764.1938798779297	2.0	epochs	0.0
766.1938798779297	21.999919999999975	epochs	0.0
766.1938798779297	1.0	epochs	1.0
766.1938829779297	0.5	epochs	-1.0
766.6938829779297	19.999520000000075	epochs	-1.0
767.1938798779297	20.0	epochs	1.0
767.1938798779297	4.356753899999944	epochs	-1.0
767.1938798779297	1.9745871999999736	epochs	2.0
767.1938798779297	1.0985621999999466	epochs	3.0
768.2924420779296	0.8760250000000269	epochs	3.0
769.1684670779297	1.3524075000000266	epochs	2.0
769.1684670779297	0.7286354999999958	epochs	3.0
769.8971025779297	0.6237720000000309	epochs	3.0
770.5208745779297	1.029759199999944	epochs	2.0
770.5208745779297	0.5453292999999348	epochs	3.0
771.0662038779296	0.4844299000000092	epochs	3.0
771.5506337779296	0.8317862000000105	epochs	2.0
771.5506337779296	0.4357763000000432	epochs	3.0
771.9864100779297	0.3960098999999673	epochs	3.0
772.3824199779297	0.6977970000000369	epochs	2.0
772.3824199779297	0.3628982000000178	epochs	3.0
772.7453181779297	0.33489880000001904	epochs	3.0
773.0802169779297	0.601045699999986	epochs	2.0
773.0802169779297	0.3109123000000409	epochs	3.0
773.3911292779297	0.29013339999994514	epochs	3.0
773.6812626779297	0.5278859000000011	epochs	2.0
773.6812626779297	0.2719586000000618	epochs	3.0
773.9532212779297	0.25592729999993935	epochs	3.0
774.2091485779297	0.470619299999953	epochs	2.0
774.2091485779297	0.241681299999982	epochs	3.0
774.4508298779297	0.228937999999971	epochs	3.0
774.6797678779296	0.42457040000010693	epochs	2.0
774.6797678779296	0.21747140000002219	epochs	3.0
774.8972392779297	0.20709900000008474	epochs	3.0
775.1043382779297	0.3867353999999068	epochs	2.0
775.1043382779297	0.19767109999997956	epochs	3.0
775.3020093779297	0.18906429999992724	epochs	3.0
775.4910736779296	0.3550953000000163	epochs	2.0
775.4910736779296	0.18117590000008477	epochs	3.0
775.6722495779297	0.17391939999993156	epochs	3.0
775.8461689779297	0.3282431000000088	epochs	2.0
775.8461689779297	0.1672219000000723	epochs	3.0
776.0133908779297	0.16102119999993647	epochs	3.0
776.1744120779297	0.30516799999998057	epochs	2.0
776.1744120779297	0.15526390000002266	epochs	3.0
776.3296759779297	0.1499040999999579	epochs	3.0
776.4795800779297	0.28512530000000424	epochs	2.0
776.4795800779297	0.1449021000000812	epochs	3.0
776.6244821779297	0.14022319999992305	epochs	3.0
776.7647053779297	0.2675537999999733	epochs	2.0
776.7647053779297	0.1358369000000721	epochs	3.0
776.9005422779297	0.13171689999990122	epochs	3.0
777.0322591779296	0.2520229000000427	epochs	2.0
777.0322591779296	0.1278393000000051	epochs	3.0
777.1600984779296	0.12418360000003759	epochs	3.0
777.2842820779297	0.23819649999995818	epochs	2.0
777.2842820779297	0.12073110000005727	epochs	3.0
777.4050131779297	0.11746539999990091	epochs	3.0
777.5224785779296	0.2258088000000953	epochs	2.0
777.5224785779296	0.11437190000003739	epochs	3.0
777.6368504779297	0.1114369000000579	epochs	3.0
777.7482873779297	0.21464599999990241	epochs	2.0
777.7482873779297	0.10864889999993466	epochs	3.0
777.8569362779297	0.10599709999996776	epochs	3.0
777.9629333779296	0.20453500000007807	epochs	2.0
777.9629333779296	0.10347150000006877	epochs	3.0
778.0664048779297	0.1010635000000093	epochs	3.0
778.1674683779297	0.19533400000000256	epochs	2.0
778.1674683779297	0.09876509999992322	epochs	3.0
778.2662334779296	0.09656890000007934	epochs	3.0
778.3628023779297	0.18692529999998442	epochs	2.0
778.3628023779297	0.09446830000001682	epochs	3.0
778.4572706779297	0.09245699999996759	epochs	3.0
778.5497276779297	0.17921069999999872	epochs	2.0
778.5497276779297	0.09052959999996801	epochs	3.0
778.6402572779297	0.08868110000003071	epochs	3.0
778.7289383779297	0.17210769999996955	epochs	2.0
778.7289383779297	0.08690630000000965	epochs	3.0
778.8158446779297	0.0852013999999599	epochs	3.0
778.9010460779297	0.16554640000003928	epochs	2.0
778.9010460779297	0.08356190000006336	epochs	3.0
778.9846079779297	0.08198449999997592	epochs	3.0
779.0665924779297	0.15946710000002895	epochs	2.0
779.0665924779297	0.08046539999998004	epochs	3.0
779.1470578779297	0.07900170000004891	epochs	3.0
779.2260595779297	0.15381839999997737	epochs	2.0
779.2260595779297	0.07759009999995214	epochs	3.0
779.3036496779297	0.07622830000002523	epochs	3.0
779.3798779779297	0.14855639999996129	epochs	2.0
779.3798779779297	0.07491329999993468	epochs	3.0
779.4547912779296	0.0736431000000266	epochs	3.0
779.5284343779297	0.14364239999997608	epochs	2.0
779.5284343779297	0.07241499999997814	epochs	3.0
779.6008493779296	0.07122739999999794	epochs	3.0
779.6720767779296	0.13904310000009446	epochs	2.0
779.6720767779296	0.07007800000008046	epochs	3.0
779.7421547779297	0.06896510000001399	epochs	3.0
779.8111198779297	0.13472929999988992	epochs	2.0
779.8111198779297	0.06788709999989351	epochs	3.0
779.8790069779296	0.06684219999999641	epochs	3.0
779.9458491779296	0.1306752000000415	epochs	2.0
779.9458491779296	0.06582910000008724	epochs	3.0
780.0116782779297	0.06484609999995428	epochs	3.0
780.0765243779297	0.12685780000003888	epochs	2.0
780.0765243779297	0.06389200000000983	epochs	3.0
780.1404163779297	0.06296580000002905	epochs	3.0
780.2033821779297	0.12325720000001184	epochs	2.0
780.2033821779297	0.06206580000002759	epochs	3.0
780.2654479779297	0.06119139999998424	epochs	3.0
780.3266393779297	0.11985540000000583	epochs	2.0
780.3266393779297	0.060341099999959624	epochs	3.0
780.3869804779297	0.059514300000046205	epochs	3.0
780.4464947779297	0.1166361999999026	epochs	2.0
780.4464947779297	0.058709599999929196	epochs	3.0
780.5052043779297	0.057926599999973405	epochs	3.0
780.5631309779296	0.11358560000007856	epochs	2.0
780.5631309779296	0.05716420000010203	epochs	3.0
780.6202951779297	0.05642139999997653	epochs	3.0
780.6767165779297	0.11069049999991876	epochs	2.0
780.6767165779297	0.05569789999992736	epochs	3.0
780.7324144779296	0.0549925999999914	epochs	3.0
780.7874070779296	0.1079391000000669	epochs	2.0
780.7874070779296	0.05430490000003374	epochs	3.0
780.8417119779297	0.05363420000003316	epochs	3.0
780.8953461779297	0.10532149999994544	epochs	2.0
780.8953461779297	0.05297999999993408	epochs	3.0
780.9483261779296	0.052341500000011365	epochs	3.0
781.0006676779296	0.10282760000006874	epochs	2.0
781.0006676779296	0.05171810000001642	epochs	3.0
781.0523857779297	0.05110950000005232	epochs	3.0
781.1034952779297	0.10044909999999163	epochs	2.0
781.1034952779297	0.05051489999993919	epochs	3.0
781.1540101779296	0.04993420000005244	epochs	3.0
781.2039443779297	0.0981782999999723	epochs	2.0
781.2039443779297	0.04936659999998483	epochs	3.0
781.2533109779297	0.04881169999998747	epochs	3.0
781.3021226779297	0.09600780000005216	epochs	2.0
781.3021226779297	0.04826920000004975	epochs	3.0
781.3503918779297	0.04773860000000241	epochs	3.0
781.3981304779297	0.09393119999992905	epochs	2.0
781.3981304779297	0.04721949999998287	epochs	3.0
781.4453499779297	0.04671169999994618	epochs	3.0
781.4920616779297	0.09194260000003851	epochs	2.0
781.4920616779297	0.046214599999984785	epochs	3.0
781.5382762779296	0.045728000000053726	epochs	3.0
781.5840042779297	0.09003629999995155	epochs	2.0
781.5840042779297	0.045251499999949374	epochs	3.0
781.6292557779296	0.04478480000000218	epochs	3.0
781.6740405779296	0.08820760000003247	epochs	2.0
781.6740405779296	0.044327800000019124	epochs	3.0
781.7183683779297	0.04387980000001335	epochs	3.0
781.7622481779297	0.0864516999999978	epochs	2.0
781.7622481779297	0.04344100000002982	epochs	3.0
781.8056891779297	0.04301069999996798	epochs	3.0
781.8486998779297	0.08476429999996071	epochs	2.0
781.8486998779297	0.04258900000002086	epochs	3.0
781.8912888779297	0.04217529999993985	epochs	3.0
781.9334641779296	0.08314150000001064	epochs	2.0
781.9334641779296	0.04176970000003166	epochs	3.0
781.9752338779297	0.041371799999978975	epochs	3.0
782.0166056779296	0.08157970000002024	epochs	2.0
782.0166056779296	0.04098140000007788	epochs	3.0
782.0575870779297	0.040598299999942355	epochs	3.0
782.0981853779297	0.08007550000002084	epochs	2.0
782.0981853779297	0.04022229999998217	epochs	3.0
782.1384076779296	0.03985320000003867	epochs	3.0
782.1782608779297	0.07862569999997504	epochs	2.0
782.1782608779297	0.0394907999999532	epochs	3.0
782.2177516779296	0.039134900000021844	epochs	3.0
782.2568865779297	0.07722760000001472	epochs	2.0
782.2568865779297	0.038785400000051595	epochs	3.0
782.2956719779297	0.03844219999996312	epochs	3.0
782.3341141779297	0.07587820000003376	epochs	2.0
782.3341141779297	0.038104800000041905	epochs	3.0
782.3722189779297	0.03777339999999185	epochs	3.0
782.4099923779297	0.0745752000000266	epochs	2.0
782.4099923779297	0.03744770000002973	epochs	3.0
782.4474400779297	0.03712749999999687	epochs	3.0
782.4845675779297	0.07331629999998768	epochs	2.0
782.4845675779297	0.036812899999972615	epochs	3.0
782.5213804779297	0.03650340000001506	epochs	3.0
782.5578838779297	0.07209899999998015	epochs	2.0
782.5578838779297	0.03619909999997617	epochs	3.0
782.5940829779297	0.03589990000000398	epochs	3.0
782.6299828779297	0.07092169999998532	epochs	2.0
782.6299828779297	0.03560559999993984	epochs	3.0
782.6655884779296	0.03531610000004548	epochs	3.0
782.7009045779297	0.06978200000003199	epochs	2.0
782.7009045779297	0.03503120000004856	epochs	3.0
782.7359357779297	0.03475079999998343	epochs	3.0
782.7706865779297	0.06867859999999837	epochs	2.0
782.7706865779297	0.03447510000000875	epochs	3.0
782.8051616779297	0.03420349999998962	epochs	3.0
782.8393651779297	0.06760929999995824	epochs	2.0
782.8393651779297	0.033936199999970995	epochs	3.0
782.8733013779297	0.033673099999987244	epochs	3.0
782.9069744779297	0.06657289999998284	epochs	2.0
782.9069744779297	0.03341399999999339	epochs	3.0
782.9403884779297	0.033158899999989444	epochs	3.0
782.9735473779297	0.06556780000005347	epochs	2.0
782.9735473779297	0.032907700000009754	epochs	3.0
783.0064550779297	0.03266010000004371	epochs	3.0
783.0391151779297	0.06459259999996902	epochs	2.0
783.0391151779297	0.032416399999988244	epochs	3.0
783.0715315779297	0.03217619999998078	epochs	3.0
783.1037077779297	0.0636459999999488	epochs	2.0
783.1037077779297	0.03193959999998697	epochs	3.0
783.1356473779297	0.03170639999996183	epochs	3.0
783.1673537779296	0.06272670000009839	epochs	2.0
783.1673537779296	0.03147660000001906	epochs	3.0
783.1988303779297	0.03125010000007933	epochs	3.0
783.2300804779297	0.06183359999999993	epochs	2.0
783.2300804779297	0.03102689999991526	epochs	3.0
783.2611073779296	0.030806700000084675	epochs	3.0
783.2919140779297	0.060965599999917686	epochs	2.0
783.2919140779297	0.030589799999916067	epochs	3.0
783.3225038779296	0.030375800000001618	epochs	3.0
783.3528796779296	0.06012160000000222	epochs	2.0
783.3528796779296	0.030164900000045236	epochs	3.0
783.3830445779297	0.02995669999995698	epochs	3.0
783.4130012779297	0.05930069999999432	epochs	2.0
783.4130012779297	0.029751600000054168	epochs	3.0
783.4427528779297	0.029549099999940154	epochs	3.0
783.4723019779296	0.05850180000004457	epochs	2.0
783.4723019779296	0.02934940000000097	epochs	3.0
783.5016513779296	0.0291524000000436	epochs	3.0
783.5308037779297	0.057724200000052406	epochs	2.0
783.5308037779297	0.028957999999988715	epochs	3.0
783.5597617779297	0.02876620000006369	epochs	3.0
783.5885279779297	0.05696709999995164	epochs	2.0
783.5885279779297	0.028576999999927466	epochs	3.0
783.6171049779297	0.028390100000024177	epochs	3.0
783.6454950779297	0.05622949999997218	epochs	2.0
783.6454950779297	0.028205699999944045	epochs	3.0
783.6737007779296	0.028023800000028132	epochs	3.0
783.7017245779297	0.05551070000001346	epochs	2.0
783.7017245779297	0.02784400000007281	epochs	3.0
783.7295685779297	0.027666699999940647	epochs	3.0
783.7572352779297	0.054810200000019904	epochs	2.0
783.7572352779297	0.02749149999999645	epochs	3.0
783.7847267779297	0.027318700000023455	epochs	3.0
783.8120454779297	0.05412699999999404	epochs	2.0
783.8120454779297	0.027147799999966082	epochs	3.0
783.8391932779297	0.02697920000002796	epochs	3.0
783.8661724779297	0.053460699999959616	epochs	2.0
783.8661724779297	0.0268125999999711	epochs	3.0
783.8929850779297	0.026648099999988517	epochs	3.0
783.9196331779297	0.05281070000000909	epochs	2.0
783.9196331779297	0.026485600000000886	epochs	3.0
783.9461187779297	0.026325100000008206	epochs	3.0
783.9724438779297	0.05217620000007628	epochs	2.0
783.9724438779297	0.026166400000079193	epochs	3.0
783.9986102779297	0.026009799999997085	epochs	3.0
784.0246200779297	0.051556699999991906	epochs	2.0
784.0246200779297	0.025854799999933675	epochs	3.0
784.0504748779297	0.02570190000005823	epochs	3.0
784.0761767779297	0.05095189999997274	epochs	2.0
784.0761767779297	0.025550699999939752	epochs	3.0
784.1017274779297	0.025401200000032986	epochs	3.0
784.1271286779297	0.05036099999995258	epochs	2.0
784.1271286779297	0.025253499999962514	epochs	3.0
784.1523821779297	0.02510749999999007	epochs	3.0
784.1774896779297	0.049783800000000156	epochs	2.0
784.1774896779297	0.02496320000000196	epochs	3.0
784.2024528779297	0.024820599999998194	epochs	3.0
784.2272734779297	0.049219500000049266	epochs	2.0
784.2272734779297	0.02467940000008184	epochs	3.0
784.2519528779297	0.024540099999967424	epochs	3.0
784.2764929779297	0.048667899999941255	epochs	2.0
784.2764929779297	0.02440209999997478	epochs	3.0
784.3008950779297	0.024265799999966475	epochs	3.0
784.3251608779296	0.04812860000004093	epochs	2.0
784.3251608779296	0.024131000000011227	epochs	3.0
784.3492918779297	0.023997600000029706	epochs	3.0
784.3732894779297	0.04760109999995166	epochs	2.0
784.3732894779297	0.023865799999953197	epochs	3.0
784.3971552779296	0.02373529999999846	epochs	3.0
784.4208905779296	0.047085000000038235	epochs	2.0
784.4208905779296	0.02360630000009678	epochs	3.0
784.4444968779297	0.023478699999941455	epochs	3.0
784.4679755779297	0.04658000000006268	epochs	2.0
784.4679755779297	0.02335249999998723	epochs	3.0
784.4913280779297	0.02322750000007545	epochs	3.0
784.5145555779297	0.04608569999993506	epochs	2.0
784.5145555779297	0.023103999999989355	epochs	3.0
784.5376595779297	0.022981699999945704	epochs	3.0
784.5606412779297	0.045601799999985815	epochs	2.0
784.5606412779297	0.022860700000023826	epochs	3.0
784.5835019779297	0.02274109999996199	epochs	3.0
784.6062430779297	0.04512790000001132	epochs	2.0
784.6062430779297	0.022622500000011314	epochs	3.0
784.6288655779297	0.02250540000000001	epochs	3.0
784.6513709779297	0.044663799999966614	epochs	2.0
784.6513709779297	0.02238929999998618	epochs	3.0
784.6737602779297	0.022274499999980435	epochs	3.0
784.6960347779296	0.04420920000006845	epochs	2.0
784.6960347779296	0.022160800000051495	epochs	3.0
784.7181955779297	0.022048400000016954	epochs	3.0
784.7402439779297	0.043763600000033875	epochs	2.0
784.7402439779297	0.021936900000014248	epochs	3.0
784.7621808779297	0.021826700000019628	epochs	3.0
784.7840075779297	0.04332709999994222	epochs	2.0
784.7840075779297	0.021717599999988124	epochs	3.0
784.8057251779297	0.021609499999954096	epochs	3.0
784.8273346779297	0.04289900000003399	epochs	2.0
784.8273346779297	0.02150249999999687	epochs	3.0
784.8488371779297	0.021396500000037122	epochs	3.0
784.8702336779297	0.042479500000013104	epochs	2.0
784.8702336779297	0.02129170000000613	epochs	3.0
784.8915253779297	0.021187800000006973	epochs	3.0
784.9127131779297	0.042067900000006375	epochs	2.0
784.9127131779297	0.02108490000000529	epochs	3.0
784.9337980779297	0.020983000000001084	epochs	3.0
784.9547810779297	0.04166439999994509	epochs	2.0
784.9547810779297	0.020882199999959994	epochs	3.0
784.9756632779297	0.020782199999985096	epochs	3.0
784.9964454779297	0.04126850000000104	epochs	2.0
784.9964454779297	0.020683299999973315	epochs	3.0
785.0171287779297	0.020585200000027726	epochs	3.0
785.0377139779297	0.04088000000001557	epochs	2.0
785.0377139779297	0.020488099999965925	epochs	3.0
785.0582020779296	0.020391900000049645	epochs	3.0
785.0785939779297	0.04049880000002304	epochs	2.0
785.0785939779297	0.020296599999937825	epochs	3.0
785.0988905779296	0.020202200000085213	epochs	3.0
785.1190927779297	0.04012460000001283	epochs	2.0
785.1190927779297	0.020108699999923374	epochs	3.0
785.1392014779296	0.02001590000008946	epochs	3.0
785.1592173779297	0.039757299999905626	epochs	2.0
785.1592173779297	0.019924199999991288	epochs	3.0
785.1791415779297	0.01983309999991434	epochs	3.0
785.1989746779296	0.03939669999999751	epochs	2.0
785.1989746779296	0.01974300000006224	epochs	3.0
785.2187176779297	0.01965369999993527	epochs	3.0
785.2383713779296	0.039042400000084854	epochs	2.0
785.2383713779296	0.01956510000002254	epochs	3.0
785.2579364779297	0.019477300000062314	epochs	3.0
785.2774137779297	0.03869459999998526	epochs	2.0
785.2774137779297	0.019390400000020236	epochs	3.0
785.2968041779297	0.01930419999996502	epochs	3.0
785.3161083779297	0.03835289999994984	epochs	2.0
785.3161083779297	0.019218799999976	epochs	3.0
785.3353271779297	0.01913409999997384	epochs	3.0
785.3544612779297	0.03801720000001296	epochs	2.0
785.3544612779297	0.019050200000037876	epochs	3.0
785.3735114779297	0.018966999999975087	epochs	3.0
785.3924784779297	0.037687200000050325	epochs	2.0
785.3924784779297	0.01888450000001285	epochs	3.0
785.4113629779297	0.018802700000037476	epochs	3.0
785.4301656779297	0.03736309999999321	epochs	2.0
785.4301656779297	0.018721700000014607	epochs	3.0
785.4488873779297	0.018641399999978603	epochs	3.0
785.4675287779297	0.03704429999993408	epochs	2.0
785.4675287779297	0.01856159999999818	epochs	3.0
785.4860903779297	0.018482699999935903	epochs	3.0
785.5045730779296	0.0367310000000316	epochs	2.0
785.5045730779296	0.018404300000042895	epochs	3.0
785.5229773779297	0.018326699999988705	epochs	3.0
785.5413040779297	0.036422900000047775	epochs	2.0
785.5413040779297	0.018249599999990096	epochs	3.0
785.5595536779297	0.01817330000005768	epochs	3.0
785.5777269779297	0.03612009999994825	epochs	2.0
785.5777269779297	0.01809759999991911	epochs	3.0
785.5958245779296	0.01802250000002914	epochs	3.0
785.6138470779297	0.03582210000001851	epochs	2.0
785.6138470779297	0.017947899999967376	epochs	3.0
785.6317949779296	0.017874200000051133	epochs	3.0
785.6496691779297	0.03552899999999681	epochs	2.0
785.6496691779297	0.017800800000031813	epochs	3.0
785.6674699779297	0.017728199999965	epochs	3.0
785.6851981779297	0.03524070000003121	epochs	2.0
785.6851981779297	0.017656099999953767	epochs	3.0
785.7028542779296	0.017584600000077444	epochs	3.0
785.7204388779297	0.03495709999992869	epochs	2.0
785.7204388779297	0.01751369999999497	epochs	3.0
785.7379525779297	0.017443399999933717	epochs	3.0
785.7553959779297	0.03467790000001969	epochs	2.0
785.7553959779297	0.017373600000041733	epochs	3.0
785.7727695779297	0.017304299999977957	epochs	3.0
785.7900738779297	0.03440330000000813	epochs	2.0
785.7900738779297	0.01723570000001473	epochs	3.0
785.8073095779297	0.0171675999999934	epochs	3.0
785.8244771779297	0.0341328000000658	epochs	2.0
785.8244771779297	0.017099900000062007	epochs	3.0
785.8415770779297	0.017032900000003792	epochs	3.0
785.8586099779297	0.033866699999975935	epochs	2.0
785.8586099779297	0.01696639999988747	epochs	3.0
785.8755763779296	0.016900300000088464	epochs	3.0
785.8924766779297	0.03360459999998966	epochs	2.0
785.8924766779297	0.01683479999996962	epochs	3.0
785.9093114779297	0.01676980000002004	epochs	3.0
785.9260812779297	0.033346599999958926	epochs	2.0
785.9260812779297	0.016705300000012357	epochs	3.0
785.9427865779297	0.01664129999994657	epochs	3.0
785.9594278779297	0.03309250000006614	epochs	2.0
785.9594278779297	0.016577800000050047	epochs	3.0
785.9760056779297	0.01651470000001609	epochs	3.0
785.9925203779297	0.03284229999997024	epochs	2.0
785.9925203779297	0.01645220000000336	epochs	3.0
786.0089725779297	0.01639009999996688	epochs	3.0
786.0253626779297	0.03259570000000167	epochs	2.0
786.0253626779297	0.016328400000020338	epochs	3.0
786.0416910779297	0.016267299999981333	epochs	3.0
786.0579583779297	0.032352899999978035	epochs	2.0
786.0579583779297	0.016206600000032267	epochs	3.0
786.0741649779297	0.016146299999945768	epochs	3.0
786.0903112779297	0.03211369999996805	epochs	2.0
786.0903112779297	0.016086599999994178	epochs	3.0
786.1063978779297	0.01602709999997387	epochs	3.0
786.1224249779297	0.03187800000000607	epochs	2.0
786.1224249779297	0.015968199999974786	epochs	3.0
786.1383931779296	0.015909800000031282	epochs	3.0
786.1543029779297	0.031645700000012766	epochs	2.0
786.1543029779297	0.01585160000001906	epochs	3.0
786.1701545779297	0.015794099999993705	epochs	3.0
786.1859486779297	0.0314167000000225	epochs	2.0
786.1859486779297	0.015736700000047676	epochs	3.0
786.2016853779297	0.015679999999974825	epochs	3.0
786.2173653779297	0.031191100000000915	epochs	2.0
786.2173653779297	0.015623600000026272	epochs	3.0
786.2329889779297	0.015567499999974643	epochs	3.0
786.2485564779297	0.030968700000016725	epochs	2.0
786.2485564779297	0.015511999999944237	epochs	3.0
786.2640684779296	0.015456700000072487	epochs	3.0
786.2795251779297	0.030749499999956242	epochs	2.0
786.2795251779297	0.015401999999994587	epochs	3.0
786.2949271779297	0.015347499999961656	epochs	3.0
786.3102746779297	0.03053320000003623	epochs	2.0
786.3102746779297	0.015293400000018664	epochs	3.0
786.3255680779297	0.015239800000017567	epochs	3.0
786.3408078779297	0.03032010000003993	epochs	2.0
786.3408078779297	0.015186500000027081	epochs	3.0
786.3559943779297	0.015133600000012848	epochs	3.0
786.3711279779297	0.030109899999956724	epochs	2.0
786.3711279779297	0.015080999999895539	epochs	3.0
786.3862089779296	0.015028900000061185	epochs	3.0
786.4012378779297	0.029902499999934662	epochs	2.0
786.4012378779297	0.01497699999993074	epochs	3.0
786.4162148779296	0.014925500000003922	epochs	3.0
786.4311403779296	0.029698100000018712	epochs	2.0
786.4311403779296	0.014874400000053356	epochs	3.0
786.4460147779297	0.014823699999965356	epochs	3.0
786.4608384779297	0.02949630000000525	epochs	2.0
786.4608384779297	0.014773200000036013	epochs	3.0
786.4756116779297	0.014723099999969236	epochs	3.0
786.4903347779297	0.02929740000001857	epochs	2.0
786.4903347779297	0.014673399999992398	epochs	3.0
786.5050081779297	0.014624000000026172	epochs	3.0
786.5196321779297	0.029101100000048064	epochs	2.0
786.5196321779297	0.01457489999995687	epochs	3.0
786.5342070779296	0.014526200000091194	epochs	3.0
786.5487332779297	0.028907399999980044	epochs	2.0
786.5487332779297	0.014477699999929428	epochs	3.0
786.5632109779297	0.014429700000050616	epochs	3.0
786.5776406779297	0.028716199999962555	epochs	2.0
786.5776406779297	0.014381800000023759	epochs	3.0
786.5920224779297	0.014334399999938796	epochs	3.0
786.6063568779297	0.028527600000074926	epochs	2.0
786.6063568779297	0.01428720000001249	epochs	3.0
786.6206440779297	0.014240400000062436	epochs	3.0
786.6348844779297	0.028341399999931127	epochs	2.0
786.6348844779297	0.014193799999929979	epochs	3.0
786.6490782779297	0.014147600000001148	epochs	3.0
786.6632258779297	0.028157700000065233	epochs	2.0
786.6632258779297	0.014101699999969242	epochs	3.0
786.6773275779296	0.014056000000095992	epochs	3.0
786.6913835779297	0.027976299999977527	epochs	2.0
786.6913835779297	0.014010599999892293	epochs	3.0
786.7053941779296	0.013965700000085235	epochs	3.0
786.7193598779297	0.02779720000000907	epochs	2.0
786.7193598779297	0.013920799999937117	epochs	3.0
786.7332806779297	0.013876400000071953	epochs	3.0
786.7471570779297	0.027620399999932488	epochs	2.0
786.7471570779297	0.0138321999999107	epochs	3.0
786.7609892779296	0.013788200000021789	epochs	3.0
786.7747774779297	0.027445899999975154	epochs	2.0
786.7747774779297	0.013744599999995444	epochs	3.0
786.7885220779297	0.01370129999997971	epochs	3.0
786.8022233779296	0.0272735000000921	epochs	2.0
786.8022233779296	0.013658200000008947	epochs	3.0
786.8158815779296	0.013615300000083153	epochs	3.0
786.8294968779297	0.027103399999987232	epochs	2.0
786.8294968779297	0.013572799999906238	epochs	3.0
786.8430696779296	0.013530600000080995	epochs	3.0
786.8566002779297	0.02693520000002536	epochs	2.0
786.8566002779297	0.013488400000028378	epochs	3.0
786.8700886779297	0.013446799999996983	epochs	3.0
786.8835354779297	0.026769199999989723	epochs	2.0
786.8835354779297	0.013405199999965589	epochs	3.0
786.8969406779297	0.013364000000024134	epochs	3.0
786.9103046779297	0.026605199999949036	epochs	2.0
786.9103046779297	0.013322899999934634	epochs	3.0
786.9236275779297	0.013282300000014402	epochs	3.0
786.9369098779297	0.026443200000016986	epochs	2.0
786.9369098779297	0.013241699999980483	epochs	3.0
786.9501515779297	0.013201500000036503	epochs	3.0
786.9633530779297	0.0262831999999662	epochs	2.0
786.9633530779297	0.013161500000023807	epochs	3.0
786.9765145779297	0.013121699999942393	epochs	3.0
786.9896362779297	0.02612499999997908	epochs	2.0
786.9896362779297	0.013082100000019636	epochs	3.0
787.0027183779297	0.013042899999959445	epochs	3.0
787.0157612779296	0.025968900000066242	epochs	2.0
787.0157612779296	0.01300390000005791	epochs	3.0
787.0287651779297	0.012965000000008331	epochs	3.0
787.0417301779297	0.025814500000024054	epochs	2.0
787.0417301779297	0.012926399999969362	epochs	3.0
787.0546565779297	0.012888100000054692	epochs	3.0
787.0675446779297	0.025661899999931848	epochs	2.0
787.0675446779297	0.012849899999991976	epochs	3.0
787.0803945779297	0.012811999999939871	epochs	3.0
787.0932065779297	0.025511199999982637	epochs	2.0
787.0932065779297	0.012774400000012065	epochs	3.0
787.1059809779297	0.012736799999970572	epochs	3.0
787.1187177779296	0.025362299999983406	epochs	2.0
787.1187177779296	0.012699700000098346	epochs	3.0
787.1314174779297	0.01266259999988506	epochs	3.0
787.1440800779296	0.025215000000002874	epochs	2.0
787.1440800779296	0.012625800000023446	epochs	3.0
787.1567058779297	0.012589199999979428	epochs	3.0
787.1692950779296	0.024584800000070572	epochs	2.0
787.1934029779297	0.5	epochs	-1.0
787.1938798779297	0.9999199999999746	epochs	1.0
787.6934029779297	0.5	epochs	-1.0
788.8179998397827	0.04088000000001557	epochs	0.0
788.8179998397827	0.015440399999988585	epochs	1.0
788.8334402397827	0.0099992000000384	epochs	1.0
788.8434394397827	0.015440399999988585	epochs	1.0
788.8588798397827	2.0	epochs	0.0
790.8588798397827	0.5183999999999287	epochs	0.0
790.8588798397827	0.5183999999999287	epochs	1.0
790.8588829397827	0.5	epochs	-1.0
791.3588829397827	0.01839689999997063	epochs	-1.0
791.3772798397827	21.481520000000046	epochs	0.0
792.650999546051	0.04088000000001557	epochs	0.0
792.650999546051	0.015440399999988585	epochs	1.0
792.666439946051	0.0099992000000384	epochs	1.0
792.676439146051	0.015440399999988585	epochs	1.0
792.691879546051	2.0	epochs	0.0
794.691879546051	0.5192799999999806	epochs	0.0
794.691879546051	0.5192799999999806	epochs	1.0
794.691882646051	0.5	epochs	-1.0
795.191882646051	0.01927690000002258	epochs	-1.0
795.211159546051	21.480639999999994	epochs	0.0
796.4809999465942	0.04088000000001557	epochs	0.0
796.4809999465942	0.015440399999988585	epochs	1.0
796.4964403465942	0.0099992000000384	epochs	1.0
796.5064395465943	0.015440399999988585	epochs	1.0
796.5218799465943	2.0	epochs	0.0
798.5218799465943	0.5185599999999795	epochs	0.0
798.5218799465943	0.5185599999999795	epochs	1.0
798.5218830465942	0.5	epochs	-1.0
799.0218830465942	0.018556900000021415	epochs	-1.0
799.0404399465942	21.481359999999995	epochs	0.0
800.3519997596741	0.04088000000001557	epochs	0.0
800.3519997596741	0.015440399999988585	epochs	1.0
800.3674401596741	0.0099992000000384	epochs	1.0
800.3774393596741	0.015440399999988585	epochs	1.0
800.3928797596741	2.0	epochs	0.0
802.3928797596741	0.518320000000017	epochs	0.0
802.3928797596741	0.518320000000017	epochs	1.0
802.392882859674	0.5	epochs	-1.0
802.892882859674	0.018316900000058922	epochs	-1.0
802.9111997596741	21.481599999999958	epochs	0.0
804.3039999008179	0.04088000000001557	epochs	0.0
804.3039999008179	0.015440399999988585	epochs	1.0
804.3194403008179	0.0099992000000384	epochs	1.0
804.3294395008179	0.015440399999988585	epochs	1.0
804.3448799008179	2.0	epochs	0.0
806.3448799008179	0.5185599999999795	epochs	0.0
806.3448799008179	0.5185599999999795	epochs	1.0
806.3448830008178	0.5	epochs	-1.0
806.8448830008178	0.018556900000021415	epochs	-1.0
806.8634399008179	21.481359999999995	epochs	0.0
808.0349998474121	0.04088000000001557	epochs	0.0
808.0349998474121	0.015440399999988585	epochs	1.0
808.0504402474121	0.0099992000000384	epochs	1.0
808.0604394474121	0.015440399999988585	epochs	1.0
808.0758798474121	2.0	epochs	0.0
810.0758798474121	5.398879999999963	epochs	0.0
810.0758798474121	1.0	epochs	1.0
810.0758829474121	0.5	epochs	-1.0
810.5758829474121	4.898876900000005	epochs	-1.0
811.0758798474121	4.398879999999963	epochs	1.0
811.0758798474121	4.356753899999944	epochs	-1.0
811.0758798474121	1.9745871999999736	epochs	2.0
811.0758798474121	1.0985621999999466	epochs	3.0
812.1744420474121	0.8760250000000269	epochs	3.0
813.0504670474121	1.3524075000000266	epochs	2.0
813.0504670474121	0.7286354999999958	epochs	3.0
813.7791025474121	0.6237720000000309	epochs	3.0
814.4028745474121	1.029759199999944	epochs	2.0
814.4028745474121	0.5453292999999348	epochs	3.0
814.9482038474121	0.4844299000000092	epochs	3.0
815.4326337474121	0.042126100000018596	epochs	2.0
815.4326337474121	0.042126100000018596	epochs	3.0
815.4747598474121	16.601040000000012	epochs	0.0
815.8549995422363	0.04088000000001557	epochs	0.0
815.8549995422363	0.015440399999988585	epochs	1.0
815.8704399422363	0.0099992000000384	epochs	1.0
815.8804391422364	0.015440399999988585	epochs	1.0
815.8958795422363	2.0	epochs	0.0
817.8958795422363	21.51872000000003	epochs	0.0
817.8958795422363	1.0	epochs	1.0
817.8958826422363	0.5	epochs	-1.0
818.3958826422363	19.99928	epochs	-1.0
818.8958795422363	20.0	epochs	1.0
818.8958795422363	4.356753899999944	epochs	-1.0
818.8958795422363	1.9745871999999736	epochs	2.0
818.8958795422363	1.0985621999999466	epochs	3.0
819.9944417422363	0.8760250000000269	epochs	3.0
820.8704667422363	1.3524075000000266	epochs	2.0
820.8704667422363	0.7286354999999958	epochs	3.0
821.5991022422363	0.6237720000000309	epochs	3.0
822.2228742422363	1.029759199999944	epochs	2.0
822.2228742422363	0.5453292999999348	epochs	3.0
822.7682035422363	0.4844299000000092	epochs	3.0
823.2526334422363	0.8317862000000105	epochs	2.0
823.2526334422363	0.4357763000000432	epochs	3.0
823.6884097422363	0.3960098999999673	epochs	3.0
824.0844196422363	0.6977970000000369	epochs	2.0
824.0844196422363	0.3628982000000178	epochs	3.0
824.4473178422363	0.33489880000001904	epochs	3.0
824.7822166422363	0.601045699999986	epochs	2.0
824.7822166422363	0.3109123000000409	epochs	3.0
825.0931289422364	0.29013339999994514	epochs	3.0
825.3832623422363	0.5278859000000011	epochs	2.0
825.3832623422363	0.2719586000000618	epochs	3.0
825.6552209422364	0.25592729999993935	epochs	3.0
825.9111482422363	0.470619299999953	epochs	2.0
825.9111482422363	0.241681299999982	epochs	3.0
826.1528295422363	0.228937999999971	epochs	3.0
826.3817675422363	0.42457040000010693	epochs	2.0
826.3817675422363	0.21747140000002219	epochs	3.0
826.5992389422363	0.20709900000008474	epochs	3.0
826.8063379422364	0.3867353999999068	epochs	2.0
826.8063379422364	0.19767109999997956	epochs	3.0
827.0040090422364	0.18906429999992724	epochs	3.0
827.1930733422363	0.3550953000000163	epochs	2.0
827.1930733422363	0.18117590000008477	epochs	3.0
827.3742492422364	0.17391939999993156	epochs	3.0
827.5481686422363	0.3282431000000088	epochs	2.0
827.5481686422363	0.1672219000000723	epochs	3.0
827.7153905422364	0.16102119999993647	epochs	3.0
827.8764117422363	0.30516799999998057	epochs	2.0
827.8764117422363	0.15526390000002266	epochs	3.0
828.0316756422363	0.1499040999999579	epochs	3.0
828.1815797422363	0.28512530000000424	epochs	2.0
828.1815797422363	0.1449021000000812	epochs	3.0
828.3264818422364	0.14022319999992305	epochs	3.0
828.4667050422363	0.2675537999999733	epochs	2.0
828.4667050422363	0.1358369000000721	epochs	3.0
828.6025419422364	0.13171689999990122	epochs	3.0
828.7342588422363	0.2520229000000427	epochs	2.0
828.7342588422363	0.1278393000000051	epochs	3.0
828.8620981422363	0.12418360000003759	epochs	3.0
828.9862817422363	0.23819649999995818	epochs	2.0
828.9862817422363	0.12073110000005727	epochs	3.0
829.1070128422364	0.11746539999990091	epochs	3.0
829.2244782422363	0.2258088000000953	epochs	2.0
829.2244782422363	0.11437190000003739	epochs	3.0
829.3388501422363	0.1114369000000579	epochs	3.0
829.4502870422364	0.21464599999990241	epochs	2.0
829.4502870422364	0.10864889999993466	epochs	3.0
829.5589359422363	0.10599709999996776	epochs	3.0
829.6649330422363	0.20453500000007807	epochs	2.0
829.6649330422363	0.10347150000006877	epochs	3.0
829.7684045422363	0.1010635000000093	epochs	3.0
829.8694680422363	0.19533400000000256	epochs	2.0
829.8694680422363	0.09876509999992322	epochs	3.0
829.9682331422363	0.09656890000007934	epochs	3.0
830.0648020422364	0.18692529999998442	epochs	2.0
830.0648020422364	0.09446830000001682	epochs	3.0
830.1592703422364	0.09245699999996759	epochs	3.0
830.2517273422363	0.17921069999999872	epochs	2.0
830.2517273422363	0.09052959999996801	epochs	3.0
830.3422569422363	0.08868110000003071	epochs	3.0
830.4309380422363	0.17210769999996955	epochs	2.0
830.4309380422363	0.08690630000000965	epochs	3.0
830.5178443422363	0.0852013999999599	epochs	3.0
830.6030457422363	0.16554640000003928	epochs	2.0
830.6030457422363	0.08356190000006336	epochs	3.0
830.6866076422364	0.08198449999997592	epochs	3.0
830.7685921422363	0.15946710000002895	epochs	2.0
830.7685921422363	0.08046539999998004	epochs	3.0
830.8490575422363	0.07900170000004891	epochs	3.0
830.9280592422364	0.15381839999997737	epochs	2.0
830.9280592422364	0.07759009999995214	epochs	3.0
831.0056493422363	0.07622830000002523	epochs	3.0
831.0818776422363	0.14855639999996129	epochs	2.0
831.0818776422363	0.07491329999993468	epochs	3.0
831.1567909422363	0.0736431000000266	epochs	3.0
831.2304340422363	0.14364239999997608	epochs	2.0
831.2304340422363	0.07241499999997814	epochs	3.0
831.3028490422363	0.07122739999999794	epochs	3.0
831.3740764422363	0.13904310000009446	epochs	2.0
831.3740764422363	0.07007800000008046	epochs	3.0
831.4441544422364	0.06896510000001399	epochs	3.0
831.5131195422364	0.13472929999988992	epochs	2.0
831.5131195422364	0.06788709999989351	epochs	3.0
831.5810066422363	0.06684219999999641	epochs	3.0
831.6478488422363	0.1306752000000415	epochs	2.0
831.6478488422363	0.06582910000008724	epochs	3.0
831.7136779422364	0.06484609999995428	epochs	3.0
831.7785240422363	0.12685780000003888	epochs	2.0
831.7785240422363	0.06389200000000983	epochs	3.0
831.8424160422363	0.06296580000002905	epochs	3.0
831.9053818422364	0.12325720000001184	epochs	2.0
831.9053818422364	0.06206580000002759	epochs	3.0
831.9674476422364	0.06119139999998424	epochs	3.0
832.0286390422364	0.11985540000000583	epochs	2.0
832.0286390422364	0.060341099999959624	epochs	3.0
832.0889801422363	0.059514300000046205	epochs	3.0
832.1484944422364	0.1166361999999026	epochs	2.0
832.1484944422364	0.058709599999929196	epochs	3.0
832.2072040422363	0.057926599999973405	epochs	3.0
832.2651306422363	0.11358560000007856	epochs	2.0
832.2651306422363	0.05716420000010203	epochs	3.0
832.3222948422364	0.05642139999997653	epochs	3.0
832.3787162422364	0.11069049999991876	epochs	2.0
832.3787162422364	0.05569789999992736	epochs	3.0
832.4344141422363	0.0549925999999914	epochs	3.0
832.4894067422363	0.1079391000000669	epochs	2.0
832.4894067422363	0.05430490000003374	epochs	3.0
832.5437116422363	0.05363420000003316	epochs	3.0
832.5973458422363	0.10532149999994544	epochs	2.0
832.5973458422363	0.05297999999993408	epochs	3.0
832.6503258422363	0.052341500000011365	epochs	3.0
832.7026673422363	0.10282760000006874	epochs	2.0
832.7026673422363	0.05171810000001642	epochs	3.0
832.7543854422363	0.05110950000005232	epochs	3.0
832.8054949422364	0.10044909999999163	epochs	2.0
832.8054949422364	0.05051489999993919	epochs	3.0
832.8560098422363	0.04993420000005244	epochs	3.0
832.9059440422363	0.0981782999999723	epochs	2.0
832.9059440422363	0.04936659999998483	epochs	3.0
832.9553106422363	0.04881169999998747	epochs	3.0
833.0041223422363	0.09600780000005216	epochs	2.0
833.0041223422363	0.04826920000004975	epochs	3.0
833.0523915422364	0.04773860000000241	epochs	3.0
833.1001301422364	0.09393119999992905	epochs	2.0
833.1001301422364	0.04721949999998287	epochs	3.0
833.1473496422363	0.04671169999994618	epochs	3.0
833.1940613422363	0.09194260000003851	epochs	2.0
833.1940613422363	0.046214599999984785	epochs	3.0
833.2402759422363	0.045728000000053726	epochs	3.0
833.2860039422363	0.09003629999995155	epochs	2.0
833.2860039422363	0.045251499999949374	epochs	3.0
833.3312554422363	0.04478480000000218	epochs	3.0
833.3760402422363	0.08820760000003247	epochs	2.0
833.3760402422363	0.044327800000019124	epochs	3.0
833.4203680422363	0.04387980000001335	epochs	3.0
833.4642478422363	0.0864516999999978	epochs	2.0
833.4642478422363	0.04344100000002982	epochs	3.0
833.5076888422363	0.04301069999996798	epochs	3.0
833.5506995422363	0.08476429999996071	epochs	2.0
833.5506995422363	0.04258900000002086	epochs	3.0
833.5932885422363	0.04217529999993985	epochs	3.0
833.6354638422363	0.08314150000001064	epochs	2.0
833.6354638422363	0.04176970000003166	epochs	3.0
833.6772335422363	0.041371799999978975	epochs	3.0
833.7186053422363	0.08157970000002024	epochs	2.0
833.7186053422363	0.04098140000007788	epochs	3.0
833.7595867422364	0.040598299999942355	epochs	3.0
833.8001850422363	0.08007550000002084	epochs	2.0
833.8001850422363	0.04022229999998217	epochs	3.0
833.8404073422363	0.03985320000003867	epochs	3.0
833.8802605422363	0.07862569999997504	epochs	2.0
833.8802605422363	0.0394907999999532	epochs	3.0
833.9197513422363	0.039134900000021844	epochs	3.0
833.9588862422363	0.07722760000001472	epochs	2.0
833.9588862422363	0.038785400000051595	epochs	3.0
833.9976716422364	0.03844219999996312	epochs	3.0
834.0361138422363	0.07587820000003376	epochs	2.0
834.0361138422363	0.038104800000041905	epochs	3.0
834.0742186422364	0.03777339999999185	epochs	3.0
834.1119920422364	0.0745752000000266	epochs	2.0
834.1119920422364	0.03744770000002973	epochs	3.0
834.1494397422364	0.03712749999999687	epochs	3.0
834.1865672422364	0.07331629999998768	epochs	2.0
834.1865672422364	0.036812899999972615	epochs	3.0
834.2233801422364	0.03650340000001506	epochs	3.0
834.2598835422364	0.07209899999998015	epochs	2.0
834.2598835422364	0.03619909999997617	epochs	3.0
834.2960826422363	0.03589990000000398	epochs	3.0
834.3319825422363	0.07092169999998532	epochs	2.0
834.3319825422363	0.03560559999993984	epochs	3.0
834.3675881422363	0.03531610000004548	epochs	3.0
834.4029042422363	0.06978200000003199	epochs	2.0
834.4029042422363	0.03503120000004856	epochs	3.0
834.4379354422364	0.03475079999998343	epochs	3.0
834.4726862422364	0.06867859999999837	epochs	2.0
834.4726862422364	0.03447510000000875	epochs	3.0
834.5071613422364	0.03420349999998962	epochs	3.0
834.5413648422364	0.06760929999995824	epochs	2.0
834.5413648422364	0.033936199999970995	epochs	3.0
834.5753010422363	0.033673099999987244	epochs	3.0
834.6089741422363	0.06657289999998284	epochs	2.0
834.6089741422363	0.03341399999999339	epochs	3.0
834.6423881422363	0.033158899999989444	epochs	3.0
834.6755470422363	0.06556780000005347	epochs	2.0
834.6755470422363	0.032907700000009754	epochs	3.0
834.7084547422363	0.03266010000004371	epochs	3.0
834.7411148422364	0.06459259999996902	epochs	2.0
834.7411148422364	0.032416399999988244	epochs	3.0
834.7735312422363	0.03217619999998078	epochs	3.0
834.8057074422363	0.0636459999999488	epochs	2.0
834.8057074422363	0.03193959999998697	epochs	3.0
834.8376470422363	0.03170639999996183	epochs	3.0
834.8693534422363	0.06272670000009839	epochs	2.0
834.8693534422363	0.03147660000001906	epochs	3.0
834.9008300422363	0.03125010000007933	epochs	3.0
834.9320801422364	0.06183359999999993	epochs	2.0
834.9320801422364	0.03102689999991526	epochs	3.0
834.9631070422363	0.030806700000084675	epochs	3.0
834.9939137422364	0.060965599999917686	epochs	2.0
834.9939137422364	0.030589799999916067	epochs	3.0
835.0245035422363	0.030375800000001618	epochs	3.0
835.0548793422363	0.06012160000000222	epochs	2.0
835.0548793422363	0.030164900000045236	epochs	3.0
835.0850442422363	0.02995669999995698	epochs	3.0
835.1150009422363	0.05930069999999432	epochs	2.0
835.1150009422363	0.029751600000054168	epochs	3.0
835.1447525422363	0.029549099999940154	epochs	3.0
835.1743016422363	0.05850180000004457	epochs	2.0
835.1743016422363	0.02934940000000097	epochs	3.0
835.2036510422363	0.0291524000000436	epochs	3.0
835.2328034422363	0.057724200000052406	epochs	2.0
835.2328034422363	0.028957999999988715	epochs	3.0
835.2617614422363	0.02876620000006369	epochs	3.0
835.2905276422364	0.05696709999995164	epochs	2.0
835.2905276422364	0.028576999999927466	epochs	3.0
835.3191046422363	0.028390100000024177	epochs	3.0
835.3474947422363	0.05622949999997218	epochs	2.0
835.3474947422363	0.028205699999944045	epochs	3.0
835.3757004422363	0.028023800000028132	epochs	3.0
835.4037242422363	0.05551070000001346	epochs	2.0
835.4037242422363	0.02784400000007281	epochs	3.0
835.4315682422364	0.027666699999940647	epochs	3.0
835.4592349422363	0.054810200000019904	epochs	2.0
835.4592349422363	0.02749149999999645	epochs	3.0
835.4867264422363	0.027318700000023455	epochs	3.0
835.5140451422363	0.05412699999999404	epochs	2.0
835.5140451422363	0.027147799999966082	epochs	3.0
835.5411929422363	0.02697920000002796	epochs	3.0
835.5681721422363	0.053460699999959616	epochs	2.0
835.5681721422363	0.0268125999999711	epochs	3.0
835.5949847422363	0.026648099999988517	epochs	3.0
835.6216328422363	0.05281070000000909	epochs	2.0
835.6216328422363	0.026485600000000886	epochs	3.0
835.6481184422363	0.026325100000008206	epochs	3.0
835.6744435422363	0.05217620000007628	epochs	2.0
835.6744435422363	0.026166400000079193	epochs	3.0
835.7006099422364	0.026009799999997085	epochs	3.0
835.7266197422364	0.051556699999991906	epochs	2.0
835.7266197422364	0.025854799999933675	epochs	3.0
835.7524745422363	0.02570190000005823	epochs	3.0
835.7781764422364	0.05095189999997274	epochs	2.0
835.7781764422364	0.025550699999939752	epochs	3.0
835.8037271422363	0.025401200000032986	epochs	3.0
835.8291283422363	0.05036099999995258	epochs	2.0
835.8291283422363	0.025253499999962514	epochs	3.0
835.8543818422363	0.02510749999999007	epochs	3.0
835.8794893422363	0.049783800000000156	epochs	2.0
835.8794893422363	0.02496320000000196	epochs	3.0
835.9044525422363	0.024820599999998194	epochs	3.0
835.9292731422363	0.049219500000049266	epochs	2.0
835.9292731422363	0.02467940000008184	epochs	3.0
835.9539525422364	0.024540099999967424	epochs	3.0
835.9784926422363	0.048667899999941255	epochs	2.0
835.9784926422363	0.02440209999997478	epochs	3.0
836.0028947422363	0.024265799999966475	epochs	3.0
836.0271605422363	0.04812860000004093	epochs	2.0
836.0271605422363	0.024131000000011227	epochs	3.0
836.0512915422363	0.023997600000029706	epochs	3.0
836.0752891422363	0.04760109999995166	epochs	2.0
836.0752891422363	0.023865799999953197	epochs	3.0
836.0991549422363	0.02373529999999846	epochs	3.0
836.1228902422363	0.047085000000038235	epochs	2.0
836.1228902422363	0.02360630000009678	epochs	3.0
836.1464965422364	0.023478699999941455	epochs	3.0
836.1699752422363	0.04658000000006268	epochs	2.0
836.1699752422363	0.02335249999998723	epochs	3.0
836.1933277422363	0.02322750000007545	epochs	3.0
836.2165552422364	0.04608569999993506	epochs	2.0
836.2165552422364	0.023103999999989355	epochs	3.0
836.2396592422364	0.022981699999945704	epochs	3.0
836.2626409422363	0.045601799999985815	epochs	2.0
836.2626409422363	0.022860700000023826	epochs	3.0
836.2855016422363	0.02274109999996199	epochs	3.0
836.3082427422363	0.04512790000001132	epochs	2.0
836.3082427422363	0.022622500000011314	epochs	3.0
836.3308652422363	0.02250540000000001	epochs	3.0
836.3533706422363	0.044663799999966614	epochs	2.0
836.3533706422363	0.02238929999998618	epochs	3.0
836.3757599422363	0.022274499999980435	epochs	3.0
836.3980344422363	0.04420920000006845	epochs	2.0
836.3980344422363	0.022160800000051495	epochs	3.0
836.4201952422363	0.022048400000016954	epochs	3.0
836.4422436422363	0.043763600000033875	epochs	2.0
836.4422436422363	0.021936900000014248	epochs	3.0
836.4641805422364	0.021826700000019628	epochs	3.0
836.4860072422364	0.04332709999994222	epochs	2.0
836.4860072422364	0.021717599999988124	epochs	3.0
836.5077248422364	0.021609499999954096	epochs	3.0
836.5293343422363	0.04289900000003399	epochs	2.0
836.5293343422363	0.02150249999999687	epochs	3.0
836.5508368422363	0.021396500000037122	epochs	3.0
836.5722333422364	0.042479500000013104	epochs	2.0
836.5722333422364	0.02129170000000613	epochs	3.0
836.5935250422364	0.021187800000006973	epochs	3.0
836.6147128422364	0.042067900000006375	epochs	2.0
836.6147128422364	0.02108490000000529	epochs	3.0
836.6357977422364	0.020983000000001084	epochs	3.0
836.6567807422364	0.04166439999994509	epochs	2.0
836.6567807422364	0.020882199999959994	epochs	3.0
836.6776629422363	0.020782199999985096	epochs	3.0
836.6984451422363	0.04126850000000104	epochs	2.0
836.6984451422363	0.020683299999973315	epochs	3.0
836.7191284422363	0.020585200000027726	epochs	3.0
836.7397136422363	0.04088000000001557	epochs	2.0
836.7397136422363	0.020488099999965925	epochs	3.0
836.7602017422363	0.020391900000049645	epochs	3.0
836.7805936422363	0.04049880000002304	epochs	2.0
836.7805936422363	0.020296599999937825	epochs	3.0
836.8008902422363	0.020202200000085213	epochs	3.0
836.8210924422364	0.04012460000001283	epochs	2.0
836.8210924422364	0.020108699999923374	epochs	3.0
836.8412011422363	0.02001590000008946	epochs	3.0
836.8612170422364	0.039757299999905626	epochs	2.0
836.8612170422364	0.019924199999991288	epochs	3.0
836.8811412422364	0.01983309999991434	epochs	3.0
836.9009743422363	0.03939669999999751	epochs	2.0
836.9009743422363	0.01974300000006224	epochs	3.0
836.9207173422363	0.01965369999993527	epochs	3.0
836.9403710422363	0.039042400000084854	epochs	2.0
836.9403710422363	0.01956510000002254	epochs	3.0
836.9599361422363	0.019477300000062314	epochs	3.0
836.9794134422364	0.03869459999998526	epochs	2.0
836.9794134422364	0.019390400000020236	epochs	3.0
836.9988038422364	0.01930419999996502	epochs	3.0
837.0181080422363	0.03835289999994984	epochs	2.0
837.0181080422363	0.019218799999976	epochs	3.0
837.0373268422363	0.01913409999997384	epochs	3.0
837.0564609422363	0.03801720000001296	epochs	2.0
837.0564609422363	0.019050200000037876	epochs	3.0
837.0755111422363	0.018966999999975087	epochs	3.0
837.0944781422363	0.037687200000050325	epochs	2.0
837.0944781422363	0.01888450000001285	epochs	3.0
837.1133626422363	0.018802700000037476	epochs	3.0
837.1321653422364	0.03736309999999321	epochs	2.0
837.1321653422364	0.018721700000014607	epochs	3.0
837.1508870422364	0.018641399999978603	epochs	3.0
837.1695284422364	0.03704429999993408	epochs	2.0
837.1695284422364	0.01856159999999818	epochs	3.0
837.1880900422364	0.018482699999935903	epochs	3.0
837.2065727422363	0.0367310000000316	epochs	2.0
837.2065727422363	0.018404300000042895	epochs	3.0
837.2249770422363	0.018326699999988705	epochs	3.0
837.2433037422363	0.036422900000047775	epochs	2.0
837.2433037422363	0.018249599999990096	epochs	3.0
837.2615533422363	0.01817330000005768	epochs	3.0
837.2797266422364	0.03612009999994825	epochs	2.0
837.2797266422364	0.01809759999991911	epochs	3.0
837.2978242422363	0.01802250000002914	epochs	3.0
837.3158467422363	0.03582210000001851	epochs	2.0
837.3158467422363	0.017947899999967376	epochs	3.0
837.3337946422363	0.017874200000051133	epochs	3.0
837.3516688422363	0.03552899999999681	epochs	2.0
837.3516688422363	0.017800800000031813	epochs	3.0
837.3694696422364	0.017728199999965	epochs	3.0
837.3871978422363	0.03524070000003121	epochs	2.0
837.3871978422363	0.017656099999953767	epochs	3.0
837.4048539422363	0.017584600000077444	epochs	3.0
837.4224385422364	0.03495709999992869	epochs	2.0
837.4224385422364	0.01751369999999497	epochs	3.0
837.4399522422364	0.017443399999933717	epochs	3.0
837.4573956422363	0.03467790000001969	epochs	2.0
837.4573956422363	0.017373600000041733	epochs	3.0
837.4747692422363	0.017304299999977957	epochs	3.0
837.4920735422363	0.03440330000000813	epochs	2.0
837.4920735422363	0.01723570000001473	epochs	3.0
837.5093092422363	0.0171675999999934	epochs	3.0
837.5264768422363	0.0341328000000658	epochs	2.0
837.5264768422363	0.017099900000062007	epochs	3.0
837.5435767422364	0.017032900000003792	epochs	3.0
837.5606096422364	0.033866699999975935	epochs	2.0
837.5606096422364	0.01696639999988747	epochs	3.0
837.5775760422363	0.016900300000088464	epochs	3.0
837.5944763422364	0.03360459999998966	epochs	2.0
837.5944763422364	0.01683479999996962	epochs	3.0
837.6113111422363	0.01676980000002004	epochs	3.0
837.6280809422364	0.033346599999958926	epochs	2.0
837.6280809422364	0.016705300000012357	epochs	3.0
837.6447862422364	0.01664129999994657	epochs	3.0
837.6614275422363	0.03309250000006614	epochs	2.0
837.6614275422363	0.016577800000050047	epochs	3.0
837.6780053422364	0.01651470000001609	epochs	3.0
837.6945200422364	0.03284229999997024	epochs	2.0
837.6945200422364	0.01645220000000336	epochs	3.0
837.7109722422364	0.01639009999996688	epochs	3.0
837.7273623422363	0.03259570000000167	epochs	2.0
837.7273623422363	0.016328400000020338	epochs	3.0
837.7436907422364	0.016267299999981333	epochs	3.0
837.7599580422363	0.032352899999978035	epochs	2.0
837.7599580422363	0.016206600000032267	epochs	3.0
837.7761646422364	0.016146299999945768	epochs	3.0
837.7923109422363	0.03211369999996805	epochs	2.0
837.7923109422363	0.016086599999994178	epochs	3.0
837.8083975422363	0.01602709999997387	epochs	3.0
837.8244246422363	0.03187800000000607	epochs	2.0
837.8244246422363	0.015968199999974786	epochs	3.0
837.8403928422363	0.015909800000031282	epochs	3.0
837.8563026422363	0.031645700000012766	epochs	2.0
837.8563026422363	0.01585160000001906	epochs	3.0
837.8721542422363	0.015794099999993705	epochs	3.0
837.8879483422363	0.0314167000000225	epochs	2.0
837.8879483422363	0.015736700000047676	epochs	3.0
837.9036850422364	0.015679999999974825	epochs	3.0
837.9193650422363	0.031191100000000915	epochs	2.0
837.9193650422363	0.015623600000026272	epochs	3.0
837.9349886422364	0.015567499999974643	epochs	3.0
837.9505561422363	0.030968700000016725	epochs	2.0
837.9505561422363	0.015511999999944237	epochs	3.0
837.9660681422363	0.015456700000072487	epochs	3.0
837.9815248422364	0.030749499999956242	epochs	2.0
837.9815248422364	0.015401999999994587	epochs	3.0
837.9969268422363	0.015347499999961656	epochs	3.0
838.0122743422363	0.03053320000003623	epochs	2.0
838.0122743422363	0.015293400000018664	epochs	3.0
838.0275677422363	0.015239800000017567	epochs	3.0
838.0428075422363	0.03032010000003993	epochs	2.0
838.0428075422363	0.015186500000027081	epochs	3.0
838.0579940422364	0.015133600000012848	epochs	3.0
838.0731276422364	0.030109899999956724	epochs	2.0
838.0731276422364	0.015080999999895539	epochs	3.0
838.0882086422363	0.015028900000061185	epochs	3.0
838.1032375422363	0.029902499999934662	epochs	2.0
838.1032375422363	0.01497699999993074	epochs	3.0
838.1182145422363	0.014925500000003922	epochs	3.0
838.1331400422363	0.029698100000018712	epochs	2.0
838.1331400422363	0.014874400000053356	epochs	3.0
838.1480144422363	0.014823699999965356	epochs	3.0
838.1628381422363	0.02949630000000525	epochs	2.0
838.1628381422363	0.014773200000036013	epochs	3.0
838.1776113422363	0.014723099999969236	epochs	3.0
838.1923344422363	0.02929740000001857	epochs	2.0
838.1923344422363	0.014673399999992398	epochs	3.0
838.2070078422363	0.014624000000026172	epochs	3.0
838.2216318422363	0.029101100000048064	epochs	2.0
838.2216318422363	0.01457489999995687	epochs	3.0
838.2362067422363	0.014526200000091194	epochs	3.0
838.2507329422364	0.028907399999980044	epochs	2.0
838.2507329422364	0.014477699999929428	epochs	3.0
838.2652106422363	0.014429700000050616	epochs	3.0
838.2796403422363	0.028716199999962555	epochs	2.0
838.2796403422363	0.014381800000023759	epochs	3.0
838.2940221422364	0.014334399999938796	epochs	3.0
838.3083565422363	0.028527600000074926	epochs	2.0
838.3083565422363	0.01428720000001249	epochs	3.0
838.3226437422363	0.014240400000062436	epochs	3.0
838.3368841422364	0.028341399999931127	epochs	2.0
838.3368841422364	0.014193799999929979	epochs	3.0
838.3510779422363	0.014147600000001148	epochs	3.0
838.3652255422363	0.028157700000065233	epochs	2.0
838.3652255422363	0.014101699999969242	epochs	3.0
838.3793272422363	0.014056000000095992	epochs	3.0
838.3933832422364	0.027976299999977527	epochs	2.0
838.3933832422364	0.014010599999892293	epochs	3.0
838.4073938422363	0.013965700000085235	epochs	3.0
838.4213595422364	0.02779720000000907	epochs	2.0
838.4213595422364	0.013920799999937117	epochs	3.0
838.4352803422363	0.013876400000071953	epochs	3.0
838.4491567422364	0.027620399999932488	epochs	2.0
838.4491567422364	0.0138321999999107	epochs	3.0
838.4629889422363	0.013788200000021789	epochs	3.0
838.4767771422363	0.027445899999975154	epochs	2.0
838.4767771422363	0.013744599999995444	epochs	3.0
838.4905217422363	0.01370129999997971	epochs	3.0
838.5042230422363	0.0272735000000921	epochs	2.0
838.5042230422363	0.013658200000008947	epochs	3.0
838.5178812422363	0.013615300000083153	epochs	3.0
838.5314965422364	0.027103399999987232	epochs	2.0
838.5314965422364	0.013572799999906238	epochs	3.0
838.5450693422363	0.013530600000080995	epochs	3.0
838.5585999422364	0.02693520000002536	epochs	2.0
838.5585999422364	0.013488400000028378	epochs	3.0
838.5720883422364	0.013446799999996983	epochs	3.0
838.5855351422364	0.026769199999989723	epochs	2.0
838.5855351422364	0.013405199999965589	epochs	3.0
838.5989403422363	0.013364000000024134	epochs	3.0
838.6123043422364	0.026605199999949036	epochs	2.0
838.6123043422364	0.013322899999934634	epochs	3.0
838.6256272422363	0.013282300000014402	epochs	3.0
838.6389095422363	0.026443200000016986	epochs	2.0
838.6389095422363	0.013241699999980483	epochs	3.0
838.6521512422363	0.013201500000036503	epochs	3.0
838.6653527422363	0.0262831999999662	epochs	2.0
838.6653527422363	0.013161500000023807	epochs	3.0
838.6785142422364	0.013121699999942393	epochs	3.0
838.6916359422363	0.02612499999997908	epochs	2.0
838.6916359422363	0.013082100000019636	epochs	3.0
838.7047180422363	0.013042899999959445	epochs	3.0
838.7177609422363	0.025968900000066242	epochs	2.0
838.7177609422363	0.01300390000005791	epochs	3.0
838.7307648422363	0.012965000000008331	epochs	3.0
838.7437298422363	0.025814500000024054	epochs	2.0
838.7437298422363	0.012926399999969362	epochs	3.0
838.7566562422363	0.012888100000054692	epochs	3.0
838.7695443422364	0.025661899999931848	epochs	2.0
838.7695443422364	0.012849899999991976	epochs	3.0
838.7823942422364	0.012811999999939871	epochs	3.0
838.7952062422363	0.025511199999982637	epochs	2.0
838.7952062422363	0.012774400000012065	epochs	3.0
838.8079806422363	0.012736799999970572	epochs	3.0
838.8207174422363	0.025362299999983406	epochs	2.0
838.8207174422363	0.012699700000098346	epochs	3.0
838.8334171422364	0.01266259999988506	epochs	3.0
838.8460797422363	0.025215000000002874	epochs	2.0
838.8460797422363	0.012625800000023446	epochs	3.0
838.8587055422363	0.012589199999979428	epochs	3.0
838.8712947422363	0.024584800000070572	epochs	2.0
838.8951626422363	0.5	epochs	-1.0
838.8958795422363	0.5187200000000303	epochs	1.0
839.4145995422364	0.48119999999994434	epochs	0.0
839.8089995384216	0.04088000000001557	epochs	0.0
839.8089995384216	0.015440399999988585	epochs	1.0
839.8244399384216	0.0099992000000384	epochs	1.0
839.8344391384217	0.015440399999988585	epochs	1.0
839.8498795384216	2.0	epochs	0.0
841.8498795384216	21.51872000000003	epochs	0.0
841.8498795384216	1.0	epochs	1.0
841.8498826384216	0.5	epochs	-1.0
842.3498826384216	19.99928	epochs	-1.0
842.8498795384216	20.0	epochs	1.0
842.8498795384216	4.356753899999944	epochs	-1.0
842.8498795384216	1.9745871999999736	epochs	2.0
842.8498795384216	1.0985621999999466	epochs	3.0
843.9484417384216	0.8760250000000269	epochs	3.0
844.8244667384216	1.3524075000000266	epochs	2.0
844.8244667384216	0.7286354999999958	epochs	3.0
845.5531022384216	0.6237720000000309	epochs	3.0
846.1768742384216	1.029759199999944	epochs	2.0
846.1768742384216	0.5453292999999348	epochs	3.0
846.7222035384216	0.4844299000000092	epochs	3.0
847.2066334384216	0.8317862000000105	epochs	2.0
847.2066334384216	0.4357763000000432	epochs	3.0
847.6424097384216	0.3960098999999673	epochs	3.0
848.0384196384216	0.6977970000000369	epochs	2.0
848.0384196384216	0.3628982000000178	epochs	3.0
848.4013178384216	0.33489880000001904	epochs	3.0
848.7362166384216	0.601045699999986	epochs	2.0
848.7362166384216	0.3109123000000409	epochs	3.0
849.0471289384217	0.29013339999994514	epochs	3.0
849.3372623384216	0.5278859000000011	epochs	2.0
849.3372623384216	0.2719586000000618	epochs	3.0
849.6092209384217	0.25592729999993935	epochs	3.0
849.8651482384216	0.470619299999953	epochs	2.0
849.8651482384216	0.241681299999982	epochs	3.0
850.1068295384216	0.228937999999971	epochs	3.0
850.3357675384216	0.42457040000010693	epochs	2.0
850.3357675384216	0.21747140000002219	epochs	3.0
850.5532389384216	0.20709900000008474	epochs	3.0
850.7603379384217	0.3867353999999068	epochs	2.0
850.7603379384217	0.19767109999997956	epochs	3.0
850.9580090384217	0.18906429999992724	epochs	3.0
851.1470733384216	0.3550953000000163	epochs	2.0
851.1470733384216	0.18117590000008477	epochs	3.0
851.3282492384217	0.17391939999993156	epochs	3.0
851.5021686384216	0.3282431000000088	epochs	2.0
851.5021686384216	0.1672219000000723	epochs	3.0
851.6693905384217	0.16102119999993647	epochs	3.0
851.8304117384216	0.30516799999998057	epochs	2.0
851.8304117384216	0.15526390000002266	epochs	3.0
851.9856756384216	0.1499040999999579	epochs	3.0
852.1355797384216	0.28512530000000424	epochs	2.0
852.1355797384216	0.1449021000000812	epochs	3.0
852.2804818384217	0.14022319999992305	epochs	3.0
852.4207050384216	0.2675537999999733	epochs	2.0
852.4207050384216	0.1358369000000721	epochs	3.0
852.5565419384217	0.13171689999990122	epochs	3.0
852.6882588384216	0.2520229000000427	epochs	2.0
852.6882588384216	0.1278393000000051	epochs	3.0
852.8160981384216	0.12418360000003759	epochs	3.0
852.9402817384216	0.23819649999995818	epochs	2.0
852.9402817384216	0.12073110000005727	epochs	3.0
853.0610128384217	0.11746539999990091	epochs	3.0
853.1784782384216	0.2258088000000953	epochs	2.0
853.1784782384216	0.11437190000003739	epochs	3.0
853.2928501384216	0.1114369000000579	epochs	3.0
853.4042870384217	0.21464599999990241	epochs	2.0
853.4042870384217	0.10864889999993466	epochs	3.0
853.5129359384216	0.10599709999996776	epochs	3.0
853.6189330384216	0.20453500000007807	epochs	2.0
853.6189330384216	0.10347150000006877	epochs	3.0
853.7224045384216	0.1010635000000093	epochs	3.0
853.8234680384217	0.19533400000000256	epochs	2.0
853.8234680384217	0.09876509999992322	epochs	3.0
853.9222331384216	0.09656890000007934	epochs	3.0
854.0188020384217	0.18692529999998442	epochs	2.0
854.0188020384217	0.09446830000001682	epochs	3.0
854.1132703384217	0.09245699999996759	epochs	3.0
854.2057273384216	0.17921069999999872	epochs	2.0
854.2057273384216	0.09052959999996801	epochs	3.0
854.2962569384216	0.08868110000003071	epochs	3.0
854.3849380384216	0.17210769999996955	epochs	2.0
854.3849380384216	0.08690630000000965	epochs	3.0
854.4718443384216	0.0852013999999599	epochs	3.0
854.5570457384216	0.16554640000003928	epochs	2.0
854.5570457384216	0.08356190000006336	epochs	3.0
854.6406076384217	0.08198449999997592	epochs	3.0
854.7225921384216	0.15946710000002895	epochs	2.0
854.7225921384216	0.08046539999998004	epochs	3.0
854.8030575384216	0.07900170000004891	epochs	3.0
854.8820592384217	0.15381839999997737	epochs	2.0
854.8820592384217	0.07759009999995214	epochs	3.0
854.9596493384216	0.07622830000002523	epochs	3.0
855.0358776384217	0.14855639999996129	epochs	2.0
855.0358776384217	0.07491329999993468	epochs	3.0
855.1107909384216	0.0736431000000266	epochs	3.0
855.1844340384216	0.14364239999997608	epochs	2.0
855.1844340384216	0.07241499999997814	epochs	3.0
855.2568490384216	0.07122739999999794	epochs	3.0
855.3280764384216	0.13904310000009446	epochs	2.0
855.3280764384216	0.07007800000008046	epochs	3.0
855.3981544384217	0.06896510000001399	epochs	3.0
855.4671195384217	0.13472929999988992	epochs	2.0
855.4671195384217	0.06788709999989351	epochs	3.0
855.5350066384216	0.06684219999999641	epochs	3.0
855.6018488384216	0.1306752000000415	epochs	2.0
855.6018488384216	0.06582910000008724	epochs	3.0
855.6676779384217	0.06484609999995428	epochs	3.0
855.7325240384216	0.12685780000003888	epochs	2.0
855.7325240384216	0.06389200000000983	epochs	3.0
855.7964160384216	0.06296580000002905	epochs	3.0
855.8593818384217	0.12325720000001184	epochs	2.0
855.8593818384217	0.06206580000002759	epochs	3.0
855.9214476384217	0.06119139999998424	epochs	3.0
855.9826390384217	0.11985540000000583	epochs	2.0
855.9826390384217	0.060341099999959624	epochs	3.0
856.0429801384216	0.059514300000046205	epochs	3.0
856.1024944384217	0.1166361999999026	epochs	2.0
856.1024944384217	0.058709599999929196	epochs	3.0
856.1612040384216	0.057926599999973405	epochs	3.0
856.2191306384216	0.11358560000007856	epochs	2.0
856.2191306384216	0.05716420000010203	epochs	3.0
856.2762948384217	0.05642139999997653	epochs	3.0
856.3327162384217	0.11069049999991876	epochs	2.0
856.3327162384217	0.05569789999992736	epochs	3.0
856.3884141384216	0.0549925999999914	epochs	3.0
856.4434067384216	0.1079391000000669	epochs	2.0
856.4434067384216	0.05430490000003374	epochs	3.0
856.4977116384216	0.05363420000003316	epochs	3.0
856.5513458384216	0.10532149999994544	epochs	2.0
856.5513458384216	0.05297999999993408	epochs	3.0
856.6043258384216	0.052341500000011365	epochs	3.0
856.6566673384216	0.10282760000006874	epochs	2.0
856.6566673384216	0.05171810000001642	epochs	3.0
856.7083854384216	0.05110950000005232	epochs	3.0
856.7594949384217	0.10044909999999163	epochs	2.0
856.7594949384217	0.05051489999993919	epochs	3.0
856.8100098384216	0.04993420000005244	epochs	3.0
856.8599440384216	0.0981782999999723	epochs	2.0
856.8599440384216	0.04936659999998483	epochs	3.0
856.9093106384216	0.04881169999998747	epochs	3.0
856.9581223384216	0.09600780000005216	epochs	2.0
856.9581223384216	0.04826920000004975	epochs	3.0
857.0063915384217	0.04773860000000241	epochs	3.0
857.0541301384217	0.09393119999992905	epochs	2.0
857.0541301384217	0.04721949999998287	epochs	3.0
857.1013496384217	0.04671169999994618	epochs	3.0
857.1480613384216	0.09194260000003851	epochs	2.0
857.1480613384216	0.046214599999984785	epochs	3.0
857.1942759384216	0.045728000000053726	epochs	3.0
857.2400039384216	0.09003629999995155	epochs	2.0
857.2400039384216	0.045251499999949374	epochs	3.0
857.2852554384216	0.04478480000000218	epochs	3.0
857.3300402384216	0.08820760000003247	epochs	2.0
857.3300402384216	0.044327800000019124	epochs	3.0
857.3743680384216	0.04387980000001335	epochs	3.0
857.4182478384216	0.0864516999999978	epochs	2.0
857.4182478384216	0.04344100000002982	epochs	3.0
857.4616888384217	0.04301069999996798	epochs	3.0
857.5046995384216	0.08476429999996071	epochs	2.0
857.5046995384216	0.04258900000002086	epochs	3.0
857.5472885384216	0.04217529999993985	epochs	3.0
857.5894638384216	0.08314150000001064	epochs	2.0
857.5894638384216	0.04176970000003166	epochs	3.0
857.6312335384216	0.041371799999978975	epochs	3.0
857.6726053384216	0.08157970000002024	epochs	2.0
857.6726053384216	0.04098140000007788	epochs	3.0
857.7135867384217	0.040598299999942355	epochs	3.0
857.7541850384216	0.08007550000002084	epochs	2.0
857.7541850384216	0.04022229999998217	epochs	3.0
857.7944073384216	0.03985320000003867	epochs	3.0
857.8342605384216	0.07862569999997504	epochs	2.0
857.8342605384216	0.0394907999999532	epochs	3.0
857.8737513384216	0.039134900000021844	epochs	3.0
857.9128862384216	0.07722760000001472	epochs	2.0
857.9128862384216	0.038785400000051595	epochs	3.0
857.9516716384217	0.03844219999996312	epochs	3.0
857.9901138384216	0.07587820000003376	epochs	2.0
857.9901138384216	0.038104800000041905	epochs	3.0
858.0282186384217	0.03777339999999185	epochs	3.0
858.0659920384217	0.0745752000000266	epochs	2.0
858.0659920384217	0.03744770000002973	epochs	3.0
858.1034397384217	0.03712749999999687	epochs	3.0
858.1405672384217	0.07331629999998768	epochs	2.0
858.1405672384217	0.036812899999972615	epochs	3.0
858.1773801384217	0.03650340000001506	epochs	3.0
858.2138835384217	0.07209899999998015	epochs	2.0
858.2138835384217	0.03619909999997617	epochs	3.0
858.2500826384216	0.03589990000000398	epochs	3.0
858.2859825384216	0.07092169999998532	epochs	2.0
858.2859825384216	0.03560559999993984	epochs	3.0
858.3215881384216	0.03531610000004548	epochs	3.0
858.3569042384216	0.06978200000003199	epochs	2.0
858.3569042384216	0.03503120000004856	epochs	3.0
858.3919354384217	0.03475079999998343	epochs	3.0
858.4266862384217	0.06867859999999837	epochs	2.0
858.4266862384217	0.03447510000000875	epochs	3.0
858.4611613384217	0.03420349999998962	epochs	3.0
858.4953648384217	0.06760929999995824	epochs	2.0
858.4953648384217	0.033936199999970995	epochs	3.0
858.5293010384216	0.033673099999987244	epochs	3.0
858.5629741384216	0.06657289999998284	epochs	2.0
858.5629741384216	0.03341399999999339	epochs	3.0
858.5963881384216	0.033158899999989444	epochs	3.0
858.6295470384216	0.06556780000005347	epochs	2.0
858.6295470384216	0.032907700000009754	epochs	3.0
858.6624547384216	0.03266010000004371	epochs	3.0
858.6951148384217	0.06459259999996902	epochs	2.0
858.6951148384217	0.032416399999988244	epochs	3.0
858.7275312384216	0.03217619999998078	epochs	3.0
858.7597074384216	0.0636459999999488	epochs	2.0
858.7597074384216	0.03193959999998697	epochs	3.0
858.7916470384216	0.03170639999996183	epochs	3.0
858.8233534384216	0.06272670000009839	epochs	2.0
858.8233534384216	0.03147660000001906	epochs	3.0
858.8548300384216	0.03125010000007933	epochs	3.0
858.8860801384217	0.06183359999999993	epochs	2.0
858.8860801384217	0.03102689999991526	epochs	3.0
858.9171070384216	0.030806700000084675	epochs	3.0
858.9479137384217	0.060965599999917686	epochs	2.0
858.9479137384217	0.030589799999916067	epochs	3.0
858.9785035384216	0.030375800000001618	epochs	3.0
859.0088793384216	0.06012160000000222	epochs	2.0
859.0088793384216	0.030164900000045236	epochs	3.0
859.0390442384216	0.02995669999995698	epochs	3.0
859.0690009384216	0.05930069999999432	epochs	2.0
859.0690009384216	0.029751600000054168	epochs	3.0
859.0987525384216	0.029549099999940154	epochs	3.0
859.1283016384216	0.05850180000004457	epochs	2.0
859.1283016384216	0.02934940000000097	epochs	3.0
859.1576510384216	0.0291524000000436	epochs	3.0
859.1868034384216	0.057724200000052406	epochs	2.0
859.1868034384216	0.028957999999988715	epochs	3.0
859.2157614384216	0.02876620000006369	epochs	3.0
859.2445276384217	0.05696709999995164	epochs	2.0
859.2445276384217	0.028576999999927466	epochs	3.0
859.2731046384216	0.028390100000024177	epochs	3.0
859.3014947384216	0.05622949999997218	epochs	2.0
859.3014947384216	0.028205699999944045	epochs	3.0
859.3297004384216	0.028023800000028132	epochs	3.0
859.3577242384216	0.05551070000001346	epochs	2.0
859.3577242384216	0.02784400000007281	epochs	3.0
859.3855682384217	0.027666699999940647	epochs	3.0
859.4132349384216	0.054810200000019904	epochs	2.0
859.4132349384216	0.02749149999999645	epochs	3.0
859.4407264384216	0.027318700000023455	epochs	3.0
859.4680451384216	0.05412699999999404	epochs	2.0
859.4680451384216	0.027147799999966082	epochs	3.0
859.4951929384216	0.02697920000002796	epochs	3.0
859.5221721384216	0.053460699999959616	epochs	2.0
859.5221721384216	0.0268125999999711	epochs	3.0
859.5489847384216	0.026648099999988517	epochs	3.0
859.5756328384216	0.05281070000000909	epochs	2.0
859.5756328384216	0.026485600000000886	epochs	3.0
859.6021184384216	0.026325100000008206	epochs	3.0
859.6284435384216	0.05217620000007628	epochs	2.0
859.6284435384216	0.026166400000079193	epochs	3.0
859.6546099384217	0.026009799999997085	epochs	3.0
859.6806197384217	0.051556699999991906	epochs	2.0
859.6806197384217	0.025854799999933675	epochs	3.0
859.7064745384216	0.02570190000005823	epochs	3.0
859.7321764384217	0.05095189999997274	epochs	2.0
859.7321764384217	0.025550699999939752	epochs	3.0
859.7577271384216	0.025401200000032986	epochs	3.0
859.7831283384216	0.05036099999995258	epochs	2.0
859.7831283384216	0.025253499999962514	epochs	3.0
859.8083818384216	0.02510749999999007	epochs	3.0
859.8334893384216	0.049783800000000156	epochs	2.0
859.8334893384216	0.02496320000000196	epochs	3.0
859.8584525384216	0.024820599999998194	epochs	3.0
859.8832731384216	0.049219500000049266	epochs	2.0
859.8832731384216	0.02467940000008184	epochs	3.0
859.9079525384217	0.024540099999967424	epochs	3.0
859.9324926384216	0.048667899999941255	epochs	2.0
859.9324926384216	0.02440209999997478	epochs	3.0
859.9568947384216	0.024265799999966475	epochs	3.0
859.9811605384216	0.04812860000004093	epochs	2.0
859.9811605384216	0.024131000000011227	epochs	3.0
860.0052915384216	0.023997600000029706	epochs	3.0
860.0292891384216	0.04760109999995166	epochs	2.0
860.0292891384216	0.023865799999953197	epochs	3.0
860.0531549384216	0.02373529999999846	epochs	3.0
860.0768902384216	0.047085000000038235	epochs	2.0
860.0768902384216	0.02360630000009678	epochs	3.0
860.1004965384217	0.023478699999941455	epochs	3.0
860.1239752384216	0.04658000000006268	epochs	2.0
860.1239752384216	0.02335249999998723	epochs	3.0
860.1473277384216	0.02322750000007545	epochs	3.0
860.1705552384217	0.04608569999993506	epochs	2.0
860.1705552384217	0.023103999999989355	epochs	3.0
860.1936592384217	0.022981699999945704	epochs	3.0
860.2166409384216	0.045601799999985815	epochs	2.0
860.2166409384216	0.022860700000023826	epochs	3.0
860.2395016384216	0.02274109999996199	epochs	3.0
860.2622427384216	0.04512790000001132	epochs	2.0
860.2622427384216	0.022622500000011314	epochs	3.0
860.2848652384216	0.02250540000000001	epochs	3.0
860.3073706384216	0.044663799999966614	epochs	2.0
860.3073706384216	0.02238929999998618	epochs	3.0
860.3297599384216	0.022274499999980435	epochs	3.0
860.3520344384216	0.04420920000006845	epochs	2.0
860.3520344384216	0.022160800000051495	epochs	3.0
860.3741952384216	0.022048400000016954	epochs	3.0
860.3962436384217	0.043763600000033875	epochs	2.0
860.3962436384217	0.021936900000014248	epochs	3.0
860.4181805384217	0.021826700000019628	epochs	3.0
860.4400072384217	0.04332709999994222	epochs	2.0
860.4400072384217	0.021717599999988124	epochs	3.0
860.4617248384217	0.021609499999954096	epochs	3.0
860.4833343384216	0.04289900000003399	epochs	2.0
860.4833343384216	0.02150249999999687	epochs	3.0
860.5048368384216	0.021396500000037122	epochs	3.0
860.5262333384217	0.042479500000013104	epochs	2.0
860.5262333384217	0.02129170000000613	epochs	3.0
860.5475250384217	0.021187800000006973	epochs	3.0
860.5687128384217	0.042067900000006375	epochs	2.0
860.5687128384217	0.02108490000000529	epochs	3.0
860.5897977384217	0.020983000000001084	epochs	3.0
860.6107807384217	0.04166439999994509	epochs	2.0
860.6107807384217	0.020882199999959994	epochs	3.0
860.6316629384216	0.020782199999985096	epochs	3.0
860.6524451384216	0.04126850000000104	epochs	2.0
860.6524451384216	0.020683299999973315	epochs	3.0
860.6731284384216	0.020585200000027726	epochs	3.0
860.6937136384216	0.04088000000001557	epochs	2.0
860.6937136384216	0.020488099999965925	epochs	3.0
860.7142017384216	0.020391900000049645	epochs	3.0
860.7345936384216	0.04049880000002304	epochs	2.0
860.7345936384216	0.020296599999937825	epochs	3.0
860.7548902384216	0.020202200000085213	epochs	3.0
860.7750924384217	0.04012460000001283	epochs	2.0
860.7750924384217	0.020108699999923374	epochs	3.0
860.7952011384216	0.02001590000008946	epochs	3.0
860.8152170384217	0.039757299999905626	epochs	2.0
860.8152170384217	0.019924199999991288	epochs	3.0
860.8351412384217	0.01983309999991434	epochs	3.0
860.8549743384216	0.03939669999999751	epochs	2.0
860.8549743384216	0.01974300000006224	epochs	3.0
860.8747173384216	0.01965369999993527	epochs	3.0
860.8943710384216	0.039042400000084854	epochs	2.0
860.8943710384216	0.01956510000002254	epochs	3.0
860.9139361384216	0.019477300000062314	epochs	3.0
860.9334134384217	0.03869459999998526	epochs	2.0
860.9334134384217	0.019390400000020236	epochs	3.0
860.9528038384217	0.01930419999996502	epochs	3.0
860.9721080384217	0.03835289999994984	epochs	2.0
860.9721080384217	0.019218799999976	epochs	3.0
860.9913268384216	0.01913409999997384	epochs	3.0
861.0104609384216	0.03801720000001296	epochs	2.0
861.0104609384216	0.019050200000037876	epochs	3.0
861.0295111384216	0.018966999999975087	epochs	3.0
861.0484781384216	0.037687200000050325	epochs	2.0
861.0484781384216	0.01888450000001285	epochs	3.0
861.0673626384216	0.018802700000037476	epochs	3.0
861.0861653384217	0.03736309999999321	epochs	2.0
861.0861653384217	0.018721700000014607	epochs	3.0
861.1048870384217	0.018641399999978603	epochs	3.0
861.1235284384217	0.03704429999993408	epochs	2.0
861.1235284384217	0.01856159999999818	epochs	3.0
861.1420900384217	0.018482699999935903	epochs	3.0
861.1605727384216	0.0367310000000316	epochs	2.0
861.1605727384216	0.018404300000042895	epochs	3.0
861.1789770384216	0.018326699999988705	epochs	3.0
861.1973037384216	0.036422900000047775	epochs	2.0
861.1973037384216	0.018249599999990096	epochs	3.0
861.2155533384216	0.01817330000005768	epochs	3.0
861.2337266384217	0.03612009999994825	epochs	2.0
861.2337266384217	0.01809759999991911	epochs	3.0
861.2518242384216	0.01802250000002914	epochs	3.0
861.2698467384216	0.03582210000001851	epochs	2.0
861.2698467384216	0.017947899999967376	epochs	3.0
861.2877946384216	0.017874200000051133	epochs	3.0
861.3056688384216	0.03552899999999681	epochs	2.0
861.3056688384216	0.017800800000031813	epochs	3.0
861.3234696384217	0.017728199999965	epochs	3.0
861.3411978384216	0.03524070000003121	epochs	2.0
861.3411978384216	0.017656099999953767	epochs	3.0
861.3588539384216	0.017584600000077444	epochs	3.0
861.3764385384217	0.03495709999992869	epochs	2.0
861.3764385384217	0.01751369999999497	epochs	3.0
861.3939522384217	0.017443399999933717	epochs	3.0
861.4113956384216	0.03467790000001969	epochs	2.0
861.4113956384216	0.017373600000041733	epochs	3.0
861.4287692384216	0.017304299999977957	epochs	3.0
861.4460735384216	0.03440330000000813	epochs	2.0
861.4460735384216	0.01723570000001473	epochs	3.0
861.4633092384216	0.0171675999999934	epochs	3.0
861.4804768384216	0.0341328000000658	epochs	2.0
861.4804768384216	0.017099900000062007	epochs	3.0
861.4975767384217	0.017032900000003792	epochs	3.0
861.5146096384217	0.033866699999975935	epochs	2.0
861.5146096384217	0.01696639999988747	epochs	3.0
861.5315760384216	0.016900300000088464	epochs	3.0
861.5484763384217	0.03360459999998966	epochs	2.0
861.5484763384217	0.01683479999996962	epochs	3.0
861.5653111384216	0.01676980000002004	epochs	3.0
861.5820809384217	0.033346599999958926	epochs	2.0
861.5820809384217	0.016705300000012357	epochs	3.0
861.5987862384217	0.01664129999994657	epochs	3.0
861.6154275384216	0.03309250000006614	epochs	2.0
861.6154275384216	0.016577800000050047	epochs	3.0
861.6320053384217	0.01651470000001609	epochs	3.0
861.6485200384217	0.03284229999997024	epochs	2.0
861.6485200384217	0.01645220000000336	epochs	3.0
861.6649722384217	0.01639009999996688	epochs	3.0
861.6813623384216	0.03259570000000167	epochs	2.0
861.6813623384216	0.016328400000020338	epochs	3.0
861.6976907384217	0.016267299999981333	epochs	3.0
861.7139580384217	0.032352899999978035	epochs	2.0
861.7139580384217	0.016206600000032267	epochs	3.0
861.7301646384217	0.016146299999945768	epochs	3.0
861.7463109384216	0.03211369999996805	epochs	2.0
861.7463109384216	0.016086599999994178	epochs	3.0
861.7623975384216	0.01602709999997387	epochs	3.0
861.7784246384216	0.03187800000000607	epochs	2.0
861.7784246384216	0.015968199999974786	epochs	3.0
861.7943928384216	0.015909800000031282	epochs	3.0
861.8103026384216	0.031645700000012766	epochs	2.0
861.8103026384216	0.01585160000001906	epochs	3.0
861.8261542384216	0.015794099999993705	epochs	3.0
861.8419483384216	0.0314167000000225	epochs	2.0
861.8419483384216	0.015736700000047676	epochs	3.0
861.8576850384217	0.015679999999974825	epochs	3.0
861.8733650384216	0.031191100000000915	epochs	2.0
861.8733650384216	0.015623600000026272	epochs	3.0
861.8889886384217	0.015567499999974643	epochs	3.0
861.9045561384216	0.030968700000016725	epochs	2.0
861.9045561384216	0.015511999999944237	epochs	3.0
861.9200681384216	0.015456700000072487	epochs	3.0
861.9355248384217	0.030749499999956242	epochs	2.0
861.9355248384217	0.015401999999994587	epochs	3.0
861.9509268384217	0.015347499999961656	epochs	3.0
861.9662743384216	0.03053320000003623	epochs	2.0
861.9662743384216	0.015293400000018664	epochs	3.0
861.9815677384216	0.015239800000017567	epochs	3.0
861.9968075384216	0.03032010000003993	epochs	2.0
861.9968075384216	0.015186500000027081	epochs	3.0
862.0119940384217	0.015133600000012848	epochs	3.0
862.0271276384217	0.030109899999956724	epochs	2.0
862.0271276384217	0.015080999999895539	epochs	3.0
862.0422086384216	0.015028900000061185	epochs	3.0
862.0572375384216	0.029902499999934662	epochs	2.0
862.0572375384216	0.01497699999993074	epochs	3.0
862.0722145384216	0.014925500000003922	epochs	3.0
862.0871400384216	0.029698100000018712	epochs	2.0
862.0871400384216	0.014874400000053356	epochs	3.0
862.1020144384216	0.014823699999965356	epochs	3.0
862.1168381384216	0.02949630000000525	epochs	2.0
862.1168381384216	0.014773200000036013	epochs	3.0
862.1316113384216	0.014723099999969236	epochs	3.0
862.1463344384216	0.02929740000001857	epochs	2.0
862.1463344384216	0.014673399999992398	epochs	3.0
862.1610078384216	0.014624000000026172	epochs	3.0
862.1756318384216	0.029101100000048064	epochs	2.0
862.1756318384216	0.01457489999995687	epochs	3.0
862.1902067384216	0.014526200000091194	epochs	3.0
862.2047329384217	0.028907399999980044	epochs	2.0
862.2047329384217	0.014477699999929428	epochs	3.0
862.2192106384216	0.014429700000050616	epochs	3.0
862.2336403384217	0.028716199999962555	epochs	2.0
862.2336403384217	0.014381800000023759	epochs	3.0
862.2480221384217	0.014334399999938796	epochs	3.0
862.2623565384216	0.028527600000074926	epochs	2.0
862.2623565384216	0.01428720000001249	epochs	3.0
862.2766437384216	0.014240400000062436	epochs	3.0
862.2908841384217	0.028341399999931127	epochs	2.0
862.2908841384217	0.014193799999929979	epochs	3.0
862.3050779384216	0.014147600000001148	epochs	3.0
862.3192255384216	0.028157700000065233	epochs	2.0
862.3192255384216	0.014101699999969242	epochs	3.0
862.3333272384216	0.014056000000095992	epochs	3.0
862.3473832384217	0.027976299999977527	epochs	2.0
862.3473832384217	0.014010599999892293	epochs	3.0
862.3613938384216	0.013965700000085235	epochs	3.0
862.3753595384217	0.02779720000000907	epochs	2.0
862.3753595384217	0.013920799999937117	epochs	3.0
862.3892803384216	0.013876400000071953	epochs	3.0
862.4031567384217	0.027620399999932488	epochs	2.0
862.4031567384217	0.0138321999999107	epochs	3.0
862.4169889384216	0.013788200000021789	epochs	3.0
862.4307771384216	0.027445899999975154	epochs	2.0
862.4307771384216	0.013744599999995444	epochs	3.0
862.4445217384216	0.01370129999997971	epochs	3.0
862.4582230384216	0.0272735000000921	epochs	2.0
862.4582230384216	0.013658200000008947	epochs	3.0
862.4718812384216	0.013615300000083153	epochs	3.0
862.4854965384217	0.027103399999987232	epochs	2.0
862.4854965384217	0.013572799999906238	epochs	3.0
862.4990693384216	0.013530600000080995	epochs	3.0
862.5125999384217	0.02693520000002536	epochs	2.0
862.5125999384217	0.013488400000028378	epochs	3.0
862.5260883384217	0.013446799999996983	epochs	3.0
862.5395351384217	0.026769199999989723	epochs	2.0
862.5395351384217	0.013405199999965589	epochs	3.0
862.5529403384216	0.013364000000024134	epochs	3.0
862.5663043384217	0.026605199999949036	epochs	2.0
862.5663043384217	0.013322899999934634	epochs	3.0
862.5796272384216	0.013282300000014402	epochs	3.0
862.5929095384216	0.026443200000016986	epochs	2.0
862.5929095384216	0.013241699999980483	epochs	3.0
862.6061512384216	0.013201500000036503	epochs	3.0
862.6193527384216	0.0262831999999662	epochs	2.0
862.6193527384216	0.013161500000023807	epochs	3.0
862.6325142384217	0.013121699999942393	epochs	3.0
862.6456359384216	0.02612499999997908	epochs	2.0
862.6456359384216	0.013082100000019636	epochs	3.0
862.6587180384216	0.013042899999959445	epochs	3.0
862.6717609384216	0.025968900000066242	epochs	2.0
862.6717609384216	0.01300390000005791	epochs	3.0
862.6847648384216	0.012965000000008331	epochs	3.0
862.6977298384217	0.025814500000024054	epochs	2.0
862.6977298384217	0.012926399999969362	epochs	3.0
862.7106562384216	0.012888100000054692	epochs	3.0
862.7235443384217	0.025661899999931848	epochs	2.0
862.7235443384217	0.012849899999991976	epochs	3.0
862.7363942384217	0.012811999999939871	epochs	3.0
862.7492062384216	0.025511199999982637	epochs	2.0
862.7492062384216	0.012774400000012065	epochs	3.0
862.7619806384216	0.012736799999970572	epochs	3.0
862.7747174384216	0.025362299999983406	epochs	2.0
862.7747174384216	0.012699700000098346	epochs	3.0
862.7874171384217	0.01266259999988506	epochs	3.0
862.8000797384216	0.025215000000002874	epochs	2.0
862.8000797384216	0.012625800000023446	epochs	3.0
862.8127055384216	0.012589199999979428	epochs	3.0
862.8252947384216	0.024584800000070572	epochs	2.0
862.8491626384216	0.5	epochs	-1.0
862.8498795384216	0.5187200000000303	epochs	1.0
863.3685995384217	0.48119999999994434	epochs	0.0
863.7960000038147	0.04088000000001557	epochs	0.0
863.7960000038147	0.015440399999988585	epochs	1.0
863.8114404038147	0.0099992000000384	epochs	1.0
863.8214396038147	0.015440399999988585	epochs	1.0
863.8368800038147	2.0	epochs	0.0
865.8368800038147	21.999919999999975	epochs	0.0
865.8368800038147	1.0	epochs	1.0
865.8368831038147	0.5	epochs	-1.0
866.3368831038147	19.99928	epochs	-1.0
866.8368800038147	20.0	epochs	1.0
866.8368800038147	4.356753899999944	epochs	-1.0
866.8368800038147	1.9745871999999736	epochs	2.0
866.8368800038147	1.0985621999999466	epochs	3.0
867.9354422038147	0.8760250000000269	epochs	3.0
868.8114672038147	1.3524075000000266	epochs	2.0
868.8114672038147	0.7286354999999958	epochs	3.0
869.5401027038147	0.6237720000000309	epochs	3.0
870.1638747038147	1.029759199999944	epochs	2.0
870.1638747038147	0.5453292999999348	epochs	3.0
870.7092040038146	0.4844299000000092	epochs	3.0
871.1936339038147	0.8317862000000105	epochs	2.0
871.1936339038147	0.4357763000000432	epochs	3.0
871.6294102038147	0.3960098999999673	epochs	3.0
872.0254201038147	0.6977970000000369	epochs	2.0
872.0254201038147	0.3628982000000178	epochs	3.0
872.3883183038147	0.33489880000001904	epochs	3.0
872.7232171038147	0.601045699999986	epochs	2.0
872.7232171038147	0.3109123000000409	epochs	3.0
873.0341294038147	0.29013339999994514	epochs	3.0
873.3242628038147	0.5278859000000011	epochs	2.0
873.3242628038147	0.2719586000000618	epochs	3.0
873.5962214038148	0.25592729999993935	epochs	3.0
873.8521487038147	0.470619299999953	epochs	2.0
873.8521487038147	0.241681299999982	epochs	3.0
874.0938300038147	0.228937999999971	epochs	3.0
874.3227680038146	0.42457040000010693	epochs	2.0
874.3227680038146	0.21747140000002219	epochs	3.0
874.5402394038147	0.20709900000008474	epochs	3.0
874.7473384038148	0.3867353999999068	epochs	2.0
874.7473384038148	0.19767109999997956	epochs	3.0
874.9450095038147	0.18906429999992724	epochs	3.0
875.1340738038147	0.3550953000000163	epochs	2.0
875.1340738038147	0.18117590000008477	epochs	3.0
875.3152497038147	0.17391939999993156	epochs	3.0
875.4891691038147	0.3282431000000088	epochs	2.0
875.4891691038147	0.1672219000000723	epochs	3.0
875.6563910038147	0.16102119999993647	epochs	3.0
875.8174122038147	0.30516799999998057	epochs	2.0
875.8174122038147	0.15526390000002266	epochs	3.0
875.9726761038147	0.1499040999999579	epochs	3.0
876.1225802038147	0.28512530000000424	epochs	2.0
876.1225802038147	0.1449021000000812	epochs	3.0
876.2674823038147	0.14022319999992305	epochs	3.0
876.4077055038147	0.2675537999999733	epochs	2.0
876.4077055038147	0.1358369000000721	epochs	3.0
876.5435424038147	0.13171689999990122	epochs	3.0
876.6752593038146	0.2520229000000427	epochs	2.0
876.6752593038146	0.1278393000000051	epochs	3.0
876.8030986038146	0.12418360000003759	epochs	3.0
876.9272822038147	0.23819649999995818	epochs	2.0
876.9272822038147	0.12073110000005727	epochs	3.0
877.0480133038147	0.11746539999990091	epochs	3.0
877.1654787038146	0.2258088000000953	epochs	2.0
877.1654787038146	0.11437190000003739	epochs	3.0
877.2798506038147	0.1114369000000579	epochs	3.0
877.3912875038147	0.21464599999990241	epochs	2.0
877.3912875038147	0.10864889999993466	epochs	3.0
877.4999364038147	0.10599709999996776	epochs	3.0
877.6059335038146	0.20453500000007807	epochs	2.0
877.6059335038146	0.10347150000006877	epochs	3.0
877.7094050038147	0.1010635000000093	epochs	3.0
877.8104685038147	0.19533400000000256	epochs	2.0
877.8104685038147	0.09876509999992322	epochs	3.0
877.9092336038146	0.09656890000007934	epochs	3.0
878.0058025038147	0.18692529999998442	epochs	2.0
878.0058025038147	0.09446830000001682	epochs	3.0
878.1002708038147	0.09245699999996759	epochs	3.0
878.1927278038147	0.17921069999999872	epochs	2.0
878.1927278038147	0.09052959999996801	epochs	3.0
878.2832574038147	0.08868110000003071	epochs	3.0
878.3719385038147	0.17210769999996955	epochs	2.0
878.3719385038147	0.08690630000000965	epochs	3.0
878.4588448038147	0.0852013999999599	epochs	3.0
878.5440462038147	0.16554640000003928	epochs	2.0
878.5440462038147	0.08356190000006336	epochs	3.0
878.6276081038147	0.08198449999997592	epochs	3.0
878.7095926038147	0.15946710000002895	epochs	2.0
878.7095926038147	0.08046539999998004	epochs	3.0
878.7900580038147	0.07900170000004891	epochs	3.0
878.8690597038147	0.15381839999997737	epochs	2.0
878.8690597038147	0.07759009999995214	epochs	3.0
878.9466498038147	0.07622830000002523	epochs	3.0
879.0228781038147	0.14855639999996129	epochs	2.0
879.0228781038147	0.07491329999993468	epochs	3.0
879.0977914038147	0.0736431000000266	epochs	3.0
879.1714345038147	0.14364239999997608	epochs	2.0
879.1714345038147	0.07241499999997814	epochs	3.0
879.2438495038147	0.07122739999999794	epochs	3.0
879.3150769038147	0.13904310000009446	epochs	2.0
879.3150769038147	0.07007800000008046	epochs	3.0
879.3851549038147	0.06896510000001399	epochs	3.0
879.4541200038148	0.13472929999988992	epochs	2.0
879.4541200038148	0.06788709999989351	epochs	3.0
879.5220071038146	0.06684219999999641	epochs	3.0
879.5888493038146	0.1306752000000415	epochs	2.0
879.5888493038146	0.06582910000008724	epochs	3.0
879.6546784038147	0.06484609999995428	epochs	3.0
879.7195245038147	0.12685780000003888	epochs	2.0
879.7195245038147	0.06389200000000983	epochs	3.0
879.7834165038147	0.06296580000002905	epochs	3.0
879.8463823038147	0.12325720000001184	epochs	2.0
879.8463823038147	0.06206580000002759	epochs	3.0
879.9084481038147	0.06119139999998424	epochs	3.0
879.9696395038147	0.11985540000000583	epochs	2.0
879.9696395038147	0.060341099999959624	epochs	3.0
880.0299806038147	0.059514300000046205	epochs	3.0
880.0894949038147	0.1166361999999026	epochs	2.0
880.0894949038147	0.058709599999929196	epochs	3.0
880.1482045038147	0.057926599999973405	epochs	3.0
880.2061311038146	0.11358560000007856	epochs	2.0
880.2061311038146	0.05716420000010203	epochs	3.0
880.2632953038147	0.05642139999997653	epochs	3.0
880.3197167038147	0.11069049999991876	epochs	2.0
880.3197167038147	0.05569789999992736	epochs	3.0
880.3754146038146	0.0549925999999914	epochs	3.0
880.4304072038146	0.1079391000000669	epochs	2.0
880.4304072038146	0.05430490000003374	epochs	3.0
880.4847121038147	0.05363420000003316	epochs	3.0
880.5383463038147	0.10532149999994544	epochs	2.0
880.5383463038147	0.05297999999993408	epochs	3.0
880.5913263038146	0.052341500000011365	epochs	3.0
880.6436678038147	0.10282760000006874	epochs	2.0
880.6436678038147	0.05171810000001642	epochs	3.0
880.6953859038147	0.05110950000005232	epochs	3.0
880.7464954038147	0.10044909999999163	epochs	2.0
880.7464954038147	0.05051489999993919	epochs	3.0
880.7970103038147	0.04993420000005244	epochs	3.0
880.8469445038147	0.0981782999999723	epochs	2.0
880.8469445038147	0.04936659999998483	epochs	3.0
880.8963111038147	0.04881169999998747	epochs	3.0
880.9451228038147	0.09600780000005216	epochs	2.0
880.9451228038147	0.04826920000004975	epochs	3.0
880.9933920038147	0.04773860000000241	epochs	3.0
881.0411306038147	0.09393119999992905	epochs	2.0
881.0411306038147	0.04721949999998287	epochs	3.0
881.0883501038147	0.04671169999994618	epochs	3.0
881.1350618038147	0.09194260000003851	epochs	2.0
881.1350618038147	0.046214599999984785	epochs	3.0
881.1812764038146	0.045728000000053726	epochs	3.0
881.2270044038147	0.09003629999995155	epochs	2.0
881.2270044038147	0.045251499999949374	epochs	3.0
881.2722559038147	0.04478480000000218	epochs	3.0
881.3170407038147	0.08820760000003247	epochs	2.0
881.3170407038147	0.044327800000019124	epochs	3.0
881.3613685038147	0.04387980000001335	epochs	3.0
881.4052483038147	0.0864516999999978	epochs	2.0
881.4052483038147	0.04344100000002982	epochs	3.0
881.4486893038147	0.04301069999996798	epochs	3.0
881.4917000038147	0.08476429999996071	epochs	2.0
881.4917000038147	0.04258900000002086	epochs	3.0
881.5342890038147	0.04217529999993985	epochs	3.0
881.5764643038146	0.08314150000001064	epochs	2.0
881.5764643038146	0.04176970000003166	epochs	3.0
881.6182340038147	0.041371799999978975	epochs	3.0
881.6596058038147	0.08157970000002024	epochs	2.0
881.6596058038147	0.04098140000007788	epochs	3.0
881.7005872038147	0.040598299999942355	epochs	3.0
881.7411855038147	0.08007550000002084	epochs	2.0
881.7411855038147	0.04022229999998217	epochs	3.0
881.7814078038147	0.03985320000003867	epochs	3.0
881.8212610038147	0.07862569999997504	epochs	2.0
881.8212610038147	0.0394907999999532	epochs	3.0
881.8607518038147	0.039134900000021844	epochs	3.0
881.8998867038147	0.07722760000001472	epochs	2.0
881.8998867038147	0.038785400000051595	epochs	3.0
881.9386721038147	0.03844219999996312	epochs	3.0
881.9771143038147	0.07587820000003376	epochs	2.0
881.9771143038147	0.038104800000041905	epochs	3.0
882.0152191038147	0.03777339999999185	epochs	3.0
882.0529925038147	0.0745752000000266	epochs	2.0
882.0529925038147	0.03744770000002973	epochs	3.0
882.0904402038148	0.03712749999999687	epochs	3.0
882.1275677038147	0.07331629999998768	epochs	2.0
882.1275677038147	0.036812899999972615	epochs	3.0
882.1643806038147	0.03650340000001506	epochs	3.0
882.2008840038147	0.07209899999998015	epochs	2.0
882.2008840038147	0.03619909999997617	epochs	3.0
882.2370831038147	0.03589990000000398	epochs	3.0
882.2729830038147	0.07092169999998532	epochs	2.0
882.2729830038147	0.03560559999993984	epochs	3.0
882.3085886038147	0.03531610000004548	epochs	3.0
882.3439047038147	0.06978200000003199	epochs	2.0
882.3439047038147	0.03503120000004856	epochs	3.0
882.3789359038147	0.03475079999998343	epochs	3.0
882.4136867038147	0.06867859999999837	epochs	2.0
882.4136867038147	0.03447510000000875	epochs	3.0
882.4481618038147	0.03420349999998962	epochs	3.0
882.4823653038147	0.06760929999995824	epochs	2.0
882.4823653038147	0.033936199999970995	epochs	3.0
882.5163015038147	0.033673099999987244	epochs	3.0
882.5499746038147	0.06657289999998284	epochs	2.0
882.5499746038147	0.03341399999999339	epochs	3.0
882.5833886038147	0.033158899999989444	epochs	3.0
882.6165475038147	0.06556780000005347	epochs	2.0
882.6165475038147	0.032907700000009754	epochs	3.0
882.6494552038147	0.03266010000004371	epochs	3.0
882.6821153038147	0.06459259999996902	epochs	2.0
882.6821153038147	0.032416399999988244	epochs	3.0
882.7145317038147	0.03217619999998078	epochs	3.0
882.7467079038147	0.0636459999999488	epochs	2.0
882.7467079038147	0.03193959999998697	epochs	3.0
882.7786475038147	0.03170639999996183	epochs	3.0
882.8103539038146	0.06272670000009839	epochs	2.0
882.8103539038146	0.03147660000001906	epochs	3.0
882.8418305038147	0.03125010000007933	epochs	3.0
882.8730806038147	0.06183359999999993	epochs	2.0
882.8730806038147	0.03102689999991526	epochs	3.0
882.9041075038147	0.030806700000084675	epochs	3.0
882.9349142038147	0.060965599999917686	epochs	2.0
882.9349142038147	0.030589799999916067	epochs	3.0
882.9655040038147	0.030375800000001618	epochs	3.0
882.9958798038147	0.06012160000000222	epochs	2.0
882.9958798038147	0.030164900000045236	epochs	3.0
883.0260447038147	0.02995669999995698	epochs	3.0
883.0560014038147	0.05930069999999432	epochs	2.0
883.0560014038147	0.029751600000054168	epochs	3.0
883.0857530038147	0.029549099999940154	epochs	3.0
883.1153021038147	0.05850180000004457	epochs	2.0
883.1153021038147	0.02934940000000097	epochs	3.0
883.1446515038147	0.0291524000000436	epochs	3.0
883.1738039038147	0.057724200000052406	epochs	2.0
883.1738039038147	0.028957999999988715	epochs	3.0
883.2027619038147	0.02876620000006369	epochs	3.0
883.2315281038148	0.05696709999995164	epochs	2.0
883.2315281038148	0.028576999999927466	epochs	3.0
883.2601051038147	0.028390100000024177	epochs	3.0
883.2884952038147	0.05622949999997218	epochs	2.0
883.2884952038147	0.028205699999944045	epochs	3.0
883.3167009038146	0.028023800000028132	epochs	3.0
883.3447247038147	0.05551070000001346	epochs	2.0
883.3447247038147	0.02784400000007281	epochs	3.0
883.3725687038147	0.027666699999940647	epochs	3.0
883.4002354038147	0.054810200000019904	epochs	2.0
883.4002354038147	0.02749149999999645	epochs	3.0
883.4277269038147	0.027318700000023455	epochs	3.0
883.4550456038147	0.05412699999999404	epochs	2.0
883.4550456038147	0.027147799999966082	epochs	3.0
883.4821934038147	0.02697920000002796	epochs	3.0
883.5091726038147	0.053460699999959616	epochs	2.0
883.5091726038147	0.0268125999999711	epochs	3.0
883.5359852038147	0.026648099999988517	epochs	3.0
883.5626333038147	0.05281070000000909	epochs	2.0
883.5626333038147	0.026485600000000886	epochs	3.0
883.5891189038147	0.026325100000008206	epochs	3.0
883.6154440038147	0.05217620000007628	epochs	2.0
883.6154440038147	0.026166400000079193	epochs	3.0
883.6416104038148	0.026009799999997085	epochs	3.0
883.6676202038147	0.051556699999991906	epochs	2.0
883.6676202038147	0.025854799999933675	epochs	3.0
883.6934750038147	0.02570190000005823	epochs	3.0
883.7191769038147	0.05095189999997274	epochs	2.0
883.7191769038147	0.025550699999939752	epochs	3.0
883.7447276038147	0.025401200000032986	epochs	3.0
883.7701288038147	0.05036099999995258	epochs	2.0
883.7701288038147	0.025253499999962514	epochs	3.0
883.7953823038147	0.02510749999999007	epochs	3.0
883.8204898038147	0.049783800000000156	epochs	2.0
883.8204898038147	0.02496320000000196	epochs	3.0
883.8454530038147	0.024820599999998194	epochs	3.0
883.8702736038147	0.049219500000049266	epochs	2.0
883.8702736038147	0.02467940000008184	epochs	3.0
883.8949530038147	0.024540099999967424	epochs	3.0
883.9194931038147	0.048667899999941255	epochs	2.0
883.9194931038147	0.02440209999997478	epochs	3.0
883.9438952038147	0.024265799999966475	epochs	3.0
883.9681610038147	0.04812860000004093	epochs	2.0
883.9681610038147	0.024131000000011227	epochs	3.0
883.9922920038147	0.023997600000029706	epochs	3.0
884.0162896038147	0.04760109999995166	epochs	2.0
884.0162896038147	0.023865799999953197	epochs	3.0
884.0401554038147	0.02373529999999846	epochs	3.0
884.0638907038146	0.047085000000038235	epochs	2.0
884.0638907038146	0.02360630000009678	epochs	3.0
884.0874970038147	0.023478699999941455	epochs	3.0
884.1109757038147	0.04658000000006268	epochs	2.0
884.1109757038147	0.02335249999998723	epochs	3.0
884.1343282038147	0.02322750000007545	epochs	3.0
884.1575557038148	0.04608569999993506	epochs	2.0
884.1575557038148	0.023103999999989355	epochs	3.0
884.1806597038147	0.022981699999945704	epochs	3.0
884.2036414038147	0.045601799999985815	epochs	2.0
884.2036414038147	0.022860700000023826	epochs	3.0
884.2265021038147	0.02274109999996199	epochs	3.0
884.2492432038147	0.04512790000001132	epochs	2.0
884.2492432038147	0.022622500000011314	epochs	3.0
884.2718657038147	0.02250540000000001	epochs	3.0
884.2943711038147	0.044663799999966614	epochs	2.0
884.2943711038147	0.02238929999998618	epochs	3.0
884.3167604038147	0.022274499999980435	epochs	3.0
884.3390349038146	0.04420920000006845	epochs	2.0
884.3390349038146	0.022160800000051495	epochs	3.0
884.3611957038147	0.022048400000016954	epochs	3.0
884.3832441038147	0.043763600000033875	epochs	2.0
884.3832441038147	0.021936900000014248	epochs	3.0
884.4051810038147	0.021826700000019628	epochs	3.0
884.4270077038148	0.04332709999994222	epochs	2.0
884.4270077038148	0.021717599999988124	epochs	3.0
884.4487253038147	0.021609499999954096	epochs	3.0
884.4703348038147	0.04289900000003399	epochs	2.0
884.4703348038147	0.02150249999999687	epochs	3.0
884.4918373038147	0.021396500000037122	epochs	3.0
884.5132338038147	0.042479500000013104	epochs	2.0
884.5132338038147	0.02129170000000613	epochs	3.0
884.5345255038147	0.021187800000006973	epochs	3.0
884.5557133038147	0.042067900000006375	epochs	2.0
884.5557133038147	0.02108490000000529	epochs	3.0
884.5767982038147	0.020983000000001084	epochs	3.0
884.5977812038147	0.04166439999994509	epochs	2.0
884.5977812038147	0.020882199999959994	epochs	3.0
884.6186634038147	0.020782199999985096	epochs	3.0
884.6394456038147	0.04126850000000104	epochs	2.0
884.6394456038147	0.020683299999973315	epochs	3.0
884.6601289038147	0.020585200000027726	epochs	3.0
884.6807141038147	0.04088000000001557	epochs	2.0
884.6807141038147	0.020488099999965925	epochs	3.0
884.7012022038147	0.020391900000049645	epochs	3.0
884.7215941038147	0.04049880000002304	epochs	2.0
884.7215941038147	0.020296599999937825	epochs	3.0
884.7418907038146	0.020202200000085213	epochs	3.0
884.7620929038147	0.04012460000001283	epochs	2.0
884.7620929038147	0.020108699999923374	epochs	3.0
884.7822016038147	0.02001590000008946	epochs	3.0
884.8022175038147	0.039757299999905626	epochs	2.0
884.8022175038147	0.019924199999991288	epochs	3.0
884.8221417038147	0.01983309999991434	epochs	3.0
884.8419748038147	0.03939669999999751	epochs	2.0
884.8419748038147	0.01974300000006224	epochs	3.0
884.8617178038147	0.01965369999993527	epochs	3.0
884.8813715038146	0.039042400000084854	epochs	2.0
884.8813715038146	0.01956510000002254	epochs	3.0
884.9009366038147	0.019477300000062314	epochs	3.0
884.9204139038147	0.03869459999998526	epochs	2.0
884.9204139038147	0.019390400000020236	epochs	3.0
884.9398043038148	0.01930419999996502	epochs	3.0
884.9591085038147	0.03835289999994984	epochs	2.0
884.9591085038147	0.019218799999976	epochs	3.0
884.9783273038147	0.01913409999997384	epochs	3.0
884.9974614038147	0.03801720000001296	epochs	2.0
884.9974614038147	0.019050200000037876	epochs	3.0
885.0165116038147	0.018966999999975087	epochs	3.0
885.0354786038147	0.037687200000050325	epochs	2.0
885.0354786038147	0.01888450000001285	epochs	3.0
885.0543631038147	0.018802700000037476	epochs	3.0
885.0731658038147	0.03736309999999321	epochs	2.0
885.0731658038147	0.018721700000014607	epochs	3.0
885.0918875038147	0.018641399999978603	epochs	3.0
885.1105289038147	0.03704429999993408	epochs	2.0
885.1105289038147	0.01856159999999818	epochs	3.0
885.1290905038147	0.018482699999935903	epochs	3.0
885.1475732038147	0.0367310000000316	epochs	2.0
885.1475732038147	0.018404300000042895	epochs	3.0
885.1659775038147	0.018326699999988705	epochs	3.0
885.1843042038147	0.036422900000047775	epochs	2.0
885.1843042038147	0.018249599999990096	epochs	3.0
885.2025538038147	0.01817330000005768	epochs	3.0
885.2207271038147	0.03612009999994825	epochs	2.0
885.2207271038147	0.01809759999991911	epochs	3.0
885.2388247038147	0.01802250000002914	epochs	3.0
885.2568472038147	0.03582210000001851	epochs	2.0
885.2568472038147	0.017947899999967376	epochs	3.0
885.2747951038147	0.017874200000051133	epochs	3.0
885.2926693038147	0.03552899999999681	epochs	2.0
885.2926693038147	0.017800800000031813	epochs	3.0
885.3104701038147	0.017728199999965	epochs	3.0
885.3281983038147	0.03524070000003121	epochs	2.0
885.3281983038147	0.017656099999953767	epochs	3.0
885.3458544038147	0.017584600000077444	epochs	3.0
885.3634390038147	0.03495709999992869	epochs	2.0
885.3634390038147	0.01751369999999497	epochs	3.0
885.3809527038147	0.017443399999933717	epochs	3.0
885.3983961038147	0.03467790000001969	epochs	2.0
885.3983961038147	0.017373600000041733	epochs	3.0
885.4157697038147	0.017304299999977957	epochs	3.0
885.4330740038147	0.03440330000000813	epochs	2.0
885.4330740038147	0.01723570000001473	epochs	3.0
885.4503097038147	0.0171675999999934	epochs	3.0
885.4674773038147	0.0341328000000658	epochs	2.0
885.4674773038147	0.017099900000062007	epochs	3.0
885.4845772038148	0.017032900000003792	epochs	3.0
885.5016101038148	0.033866699999975935	epochs	2.0
885.5016101038148	0.01696639999988747	epochs	3.0
885.5185765038146	0.016900300000088464	epochs	3.0
885.5354768038147	0.03360459999998966	epochs	2.0
885.5354768038147	0.01683479999996962	epochs	3.0
885.5523116038147	0.01676980000002004	epochs	3.0
885.5690814038147	0.033346599999958926	epochs	2.0
885.5690814038147	0.016705300000012357	epochs	3.0
885.5857867038147	0.01664129999994657	epochs	3.0
885.6024280038147	0.03309250000006614	epochs	2.0
885.6024280038147	0.016577800000050047	epochs	3.0
885.6190058038147	0.01651470000001609	epochs	3.0
885.6355205038147	0.03284229999997024	epochs	2.0
885.6355205038147	0.01645220000000336	epochs	3.0
885.6519727038147	0.01639009999996688	epochs	3.0
885.6683628038147	0.03259570000000167	epochs	2.0
885.6683628038147	0.016328400000020338	epochs	3.0
885.6846912038147	0.016267299999981333	epochs	3.0
885.7009585038147	0.032352899999978035	epochs	2.0
885.7009585038147	0.016206600000032267	epochs	3.0
885.7171651038148	0.016146299999945768	epochs	3.0
885.7333114038147	0.03211369999996805	epochs	2.0
885.7333114038147	0.016086599999994178	epochs	3.0
885.7493980038147	0.01602709999997387	epochs	3.0
885.7654251038147	0.03187800000000607	epochs	2.0
885.7654251038147	0.015968199999974786	epochs	3.0
885.7813933038146	0.015909800000031282	epochs	3.0
885.7973031038147	0.031645700000012766	epochs	2.0
885.7973031038147	0.01585160000001906	epochs	3.0
885.8131547038147	0.015794099999993705	epochs	3.0
885.8289488038147	0.0314167000000225	epochs	2.0
885.8289488038147	0.015736700000047676	epochs	3.0
885.8446855038147	0.015679999999974825	epochs	3.0
885.8603655038147	0.031191100000000915	epochs	2.0
885.8603655038147	0.015623600000026272	epochs	3.0
885.8759891038147	0.015567499999974643	epochs	3.0
885.8915566038147	0.030968700000016725	epochs	2.0
885.8915566038147	0.015511999999944237	epochs	3.0
885.9070686038147	0.015456700000072487	epochs	3.0
885.9225253038147	0.030749499999956242	epochs	2.0
885.9225253038147	0.015401999999994587	epochs	3.0
885.9379273038147	0.015347499999961656	epochs	3.0
885.9532748038147	0.03053320000003623	epochs	2.0
885.9532748038147	0.015293400000018664	epochs	3.0
885.9685682038147	0.015239800000017567	epochs	3.0
885.9838080038147	0.03032010000003993	epochs	2.0
885.9838080038147	0.015186500000027081	epochs	3.0
885.9989945038147	0.015133600000012848	epochs	3.0
886.0141281038148	0.030109899999956724	epochs	2.0
886.0141281038148	0.015080999999895539	epochs	3.0
886.0292091038147	0.015028900000061185	epochs	3.0
886.0442380038147	0.029902499999934662	epochs	2.0
886.0442380038147	0.01497699999993074	epochs	3.0
886.0592150038146	0.014925500000003922	epochs	3.0
886.0741405038146	0.029698100000018712	epochs	2.0
886.0741405038146	0.014874400000053356	epochs	3.0
886.0890149038147	0.014823699999965356	epochs	3.0
886.1038386038147	0.02949630000000525	epochs	2.0
886.1038386038147	0.014773200000036013	epochs	3.0
886.1186118038147	0.014723099999969236	epochs	3.0
886.1333349038147	0.02929740000001857	epochs	2.0
886.1333349038147	0.014673399999992398	epochs	3.0
886.1480083038147	0.014624000000026172	epochs	3.0
886.1626323038147	0.029101100000048064	epochs	2.0
886.1626323038147	0.01457489999995687	epochs	3.0
886.1772072038146	0.014526200000091194	epochs	3.0
886.1917334038147	0.028907399999980044	epochs	2.0
886.1917334038147	0.014477699999929428	epochs	3.0
886.2062111038147	0.014429700000050616	epochs	3.0
886.2206408038147	0.028716199999962555	epochs	2.0
886.2206408038147	0.014381800000023759	epochs	3.0
886.2350226038147	0.014334399999938796	epochs	3.0
886.2493570038147	0.028527600000074926	epochs	2.0
886.2493570038147	0.01428720000001249	epochs	3.0
886.2636442038147	0.014240400000062436	epochs	3.0
886.2778846038148	0.028341399999931127	epochs	2.0
886.2778846038148	0.014193799999929979	epochs	3.0
886.2920784038147	0.014147600000001148	epochs	3.0
886.3062260038147	0.028157700000065233	epochs	2.0
886.3062260038147	0.014101699999969242	epochs	3.0
886.3203277038147	0.014056000000095992	epochs	3.0
886.3343837038148	0.027976299999977527	epochs	2.0
886.3343837038148	0.014010599999892293	epochs	3.0
886.3483943038146	0.013965700000085235	epochs	3.0
886.3623600038147	0.02779720000000907	epochs	2.0
886.3623600038147	0.013920799999937117	epochs	3.0
886.3762808038147	0.013876400000071953	epochs	3.0
886.3901572038147	0.027620399999932488	epochs	2.0
886.3901572038147	0.0138321999999107	epochs	3.0
886.4039894038146	0.013788200000021789	epochs	3.0
886.4177776038147	0.027445899999975154	epochs	2.0
886.4177776038147	0.013744599999995444	epochs	3.0
886.4315222038147	0.01370129999997971	epochs	3.0
886.4452235038146	0.0272735000000921	epochs	2.0
886.4452235038146	0.013658200000008947	epochs	3.0
886.4588817038147	0.013615300000083153	epochs	3.0
886.4724970038147	0.027103399999987232	epochs	2.0
886.4724970038147	0.013572799999906238	epochs	3.0
886.4860698038146	0.013530600000080995	epochs	3.0
886.4996004038147	0.02693520000002536	epochs	2.0
886.4996004038147	0.013488400000028378	epochs	3.0
886.5130888038148	0.013446799999996983	epochs	3.0
886.5265356038148	0.026769199999989723	epochs	2.0
886.5265356038148	0.013405199999965589	epochs	3.0
886.5399408038147	0.013364000000024134	epochs	3.0
886.5533048038147	0.026605199999949036	epochs	2.0
886.5533048038147	0.013322899999934634	epochs	3.0
886.5666277038147	0.013282300000014402	epochs	3.0
886.5799100038147	0.026443200000016986	epochs	2.0
886.5799100038147	0.013241699999980483	epochs	3.0
886.5931517038147	0.013201500000036503	epochs	3.0
886.6063532038147	0.0262831999999662	epochs	2.0
886.6063532038147	0.013161500000023807	epochs	3.0
886.6195147038147	0.013121699999942393	epochs	3.0
886.6326364038147	0.02612499999997908	epochs	2.0
886.6326364038147	0.013082100000019636	epochs	3.0
886.6457185038147	0.013042899999959445	epochs	3.0
886.6587614038147	0.025968900000066242	epochs	2.0
886.6587614038147	0.01300390000005791	epochs	3.0
886.6717653038147	0.012965000000008331	epochs	3.0
886.6847303038147	0.025814500000024054	epochs	2.0
886.6847303038147	0.012926399999969362	epochs	3.0
886.6976567038147	0.012888100000054692	epochs	3.0
886.7105448038147	0.025661899999931848	epochs	2.0
886.7105448038147	0.012849899999991976	epochs	3.0
886.7233947038147	0.012811999999939871	epochs	3.0
886.7362067038147	0.025511199999982637	epochs	2.0
886.7362067038147	0.012774400000012065	epochs	3.0
886.7489811038147	0.012736799999970572	epochs	3.0
886.7617179038147	0.025362299999983406	epochs	2.0
886.7617179038147	0.012699700000098346	epochs	3.0
886.7744176038148	0.01266259999988506	epochs	3.0
886.7870802038146	0.025215000000002874	epochs	2.0
886.7870802038146	0.012625800000023446	epochs	3.0
886.7997060038147	0.012589199999979428	epochs	3.0
886.8122952038146	0.024584800000070572	epochs	2.0
886.8361631038147	0.5	epochs	-1.0
886.8368800038147	0.9999199999999746	epochs	1.0
887.3361631038147	0.5	epochs	-1.0
888.3239998817444	0.04088000000001557	epochs	0.0
888.3239998817444	0.015440399999988585	epochs	1.0
888.3394402817444	0.0099992000000384	epochs	1.0
888.3494394817444	0.015440399999988585	epochs	1.0
888.3648798817444	2.0	epochs	0.0
890.3648798817444	0.5180000000000291	epochs	0.0
890.3648798817444	0.5180000000000291	epochs	1.0
890.3648829817444	0.5	epochs	-1.0
890.8648829817444	0.017996900000071037	epochs	-1.0
890.8828798817444	21.481919999999946	epochs	0.0
927.1789999008179	0.04088000000001557	epochs	0.0
927.1789999008179	0.015440399999988585	epochs	1.0
927.1944403008179	0.0099992000000384	epochs	1.0
927.2044395008179	0.015440399999988585	epochs	1.0
927.2198799008179	0.2299199999999928	epochs	0.0
927.2198799008179	0.049999999999954525	epochs	1.0
927.2698799008178	0.009999999999990905	epochs	1.0
927.2798799008178	0.05000000000006821	epochs	1.0
927.3298799008179	0.009999999999990905	epochs	1.0
927.3398799008179	0.049999999999954525	epochs	1.0
927.3898799008178	0.009999999999990905	epochs	1.0
927.3998799008178	0.04992000000004282	epochs	1.0
