onset	duration	nwb_table	treelevel
14.95300006866455	0.09999999999999964	epochs	0.0
14.95300006866455	0.04499999999999993	epochs	1.0
14.99800006866455	0.009999999999999787	epochs	1.0
15.00800006866455	0.04499999999999993	epochs	1.0
15.05300006866455	0.7049950000000003	epochs	0.0
15.05300006866455	0.5	epochs	-1.0
15.05300006866455	0.5	epochs	-1.0
15.05300006866455	0.5	epochs	1.0
15.55300006866455	0.0600000000000005	epochs	-1.0
15.55300006866455	0.025000000000000355	epochs	-1.0
15.55300006866455	0.025000000000000355	epochs	1.0
15.57800006866455	0.009999999999999787	epochs	-1.0
15.57800006866455	0.009999999999999787	epochs	1.0
15.58800006866455	0.025000000000000355	epochs	-1.0
15.58800006866455	0.025000000000000355	epochs	1.0
15.613000068664551	0.0600000000000005	epochs	-1.0
15.613000068664551	0.025000000000000355	epochs	-1.0
15.613000068664551	0.025000000000000355	epochs	1.0
15.638000068664551	0.009999999999999787	epochs	-1.0
15.638000068664551	0.009999999999999787	epochs	1.0
15.648000068664551	0.025000000000000355	epochs	-1.0
15.648000068664551	0.025000000000000355	epochs	1.0
15.673000068664551	0.05999999999999872	epochs	-1.0
15.673000068664551	0.02499999999999858	epochs	-1.0
15.673000068664551	0.02499999999999858	epochs	1.0
15.69800006866455	0.010000000000001563	epochs	-1.0
15.69800006866455	0.010000000000001563	epochs	1.0
15.708000068664552	0.02499999999999858	epochs	-1.0
15.708000068664552	0.02499999999999858	epochs	1.0
15.73300006866455	0.024995000000000545	epochs	1.0
565.6989998817444	0.10000000000002274	epochs	0.0
565.6989998817444	0.04499999999995907	epochs	1.0
565.7439998817443	0.009999999999990905	epochs	1.0
565.7539998817443	0.04500000000007276	epochs	1.0
565.7989998817444	0.7049949999999399	epochs	0.0
565.7989998817444	0.5	epochs	-1.0
565.7989998817444	0.5	epochs	1.0
566.2989998817444	0.05999999999994543	epochs	-1.0
566.2989998817444	0.024999999999977263	epochs	-1.0
566.2989998817444	0.024999999999977263	epochs	1.0
566.3239998817444	0.009999999999990905	epochs	-1.0
566.3239998817444	0.009999999999990905	epochs	1.0
566.3339998817444	0.024999999999977263	epochs	-1.0
566.3339998817444	0.024999999999977263	epochs	1.0
566.3589998817444	0.06000000000005912	epochs	-1.0
566.3589998817444	0.024999999999977263	epochs	-1.0
566.3589998817444	0.024999999999977263	epochs	1.0
566.3839998817443	0.010000000000104592	epochs	-1.0
566.3839998817443	0.010000000000104592	epochs	1.0
566.3939998817444	0.024999999999977263	epochs	-1.0
566.3939998817444	0.024999999999977263	epochs	1.0
566.4189998817444	0.05999999999994543	epochs	-1.0
566.4189998817444	0.024999999999977263	epochs	-1.0
566.4189998817444	0.024999999999977263	epochs	1.0
566.4439998817444	0.009999999999990905	epochs	-1.0
566.4439998817444	0.009999999999990905	epochs	1.0
566.4539998817444	0.024999999999977263	epochs	-1.0
566.4539998817444	0.024999999999977263	epochs	1.0
566.4789998817444	0.024994999999989886	epochs	1.0
607.6339998245239	0.10000000000002274	epochs	0.0
607.6339998245239	0.04499999999995907	epochs	1.0
607.6789998245239	0.009999999999990905	epochs	1.0
607.6889998245239	0.04500000000007276	epochs	1.0
607.733999824524	61.384995	epochs	0.0
607.733999824524	0.5	epochs	-1.0
607.733999824524	0.5	epochs	-1.0
607.733999824524	0.5	epochs	1.0
608.233999824524	0.05999999999994543	epochs	-1.0
608.233999824524	0.024999999999977263	epochs	-1.0
608.233999824524	0.024999999999977263	epochs	1.0
608.2589998245239	0.009999999999990905	epochs	-1.0
608.2589998245239	0.009999999999990905	epochs	1.0
608.2689998245239	0.024999999999977263	epochs	-1.0
608.2689998245239	0.024999999999977263	epochs	1.0
608.2939998245239	0.06000000000005912	epochs	-1.0
608.2939998245239	0.024999999999977263	epochs	-1.0
608.2939998245239	0.024999999999977263	epochs	1.0
608.3189998245239	0.010000000000104592	epochs	-1.0
608.3189998245239	0.010000000000104592	epochs	1.0
608.328999824524	0.024999999999977263	epochs	-1.0
608.328999824524	0.024999999999977263	epochs	1.0
608.353999824524	0.05999999999994543	epochs	-1.0
608.353999824524	0.024999999999977263	epochs	-1.0
608.353999824524	0.024999999999977263	epochs	1.0
608.3789998245239	0.009999999999990905	epochs	-1.0
608.3789998245239	0.009999999999990905	epochs	1.0
608.3889998245239	0.024999999999977263	epochs	-1.0
608.3889998245239	0.024999999999977263	epochs	1.0
608.4139998245239	60.0	epochs	1.0
668.4139998245239	0.5	epochs	-1.0
668.4139998245239	0.5	epochs	-1.0
668.4139998245239	0.5	epochs	1.0
668.9139998245239	0.06000000000005912	epochs	-1.0
668.9139998245239	0.024999999999977263	epochs	-1.0
668.9139998245239	0.024999999999977263	epochs	1.0
668.9389998245239	0.010000000000104592	epochs	-1.0
668.9389998245239	0.010000000000104592	epochs	1.0
668.948999824524	0.024999999999977263	epochs	-1.0
668.948999824524	0.024999999999977263	epochs	1.0
668.973999824524	0.05999999999994543	epochs	-1.0
668.973999824524	0.024999999999977263	epochs	-1.0
668.973999824524	0.024999999999977263	epochs	1.0
668.9989998245239	0.009999999999990905	epochs	-1.0
668.9989998245239	0.009999999999990905	epochs	1.0
669.0089998245239	0.024999999999977263	epochs	-1.0
669.0089998245239	0.024999999999977263	epochs	1.0
669.0339998245239	0.06000000000005912	epochs	-1.0
669.0339998245239	0.024999999999977263	epochs	-1.0
669.0339998245239	0.024999999999977263	epochs	1.0
669.0589998245239	0.009999999999990905	epochs	-1.0
669.0589998245239	0.009999999999990905	epochs	1.0
669.0689998245239	0.02500000000009095	epochs	-1.0
669.0689998245239	0.02500000000009095	epochs	1.0
669.093999824524	0.024994999999989886	epochs	1.0
726.5970001220703	0.10000000000002274	epochs	0.0
726.5970001220703	0.04499999999995907	epochs	1.0
726.6420001220703	0.009999999999990905	epochs	1.0
726.6520001220703	0.04500000000007276	epochs	1.0
726.6970001220703	0.7049949999999399	epochs	0.0
726.6970001220703	0.5	epochs	-1.0
726.6970001220703	0.5	epochs	-1.0
726.6970001220703	0.5	epochs	1.0
727.1970001220703	0.05999999999994543	epochs	-1.0
727.1970001220703	0.024999999999977263	epochs	-1.0
727.1970001220703	0.024999999999977263	epochs	1.0
727.2220001220703	0.009999999999990905	epochs	-1.0
727.2220001220703	0.009999999999990905	epochs	1.0
727.2320001220703	0.024999999999977263	epochs	-1.0
727.2320001220703	0.024999999999977263	epochs	1.0
727.2570001220703	0.06000000000005912	epochs	-1.0
727.2570001220703	0.024999999999977263	epochs	-1.0
727.2570001220703	0.024999999999977263	epochs	1.0
727.2820001220703	0.010000000000104592	epochs	-1.0
727.2820001220703	0.010000000000104592	epochs	1.0
727.2920001220704	0.024999999999977263	epochs	-1.0
727.2920001220704	0.024999999999977263	epochs	1.0
727.3170001220703	0.05999999999994543	epochs	-1.0
727.3170001220703	0.024999999999977263	epochs	-1.0
727.3170001220703	0.024999999999977263	epochs	1.0
727.3420001220703	0.009999999999990905	epochs	-1.0
727.3420001220703	0.009999999999990905	epochs	1.0
727.3520001220703	0.024999999999977263	epochs	-1.0
727.3520001220703	0.024999999999977263	epochs	1.0
727.3770001220703	0.024994999999989886	epochs	1.0
755.4559998512268	0.04939999999999145	epochs	0.0
755.4559998512268	0.01970070000004398	epochs	1.0
755.4757005512269	0.00999859999990349	epochs	1.0
755.4856991512268	0.01970070000004398	epochs	1.0
755.5053998512268	5.9999800000000505	epochs	0.0
755.5053998512268	0.5	epochs	1.0
755.5054069512269	0.5	epochs	-1.0
755.5054069512269	0.5	epochs	-1.0
756.0053998512268	5.0	epochs	1.0
761.0053998512268	0.4999800000000505	epochs	1.0
761.0054069512269	0.49997289999998884	epochs	-1.0
766.0370001792908	0.04939999999999145	epochs	0.0
766.0370001792908	0.01970070000004398	epochs	1.0
766.0567008792908	0.00999859999990349	epochs	1.0
766.0666994792907	0.01970070000004398	epochs	1.0
766.0864001792908	2.509800000000041	epochs	0.0
766.0864001792908	0.5	epochs	1.0
766.0864072792908	0.5	epochs	-1.0
766.5864001792908	1.0	epochs	1.0
767.5864001792908	1.009800000000041	epochs	1.0
768.0864072792908	0.5	epochs	-1.0
768.5962001792908	0.9901800000000094	epochs	0.0
768.8470001220703	0.04939999999999145	epochs	0.0
768.8470001220703	0.01970070000004398	epochs	1.0
768.8667008220704	0.00999859999990349	epochs	1.0
768.8766994220703	0.01970070000004398	epochs	1.0
768.8964001220703	2.5107799999999543	epochs	0.0
768.8964001220703	0.5	epochs	1.0
768.8964072220704	0.5	epochs	-1.0
769.3964001220703	1.0	epochs	1.0
770.3964001220703	1.0107799999999543	epochs	1.0
770.8964072220704	0.5	epochs	-1.0
771.4071801220703	0.9892000000000962	epochs	0.0
771.6240000724792	0.04939999999999145	epochs	0.0
771.6240000724792	0.01970070000004398	epochs	1.0
771.6437007724793	0.00999859999990349	epochs	1.0
771.6536993724792	0.01970070000004398	epochs	1.0
771.6734000724792	2.5106799999999794	epochs	0.0
771.6734000724792	0.5	epochs	1.0
771.6734071724793	0.5	epochs	-1.0
772.1734000724792	1.0	epochs	1.0
773.1734000724792	1.0106799999999794	epochs	1.0
773.6734071724793	0.5	epochs	-1.0
774.1840800724792	0.9893000000000711	epochs	0.0
774.4039998054504	0.04939999999999145	epochs	0.0
774.4039998054504	0.01970070000004398	epochs	1.0
774.4237005054505	0.00999859999990349	epochs	1.0
774.4336991054504	0.01970070000004398	epochs	1.0
774.4533998054504	2.51103999999998	epochs	0.0
774.4533998054504	0.5	epochs	1.0
774.4534069054505	0.5	epochs	-1.0
774.9533998054504	1.0	epochs	1.0
775.9533998054504	1.01103999999998	epochs	1.0
776.4534069054505	0.5	epochs	-1.0
776.9644398054504	0.9889400000000705	epochs	0.0
777.2020001411438	0.04939999999999145	epochs	0.0
777.2020001411438	0.01970070000004398	epochs	1.0
777.2217008411438	0.00999859999990349	epochs	1.0
777.2316994411437	0.01970070000004398	epochs	1.0
777.2514001411438	2.5104199999999537	epochs	0.0
777.2514001411438	0.5	epochs	1.0
777.2514072411439	0.5	epochs	-1.0
777.7514001411438	1.0	epochs	1.0
778.7514001411438	1.0104199999999537	epochs	1.0
779.2514072411439	0.5	epochs	-1.0
779.7618201411437	0.9895600000000968	epochs	0.0
780.0110001564026	0.6499800000000278	epochs	0.0
780.0110001564026	0.049999999999954525	epochs	1.0
780.0610001564025	0.5	epochs	1.0
780.5610001564025	0.09998000000007323	epochs	1.0
780.9340000152588	0.6499800000000278	epochs	0.0
780.9340000152588	0.049999999999954525	epochs	1.0
780.9840000152587	0.5	epochs	1.0
781.4840000152587	0.09998000000007323	epochs	1.0
781.8670001029968	0.6499800000000278	epochs	0.0
781.8670001029968	0.049999999999954525	epochs	1.0
781.9170001029968	0.5	epochs	1.0
782.4170001029968	0.09998000000007323	epochs	1.0
782.789999961853	0.6499800000000278	epochs	0.0
782.789999961853	0.049999999999954525	epochs	1.0
782.839999961853	0.5	epochs	1.0
783.339999961853	0.09998000000007323	epochs	1.0
783.7070002555847	0.6499800000000278	epochs	0.0
783.7070002555847	0.049999999999954525	epochs	1.0
783.7570002555847	0.5	epochs	1.0
784.2570002555847	0.09998000000007323	epochs	1.0
784.6490001678467	0.04939999999999145	epochs	0.0
784.6490001678467	0.01970070000004398	epochs	1.0
784.6687008678467	0.00999859999990349	epochs	1.0
784.6786994678466	0.01970070000004398	epochs	1.0
784.6984001678467	2.510539999999992	epochs	0.0
784.6984001678467	0.5	epochs	1.0
784.6984072678467	0.5	epochs	-1.0
785.1984001678467	1.0	epochs	1.0
786.1984001678467	1.0105399999999918	epochs	1.0
786.6984072678467	0.5	epochs	-1.0
787.2089401678467	2.9894400000000587	epochs	0.0
789.9130001068115	0.04939999999999145	epochs	0.0
789.9130001068115	0.01970070000004398	epochs	1.0
789.9327008068116	0.00999859999990349	epochs	1.0
789.9426994068115	0.01970070000004398	epochs	1.0
789.9624001068115	2.51066000000003	epochs	0.0
789.9624001068115	0.5	epochs	1.0
789.9624072068116	0.5	epochs	-1.0
790.4624001068115	1.0	epochs	1.0
791.4624001068115	1.0106600000000299	epochs	1.0
791.9624072068116	0.5	epochs	-1.0
792.4730601068115	2.9893200000000206	epochs	0.0
795.1849999427795	0.04939999999999145	epochs	0.0
795.1849999427795	0.01970070000004398	epochs	1.0
795.2047006427796	0.00999859999990349	epochs	1.0
795.2146992427795	0.01970070000004398	epochs	1.0
795.2343999427795	2.5101600000000417	epochs	0.0
795.2343999427795	0.5	epochs	1.0
795.2344070427796	0.5	epochs	-1.0
795.7343999427795	1.0	epochs	1.0
796.7343999427795	1.0101600000000417	epochs	1.0
797.2344070427796	0.5	epochs	-1.0
797.7445599427796	3.989820000000009	epochs	0.0
798.021999835968	0.04939999999999145	epochs	0.0
798.021999835968	0.01970070000004398	epochs	1.0
798.0417005359681	0.00999859999990349	epochs	1.0
798.051699135968	0.01970070000004398	epochs	1.0
798.071399835968	2.5101600000000417	epochs	0.0
798.071399835968	0.5	epochs	1.0
798.0714069359681	0.5	epochs	-1.0
798.571399835968	1.0	epochs	1.0
799.571399835968	1.0101600000000417	epochs	1.0
800.0714069359681	0.5	epochs	-1.0
800.581559835968	3.989820000000009	epochs	0.0
800.8340001106262	0.04939999999999145	epochs	0.0
800.8340001106262	0.01970070000004398	epochs	1.0
800.8537008106263	0.00999859999990349	epochs	1.0
800.8636994106262	0.01970070000004398	epochs	1.0
800.8834001106262	0.5500799999999799	epochs	0.0
800.8834001106262	0.5	epochs	1.0
800.8834072106263	0.5	epochs	-1.0
801.3834001106262	0.05007999999997992	epochs	1.0
801.4334801106262	5.949900000000071	epochs	0.0
817.1230001449585	0.04939999999999145	epochs	0.0
817.1230001449585	0.01970070000004398	epochs	1.0
817.1427008449585	0.00999859999990349	epochs	1.0
817.1526994449584	0.01970070000004398	epochs	1.0
817.1724001449585	2.511160000000018	epochs	0.0
817.1724001449585	0.5	epochs	1.0
817.1724072449585	0.5	epochs	-1.0
817.6724001449585	1.0	epochs	1.0
818.6724001449585	1.011160000000018	epochs	1.0
819.1724072449585	0.5	epochs	-1.0
819.6835601449585	3.9888200000000325	epochs	0.0
819.9450001716614	0.04939999999999145	epochs	0.0
819.9450001716614	0.01970070000004398	epochs	1.0
819.9647008716614	0.00999859999990349	epochs	1.0
819.9746994716613	0.01970070000004398	epochs	1.0
819.9944001716614	6.4999800000000505	epochs	0.0
819.9944001716614	0.5	epochs	1.0
819.9944072716614	0.5	epochs	-1.0
820.4944001716614	1.0	epochs	1.0
821.4944001716614	4.9999800000000505	epochs	1.0
821.9944072716614	0.5	epochs	-1.0
822.4944072716614	0.5	epochs	-1.0
822.9944072716614	0.5	epochs	-1.0
823.4944072716614	0.5	epochs	-1.0
823.9944072716614	0.5	epochs	-1.0
824.4944072716614	0.5	epochs	-1.0
824.9944072716614	0.5	epochs	-1.0
825.4944072716614	0.5	epochs	-1.0
826.8730001449585	0.04939999999999145	epochs	0.0
826.8730001449585	0.01970070000004398	epochs	1.0
826.8927008449585	0.00999859999990349	epochs	1.0
826.9026994449584	0.01970070000004398	epochs	1.0
826.9224001449585	0.5506000000000313	epochs	0.0
826.9224001449585	0.5	epochs	1.0
826.9224072449585	0.5	epochs	-1.0
827.4224001449585	0.05060000000003129	epochs	1.0
827.4730001449585	5.949380000000019	epochs	0.0
843.0700001716614	0.04939999999999145	epochs	0.0
843.0700001716614	0.01970070000004398	epochs	1.0
843.0897008716614	0.00999859999990349	epochs	1.0
843.0996994716613	0.01970070000004398	epochs	1.0
843.1194001716614	2.5096600000000535	epochs	0.0
843.1194001716614	0.5	epochs	1.0
843.1194072716614	0.5	epochs	-1.0
843.6194001716614	1.0	epochs	1.0
844.6194001716614	1.0096600000000535	epochs	1.0
845.1194072716614	0.5	epochs	-1.0
845.6290601716614	3.990319999999997	epochs	0.0
845.9219999313354	0.04939999999999145	epochs	0.0
845.9219999313354	0.01970070000004398	epochs	1.0
845.9417006313355	0.00999859999990349	epochs	1.0
845.9516992313354	0.01970070000004398	epochs	1.0
845.9713999313354	2.5099199999999655	epochs	0.0
845.9713999313354	0.5	epochs	1.0
845.9714070313355	0.5	epochs	-1.0
846.4713999313354	1.0	epochs	1.0
847.4713999313354	1.0099199999999655	epochs	1.0
847.9714070313355	0.5	epochs	-1.0
848.4813199313354	3.990060000000085	epochs	0.0
848.7769999504089	0.04939999999999145	epochs	0.0
848.7769999504089	0.01970070000004398	epochs	1.0
848.796700650409	0.00999859999990349	epochs	1.0
848.8066992504089	0.01970070000004398	epochs	1.0
848.8263999504089	2.5104199999999537	epochs	0.0
848.8263999504089	0.5	epochs	1.0
848.826407050409	0.5	epochs	-1.0
849.3263999504089	1.0	epochs	1.0
850.3263999504089	1.0104199999999537	epochs	1.0
850.826407050409	0.5	epochs	-1.0
851.3368199504089	3.989560000000097	epochs	0.0
851.6519999504089	0.15297999999995682	epochs	0.0
851.6519999504089	0.049999999999954525	epochs	1.0
851.7019999504089	0.0030000000000427463	epochs	1.0
851.7049999504089	0.09997999999995955	epochs	1.0
852.1160001754761	0.15297999999995682	epochs	0.0
852.1160001754761	0.049999999999954525	epochs	1.0
852.166000175476	0.0030000000000427463	epochs	1.0
852.1690001754761	0.09997999999995955	epochs	1.0
852.566999912262	0.15297999999995682	epochs	0.0
852.566999912262	0.049999999999954525	epochs	1.0
852.6169999122619	0.0030000000000427463	epochs	1.0
852.619999912262	0.09997999999995955	epochs	1.0
853.0390000343323	0.15297999999995682	epochs	0.0
853.0390000343323	0.049999999999954525	epochs	1.0
853.0890000343322	0.0030000000000427463	epochs	1.0
853.0920000343323	0.09997999999995955	epochs	1.0
853.5279998779297	0.15297999999995682	epochs	0.0
853.5279998779297	0.049999999999954525	epochs	1.0
853.5779998779296	0.0030000000000427463	epochs	1.0
853.5809998779297	0.09997999999995955	epochs	1.0
853.9869999885559	0.15297999999995682	epochs	0.0
853.9869999885559	0.049999999999954525	epochs	1.0
854.0369999885559	0.0030000000000427463	epochs	1.0
854.0399999885559	0.09997999999995955	epochs	1.0
854.4689998626709	0.15297999999995682	epochs	0.0
854.4689998626709	0.049999999999954525	epochs	1.0
854.5189998626709	0.0030000000000427463	epochs	1.0
854.5219998626709	0.09997999999995955	epochs	1.0
854.951000213623	0.15297999999995682	epochs	0.0
854.951000213623	0.049999999999954525	epochs	1.0
855.001000213623	0.0030000000000427463	epochs	1.0
855.004000213623	0.09997999999995955	epochs	1.0
855.4210000038147	0.15297999999995682	epochs	0.0
855.4210000038147	0.049999999999954525	epochs	1.0
855.4710000038147	0.0030000000000427463	epochs	1.0
855.4740000038147	0.09997999999995955	epochs	1.0
855.8899998664856	0.15297999999995682	epochs	0.0
855.8899998664856	0.049999999999954525	epochs	1.0
855.9399998664856	0.0030000000000427463	epochs	1.0
855.9429998664856	0.09997999999995955	epochs	1.0
856.3709998130798	0.15297999999995682	epochs	0.0
856.3709998130798	0.049999999999954525	epochs	1.0
856.4209998130798	0.0030000000000427463	epochs	1.0
856.4239998130798	0.09997999999995955	epochs	1.0
856.856999874115	0.15297999999995682	epochs	0.0
856.856999874115	0.049999999999954525	epochs	1.0
856.906999874115	0.0030000000000427463	epochs	1.0
856.909999874115	0.09997999999995955	epochs	1.0
857.3289999961853	0.15297999999995682	epochs	0.0
857.3289999961853	0.049999999999954525	epochs	1.0
857.3789999961853	0.0030000000000427463	epochs	1.0
857.3819999961853	0.09997999999995955	epochs	1.0
857.8420000076294	0.04939999999999145	epochs	0.0
857.8420000076294	0.01970070000004398	epochs	1.0
857.8617007076294	0.00999859999990349	epochs	1.0
857.8716993076293	0.01970070000004398	epochs	1.0
857.8914000076294	1.5103800000000547	epochs	0.0
857.8914000076294	0.5	epochs	1.0
857.8914071076294	0.5	epochs	-1.0
858.3914000076294	0.0030000000000427463	epochs	1.0
858.3944000076294	1.007380000000012	epochs	1.0
858.8944071076294	0.5	epochs	-1.0
859.4017800076294	0.09259999999994761	epochs	0.0
860.191999912262	0.04939999999999145	epochs	0.0
860.191999912262	0.01970070000004398	epochs	1.0
860.211700612262	0.00999859999990349	epochs	1.0
860.2216992122619	0.01970070000004398	epochs	1.0
860.241399912262	1.5501600000000053	epochs	0.0
860.241399912262	0.5	epochs	1.0
860.241407012262	0.5	epochs	-1.0
860.741399912262	0.0030000000000427463	epochs	1.0
860.744399912262	1.0471599999999626	epochs	1.0
861.244407012262	0.5	epochs	-1.0
861.791559912262	0.05281999999999698	epochs	0.0
862.3709998130798	0.04939999999999145	epochs	0.0
862.3709998130798	0.01970070000004398	epochs	1.0
862.3907005130799	0.00999859999990349	epochs	1.0
862.4006991130798	0.01970070000004398	epochs	1.0
862.4203998130798	1.5107600000000048	epochs	0.0
862.4203998130798	0.5	epochs	1.0
862.4204069130799	0.5	epochs	-1.0
862.9203998130798	0.0030000000000427463	epochs	1.0
862.9233998130799	1.007759999999962	epochs	1.0
863.4234069130798	0.5	epochs	-1.0
863.9311598130798	0.09221999999999753	epochs	0.0
864.6380000114441	0.04939999999999145	epochs	0.0
864.6380000114441	0.01970070000004398	epochs	1.0
864.6577007114441	0.00999859999990349	epochs	1.0
864.667699311444	0.01970070000004398	epochs	1.0
864.6874000114441	9.390260000000012	epochs	0.0
864.6874000114441	0.5	epochs	1.0
864.6874071114441	0.5	epochs	-1.0
865.1874000114441	8.890260000000012	epochs	1.0
873.0777000114441	0.9999599999999873	epochs	-1.0
873.0777000114441	0.040319999999951506	epochs	-1.0
873.575187111444	0.5	epochs	-1.0
874.0776600114441	10.109720000000038	epochs	0.0
874.4920001029968	0.04939999999999145	epochs	0.0
874.4920001029968	0.01970070000004398	epochs	1.0
874.5117008029969	0.00999859999990349	epochs	1.0
874.5216994029968	0.01970070000004398	epochs	1.0
874.5414001029968	9.409740000000056	epochs	0.0
874.5414001029968	0.5	epochs	1.0
874.5414072029969	0.5	epochs	-1.0
875.0414001029968	8.909740000000056	epochs	1.0
882.9509401029968	1.0002000000000635	epochs	-1.0
882.9509401029968	0.039679999999975735	epochs	-1.0
883.4484272029969	0.5	epochs	-1.0
883.9511401029969	10.090239999999994	epochs	0.0
884.2660002708435	0.04939999999999145	epochs	0.0
884.2660002708435	0.01970070000004398	epochs	1.0
884.2857009708435	0.00999859999990349	epochs	1.0
884.2956995708435	0.01970070000004398	epochs	1.0
884.3154002708435	9.448999999999955	epochs	0.0
884.3154002708435	0.5	epochs	1.0
884.3154073708436	0.5	epochs	-1.0
884.8154002708435	8.948999999999955	epochs	1.0
892.7657002708435	0.9986999999999853	epochs	-1.0
892.7657002708435	0.03930000000002565	epochs	-1.0
893.2631873708435	0.5	epochs	-1.0
893.7644002708435	10.050980000000095	epochs	0.0
909.8910002708435	0.049359999999978754	epochs	0.0
909.8910002708435	0.019684800000050018	epochs	1.0
909.9106850708436	0.009990399999992405	epochs	1.0
909.9206754708435	0.01968479999993633	epochs	1.0
909.9404402708435	2.0	epochs	0.0
911.9404073708436	0.5	epochs	-1.0
911.9404402708435	21.510400000000004	epochs	0.0
911.9404402708435	1.0	epochs	1.0
912.4404073708436	19.999439999999936	epochs	-1.0
912.9404402708435	20.0	epochs	1.0
912.9404402708435	4.356753899999944	epochs	-1.0
912.9404402708435	1.9745871999999736	epochs	2.0
912.9404402708435	1.0985621999999466	epochs	3.0
914.0390024708435	0.8760250000000269	epochs	3.0
914.9150274708435	1.3524075000000266	epochs	2.0
914.9150274708435	0.7286354999999958	epochs	3.0
915.6436629708435	0.6237720000000309	epochs	3.0
916.2674349708435	1.029759199999944	epochs	2.0
916.2674349708435	0.5453293000000485	epochs	3.0
916.8127642708436	0.4844298999998955	epochs	3.0
917.2971941708435	0.8317862000000105	epochs	2.0
917.2971941708435	0.4357763000000432	epochs	3.0
917.7329704708435	0.3960098999999673	epochs	3.0
918.1289803708435	0.6977970000000369	epochs	2.0
918.1289803708435	0.3628982000000178	epochs	3.0
918.4918785708435	0.33489880000001904	epochs	3.0
918.8267773708435	0.601045699999986	epochs	2.0
918.8267773708435	0.3109123000000409	epochs	3.0
919.1376896708435	0.29013339999994514	epochs	3.0
919.4278230708435	0.5278859000000011	epochs	2.0
919.4278230708435	0.2719586000000618	epochs	3.0
919.6997816708435	0.25592729999993935	epochs	3.0
919.9557089708435	0.4706193000000667	epochs	2.0
919.9557089708435	0.241681299999982	epochs	3.0
920.1973902708435	0.22893800000008468	epochs	3.0
920.4263282708436	0.42457039999999324	epochs	2.0
920.4263282708436	0.2174713999999085	epochs	3.0
920.6437996708435	0.20709900000008474	epochs	3.0
920.8508986708435	0.3867353999999068	epochs	2.0
920.8508986708435	0.19767109999997956	epochs	3.0
921.0485697708435	0.18906429999992724	epochs	3.0
921.2376340708435	0.3550953000000163	epochs	2.0
921.2376340708435	0.18117590000008477	epochs	3.0
921.4188099708435	0.17391939999993156	epochs	3.0
921.5927293708435	0.3282431000000088	epochs	2.0
921.5927293708435	0.1672219000000723	epochs	3.0
921.7599512708435	0.16102119999993647	epochs	3.0
921.9209724708435	0.30516799999998057	epochs	2.0
921.9209724708435	0.15526390000002266	epochs	3.0
922.0762363708435	0.1499040999999579	epochs	3.0
922.2261404708435	0.28512530000000424	epochs	2.0
922.2261404708435	0.1449021000000812	epochs	3.0
922.3710425708435	0.14022319999992305	epochs	3.0
922.5112657708435	0.267553800000087	epochs	2.0
922.5112657708435	0.1358369000000721	epochs	3.0
922.6471026708435	0.1317169000000149	epochs	3.0
922.7788195708436	0.252022899999929	epochs	2.0
922.7788195708436	0.1278393000000051	epochs	3.0
922.9066588708436	0.1241835999999239	epochs	3.0
923.0308424708435	0.23819650000007186	epochs	2.0
923.0308424708435	0.12073110000005727	epochs	3.0
923.1515735708435	0.1174654000000146	epochs	3.0
923.2690389708436	0.2258087999999816	epochs	2.0
923.2690389708436	0.1143718999999237	epochs	3.0
923.3834108708435	0.1114369000000579	epochs	3.0
923.4948477708435	0.2146460000000161	epochs	2.0
923.4948477708435	0.10864889999993466	epochs	3.0
923.6034966708435	0.10599710000008145	epochs	3.0
923.7094937708436	0.20453499999996438	epochs	2.0
923.7094937708436	0.10347149999995509	epochs	3.0
923.8129652708435	0.1010635000000093	epochs	3.0
923.9140287708435	0.19533400000000256	epochs	2.0
923.9140287708435	0.09876510000003691	epochs	3.0
924.0127938708436	0.09656889999996565	epochs	3.0
924.1093627708435	0.18692529999998442	epochs	2.0
924.1093627708435	0.09446830000001682	epochs	3.0
924.2038310708435	0.09245699999996759	epochs	3.0
924.2962880708435	0.17921069999999872	epochs	2.0
924.2962880708435	0.09052959999996801	epochs	3.0
924.3868176708435	0.08868110000003071	epochs	3.0
924.4754987708435	0.17210769999996955	epochs	2.0
924.4754987708435	0.08690630000000965	epochs	3.0
924.5624050708435	0.0852013999999599	epochs	3.0
924.6476064708435	0.16554640000003928	epochs	2.0
924.6476064708435	0.08356190000006336	epochs	3.0
924.7311683708435	0.08198449999997592	epochs	3.0
924.8131528708435	0.15946710000002895	epochs	2.0
924.8131528708435	0.08046539999998004	epochs	3.0
924.8936182708435	0.07900170000004891	epochs	3.0
924.9726199708435	0.15381839999997737	epochs	2.0
924.9726199708435	0.07759009999995214	epochs	3.0
925.0502100708435	0.07622830000002523	epochs	3.0
925.1264383708435	0.14855639999996129	epochs	2.0
925.1264383708435	0.07491329999993468	epochs	3.0
925.2013516708435	0.0736431000000266	epochs	3.0
925.2749947708435	0.14364239999997608	epochs	2.0
925.2749947708435	0.07241499999997814	epochs	3.0
925.3474097708435	0.07122739999999794	epochs	3.0
925.4186371708435	0.13904310000009446	epochs	2.0
925.4186371708435	0.07007800000008046	epochs	3.0
925.4887151708435	0.06896510000001399	epochs	3.0
925.5576802708435	0.1347293000000036	epochs	2.0
925.5576802708435	0.0678871000000072	epochs	3.0
925.6255673708436	0.06684219999999641	epochs	3.0
925.6924095708436	0.13067519999992783	epochs	2.0
925.6924095708436	0.06582909999997355	epochs	3.0
925.7582386708435	0.06484609999995428	epochs	3.0
925.8230847708435	0.12685780000003888	epochs	2.0
925.8230847708435	0.06389200000000983	epochs	3.0
925.8869767708435	0.06296580000002905	epochs	3.0
925.9499425708435	0.12325720000001184	epochs	2.0
925.9499425708435	0.06206580000002759	epochs	3.0
926.0120083708435	0.06119139999998424	epochs	3.0
926.0731997708435	0.11985540000000583	epochs	2.0
926.0731997708435	0.060341099999959624	epochs	3.0
926.1335408708435	0.059514300000046205	epochs	3.0
926.1930551708435	0.11663620000001629	epochs	2.0
926.1930551708435	0.058709599999929196	epochs	3.0
926.2517647708435	0.05792660000008709	epochs	3.0
926.3096913708436	0.11358559999996487	epochs	2.0
926.3096913708436	0.05716419999998834	epochs	3.0
926.3668555708435	0.05642139999997653	epochs	3.0
926.4232769708435	0.11069050000003244	epochs	2.0
926.4232769708435	0.055697900000041045	epochs	3.0
926.4789748708436	0.0549925999999914	epochs	3.0
926.5339674708435	0.10793909999995321	epochs	2.0
926.5339674708435	0.05430489999992005	epochs	3.0
926.5882723708435	0.05363420000003316	epochs	3.0
926.6419065708435	0.10532149999994544	epochs	2.0
926.6419065708435	0.05298000000004777	epochs	3.0
926.6948865708436	0.05234149999989768	epochs	3.0
926.7472280708434	0.10282760000006874	epochs	2.0
926.7472280708434	0.05171810000001642	epochs	3.0
926.7989461708435	0.05110950000005232	epochs	3.0
926.8500556708435	0.10044909999999163	epochs	2.0
926.8500556708435	0.05051489999993919	epochs	3.0
926.9005705708435	0.04993420000005244	epochs	3.0
926.9505047708435	0.0981782999999723	epochs	2.0
926.9505047708435	0.04936659999998483	epochs	3.0
926.9998713708435	0.04881169999998747	epochs	3.0
927.0486830708435	0.09600780000005216	epochs	2.0
927.0486830708435	0.04826920000004975	epochs	3.0
927.0969522708435	0.04773860000000241	epochs	3.0
927.1446908708435	0.09393119999992905	epochs	2.0
927.1446908708435	0.04721949999998287	epochs	3.0
927.1919103708435	0.04671169999994618	epochs	3.0
927.2386220708435	0.09194260000003851	epochs	2.0
927.2386220708435	0.04621460000009847	epochs	3.0
927.2848366708436	0.04572799999994004	epochs	3.0
927.3305646708435	0.09003629999995155	epochs	2.0
927.3305646708435	0.04525150000006306	epochs	3.0
927.3758161708436	0.04478479999988849	epochs	3.0
927.4206009708435	0.08820760000003247	epochs	2.0
927.4206009708435	0.044327800000019124	epochs	3.0
927.4649287708435	0.04387980000001335	epochs	3.0
927.5088085708435	0.0864516999999978	epochs	2.0
927.5088085708435	0.04344100000002982	epochs	3.0
927.5522495708435	0.04301069999996798	epochs	3.0
927.5952602708435	0.0847643000000744	epochs	2.0
927.5952602708435	0.04258900000002086	epochs	3.0
927.6378492708435	0.04217530000005354	epochs	3.0
927.6800245708436	0.08314149999989695	epochs	2.0
927.6800245708436	0.041769699999917975	epochs	3.0
927.7217942708435	0.041371799999978975	epochs	3.0
927.7631660708435	0.08157970000002024	epochs	2.0
927.7631660708435	0.04098140000007788	epochs	3.0
927.8041474708435	0.040598299999942355	epochs	3.0
927.8447457708435	0.08007550000002084	epochs	2.0
927.8447457708435	0.04022229999998217	epochs	3.0
927.8849680708435	0.03985320000003867	epochs	3.0
927.9248212708435	0.07862569999997504	epochs	2.0
927.9248212708435	0.039490800000066884	epochs	3.0
927.9643120708436	0.03913489999990816	epochs	3.0
928.0034469708435	0.07722760000001472	epochs	2.0
928.0034469708435	0.038785400000051595	epochs	3.0
928.0422323708435	0.03844219999996312	epochs	3.0
928.0806745708435	0.07587820000003376	epochs	2.0
928.0806745708435	0.038104800000041905	epochs	3.0
928.1187793708435	0.03777339999999185	epochs	3.0
928.1565527708435	0.0745752000000266	epochs	2.0
928.1565527708435	0.03744770000002973	epochs	3.0
928.1940004708435	0.03712749999999687	epochs	3.0
928.2311279708435	0.07331629999998768	epochs	2.0
928.2311279708435	0.036812899999972615	epochs	3.0
928.2679408708435	0.03650340000001506	epochs	3.0
928.3044442708435	0.07209899999998015	epochs	2.0
928.3044442708435	0.03619909999997617	epochs	3.0
928.3406433708435	0.03589990000000398	epochs	3.0
928.3765432708435	0.07092169999998532	epochs	2.0
928.3765432708435	0.03560559999993984	epochs	3.0
928.4121488708435	0.03531610000004548	epochs	3.0
928.4474649708435	0.06978200000003199	epochs	2.0
928.4474649708435	0.03503120000004856	epochs	3.0
928.4824961708435	0.03475079999998343	epochs	3.0
928.5172469708435	0.06867859999999837	epochs	2.0
928.5172469708435	0.03447510000000875	epochs	3.0
928.5517220708435	0.03420349999998962	epochs	3.0
928.5859255708435	0.06760929999995824	epochs	2.0
928.5859255708435	0.033936199999970995	epochs	3.0
928.6198617708435	0.033673099999987244	epochs	3.0
928.6535348708435	0.06657289999998284	epochs	2.0
928.6535348708435	0.03341399999999339	epochs	3.0
928.6869488708435	0.033158899999989444	epochs	3.0
928.7201077708435	0.06556780000005347	epochs	2.0
928.7201077708435	0.032907700000009754	epochs	3.0
928.7530154708435	0.03266010000004371	epochs	3.0
928.7856755708435	0.06459259999996902	epochs	2.0
928.7856755708435	0.032416399999988244	epochs	3.0
928.8180919708435	0.03217619999998078	epochs	3.0
928.8502681708435	0.06364600000006249	epochs	2.0
928.8502681708435	0.03193959999998697	epochs	3.0
928.8822077708435	0.03170640000007552	epochs	3.0
928.9139141708436	0.0627266999999847	epochs	2.0
928.9139141708436	0.031476599999905375	epochs	3.0
928.9453907708435	0.03125010000007933	epochs	3.0
928.9766408708435	0.06183359999999993	epochs	2.0
928.9766408708435	0.03102689999991526	epochs	3.0
929.0076677708435	0.030806700000084675	epochs	3.0
929.0384744708435	0.060965599999917686	epochs	2.0
929.0384744708435	0.030589799999916067	epochs	3.0
929.0690642708435	0.030375800000001618	epochs	3.0
929.0994400708435	0.06012160000000222	epochs	2.0
929.0994400708435	0.030164900000045236	epochs	3.0
929.1296049708435	0.02995669999995698	epochs	3.0
929.1595616708435	0.05930069999999432	epochs	2.0
929.1595616708435	0.029751600000054168	epochs	3.0
929.1893132708435	0.029549099999940154	epochs	3.0
929.2188623708435	0.05850180000004457	epochs	2.0
929.2188623708435	0.02934940000000097	epochs	3.0
929.2482117708435	0.0291524000000436	epochs	3.0
929.2773641708435	0.057724200000052406	epochs	2.0
929.2773641708435	0.028957999999988715	epochs	3.0
929.3063221708435	0.02876620000006369	epochs	3.0
929.3350883708436	0.05696709999995164	epochs	2.0
929.3350883708436	0.028576999999927466	epochs	3.0
929.3636653708435	0.028390100000024177	epochs	3.0
929.3920554708435	0.05622949999997218	epochs	2.0
929.3920554708435	0.028205700000057732	epochs	3.0
929.4202611708436	0.028023799999914445	epochs	3.0
929.4482849708435	0.05551070000001346	epochs	2.0
929.4482849708435	0.02784400000007281	epochs	3.0
929.4761289708435	0.027666699999940647	epochs	3.0
929.5037956708435	0.054810200000019904	epochs	2.0
929.5037956708435	0.02749149999999645	epochs	3.0
929.5312871708435	0.027318700000023455	epochs	3.0
929.5586058708435	0.05412699999999404	epochs	2.0
929.5586058708435	0.027147799999966082	epochs	3.0
929.5857536708435	0.02697920000002796	epochs	3.0
929.6127328708435	0.053460699999959616	epochs	2.0
929.6127328708435	0.0268125999999711	epochs	3.0
929.6395454708435	0.026648099999988517	epochs	3.0
929.6661935708435	0.05281070000000909	epochs	2.0
929.6661935708435	0.026485600000000886	epochs	3.0
929.6926791708435	0.026325100000008206	epochs	3.0
929.7190042708435	0.05217620000007628	epochs	2.0
929.7190042708435	0.026166400000079193	epochs	3.0
929.7451706708435	0.026009799999997085	epochs	3.0
929.7711804708435	0.051556699999991906	epochs	2.0
929.7711804708435	0.025854799999933675	epochs	3.0
929.7970352708435	0.02570190000005823	epochs	3.0
929.8227371708435	0.05095189999997274	epochs	2.0
929.8227371708435	0.025550699999939752	epochs	3.0
929.8482878708435	0.025401200000032986	epochs	3.0
929.8736890708435	0.05036099999995258	epochs	2.0
929.8736890708435	0.025253499999962514	epochs	3.0
929.8989425708435	0.02510749999999007	epochs	3.0
929.9240500708435	0.049783800000000156	epochs	2.0
929.9240500708435	0.02496320000000196	epochs	3.0
929.9490132708435	0.024820599999998194	epochs	3.0
929.9738338708435	0.049219500000049266	epochs	2.0
929.9738338708435	0.02467940000008184	epochs	3.0
929.9985132708435	0.024540099999967424	epochs	3.0
930.0230533708435	0.048667899999941255	epochs	2.0
930.0230533708435	0.02440209999997478	epochs	3.0
930.0474554708435	0.024265799999966475	epochs	3.0
930.0717212708435	0.04812860000004093	epochs	2.0
930.0717212708435	0.024131000000011227	epochs	3.0
930.0958522708435	0.023997600000029706	epochs	3.0
930.1198498708435	0.047601100000065344	epochs	2.0
930.1198498708435	0.023865799999953197	epochs	3.0
930.1437156708434	0.023735300000112147	epochs	3.0
930.1674509708436	0.04708499999992455	epochs	2.0
930.1674509708436	0.023606299999983094	epochs	3.0
930.1910572708435	0.023478699999941455	epochs	3.0
930.2145359708435	0.04658000000006268	epochs	2.0
930.2145359708435	0.02335249999998723	epochs	3.0
930.2378884708435	0.02322750000007545	epochs	3.0
930.2611159708435	0.04608569999993506	epochs	2.0
930.2611159708435	0.023103999999989355	epochs	3.0
930.2842199708435	0.022981699999945704	epochs	3.0
930.3072016708435	0.045601799999985815	epochs	2.0
930.3072016708435	0.022860700000023826	epochs	3.0
930.3300623708435	0.02274109999996199	epochs	3.0
930.3528034708435	0.04512790000001132	epochs	2.0
930.3528034708435	0.022622500000011314	epochs	3.0
930.3754259708435	0.02250540000000001	epochs	3.0
930.3979313708435	0.0446638000000803	epochs	2.0
930.3979313708435	0.02238929999998618	epochs	3.0
930.4203206708435	0.022274500000094122	epochs	3.0
930.4425951708436	0.04420919999995476	epochs	2.0
930.4425951708436	0.022160799999937808	epochs	3.0
930.4647559708435	0.022048400000016954	epochs	3.0
930.4868043708435	0.043763600000033875	epochs	2.0
930.4868043708435	0.021936900000014248	epochs	3.0
930.5087412708435	0.021826700000019628	epochs	3.0
930.5305679708435	0.04332709999994222	epochs	2.0
930.5305679708435	0.021717599999988124	epochs	3.0
930.5522855708435	0.021609499999954096	epochs	3.0
930.5738950708435	0.04289900000003399	epochs	2.0
930.5738950708435	0.02150249999999687	epochs	3.0
930.5953975708435	0.021396500000037122	epochs	3.0
930.6167940708435	0.042479500000013104	epochs	2.0
930.6167940708435	0.02129170000000613	epochs	3.0
930.6380857708435	0.021187800000006973	epochs	3.0
930.6592735708435	0.042067900000006375	epochs	2.0
930.6592735708435	0.02108490000000529	epochs	3.0
930.6803584708435	0.020983000000001084	epochs	3.0
930.7013414708435	0.04166439999994509	epochs	2.0
930.7013414708435	0.020882199999959994	epochs	3.0
930.7222236708435	0.020782199999985096	epochs	3.0
930.7430058708435	0.04126850000000104	epochs	2.0
930.7430058708435	0.020683299999973315	epochs	3.0
930.7636891708435	0.020585200000027726	epochs	3.0
930.7842743708435	0.04088000000001557	epochs	2.0
930.7842743708435	0.020488099999965925	epochs	3.0
930.8047624708435	0.020391900000049645	epochs	3.0
930.8251543708435	0.04049880000002304	epochs	2.0
930.8251543708435	0.020296600000051512	epochs	3.0
930.8454509708436	0.020202199999971526	epochs	3.0
930.8656531708435	0.04012460000001283	epochs	2.0
930.8656531708435	0.020108699999923374	epochs	3.0
930.8857618708435	0.02001590000008946	epochs	3.0
930.9057777708435	0.03975730000001931	epochs	2.0
930.9057777708435	0.019924199999991288	epochs	3.0
930.9257019708435	0.019833100000028026	epochs	3.0
930.9455350708436	0.03939669999999751	epochs	2.0
930.9455350708436	0.01974299999994855	epochs	3.0
930.9652780708435	0.019653700000048957	epochs	3.0
930.9849317708436	0.03904239999997117	epochs	2.0
930.9849317708436	0.019565099999908853	epochs	3.0
931.0044968708435	0.019477300000062314	epochs	3.0
931.0239741708435	0.03869459999998526	epochs	2.0
931.0239741708435	0.019390400000020236	epochs	3.0
931.0433645708436	0.01930419999996502	epochs	3.0
931.0626687708435	0.03835289999994984	epochs	2.0
931.0626687708435	0.019218799999976	epochs	3.0
931.0818875708435	0.01913409999997384	epochs	3.0
931.1010216708435	0.03801720000001296	epochs	2.0
931.1010216708435	0.019050200000037876	epochs	3.0
931.1200718708435	0.018966999999975087	epochs	3.0
931.1390388708435	0.037687200000050325	epochs	2.0
931.1390388708435	0.01888450000001285	epochs	3.0
931.1579233708435	0.018802700000037476	epochs	3.0
931.1767260708435	0.03736309999999321	epochs	2.0
931.1767260708435	0.018721700000014607	epochs	3.0
931.1954477708435	0.018641399999978603	epochs	3.0
931.2140891708435	0.03704429999993408	epochs	2.0
931.2140891708435	0.01856159999999818	epochs	3.0
931.2326507708435	0.018482699999935903	epochs	3.0
931.2511334708435	0.0367310000000316	epochs	2.0
931.2511334708435	0.018404300000042895	epochs	3.0
931.2695377708435	0.018326699999988705	epochs	3.0
931.2878644708435	0.036422900000047775	epochs	2.0
931.2878644708435	0.018249599999990096	epochs	3.0
931.3061140708435	0.01817330000005768	epochs	3.0
931.3242873708435	0.03612009999994825	epochs	2.0
931.3242873708435	0.01809759999991911	epochs	3.0
931.3423849708435	0.01802250000002914	epochs	3.0
931.3604074708435	0.03582210000001851	epochs	2.0
931.3604074708435	0.017947899999967376	epochs	3.0
931.3783553708435	0.017874200000051133	epochs	3.0
931.3962295708435	0.03552899999999681	epochs	2.0
931.3962295708435	0.017800800000031813	epochs	3.0
931.4140303708435	0.017728199999965	epochs	3.0
931.4317585708435	0.03524070000003121	epochs	2.0
931.4317585708435	0.017656099999953767	epochs	3.0
931.4494146708435	0.017584600000077444	epochs	3.0
931.4669992708435	0.03495709999992869	epochs	2.0
931.4669992708435	0.01751369999999497	epochs	3.0
931.4845129708435	0.017443399999933717	epochs	3.0
931.5019563708435	0.03467790000001969	epochs	2.0
931.5019563708435	0.017373600000041733	epochs	3.0
931.5193299708435	0.017304299999977957	epochs	3.0
931.5366342708435	0.03440330000000813	epochs	2.0
931.5366342708435	0.01723570000001473	epochs	3.0
931.5538699708435	0.0171675999999934	epochs	3.0
931.5710375708435	0.0341328000000658	epochs	2.0
931.5710375708435	0.017099900000062007	epochs	3.0
931.5881374708435	0.017032900000003792	epochs	3.0
931.6051703708436	0.033866699999975935	epochs	2.0
931.6051703708436	0.01696640000000116	epochs	3.0
931.6221367708436	0.016900299999974777	epochs	3.0
931.6390370708435	0.03360459999998966	epochs	2.0
931.6390370708435	0.01683479999996962	epochs	3.0
931.6558718708435	0.01676980000002004	epochs	3.0
931.6726416708435	0.033346599999958926	epochs	2.0
931.6726416708435	0.016705300000012357	epochs	3.0
931.6893469708435	0.01664129999994657	epochs	3.0
931.7059882708435	0.03309250000006614	epochs	2.0
931.7059882708435	0.016577800000050047	epochs	3.0
931.7225660708435	0.01651470000001609	epochs	3.0
931.7390807708435	0.03284229999997024	epochs	2.0
931.7390807708435	0.01645220000000336	epochs	3.0
931.7555329708435	0.01639009999996688	epochs	3.0
931.7719230708435	0.03259570000000167	epochs	2.0
931.7719230708435	0.016328400000020338	epochs	3.0
931.7882514708435	0.016267299999981333	epochs	3.0
931.8045187708435	0.032352899999978035	epochs	2.0
931.8045187708435	0.016206600000032267	epochs	3.0
931.8207253708435	0.016146299999945768	epochs	3.0
931.8368716708435	0.03211369999996805	epochs	2.0
931.8368716708435	0.016086599999994178	epochs	3.0
931.8529582708435	0.01602709999997387	epochs	3.0
931.8689853708435	0.03187800000000607	epochs	2.0
931.8689853708435	0.015968200000088473	epochs	3.0
931.8849535708435	0.015909799999917595	epochs	3.0
931.9008633708435	0.031645700000012766	epochs	2.0
931.9008633708435	0.01585160000001906	epochs	3.0
931.9167149708435	0.015794099999993705	epochs	3.0
931.9325090708435	0.0314167000000225	epochs	2.0
931.9325090708435	0.015736700000047676	epochs	3.0
931.9482457708435	0.015679999999974825	epochs	3.0
931.9639257708435	0.031191100000000915	epochs	2.0
931.9639257708435	0.015623600000026272	epochs	3.0
931.9795493708435	0.015567499999974643	epochs	3.0
931.9951168708435	0.030968700000016725	epochs	2.0
931.9951168708435	0.015511999999944237	epochs	3.0
932.0106288708434	0.015456700000072487	epochs	3.0
932.0260855708435	0.030749499999956242	epochs	2.0
932.0260855708435	0.015401999999994587	epochs	3.0
932.0414875708435	0.015347499999961656	epochs	3.0
932.0568350708435	0.03053320000003623	epochs	2.0
932.0568350708435	0.015293400000018664	epochs	3.0
932.0721284708435	0.015239800000017567	epochs	3.0
932.0873682708435	0.03032010000003993	epochs	2.0
932.0873682708435	0.015186500000027081	epochs	3.0
932.1025547708435	0.015133600000012848	epochs	3.0
932.1176883708436	0.030109899999956724	epochs	2.0
932.1176883708436	0.015081000000009226	epochs	3.0
932.1327693708436	0.015028899999947498	epochs	3.0
932.1477982708435	0.02990250000004835	epochs	2.0
932.1477982708435	0.014977000000044427	epochs	3.0
932.1627752708436	0.014925500000003922	epochs	3.0
932.1777007708436	0.029698099999905025	epochs	2.0
932.1777007708436	0.01487439999993967	epochs	3.0
932.1925751708435	0.014823699999965356	epochs	3.0
932.2073988708435	0.02949630000000525	epochs	2.0
932.2073988708435	0.014773200000036013	epochs	3.0
932.2221720708435	0.014723099999969236	epochs	3.0
932.2368951708435	0.02929740000001857	epochs	2.0
932.2368951708435	0.014673399999992398	epochs	3.0
932.2515685708435	0.014624000000026172	epochs	3.0
932.2661925708435	0.029101100000048064	epochs	2.0
932.2661925708435	0.014574900000070556	epochs	3.0
932.2807674708436	0.014526199999977507	epochs	3.0
932.2952936708435	0.028907399999980044	epochs	2.0
932.2952936708435	0.014477699999929428	epochs	3.0
932.3097713708435	0.014429700000050616	epochs	3.0
932.3242010708435	0.028716199999962555	epochs	2.0
932.3242010708435	0.014381800000023759	epochs	3.0
932.3385828708435	0.014334399999938796	epochs	3.0
932.3529172708435	0.028527600000074926	epochs	2.0
932.3529172708435	0.01428720000001249	epochs	3.0
932.3672044708435	0.014240400000062436	epochs	3.0
932.3814448708436	0.028341399999931127	epochs	2.0
932.3814448708436	0.014193799999929979	epochs	3.0
932.3956386708435	0.014147600000001148	epochs	3.0
932.4097862708435	0.028157700000065233	epochs	2.0
932.4097862708435	0.014101699999969242	epochs	3.0
932.4238879708435	0.014056000000095992	epochs	3.0
932.4379439708435	0.027976299999977527	epochs	2.0
932.4379439708435	0.01401060000000598	epochs	3.0
932.4519545708436	0.013965699999971548	epochs	3.0
932.4659202708435	0.02779720000000907	epochs	2.0
932.4659202708435	0.013920799999937117	epochs	3.0
932.4798410708435	0.013876400000071953	epochs	3.0
932.4937174708435	0.027620399999932488	epochs	2.0
932.4937174708435	0.013832200000024386	epochs	3.0
932.5075496708436	0.013788199999908102	epochs	3.0
932.5213378708435	0.02744590000008884	epochs	2.0
932.5213378708435	0.013744599999995444	epochs	3.0
932.5350824708435	0.013701300000093397	epochs	3.0
932.5487837708436	0.027273499999978412	epochs	2.0
932.5487837708436	0.01365819999989526	epochs	3.0
932.5624419708435	0.013615300000083153	epochs	3.0
932.5760572708435	0.027103399999987232	epochs	2.0
932.5760572708435	0.013572800000019924	epochs	3.0
932.5896300708436	0.013530599999967308	epochs	3.0
932.6031606708435	0.02693520000002536	epochs	2.0
932.6031606708435	0.013488400000028378	epochs	3.0
932.6166490708436	0.013446799999996983	epochs	3.0
932.6300958708435	0.026769199999989723	epochs	2.0
932.6300958708435	0.013405199999965589	epochs	3.0
932.6435010708435	0.013364000000024134	epochs	3.0
932.6568650708435	0.026605199999949036	epochs	2.0
932.6568650708435	0.013322899999934634	epochs	3.0
932.6701879708435	0.013282300000014402	epochs	3.0
932.6834702708435	0.026443200000016986	epochs	2.0
932.6834702708435	0.013241699999980483	epochs	3.0
932.6967119708435	0.013201500000036503	epochs	3.0
932.7099134708435	0.0262831999999662	epochs	2.0
932.7099134708435	0.013161500000023807	epochs	3.0
932.7230749708435	0.013121699999942393	epochs	3.0
932.7361966708435	0.02612499999997908	epochs	2.0
932.7361966708435	0.013082100000019636	epochs	3.0
932.7492787708435	0.013042899999959445	epochs	3.0
932.7623216708434	0.025968900000066242	epochs	2.0
932.7623216708434	0.01300390000005791	epochs	3.0
932.7753255708435	0.012965000000008331	epochs	3.0
932.7882905708435	0.025814500000024054	epochs	2.0
932.7882905708435	0.012926399999969362	epochs	3.0
932.8012169708435	0.012888100000054692	epochs	3.0
932.8141050708435	0.025661899999931848	epochs	2.0
932.8141050708435	0.012849899999991976	epochs	3.0
932.8269549708435	0.012811999999939871	epochs	3.0
932.8397669708435	0.025511199999982637	epochs	2.0
932.8397669708435	0.012774400000012065	epochs	3.0
932.8525413708435	0.012736799999970572	epochs	3.0
932.8652781708435	0.025362300000097093	epochs	2.0
932.8652781708435	0.012699700000098346	epochs	3.0
932.8779778708436	0.012662599999998747	epochs	3.0
932.8906404708436	0.025215000000002874	epochs	2.0
932.8906404708436	0.01262579999990976	epochs	3.0
932.9032662708435	0.012589200000093115	epochs	3.0
932.9158554708436	0.024584799999956886	epochs	2.0
932.9398473708435	0.5	epochs	-1.0
932.9404402708435	0.5104000000000042	epochs	1.0
933.4508402708435	0.4895199999999704	epochs	0.0
933.9079999923706	0.049359999999978754	epochs	0.0
933.9079999923706	0.019684800000050018	epochs	1.0
933.9276847923707	0.009990399999992405	epochs	1.0
933.9376751923706	0.01968479999993633	epochs	1.0
933.9574399923706	2.0	epochs	0.0
935.9574070923707	0.5	epochs	-1.0
935.9574399923706	21.50976000000003	epochs	0.0
935.9574399923706	1.0	epochs	1.0
936.4574070923707	19.999439999999936	epochs	-1.0
936.9574399923706	20.0	epochs	1.0
936.9574399923706	4.356753899999944	epochs	-1.0
936.9574399923706	1.9745871999999736	epochs	2.0
936.9574399923706	1.0985621999999466	epochs	3.0
938.0560021923706	0.8760250000000269	epochs	3.0
938.9320271923706	1.3524075000000266	epochs	2.0
938.9320271923706	0.7286354999999958	epochs	3.0
939.6606626923706	0.6237720000000309	epochs	3.0
940.2844346923706	1.029759199999944	epochs	2.0
940.2844346923706	0.5453293000000485	epochs	3.0
940.8297639923707	0.4844298999998955	epochs	3.0
941.3141938923706	0.8317862000000105	epochs	2.0
941.3141938923706	0.4357763000000432	epochs	3.0
941.7499701923706	0.3960098999999673	epochs	3.0
942.1459800923706	0.6977970000000369	epochs	2.0
942.1459800923706	0.3628982000000178	epochs	3.0
942.5088782923706	0.33489880000001904	epochs	3.0
942.8437770923706	0.601045699999986	epochs	2.0
942.8437770923706	0.3109123000000409	epochs	3.0
943.1546893923706	0.29013339999994514	epochs	3.0
943.4448227923706	0.5278859000000011	epochs	2.0
943.4448227923706	0.2719586000000618	epochs	3.0
943.7167813923706	0.25592729999993935	epochs	3.0
943.9727086923706	0.4706193000000667	epochs	2.0
943.9727086923706	0.241681299999982	epochs	3.0
944.2143899923706	0.22893800000008468	epochs	3.0
944.4433279923707	0.42457039999999324	epochs	2.0
944.4433279923707	0.2174713999999085	epochs	3.0
944.6607993923706	0.20709900000008474	epochs	3.0
944.8678983923706	0.3867353999999068	epochs	2.0
944.8678983923706	0.19767109999997956	epochs	3.0
945.0655694923706	0.18906429999992724	epochs	3.0
945.2546337923706	0.3550953000000163	epochs	2.0
945.2546337923706	0.18117590000008477	epochs	3.0
945.4358096923706	0.17391939999993156	epochs	3.0
945.6097290923706	0.3282431000000088	epochs	2.0
945.6097290923706	0.1672219000000723	epochs	3.0
945.7769509923706	0.16102119999993647	epochs	3.0
945.9379721923706	0.30516799999998057	epochs	2.0
945.9379721923706	0.15526390000002266	epochs	3.0
946.0932360923706	0.1499040999999579	epochs	3.0
946.2431401923706	0.28512530000000424	epochs	2.0
946.2431401923706	0.1449021000000812	epochs	3.0
946.3880422923706	0.14022319999992305	epochs	3.0
946.5282654923706	0.267553800000087	epochs	2.0
946.5282654923706	0.1358369000000721	epochs	3.0
946.6641023923706	0.1317169000000149	epochs	3.0
946.7958192923707	0.252022899999929	epochs	2.0
946.7958192923707	0.1278393000000051	epochs	3.0
946.9236585923707	0.1241835999999239	epochs	3.0
947.0478421923706	0.23819650000007186	epochs	2.0
947.0478421923706	0.12073110000005727	epochs	3.0
947.1685732923706	0.1174654000000146	epochs	3.0
947.2860386923707	0.2258087999999816	epochs	2.0
947.2860386923707	0.1143718999999237	epochs	3.0
947.4004105923706	0.1114369000000579	epochs	3.0
947.5118474923706	0.2146460000000161	epochs	2.0
947.5118474923706	0.10864889999993466	epochs	3.0
947.6204963923706	0.10599710000008145	epochs	3.0
947.7264934923707	0.20453499999996438	epochs	2.0
947.7264934923707	0.10347149999995509	epochs	3.0
947.8299649923706	0.1010635000000093	epochs	3.0
947.9310284923706	0.19533400000000256	epochs	2.0
947.9310284923706	0.09876510000003691	epochs	3.0
948.0297935923707	0.09656889999996565	epochs	3.0
948.1263624923706	0.18692529999998442	epochs	2.0
948.1263624923706	0.09446830000001682	epochs	3.0
948.2208307923706	0.09245699999996759	epochs	3.0
948.3132877923706	0.17921069999999872	epochs	2.0
948.3132877923706	0.09052959999996801	epochs	3.0
948.4038173923706	0.08868110000003071	epochs	3.0
948.4924984923706	0.17210769999996955	epochs	2.0
948.4924984923706	0.08690630000000965	epochs	3.0
948.5794047923706	0.0852013999999599	epochs	3.0
948.6646061923706	0.16554640000003928	epochs	2.0
948.6646061923706	0.08356190000006336	epochs	3.0
948.7481680923706	0.08198449999997592	epochs	3.0
948.8301525923706	0.15946710000002895	epochs	2.0
948.8301525923706	0.08046539999998004	epochs	3.0
948.9106179923706	0.07900170000004891	epochs	3.0
948.9896196923706	0.15381839999997737	epochs	2.0
948.9896196923706	0.07759009999995214	epochs	3.0
949.0672097923706	0.07622830000002523	epochs	3.0
949.1434380923706	0.14855639999996129	epochs	2.0
949.1434380923706	0.07491329999993468	epochs	3.0
949.2183513923706	0.0736431000000266	epochs	3.0
949.2919944923706	0.14364239999997608	epochs	2.0
949.2919944923706	0.07241499999997814	epochs	3.0
949.3644094923706	0.07122739999999794	epochs	3.0
949.4356368923706	0.13904310000009446	epochs	2.0
949.4356368923706	0.07007800000008046	epochs	3.0
949.5057148923706	0.06896510000001399	epochs	3.0
949.5746799923706	0.1347293000000036	epochs	2.0
949.5746799923706	0.0678871000000072	epochs	3.0
949.6425670923707	0.06684219999999641	epochs	3.0
949.7094092923707	0.13067519999992783	epochs	2.0
949.7094092923707	0.06582909999997355	epochs	3.0
949.7752383923706	0.06484609999995428	epochs	3.0
949.8400844923706	0.12685780000003888	epochs	2.0
949.8400844923706	0.06389200000000983	epochs	3.0
949.9039764923706	0.06296580000002905	epochs	3.0
949.9669422923706	0.12325720000001184	epochs	2.0
949.9669422923706	0.06206580000002759	epochs	3.0
950.0290080923706	0.06119139999998424	epochs	3.0
950.0901994923706	0.11985540000000583	epochs	2.0
950.0901994923706	0.060341099999959624	epochs	3.0
950.1505405923706	0.059514300000046205	epochs	3.0
950.2100548923706	0.11663620000001629	epochs	2.0
950.2100548923706	0.058709599999929196	epochs	3.0
950.2687644923706	0.05792660000008709	epochs	3.0
950.3266910923707	0.11358559999996487	epochs	2.0
950.3266910923707	0.05716419999998834	epochs	3.0
950.3838552923706	0.05642139999997653	epochs	3.0
950.4402766923706	0.11069050000003244	epochs	2.0
950.4402766923706	0.055697900000041045	epochs	3.0
950.4959745923707	0.0549925999999914	epochs	3.0
950.5509671923706	0.10793909999995321	epochs	2.0
950.5509671923706	0.05430489999992005	epochs	3.0
950.6052720923706	0.05363420000003316	epochs	3.0
950.6589062923706	0.10532149999994544	epochs	2.0
950.6589062923706	0.05298000000004777	epochs	3.0
950.7118862923707	0.05234149999989768	epochs	3.0
950.7642277923705	0.10282760000006874	epochs	2.0
950.7642277923705	0.05171810000001642	epochs	3.0
950.8159458923706	0.05110950000005232	epochs	3.0
950.8670553923706	0.10044909999999163	epochs	2.0
950.8670553923706	0.05051489999993919	epochs	3.0
950.9175702923706	0.04993420000005244	epochs	3.0
950.9675044923706	0.0981782999999723	epochs	2.0
950.9675044923706	0.04936659999998483	epochs	3.0
951.0168710923706	0.04881169999998747	epochs	3.0
951.0656827923706	0.09600780000005216	epochs	2.0
951.0656827923706	0.04826920000004975	epochs	3.0
951.1139519923706	0.04773860000000241	epochs	3.0
951.1616905923706	0.09393119999992905	epochs	2.0
951.1616905923706	0.04721949999998287	epochs	3.0
951.2089100923706	0.04671169999994618	epochs	3.0
951.2556217923706	0.09194260000003851	epochs	2.0
951.2556217923706	0.04621460000009847	epochs	3.0
951.3018363923707	0.04572799999994004	epochs	3.0
951.3475643923706	0.09003629999995155	epochs	2.0
951.3475643923706	0.04525150000006306	epochs	3.0
951.3928158923707	0.04478479999988849	epochs	3.0
951.4376006923706	0.08820760000003247	epochs	2.0
951.4376006923706	0.044327800000019124	epochs	3.0
951.4819284923706	0.04387980000001335	epochs	3.0
951.5258082923706	0.0864516999999978	epochs	2.0
951.5258082923706	0.04344100000002982	epochs	3.0
951.5692492923706	0.04301069999996798	epochs	3.0
951.6122599923706	0.0847643000000744	epochs	2.0
951.6122599923706	0.04258900000002086	epochs	3.0
951.6548489923706	0.04217530000005354	epochs	3.0
951.6970242923707	0.08314149999989695	epochs	2.0
951.6970242923707	0.041769699999917975	epochs	3.0
951.7387939923706	0.041371799999978975	epochs	3.0
951.7801657923706	0.08157970000002024	epochs	2.0
951.7801657923706	0.04098140000007788	epochs	3.0
951.8211471923706	0.040598299999942355	epochs	3.0
951.8617454923706	0.08007550000002084	epochs	2.0
951.8617454923706	0.04022229999998217	epochs	3.0
951.9019677923706	0.03985320000003867	epochs	3.0
951.9418209923706	0.07862569999997504	epochs	2.0
951.9418209923706	0.039490800000066884	epochs	3.0
951.9813117923707	0.03913489999990816	epochs	3.0
952.0204466923706	0.07722760000001472	epochs	2.0
952.0204466923706	0.038785400000051595	epochs	3.0
952.0592320923706	0.03844219999996312	epochs	3.0
952.0976742923706	0.07587820000003376	epochs	2.0
952.0976742923706	0.038104800000041905	epochs	3.0
952.1357790923706	0.03777339999999185	epochs	3.0
952.1735524923706	0.0745752000000266	epochs	2.0
952.1735524923706	0.03744770000002973	epochs	3.0
952.2110001923706	0.03712749999999687	epochs	3.0
952.2481276923706	0.07331629999998768	epochs	2.0
952.2481276923706	0.036812899999972615	epochs	3.0
952.2849405923706	0.03650340000001506	epochs	3.0
952.3214439923706	0.07209899999998015	epochs	2.0
952.3214439923706	0.03619909999997617	epochs	3.0
952.3576430923706	0.03589990000000398	epochs	3.0
952.3935429923706	0.07092169999998532	epochs	2.0
952.3935429923706	0.03560559999993984	epochs	3.0
952.4291485923706	0.03531610000004548	epochs	3.0
952.4644646923706	0.06978200000003199	epochs	2.0
952.4644646923706	0.03503120000004856	epochs	3.0
952.4994958923706	0.03475079999998343	epochs	3.0
952.5342466923706	0.06867859999999837	epochs	2.0
952.5342466923706	0.03447510000000875	epochs	3.0
952.5687217923706	0.03420349999998962	epochs	3.0
952.6029252923706	0.06760929999995824	epochs	2.0
952.6029252923706	0.033936199999970995	epochs	3.0
952.6368614923706	0.033673099999987244	epochs	3.0
952.6705345923706	0.06657289999998284	epochs	2.0
952.6705345923706	0.03341399999999339	epochs	3.0
952.7039485923706	0.033158899999989444	epochs	3.0
952.7371074923706	0.06556780000005347	epochs	2.0
952.7371074923706	0.032907700000009754	epochs	3.0
952.7700151923706	0.03266010000004371	epochs	3.0
952.8026752923706	0.06459259999996902	epochs	2.0
952.8026752923706	0.032416399999988244	epochs	3.0
952.8350916923706	0.03217619999998078	epochs	3.0
952.8672678923706	0.06364600000006249	epochs	2.0
952.8672678923706	0.03193959999998697	epochs	3.0
952.8992074923706	0.03170640000007552	epochs	3.0
952.9309138923707	0.0627266999999847	epochs	2.0
952.9309138923707	0.031476599999905375	epochs	3.0
952.9623904923706	0.03125010000007933	epochs	3.0
952.9936405923706	0.06183359999999993	epochs	2.0
952.9936405923706	0.03102689999991526	epochs	3.0
953.0246674923706	0.030806700000084675	epochs	3.0
953.0554741923706	0.060965599999917686	epochs	2.0
953.0554741923706	0.030589799999916067	epochs	3.0
953.0860639923706	0.030375800000001618	epochs	3.0
953.1164397923706	0.06012160000000222	epochs	2.0
953.1164397923706	0.030164900000045236	epochs	3.0
953.1466046923706	0.02995669999995698	epochs	3.0
953.1765613923706	0.05930069999999432	epochs	2.0
953.1765613923706	0.029751600000054168	epochs	3.0
953.2063129923706	0.029549099999940154	epochs	3.0
953.2358620923706	0.05850180000004457	epochs	2.0
953.2358620923706	0.02934940000000097	epochs	3.0
953.2652114923706	0.0291524000000436	epochs	3.0
953.2943638923706	0.057724200000052406	epochs	2.0
953.2943638923706	0.028957999999988715	epochs	3.0
953.3233218923706	0.02876620000006369	epochs	3.0
953.3520880923706	0.05696709999995164	epochs	2.0
953.3520880923706	0.028576999999927466	epochs	3.0
953.3806650923706	0.028390100000024177	epochs	3.0
953.4090551923706	0.05622949999997218	epochs	2.0
953.4090551923706	0.028205700000057732	epochs	3.0
953.4372608923707	0.028023799999914445	epochs	3.0
953.4652846923706	0.05551070000001346	epochs	2.0
953.4652846923706	0.02784400000007281	epochs	3.0
953.4931286923706	0.027666699999940647	epochs	3.0
953.5207953923706	0.054810200000019904	epochs	2.0
953.5207953923706	0.02749149999999645	epochs	3.0
953.5482868923706	0.027318700000023455	epochs	3.0
953.5756055923706	0.05412699999999404	epochs	2.0
953.5756055923706	0.027147799999966082	epochs	3.0
953.6027533923706	0.02697920000002796	epochs	3.0
953.6297325923706	0.053460699999959616	epochs	2.0
953.6297325923706	0.0268125999999711	epochs	3.0
953.6565451923706	0.026648099999988517	epochs	3.0
953.6831932923706	0.05281070000000909	epochs	2.0
953.6831932923706	0.026485600000000886	epochs	3.0
953.7096788923706	0.026325100000008206	epochs	3.0
953.7360039923706	0.05217620000007628	epochs	2.0
953.7360039923706	0.026166400000079193	epochs	3.0
953.7621703923706	0.026009799999997085	epochs	3.0
953.7881801923706	0.051556699999991906	epochs	2.0
953.7881801923706	0.025854799999933675	epochs	3.0
953.8140349923706	0.02570190000005823	epochs	3.0
953.8397368923706	0.05095189999997274	epochs	2.0
953.8397368923706	0.025550699999939752	epochs	3.0
953.8652875923706	0.025401200000032986	epochs	3.0
953.8906887923706	0.05036099999995258	epochs	2.0
953.8906887923706	0.025253499999962514	epochs	3.0
953.9159422923706	0.02510749999999007	epochs	3.0
953.9410497923706	0.049783800000000156	epochs	2.0
953.9410497923706	0.02496320000000196	epochs	3.0
953.9660129923706	0.024820599999998194	epochs	3.0
953.9908335923706	0.049219500000049266	epochs	2.0
953.9908335923706	0.02467940000008184	epochs	3.0
954.0155129923706	0.024540099999967424	epochs	3.0
954.0400530923706	0.048667899999941255	epochs	2.0
954.0400530923706	0.02440209999997478	epochs	3.0
954.0644551923706	0.024265799999966475	epochs	3.0
954.0887209923706	0.04812860000004093	epochs	2.0
954.0887209923706	0.024131000000011227	epochs	3.0
954.1128519923706	0.023997600000029706	epochs	3.0
954.1368495923706	0.047601100000065344	epochs	2.0
954.1368495923706	0.023865799999953197	epochs	3.0
954.1607153923705	0.023735300000112147	epochs	3.0
954.1844506923707	0.04708499999992455	epochs	2.0
954.1844506923707	0.023606299999983094	epochs	3.0
954.2080569923706	0.023478699999941455	epochs	3.0
954.2315356923706	0.04658000000006268	epochs	2.0
954.2315356923706	0.02335249999998723	epochs	3.0
954.2548881923706	0.02322750000007545	epochs	3.0
954.2781156923706	0.04608569999993506	epochs	2.0
954.2781156923706	0.023103999999989355	epochs	3.0
954.3012196923706	0.022981699999945704	epochs	3.0
954.3242013923706	0.045601799999985815	epochs	2.0
954.3242013923706	0.022860700000023826	epochs	3.0
954.3470620923706	0.02274109999996199	epochs	3.0
954.3698031923706	0.04512790000001132	epochs	2.0
954.3698031923706	0.022622500000011314	epochs	3.0
954.3924256923706	0.02250540000000001	epochs	3.0
954.4149310923706	0.0446638000000803	epochs	2.0
954.4149310923706	0.02238929999998618	epochs	3.0
954.4373203923706	0.022274500000094122	epochs	3.0
954.4595948923707	0.04420919999995476	epochs	2.0
954.4595948923707	0.022160799999937808	epochs	3.0
954.4817556923706	0.022048400000016954	epochs	3.0
954.5038040923706	0.043763600000033875	epochs	2.0
954.5038040923706	0.021936900000014248	epochs	3.0
954.5257409923706	0.021826700000019628	epochs	3.0
954.5475676923706	0.04332709999994222	epochs	2.0
954.5475676923706	0.021717599999988124	epochs	3.0
954.5692852923706	0.021609499999954096	epochs	3.0
954.5908947923706	0.04289900000003399	epochs	2.0
954.5908947923706	0.02150249999999687	epochs	3.0
954.6123972923706	0.021396500000037122	epochs	3.0
954.6337937923706	0.042479500000013104	epochs	2.0
954.6337937923706	0.02129170000000613	epochs	3.0
954.6550854923706	0.021187800000006973	epochs	3.0
954.6762732923706	0.042067900000006375	epochs	2.0
954.6762732923706	0.02108490000000529	epochs	3.0
954.6973581923706	0.020983000000001084	epochs	3.0
954.7183411923706	0.04166439999994509	epochs	2.0
954.7183411923706	0.020882199999959994	epochs	3.0
954.7392233923706	0.020782199999985096	epochs	3.0
954.7600055923706	0.04126850000000104	epochs	2.0
954.7600055923706	0.020683299999973315	epochs	3.0
954.7806888923706	0.020585200000027726	epochs	3.0
954.8012740923706	0.04088000000001557	epochs	2.0
954.8012740923706	0.020488099999965925	epochs	3.0
954.8217621923706	0.020391900000049645	epochs	3.0
954.8421540923706	0.04049880000002304	epochs	2.0
954.8421540923706	0.020296600000051512	epochs	3.0
954.8624506923707	0.020202199999971526	epochs	3.0
954.8826528923706	0.04012460000001283	epochs	2.0
954.8826528923706	0.020108699999923374	epochs	3.0
954.9027615923706	0.02001590000008946	epochs	3.0
954.9227774923706	0.03975730000001931	epochs	2.0
954.9227774923706	0.019924199999991288	epochs	3.0
954.9427016923706	0.019833100000028026	epochs	3.0
954.9625347923707	0.03939669999999751	epochs	2.0
954.9625347923707	0.01974299999994855	epochs	3.0
954.9822777923706	0.019653700000048957	epochs	3.0
955.0019314923707	0.03904239999997117	epochs	2.0
955.0019314923707	0.019565099999908853	epochs	3.0
955.0214965923706	0.019477300000062314	epochs	3.0
955.0409738923706	0.03869459999998526	epochs	2.0
955.0409738923706	0.019390400000020236	epochs	3.0
955.0603642923707	0.01930419999996502	epochs	3.0
955.0796684923706	0.03835289999994984	epochs	2.0
955.0796684923706	0.019218799999976	epochs	3.0
955.0988872923706	0.01913409999997384	epochs	3.0
955.1180213923706	0.03801720000001296	epochs	2.0
955.1180213923706	0.019050200000037876	epochs	3.0
955.1370715923706	0.018966999999975087	epochs	3.0
955.1560385923706	0.037687200000050325	epochs	2.0
955.1560385923706	0.01888450000001285	epochs	3.0
955.1749230923706	0.018802700000037476	epochs	3.0
955.1937257923706	0.03736309999999321	epochs	2.0
955.1937257923706	0.018721700000014607	epochs	3.0
955.2124474923706	0.018641399999978603	epochs	3.0
955.2310888923706	0.03704429999993408	epochs	2.0
955.2310888923706	0.01856159999999818	epochs	3.0
955.2496504923706	0.018482699999935903	epochs	3.0
955.2681331923706	0.0367310000000316	epochs	2.0
955.2681331923706	0.018404300000042895	epochs	3.0
955.2865374923706	0.018326699999988705	epochs	3.0
955.3048641923706	0.036422900000047775	epochs	2.0
955.3048641923706	0.018249599999990096	epochs	3.0
955.3231137923706	0.01817330000005768	epochs	3.0
955.3412870923706	0.03612009999994825	epochs	2.0
955.3412870923706	0.01809759999991911	epochs	3.0
955.3593846923706	0.01802250000002914	epochs	3.0
955.3774071923706	0.03582210000001851	epochs	2.0
955.3774071923706	0.017947899999967376	epochs	3.0
955.3953550923706	0.017874200000051133	epochs	3.0
955.4132292923706	0.03552899999999681	epochs	2.0
955.4132292923706	0.017800800000031813	epochs	3.0
955.4310300923706	0.017728199999965	epochs	3.0
955.4487582923706	0.03524070000003121	epochs	2.0
955.4487582923706	0.017656099999953767	epochs	3.0
955.4664143923706	0.017584600000077444	epochs	3.0
955.4839989923706	0.03495709999992869	epochs	2.0
955.4839989923706	0.01751369999999497	epochs	3.0
955.5015126923706	0.017443399999933717	epochs	3.0
955.5189560923706	0.03467790000001969	epochs	2.0
955.5189560923706	0.017373600000041733	epochs	3.0
955.5363296923706	0.017304299999977957	epochs	3.0
955.5536339923706	0.03440330000000813	epochs	2.0
955.5536339923706	0.01723570000001473	epochs	3.0
955.5708696923706	0.0171675999999934	epochs	3.0
955.5880372923706	0.0341328000000658	epochs	2.0
955.5880372923706	0.017099900000062007	epochs	3.0
955.6051371923706	0.017032900000003792	epochs	3.0
955.6221700923707	0.033866699999975935	epochs	2.0
955.6221700923707	0.01696640000000116	epochs	3.0
955.6391364923707	0.016900299999974777	epochs	3.0
955.6560367923706	0.03360459999998966	epochs	2.0
955.6560367923706	0.01683479999996962	epochs	3.0
955.6728715923706	0.01676980000002004	epochs	3.0
955.6896413923706	0.033346599999958926	epochs	2.0
955.6896413923706	0.016705300000012357	epochs	3.0
955.7063466923706	0.01664129999994657	epochs	3.0
955.7229879923706	0.03309250000006614	epochs	2.0
955.7229879923706	0.016577800000050047	epochs	3.0
955.7395657923706	0.01651470000001609	epochs	3.0
955.7560804923706	0.03284229999997024	epochs	2.0
955.7560804923706	0.01645220000000336	epochs	3.0
955.7725326923706	0.01639009999996688	epochs	3.0
955.7889227923706	0.03259570000000167	epochs	2.0
955.7889227923706	0.016328400000020338	epochs	3.0
955.8052511923706	0.016267299999981333	epochs	3.0
955.8215184923706	0.032352899999978035	epochs	2.0
955.8215184923706	0.016206600000032267	epochs	3.0
955.8377250923706	0.016146299999945768	epochs	3.0
955.8538713923706	0.03211369999996805	epochs	2.0
955.8538713923706	0.016086599999994178	epochs	3.0
955.8699579923706	0.01602709999997387	epochs	3.0
955.8859850923706	0.03187800000000607	epochs	2.0
955.8859850923706	0.015968200000088473	epochs	3.0
955.9019532923706	0.015909799999917595	epochs	3.0
955.9178630923706	0.031645700000012766	epochs	2.0
955.9178630923706	0.01585160000001906	epochs	3.0
955.9337146923706	0.015794099999993705	epochs	3.0
955.9495087923706	0.0314167000000225	epochs	2.0
955.9495087923706	0.015736700000047676	epochs	3.0
955.9652454923706	0.015679999999974825	epochs	3.0
955.9809254923706	0.031191100000000915	epochs	2.0
955.9809254923706	0.015623600000026272	epochs	3.0
955.9965490923706	0.015567499999974643	epochs	3.0
956.0121165923706	0.030968700000016725	epochs	2.0
956.0121165923706	0.015511999999944237	epochs	3.0
956.0276285923705	0.015456700000072487	epochs	3.0
956.0430852923706	0.030749499999956242	epochs	2.0
956.0430852923706	0.015401999999994587	epochs	3.0
956.0584872923706	0.015347499999961656	epochs	3.0
956.0738347923706	0.03053320000003623	epochs	2.0
956.0738347923706	0.015293400000018664	epochs	3.0
956.0891281923706	0.015239800000017567	epochs	3.0
956.1043679923706	0.03032010000003993	epochs	2.0
956.1043679923706	0.015186500000027081	epochs	3.0
956.1195544923706	0.015133600000012848	epochs	3.0
956.1346880923707	0.030109899999956724	epochs	2.0
956.1346880923707	0.015081000000009226	epochs	3.0
956.1497690923707	0.015028899999947498	epochs	3.0
956.1647979923706	0.02990250000004835	epochs	2.0
956.1647979923706	0.014977000000044427	epochs	3.0
956.1797749923707	0.014925500000003922	epochs	3.0
956.1947004923707	0.029698099999905025	epochs	2.0
956.1947004923707	0.01487439999993967	epochs	3.0
956.2095748923706	0.014823699999965356	epochs	3.0
956.2243985923706	0.02949630000000525	epochs	2.0
956.2243985923706	0.014773200000036013	epochs	3.0
956.2391717923706	0.014723099999969236	epochs	3.0
956.2538948923706	0.02929740000001857	epochs	2.0
956.2538948923706	0.014673399999992398	epochs	3.0
956.2685682923706	0.014624000000026172	epochs	3.0
956.2831922923706	0.029101100000048064	epochs	2.0
956.2831922923706	0.014574900000070556	epochs	3.0
956.2977671923707	0.014526199999977507	epochs	3.0
956.3122933923706	0.028907399999980044	epochs	2.0
956.3122933923706	0.014477699999929428	epochs	3.0
956.3267710923706	0.014429700000050616	epochs	3.0
956.3412007923706	0.028716199999962555	epochs	2.0
956.3412007923706	0.014381800000023759	epochs	3.0
956.3555825923706	0.014334399999938796	epochs	3.0
956.3699169923706	0.028527600000074926	epochs	2.0
956.3699169923706	0.01428720000001249	epochs	3.0
956.3842041923706	0.014240400000062436	epochs	3.0
956.3984445923707	0.028341399999931127	epochs	2.0
956.3984445923707	0.014193799999929979	epochs	3.0
956.4126383923706	0.014147600000001148	epochs	3.0
956.4267859923706	0.028157700000065233	epochs	2.0
956.4267859923706	0.014101699999969242	epochs	3.0
956.4408876923706	0.014056000000095992	epochs	3.0
956.4549436923706	0.027976299999977527	epochs	2.0
956.4549436923706	0.01401060000000598	epochs	3.0
956.4689542923707	0.013965699999971548	epochs	3.0
956.4829199923706	0.02779720000000907	epochs	2.0
956.4829199923706	0.013920799999937117	epochs	3.0
956.4968407923706	0.013876400000071953	epochs	3.0
956.5107171923706	0.027620399999932488	epochs	2.0
956.5107171923706	0.013832200000024386	epochs	3.0
956.5245493923707	0.013788199999908102	epochs	3.0
956.5383375923706	0.02744590000008884	epochs	2.0
956.5383375923706	0.013744599999995444	epochs	3.0
956.5520821923706	0.013701300000093397	epochs	3.0
956.5657834923707	0.027273499999978412	epochs	2.0
956.5657834923707	0.01365819999989526	epochs	3.0
956.5794416923706	0.013615300000083153	epochs	3.0
956.5930569923706	0.027103399999987232	epochs	2.0
956.5930569923706	0.013572800000019924	epochs	3.0
956.6066297923707	0.013530599999967308	epochs	3.0
956.6201603923706	0.02693520000002536	epochs	2.0
956.6201603923706	0.013488400000028378	epochs	3.0
956.6336487923706	0.013446799999996983	epochs	3.0
956.6470955923706	0.026769199999989723	epochs	2.0
956.6470955923706	0.013405199999965589	epochs	3.0
956.6605007923706	0.013364000000024134	epochs	3.0
956.6738647923706	0.026605199999949036	epochs	2.0
956.6738647923706	0.013322899999934634	epochs	3.0
956.6871876923706	0.013282300000014402	epochs	3.0
956.7004699923706	0.026443200000016986	epochs	2.0
956.7004699923706	0.013241699999980483	epochs	3.0
956.7137116923706	0.013201500000036503	epochs	3.0
956.7269131923706	0.0262831999999662	epochs	2.0
956.7269131923706	0.013161500000023807	epochs	3.0
956.7400746923706	0.013121699999942393	epochs	3.0
956.7531963923706	0.02612499999997908	epochs	2.0
956.7531963923706	0.013082100000019636	epochs	3.0
956.7662784923706	0.013042899999959445	epochs	3.0
956.7793213923705	0.025968900000066242	epochs	2.0
956.7793213923705	0.01300390000005791	epochs	3.0
956.7923252923706	0.012965000000008331	epochs	3.0
956.8052902923706	0.025814500000024054	epochs	2.0
956.8052902923706	0.012926399999969362	epochs	3.0
956.8182166923706	0.012888100000054692	epochs	3.0
956.8311047923706	0.025661899999931848	epochs	2.0
956.8311047923706	0.012849899999991976	epochs	3.0
956.8439546923706	0.012811999999939871	epochs	3.0
956.8567666923706	0.025511199999982637	epochs	2.0
956.8567666923706	0.012774400000012065	epochs	3.0
956.8695410923706	0.012736799999970572	epochs	3.0
956.8822778923706	0.025362300000097093	epochs	2.0
956.8822778923706	0.012699700000098346	epochs	3.0
956.8949775923707	0.012662599999998747	epochs	3.0
956.9076401923706	0.025215000000002874	epochs	2.0
956.9076401923706	0.01262579999990976	epochs	3.0
956.9202659923706	0.012589200000093115	epochs	3.0
956.9328551923707	0.024584799999956886	epochs	2.0
956.9568470923706	0.5	epochs	-1.0
956.9574399923706	0.5097600000000284	epochs	1.0
957.4671999923706	0.4901599999999462	epochs	0.0
957.9250001907349	0.049359999999978754	epochs	0.0
957.9250001907349	0.019684800000050018	epochs	1.0
957.9446849907349	0.009990399999992405	epochs	1.0
957.9546753907349	0.01968479999993633	epochs	1.0
957.9744401907349	2.0	epochs	0.0
959.9744072907349	0.5	epochs	-1.0
959.9744401907349	21.530160000000024	epochs	0.0
959.9744401907349	1.0	epochs	1.0
960.4744072907349	19.999439999999936	epochs	-1.0
960.9744401907349	20.0	epochs	1.0
960.9744401907349	4.356753899999944	epochs	-1.0
960.9744401907349	1.9745871999999736	epochs	2.0
960.9744401907349	1.0985621999999466	epochs	3.0
962.0730023907348	0.8760250000000269	epochs	3.0
962.9490273907348	1.3524075000000266	epochs	2.0
962.9490273907348	0.7286354999999958	epochs	3.0
963.6776628907348	0.6237720000000309	epochs	3.0
964.3014348907349	1.029759199999944	epochs	2.0
964.3014348907349	0.5453293000000485	epochs	3.0
964.8467641907349	0.4844298999998955	epochs	3.0
965.3311940907348	0.8317862000000105	epochs	2.0
965.3311940907348	0.4357763000000432	epochs	3.0
965.7669703907349	0.3960098999999673	epochs	3.0
966.1629802907348	0.6977970000000369	epochs	2.0
966.1629802907348	0.3628982000000178	epochs	3.0
966.5258784907348	0.33489880000001904	epochs	3.0
966.8607772907349	0.601045699999986	epochs	2.0
966.8607772907349	0.3109123000000409	epochs	3.0
967.1716895907349	0.29013339999994514	epochs	3.0
967.4618229907348	0.5278859000000011	epochs	2.0
967.4618229907348	0.2719586000000618	epochs	3.0
967.7337815907349	0.25592729999993935	epochs	3.0
967.9897088907348	0.4706193000000667	epochs	2.0
967.9897088907348	0.241681299999982	epochs	3.0
968.2313901907348	0.22893800000008468	epochs	3.0
968.4603281907349	0.42457039999999324	epochs	2.0
968.4603281907349	0.2174713999999085	epochs	3.0
968.6777995907348	0.20709900000008474	epochs	3.0
968.8848985907349	0.3867353999999068	epochs	2.0
968.8848985907349	0.19767109999997956	epochs	3.0
969.0825696907349	0.18906429999992724	epochs	3.0
969.2716339907348	0.3550953000000163	epochs	2.0
969.2716339907348	0.18117590000008477	epochs	3.0
969.4528098907349	0.17391939999993156	epochs	3.0
969.6267292907348	0.3282431000000088	epochs	2.0
969.6267292907348	0.1672219000000723	epochs	3.0
969.7939511907349	0.16102119999993647	epochs	3.0
969.9549723907348	0.30516799999998057	epochs	2.0
969.9549723907348	0.15526390000002266	epochs	3.0
970.1102362907349	0.1499040999999579	epochs	3.0
970.2601403907348	0.28512530000000424	epochs	2.0
970.2601403907348	0.1449021000000812	epochs	3.0
970.4050424907349	0.14022319999992305	epochs	3.0
970.5452656907348	0.267553800000087	epochs	2.0
970.5452656907348	0.1358369000000721	epochs	3.0
970.6811025907349	0.1317169000000149	epochs	3.0
970.8128194907349	0.252022899999929	epochs	2.0
970.8128194907349	0.1278393000000051	epochs	3.0
970.9406587907349	0.1241835999999239	epochs	3.0
971.0648423907348	0.23819650000007186	epochs	2.0
971.0648423907348	0.12073110000005727	epochs	3.0
971.1855734907349	0.1174654000000146	epochs	3.0
971.3030388907349	0.2258087999999816	epochs	2.0
971.3030388907349	0.1143718999999237	epochs	3.0
971.4174107907348	0.1114369000000579	epochs	3.0
971.5288476907349	0.2146460000000161	epochs	2.0
971.5288476907349	0.10864889999993466	epochs	3.0
971.6374965907348	0.10599710000008145	epochs	3.0
971.7434936907349	0.20453499999996438	epochs	2.0
971.7434936907349	0.10347149999995509	epochs	3.0
971.8469651907349	0.1010635000000093	epochs	3.0
971.9480286907349	0.19533400000000256	epochs	2.0
971.9480286907349	0.09876510000003691	epochs	3.0
972.0467937907349	0.09656889999996565	epochs	3.0
972.1433626907349	0.18692529999998442	epochs	2.0
972.1433626907349	0.09446830000001682	epochs	3.0
972.2378309907349	0.09245699999996759	epochs	3.0
972.3302879907349	0.17921069999999872	epochs	2.0
972.3302879907349	0.09052959999996801	epochs	3.0
972.4208175907348	0.08868110000003071	epochs	3.0
972.5094986907349	0.17210769999996955	epochs	2.0
972.5094986907349	0.08690630000000965	epochs	3.0
972.5964049907349	0.0852013999999599	epochs	3.0
972.6816063907348	0.16554640000003928	epochs	2.0
972.6816063907348	0.08356190000006336	epochs	3.0
972.7651682907349	0.08198449999997592	epochs	3.0
972.8471527907349	0.15946710000002895	epochs	2.0
972.8471527907349	0.08046539999998004	epochs	3.0
972.9276181907348	0.07900170000004891	epochs	3.0
973.0066198907349	0.15381839999997737	epochs	2.0
973.0066198907349	0.07759009999995214	epochs	3.0
973.0842099907348	0.07622830000002523	epochs	3.0
973.1604382907349	0.14855639999996129	epochs	2.0
973.1604382907349	0.07491329999993468	epochs	3.0
973.2353515907348	0.0736431000000266	epochs	3.0
973.3089946907348	0.14364239999997608	epochs	2.0
973.3089946907348	0.07241499999997814	epochs	3.0
973.3814096907348	0.07122739999999794	epochs	3.0
973.4526370907348	0.13904310000009446	epochs	2.0
973.4526370907348	0.07007800000008046	epochs	3.0
973.5227150907349	0.06896510000001399	epochs	3.0
973.5916801907349	0.1347293000000036	epochs	2.0
973.5916801907349	0.0678871000000072	epochs	3.0
973.6595672907349	0.06684219999999641	epochs	3.0
973.7264094907349	0.13067519999992783	epochs	2.0
973.7264094907349	0.06582909999997355	epochs	3.0
973.7922385907349	0.06484609999995428	epochs	3.0
973.8570846907348	0.12685780000003888	epochs	2.0
973.8570846907348	0.06389200000000983	epochs	3.0
973.9209766907348	0.06296580000002905	epochs	3.0
973.9839424907349	0.12325720000001184	epochs	2.0
973.9839424907349	0.06206580000002759	epochs	3.0
974.0460082907349	0.06119139999998424	epochs	3.0
974.1071996907349	0.11985540000000583	epochs	2.0
974.1071996907349	0.060341099999959624	epochs	3.0
974.1675407907348	0.059514300000046205	epochs	3.0
974.2270550907349	0.11663620000001629	epochs	2.0
974.2270550907349	0.058709599999929196	epochs	3.0
974.2857646907348	0.05792660000008709	epochs	3.0
974.3436912907349	0.11358559999996487	epochs	2.0
974.3436912907349	0.05716419999998834	epochs	3.0
974.4008554907349	0.05642139999997653	epochs	3.0
974.4572768907349	0.11069050000003244	epochs	2.0
974.4572768907349	0.055697900000041045	epochs	3.0
974.5129747907349	0.0549925999999914	epochs	3.0
974.5679673907349	0.10793909999995321	epochs	2.0
974.5679673907349	0.05430489999992005	epochs	3.0
974.6222722907348	0.05363420000003316	epochs	3.0
974.6759064907349	0.10532149999994544	epochs	2.0
974.6759064907349	0.05298000000004777	epochs	3.0
974.7288864907349	0.05234149999989768	epochs	3.0
974.7812279907348	0.10282760000006874	epochs	2.0
974.7812279907348	0.05171810000001642	epochs	3.0
974.8329460907348	0.05110950000005232	epochs	3.0
974.8840555907349	0.10044909999999163	epochs	2.0
974.8840555907349	0.05051489999993919	epochs	3.0
974.9345704907348	0.04993420000005244	epochs	3.0
974.9845046907349	0.0981782999999723	epochs	2.0
974.9845046907349	0.04936659999998483	epochs	3.0
975.0338712907349	0.04881169999998747	epochs	3.0
975.0826829907348	0.09600780000005216	epochs	2.0
975.0826829907348	0.04826920000004975	epochs	3.0
975.1309521907349	0.04773860000000241	epochs	3.0
975.1786907907349	0.09393119999992905	epochs	2.0
975.1786907907349	0.04721949999998287	epochs	3.0
975.2259102907349	0.04671169999994618	epochs	3.0
975.2726219907348	0.09194260000003851	epochs	2.0
975.2726219907348	0.04621460000009847	epochs	3.0
975.3188365907349	0.04572799999994004	epochs	3.0
975.3645645907349	0.09003629999995155	epochs	2.0
975.3645645907349	0.04525150000006306	epochs	3.0
975.4098160907349	0.04478479999988849	epochs	3.0
975.4546008907348	0.08820760000003247	epochs	2.0
975.4546008907348	0.044327800000019124	epochs	3.0
975.4989286907348	0.04387980000001335	epochs	3.0
975.5428084907348	0.0864516999999978	epochs	2.0
975.5428084907348	0.04344100000002982	epochs	3.0
975.5862494907349	0.04301069999996798	epochs	3.0
975.6292601907348	0.0847643000000744	epochs	2.0
975.6292601907348	0.04258900000002086	epochs	3.0
975.6718491907349	0.04217530000005354	epochs	3.0
975.7140244907349	0.08314149999989695	epochs	2.0
975.7140244907349	0.041769699999917975	epochs	3.0
975.7557941907348	0.041371799999978975	epochs	3.0
975.7971659907348	0.08157970000002024	epochs	2.0
975.7971659907348	0.04098140000007788	epochs	3.0
975.8381473907349	0.040598299999942355	epochs	3.0
975.8787456907348	0.08007550000002084	epochs	2.0
975.8787456907348	0.04022229999998217	epochs	3.0
975.9189679907348	0.03985320000003867	epochs	3.0
975.9588211907349	0.07862569999997504	epochs	2.0
975.9588211907349	0.039490800000066884	epochs	3.0
975.9983119907349	0.03913489999990816	epochs	3.0
976.0374468907348	0.07722760000001472	epochs	2.0
976.0374468907348	0.038785400000051595	epochs	3.0
976.0762322907349	0.03844219999996312	epochs	3.0
976.1146744907348	0.07587820000003376	epochs	2.0
976.1146744907348	0.038104800000041905	epochs	3.0
976.1527792907349	0.03777339999999185	epochs	3.0
976.1905526907349	0.0745752000000266	epochs	2.0
976.1905526907349	0.03744770000002973	epochs	3.0
976.2280003907349	0.03712749999999687	epochs	3.0
976.2651278907349	0.07331629999998768	epochs	2.0
976.2651278907349	0.036812899999972615	epochs	3.0
976.3019407907349	0.03650340000001506	epochs	3.0
976.3384441907349	0.07209899999998015	epochs	2.0
976.3384441907349	0.03619909999997617	epochs	3.0
976.3746432907349	0.03589990000000398	epochs	3.0
976.4105431907349	0.07092169999998532	epochs	2.0
976.4105431907349	0.03560559999993984	epochs	3.0
976.4461487907348	0.03531610000004548	epochs	3.0
976.4814648907349	0.06978200000003199	epochs	2.0
976.4814648907349	0.03503120000004856	epochs	3.0
976.5164960907349	0.03475079999998343	epochs	3.0
976.5512468907349	0.06867859999999837	epochs	2.0
976.5512468907349	0.03447510000000875	epochs	3.0
976.5857219907349	0.03420349999998962	epochs	3.0
976.6199254907349	0.06760929999995824	epochs	2.0
976.6199254907349	0.033936199999970995	epochs	3.0
976.6538616907349	0.033673099999987244	epochs	3.0
976.6875347907348	0.06657289999998284	epochs	2.0
976.6875347907348	0.03341399999999339	epochs	3.0
976.7209487907348	0.033158899999989444	epochs	3.0
976.7541076907348	0.06556780000005347	epochs	2.0
976.7541076907348	0.032907700000009754	epochs	3.0
976.7870153907348	0.03266010000004371	epochs	3.0
976.8196754907349	0.06459259999996902	epochs	2.0
976.8196754907349	0.032416399999988244	epochs	3.0
976.8520918907349	0.03217619999998078	epochs	3.0
976.8842680907348	0.06364600000006249	epochs	2.0
976.8842680907348	0.03193959999998697	epochs	3.0
976.9162076907348	0.03170640000007552	epochs	3.0
976.9479140907349	0.0627266999999847	epochs	2.0
976.9479140907349	0.031476599999905375	epochs	3.0
976.9793906907348	0.03125010000007933	epochs	3.0
977.0106407907349	0.06183359999999993	epochs	2.0
977.0106407907349	0.03102689999991526	epochs	3.0
977.0416676907348	0.030806700000084675	epochs	3.0
977.0724743907349	0.060965599999917686	epochs	2.0
977.0724743907349	0.030589799999916067	epochs	3.0
977.1030641907348	0.030375800000001618	epochs	3.0
977.1334399907348	0.06012160000000222	epochs	2.0
977.1334399907348	0.030164900000045236	epochs	3.0
977.1636048907349	0.02995669999995698	epochs	3.0
977.1935615907348	0.05930069999999432	epochs	2.0
977.1935615907348	0.029751600000054168	epochs	3.0
977.2233131907349	0.029549099999940154	epochs	3.0
977.2528622907348	0.05850180000004457	epochs	2.0
977.2528622907348	0.02934940000000097	epochs	3.0
977.2822116907348	0.0291524000000436	epochs	3.0
977.3113640907349	0.057724200000052406	epochs	2.0
977.3113640907349	0.028957999999988715	epochs	3.0
977.3403220907348	0.02876620000006369	epochs	3.0
977.3690882907349	0.05696709999995164	epochs	2.0
977.3690882907349	0.028576999999927466	epochs	3.0
977.3976652907348	0.028390100000024177	epochs	3.0
977.4260553907349	0.05622949999997218	epochs	2.0
977.4260553907349	0.028205700000057732	epochs	3.0
977.4542610907349	0.028023799999914445	epochs	3.0
977.4822848907348	0.05551070000001346	epochs	2.0
977.4822848907348	0.02784400000007281	epochs	3.0
977.5101288907349	0.027666699999940647	epochs	3.0
977.5377955907348	0.054810200000019904	epochs	2.0
977.5377955907348	0.02749149999999645	epochs	3.0
977.5652870907348	0.027318700000023455	epochs	3.0
977.5926057907349	0.05412699999999404	epochs	2.0
977.5926057907349	0.027147799999966082	epochs	3.0
977.6197535907348	0.02697920000002796	epochs	3.0
977.6467327907349	0.053460699999959616	epochs	2.0
977.6467327907349	0.0268125999999711	epochs	3.0
977.6735453907348	0.026648099999988517	epochs	3.0
977.7001934907348	0.05281070000000909	epochs	2.0
977.7001934907348	0.026485600000000886	epochs	3.0
977.7266790907348	0.026325100000008206	epochs	3.0
977.7530041907348	0.05217620000007628	epochs	2.0
977.7530041907348	0.026166400000079193	epochs	3.0
977.7791705907349	0.026009799999997085	epochs	3.0
977.8051803907349	0.051556699999991906	epochs	2.0
977.8051803907349	0.025854799999933675	epochs	3.0
977.8310351907348	0.02570190000005823	epochs	3.0
977.8567370907349	0.05095189999997274	epochs	2.0
977.8567370907349	0.025550699999939752	epochs	3.0
977.8822877907348	0.025401200000032986	epochs	3.0
977.9076889907349	0.05036099999995258	epochs	2.0
977.9076889907349	0.025253499999962514	epochs	3.0
977.9329424907348	0.02510749999999007	epochs	3.0
977.9580499907348	0.049783800000000156	epochs	2.0
977.9580499907348	0.02496320000000196	epochs	3.0
977.9830131907348	0.024820599999998194	epochs	3.0
978.0078337907348	0.049219500000049266	epochs	2.0
978.0078337907348	0.02467940000008184	epochs	3.0
978.0325131907349	0.024540099999967424	epochs	3.0
978.0570532907349	0.048667899999941255	epochs	2.0
978.0570532907349	0.02440209999997478	epochs	3.0
978.0814553907348	0.024265799999966475	epochs	3.0
978.1057211907348	0.04812860000004093	epochs	2.0
978.1057211907348	0.024131000000011227	epochs	3.0
978.1298521907348	0.023997600000029706	epochs	3.0
978.1538497907349	0.047601100000065344	epochs	2.0
978.1538497907349	0.023865799999953197	epochs	3.0
978.1777155907348	0.023735300000112147	epochs	3.0
978.2014508907349	0.04708499999992455	epochs	2.0
978.2014508907349	0.023606299999983094	epochs	3.0
978.2250571907349	0.023478699999941455	epochs	3.0
978.2485358907348	0.04658000000006268	epochs	2.0
978.2485358907348	0.02335249999998723	epochs	3.0
978.2718883907348	0.02322750000007545	epochs	3.0
978.2951158907349	0.04608569999993506	epochs	2.0
978.2951158907349	0.023103999999989355	epochs	3.0
978.3182198907349	0.022981699999945704	epochs	3.0
978.3412015907348	0.045601799999985815	epochs	2.0
978.3412015907348	0.022860700000023826	epochs	3.0
978.3640622907349	0.02274109999996199	epochs	3.0
978.3868033907348	0.04512790000001132	epochs	2.0
978.3868033907348	0.022622500000011314	epochs	3.0
978.4094258907348	0.02250540000000001	epochs	3.0
978.4319312907348	0.0446638000000803	epochs	2.0
978.4319312907348	0.02238929999998618	epochs	3.0
978.4543205907348	0.022274500000094122	epochs	3.0
978.4765950907349	0.04420919999995476	epochs	2.0
978.4765950907349	0.022160799999937808	epochs	3.0
978.4987558907349	0.022048400000016954	epochs	3.0
978.5208042907349	0.043763600000033875	epochs	2.0
978.5208042907349	0.021936900000014248	epochs	3.0
978.5427411907349	0.021826700000019628	epochs	3.0
978.5645678907349	0.04332709999994222	epochs	2.0
978.5645678907349	0.021717599999988124	epochs	3.0
978.5862854907349	0.021609499999954096	epochs	3.0
978.6078949907348	0.04289900000003399	epochs	2.0
978.6078949907348	0.02150249999999687	epochs	3.0
978.6293974907348	0.021396500000037122	epochs	3.0
978.6507939907349	0.042479500000013104	epochs	2.0
978.6507939907349	0.02129170000000613	epochs	3.0
978.6720856907349	0.021187800000006973	epochs	3.0
978.6932734907349	0.042067900000006375	epochs	2.0
978.6932734907349	0.02108490000000529	epochs	3.0
978.7143583907349	0.020983000000001084	epochs	3.0
978.7353413907349	0.04166439999994509	epochs	2.0
978.7353413907349	0.020882199999959994	epochs	3.0
978.7562235907349	0.020782199999985096	epochs	3.0
978.7770057907348	0.04126850000000104	epochs	2.0
978.7770057907348	0.020683299999973315	epochs	3.0
978.7976890907348	0.020585200000027726	epochs	3.0
978.8182742907348	0.04088000000001557	epochs	2.0
978.8182742907348	0.020488099999965925	epochs	3.0
978.8387623907348	0.020391900000049645	epochs	3.0
978.8591542907349	0.04049880000002304	epochs	2.0
978.8591542907349	0.020296600000051512	epochs	3.0
978.8794508907349	0.020202199999971526	epochs	3.0
978.8996530907349	0.04012460000001283	epochs	2.0
978.8996530907349	0.020108699999923374	epochs	3.0
978.9197617907348	0.02001590000008946	epochs	3.0
978.9397776907349	0.03975730000001931	epochs	2.0
978.9397776907349	0.019924199999991288	epochs	3.0
978.9597018907349	0.019833100000028026	epochs	3.0
978.9795349907349	0.03939669999999751	epochs	2.0
978.9795349907349	0.01974299999994855	epochs	3.0
978.9992779907349	0.019653700000048957	epochs	3.0
979.0189316907349	0.03904239999997117	epochs	2.0
979.0189316907349	0.019565099999908853	epochs	3.0
979.0384967907348	0.019477300000062314	epochs	3.0
979.0579740907349	0.03869459999998526	epochs	2.0
979.0579740907349	0.019390400000020236	epochs	3.0
979.0773644907349	0.01930419999996502	epochs	3.0
979.0966686907349	0.03835289999994984	epochs	2.0
979.0966686907349	0.019218799999976	epochs	3.0
979.1158874907348	0.01913409999997384	epochs	3.0
979.1350215907348	0.03801720000001296	epochs	2.0
979.1350215907348	0.019050200000037876	epochs	3.0
979.1540717907349	0.018966999999975087	epochs	3.0
979.1730387907348	0.037687200000050325	epochs	2.0
979.1730387907348	0.01888450000001285	epochs	3.0
979.1919232907348	0.018802700000037476	epochs	3.0
979.2107259907349	0.03736309999999321	epochs	2.0
979.2107259907349	0.018721700000014607	epochs	3.0
979.2294476907349	0.018641399999978603	epochs	3.0
979.2480890907349	0.03704429999993408	epochs	2.0
979.2480890907349	0.01856159999999818	epochs	3.0
979.2666506907349	0.018482699999935903	epochs	3.0
979.2851333907348	0.0367310000000316	epochs	2.0
979.2851333907348	0.018404300000042895	epochs	3.0
979.3035376907349	0.018326699999988705	epochs	3.0
979.3218643907348	0.036422900000047775	epochs	2.0
979.3218643907348	0.018249599999990096	epochs	3.0
979.3401139907348	0.01817330000005768	epochs	3.0
979.3582872907349	0.03612009999994825	epochs	2.0
979.3582872907349	0.01809759999991911	epochs	3.0
979.3763848907348	0.01802250000002914	epochs	3.0
979.3944073907348	0.03582210000001851	epochs	2.0
979.3944073907348	0.017947899999967376	epochs	3.0
979.4123552907348	0.017874200000051133	epochs	3.0
979.4302294907349	0.03552899999999681	epochs	2.0
979.4302294907349	0.017800800000031813	epochs	3.0
979.4480302907349	0.017728199999965	epochs	3.0
979.4657584907349	0.03524070000003121	epochs	2.0
979.4657584907349	0.017656099999953767	epochs	3.0
979.4834145907348	0.017584600000077444	epochs	3.0
979.5009991907349	0.03495709999992869	epochs	2.0
979.5009991907349	0.01751369999999497	epochs	3.0
979.5185128907349	0.017443399999933717	epochs	3.0
979.5359562907348	0.03467790000001969	epochs	2.0
979.5359562907348	0.017373600000041733	epochs	3.0
979.5533298907349	0.017304299999977957	epochs	3.0
979.5706341907348	0.03440330000000813	epochs	2.0
979.5706341907348	0.01723570000001473	epochs	3.0
979.5878698907349	0.0171675999999934	epochs	3.0
979.6050374907348	0.0341328000000658	epochs	2.0
979.6050374907348	0.017099900000062007	epochs	3.0
979.6221373907349	0.017032900000003792	epochs	3.0
979.6391702907349	0.033866699999975935	epochs	2.0
979.6391702907349	0.01696640000000116	epochs	3.0
979.6561366907349	0.016900299999974777	epochs	3.0
979.6730369907349	0.03360459999998966	epochs	2.0
979.6730369907349	0.01683479999996962	epochs	3.0
979.6898717907349	0.01676980000002004	epochs	3.0
979.7066415907349	0.033346599999958926	epochs	2.0
979.7066415907349	0.016705300000012357	epochs	3.0
979.7233468907349	0.01664129999994657	epochs	3.0
979.7399881907348	0.03309250000006614	epochs	2.0
979.7399881907348	0.016577800000050047	epochs	3.0
979.7565659907349	0.01651470000001609	epochs	3.0
979.7730806907349	0.03284229999997024	epochs	2.0
979.7730806907349	0.01645220000000336	epochs	3.0
979.7895328907349	0.01639009999996688	epochs	3.0
979.8059229907349	0.03259570000000167	epochs	2.0
979.8059229907349	0.016328400000020338	epochs	3.0
979.8222513907349	0.016267299999981333	epochs	3.0
979.8385186907349	0.032352899999978035	epochs	2.0
979.8385186907349	0.016206600000032267	epochs	3.0
979.8547252907349	0.016146299999945768	epochs	3.0
979.8708715907349	0.03211369999996805	epochs	2.0
979.8708715907349	0.016086599999994178	epochs	3.0
979.8869581907348	0.01602709999997387	epochs	3.0
979.9029852907348	0.03187800000000607	epochs	2.0
979.9029852907348	0.015968200000088473	epochs	3.0
979.9189534907349	0.015909799999917595	epochs	3.0
979.9348632907348	0.031645700000012766	epochs	2.0
979.9348632907348	0.01585160000001906	epochs	3.0
979.9507148907348	0.015794099999993705	epochs	3.0
979.9665089907348	0.0314167000000225	epochs	2.0
979.9665089907348	0.015736700000047676	epochs	3.0
979.9822456907349	0.015679999999974825	epochs	3.0
979.9979256907349	0.031191100000000915	epochs	2.0
979.9979256907349	0.015623600000026272	epochs	3.0
980.0135492907349	0.015567499999974643	epochs	3.0
980.0291167907349	0.030968700000016725	epochs	2.0
980.0291167907349	0.015511999999944237	epochs	3.0
980.0446287907348	0.015456700000072487	epochs	3.0
980.0600854907349	0.030749499999956242	epochs	2.0
980.0600854907349	0.015401999999994587	epochs	3.0
980.0754874907349	0.015347499999961656	epochs	3.0
980.0908349907348	0.03053320000003623	epochs	2.0
980.0908349907348	0.015293400000018664	epochs	3.0
980.1061283907349	0.015239800000017567	epochs	3.0
980.1213681907349	0.03032010000003993	epochs	2.0
980.1213681907349	0.015186500000027081	epochs	3.0
980.1365546907349	0.015133600000012848	epochs	3.0
980.1516882907349	0.030109899999956724	epochs	2.0
980.1516882907349	0.015081000000009226	epochs	3.0
980.1667692907349	0.015028899999947498	epochs	3.0
980.1817981907349	0.02990250000004835	epochs	2.0
980.1817981907349	0.014977000000044427	epochs	3.0
980.1967751907349	0.014925500000003922	epochs	3.0
980.2117006907349	0.029698099999905025	epochs	2.0
980.2117006907349	0.01487439999993967	epochs	3.0
980.2265750907349	0.014823699999965356	epochs	3.0
980.2413987907348	0.02949630000000525	epochs	2.0
980.2413987907348	0.014773200000036013	epochs	3.0
980.2561719907349	0.014723099999969236	epochs	3.0
980.2708950907348	0.02929740000001857	epochs	2.0
980.2708950907348	0.014673399999992398	epochs	3.0
980.2855684907348	0.014624000000026172	epochs	3.0
980.3001924907348	0.029101100000048064	epochs	2.0
980.3001924907348	0.014574900000070556	epochs	3.0
980.3147673907349	0.014526199999977507	epochs	3.0
980.3292935907349	0.028907399999980044	epochs	2.0
980.3292935907349	0.014477699999929428	epochs	3.0
980.3437712907348	0.014429700000050616	epochs	3.0
980.3582009907349	0.028716199999962555	epochs	2.0
980.3582009907349	0.014381800000023759	epochs	3.0
980.3725827907349	0.014334399999938796	epochs	3.0
980.3869171907348	0.028527600000074926	epochs	2.0
980.3869171907348	0.01428720000001249	epochs	3.0
980.4012043907348	0.014240400000062436	epochs	3.0
980.4154447907349	0.028341399999931127	epochs	2.0
980.4154447907349	0.014193799999929979	epochs	3.0
980.4296385907348	0.014147600000001148	epochs	3.0
980.4437861907348	0.028157700000065233	epochs	2.0
980.4437861907348	0.014101699999969242	epochs	3.0
980.4578878907348	0.014056000000095992	epochs	3.0
980.4719438907349	0.027976299999977527	epochs	2.0
980.4719438907349	0.01401060000000598	epochs	3.0
980.4859544907349	0.013965699999971548	epochs	3.0
980.4999201907349	0.02779720000000907	epochs	2.0
980.4999201907349	0.013920799999937117	epochs	3.0
980.5138409907348	0.013876400000071953	epochs	3.0
980.5277173907349	0.027620399999932488	epochs	2.0
980.5277173907349	0.013832200000024386	epochs	3.0
980.5415495907349	0.013788199999908102	epochs	3.0
980.5553377907348	0.02744590000008884	epochs	2.0
980.5553377907348	0.013744599999995444	epochs	3.0
980.5690823907348	0.013701300000093397	epochs	3.0
980.5827836907349	0.027273499999978412	epochs	2.0
980.5827836907349	0.01365819999989526	epochs	3.0
980.5964418907348	0.013615300000083153	epochs	3.0
980.6100571907349	0.027103399999987232	epochs	2.0
980.6100571907349	0.013572800000019924	epochs	3.0
980.6236299907349	0.013530599999967308	epochs	3.0
980.6371605907349	0.02693520000002536	epochs	2.0
980.6371605907349	0.013488400000028378	epochs	3.0
980.6506489907349	0.013446799999996983	epochs	3.0
980.6640957907349	0.026769199999989723	epochs	2.0
980.6640957907349	0.013405199999965589	epochs	3.0
980.6775009907349	0.013364000000024134	epochs	3.0
980.6908649907349	0.026605199999949036	epochs	2.0
980.6908649907349	0.013322899999934634	epochs	3.0
980.7041878907348	0.013282300000014402	epochs	3.0
980.7174701907348	0.026443200000016986	epochs	2.0
980.7174701907348	0.013241699999980483	epochs	3.0
980.7307118907348	0.013201500000036503	epochs	3.0
980.7439133907349	0.0262831999999662	epochs	2.0
980.7439133907349	0.013161500000023807	epochs	3.0
980.7570748907349	0.013121699999942393	epochs	3.0
980.7701965907348	0.02612499999997908	epochs	2.0
980.7701965907348	0.013082100000019636	epochs	3.0
980.7832786907348	0.013042899999959445	epochs	3.0
980.7963215907348	0.025968900000066242	epochs	2.0
980.7963215907348	0.01300390000005791	epochs	3.0
980.8093254907349	0.012965000000008331	epochs	3.0
980.8222904907349	0.025814500000024054	epochs	2.0
980.8222904907349	0.012926399999969362	epochs	3.0
980.8352168907348	0.012888100000054692	epochs	3.0
980.8481049907349	0.025661899999931848	epochs	2.0
980.8481049907349	0.012849899999991976	epochs	3.0
980.8609548907349	0.012811999999939871	epochs	3.0
980.8737668907348	0.025511199999982637	epochs	2.0
980.8737668907348	0.012774400000012065	epochs	3.0
980.8865412907348	0.012736799999970572	epochs	3.0
980.8992780907348	0.025362300000097093	epochs	2.0
980.8992780907348	0.012699700000098346	epochs	3.0
980.9119777907349	0.012662599999998747	epochs	3.0
980.9246403907349	0.025215000000002874	epochs	2.0
980.9246403907349	0.01262579999990976	epochs	3.0
980.9372661907348	0.012589200000093115	epochs	3.0
980.9498553907349	0.024584799999956886	epochs	2.0
980.9738472907349	0.5	epochs	-1.0
980.9744401907349	0.5301600000000235	epochs	1.0
981.5046001907349	0.4697599999999511	epochs	0.0
981.9939999580383	0.049359999999978754	epochs	0.0
981.9939999580383	0.019684800000050018	epochs	1.0
982.0136847580384	0.009990399999992405	epochs	1.0
982.0236751580384	0.01968479999993633	epochs	1.0
982.0434399580383	2.0	epochs	0.0
984.0434070580384	0.5	epochs	-1.0
984.0434399580383	0.5102399999999534	epochs	0.0
984.0434399580383	0.5102399999999534	epochs	1.0
984.5434070580384	0.010272899999904439	epochs	-1.0
984.5536799580383	21.48968000000002	epochs	0.0
985.7620000839233	0.049359999999978754	epochs	0.0
985.7620000839233	0.019684800000050018	epochs	1.0
985.7816848839234	0.009990399999992405	epochs	1.0
985.7916752839234	0.01968479999993633	epochs	1.0
985.8114400839233	2.0	epochs	0.0
987.8114071839234	0.5	epochs	-1.0
987.8114400839233	0.5095999999999776	epochs	0.0
987.8114400839233	0.5095999999999776	epochs	1.0
988.3114071839234	0.009632899999928668	epochs	-1.0
988.3210400839233	21.490319999999997	epochs	0.0
989.816999912262	0.049359999999978754	epochs	0.0
989.816999912262	0.019684800000050018	epochs	1.0
989.836684712262	0.009990399999992405	epochs	1.0
989.846675112262	0.01968479999993633	epochs	1.0
989.866439912262	2.0	epochs	0.0
991.866407012262	0.5	epochs	-1.0
991.866439912262	0.5107199999999921	epochs	0.0
991.866439912262	0.5107199999999921	epochs	1.0
992.366407012262	0.01075289999994311	epochs	-1.0
992.377159912262	21.489199999999983	epochs	0.0
993.7610001564026	0.049359999999978754	epochs	0.0
993.7610001564026	0.019684800000050018	epochs	1.0
993.7806849564026	0.009990399999992405	epochs	1.0
993.7906753564026	0.01968479999993633	epochs	1.0
993.8104401564026	2.0	epochs	0.0
995.8104072564026	0.5	epochs	-1.0
995.8104401564026	0.5099999999999909	epochs	0.0
995.8104401564026	0.5099999999999909	epochs	1.0
996.3104072564026	0.010032899999941947	epochs	-1.0
996.3204401564026	21.489919999999984	epochs	0.0
997.8200001716614	0.049359999999978754	epochs	0.0
997.8200001716614	0.019684800000050018	epochs	1.0
997.8396849716614	0.009990399999992405	epochs	1.0
997.8496753716614	0.01968479999993633	epochs	1.0
997.8694401716614	2.0	epochs	0.0
999.8694072716614	0.5	epochs	-1.0
999.8694401716614	0.5100800000000163	epochs	0.0
999.8694401716614	0.5100800000000163	epochs	1.0
1000.3694072716614	0.01011289999996734	epochs	-1.0
1000.3795201716614	21.48983999999996	epochs	0.0
1001.768000125885	0.049359999999978754	epochs	0.0
1001.768000125885	0.019684800000050018	epochs	1.0
1001.7876849258851	0.009990399999992405	epochs	1.0
1001.797675325885	0.01968479999993633	epochs	1.0
1001.817440125885	2.0	epochs	0.0
1003.8174072258851	0.5	epochs	-1.0
1003.817440125885	5.3907199999999875	epochs	0.0
1003.817440125885	1.0	epochs	1.0
1004.3174072258851	4.890752899999939	epochs	-1.0
1004.817440125885	4.3907199999999875	epochs	1.0
1004.817440125885	4.356753899999944	epochs	-1.0
1004.817440125885	1.9745871999999736	epochs	2.0
1004.817440125885	1.0985621999999466	epochs	3.0
1005.916002325885	0.8760250000000269	epochs	3.0
1006.792027325885	1.3524075000000266	epochs	2.0
1006.792027325885	0.7286354999999958	epochs	3.0
1007.520662825885	0.6237720000000309	epochs	3.0
1008.144434825885	1.029759199999944	epochs	2.0
1008.144434825885	0.5453293000000485	epochs	3.0
1008.6897641258851	0.4844298999998955	epochs	3.0
1009.174194025885	0.0339661000000433	epochs	2.0
1009.174194025885	0.0339661000000433	epochs	3.0
1009.208160125885	16.609199999999987	epochs	0.0
1009.5910000801086	0.049359999999978754	epochs	0.0
1009.5910000801086	0.019684800000050018	epochs	1.0
1009.6106848801087	0.009990399999992405	epochs	1.0
1009.6206752801087	0.01968479999993633	epochs	1.0
1009.6404400801086	2.0	epochs	0.0
1011.6404071801087	0.5	epochs	-1.0
1011.6404400801086	0.5095999999999776	epochs	0.0
1011.6404400801086	0.5095999999999776	epochs	1.0
1012.1404071801087	0.009632899999928668	epochs	-1.0
1012.1500400801086	21.490319999999997	epochs	0.0
1013.563000202179	0.049359999999978754	epochs	0.0
1013.563000202179	0.019684800000050018	epochs	1.0
1013.582685002179	0.009990399999992405	epochs	1.0
1013.592675402179	0.01968479999993633	epochs	1.0
1013.612440202179	2.0	epochs	0.0
1015.612407302179	0.5	epochs	-1.0
1015.612440202179	21.510240000000067	epochs	0.0
1015.612440202179	1.0	epochs	1.0
1016.112407302179	19.999039999999923	epochs	-1.0
1016.612440202179	20.0	epochs	1.0
1016.612440202179	4.356753899999944	epochs	-1.0
1016.612440202179	1.9745871999999736	epochs	2.0
1016.612440202179	1.0985621999999466	epochs	3.0
1017.7110024021789	0.8760250000000269	epochs	3.0
1018.5870274021789	1.3524075000000266	epochs	2.0
1018.5870274021789	0.7286354999999958	epochs	3.0
1019.3156629021789	0.6237720000000309	epochs	3.0
1019.939434902179	1.029759199999944	epochs	2.0
1019.939434902179	0.5453293000000485	epochs	3.0
1020.484764202179	0.4844298999998955	epochs	3.0
1020.9691941021789	0.8317862000000105	epochs	2.0
1020.9691941021789	0.4357763000000432	epochs	3.0
1021.404970402179	0.3960098999999673	epochs	3.0
1021.8009803021789	0.6977970000000369	epochs	2.0
1021.8009803021789	0.3628982000000178	epochs	3.0
1022.1638785021789	0.33489880000001904	epochs	3.0
1022.498777302179	0.601045699999986	epochs	2.0
1022.498777302179	0.3109123000000409	epochs	3.0
1022.809689602179	0.29013339999994514	epochs	3.0
1023.0998230021789	0.5278859000000011	epochs	2.0
1023.0998230021789	0.2719586000000618	epochs	3.0
1023.371781602179	0.25592729999993935	epochs	3.0
1023.6277089021789	0.470619299999953	epochs	2.0
1023.6277089021789	0.241681299999982	epochs	3.0
1023.8693902021789	0.228937999999971	epochs	3.0
1024.098328202179	0.42457039999999324	epochs	2.0
1024.098328202179	0.21747140000002219	epochs	3.0
1024.315799602179	0.20709899999997106	epochs	3.0
1024.5228986021789	0.3867354000001342	epochs	2.0
1024.5228986021789	0.19767109999997956	epochs	3.0
1024.7205697021789	0.18906430000015462	epochs	3.0
1024.909634002179	0.35509529999990264	epochs	2.0
1024.909634002179	0.18117589999997108	epochs	3.0
1025.090809902179	0.17391939999993156	epochs	3.0
1025.264729302179	0.3282431000000088	epochs	2.0
1025.264729302179	0.16722189999995862	epochs	3.0
1025.4319512021789	0.16102120000005016	epochs	3.0
1025.592972402179	0.30516800000009425	epochs	2.0
1025.592972402179	0.15526390000013635	epochs	3.0
1025.748236302179	0.1499040999999579	epochs	3.0
1025.898140402179	0.28512529999989056	epochs	2.0
1025.898140402179	0.14490209999985382	epochs	3.0
1026.0430425021789	0.14022320000003674	epochs	3.0
1026.183265702179	0.267553800000087	epochs	2.0
1026.183265702179	0.1358368999999584	epochs	3.0
1026.3191026021789	0.1317169000001286	epochs	3.0
1026.450819502179	0.252022899999929	epochs	2.0
1026.450819502179	0.1278393000000051	epochs	3.0
1026.578658802179	0.1241835999999239	epochs	3.0
1026.702842402179	0.23819649999995818	epochs	2.0
1026.702842402179	0.12073110000005727	epochs	3.0
1026.823573502179	0.11746539999990091	epochs	3.0
1026.941038902179	0.2258088000000953	epochs	2.0
1026.941038902179	0.11437190000015107	epochs	3.0
1027.055410802179	0.11143689999994422	epochs	3.0
1027.166847702179	0.21464599999990241	epochs	2.0
1027.166847702179	0.10864889999993466	epochs	3.0
1027.275496602179	0.10599709999996776	epochs	3.0
1027.381493702179	0.20453500000007807	epochs	2.0
1027.381493702179	0.10347150000006877	epochs	3.0
1027.484965202179	0.1010635000000093	epochs	3.0
1027.586028702179	0.19533400000000256	epochs	2.0
1027.586028702179	0.09876510000003691	epochs	3.0
1027.684793802179	0.09656889999996565	epochs	3.0
1027.781362702179	0.18692529999998442	epochs	2.0
1027.781362702179	0.09446830000001682	epochs	3.0
1027.875831002179	0.09245699999996759	epochs	3.0
1027.968288002179	0.1792107000001124	epochs	2.0
1027.968288002179	0.0905296000000817	epochs	3.0
1028.058817602179	0.08868110000003071	epochs	3.0
1028.147498702179	0.17210769999996955	epochs	2.0
1028.147498702179	0.08690629999978228	epochs	3.0
1028.2344050021788	0.08520140000018728	epochs	3.0
1028.319606402179	0.1655463999998119	epochs	2.0
1028.319606402179	0.08356189999994967	epochs	3.0
1028.403168302179	0.08198449999986224	epochs	3.0
1028.4851528021788	0.15946710000002895	epochs	2.0
1028.4851528021788	0.08046540000009372	epochs	3.0
1028.565618202179	0.07900169999993523	epochs	3.0
1028.6446199021789	0.15381840000009106	epochs	2.0
1028.6446199021789	0.07759010000017952	epochs	3.0
1028.722210002179	0.07622829999991154	epochs	3.0
1028.798438302179	0.14855639999996129	epochs	2.0
1028.798438302179	0.07491329999993468	epochs	3.0
1028.873351602179	0.0736431000000266	epochs	3.0
1028.946994702179	0.14364240000008976	epochs	2.0
1028.946994702179	0.07241500000009182	epochs	3.0
1029.019409702179	0.07122739999999794	epochs	3.0
1029.090637102179	0.13904309999998077	epochs	2.0
1029.090637102179	0.07007799999996678	epochs	3.0
1029.160715102179	0.06896510000001399	epochs	3.0
1029.229680202179	0.13472929999988992	epochs	2.0
1029.229680202179	0.0678871000000072	epochs	3.0
1029.297567302179	0.06684219999988272	epochs	3.0
1029.364409502179	0.1306752000000415	epochs	2.0
1029.364409502179	0.06582909999997355	epochs	3.0
1029.4302386021789	0.06484610000006796	epochs	3.0
1029.495084702179	0.1268577999999252	epochs	2.0
1029.495084702179	0.06389200000012352	epochs	3.0
1029.558976702179	0.06296579999980167	epochs	3.0
1029.6219425021789	0.12325720000012552	epochs	2.0
1029.6219425021789	0.06206580000002759	epochs	3.0
1029.6840083021789	0.06119140000009793	epochs	3.0
1029.745199702179	0.11985540000000583	epochs	2.0
1029.745199702179	0.060341099999959624	epochs	3.0
1029.805540802179	0.059514300000046205	epochs	3.0
1029.865055102179	0.1166361999999026	epochs	2.0
1029.865055102179	0.058709599999929196	epochs	3.0
1029.923764702179	0.057926599999973405	epochs	3.0
1029.981691302179	0.11358560000007856	epochs	2.0
1029.981691302179	0.05716419999998834	epochs	3.0
1030.0388555021789	0.056421400000090216	epochs	3.0
1030.095276902179	0.11069049999991876	epochs	2.0
1030.095276902179	0.055697900000041045	epochs	3.0
1030.150974802179	0.05499259999987771	epochs	3.0
1030.2059674021789	0.1079391000000669	epochs	2.0
1030.2059674021789	0.05430490000003374	epochs	3.0
1030.260272302179	0.05363420000003316	epochs	3.0
1030.313906502179	0.10532149999994544	epochs	2.0
1030.313906502179	0.05297999999993408	epochs	3.0
1030.3668865021789	0.052341500000011365	epochs	3.0
1030.419228002179	0.10282759999995505	epochs	2.0
1030.419228002179	0.05171810000001642	epochs	3.0
1030.470946102179	0.051109499999938635	epochs	3.0
1030.5220556021789	0.10044910000010532	epochs	2.0
1030.5220556021789	0.050514900000052876	epochs	3.0
1030.572570502179	0.04993420000005244	epochs	3.0
1030.622504702179	0.0981782999999723	epochs	2.0
1030.622504702179	0.04936659999998483	epochs	3.0
1030.671871302179	0.04881169999998747	epochs	3.0
1030.720683002179	0.09600780000005216	epochs	2.0
1030.720683002179	0.04826920000004975	epochs	3.0
1030.768952202179	0.04773860000000241	epochs	3.0
1030.816690802179	0.09393120000004274	epochs	2.0
1030.816690802179	0.04721949999998287	epochs	3.0
1030.863910302179	0.046711700000059864	epochs	3.0
1030.910622002179	0.09194260000003851	epochs	2.0
1030.910622002179	0.046214599999984785	epochs	3.0
1030.956836602179	0.045728000000053726	epochs	3.0
1031.002564602179	0.09003629999983787	epochs	2.0
1031.002564602179	0.045251499999949374	epochs	3.0
1031.047816102179	0.04478479999988849	epochs	3.0
1031.092600902179	0.08820760000003247	epochs	2.0
1031.092600902179	0.044327800000019124	epochs	3.0
1031.136928702179	0.04387980000001335	epochs	3.0
1031.180808502179	0.0864516999999978	epochs	2.0
1031.180808502179	0.04344100000002982	epochs	3.0
1031.224249502179	0.04301069999996798	epochs	3.0
1031.267260202179	0.08476429999996071	epochs	2.0
1031.267260202179	0.04258900000013455	epochs	3.0
1031.309849202179	0.042175299999826166	epochs	3.0
1031.352024502179	0.08314150000001064	epochs	2.0
1031.352024502179	0.04176970000003166	epochs	3.0
1031.393794202179	0.041371799999978975	epochs	3.0
1031.435166002179	0.08157970000002024	epochs	2.0
1031.435166002179	0.040981399999964196	epochs	3.0
1031.4761474021789	0.04059830000005604	epochs	3.0
1031.516745702179	0.08007550000002084	epochs	2.0
1031.516745702179	0.040222300000095856	epochs	3.0
1031.556968002179	0.03985319999992498	epochs	3.0
1031.596821202179	0.07862569999997504	epochs	2.0
1031.596821202179	0.039490800000066884	epochs	3.0
1031.636312002179	0.03913489999990816	epochs	3.0
1031.675446902179	0.07722760000001472	epochs	2.0
1031.675446902179	0.038785400000051595	epochs	3.0
1031.714232302179	0.03844219999996312	epochs	3.0
1031.752674502179	0.07587820000003376	epochs	2.0
1031.752674502179	0.03810479999992822	epochs	3.0
1031.7907793021789	0.03777340000010554	epochs	3.0
1031.828552702179	0.0745752000000266	epochs	2.0
1031.828552702179	0.03744770000002973	epochs	3.0
1031.866000402179	0.03712749999999687	epochs	3.0
1031.903127902179	0.07331629999998768	epochs	2.0
1031.903127902179	0.03681289999985893	epochs	3.0
1031.9399408021789	0.03650340000012875	epochs	3.0
1031.976444202179	0.07209899999998015	epochs	2.0
1031.976444202179	0.03619909999997617	epochs	3.0
1032.012643302179	0.03589990000000398	epochs	3.0
1032.048543202179	0.07092170000009901	epochs	2.0
1032.048543202179	0.03560560000005353	epochs	3.0
1032.084148802179	0.03531610000004548	epochs	3.0
1032.119464902179	0.06978199999980461	epochs	2.0
1032.119464902179	0.03503119999982118	epochs	3.0
1032.1544961021789	0.03475079999998343	epochs	3.0
1032.1892469021789	0.06867860000011206	epochs	2.0
1032.1892469021789	0.03447510000000875	epochs	3.0
1032.2237220021789	0.034203500000103304	epochs	3.0
1032.257925502179	0.06760929999995824	epochs	2.0
1032.257925502179	0.033936199999970995	epochs	3.0
1032.291861702179	0.033673099999987244	epochs	3.0
1032.325534802179	0.06657289999998284	epochs	2.0
1032.325534802179	0.03341399999999339	epochs	3.0
1032.358948802179	0.033158899999989444	epochs	3.0
1032.392107702179	0.06556780000005347	epochs	2.0
1032.392107702179	0.03290770000012344	epochs	3.0
1032.425015402179	0.032660099999930026	epochs	3.0
1032.457675502179	0.06459259999996902	epochs	2.0
1032.457675502179	0.03241639999987456	epochs	3.0
1032.4900919021788	0.03217620000009447	epochs	3.0
1032.522268102179	0.06364600000006249	epochs	2.0
1032.522268102179	0.03193959999998697	epochs	3.0
1032.554207702179	0.03170640000007552	epochs	3.0
1032.585914102179	0.0627266999999847	epochs	2.0
1032.585914102179	0.031476599999905375	epochs	3.0
1032.617390702179	0.03125010000007933	epochs	3.0
1032.648640802179	0.06183359999999993	epochs	2.0
1032.648640802179	0.03102689999991526	epochs	3.0
1032.679667702179	0.030806700000084675	epochs	3.0
1032.710474402179	0.060965599999917686	epochs	2.0
1032.710474402179	0.030589799999916067	epochs	3.0
1032.741064202179	0.030375800000001618	epochs	3.0
1032.771440002179	0.06012160000000222	epochs	2.0
1032.771440002179	0.030164900000045236	epochs	3.0
1032.801604902179	0.02995669999995698	epochs	3.0
1032.831561602179	0.05930069999999432	epochs	2.0
1032.831561602179	0.029751600000054168	epochs	3.0
1032.861313202179	0.029549099999940154	epochs	3.0
1032.890862302179	0.058501800000158255	epochs	2.0
1032.890862302179	0.02934940000000097	epochs	3.0
1032.920211702179	0.029152400000157286	epochs	3.0
1032.949364102179	0.05772419999993872	epochs	2.0
1032.949364102179	0.028957999999875028	epochs	3.0
1032.978322102179	0.02876620000006369	epochs	3.0
1033.007088302179	0.05696710000006533	epochs	2.0
1033.007088302179	0.028577000000041153	epochs	3.0
1033.035665302179	0.028390100000024177	epochs	3.0
1033.064055402179	0.05622949999997218	epochs	2.0
1033.064055402179	0.028205699999944045	epochs	3.0
1033.092261102179	0.028023800000028132	epochs	3.0
1033.120284902179	0.05551070000001346	epochs	2.0
1033.120284902179	0.027843999999959124	epochs	3.0
1033.148128902179	0.027666700000054334	epochs	3.0
1033.175795602179	0.054810200000019904	epochs	2.0
1033.175795602179	0.02749149999999645	epochs	3.0
1033.203287102179	0.027318700000023455	epochs	3.0
1033.230605802179	0.054126999999880354	epochs	2.0
1033.230605802179	0.027147799999966082	epochs	3.0
1033.257753602179	0.026979199999914272	epochs	3.0
1033.284732802179	0.053460699999959616	epochs	2.0
1033.284732802179	0.026812600000084785	epochs	3.0
1033.311545402179	0.02664809999987483	epochs	3.0
1033.338193502179	0.05281070000000909	epochs	2.0
1033.338193502179	0.026485600000114573	epochs	3.0
1033.364679102179	0.02632509999989452	epochs	3.0
1033.391004202179	0.05217620000007628	epochs	2.0
1033.391004202179	0.026166399999965506	epochs	3.0
1033.4171706021789	0.026009800000110772	epochs	3.0
1033.443180402179	0.051556699999991906	epochs	2.0
1033.443180402179	0.025854799999933675	epochs	3.0
1033.469035202179	0.02570190000005823	epochs	3.0
1033.494737102179	0.05095189999997274	epochs	2.0
1033.494737102179	0.025550699999939752	epochs	3.0
1033.520287802179	0.025401200000032986	epochs	3.0
1033.545689002179	0.05036100000006627	epochs	2.0
1033.545689002179	0.025253499999962514	epochs	3.0
1033.570942502179	0.025107500000103755	epochs	3.0
1033.596050002179	0.04978379999988647	epochs	2.0
1033.596050002179	0.02496320000000196	epochs	3.0
1033.621013202179	0.024820599999884507	epochs	3.0
1033.645833802179	0.04921949999993558	epochs	2.0
1033.645833802179	0.024679399999968155	epochs	3.0
1033.6705132021789	0.024540099999967424	epochs	3.0
1033.6950533021788	0.04866790000005494	epochs	2.0
1033.6950533021788	0.024402100000088467	epochs	3.0
1033.719455402179	0.024265799999966475	epochs	3.0
1033.743721202179	0.04812860000015462	epochs	2.0
1033.743721202179	0.024131000000124914	epochs	3.0
1033.767852202179	0.023997600000029706	epochs	3.0
1033.791849802179	0.04760109999983797	epochs	2.0
1033.791849802179	0.02386579999983951	epochs	3.0
1033.815715602179	0.02373529999999846	epochs	3.0
1033.839450902179	0.04708500000015192	epochs	2.0
1033.839450902179	0.023606299999983094	epochs	3.0
1033.8630572021789	0.02347870000016883	epochs	3.0
1033.886535902179	0.046579999999948996	epochs	2.0
1033.886535902179	0.023352499999873544	epochs	3.0
1033.909888402179	0.02322750000007545	epochs	3.0
1033.933115902179	0.046085700000048746	epochs	2.0
1033.933115902179	0.02310399999987567	epochs	3.0
1033.9562199021789	0.022981700000173078	epochs	3.0
1033.979201602179	0.045601799999985815	epochs	2.0
1033.979201602179	0.02286069999991014	epochs	3.0
1034.002062302179	0.022741100000075676	epochs	3.0
1034.024803402179	0.045127899999897636	epochs	2.0
1034.024803402179	0.022622499999897627	epochs	3.0
1034.047425902179	0.02250540000000001	epochs	3.0
1034.069931302179	0.0446638000000803	epochs	2.0
1034.069931302179	0.02238929999998618	epochs	3.0
1034.092320602179	0.022274500000094122	epochs	3.0
1034.114595102179	0.044209199999841076	epochs	2.0
1034.114595102179	0.022160799999937808	epochs	3.0
1034.136755902179	0.022048399999903268	epochs	3.0
1034.1588043021789	0.04376360000014756	epochs	2.0
1034.1588043021789	0.021936900000127935	epochs	3.0
1034.180741202179	0.021826700000019628	epochs	3.0
1034.202567902179	0.04332709999994222	epochs	2.0
1034.202567902179	0.021717599999874437	epochs	3.0
1034.2242855021789	0.021609500000067783	epochs	3.0
1034.245895002179	0.04289900000003399	epochs	2.0
1034.245895002179	0.02150249999999687	epochs	3.0
1034.267397502179	0.021396500000037122	epochs	3.0
1034.288794002179	0.04247949999989942	epochs	2.0
1034.288794002179	0.021291699999892444	epochs	3.0
1034.3100857021789	0.021187800000006973	epochs	3.0
1034.3312735021789	0.04206790000012006	epochs	2.0
1034.3312735021789	0.02108490000000529	epochs	3.0
1034.3523584021789	0.02098300000011477	epochs	3.0
1034.373341402179	0.04166439999994509	epochs	2.0
1034.373341402179	0.020882199999959994	epochs	3.0
1034.394223602179	0.020782199999985096	epochs	3.0
1034.415005802179	0.04126850000011473	epochs	2.0
1034.415005802179	0.020683299999973315	epochs	3.0
1034.435689102179	0.020585200000141413	epochs	3.0
1034.456274302179	0.0408799999997882	epochs	2.0
1034.456274302179	0.020488099999965925	epochs	3.0
1034.476762402179	0.02039189999982227	epochs	3.0
1034.4971543021788	0.04049880000002304	epochs	2.0
1034.4971543021788	0.0202966000001652	epochs	3.0
1034.517450902179	0.02020219999985784	epochs	3.0
1034.5376531021789	0.04012460000012652	epochs	2.0
1034.5376531021789	0.02010870000003706	epochs	3.0
1034.557761802179	0.02001590000008946	epochs	3.0
1034.577777702179	0.03975730000001931	epochs	2.0
1034.577777702179	0.0199241999998776	epochs	3.0
1034.5977019021789	0.019833100000141712	epochs	3.0
1034.617535002179	0.03939669999999751	epochs	2.0
1034.617535002179	0.019742999999834865	epochs	3.0
1034.6372780021788	0.019653700000162644	epochs	3.0
1034.656931702179	0.03904239999997117	epochs	2.0
1034.656931702179	0.019565099999908853	epochs	3.0
1034.676496802179	0.019477300000062314	epochs	3.0
1034.695974102179	0.03869459999987157	epochs	2.0
1034.695974102179	0.019390400000020236	epochs	3.0
1034.715364502179	0.019304199999851335	epochs	3.0
1034.7346687021789	0.03835290000006353	epochs	2.0
1034.7346687021789	0.019218800000089686	epochs	3.0
1034.753887502179	0.01913409999997384	epochs	3.0
1034.773021602179	0.03801720000001296	epochs	2.0
1034.773021602179	0.019050200000037876	epochs	3.0
1034.792071802179	0.018966999999975087	epochs	3.0
1034.811038802179	0.03768719999993664	epochs	2.0
1034.811038802179	0.01888450000001285	epochs	3.0
1034.829923302179	0.01880269999992379	epochs	3.0
1034.8487260021789	0.03736309999999321	epochs	2.0
1034.8487260021789	0.018721700000014607	epochs	3.0
1034.8674477021789	0.018641399999978603	epochs	3.0
1034.8860891021789	0.037044300000161456	epochs	2.0
1034.8860891021789	0.018561600000111866	epochs	3.0
1034.904650702179	0.01848270000004959	epochs	3.0
1034.923133402179	0.03673099999991791	epochs	2.0
1034.923133402179	0.018404299999929208	epochs	3.0
1034.941537702179	0.018326699999988705	epochs	3.0
1034.959864402179	0.03642289999993409	epochs	2.0
1034.959864402179	0.018249599999990096	epochs	3.0
1034.978114002179	0.018173299999943993	epochs	3.0
1034.9962873021789	0.03612010000006194	epochs	2.0
1034.9962873021789	0.018097600000146485	epochs	3.0
1035.014384902179	0.018022499999915453	epochs	3.0
1035.032407402179	0.035822100000132195	epochs	2.0
1035.032407402179	0.017947900000081063	epochs	3.0
1035.050355302179	0.017874200000051133	epochs	3.0
1035.068229502179	0.03552899999999681	epochs	2.0
1035.068229502179	0.01780079999980444	epochs	3.0
1035.0860303021789	0.017728200000192373	epochs	3.0
1035.103758502179	0.03524069999980384	epochs	2.0
1035.103758502179	0.01765609999984008	epochs	3.0
1035.121414602179	0.017584599999963757	epochs	3.0
1035.1389992021789	0.03495710000015606	epochs	2.0
1035.1389992021789	0.017513700000108656	epochs	3.0
1035.156512902179	0.017443400000047404	epochs	3.0
1035.173956302179	0.034677899999906	epochs	2.0
1035.173956302179	0.017373599999928047	epochs	3.0
1035.191329902179	0.017304299999977957	epochs	3.0
1035.208634202179	0.03440330000012182	epochs	2.0
1035.208634202179	0.017235700000128418	epochs	3.0
1035.225869902179	0.0171675999999934	epochs	3.0
1035.243037502179	0.03413279999995211	epochs	2.0
1035.243037502179	0.01709989999994832	epochs	3.0
1035.260137402179	0.017032900000003792	epochs	3.0
1035.277170302179	0.03386669999986225	epochs	2.0
1035.277170302179	0.01696640000000116	epochs	3.0
1035.294136702179	0.01690029999986109	epochs	3.0
1035.3110370021789	0.03360459999998966	epochs	2.0
1035.3110370021789	0.016834800000196992	epochs	3.0
1035.327871802179	0.016769799999792667	epochs	3.0
1035.3446416021789	0.0333466000001863	epochs	2.0
1035.3446416021789	0.016705300000012357	epochs	3.0
1035.3613469021789	0.016641300000173942	epochs	3.0
1035.377988202179	0.033092499999838765	epochs	2.0
1035.377988202179	0.016577799999822673	epochs	3.0
1035.3945660021789	0.01651470000001609	epochs	3.0
1035.4110807021789	0.032842300000083924	epochs	2.0
1035.4110807021789	0.01645220000000336	epochs	3.0
1035.4275329021789	0.016390100000080565	epochs	3.0
1035.443923002179	0.03259570000000167	epochs	2.0
1035.443923002179	0.016328400000020338	epochs	3.0
1035.460251402179	0.016267299999981333	epochs	3.0
1035.476518702179	0.032352899999978035	epochs	2.0
1035.476518702179	0.016206600000032267	epochs	3.0
1035.492725302179	0.016146299999945768	epochs	3.0
1035.508871602179	0.032113700000081735	epochs	2.0
1035.508871602179	0.016086600000107865	epochs	3.0
1035.524958202179	0.01602709999997387	epochs	3.0
1035.540985302179	0.03187800000000607	epochs	2.0
1035.540985302179	0.0159681999998611	epochs	3.0
1035.5569535021789	0.01590980000014497	epochs	3.0
1035.572863302179	0.03164569999989908	epochs	2.0
1035.572863302179	0.015851599999905375	epochs	3.0
1035.588714902179	0.015794099999993705	epochs	3.0
1035.604509002179	0.03141670000013619	epochs	2.0
1035.604509002179	0.01573669999993399	epochs	3.0
1035.6202457021789	0.0156800000002022	epochs	3.0
1035.635925702179	0.03119109999988723	epochs	2.0
1035.635925702179	0.015623599999798898	epochs	3.0
1035.6515493021789	0.01556750000008833	epochs	3.0
1035.667116802179	0.030968699999903038	epochs	2.0
1035.667116802179	0.015511999999944237	epochs	3.0
1035.682628802179	0.0154566999999588	epochs	3.0
1035.6980855021789	0.030749500000183616	epochs	2.0
1035.6980855021789	0.015401999999994587	epochs	3.0
1035.7134875021789	0.01534750000018903	epochs	3.0
1035.728835002179	0.030533199999808858	epochs	2.0
1035.728835002179	0.015293400000018664	epochs	3.0
1035.744128402179	0.015239799999790193	epochs	3.0
1035.7593682021788	0.030320100000153616	epochs	2.0
1035.7593682021788	0.015186500000027081	epochs	3.0
1035.7745547021789	0.015133600000126535	epochs	3.0
1035.789688302179	0.030109899999843037	epochs	2.0
1035.789688302179	0.015081000000009226	epochs	3.0
1035.804769302179	0.015028899999833811	epochs	3.0
1035.8197982021788	0.029902500000162036	epochs	2.0
1035.8197982021788	0.014977000000044427	epochs	3.0
1035.834775202179	0.014925500000117609	epochs	3.0
1035.849700702179	0.029698099999905025	epochs	2.0
1035.849700702179	0.014874400000053356	epochs	3.0
1035.864575102179	0.01482369999985167	epochs	3.0
1035.879398802179	0.029496300000118936	epochs	2.0
1035.879398802179	0.014773200000036013	epochs	3.0
1035.894172002179	0.014723100000082923	epochs	3.0
1035.908895102179	0.029297399999904883	epochs	2.0
1035.908895102179	0.014673399999992398	epochs	3.0
1035.923568502179	0.014623999999912485	epochs	3.0
1035.938192502179	0.029101099999934377	epochs	2.0
1035.938192502179	0.014574900000070556	epochs	3.0
1035.952767402179	0.01452619999986382	epochs	3.0
1035.9672936021789	0.028907399999980044	epochs	2.0
1035.9672936021789	0.014477700000043114	epochs	3.0
1035.981771302179	0.014429699999936929	epochs	3.0
1035.9962010021789	0.02871620000018993	epochs	2.0
1035.9962010021789	0.014381800000137446	epochs	3.0
1036.010582802179	0.014334400000052483	epochs	3.0
1036.024917202179	0.02852759999996124	epochs	2.0
1036.024917202179	0.014287199999898803	epochs	3.0
1036.039204402179	0.014240400000062436	epochs	3.0
1036.053444802179	0.028341400000044814	epochs	2.0
1036.053444802179	0.014193799999929979	epochs	3.0
1036.067638602179	0.014147600000114835	epochs	3.0
1036.081786202179	0.02815769999983786	epochs	2.0
1036.081786202179	0.014101699999855555	epochs	3.0
1036.095887902179	0.014055999999982305	epochs	3.0
1036.1099439021789	0.027976300000091214	epochs	2.0
1036.1099439021789	0.014010600000119666	epochs	3.0
1036.123954502179	0.013965699999971548	epochs	3.0
1036.137920202179	0.027797199999895383	epochs	2.0
1036.137920202179	0.013920800000050804	epochs	3.0
1036.151841002179	0.01387639999984458	epochs	3.0
1036.1657174021789	0.02762040000015986	epochs	2.0
1036.1657174021789	0.013832200000024386	epochs	3.0
1036.179549602179	0.013788200000135475	epochs	3.0
1036.193337802179	0.027445899999975154	epochs	2.0
1036.193337802179	0.013744599999881757	epochs	3.0
1036.207082402179	0.013701300000093397	epochs	3.0
1036.220783702179	0.027273499999864725	epochs	2.0
1036.220783702179	0.013658200000008947	epochs	3.0
1036.234441902179	0.013615299999855779	epochs	3.0
1036.2480572021789	0.027103399999987232	epochs	2.0
1036.2480572021789	0.013572800000019924	epochs	3.0
1036.261630002179	0.013530599999967308	epochs	3.0
1036.2751606021789	0.02693520000002536	epochs	2.0
1036.2751606021789	0.013488400000142065	epochs	3.0
1036.288649002179	0.013446799999883297	epochs	3.0
1036.3020958021789	0.026769199999989723	epochs	2.0
1036.3020958021789	0.013405200000079276	epochs	3.0
1036.315501002179	0.013363999999910448	epochs	3.0
1036.3288650021789	0.02660520000017641	epochs	2.0
1036.3288650021789	0.013322900000048321	epochs	3.0
1036.342187902179	0.013282300000128089	epochs	3.0
1036.355470202179	0.0264431999999033	epochs	2.0
1036.355470202179	0.013241699999980483	epochs	3.0
1036.368711902179	0.013201499999922817	epochs	3.0
1036.381913402179	0.026283200000079887	epochs	2.0
1036.381913402179	0.013161500000023807	epochs	3.0
1036.395074902179	0.01312170000005608	epochs	3.0
1036.408196602179	0.026124999999865395	epochs	2.0
1036.408196602179	0.013082100000019636	epochs	3.0
1036.421278702179	0.013042899999845758	epochs	3.0
1036.434321602179	0.025968899999952555	epochs	2.0
1036.434321602179	0.01300390000005791	epochs	3.0
1036.447325502179	0.012964999999894644	epochs	3.0
1036.4602905021789	0.025814500000024054	epochs	2.0
1036.4602905021789	0.012926400000196736	epochs	3.0
1036.473216902179	0.012888099999827318	epochs	3.0
1036.4861050021789	0.02566190000015922	epochs	2.0
1036.4861050021789	0.012849899999991976	epochs	3.0
1036.4989549021789	0.012812000000167245	epochs	3.0
1036.511766902179	0.025511199999982637	epochs	2.0
1036.511766902179	0.012774399999898378	epochs	3.0
1036.524541302179	0.012736800000084258	epochs	3.0
1036.537278102179	0.02536229999986972	epochs	2.0
1036.537278102179	0.01269969999998466	epochs	3.0
1036.549977802179	0.01266259999988506	epochs	3.0
1036.5626404021789	0.02521500000011656	epochs	2.0
1036.5626404021789	0.012625800000023446	epochs	3.0
1036.575266202179	0.012589200000093115	epochs	3.0
1036.587855402179	0.024584799999956886	epochs	2.0
1036.611447302179	0.5	epochs	-1.0
1036.612440202179	0.5102400000000671	epochs	1.0
1037.122680202179	0.4896799999999075	epochs	0.0
1037.5110001564026	0.049359999999978754	epochs	0.0
1037.5110001564026	0.019684800000050018	epochs	1.0
1037.5306849564026	0.009990399999878719	epochs	1.0
1037.5406753564025	0.019684800000050018	epochs	1.0
1037.5604401564026	2.0	epochs	0.0
1039.5604072564026	0.5	epochs	-1.0
1039.5604401564026	21.529759999999897	epochs	0.0
1039.5604401564026	1.0	epochs	1.0
1040.0604072564026	19.999039999999923	epochs	-1.0
1040.5604401564026	20.0	epochs	1.0
1040.5604401564026	4.356753900000058	epochs	-1.0
1040.5604401564026	1.9745872000000873	epochs	2.0
1040.5604401564026	1.0985622000000603	epochs	3.0
1041.6590023564027	0.8760250000000269	epochs	3.0
1042.5350273564027	1.3524074999997993	epochs	2.0
1042.5350273564027	0.7286354999998821	epochs	3.0
1043.2636628564026	0.6237719999999172	epochs	3.0
1043.8874348564025	1.0297592000001714	epochs	2.0
1043.8874348564025	0.5453293000000485	epochs	3.0
1044.4327641564025	0.48442990000012287	epochs	3.0
1044.9171940564026	0.8317861999998968	epochs	2.0
1044.9171940564026	0.4357763000000432	epochs	3.0
1045.3529703564027	0.3960098999998536	epochs	3.0
1045.7489802564025	0.6977970000000369	epochs	2.0
1045.7489802564025	0.3628982000000178	epochs	3.0
1046.1118784564026	0.33489880000001904	epochs	3.0
1046.4467772564026	0.601045699999986	epochs	2.0
1046.4467772564026	0.3109122999999272	epochs	3.0
1046.7576895564025	0.2901334000000588	epochs	3.0
1047.0478229564026	0.5278859000000011	epochs	2.0
1047.0478229564026	0.2719586000000618	epochs	3.0
1047.3197815564026	0.25592729999993935	epochs	3.0
1047.5757088564026	0.470619299999953	epochs	2.0
1047.5757088564026	0.241681299999982	epochs	3.0
1047.8173901564026	0.228937999999971	epochs	3.0
1048.0463281564025	0.42457039999999324	epochs	2.0
1048.0463281564025	0.21747140000002219	epochs	3.0
1048.2637995564025	0.20709899999997106	epochs	3.0
1048.4708985564025	0.3867354000001342	epochs	2.0
1048.4708985564025	0.19767109999997956	epochs	3.0
1048.6685696564025	0.18906430000015462	epochs	3.0
1048.8576339564027	0.35509529999990264	epochs	2.0
1048.8576339564027	0.18117589999997108	epochs	3.0
1049.0388098564026	0.17391939999993156	epochs	3.0
1049.2127292564026	0.3282431000000088	epochs	2.0
1049.2127292564026	0.16722189999995862	epochs	3.0
1049.3799511564025	0.16102120000005016	epochs	3.0
1049.5409723564026	0.30516800000009425	epochs	2.0
1049.5409723564026	0.15526390000013635	epochs	3.0
1049.6962362564027	0.1499040999999579	epochs	3.0
1049.8461403564027	0.28512529999989056	epochs	2.0
1049.8461403564027	0.14490209999985382	epochs	3.0
1049.9910424564025	0.14022320000003674	epochs	3.0
1050.1312656564025	0.267553800000087	epochs	2.0
1050.1312656564025	0.1358368999999584	epochs	3.0
1050.2671025564025	0.1317169000001286	epochs	3.0
1050.3988194564026	0.252022899999929	epochs	2.0
1050.3988194564026	0.1278393000000051	epochs	3.0
1050.5266587564026	0.1241835999999239	epochs	3.0
1050.6508423564026	0.23819649999995818	epochs	2.0
1050.6508423564026	0.12073110000005727	epochs	3.0
1050.7715734564026	0.11746539999990091	epochs	3.0
1050.8890388564025	0.2258088000000953	epochs	2.0
1050.8890388564025	0.11437190000015107	epochs	3.0
1051.0034107564027	0.11143689999994422	epochs	3.0
1051.1148476564026	0.21464599999990241	epochs	2.0
1051.1148476564026	0.10864889999993466	epochs	3.0
1051.2234965564026	0.10599709999996776	epochs	3.0
1051.3294936564025	0.20453500000007807	epochs	2.0
1051.3294936564025	0.10347150000006877	epochs	3.0
1051.4329651564026	0.1010635000000093	epochs	3.0
1051.5340286564026	0.19533400000000256	epochs	2.0
1051.5340286564026	0.09876510000003691	epochs	3.0
1051.6327937564026	0.09656889999996565	epochs	3.0
1051.7293626564026	0.18692529999998442	epochs	2.0
1051.7293626564026	0.09446830000001682	epochs	3.0
1051.8238309564026	0.09245699999996759	epochs	3.0
1051.9162879564026	0.1792107000001124	epochs	2.0
1051.9162879564026	0.0905296000000817	epochs	3.0
1052.0068175564027	0.08868110000003071	epochs	3.0
1052.0954986564027	0.17210769999996955	epochs	2.0
1052.0954986564027	0.08690629999978228	epochs	3.0
1052.1824049564025	0.08520140000018728	epochs	3.0
1052.2676063564027	0.1655463999998119	epochs	2.0
1052.2676063564027	0.08356189999994967	epochs	3.0
1052.3511682564026	0.08198449999986224	epochs	3.0
1052.4331527564025	0.15946710000002895	epochs	2.0
1052.4331527564025	0.08046540000009372	epochs	3.0
1052.5136181564026	0.07900169999993523	epochs	3.0
1052.5926198564025	0.15381840000009106	epochs	2.0
1052.5926198564025	0.07759010000017952	epochs	3.0
1052.6702099564027	0.07622829999991154	epochs	3.0
1052.7464382564026	0.14855639999996129	epochs	2.0
1052.7464382564026	0.07491329999993468	epochs	3.0
1052.8213515564025	0.0736431000000266	epochs	3.0
1052.8949946564026	0.14364240000008976	epochs	2.0
1052.8949946564026	0.07241500000009182	epochs	3.0
1052.9674096564027	0.07122739999999794	epochs	3.0
1053.0386370564026	0.13904309999998077	epochs	2.0
1053.0386370564026	0.07007799999996678	epochs	3.0
1053.1087150564026	0.06896510000001399	epochs	3.0
1053.1776801564026	0.13472929999988992	epochs	2.0
1053.1776801564026	0.0678871000000072	epochs	3.0
1053.2455672564026	0.06684219999988272	epochs	3.0
1053.3124094564025	0.1306752000000415	epochs	2.0
1053.3124094564025	0.06582909999997355	epochs	3.0
1053.3782385564025	0.06484610000006796	epochs	3.0
1053.4430846564026	0.1268577999999252	epochs	2.0
1053.4430846564026	0.06389200000012352	epochs	3.0
1053.5069766564027	0.06296579999980167	epochs	3.0
1053.5699424564025	0.12325720000012552	epochs	2.0
1053.5699424564025	0.06206580000002759	epochs	3.0
1053.6320082564025	0.06119140000009793	epochs	3.0
1053.6931996564026	0.11985540000000583	epochs	2.0
1053.6931996564026	0.060341099999959624	epochs	3.0
1053.7535407564026	0.059514300000046205	epochs	3.0
1053.8130550564026	0.1166361999999026	epochs	2.0
1053.8130550564026	0.058709599999929196	epochs	3.0
1053.8717646564025	0.057926599999973405	epochs	3.0
1053.9296912564025	0.11358560000007856	epochs	2.0
1053.9296912564025	0.05716419999998834	epochs	3.0
1053.9868554564025	0.056421400000090216	epochs	3.0
1054.0432768564026	0.11069049999991876	epochs	2.0
1054.0432768564026	0.055697900000041045	epochs	3.0
1054.0989747564026	0.05499259999987771	epochs	3.0
1054.1539673564025	0.1079391000000669	epochs	2.0
1054.1539673564025	0.05430490000003374	epochs	3.0
1054.2082722564026	0.05363420000003316	epochs	3.0
1054.2619064564026	0.10532149999994544	epochs	2.0
1054.2619064564026	0.05297999999993408	epochs	3.0
1054.3148864564025	0.052341500000011365	epochs	3.0
1054.3672279564025	0.10282759999995505	epochs	2.0
1054.3672279564025	0.05171810000001642	epochs	3.0
1054.4189460564025	0.051109499999938635	epochs	3.0
1054.4700555564025	0.10044910000010532	epochs	2.0
1054.4700555564025	0.050514900000052876	epochs	3.0
1054.5205704564025	0.04993420000005244	epochs	3.0
1054.5705046564026	0.0981782999999723	epochs	2.0
1054.5705046564026	0.04936659999998483	epochs	3.0
1054.6198712564026	0.04881169999998747	epochs	3.0
1054.6686829564026	0.09600780000005216	epochs	2.0
1054.6686829564026	0.04826920000004975	epochs	3.0
1054.7169521564026	0.04773860000000241	epochs	3.0
1054.7646907564026	0.09393120000004274	epochs	2.0
1054.7646907564026	0.04721949999998287	epochs	3.0
1054.8119102564026	0.046711700000059864	epochs	3.0
1054.8586219564027	0.09194260000003851	epochs	2.0
1054.8586219564027	0.046214599999984785	epochs	3.0
1054.9048365564026	0.045728000000053726	epochs	3.0
1054.9505645564027	0.09003629999983787	epochs	2.0
1054.9505645564027	0.045251499999949374	epochs	3.0
1054.9958160564026	0.04478479999988849	epochs	3.0
1055.0406008564025	0.08820760000003247	epochs	2.0
1055.0406008564025	0.044327800000019124	epochs	3.0
1055.0849286564026	0.04387980000001335	epochs	3.0
1055.1288084564026	0.0864516999999978	epochs	2.0
1055.1288084564026	0.04344100000002982	epochs	3.0
1055.1722494564026	0.04301069999996798	epochs	3.0
1055.2152601564026	0.08476429999996071	epochs	2.0
1055.2152601564026	0.04258900000013455	epochs	3.0
1055.2578491564027	0.042175299999826166	epochs	3.0
1055.3000244564025	0.08314150000001064	epochs	2.0
1055.3000244564025	0.04176970000003166	epochs	3.0
1055.3417941564026	0.041371799999978975	epochs	3.0
1055.3831659564025	0.08157970000002024	epochs	2.0
1055.3831659564025	0.040981399999964196	epochs	3.0
1055.4241473564025	0.04059830000005604	epochs	3.0
1055.4647456564026	0.08007550000002084	epochs	2.0
1055.4647456564026	0.040222300000095856	epochs	3.0
1055.5049679564027	0.03985319999992498	epochs	3.0
1055.5448211564026	0.07862569999997504	epochs	2.0
1055.5448211564026	0.039490800000066884	epochs	3.0
1055.5843119564026	0.03913489999990816	epochs	3.0
1055.6234468564026	0.07722760000001472	epochs	2.0
1055.6234468564026	0.038785400000051595	epochs	3.0
1055.6622322564026	0.03844219999996312	epochs	3.0
1055.7006744564026	0.07587820000003376	epochs	2.0
1055.7006744564026	0.03810479999992822	epochs	3.0
1055.7387792564025	0.03777340000010554	epochs	3.0
1055.7765526564026	0.0745752000000266	epochs	2.0
1055.7765526564026	0.03744770000002973	epochs	3.0
1055.8140003564026	0.03712749999999687	epochs	3.0
1055.8511278564026	0.07331629999998768	epochs	2.0
1055.8511278564026	0.03681289999985893	epochs	3.0
1055.8879407564025	0.03650340000012875	epochs	3.0
1055.9244441564026	0.07209899999998015	epochs	2.0
1055.9244441564026	0.03619909999997617	epochs	3.0
1055.9606432564026	0.03589990000000398	epochs	3.0
1055.9965431564026	0.07092170000009901	epochs	2.0
1055.9965431564026	0.03560560000005353	epochs	3.0
1056.0321487564026	0.03531610000004548	epochs	3.0
1056.0674648564027	0.06978199999980461	epochs	2.0
1056.0674648564027	0.03503119999982118	epochs	3.0
1056.1024960564025	0.03475079999998343	epochs	3.0
1056.1372468564025	0.06867860000011206	epochs	2.0
1056.1372468564025	0.03447510000000875	epochs	3.0
1056.1717219564025	0.034203500000103304	epochs	3.0
1056.2059254564026	0.06760929999995824	epochs	2.0
1056.2059254564026	0.033936199999970995	epochs	3.0
1056.2398616564026	0.033673099999987244	epochs	3.0
1056.2735347564026	0.06657289999998284	epochs	2.0
1056.2735347564026	0.03341399999999339	epochs	3.0
1056.3069487564026	0.033158899999989444	epochs	3.0
1056.3401076564026	0.06556780000005347	epochs	2.0
1056.3401076564026	0.03290770000012344	epochs	3.0
1056.3730153564027	0.032660099999930026	epochs	3.0
1056.4056754564026	0.06459259999996902	epochs	2.0
1056.4056754564026	0.03241639999987456	epochs	3.0
1056.4380918564025	0.03217620000009447	epochs	3.0
1056.4702680564026	0.06364600000006249	epochs	2.0
1056.4702680564026	0.03193959999998697	epochs	3.0
1056.5022076564026	0.03170640000007552	epochs	3.0
1056.5339140564026	0.0627266999999847	epochs	2.0
1056.5339140564026	0.031476599999905375	epochs	3.0
1056.5653906564025	0.03125010000007933	epochs	3.0
1056.5966407564026	0.06183359999999993	epochs	2.0
1056.5966407564026	0.03102689999991526	epochs	3.0
1056.6276676564025	0.030806700000084675	epochs	3.0
1056.6584743564026	0.060965599999917686	epochs	2.0
1056.6584743564026	0.030589799999916067	epochs	3.0
1056.6890641564025	0.030375800000001618	epochs	3.0
1056.7194399564025	0.06012160000000222	epochs	2.0
1056.7194399564025	0.030164900000045236	epochs	3.0
1056.7496048564026	0.02995669999995698	epochs	3.0
1056.7795615564025	0.05930069999999432	epochs	2.0
1056.7795615564025	0.029751600000054168	epochs	3.0
1056.8093131564026	0.029549099999940154	epochs	3.0
1056.8388622564025	0.058501800000158255	epochs	2.0
1056.8388622564025	0.02934940000000097	epochs	3.0
1056.8682116564025	0.029152400000157286	epochs	3.0
1056.8973640564027	0.05772419999993872	epochs	2.0
1056.8973640564027	0.028957999999875028	epochs	3.0
1056.9263220564026	0.02876620000006369	epochs	3.0
1056.9550882564026	0.05696710000006533	epochs	2.0
1056.9550882564026	0.028577000000041153	epochs	3.0
1056.9836652564027	0.028390100000024177	epochs	3.0
1057.0120553564027	0.05622949999997218	epochs	2.0
1057.0120553564027	0.028205699999944045	epochs	3.0
1057.0402610564026	0.028023800000028132	epochs	3.0
1057.0682848564027	0.05551070000001346	epochs	2.0
1057.0682848564027	0.027843999999959124	epochs	3.0
1057.0961288564026	0.027666700000054334	epochs	3.0
1057.1237955564027	0.054810200000019904	epochs	2.0
1057.1237955564027	0.02749149999999645	epochs	3.0
1057.1512870564027	0.027318700000023455	epochs	3.0
1057.1786057564027	0.054126999999880354	epochs	2.0
1057.1786057564027	0.027147799999966082	epochs	3.0
1057.2057535564027	0.026979199999914272	epochs	3.0
1057.2327327564026	0.053460699999959616	epochs	2.0
1057.2327327564026	0.026812600000084785	epochs	3.0
1057.2595453564027	0.02664809999987483	epochs	3.0
1057.2861934564025	0.05281070000000909	epochs	2.0
1057.2861934564025	0.026485600000114573	epochs	3.0
1057.3126790564027	0.02632509999989452	epochs	3.0
1057.3390041564026	0.05217620000007628	epochs	2.0
1057.3390041564026	0.026166399999965506	epochs	3.0
1057.3651705564025	0.026009800000110772	epochs	3.0
1057.3911803564026	0.051556699999991906	epochs	2.0
1057.3911803564026	0.025854799999933675	epochs	3.0
1057.4170351564026	0.02570190000005823	epochs	3.0
1057.4427370564026	0.05095189999997274	epochs	2.0
1057.4427370564026	0.025550699999939752	epochs	3.0
1057.4682877564026	0.025401200000032986	epochs	3.0
1057.4936889564026	0.05036100000006627	epochs	2.0
1057.4936889564026	0.025253499999962514	epochs	3.0
1057.5189424564026	0.025107500000103755	epochs	3.0
1057.5440499564027	0.04978379999988647	epochs	2.0
1057.5440499564027	0.02496320000000196	epochs	3.0
1057.5690131564027	0.024820599999884507	epochs	3.0
1057.5938337564025	0.04921949999993558	epochs	2.0
1057.5938337564025	0.024679399999968155	epochs	3.0
1057.6185131564025	0.024540099999967424	epochs	3.0
1057.6430532564025	0.04866790000005494	epochs	2.0
1057.6430532564025	0.024402100000088467	epochs	3.0
1057.6674553564026	0.024265799999966475	epochs	3.0
1057.6917211564025	0.04812860000015462	epochs	2.0
1057.6917211564025	0.024131000000124914	epochs	3.0
1057.7158521564027	0.023997600000029706	epochs	3.0
1057.7398497564027	0.04760109999983797	epochs	2.0
1057.7398497564027	0.02386579999983951	epochs	3.0
1057.7637155564025	0.02373529999999846	epochs	3.0
1057.7874508564025	0.04708500000015192	epochs	2.0
1057.7874508564025	0.023606299999983094	epochs	3.0
1057.8110571564025	0.02347870000016883	epochs	3.0
1057.8345358564027	0.046579999999948996	epochs	2.0
1057.8345358564027	0.023352499999873544	epochs	3.0
1057.8578883564026	0.02322750000007545	epochs	3.0
1057.8811158564026	0.046085700000048746	epochs	2.0
1057.8811158564026	0.02310399999987567	epochs	3.0
1057.9042198564025	0.022981700000173078	epochs	3.0
1057.9272015564027	0.045601799999985815	epochs	2.0
1057.9272015564027	0.02286069999991014	epochs	3.0
1057.9500622564026	0.022741100000075676	epochs	3.0
1057.9728033564027	0.045127899999897636	epochs	2.0
1057.9728033564027	0.022622499999897627	epochs	3.0
1057.9954258564026	0.02250540000000001	epochs	3.0
1058.0179312564026	0.0446638000000803	epochs	2.0
1058.0179312564026	0.02238929999998618	epochs	3.0
1058.0403205564025	0.022274500000094122	epochs	3.0
1058.0625950564026	0.044209199999841076	epochs	2.0
1058.0625950564026	0.022160799999937808	epochs	3.0
1058.0847558564026	0.022048399999903268	epochs	3.0
1058.1068042564025	0.04376360000014756	epochs	2.0
1058.1068042564025	0.021936900000127935	epochs	3.0
1058.1287411564026	0.021826700000019628	epochs	3.0
1058.1505678564026	0.04332709999994222	epochs	2.0
1058.1505678564026	0.021717599999874437	epochs	3.0
1058.1722854564025	0.021609500000067783	epochs	3.0
1058.1938949564026	0.04289900000003399	epochs	2.0
1058.1938949564026	0.02150249999999687	epochs	3.0
1058.2153974564026	0.021396500000037122	epochs	3.0
1058.2367939564026	0.04247949999989942	epochs	2.0
1058.2367939564026	0.021291699999892444	epochs	3.0
1058.2580856564025	0.021187800000006973	epochs	3.0
1058.2792734564025	0.04206790000012006	epochs	2.0
1058.2792734564025	0.02108490000000529	epochs	3.0
1058.3003583564025	0.02098300000011477	epochs	3.0
1058.3213413564026	0.04166439999994509	epochs	2.0
1058.3213413564026	0.020882199999959994	epochs	3.0
1058.3422235564026	0.020782199999985096	epochs	3.0
1058.3630057564026	0.04126850000011473	epochs	2.0
1058.3630057564026	0.020683299999973315	epochs	3.0
1058.3836890564025	0.020585200000141413	epochs	3.0
1058.4042742564027	0.0408799999997882	epochs	2.0
1058.4042742564027	0.020488099999965925	epochs	3.0
1058.4247623564027	0.02039189999982227	epochs	3.0
1058.4451542564025	0.04049880000002304	epochs	2.0
1058.4451542564025	0.0202966000001652	epochs	3.0
1058.4654508564026	0.02020219999985784	epochs	3.0
1058.4856530564025	0.04012460000012652	epochs	2.0
1058.4856530564025	0.02010870000003706	epochs	3.0
1058.5057617564025	0.02001590000008946	epochs	3.0
1058.5257776564026	0.03975730000001931	epochs	2.0
1058.5257776564026	0.0199241999998776	epochs	3.0
1058.5457018564025	0.019833100000141712	epochs	3.0
1058.5655349564026	0.03939669999999751	epochs	2.0
1058.5655349564026	0.019742999999834865	epochs	3.0
1058.5852779564025	0.019653700000162644	epochs	3.0
1058.6049316564026	0.03904239999997117	epochs	2.0
1058.6049316564026	0.019565099999908853	epochs	3.0
1058.6244967564026	0.019477300000062314	epochs	3.0
1058.6439740564026	0.03869459999987157	epochs	2.0
1058.6439740564026	0.019390400000020236	epochs	3.0
1058.6633644564026	0.019304199999851335	epochs	3.0
1058.6826686564025	0.03835290000006353	epochs	2.0
1058.6826686564025	0.019218800000089686	epochs	3.0
1058.7018874564026	0.01913409999997384	epochs	3.0
1058.7210215564025	0.03801720000001296	epochs	2.0
1058.7210215564025	0.019050200000037876	epochs	3.0
1058.7400717564026	0.018966999999975087	epochs	3.0
1058.7590387564026	0.03768719999993664	epochs	2.0
1058.7590387564026	0.01888450000001285	epochs	3.0
1058.7779232564026	0.01880269999992379	epochs	3.0
1058.7967259564025	0.03736309999999321	epochs	2.0
1058.7967259564025	0.018721700000014607	epochs	3.0
1058.8154476564025	0.018641399999978603	epochs	3.0
1058.8340890564025	0.037044300000161456	epochs	2.0
1058.8340890564025	0.018561600000111866	epochs	3.0
1058.8526506564026	0.01848270000004959	epochs	3.0
1058.8711333564027	0.03673099999991791	epochs	2.0
1058.8711333564027	0.018404299999929208	epochs	3.0
1058.8895376564026	0.018326699999988705	epochs	3.0
1058.9078643564026	0.03642289999993409	epochs	2.0
1058.9078643564026	0.018249599999990096	epochs	3.0
1058.9261139564026	0.018173299999943993	epochs	3.0
1058.9442872564025	0.03612010000006194	epochs	2.0
1058.9442872564025	0.018097600000146485	epochs	3.0
1058.9623848564027	0.018022499999915453	epochs	3.0
1058.9804073564026	0.035822100000132195	epochs	2.0
1058.9804073564026	0.017947900000081063	epochs	3.0
1058.9983552564026	0.017874200000051133	epochs	3.0
1059.0162294564027	0.03552899999999681	epochs	2.0
1059.0162294564027	0.01780079999980444	epochs	3.0
1059.0340302564025	0.017728200000192373	epochs	3.0
1059.0517584564027	0.03524069999980384	epochs	2.0
1059.0517584564027	0.01765609999984008	epochs	3.0
1059.0694145564025	0.017584599999963757	epochs	3.0
1059.0869991564025	0.03495710000015606	epochs	2.0
1059.0869991564025	0.017513700000108656	epochs	3.0
1059.1045128564026	0.017443400000047404	epochs	3.0
1059.1219562564027	0.034677899999906	epochs	2.0
1059.1219562564027	0.017373599999928047	epochs	3.0
1059.1393298564026	0.017304299999977957	epochs	3.0
1059.1566341564026	0.03440330000012182	epochs	2.0
1059.1566341564026	0.017235700000128418	epochs	3.0
1059.1738698564027	0.0171675999999934	epochs	3.0
1059.1910374564027	0.03413279999995211	epochs	2.0
1059.1910374564027	0.01709989999994832	epochs	3.0
1059.2081373564026	0.017032900000003792	epochs	3.0
1059.2251702564026	0.03386669999986225	epochs	2.0
1059.2251702564026	0.01696640000000116	epochs	3.0
1059.2421366564026	0.01690029999986109	epochs	3.0
1059.2590369564025	0.03360459999998966	epochs	2.0
1059.2590369564025	0.016834800000196992	epochs	3.0
1059.2758717564027	0.016769799999792667	epochs	3.0
1059.2926415564025	0.0333466000001863	epochs	2.0
1059.2926415564025	0.016705300000012357	epochs	3.0
1059.3093468564025	0.016641300000173942	epochs	3.0
1059.3259881564027	0.033092499999838765	epochs	2.0
1059.3259881564027	0.016577799999822673	epochs	3.0
1059.3425659564025	0.01651470000001609	epochs	3.0
1059.3590806564025	0.032842300000083924	epochs	2.0
1059.3590806564025	0.01645220000000336	epochs	3.0
1059.3755328564025	0.016390100000080565	epochs	3.0
1059.3919229564026	0.03259570000000167	epochs	2.0
1059.3919229564026	0.016328400000020338	epochs	3.0
1059.4082513564026	0.016267299999981333	epochs	3.0
1059.4245186564026	0.032352899999978035	epochs	2.0
1059.4245186564026	0.016206600000032267	epochs	3.0
1059.4407252564026	0.016146299999945768	epochs	3.0
1059.4568715564026	0.032113700000081735	epochs	2.0
1059.4568715564026	0.016086600000107865	epochs	3.0
1059.4729581564027	0.01602709999997387	epochs	3.0
1059.4889852564027	0.03187800000000607	epochs	2.0
1059.4889852564027	0.0159681999998611	epochs	3.0
1059.5049534564025	0.01590980000014497	epochs	3.0
1059.5208632564027	0.03164569999989908	epochs	2.0
1059.5208632564027	0.015851599999905375	epochs	3.0
1059.5367148564026	0.015794099999993705	epochs	3.0
1059.5525089564026	0.03141670000013619	epochs	2.0
1059.5525089564026	0.01573669999993399	epochs	3.0
1059.5682456564025	0.0156800000002022	epochs	3.0
1059.5839256564027	0.03119109999988723	epochs	2.0
1059.5839256564027	0.015623599999798898	epochs	3.0
1059.5995492564025	0.01556750000008833	epochs	3.0
1059.6151167564026	0.030968699999903038	epochs	2.0
1059.6151167564026	0.015511999999944237	epochs	3.0
1059.6306287564025	0.0154566999999588	epochs	3.0
1059.6460854564025	0.030749500000183616	epochs	2.0
1059.6460854564025	0.015401999999994587	epochs	3.0
1059.6614874564025	0.01534750000018903	epochs	3.0
1059.6768349564027	0.030533199999808858	epochs	2.0
1059.6768349564027	0.015293400000018664	epochs	3.0
1059.6921283564027	0.015239799999790193	epochs	3.0
1059.7073681564025	0.030320100000153616	epochs	2.0
1059.7073681564025	0.015186500000027081	epochs	3.0
1059.7225546564025	0.015133600000126535	epochs	3.0
1059.7376882564026	0.030109899999843037	epochs	2.0
1059.7376882564026	0.015081000000009226	epochs	3.0
1059.7527692564026	0.015028899999833811	epochs	3.0
1059.7677981564025	0.029902500000162036	epochs	2.0
1059.7677981564025	0.014977000000044427	epochs	3.0
1059.7827751564025	0.014925500000117609	epochs	3.0
1059.7977006564026	0.029698099999905025	epochs	2.0
1059.7977006564026	0.014874400000053356	epochs	3.0
1059.8125750564027	0.01482369999985167	epochs	3.0
1059.8273987564025	0.029496300000118936	epochs	2.0
1059.8273987564025	0.014773200000036013	epochs	3.0
1059.8421719564026	0.014723100000082923	epochs	3.0
1059.8568950564027	0.029297399999904883	epochs	2.0
1059.8568950564027	0.014673399999992398	epochs	3.0
1059.8715684564027	0.014623999999912485	epochs	3.0
1059.8861924564026	0.029101099999934377	epochs	2.0
1059.8861924564026	0.014574900000070556	epochs	3.0
1059.9007673564026	0.01452619999986382	epochs	3.0
1059.9152935564025	0.028907399999980044	epochs	2.0
1059.9152935564025	0.014477700000043114	epochs	3.0
1059.9297712564025	0.014429699999936929	epochs	3.0
1059.9442009564025	0.02871620000018993	epochs	2.0
1059.9442009564025	0.014381800000137446	epochs	3.0
1059.9585827564026	0.014334400000052483	epochs	3.0
1059.9729171564027	0.02852759999996124	epochs	2.0
1059.9729171564027	0.014287199999898803	epochs	3.0
1059.9872043564026	0.014240400000062436	epochs	3.0
1060.0014447564026	0.028341400000044814	epochs	2.0
1060.0014447564026	0.014193799999929979	epochs	3.0
1060.0156385564026	0.014147600000114835	epochs	3.0
1060.0297861564027	0.02815769999983786	epochs	2.0
1060.0297861564027	0.014101699999855555	epochs	3.0
1060.0438878564025	0.014055999999982305	epochs	3.0
1060.0579438564025	0.027976300000091214	epochs	2.0
1060.0579438564025	0.014010600000119666	epochs	3.0
1060.0719544564026	0.013965699999971548	epochs	3.0
1060.0859201564026	0.027797199999895383	epochs	2.0
1060.0859201564026	0.013920800000050804	epochs	3.0
1060.0998409564027	0.01387639999984458	epochs	3.0
1060.1137173564025	0.02762040000015986	epochs	2.0
1060.1137173564025	0.013832200000024386	epochs	3.0
1060.1275495564025	0.013788200000135475	epochs	3.0
1060.1413377564027	0.027445899999975154	epochs	2.0
1060.1413377564027	0.013744599999881757	epochs	3.0
1060.1550823564025	0.013701300000093397	epochs	3.0
1060.1687836564026	0.027273499999864725	epochs	2.0
1060.1687836564026	0.013658200000008947	epochs	3.0
1060.1824418564026	0.013615299999855779	epochs	3.0
1060.1960571564025	0.027103399999987232	epochs	2.0
1060.1960571564025	0.013572800000019924	epochs	3.0
1060.2096299564025	0.013530599999967308	epochs	3.0
1060.2231605564025	0.02693520000002536	epochs	2.0
1060.2231605564025	0.013488400000142065	epochs	3.0
1060.2366489564026	0.013446799999883297	epochs	3.0
1060.2500957564025	0.026769199999989723	epochs	2.0
1060.2500957564025	0.013405200000079276	epochs	3.0
1060.2635009564026	0.013363999999910448	epochs	3.0
1060.2768649564025	0.02660520000017641	epochs	2.0
1060.2768649564025	0.013322900000048321	epochs	3.0
1060.2901878564026	0.013282300000128089	epochs	3.0
1060.3034701564027	0.0264431999999033	epochs	2.0
1060.3034701564027	0.013241699999980483	epochs	3.0
1060.3167118564027	0.013201499999922817	epochs	3.0
1060.3299133564026	0.026283200000079887	epochs	2.0
1060.3299133564026	0.013161500000023807	epochs	3.0
1060.3430748564026	0.01312170000005608	epochs	3.0
1060.3561965564027	0.026124999999865395	epochs	2.0
1060.3561965564027	0.013082100000019636	epochs	3.0
1060.3692786564027	0.013042899999845758	epochs	3.0
1060.3823215564025	0.025968899999952555	epochs	2.0
1060.3823215564025	0.01300390000005791	epochs	3.0
1060.3953254564026	0.012964999999894644	epochs	3.0
1060.4082904564025	0.025814500000024054	epochs	2.0
1060.4082904564025	0.012926400000196736	epochs	3.0
1060.4212168564027	0.012888099999827318	epochs	3.0
1060.4341049564025	0.02566190000015922	epochs	2.0
1060.4341049564025	0.012849899999991976	epochs	3.0
1060.4469548564025	0.012812000000167245	epochs	3.0
1060.4597668564027	0.025511199999982637	epochs	2.0
1060.4597668564027	0.012774399999898378	epochs	3.0
1060.4725412564026	0.012736800000084258	epochs	3.0
1060.4852780564026	0.02536229999986972	epochs	2.0
1060.4852780564026	0.01269969999998466	epochs	3.0
1060.4979777564026	0.01266259999988506	epochs	3.0
1060.5106403564025	0.02521500000011656	epochs	2.0
1060.5106403564025	0.012625800000023446	epochs	3.0
1060.5232661564025	0.012589200000093115	epochs	3.0
1060.5358553564026	0.024584799999956886	epochs	2.0
1060.5594472564026	0.5	epochs	-1.0
1060.5604401564026	0.5297599999998965	epochs	1.0
1061.0902001564025	0.47016000000007807	epochs	0.0
1061.478000164032	0.049359999999978754	epochs	0.0
1061.478000164032	0.019684800000050018	epochs	1.0
1061.497684964032	0.009990399999878719	epochs	1.0
1061.507675364032	0.019684800000050018	epochs	1.0
1061.527440164032	2.0	epochs	0.0
1063.527407264032	0.5	epochs	-1.0
1063.527440164032	21.509759999999915	epochs	0.0
1063.527440164032	1.0	epochs	1.0
1064.027407264032	19.999039999999923	epochs	-1.0
1064.527440164032	20.0	epochs	1.0
1064.527440164032	4.356753900000058	epochs	-1.0
1064.527440164032	1.9745872000000873	epochs	2.0
1064.527440164032	1.0985622000000603	epochs	3.0
1065.626002364032	0.8760250000000269	epochs	3.0
1066.502027364032	1.3524074999997993	epochs	2.0
1066.502027364032	0.7286354999998821	epochs	3.0
1067.230662864032	0.6237719999999172	epochs	3.0
1067.8544348640319	1.0297592000001714	epochs	2.0
1067.8544348640319	0.5453293000000485	epochs	3.0
1068.399764164032	0.48442990000012287	epochs	3.0
1068.884194064032	0.8317861999998968	epochs	2.0
1068.884194064032	0.4357763000000432	epochs	3.0
1069.319970364032	0.3960098999998536	epochs	3.0
1069.715980264032	0.6977970000000369	epochs	2.0
1069.715980264032	0.3628982000000178	epochs	3.0
1070.078878464032	0.33489880000001904	epochs	3.0
1070.413777264032	0.601045699999986	epochs	2.0
1070.413777264032	0.3109122999999272	epochs	3.0
1070.724689564032	0.2901334000000588	epochs	3.0
1071.014822964032	0.5278859000000011	epochs	2.0
1071.014822964032	0.2719586000000618	epochs	3.0
1071.286781564032	0.25592729999993935	epochs	3.0
1071.542708864032	0.470619299999953	epochs	2.0
1071.542708864032	0.241681299999982	epochs	3.0
1071.784390164032	0.228937999999971	epochs	3.0
1072.013328164032	0.42457039999999324	epochs	2.0
1072.013328164032	0.21747140000002219	epochs	3.0
1072.230799564032	0.20709899999997106	epochs	3.0
1072.437898564032	0.3867354000001342	epochs	2.0
1072.437898564032	0.19767109999997956	epochs	3.0
1072.635569664032	0.18906430000015462	epochs	3.0
1072.824633964032	0.35509529999990264	epochs	2.0
1072.824633964032	0.18117589999997108	epochs	3.0
1073.005809864032	0.17391939999993156	epochs	3.0
1073.179729264032	0.3282431000000088	epochs	2.0
1073.179729264032	0.16722189999995862	epochs	3.0
1073.346951164032	0.16102120000005016	epochs	3.0
1073.507972364032	0.30516800000009425	epochs	2.0
1073.507972364032	0.15526390000013635	epochs	3.0
1073.663236264032	0.1499040999999579	epochs	3.0
1073.813140364032	0.28512529999989056	epochs	2.0
1073.813140364032	0.14490209999985382	epochs	3.0
1073.958042464032	0.14022320000003674	epochs	3.0
1074.098265664032	0.267553800000087	epochs	2.0
1074.098265664032	0.1358368999999584	epochs	3.0
1074.234102564032	0.1317169000001286	epochs	3.0
1074.365819464032	0.252022899999929	epochs	2.0
1074.365819464032	0.1278393000000051	epochs	3.0
1074.493658764032	0.1241835999999239	epochs	3.0
1074.617842364032	0.23819649999995818	epochs	2.0
1074.617842364032	0.12073110000005727	epochs	3.0
1074.738573464032	0.11746539999990091	epochs	3.0
1074.856038864032	0.2258088000000953	epochs	2.0
1074.856038864032	0.11437190000015107	epochs	3.0
1074.970410764032	0.11143689999994422	epochs	3.0
1075.081847664032	0.21464599999990241	epochs	2.0
1075.081847664032	0.10864889999993466	epochs	3.0
1075.190496564032	0.10599709999996776	epochs	3.0
1075.296493664032	0.20453500000007807	epochs	2.0
1075.296493664032	0.10347150000006877	epochs	3.0
1075.399965164032	0.1010635000000093	epochs	3.0
1075.501028664032	0.19533400000000256	epochs	2.0
1075.501028664032	0.09876510000003691	epochs	3.0
1075.599793764032	0.09656889999996565	epochs	3.0
1075.696362664032	0.18692529999998442	epochs	2.0
1075.696362664032	0.09446830000001682	epochs	3.0
1075.790830964032	0.09245699999996759	epochs	3.0
1075.883287964032	0.1792107000001124	epochs	2.0
1075.883287964032	0.0905296000000817	epochs	3.0
1075.973817564032	0.08868110000003071	epochs	3.0
1076.062498664032	0.17210769999996955	epochs	2.0
1076.062498664032	0.08690629999978228	epochs	3.0
1076.1494049640319	0.08520140000018728	epochs	3.0
1076.234606364032	0.1655463999998119	epochs	2.0
1076.234606364032	0.08356189999994967	epochs	3.0
1076.318168264032	0.08198449999986224	epochs	3.0
1076.4001527640319	0.15946710000002895	epochs	2.0
1076.4001527640319	0.08046540000009372	epochs	3.0
1076.480618164032	0.07900169999993523	epochs	3.0
1076.559619864032	0.15381840000009106	epochs	2.0
1076.559619864032	0.07759010000017952	epochs	3.0
1076.637209964032	0.07622829999991154	epochs	3.0
1076.713438264032	0.14855639999996129	epochs	2.0
1076.713438264032	0.07491329999993468	epochs	3.0
1076.788351564032	0.0736431000000266	epochs	3.0
1076.861994664032	0.14364240000008976	epochs	2.0
1076.861994664032	0.07241500000009182	epochs	3.0
1076.934409664032	0.07122739999999794	epochs	3.0
1077.005637064032	0.13904309999998077	epochs	2.0
1077.005637064032	0.07007799999996678	epochs	3.0
1077.075715064032	0.06896510000001399	epochs	3.0
1077.144680164032	0.13472929999988992	epochs	2.0
1077.144680164032	0.0678871000000072	epochs	3.0
1077.212567264032	0.06684219999988272	epochs	3.0
1077.279409464032	0.1306752000000415	epochs	2.0
1077.279409464032	0.06582909999997355	epochs	3.0
1077.345238564032	0.06484610000006796	epochs	3.0
1077.410084664032	0.1268577999999252	epochs	2.0
1077.410084664032	0.06389200000012352	epochs	3.0
1077.473976664032	0.06296579999980167	epochs	3.0
1077.5369424640319	0.12325720000012552	epochs	2.0
1077.5369424640319	0.06206580000002759	epochs	3.0
1077.599008264032	0.06119140000009793	epochs	3.0
1077.660199664032	0.11985540000000583	epochs	2.0
1077.660199664032	0.060341099999959624	epochs	3.0
1077.720540764032	0.059514300000046205	epochs	3.0
1077.780055064032	0.1166361999999026	epochs	2.0
1077.780055064032	0.058709599999929196	epochs	3.0
1077.838764664032	0.057926599999973405	epochs	3.0
1077.896691264032	0.11358560000007856	epochs	2.0
1077.896691264032	0.05716419999998834	epochs	3.0
1077.953855464032	0.056421400000090216	epochs	3.0
1078.010276864032	0.11069049999991876	epochs	2.0
1078.010276864032	0.055697900000041045	epochs	3.0
1078.065974764032	0.05499259999987771	epochs	3.0
1078.120967364032	0.1079391000000669	epochs	2.0
1078.120967364032	0.05430490000003374	epochs	3.0
1078.175272264032	0.05363420000003316	epochs	3.0
1078.228906464032	0.10532149999994544	epochs	2.0
1078.228906464032	0.05297999999993408	epochs	3.0
1078.281886464032	0.052341500000011365	epochs	3.0
1078.334227964032	0.10282759999995505	epochs	2.0
1078.334227964032	0.05171810000001642	epochs	3.0
1078.385946064032	0.051109499999938635	epochs	3.0
1078.4370555640319	0.10044910000010532	epochs	2.0
1078.4370555640319	0.050514900000052876	epochs	3.0
1078.487570464032	0.04993420000005244	epochs	3.0
1078.537504664032	0.0981782999999723	epochs	2.0
1078.537504664032	0.04936659999998483	epochs	3.0
1078.586871264032	0.04881169999998747	epochs	3.0
1078.635682964032	0.09600780000005216	epochs	2.0
1078.635682964032	0.04826920000004975	epochs	3.0
1078.683952164032	0.04773860000000241	epochs	3.0
1078.731690764032	0.09393120000004274	epochs	2.0
1078.731690764032	0.04721949999998287	epochs	3.0
1078.778910264032	0.046711700000059864	epochs	3.0
1078.825621964032	0.09194260000003851	epochs	2.0
1078.825621964032	0.046214599999984785	epochs	3.0
1078.871836564032	0.045728000000053726	epochs	3.0
1078.917564564032	0.09003629999983787	epochs	2.0
1078.917564564032	0.045251499999949374	epochs	3.0
1078.962816064032	0.04478479999988849	epochs	3.0
1079.007600864032	0.08820760000003247	epochs	2.0
1079.007600864032	0.044327800000019124	epochs	3.0
1079.051928664032	0.04387980000001335	epochs	3.0
1079.095808464032	0.0864516999999978	epochs	2.0
1079.095808464032	0.04344100000002982	epochs	3.0
1079.139249464032	0.04301069999996798	epochs	3.0
1079.182260164032	0.08476429999996071	epochs	2.0
1079.182260164032	0.04258900000013455	epochs	3.0
1079.224849164032	0.042175299999826166	epochs	3.0
1079.267024464032	0.08314150000001064	epochs	2.0
1079.267024464032	0.04176970000003166	epochs	3.0
1079.308794164032	0.041371799999978975	epochs	3.0
1079.350165964032	0.08157970000002024	epochs	2.0
1079.350165964032	0.040981399999964196	epochs	3.0
1079.391147364032	0.04059830000005604	epochs	3.0
1079.431745664032	0.08007550000002084	epochs	2.0
1079.431745664032	0.040222300000095856	epochs	3.0
1079.471967964032	0.03985319999992498	epochs	3.0
1079.511821164032	0.07862569999997504	epochs	2.0
1079.511821164032	0.039490800000066884	epochs	3.0
1079.551311964032	0.03913489999990816	epochs	3.0
1079.590446864032	0.07722760000001472	epochs	2.0
1079.590446864032	0.038785400000051595	epochs	3.0
1079.629232264032	0.03844219999996312	epochs	3.0
1079.667674464032	0.07587820000003376	epochs	2.0
1079.667674464032	0.03810479999992822	epochs	3.0
1079.705779264032	0.03777340000010554	epochs	3.0
1079.743552664032	0.0745752000000266	epochs	2.0
1079.743552664032	0.03744770000002973	epochs	3.0
1079.781000364032	0.03712749999999687	epochs	3.0
1079.818127864032	0.07331629999998768	epochs	2.0
1079.818127864032	0.03681289999985893	epochs	3.0
1079.8549407640319	0.03650340000012875	epochs	3.0
1079.891444164032	0.07209899999998015	epochs	2.0
1079.891444164032	0.03619909999997617	epochs	3.0
1079.927643264032	0.03589990000000398	epochs	3.0
1079.963543164032	0.07092170000009901	epochs	2.0
1079.963543164032	0.03560560000005353	epochs	3.0
1079.999148764032	0.03531610000004548	epochs	3.0
1080.034464864032	0.06978199999980461	epochs	2.0
1080.034464864032	0.03503119999982118	epochs	3.0
1080.069496064032	0.03475079999998343	epochs	3.0
1080.104246864032	0.06867860000011206	epochs	2.0
1080.104246864032	0.03447510000000875	epochs	3.0
1080.138721964032	0.034203500000103304	epochs	3.0
1080.172925464032	0.06760929999995824	epochs	2.0
1080.172925464032	0.033936199999970995	epochs	3.0
1080.206861664032	0.033673099999987244	epochs	3.0
1080.240534764032	0.06657289999998284	epochs	2.0
1080.240534764032	0.03341399999999339	epochs	3.0
1080.273948764032	0.033158899999989444	epochs	3.0
1080.307107664032	0.06556780000005347	epochs	2.0
1080.307107664032	0.03290770000012344	epochs	3.0
1080.340015364032	0.032660099999930026	epochs	3.0
1080.372675464032	0.06459259999996902	epochs	2.0
1080.372675464032	0.03241639999987456	epochs	3.0
1080.4050918640319	0.03217620000009447	epochs	3.0
1080.437268064032	0.06364600000006249	epochs	2.0
1080.437268064032	0.03193959999998697	epochs	3.0
1080.469207664032	0.03170640000007552	epochs	3.0
1080.500914064032	0.0627266999999847	epochs	2.0
1080.500914064032	0.031476599999905375	epochs	3.0
1080.532390664032	0.03125010000007933	epochs	3.0
1080.563640764032	0.06183359999999993	epochs	2.0
1080.563640764032	0.03102689999991526	epochs	3.0
1080.594667664032	0.030806700000084675	epochs	3.0
1080.625474364032	0.060965599999917686	epochs	2.0
1080.625474364032	0.030589799999916067	epochs	3.0
1080.656064164032	0.030375800000001618	epochs	3.0
1080.686439964032	0.06012160000000222	epochs	2.0
1080.686439964032	0.030164900000045236	epochs	3.0
1080.716604864032	0.02995669999995698	epochs	3.0
1080.746561564032	0.05930069999999432	epochs	2.0
1080.746561564032	0.029751600000054168	epochs	3.0
1080.776313164032	0.029549099999940154	epochs	3.0
1080.805862264032	0.058501800000158255	epochs	2.0
1080.805862264032	0.02934940000000097	epochs	3.0
1080.835211664032	0.029152400000157286	epochs	3.0
1080.864364064032	0.05772419999993872	epochs	2.0
1080.864364064032	0.028957999999875028	epochs	3.0
1080.893322064032	0.02876620000006369	epochs	3.0
1080.922088264032	0.05696710000006533	epochs	2.0
1080.922088264032	0.028577000000041153	epochs	3.0
1080.950665264032	0.028390100000024177	epochs	3.0
1080.979055364032	0.05622949999997218	epochs	2.0
1080.979055364032	0.028205699999944045	epochs	3.0
1081.007261064032	0.028023800000028132	epochs	3.0
1081.035284864032	0.05551070000001346	epochs	2.0
1081.035284864032	0.027843999999959124	epochs	3.0
1081.063128864032	0.027666700000054334	epochs	3.0
1081.090795564032	0.054810200000019904	epochs	2.0
1081.090795564032	0.02749149999999645	epochs	3.0
1081.118287064032	0.027318700000023455	epochs	3.0
1081.145605764032	0.054126999999880354	epochs	2.0
1081.145605764032	0.027147799999966082	epochs	3.0
1081.172753564032	0.026979199999914272	epochs	3.0
1081.199732764032	0.053460699999959616	epochs	2.0
1081.199732764032	0.026812600000084785	epochs	3.0
1081.226545364032	0.02664809999987483	epochs	3.0
1081.253193464032	0.05281070000000909	epochs	2.0
1081.253193464032	0.026485600000114573	epochs	3.0
1081.279679064032	0.02632509999989452	epochs	3.0
1081.306004164032	0.05217620000007628	epochs	2.0
1081.306004164032	0.026166399999965506	epochs	3.0
1081.332170564032	0.026009800000110772	epochs	3.0
1081.358180364032	0.051556699999991906	epochs	2.0
1081.358180364032	0.025854799999933675	epochs	3.0
1081.384035164032	0.02570190000005823	epochs	3.0
1081.409737064032	0.05095189999997274	epochs	2.0
1081.409737064032	0.025550699999939752	epochs	3.0
1081.435287764032	0.025401200000032986	epochs	3.0
1081.460688964032	0.05036100000006627	epochs	2.0
1081.460688964032	0.025253499999962514	epochs	3.0
1081.485942464032	0.025107500000103755	epochs	3.0
1081.511049964032	0.04978379999988647	epochs	2.0
1081.511049964032	0.02496320000000196	epochs	3.0
1081.536013164032	0.024820599999884507	epochs	3.0
1081.560833764032	0.04921949999993558	epochs	2.0
1081.560833764032	0.024679399999968155	epochs	3.0
1081.585513164032	0.024540099999967424	epochs	3.0
1081.6100532640319	0.04866790000005494	epochs	2.0
1081.6100532640319	0.024402100000088467	epochs	3.0
1081.634455364032	0.024265799999966475	epochs	3.0
1081.658721164032	0.04812860000015462	epochs	2.0
1081.658721164032	0.024131000000124914	epochs	3.0
1081.682852164032	0.023997600000029706	epochs	3.0
1081.706849764032	0.04760109999983797	epochs	2.0
1081.706849764032	0.02386579999983951	epochs	3.0
1081.730715564032	0.02373529999999846	epochs	3.0
1081.754450864032	0.04708500000015192	epochs	2.0
1081.754450864032	0.023606299999983094	epochs	3.0
1081.778057164032	0.02347870000016883	epochs	3.0
1081.801535864032	0.046579999999948996	epochs	2.0
1081.801535864032	0.023352499999873544	epochs	3.0
1081.824888364032	0.02322750000007545	epochs	3.0
1081.848115864032	0.046085700000048746	epochs	2.0
1081.848115864032	0.02310399999987567	epochs	3.0
1081.871219864032	0.022981700000173078	epochs	3.0
1081.894201564032	0.045601799999985815	epochs	2.0
1081.894201564032	0.02286069999991014	epochs	3.0
1081.917062264032	0.022741100000075676	epochs	3.0
1081.939803364032	0.045127899999897636	epochs	2.0
1081.939803364032	0.022622499999897627	epochs	3.0
1081.962425864032	0.02250540000000001	epochs	3.0
1081.984931264032	0.0446638000000803	epochs	2.0
1081.984931264032	0.02238929999998618	epochs	3.0
1082.007320564032	0.022274500000094122	epochs	3.0
1082.029595064032	0.044209199999841076	epochs	2.0
1082.029595064032	0.022160799999937808	epochs	3.0
1082.051755864032	0.022048399999903268	epochs	3.0
1082.0738042640319	0.04376360000014756	epochs	2.0
1082.0738042640319	0.021936900000127935	epochs	3.0
1082.095741164032	0.021826700000019628	epochs	3.0
1082.117567864032	0.04332709999994222	epochs	2.0
1082.117567864032	0.021717599999874437	epochs	3.0
1082.139285464032	0.021609500000067783	epochs	3.0
1082.160894964032	0.04289900000003399	epochs	2.0
1082.160894964032	0.02150249999999687	epochs	3.0
1082.182397464032	0.021396500000037122	epochs	3.0
1082.203793964032	0.04247949999989942	epochs	2.0
1082.203793964032	0.021291699999892444	epochs	3.0
1082.225085664032	0.021187800000006973	epochs	3.0
1082.246273464032	0.04206790000012006	epochs	2.0
1082.246273464032	0.02108490000000529	epochs	3.0
1082.267358364032	0.02098300000011477	epochs	3.0
1082.288341364032	0.04166439999994509	epochs	2.0
1082.288341364032	0.020882199999959994	epochs	3.0
1082.309223564032	0.020782199999985096	epochs	3.0
1082.330005764032	0.04126850000011473	epochs	2.0
1082.330005764032	0.020683299999973315	epochs	3.0
1082.350689064032	0.020585200000141413	epochs	3.0
1082.371274264032	0.0408799999997882	epochs	2.0
1082.371274264032	0.020488099999965925	epochs	3.0
1082.391762364032	0.02039189999982227	epochs	3.0
1082.4121542640319	0.04049880000002304	epochs	2.0
1082.4121542640319	0.0202966000001652	epochs	3.0
1082.432450864032	0.02020219999985784	epochs	3.0
1082.452653064032	0.04012460000012652	epochs	2.0
1082.452653064032	0.02010870000003706	epochs	3.0
1082.472761764032	0.02001590000008946	epochs	3.0
1082.492777664032	0.03975730000001931	epochs	2.0
1082.492777664032	0.0199241999998776	epochs	3.0
1082.512701864032	0.019833100000141712	epochs	3.0
1082.532534964032	0.03939669999999751	epochs	2.0
1082.532534964032	0.019742999999834865	epochs	3.0
1082.5522779640319	0.019653700000162644	epochs	3.0
1082.571931664032	0.03904239999997117	epochs	2.0
1082.571931664032	0.019565099999908853	epochs	3.0
1082.591496764032	0.019477300000062314	epochs	3.0
1082.610974064032	0.03869459999987157	epochs	2.0
1082.610974064032	0.019390400000020236	epochs	3.0
1082.630364464032	0.019304199999851335	epochs	3.0
1082.6496686640319	0.03835290000006353	epochs	2.0
1082.6496686640319	0.019218800000089686	epochs	3.0
1082.668887464032	0.01913409999997384	epochs	3.0
1082.688021564032	0.03801720000001296	epochs	2.0
1082.688021564032	0.019050200000037876	epochs	3.0
1082.707071764032	0.018966999999975087	epochs	3.0
1082.726038764032	0.03768719999993664	epochs	2.0
1082.726038764032	0.01888450000001285	epochs	3.0
1082.744923264032	0.01880269999992379	epochs	3.0
1082.763725964032	0.03736309999999321	epochs	2.0
1082.763725964032	0.018721700000014607	epochs	3.0
1082.782447664032	0.018641399999978603	epochs	3.0
1082.8010890640319	0.037044300000161456	epochs	2.0
1082.8010890640319	0.018561600000111866	epochs	3.0
1082.819650664032	0.01848270000004959	epochs	3.0
1082.838133364032	0.03673099999991791	epochs	2.0
1082.838133364032	0.018404299999929208	epochs	3.0
1082.856537664032	0.018326699999988705	epochs	3.0
1082.874864364032	0.03642289999993409	epochs	2.0
1082.874864364032	0.018249599999990096	epochs	3.0
1082.893113964032	0.018173299999943993	epochs	3.0
1082.911287264032	0.03612010000006194	epochs	2.0
1082.911287264032	0.018097600000146485	epochs	3.0
1082.929384864032	0.018022499999915453	epochs	3.0
1082.947407364032	0.035822100000132195	epochs	2.0
1082.947407364032	0.017947900000081063	epochs	3.0
1082.965355264032	0.017874200000051133	epochs	3.0
1082.983229464032	0.03552899999999681	epochs	2.0
1082.983229464032	0.01780079999980444	epochs	3.0
1083.001030264032	0.017728200000192373	epochs	3.0
1083.018758464032	0.03524069999980384	epochs	2.0
1083.018758464032	0.01765609999984008	epochs	3.0
1083.036414564032	0.017584599999963757	epochs	3.0
1083.053999164032	0.03495710000015606	epochs	2.0
1083.053999164032	0.017513700000108656	epochs	3.0
1083.071512864032	0.017443400000047404	epochs	3.0
1083.088956264032	0.034677899999906	epochs	2.0
1083.088956264032	0.017373599999928047	epochs	3.0
1083.106329864032	0.017304299999977957	epochs	3.0
1083.123634164032	0.03440330000012182	epochs	2.0
1083.123634164032	0.017235700000128418	epochs	3.0
1083.140869864032	0.0171675999999934	epochs	3.0
1083.158037464032	0.03413279999995211	epochs	2.0
1083.158037464032	0.01709989999994832	epochs	3.0
1083.175137364032	0.017032900000003792	epochs	3.0
1083.192170264032	0.03386669999986225	epochs	2.0
1083.192170264032	0.01696640000000116	epochs	3.0
1083.209136664032	0.01690029999986109	epochs	3.0
1083.226036964032	0.03360459999998966	epochs	2.0
1083.226036964032	0.016834800000196992	epochs	3.0
1083.242871764032	0.016769799999792667	epochs	3.0
1083.2596415640319	0.0333466000001863	epochs	2.0
1083.2596415640319	0.016705300000012357	epochs	3.0
1083.276346864032	0.016641300000173942	epochs	3.0
1083.292988164032	0.033092499999838765	epochs	2.0
1083.292988164032	0.016577799999822673	epochs	3.0
1083.309565964032	0.01651470000001609	epochs	3.0
1083.326080664032	0.032842300000083924	epochs	2.0
1083.326080664032	0.01645220000000336	epochs	3.0
1083.342532864032	0.016390100000080565	epochs	3.0
1083.358922964032	0.03259570000000167	epochs	2.0
1083.358922964032	0.016328400000020338	epochs	3.0
1083.375251364032	0.016267299999981333	epochs	3.0
1083.391518664032	0.032352899999978035	epochs	2.0
1083.391518664032	0.016206600000032267	epochs	3.0
1083.407725264032	0.016146299999945768	epochs	3.0
1083.423871564032	0.032113700000081735	epochs	2.0
1083.423871564032	0.016086600000107865	epochs	3.0
1083.439958164032	0.01602709999997387	epochs	3.0
1083.455985264032	0.03187800000000607	epochs	2.0
1083.455985264032	0.0159681999998611	epochs	3.0
1083.471953464032	0.01590980000014497	epochs	3.0
1083.487863264032	0.03164569999989908	epochs	2.0
1083.487863264032	0.015851599999905375	epochs	3.0
1083.503714864032	0.015794099999993705	epochs	3.0
1083.519508964032	0.03141670000013619	epochs	2.0
1083.519508964032	0.01573669999993399	epochs	3.0
1083.535245664032	0.0156800000002022	epochs	3.0
1083.550925664032	0.03119109999988723	epochs	2.0
1083.550925664032	0.015623599999798898	epochs	3.0
1083.566549264032	0.01556750000008833	epochs	3.0
1083.582116764032	0.030968699999903038	epochs	2.0
1083.582116764032	0.015511999999944237	epochs	3.0
1083.597628764032	0.0154566999999588	epochs	3.0
1083.6130854640319	0.030749500000183616	epochs	2.0
1083.6130854640319	0.015401999999994587	epochs	3.0
1083.6284874640319	0.01534750000018903	epochs	3.0
1083.643834964032	0.030533199999808858	epochs	2.0
1083.643834964032	0.015293400000018664	epochs	3.0
1083.659128364032	0.015239799999790193	epochs	3.0
1083.6743681640319	0.030320100000153616	epochs	2.0
1083.6743681640319	0.015186500000027081	epochs	3.0
1083.689554664032	0.015133600000126535	epochs	3.0
1083.704688264032	0.030109899999843037	epochs	2.0
1083.704688264032	0.015081000000009226	epochs	3.0
1083.719769264032	0.015028899999833811	epochs	3.0
1083.7347981640319	0.029902500000162036	epochs	2.0
1083.7347981640319	0.014977000000044427	epochs	3.0
1083.749775164032	0.014925500000117609	epochs	3.0
1083.764700664032	0.029698099999905025	epochs	2.0
1083.764700664032	0.014874400000053356	epochs	3.0
1083.779575064032	0.01482369999985167	epochs	3.0
1083.794398764032	0.029496300000118936	epochs	2.0
1083.794398764032	0.014773200000036013	epochs	3.0
1083.809171964032	0.014723100000082923	epochs	3.0
1083.823895064032	0.029297399999904883	epochs	2.0
1083.823895064032	0.014673399999992398	epochs	3.0
1083.838568464032	0.014623999999912485	epochs	3.0
1083.853192464032	0.029101099999934377	epochs	2.0
1083.853192464032	0.014574900000070556	epochs	3.0
1083.867767364032	0.01452619999986382	epochs	3.0
1083.882293564032	0.028907399999980044	epochs	2.0
1083.882293564032	0.014477700000043114	epochs	3.0
1083.896771264032	0.014429699999936929	epochs	3.0
1083.9112009640319	0.02871620000018993	epochs	2.0
1083.9112009640319	0.014381800000137446	epochs	3.0
1083.925582764032	0.014334400000052483	epochs	3.0
1083.939917164032	0.02852759999996124	epochs	2.0
1083.939917164032	0.014287199999898803	epochs	3.0
1083.954204364032	0.014240400000062436	epochs	3.0
1083.968444764032	0.028341400000044814	epochs	2.0
1083.968444764032	0.014193799999929979	epochs	3.0
1083.982638564032	0.014147600000114835	epochs	3.0
1083.996786164032	0.02815769999983786	epochs	2.0
1083.996786164032	0.014101699999855555	epochs	3.0
1084.010887864032	0.014055999999982305	epochs	3.0
1084.024943864032	0.027976300000091214	epochs	2.0
1084.024943864032	0.014010600000119666	epochs	3.0
1084.038954464032	0.013965699999971548	epochs	3.0
1084.052920164032	0.027797199999895383	epochs	2.0
1084.052920164032	0.013920800000050804	epochs	3.0
1084.066840964032	0.01387639999984458	epochs	3.0
1084.080717364032	0.02762040000015986	epochs	2.0
1084.080717364032	0.013832200000024386	epochs	3.0
1084.094549564032	0.013788200000135475	epochs	3.0
1084.108337764032	0.027445899999975154	epochs	2.0
1084.108337764032	0.013744599999881757	epochs	3.0
1084.122082364032	0.013701300000093397	epochs	3.0
1084.135783664032	0.027273499999864725	epochs	2.0
1084.135783664032	0.013658200000008947	epochs	3.0
1084.149441864032	0.013615299999855779	epochs	3.0
1084.163057164032	0.027103399999987232	epochs	2.0
1084.163057164032	0.013572800000019924	epochs	3.0
1084.176629964032	0.013530599999967308	epochs	3.0
1084.1901605640319	0.02693520000002536	epochs	2.0
1084.1901605640319	0.013488400000142065	epochs	3.0
1084.203648964032	0.013446799999883297	epochs	3.0
1084.217095764032	0.026769199999989723	epochs	2.0
1084.217095764032	0.013405200000079276	epochs	3.0
1084.230500964032	0.013363999999910448	epochs	3.0
1084.243864964032	0.02660520000017641	epochs	2.0
1084.243864964032	0.013322900000048321	epochs	3.0
1084.257187864032	0.013282300000128089	epochs	3.0
1084.270470164032	0.0264431999999033	epochs	2.0
1084.270470164032	0.013241699999980483	epochs	3.0
1084.283711864032	0.013201499999922817	epochs	3.0
1084.296913364032	0.026283200000079887	epochs	2.0
1084.296913364032	0.013161500000023807	epochs	3.0
1084.310074864032	0.01312170000005608	epochs	3.0
1084.323196564032	0.026124999999865395	epochs	2.0
1084.323196564032	0.013082100000019636	epochs	3.0
1084.336278664032	0.013042899999845758	epochs	3.0
1084.349321564032	0.025968899999952555	epochs	2.0
1084.349321564032	0.01300390000005791	epochs	3.0
1084.362325464032	0.012964999999894644	epochs	3.0
1084.3752904640319	0.025814500000024054	epochs	2.0
1084.3752904640319	0.012926400000196736	epochs	3.0
1084.388216864032	0.012888099999827318	epochs	3.0
1084.401104964032	0.02566190000015922	epochs	2.0
1084.401104964032	0.012849899999991976	epochs	3.0
1084.413954864032	0.012812000000167245	epochs	3.0
1084.426766864032	0.025511199999982637	epochs	2.0
1084.426766864032	0.012774399999898378	epochs	3.0
1084.439541264032	0.012736800000084258	epochs	3.0
1084.452278064032	0.02536229999986972	epochs	2.0
1084.452278064032	0.01269969999998466	epochs	3.0
1084.464977764032	0.01266259999988506	epochs	3.0
1084.477640364032	0.02521500000011656	epochs	2.0
1084.477640364032	0.012625800000023446	epochs	3.0
1084.490266164032	0.012589200000093115	epochs	3.0
1084.502855364032	0.024584799999956886	epochs	2.0
1084.526447264032	0.5	epochs	-1.0
1084.527440164032	0.5097599999999147	epochs	1.0
1085.037200164032	0.4901600000000599	epochs	0.0
1085.5100002288818	0.049359999999978754	epochs	0.0
1085.5100002288818	0.019684800000050018	epochs	1.0
1085.5296850288819	0.009990399999878719	epochs	1.0
1085.5396754288818	0.019684800000050018	epochs	1.0
1085.5594402288818	2.0	epochs	0.0
1087.559407328882	0.5	epochs	-1.0
1087.5594402288818	0.5100800000000163	epochs	0.0
1087.5594402288818	0.5100800000000163	epochs	1.0
1088.059407328882	0.01011289999996734	epochs	-1.0
1088.0695202288819	21.48983999999996	epochs	0.0
1089.534999847412	0.049359999999978754	epochs	0.0
1089.534999847412	0.019684800000050018	epochs	1.0
1089.5546846474122	0.009990399999878719	epochs	1.0
1089.564675047412	0.019684800000050018	epochs	1.0
1089.584439847412	2.0	epochs	0.0
1091.5844069474122	0.5	epochs	-1.0
1091.584439847412	0.5103200000000925	epochs	0.0
1091.584439847412	0.5103200000000925	epochs	1.0
1092.0844069474122	0.010352900000043519	epochs	-1.0
1092.0947598474122	21.489599999999882	epochs	0.0
1093.478000164032	0.049359999999978754	epochs	0.0
1093.478000164032	0.019684800000050018	epochs	1.0
1093.497684964032	0.009990399999878719	epochs	1.0
1093.507675364032	0.019684800000050018	epochs	1.0
1093.527440164032	2.0	epochs	0.0
1095.527407264032	0.5	epochs	-1.0
1095.527440164032	1.3703199999999924	epochs	0.0
1095.527440164032	1.0	epochs	1.0
1096.027407264032	0.8703528999999435	epochs	-1.0
1096.527440164032	0.37031999999999243	epochs	-1.0
1096.527440164032	0.37031999999999243	epochs	1.0
1096.527440164032	0.37031999999999243	epochs	2.0
1096.527440164032	0.37031999999999243	epochs	3.0
1096.897760164032	20.629599999999982	epochs	0.0
1097.268000125885	0.049359999999978754	epochs	0.0
1097.268000125885	0.019684800000050018	epochs	1.0
1097.287684925885	0.009990399999878719	epochs	1.0
1097.297675325885	0.019684800000050018	epochs	1.0
1097.317440125885	2.0	epochs	0.0
1099.317407225885	0.5	epochs	-1.0
1099.317440125885	0.5102400000000671	epochs	0.0
1099.317440125885	0.5102400000000671	epochs	1.0
1099.817407225885	0.010272900000018126	epochs	-1.0
1099.827680125885	21.489679999999908	epochs	0.0
1101.3029999732971	0.049359999999978754	epochs	0.0
1101.3029999732971	0.019684800000050018	epochs	1.0
1101.3226847732972	0.009990399999878719	epochs	1.0
1101.332675173297	0.019684800000050018	epochs	1.0
1101.3524399732971	2.0	epochs	0.0
1103.3524070732972	0.5	epochs	-1.0
1103.3524399732971	0.5106399999999667	epochs	0.0
1103.3524399732971	0.5106399999999667	epochs	1.0
1103.8524070732972	0.010672899999917718	epochs	-1.0
1103.863079973297	21.489280000000008	epochs	0.0
1105.2470002174377	0.049359999999978754	epochs	0.0
1105.2470002174377	0.019684800000050018	epochs	1.0
1105.2666850174378	0.009990399999878719	epochs	1.0
1105.2766754174377	0.019684800000050018	epochs	1.0
1105.2964402174377	2.0	epochs	0.0
1107.2964073174378	0.5	epochs	-1.0
1107.2964402174377	1.3705600000000686	epochs	0.0
1107.2964402174377	1.0	epochs	1.0
1107.7964073174378	0.8705929000000197	epochs	-1.0
1108.2964402174377	0.3705600000000686	epochs	-1.0
1108.2964402174377	0.3705600000000686	epochs	1.0
1108.2964402174377	0.3705600000000686	epochs	2.0
1108.2964402174377	0.3705600000000686	epochs	3.0
1108.6670002174378	20.629359999999906	epochs	0.0
1109.0479998588562	0.049359999999978754	epochs	0.0
1109.0479998588562	0.019684800000050018	epochs	1.0
1109.0676846588563	0.009990399999878719	epochs	1.0
1109.0776750588561	0.019684800000050018	epochs	1.0
1109.0974398588562	2.0	epochs	0.0
1111.0974069588563	0.5	epochs	-1.0
1111.0974398588562	1.3494399999999587	epochs	0.0
1111.0974398588562	1.0	epochs	1.0
1111.5974069588563	0.8494728999999097	epochs	-1.0
1112.0974398588562	0.3494399999999587	epochs	-1.0
1112.0974398588562	0.3494399999999587	epochs	1.0
1112.0974398588562	0.3494399999999587	epochs	2.0
1112.0974398588562	0.3494399999999587	epochs	3.0
1112.4468798588562	20.650480000000016	epochs	0.0
1112.840000152588	0.049359999999978754	epochs	0.0
1112.840000152588	0.019684800000050018	epochs	1.0
1112.859684952588	0.009990399999878719	epochs	1.0
1112.8696753525878	0.019684800000050018	epochs	1.0
1112.889440152588	2.0	epochs	0.0
1114.889407252588	0.5	epochs	-1.0
1114.889440152588	1.4100000000000819	epochs	0.0
1114.889440152588	1.0	epochs	1.0
1115.389407252588	0.9100329000000329	epochs	-1.0
1115.889440152588	0.41000000000008185	epochs	-1.0
1115.889440152588	0.41000000000008185	epochs	1.0
1115.889440152588	0.41000000000008185	epochs	2.0
1115.889440152588	0.41000000000008185	epochs	3.0
1116.299440152588	20.589919999999893	epochs	0.0
1116.6870002746582	0.049359999999978754	epochs	0.0
1116.6870002746582	0.019684800000050018	epochs	1.0
1116.7066850746583	0.009990399999878719	epochs	1.0
1116.7166754746581	0.019684800000050018	epochs	1.0
1116.7364402746582	2.0	epochs	0.0
1118.7364073746583	0.5	epochs	-1.0
1118.7364402746582	1.4702400000001035	epochs	0.0
1118.7364402746582	1.0	epochs	1.0
1119.2364073746583	0.9702729000000545	epochs	-1.0
1119.7364402746582	0.47024000000010346	epochs	-1.0
1119.7364402746582	0.47024000000010346	epochs	1.0
1119.7364402746582	0.47024000000010346	epochs	2.0
1119.7364402746582	0.47024000000010346	epochs	3.0
1120.2066802746583	20.52967999999987	epochs	0.0
1196.2480001449585	0.049359999999978754	epochs	0.0
1196.2480001449585	0.019684800000050018	epochs	1.0
1196.2676849449585	0.009990399999878719	epochs	1.0
1196.2776753449584	0.019684800000050018	epochs	1.0
1196.2974401449585	0.2299199999999928	epochs	0.0
1196.2974401449585	0.049999999999954525	epochs	1.0
1196.3474401449585	0.009999999999990905	epochs	1.0
1196.3574401449584	0.049999999999954525	epochs	1.0
1196.4074401449584	0.009999999999990905	epochs	1.0
1196.4174401449584	0.0500000000001819	epochs	1.0
1196.4674401449586	0.009999999999990905	epochs	1.0
1196.4774401449586	0.04991999999992913	epochs	1.0
