onset	duration	nwb_table	treelevel
10.332000255584717	0.09999999999999964	epochs	0.0
10.332000255584717	0.04499999999999993	epochs	1.0
10.377000255584717	0.009999999999999787	epochs	1.0
10.387000255584717	0.04499999999999993	epochs	1.0
10.432000255584716	0.7049950000000003	epochs	0.0
10.432000255584716	0.5	epochs	-1.0
10.432000255584716	0.5	epochs	-1.0
10.432000255584716	0.5	epochs	1.0
10.932000255584716	0.0600000000000005	epochs	-1.0
10.932000255584716	0.025000000000000355	epochs	-1.0
10.932000255584716	0.025000000000000355	epochs	1.0
10.957000255584717	0.009999999999999787	epochs	-1.0
10.957000255584717	0.009999999999999787	epochs	1.0
10.967000255584717	0.025000000000000355	epochs	-1.0
10.967000255584717	0.025000000000000355	epochs	1.0
10.992000255584717	0.0600000000000005	epochs	-1.0
10.992000255584717	0.025000000000000355	epochs	-1.0
10.992000255584717	0.025000000000000355	epochs	1.0
11.017000255584717	0.009999999999999787	epochs	-1.0
11.017000255584717	0.009999999999999787	epochs	1.0
11.027000255584717	0.025000000000000355	epochs	-1.0
11.027000255584717	0.025000000000000355	epochs	1.0
11.052000255584717	0.05999999999999872	epochs	-1.0
11.052000255584717	0.02499999999999858	epochs	-1.0
11.052000255584717	0.02499999999999858	epochs	1.0
11.077000255584716	0.010000000000001563	epochs	-1.0
11.077000255584716	0.010000000000001563	epochs	1.0
11.087000255584718	0.02499999999999858	epochs	-1.0
11.087000255584718	0.02499999999999858	epochs	1.0
11.112000255584716	0.024995000000000545	epochs	1.0
553.0310001373291	0.10000000000002274	epochs	0.0
553.0310001373291	0.04499999999995907	epochs	1.0
553.0760001373291	0.009999999999990905	epochs	1.0
553.086000137329	0.04500000000007276	epochs	1.0
553.1310001373291	0.7049949999999399	epochs	0.0
553.1310001373291	0.5	epochs	-1.0
553.1310001373291	0.5	epochs	1.0
553.6310001373291	0.05999999999994543	epochs	-1.0
553.6310001373291	0.024999999999977263	epochs	-1.0
553.6310001373291	0.024999999999977263	epochs	1.0
553.6560001373291	0.009999999999990905	epochs	-1.0
553.6560001373291	0.009999999999990905	epochs	1.0
553.6660001373291	0.024999999999977263	epochs	-1.0
553.6660001373291	0.024999999999977263	epochs	1.0
553.6910001373291	0.06000000000005912	epochs	-1.0
553.6910001373291	0.024999999999977263	epochs	-1.0
553.6910001373291	0.024999999999977263	epochs	1.0
553.716000137329	0.010000000000104592	epochs	-1.0
553.716000137329	0.010000000000104592	epochs	1.0
553.7260001373292	0.024999999999977263	epochs	-1.0
553.7260001373292	0.024999999999977263	epochs	1.0
553.7510001373291	0.05999999999994543	epochs	-1.0
553.7510001373291	0.024999999999977263	epochs	-1.0
553.7510001373291	0.024999999999977263	epochs	1.0
553.7760001373291	0.009999999999990905	epochs	-1.0
553.7760001373291	0.009999999999990905	epochs	1.0
553.7860001373291	0.024999999999977263	epochs	-1.0
553.7860001373291	0.024999999999977263	epochs	1.0
553.8110001373291	0.024994999999989886	epochs	1.0
599.3359999656677	0.10000000000002274	epochs	0.0
599.3359999656677	0.04499999999995907	epochs	1.0
599.3809999656677	0.009999999999990905	epochs	1.0
599.3909999656677	0.04500000000007276	epochs	1.0
599.4359999656677	61.384995	epochs	0.0
599.4359999656677	0.5	epochs	-1.0
599.4359999656677	0.5	epochs	-1.0
599.4359999656677	0.5	epochs	1.0
599.9359999656677	0.05999999999994543	epochs	-1.0
599.9359999656677	0.024999999999977263	epochs	-1.0
599.9359999656677	0.024999999999977263	epochs	1.0
599.9609999656677	0.009999999999990905	epochs	-1.0
599.9609999656677	0.009999999999990905	epochs	1.0
599.9709999656677	0.024999999999977263	epochs	-1.0
599.9709999656677	0.024999999999977263	epochs	1.0
599.9959999656677	0.06000000000005912	epochs	-1.0
599.9959999656677	0.024999999999977263	epochs	-1.0
599.9959999656677	0.024999999999977263	epochs	1.0
600.0209999656677	0.010000000000104592	epochs	-1.0
600.0209999656677	0.010000000000104592	epochs	1.0
600.0309999656678	0.024999999999977263	epochs	-1.0
600.0309999656678	0.024999999999977263	epochs	1.0
600.0559999656678	0.05999999999994543	epochs	-1.0
600.0559999656678	0.024999999999977263	epochs	-1.0
600.0559999656678	0.024999999999977263	epochs	1.0
600.0809999656677	0.009999999999990905	epochs	-1.0
600.0809999656677	0.009999999999990905	epochs	1.0
600.0909999656677	0.024999999999977263	epochs	-1.0
600.0909999656677	0.024999999999977263	epochs	1.0
600.1159999656677	60.0	epochs	1.0
660.1159999656677	0.5	epochs	-1.0
660.1159999656677	0.5	epochs	-1.0
660.1159999656677	0.5	epochs	1.0
660.6159999656677	0.06000000000005912	epochs	-1.0
660.6159999656677	0.024999999999977263	epochs	-1.0
660.6159999656677	0.024999999999977263	epochs	1.0
660.6409999656677	0.010000000000104592	epochs	-1.0
660.6409999656677	0.010000000000104592	epochs	1.0
660.6509999656678	0.024999999999977263	epochs	-1.0
660.6509999656678	0.024999999999977263	epochs	1.0
660.6759999656678	0.05999999999994543	epochs	-1.0
660.6759999656678	0.024999999999977263	epochs	-1.0
660.6759999656678	0.024999999999977263	epochs	1.0
660.7009999656677	0.009999999999990905	epochs	-1.0
660.7009999656677	0.009999999999990905	epochs	1.0
660.7109999656677	0.024999999999977263	epochs	-1.0
660.7109999656677	0.024999999999977263	epochs	1.0
660.7359999656677	0.06000000000005912	epochs	-1.0
660.7359999656677	0.024999999999977263	epochs	-1.0
660.7359999656677	0.024999999999977263	epochs	1.0
660.7609999656677	0.009999999999990905	epochs	-1.0
660.7609999656677	0.009999999999990905	epochs	1.0
660.7709999656677	0.02500000000009095	epochs	-1.0
660.7709999656677	0.02500000000009095	epochs	1.0
660.7959999656678	0.024994999999989886	epochs	1.0
693.688000202179	0.10000000000002274	epochs	0.0
693.688000202179	0.04499999999995907	epochs	1.0
693.7330002021789	0.009999999999990905	epochs	1.0
693.7430002021789	0.04500000000007276	epochs	1.0
693.788000202179	0.7049949999999399	epochs	0.0
693.788000202179	0.5	epochs	-1.0
693.788000202179	0.5	epochs	-1.0
693.788000202179	0.5	epochs	1.0
694.288000202179	0.05999999999994543	epochs	-1.0
694.288000202179	0.024999999999977263	epochs	-1.0
694.288000202179	0.024999999999977263	epochs	1.0
694.313000202179	0.009999999999990905	epochs	-1.0
694.313000202179	0.009999999999990905	epochs	1.0
694.323000202179	0.024999999999977263	epochs	-1.0
694.323000202179	0.024999999999977263	epochs	1.0
694.3480002021789	0.06000000000005912	epochs	-1.0
694.3480002021789	0.024999999999977263	epochs	-1.0
694.3480002021789	0.024999999999977263	epochs	1.0
694.3730002021789	0.010000000000104592	epochs	-1.0
694.3730002021789	0.010000000000104592	epochs	1.0
694.383000202179	0.024999999999977263	epochs	-1.0
694.383000202179	0.024999999999977263	epochs	1.0
694.408000202179	0.05999999999994543	epochs	-1.0
694.408000202179	0.024999999999977263	epochs	-1.0
694.408000202179	0.024999999999977263	epochs	1.0
694.433000202179	0.009999999999990905	epochs	-1.0
694.433000202179	0.009999999999990905	epochs	1.0
694.443000202179	0.024999999999977263	epochs	-1.0
694.443000202179	0.024999999999977263	epochs	1.0
694.4680002021789	0.024994999999989886	epochs	1.0
763.3450002670288	0.09802000000001954	epochs	0.0
763.3450002670288	0.04401099999995495	epochs	1.0
763.3890112670288	0.009997999999995955	epochs	1.0
763.3990092670288	0.044011000000068634	epochs	1.0
763.4430202670288	5.999979999999937	epochs	0.0
763.4430202670288	0.5	epochs	1.0
763.4430394670288	0.5	epochs	-1.0
763.4430394670288	0.5	epochs	-1.0
763.9430202670288	5.0	epochs	1.0
768.9430202670288	0.4999799999999368	epochs	1.0
768.9430394670288	0.4999607999999398	epochs	-1.0
786.414999961853	0.09802000000001954	epochs	0.0
786.414999961853	0.04401099999995495	epochs	1.0
786.459010961853	0.009997999999995955	epochs	1.0
786.469008961853	0.044011000000068634	epochs	1.0
786.513019961853	3.021780000000035	epochs	0.0
786.513019961853	0.5	epochs	1.0
786.513039161853	0.5	epochs	-1.0
787.013019961853	1.0	epochs	1.0
788.013019961853	1.5217800000000352	epochs	1.0
788.513039161853	0.5	epochs	-1.0
789.013039161853	0.5	epochs	-1.0
789.5347999618531	0.4781999999999016	epochs	0.0
789.893000125885	0.09802000000001954	epochs	0.0
789.893000125885	0.04401099999995495	epochs	1.0
789.937011125885	0.009997999999995955	epochs	1.0
789.947009125885	0.044011000000068634	epochs	1.0
789.991020125885	2.5018199999999524	epochs	0.0
789.991020125885	0.5	epochs	1.0
789.991039325885	0.5	epochs	-1.0
790.491020125885	1.0	epochs	1.0
791.491020125885	1.0018199999999524	epochs	1.0
791.991039325885	0.5	epochs	-1.0
792.492840125885	0.9981599999999844	epochs	0.0
792.8309998512268	0.09802000000001954	epochs	0.0
792.8309998512268	0.04401099999995495	epochs	1.0
792.8750108512268	0.009997999999995955	epochs	1.0
792.8850088512268	0.044011000000068634	epochs	1.0
792.9290198512268	3.499979999999937	epochs	0.0
792.9290198512268	0.5	epochs	1.0
792.9290390512268	0.5	epochs	-1.0
793.4290198512268	1.0	epochs	1.0
794.4290198512268	1.9999799999999368	epochs	1.0
794.9290390512268	0.5	epochs	-1.0
795.4290390512268	0.5	epochs	-1.0
796.8270001411438	0.09802000000001954	epochs	0.0
796.8270001411438	0.04401099999995495	epochs	1.0
796.8710111411438	0.009997999999995955	epochs	1.0
796.8810091411437	0.044011000000068634	epochs	1.0
796.9250201411438	0.5008399999999256	epochs	0.0
796.9250201411438	0.5	epochs	1.0
796.9250393411438	0.5	epochs	-1.0
797.4250201411438	0.000839999999925567	epochs	1.0
797.4258601411437	2.9991400000000112	epochs	0.0
810.0749998092651	0.09802000000001954	epochs	0.0
810.0749998092651	0.04401099999995495	epochs	1.0
810.1190108092651	0.009997999999995955	epochs	1.0
810.1290088092651	0.044011000000068634	epochs	1.0
810.1730198092652	2.502839999999992	epochs	0.0
810.1730198092652	0.5	epochs	1.0
810.1730390092652	0.5	epochs	-1.0
810.6730198092652	1.0	epochs	1.0
811.6730198092652	1.002839999999992	epochs	1.0
812.1730390092652	0.5	epochs	-1.0
812.6758598092651	0.9971399999999448	epochs	0.0
813.0490002632141	0.09802000000001954	epochs	0.0
813.0490002632141	0.04401099999995495	epochs	1.0
813.0930112632141	0.009997999999995955	epochs	1.0
813.1030092632141	0.044011000000068634	epochs	1.0
813.1470202632141	2.501800000000003	epochs	0.0
813.1470202632141	0.5	epochs	1.0
813.1470394632141	0.5	epochs	-1.0
813.6470202632141	1.0	epochs	1.0
814.6470202632141	1.001800000000003	epochs	1.0
815.1470394632141	0.5	epochs	-1.0
815.6488202632141	0.9981799999999339	epochs	0.0
816.0269999504089	0.09802000000001954	epochs	0.0
816.0269999504089	0.04401099999995495	epochs	1.0
816.0710109504089	0.009997999999995955	epochs	1.0
816.0810089504089	0.044011000000068634	epochs	1.0
816.125019950409	2.501800000000003	epochs	0.0
816.125019950409	0.5	epochs	1.0
816.125039150409	0.5	epochs	-1.0
816.625019950409	1.0	epochs	1.0
817.625019950409	1.001800000000003	epochs	1.0
818.125039150409	0.5	epochs	-1.0
818.626819950409	0.9981799999999339	epochs	0.0
819.0599999427795	0.6499800000000278	epochs	0.0
819.0599999427795	0.049999999999954525	epochs	1.0
819.1099999427795	0.5	epochs	1.0
819.6099999427795	0.09998000000007323	epochs	1.0
820.1669998168945	0.6499800000000278	epochs	0.0
820.1669998168945	0.049999999999954525	epochs	1.0
820.2169998168945	0.5	epochs	1.0
820.7169998168945	0.09998000000007323	epochs	1.0
821.2239999771118	0.6499800000000278	epochs	0.0
821.2239999771118	0.049999999999954525	epochs	1.0
821.2739999771118	0.5	epochs	1.0
821.7739999771118	0.09998000000007323	epochs	1.0
822.3010001182556	0.6499800000000278	epochs	0.0
822.3010001182556	0.049999999999954525	epochs	1.0
822.3510001182556	0.5	epochs	1.0
822.8510001182556	0.09998000000007323	epochs	1.0
823.3550000190735	0.6499800000000278	epochs	0.0
823.3550000190735	0.049999999999954525	epochs	1.0
823.4050000190734	0.5	epochs	1.0
823.9050000190734	0.09998000000007323	epochs	1.0
824.4689998626709	0.09802000000001954	epochs	0.0
824.4689998626709	0.04401099999995495	epochs	1.0
824.5130108626709	0.009997999999995955	epochs	1.0
824.5230088626708	0.044011000000068634	epochs	1.0
824.5670198626709	0.5418399999999792	epochs	0.0
824.5670198626709	0.5	epochs	1.0
824.5670390626709	0.5	epochs	-1.0
825.0670198626709	0.04183999999997923	epochs	1.0
825.1088598626709	4.958139999999958	epochs	0.0
844.6080002784729	0.09802000000001954	epochs	0.0
844.6080002784729	0.04401099999995495	epochs	1.0
844.6520112784729	0.009997999999995955	epochs	1.0
844.6620092784729	0.044011000000068634	epochs	1.0
844.7060202784729	0.5018599999999651	epochs	0.0
844.7060202784729	0.5	epochs	1.0
844.7060394784729	0.5	epochs	-1.0
845.2060202784729	0.0018599999999651118	epochs	1.0
845.2078802784729	4.998119999999972	epochs	0.0
864.8520002365112	0.09802000000001954	epochs	0.0
864.8520002365112	0.04401099999995495	epochs	1.0
864.8960112365112	0.009997999999995955	epochs	1.0
864.9060092365112	0.044011000000068634	epochs	1.0
864.9500202365113	2.5217999999999847	epochs	0.0
864.9500202365113	0.5	epochs	1.0
864.9500394365112	0.5	epochs	-1.0
865.4500202365113	1.0	epochs	1.0
866.4500202365113	1.0217999999999847	epochs	1.0
866.9500392365112	0.5	epochs	-1.0
867.4718202365112	2.978179999999952	epochs	0.0
870.1220002174377	0.09802000000001954	epochs	0.0
870.1220002174377	0.04401099999995495	epochs	1.0
870.1660112174377	0.009997999999995955	epochs	1.0
870.1760092174377	0.044011000000068634	epochs	1.0
870.2200202174378	2.5018400000000156	epochs	0.0
870.2200202174378	0.5	epochs	1.0
870.2200394174378	0.5	epochs	-1.0
870.7200202174378	1.0	epochs	1.0
871.7200202174378	1.0018400000000156	epochs	1.0
872.2200392174377	0.5	epochs	-1.0
872.7218602174378	2.998139999999921	epochs	0.0
875.316999912262	0.09802000000001954	epochs	0.0
875.316999912262	0.04401099999995495	epochs	1.0
875.3610109122619	0.009997999999995955	epochs	1.0
875.3710089122619	0.044011000000068634	epochs	1.0
875.415019912262	2.5018400000000156	epochs	0.0
875.415019912262	0.5	epochs	1.0
875.415039112262	0.5	epochs	-1.0
875.915019912262	1.0	epochs	1.0
876.915019912262	1.0018400000000156	epochs	1.0
877.4150389122619	0.5	epochs	-1.0
877.916859912262	2.998139999999921	epochs	0.0
880.5130000114441	0.09802000000001954	epochs	0.0
880.5130000114441	0.04401099999995495	epochs	1.0
880.557011011444	0.009997999999995955	epochs	1.0
880.567009011444	0.044011000000068634	epochs	1.0
880.6110200114441	2.5008399999999256	epochs	0.0
880.6110200114441	0.5	epochs	1.0
880.6110392114441	0.5	epochs	-1.0
881.1110200114441	1.0	epochs	1.0
882.1110200114441	1.0008399999999256	epochs	1.0
882.6110390114441	0.5	epochs	-1.0
883.111860011444	2.9991400000000112	epochs	0.0
885.8320002555847	0.09802000000001954	epochs	0.0
885.8320002555847	0.04401099999995495	epochs	1.0
885.8760112555847	0.009997999999995955	epochs	1.0
885.8860092555847	0.044011000000068634	epochs	1.0
885.9300202555847	6.499979999999937	epochs	0.0
885.9300202555847	0.5	epochs	1.0
885.9300394555847	0.5	epochs	-1.0
886.4300202555847	1.0	epochs	1.0
887.4300202555847	4.999979999999937	epochs	1.0
887.9300394555847	0.5	epochs	-1.0
888.4300394555847	0.5	epochs	-1.0
888.9300394555847	0.5	epochs	-1.0
889.4300394555847	0.5	epochs	-1.0
889.9300394555847	0.5	epochs	-1.0
890.4300394555847	0.5	epochs	-1.0
890.9300394555847	0.5	epochs	-1.0
891.4300394555847	0.5	epochs	-1.0
893.0370001792908	0.09802000000001954	epochs	0.0
893.0370001792908	0.04401099999995495	epochs	1.0
893.0810111792907	0.009997999999995955	epochs	1.0
893.0910091792907	0.044011000000068634	epochs	1.0
893.1350201792908	0.5018400000000156	epochs	0.0
893.1350201792908	0.5	epochs	1.0
893.1350393792908	0.5	epochs	-1.0
893.6350201792908	0.001840000000015607	epochs	1.0
893.6368601792908	5.998139999999921	epochs	0.0
909.2400002479553	0.09802000000001954	epochs	0.0
909.2400002479553	0.04401099999995495	epochs	1.0
909.2840112479553	0.009997999999995955	epochs	1.0
909.2940092479553	0.044011000000068634	epochs	1.0
909.3380202479553	2.501800000000003	epochs	0.0
909.3380202479553	0.5	epochs	1.0
909.3380394479553	0.5	epochs	-1.0
909.8380202479553	1.0	epochs	1.0
910.8380202479553	1.001800000000003	epochs	1.0
911.3380394479553	0.5	epochs	-1.0
911.8398202479553	3.998179999999934	epochs	0.0
912.4089999198914	0.09802000000001954	epochs	0.0
912.4089999198914	0.04401099999995495	epochs	1.0
912.4530109198913	0.009997999999995955	epochs	1.0
912.4630089198913	0.044011000000068634	epochs	1.0
912.5070199198914	6.499979999999937	epochs	0.0
912.5070199198914	0.5	epochs	1.0
912.5070391198914	0.5	epochs	-1.0
913.0070199198914	1.0	epochs	1.0
914.0070199198914	4.999979999999937	epochs	1.0
914.5070391198914	0.5	epochs	-1.0
915.0070391198914	0.5	epochs	-1.0
915.5070391198914	0.5	epochs	-1.0
916.0070391198914	0.5	epochs	-1.0
916.5070391198914	0.5	epochs	-1.0
917.0070391198914	0.5	epochs	-1.0
917.5070391198914	0.5	epochs	-1.0
918.0070391198914	0.5	epochs	-1.0
919.6589999198914	0.09802000000001954	epochs	0.0
919.6589999198914	0.04401099999995495	epochs	1.0
919.7030109198913	0.009997999999995955	epochs	1.0
919.7130089198913	0.044011000000068634	epochs	1.0
919.7570199198914	5.522799999999961	epochs	0.0
919.7570199198914	0.5	epochs	1.0
919.7570391198914	0.5	epochs	-1.0
920.2570199198914	1.0	epochs	1.0
921.2570199198914	4.022799999999961	epochs	1.0
921.7570391198914	0.5	epochs	-1.0
922.2570391198914	0.5	epochs	-1.0
922.7570391198914	0.5	epochs	-1.0
923.2570391198914	0.5	epochs	-1.0
923.7570391198914	0.5	epochs	-1.0
924.2570391198914	0.5	epochs	-1.0
924.7570391198914	0.5	epochs	-1.0
925.2798199198913	0.9771799999999757	epochs	0.0
925.9409999847412	0.09802000000001954	epochs	0.0
925.9409999847412	0.04401099999995495	epochs	1.0
925.9850109847412	0.009997999999995955	epochs	1.0
925.9950089847412	0.044011000000068634	epochs	1.0
926.0390199847412	6.499979999999937	epochs	0.0
926.0390199847412	0.5	epochs	1.0
926.0390391847412	0.5	epochs	-1.0
926.5390199847412	1.0	epochs	1.0
927.5390199847412	4.999979999999937	epochs	1.0
928.0390391847412	0.5	epochs	-1.0
928.5390391847412	0.5	epochs	-1.0
929.0390391847412	0.5	epochs	-1.0
929.5390391847412	0.5	epochs	-1.0
930.0390391847412	0.5	epochs	-1.0
930.5390391847412	0.5	epochs	-1.0
931.0390391847412	0.5	epochs	-1.0
931.5390391847412	0.5	epochs	-1.0
933.2550001144409	0.09802000000001954	epochs	0.0
933.2550001144409	0.04401099999995495	epochs	1.0
933.2990111144409	0.009997999999995955	epochs	1.0
933.3090091144409	0.044011000000068634	epochs	1.0
933.3530201144409	0.5018400000000156	epochs	0.0
933.3530201144409	0.5	epochs	1.0
933.3530393144409	0.5	epochs	-1.0
933.8530201144409	0.001840000000015607	epochs	1.0
933.854860114441	5.998139999999921	epochs	0.0
949.4749999046326	0.09802000000001954	epochs	0.0
949.4749999046326	0.04401099999995495	epochs	1.0
949.5190109046325	0.009997999999995955	epochs	1.0
949.5290089046325	0.044011000000068634	epochs	1.0
949.5730199046326	6.499979999999937	epochs	0.0
949.5730199046326	0.5	epochs	1.0
949.5730391046326	0.5	epochs	-1.0
950.0730199046326	1.0	epochs	1.0
951.0730199046326	4.999979999999937	epochs	1.0
951.5730391046326	0.5	epochs	-1.0
952.0730391046326	0.5	epochs	-1.0
952.5730391046326	0.5	epochs	-1.0
953.0730391046326	0.5	epochs	-1.0
953.5730391046326	0.5	epochs	-1.0
954.0730391046326	0.5	epochs	-1.0
954.5730391046326	0.5	epochs	-1.0
955.0730391046326	0.5	epochs	-1.0
956.8029999732971	0.09802000000001954	epochs	0.0
956.8029999732971	0.04401099999995495	epochs	1.0
956.8470109732971	0.009997999999995955	epochs	1.0
956.8570089732971	0.044011000000068634	epochs	1.0
956.9010199732971	0.5018400000000156	epochs	0.0
956.9010199732971	0.5	epochs	1.0
956.9010391732971	0.5	epochs	-1.0
957.4010199732971	0.001840000000015607	epochs	1.0
957.4028599732972	5.998139999999921	epochs	0.0
973.0269999504089	0.09802000000001954	epochs	0.0
973.0269999504089	0.04401099999995495	epochs	1.0
973.0710109504089	0.009997999999995955	epochs	1.0
973.0810089504089	0.044011000000068634	epochs	1.0
973.125019950409	2.5008399999999256	epochs	0.0
973.125019950409	0.5	epochs	1.0
973.125039150409	0.5	epochs	-1.0
973.625019950409	1.0	epochs	1.0
974.625019950409	1.0008399999999256	epochs	1.0
975.125039150409	0.5	epochs	-1.0
975.6258599504089	3.9991400000000112	epochs	0.0
976.2990002632141	0.09802000000001954	epochs	0.0
976.2990002632141	0.04401099999995495	epochs	1.0
976.3430112632141	0.009997999999995955	epochs	1.0
976.3530092632141	0.044011000000068634	epochs	1.0
976.3970202632141	0.5018199999999524	epochs	0.0
976.3970202632141	0.5	epochs	1.0
976.3970394632141	0.5	epochs	-1.0
976.8970202632141	0.0018199999999524152	epochs	1.0
976.8988402632141	5.998159999999984	epochs	0.0
992.4840002059937	0.09802000000001954	epochs	0.0
992.4840002059937	0.04401099999995495	epochs	1.0
992.5280112059936	0.009997999999995955	epochs	1.0
992.5380092059936	0.044011000000068634	epochs	1.0
992.5820202059937	6.499979999999937	epochs	0.0
992.5820202059937	0.5	epochs	1.0
992.5820394059937	0.5	epochs	-1.0
993.0820202059937	1.0	epochs	1.0
994.0820202059937	4.999979999999937	epochs	1.0
994.5820394059937	0.5	epochs	-1.0
995.0820394059937	0.5	epochs	-1.0
995.5820394059937	0.5	epochs	-1.0
996.0820394059937	0.5	epochs	-1.0
996.5820394059937	0.5	epochs	-1.0
997.0820394059937	0.5	epochs	-1.0
997.5820394059937	0.5	epochs	-1.0
998.0820394059937	0.5	epochs	-1.0
999.8489999771118	0.09802000000001954	epochs	0.0
999.8489999771118	0.04401099999995495	epochs	1.0
999.8930109771118	0.009997999999995955	epochs	1.0
999.9030089771118	0.044011000000068634	epochs	1.0
999.9470199771118	0.5018400000000156	epochs	0.0
999.9470199771118	0.5	epochs	1.0
999.9470391771118	0.5	epochs	-1.0
1000.4470199771118	0.001840000000015607	epochs	1.0
1000.4488599771119	5.998139999999921	epochs	0.0
1021.4749999046326	0.15297999999995682	epochs	0.0
1021.4749999046326	0.049999999999954525	epochs	1.0
1021.5249999046325	0.0030000000000427463	epochs	1.0
1021.5279999046326	0.09997999999995955	epochs	1.0
1022.3049998283386	0.15297999999995682	epochs	0.0
1022.3049998283386	0.049999999999954525	epochs	1.0
1022.3549998283386	0.0030000000000427463	epochs	1.0
1022.3579998283386	0.09997999999995955	epochs	1.0
1023.0999999046326	0.15297999999995682	epochs	0.0
1023.0999999046326	0.049999999999954525	epochs	1.0
1023.1499999046325	0.0030000000000427463	epochs	1.0
1023.1529999046326	0.09997999999995955	epochs	1.0
1023.9190001487732	0.1529800000000705	epochs	0.0
1023.9190001487732	0.049999999999954525	epochs	1.0
1023.9690001487731	0.0030000000000427463	epochs	1.0
1023.9720001487732	0.09998000000007323	epochs	1.0
1024.7309999465942	0.1529800000000705	epochs	0.0
1024.7309999465942	0.049999999999954525	epochs	1.0
1024.7809999465942	0.003000000000156433	epochs	1.0
1024.7839999465943	0.09997999999995955	epochs	1.0
1025.5929999351501	0.09801999999990585	epochs	0.0
1025.5929999351501	0.04401099999995495	epochs	1.0
1025.63701093515	0.009997999999995955	epochs	1.0
1025.64700893515	0.04401099999995495	epochs	1.0
1025.69101993515	0.5018400000001293	epochs	0.0
1025.69101993515	0.5	epochs	1.0
1025.69103913515	0.5	epochs	-1.0
1026.19101993515	0.0018400000001292938	epochs	1.0
1026.1928599351502	1.1011399999999867	epochs	0.0
1027.8039999008179	0.09801999999990585	epochs	0.0
1027.8039999008179	0.04401099999995495	epochs	1.0
1027.8480109008178	0.009997999999995955	epochs	1.0
1027.8580089008178	0.04401099999995495	epochs	1.0
1027.9020199008178	0.5018400000001293	epochs	0.0
1027.9020199008178	0.5	epochs	1.0
1027.9020391008178	0.5	epochs	-1.0
1028.4020199008178	0.0018400000001292938	epochs	1.0
1028.403859900818	1.1011399999999867	epochs	0.0
1030.0329999923706	0.09801999999990585	epochs	0.0
1030.0329999923706	0.04401099999995495	epochs	1.0
1030.0770109923706	0.009997999999995955	epochs	1.0
1030.0870089923706	0.04401099999995495	epochs	1.0
1030.1310199923705	0.5018400000001293	epochs	0.0
1030.1310199923705	0.5	epochs	1.0
1030.1310391923705	0.5	epochs	-1.0
1030.6310199923705	0.0018400000001292938	epochs	1.0
1030.6328599923706	1.1011399999999867	epochs	0.0
1032.2800002098083	0.09801999999990585	epochs	0.0
1032.2800002098083	0.04401099999995495	epochs	1.0
1032.3240112098083	0.009997999999995955	epochs	1.0
1032.3340092098083	0.04401099999995495	epochs	1.0
1032.3780202098083	0.5028400000001056	epochs	0.0
1032.3780202098083	0.5	epochs	1.0
1032.3780394098083	0.5	epochs	-1.0
1032.8780202098083	0.002840000000105647	epochs	1.0
1032.8808602098084	1.1001400000000103	epochs	0.0
1034.5060000419617	0.09801999999990585	epochs	0.0
1034.5060000419617	0.04401099999995495	epochs	1.0
1034.5500110419616	0.009997999999995955	epochs	1.0
1034.5600090419616	0.04401099999995495	epochs	1.0
1034.6040200419616	0.5418600000000424	epochs	0.0
1034.6040200419616	0.5	epochs	1.0
1034.6040392419616	0.5	epochs	-1.0
1035.1040200419616	0.003000000000156433	epochs	1.0
1035.1070200419617	0.038859999999885986	epochs	1.0
1035.1458800419616	1.0611200000000736	epochs	0.0
1036.701000213623	0.09801999999990585	epochs	0.0
1036.701000213623	0.04401099999995495	epochs	1.0
1036.745011213623	0.009997999999995955	epochs	1.0
1036.755009213623	0.04401099999995495	epochs	1.0
1036.799020213623	0.5018600000000788	epochs	0.0
1036.799020213623	0.5	epochs	1.0
1036.799039413623	0.5	epochs	-1.0
1037.299020213623	0.0018600000000787986	epochs	1.0
1037.300880213623	1.1011200000000372	epochs	0.0
1050.093999862671	0.09801999999990585	epochs	0.0
1050.093999862671	0.04401099999995495	epochs	1.0
1050.1380108626709	0.009997999999995955	epochs	1.0
1050.1480088626708	0.04401099999995495	epochs	1.0
1050.1920198626708	1.602980000000116	epochs	0.0
1050.1920198626708	0.5	epochs	1.0
1050.1920390626708	0.5	epochs	-1.0
1050.6920198626708	0.003000000000156433	epochs	1.0
1050.695019862671	1.0999799999999595	epochs	1.0
1051.195039062671	0.5	epochs	-1.0
1052.5830001831055	0.09801999999990585	epochs	0.0
1052.5830001831055	0.04401099999995495	epochs	1.0
1052.6270111831054	0.009997999999995955	epochs	1.0
1052.6370091831054	0.04401099999995495	epochs	1.0
1052.6810201831054	1.5428400000000693	epochs	0.0
1052.6810201831054	0.5	epochs	1.0
1052.6810393831054	0.5	epochs	-1.0
1053.1810201831054	0.003000000000156433	epochs	1.0
1053.1840201831055	1.0398399999999128	epochs	1.0
1053.6840393831055	0.5	epochs	-1.0
1054.2238601831054	0.06014000000004671	epochs	0.0
1054.9520001411438	0.09801999999990585	epochs	0.0
1054.9520001411438	0.04401099999995495	epochs	1.0
1054.9960111411438	0.009997999999995955	epochs	1.0
1055.0060091411437	0.04401099999995495	epochs	1.0
1055.0500201411437	1.541840000000093	epochs	0.0
1055.0500201411437	0.5	epochs	1.0
1055.0500393411437	0.5	epochs	-1.0
1055.5500201411437	0.003000000000156433	epochs	1.0
1055.5530201411439	1.0388399999999365	epochs	1.0
1056.0530393411439	0.5	epochs	-1.0
1056.5918601411438	0.061140000000023065	epochs	0.0
1057.3249998092651	0.09801999999990585	epochs	0.0
1057.3249998092651	0.04401099999995495	epochs	1.0
1057.369010809265	0.009997999999995955	epochs	1.0
1057.379008809265	0.04401099999995495	epochs	1.0
1057.423019809265	1.5618200000001252	epochs	0.0
1057.423019809265	0.5	epochs	1.0
1057.423039009265	0.5	epochs	-1.0
1057.923019809265	0.003000000000156433	epochs	1.0
1057.9260198092652	1.0588199999999688	epochs	1.0
1058.4260390092652	0.5	epochs	-1.0
1058.9848398092652	0.04115999999999076	epochs	0.0
1071.2579998970032	0.09801999999990585	epochs	0.0
1071.2579998970032	0.04401099999995495	epochs	1.0
1071.3020108970031	0.009997999999995955	epochs	1.0
1071.3120088970031	0.04401099999995495	epochs	1.0
1071.356019897003	4.200760000000173	epochs	0.0
1071.356019897003	0.5	epochs	1.0
1071.356039097003	0.5	epochs	-1.0
1071.856019897003	3.700760000000173	epochs	1.0
1074.5578598970033	0.9989199999999983	epochs	-1.0
1074.5578598970033	0.03989999999998872	epochs	-1.0
1075.0553590970032	0.5	epochs	-1.0
1075.5567798970033	15.299219999999877	epochs	0.0
1076.6370000839233	0.09801999999990585	epochs	0.0
1076.6370000839233	0.04401099999995495	epochs	1.0
1076.6810110839233	0.009997999999995955	epochs	1.0
1076.6910090839233	0.04401099999995495	epochs	1.0
1076.7350200839232	4.061660000000074	epochs	0.0
1076.7350200839232	0.5	epochs	1.0
1076.7350392839232	0.5	epochs	-1.0
1077.2350200839232	3.5616600000000744	epochs	1.0
1079.7978200839234	0.9988599999999224	epochs	-1.0
1079.7978200839234	0.03890000000001237	epochs	-1.0
1080.2953192839234	0.5	epochs	-1.0
1080.7966800839233	15.438319999999976	epochs	0.0
1081.6129999160767	0.09801999999990585	epochs	0.0
1081.6129999160767	0.04401099999995495	epochs	1.0
1081.6570109160766	0.009997999999995955	epochs	1.0
1081.6670089160766	0.04401099999995495	epochs	1.0
1081.7110199160766	4.321680000000015	epochs	0.0
1081.7110199160766	0.5	epochs	1.0
1081.7110391160766	0.5	epochs	-1.0
1082.2110199160766	3.821680000000015	epochs	1.0
1085.0328399160767	0.9998599999998987	epochs	-1.0
1085.0328399160767	0.03988000000003922	epochs	-1.0
1085.5303391160767	0.5	epochs	-1.0
1086.0326999160766	15.178300000000036	epochs	0.0
1099.1050000190735	0.09801999999990585	epochs	0.0
1099.1050000190735	0.04401099999995495	epochs	1.0
1099.1490110190734	0.009997999999995955	epochs	1.0
1099.1590090190734	0.04401099999995495	epochs	1.0
1099.2030200190734	2.5218200000001616	epochs	0.0
1099.2030200190734	0.5	epochs	1.0
1099.2030392190734	0.5	epochs	-1.0
1099.7030200190734	1.0	epochs	1.0
1100.7030200190734	1.0218200000001616	epochs	1.0
1101.2030392190734	0.5	epochs	-1.0
1101.7248400190736	3.978159999999889	epochs	0.0
1102.521999835968	0.09801999999990585	epochs	0.0
1102.521999835968	0.04401099999995495	epochs	1.0
1102.566010835968	0.009997999999995955	epochs	1.0
1102.576008835968	0.04401099999995495	epochs	1.0
1102.620019835968	0.5028600000000552	epochs	0.0
1102.620019835968	0.5	epochs	1.0
1102.620039035968	0.5	epochs	-1.0
1103.120019835968	0.0028600000000551518	epochs	1.0
1103.122879835968	5.997119999999995	epochs	0.0
1103.898000240326	0.09801999999990585	epochs	0.0
1103.898000240326	0.04401099999995495	epochs	1.0
1103.9420112403259	0.009997999999995955	epochs	1.0
1103.9520092403259	0.04401099999995495	epochs	1.0
1103.9960202403258	0.5008400000001529	epochs	0.0
1103.9960202403258	0.5	epochs	1.0
1103.9960394403258	0.5	epochs	-1.0
1104.4960202403258	0.0008400000001529406	epochs	1.0
1104.496860240326	5.9991399999998976	epochs	0.0
1105.2670001983643	0.09801999999990585	epochs	0.0
1105.2670001983643	0.04401099999995495	epochs	1.0
1105.3110111983642	0.009997999999995955	epochs	1.0
1105.3210091983642	0.04401099999995495	epochs	1.0
1105.3650201983642	2.50182000000018	epochs	0.0
1105.3650201983642	0.5	epochs	1.0
1105.3650393983642	0.5	epochs	-1.0
1105.8650201983642	1.0	epochs	1.0
1106.8650201983642	1.0018200000001798	epochs	1.0
1107.3650393983642	0.5	epochs	-1.0
1107.8668401983643	3.9981599999998707	epochs	0.0
1108.6900000572205	0.09801999999990585	epochs	0.0
1108.6900000572205	0.04401099999995495	epochs	1.0
1108.7340110572204	0.009997999999995955	epochs	1.0
1108.7440090572204	0.04401099999995495	epochs	1.0
1108.7880200572204	6.4999800000000505	epochs	0.0
1108.7880200572204	0.5	epochs	1.0
1108.7880392572204	0.5	epochs	-1.0
1109.2880200572204	1.0	epochs	1.0
1110.2880200572204	4.9999800000000505	epochs	1.0
1110.7880392572204	0.5	epochs	-1.0
1111.2880392572204	0.5	epochs	-1.0
1111.7880392572204	0.5	epochs	-1.0
1112.2880392572204	0.5	epochs	-1.0
1112.7880392572204	0.5	epochs	-1.0
1113.2880392572204	0.5	epochs	-1.0
1113.7880392572204	0.5	epochs	-1.0
1114.2880392572204	0.5	epochs	-1.0
1116.2610001564026	0.09801999999990585	epochs	0.0
1116.2610001564026	0.04401099999995495	epochs	1.0
1116.3050111564025	0.009997999999995955	epochs	1.0
1116.3150091564025	0.04401099999995495	epochs	1.0
1116.3590201564025	0.5028400000001056	epochs	0.0
1116.3590201564025	0.5	epochs	1.0
1116.3590393564025	0.5	epochs	-1.0
1116.8590201564025	0.002840000000105647	epochs	1.0
1116.8618601564026	5.997139999999945	epochs	0.0
1132.4930000305176	0.09801999999990585	epochs	0.0
1132.4930000305176	0.04401099999995495	epochs	1.0
1132.5370110305175	0.009997999999995955	epochs	1.0
1132.5470090305175	0.04401099999995495	epochs	1.0
1132.5910200305175	2.5018400000001293	epochs	0.0
1132.5910200305175	0.5	epochs	1.0
1132.5910392305175	0.5	epochs	-1.0
1133.0910200305175	1.0	epochs	1.0
1134.0910200305175	1.0018400000001293	epochs	1.0
1134.5910392305175	0.5	epochs	-1.0
1135.0928600305176	3.998139999999921	epochs	0.0
1135.9889998435974	0.09801999999990585	epochs	0.0
1135.9889998435974	0.04401099999995495	epochs	1.0
1136.0330108435974	0.009997999999995955	epochs	1.0
1136.0430088435974	0.04401099999995495	epochs	1.0
1136.0870198435973	2.5018400000001293	epochs	0.0
1136.0870198435973	0.5	epochs	1.0
1136.0870390435973	0.5	epochs	-1.0
1136.5870198435973	1.0	epochs	1.0
1137.5870198435973	1.0018400000001293	epochs	1.0
1138.0870390435973	0.5	epochs	-1.0
1138.5888598435974	3.998139999999921	epochs	0.0
1139.4889998435974	0.09801999999990585	epochs	0.0
1139.4889998435974	0.04401099999995495	epochs	1.0
1139.5330108435974	0.009997999999995955	epochs	1.0
1139.5430088435974	0.04401099999995495	epochs	1.0
1139.5870198435973	0.5018600000000788	epochs	0.0
1139.5870198435973	0.5	epochs	1.0
1139.5870390435973	0.5	epochs	-1.0
1140.0870198435973	0.0018600000000787986	epochs	1.0
1140.0888798435974	5.998119999999972	epochs	0.0
1155.6329998970032	0.09801999999990585	epochs	0.0
1155.6329998970032	0.04401099999995495	epochs	1.0
1155.6770108970031	0.009997999999995955	epochs	1.0
1155.6870088970031	0.04401099999995495	epochs	1.0
1155.731019897003	2.5028400000001056	epochs	0.0
1155.731019897003	0.5	epochs	1.0
1155.731039097003	0.5	epochs	-1.0
1156.231019897003	1.0	epochs	1.0
1157.231019897003	1.0028400000001056	epochs	1.0
1157.731039097003	0.5	epochs	-1.0
1158.2338598970032	3.997139999999945	epochs	0.0
1159.2090001106262	0.09801999999990585	epochs	0.0
1159.2090001106262	0.04401099999995495	epochs	1.0
1159.2530111106262	0.009997999999995955	epochs	1.0
1159.2630091106262	0.04401099999995495	epochs	1.0
1159.3070201106261	0.5018400000001293	epochs	0.0
1159.3070201106261	0.5	epochs	1.0
1159.3070393106261	0.5	epochs	-1.0
1159.8070201106261	0.0018400000001292938	epochs	1.0
1159.8088601106263	5.998139999999921	epochs	0.0
1175.4050002098083	0.09801999999990585	epochs	0.0
1175.4050002098083	0.04401099999995495	epochs	1.0
1175.4490112098083	0.009997999999995955	epochs	1.0
1175.4590092098083	0.04401099999995495	epochs	1.0
1175.5030202098083	0.5418600000000424	epochs	0.0
1175.5030202098083	0.5	epochs	1.0
1175.5030394098083	0.5	epochs	-1.0
1176.0030202098083	0.04186000000004242	epochs	1.0
1176.0448802098083	5.958120000000008	epochs	0.0
1191.534999847412	0.09801999999990585	epochs	0.0
1191.534999847412	0.04401099999995495	epochs	1.0
1191.579010847412	0.009997999999995955	epochs	1.0
1191.589008847412	0.04401099999995495	epochs	1.0
1191.633019847412	2.5018400000001293	epochs	0.0
1191.633019847412	0.5	epochs	1.0
1191.633039047412	0.5	epochs	-1.0
1192.133019847412	1.0	epochs	1.0
1193.133019847412	1.0018400000001293	epochs	1.0
1193.633039047412	0.5	epochs	-1.0
1194.1348598474121	3.998139999999921	epochs	0.0
1211.0079998970032	0.09801999999990585	epochs	0.0
1211.0079998970032	0.04401099999995495	epochs	1.0
1211.0520108970031	0.009997999999995955	epochs	1.0
1211.0620088970031	0.04401099999995495	epochs	1.0
1211.106019897003	1.5407999999999902	epochs	0.0
1211.106019897003	0.5	epochs	1.0
1211.106039097003	0.5	epochs	-1.0
1211.606019897003	0.003000000000156433	epochs	1.0
1211.6090198970032	1.0377999999998337	epochs	1.0
1212.1090390970032	0.5	epochs	-1.0
1212.646819897003	0.0621800000001258	epochs	0.0
1213.5910000801086	0.09801999999990585	epochs	0.0
1213.5910000801086	0.04401099999995495	epochs	1.0
1213.6350110801086	0.009997999999995955	epochs	1.0
1213.6450090801086	0.04401099999995495	epochs	1.0
1213.6890200801085	1.5407999999999902	epochs	0.0
1213.6890200801085	0.5	epochs	1.0
1213.6890392801085	0.5	epochs	-1.0
1214.1890200801085	0.003000000000156433	epochs	1.0
1214.1920200801087	1.0377999999998337	epochs	1.0
1214.6920392801087	0.5	epochs	-1.0
1215.2298200801085	0.0621800000001258	epochs	0.0
1216.1760001182556	0.09801999999990585	epochs	0.0
1216.1760001182556	0.04401099999995495	epochs	1.0
1216.2200111182556	0.009997999999995955	epochs	1.0
1216.2300091182556	0.04401099999995495	epochs	1.0
1216.2740201182555	0.5018400000001293	epochs	0.0
1216.2740201182555	0.5	epochs	1.0
1216.2740393182555	0.5	epochs	-1.0
1216.7740201182555	0.0018400000001292938	epochs	1.0
1216.7758601182557	1.1011399999999867	epochs	0.0
1229.5409998893738	0.09801999999990585	epochs	0.0
1229.5409998893738	0.04401099999995495	epochs	1.0
1229.5850108893737	0.009997999999995955	epochs	1.0
1229.5950088893737	0.04401099999995495	epochs	1.0
1229.6390198893737	1.541800000000194	epochs	0.0
1229.6390198893737	0.5	epochs	1.0
1229.6390390893737	0.5	epochs	-1.0
1230.1390198893737	0.003000000000156433	epochs	1.0
1230.1420198893738	1.0388000000000375	epochs	1.0
1230.6420390893738	0.5	epochs	-1.0
1231.1808198893739	0.061179999999922074	epochs	0.0
1232.1319999694824	0.09801999999990585	epochs	0.0
1232.1319999694824	0.04401099999995495	epochs	1.0
1232.1760109694824	0.009997999999995955	epochs	1.0
1232.1860089694824	0.04401099999995495	epochs	1.0
1232.2300199694823	1.541840000000093	epochs	0.0
1232.2300199694823	0.5	epochs	1.0
1232.2300391694823	0.5	epochs	-1.0
1232.7300199694823	0.003000000000156433	epochs	1.0
1232.7330199694825	1.0388399999999365	epochs	1.0
1233.2330391694825	0.5	epochs	-1.0
1233.7718599694824	0.061140000000023065	epochs	0.0
1234.7750000953674	0.09801999999990585	epochs	0.0
1234.7750000953674	0.04401099999995495	epochs	1.0
1234.8190110953674	0.009997999999995955	epochs	1.0
1234.8290090953674	0.04401099999995495	epochs	1.0
1234.8730200953673	1.5419400000000678	epochs	0.0
1234.8730200953673	0.5	epochs	1.0
1234.8730392953673	0.5	epochs	-1.0
1235.3730200953673	0.003000000000156433	epochs	1.0
1235.3760200953675	1.0389399999999114	epochs	1.0
1235.8760392953675	0.5	epochs	-1.0
1236.4149600953674	0.06104000000004817	epochs	0.0
1237.4040002822876	0.09801999999990585	epochs	0.0
1237.4040002822876	0.04401099999995495	epochs	1.0
1237.4480112822876	0.009997999999995955	epochs	1.0
1237.4580092822875	0.04401099999995495	epochs	1.0
1237.5020202822875	0.5018400000001293	epochs	0.0
1237.5020202822875	0.5	epochs	1.0
1237.5020394822875	0.5	epochs	-1.0
1238.0020202822875	0.0018400000001292938	epochs	1.0
1238.0038602822876	1.1011399999999867	epochs	0.0
1250.7350001335144	0.09801999999990585	epochs	0.0
1250.7350001335144	0.04401099999995495	epochs	1.0
1250.7790111335144	0.009997999999995955	epochs	1.0
1250.7890091335144	0.04401099999995495	epochs	1.0
1250.8330201335143	1.5418200000001434	epochs	0.0
1250.8330201335143	0.5	epochs	1.0
1250.8330393335143	0.5	epochs	-1.0
1251.3330201335143	0.003000000000156433	epochs	1.0
1251.3360201335145	1.038819999999987	epochs	1.0
1251.8360393335145	0.5	epochs	-1.0
1252.3748401335145	0.06115999999997257	epochs	0.0
1253.375	0.09801999999990585	epochs	0.0
1253.375	0.04401099999995495	epochs	1.0
1253.419011	0.009997999999995955	epochs	1.0
1253.429009	0.04401099999995495	epochs	1.0
1253.47302	1.5608600000000479	epochs	0.0
1253.47302	0.5	epochs	1.0
1253.4730392	0.5	epochs	-1.0
1253.97302	0.003000000000156433	epochs	1.0
1253.97602	1.0578599999998914	epochs	1.0
1254.4760392	0.5	epochs	-1.0
1255.03388	0.0421200000000681	epochs	0.0
1256.0320000648499	0.09801999999990585	epochs	0.0
1256.0320000648499	0.04401099999995495	epochs	1.0
1256.0760110648498	0.009997999999995955	epochs	1.0
1256.0860090648498	0.04401099999995495	epochs	1.0
1256.1300200648498	1.541800000000194	epochs	0.0
1256.1300200648498	0.5	epochs	1.0
1256.1300392648498	0.5	epochs	-1.0
1256.6300200648498	0.003000000000156433	epochs	1.0
1256.63302006485	1.0388000000000375	epochs	1.0
1257.13303926485	0.5	epochs	-1.0
1257.67182006485	0.061179999999922074	epochs	0.0
1266.2179999351501	0.09799999999995634	epochs	0.0
1266.2179999351501	0.04400200000009136	epochs	1.0
1266.2620019351502	0.009996000000001004	epochs	1.0
1266.2719979351502	0.04400199999986398	epochs	1.0
1266.31599993515	2.0	epochs	0.0
1268.31599993515	5.400560000000041	epochs	0.0
1268.31599993515	1.0	epochs	1.0
1268.31603913515	0.5	epochs	-1.0
1268.81603913515	4.900520800000095	epochs	-1.0
1269.31599993515	4.400560000000041	epochs	1.0
1269.31599993515	4.356753900000058	epochs	-1.0
1269.31599993515	1.9745872000000873	epochs	2.0
1269.31599993515	1.0985622000000603	epochs	3.0
1270.4145621351502	0.8760250000000269	epochs	3.0
1271.2905871351502	1.3524075000000266	epochs	2.0
1271.2905871351502	0.7286354999998821	epochs	3.0
1272.01922263515	0.6237720000001445	epochs	3.0
1272.6429946351502	1.029759199999944	epochs	2.0
1272.6429946351502	0.5453292999998212	epochs	3.0
1273.18832393515	0.48442990000012287	epochs	3.0
1273.6727538351502	0.04380609999998342	epochs	2.0
1273.6727538351502	0.04380609999998342	epochs	3.0
1273.7165599351501	16.599359999999933	epochs	0.0
1275.0780000686646	0.09799999999995634	epochs	0.0
1275.0780000686646	0.04400200000009136	epochs	1.0
1275.1220020686646	0.009996000000001004	epochs	1.0
1275.1319980686646	0.04400199999986398	epochs	1.0
1275.1760000686645	2.0	epochs	0.0
1277.1760000686645	21.52135999999996	epochs	0.0
1277.1760000686645	1.0	epochs	1.0
1277.1760392686645	0.5	epochs	-1.0
1277.6760392686645	19.998640000000023	epochs	-1.0
1278.1760000686645	20.0	epochs	1.0
1278.1760000686645	4.356753900000058	epochs	-1.0
1278.1760000686645	1.9745872000000873	epochs	2.0
1278.1760000686645	1.0985622000000603	epochs	3.0
1279.2745622686646	0.8760250000000269	epochs	3.0
1280.1505872686646	1.3524075000000266	epochs	2.0
1280.1505872686646	0.7286354999998821	epochs	3.0
1280.8792227686645	0.6237720000001445	epochs	3.0
1281.5029947686646	1.029759199999944	epochs	2.0
1281.5029947686646	0.5453292999998212	epochs	3.0
1282.0483240686644	0.48442990000012287	epochs	3.0
1282.5327539686646	0.8317861999998968	epochs	2.0
1282.5327539686646	0.4357763000000432	epochs	3.0
1282.9685302686646	0.3960098999998536	epochs	3.0
1283.3645401686645	0.6977970000000369	epochs	2.0
1283.3645401686645	0.3628982000000178	epochs	3.0
1283.7274383686645	0.33489880000001904	epochs	3.0
1284.0623371686645	0.601045699999986	epochs	2.0
1284.0623371686645	0.3109123000001546	epochs	3.0
1284.3732494686647	0.29013339999983145	epochs	3.0
1284.6633828686645	0.5278859000000011	epochs	2.0
1284.6633828686645	0.2719586000000618	epochs	3.0
1284.9353414686645	0.25592729999993935	epochs	3.0
1285.1912687686645	0.470619299999953	epochs	2.0
1285.1912687686645	0.241681299999982	epochs	3.0
1285.4329500686645	0.228937999999971	epochs	3.0
1285.6618880686644	0.4245704000002206	epochs	2.0
1285.6618880686644	0.21747140000002219	epochs	3.0
1285.8793594686645	0.20709900000019843	epochs	3.0
1286.0864584686647	0.3867353999999068	epochs	2.0
1286.0864584686647	0.19767109999997956	epochs	3.0
1286.2841295686646	0.18906429999992724	epochs	3.0
1286.4731938686646	0.35509529999990264	epochs	2.0
1286.4731938686646	0.18117589999997108	epochs	3.0
1286.6543697686645	0.17391939999993156	epochs	3.0
1286.8282891686645	0.3282431000000088	epochs	2.0
1286.8282891686645	0.167221900000186	epochs	3.0
1286.9955110686647	0.16102119999982278	epochs	3.0
1287.1565322686645	0.30516800000009425	epochs	2.0
1287.1565322686645	0.15526390000013635	epochs	3.0
1287.3117961686646	0.1499040999999579	epochs	3.0
1287.4617002686646	0.28512529999989056	epochs	2.0
1287.4617002686646	0.1449021000000812	epochs	3.0
1287.6066023686647	0.14022319999980937	epochs	3.0
1287.7468255686645	0.267553800000087	epochs	2.0
1287.7468255686645	0.13583690000018578	epochs	3.0
1287.8826624686646	0.13171689999990122	epochs	3.0
1288.0143793686645	0.252022899999929	epochs	2.0
1288.0143793686645	0.1278393000000051	epochs	3.0
1288.1422186686646	0.1241835999999239	epochs	3.0
1288.2664022686645	0.23819649999995818	epochs	2.0
1288.2664022686645	0.12073110000005727	epochs	3.0
1288.3871333686645	0.11746539999990091	epochs	3.0
1288.5045987686644	0.2258088000000953	epochs	2.0
1288.5045987686644	0.11437190000015107	epochs	3.0
1288.6189706686646	0.11143689999994422	epochs	3.0
1288.7304075686645	0.2146460000001298	epochs	2.0
1288.7304075686645	0.10864889999993466	epochs	3.0
1288.8390564686645	0.10599710000019513	epochs	3.0
1288.9450535686647	0.2045349999998507	epochs	2.0
1288.9450535686647	0.1034714999998414	epochs	3.0
1289.0485250686645	0.1010635000000093	epochs	3.0
1289.1495885686645	0.19533400000000256	epochs	2.0
1289.1495885686645	0.09876510000003691	epochs	3.0
1289.2483536686645	0.09656889999996565	epochs	3.0
1289.3449225686645	0.18692529999998442	epochs	2.0
1289.3449225686645	0.09446830000001682	epochs	3.0
1289.4393908686645	0.09245699999996759	epochs	3.0
1289.5318478686645	0.1792107000001124	epochs	2.0
1289.5318478686645	0.0905296000000817	epochs	3.0
1289.6223774686646	0.08868110000003071	epochs	3.0
1289.7110585686646	0.17210769999996955	epochs	2.0
1289.7110585686646	0.08690630000000965	epochs	3.0
1289.7979648686646	0.0852013999999599	epochs	3.0
1289.8831662686646	0.16554640000003928	epochs	2.0
1289.8831662686646	0.08356189999994967	epochs	3.0
1289.9667281686645	0.08198450000008961	epochs	3.0
1290.0487126686646	0.15946710000002895	epochs	2.0
1290.0487126686646	0.08046539999986635	epochs	3.0
1290.1291780686645	0.0790017000001626	epochs	3.0
1290.2081797686646	0.1538183999998637	epochs	2.0
1290.2081797686646	0.07759009999995214	epochs	3.0
1290.2857698686646	0.07622829999991154	epochs	3.0
1290.3619981686645	0.14855639999996129	epochs	2.0
1290.3619981686645	0.07491329999993468	epochs	3.0
1290.4369114686644	0.0736431000000266	epochs	3.0
1290.5105545686645	0.14364240000008976	epochs	2.0
1290.5105545686645	0.07241500000009182	epochs	3.0
1290.5829695686646	0.07122739999999794	epochs	3.0
1290.6541969686646	0.13904309999998077	epochs	2.0
1290.6541969686646	0.07007799999996678	epochs	3.0
1290.7242749686645	0.06896510000001399	epochs	3.0
1290.7932400686645	0.1347293000001173	epochs	2.0
1290.7932400686645	0.0678871000000072	epochs	3.0
1290.8611271686646	0.0668422000001101	epochs	3.0
1290.9279693686647	0.13067519999981414	epochs	2.0
1290.9279693686647	0.06582909999997355	epochs	3.0
1290.9937984686646	0.06484609999984059	epochs	3.0
1291.0586445686645	0.12685780000015257	epochs	2.0
1291.0586445686645	0.06389200000012352	epochs	3.0
1291.1225365686646	0.06296580000002905	epochs	3.0
1291.1855023686646	0.12325719999989815	epochs	2.0
1291.1855023686646	0.06206580000002759	epochs	3.0
1291.2475681686647	0.061191399999870555	epochs	3.0
1291.3087595686645	0.11985540000000583	epochs	2.0
1291.3087595686645	0.060341099999959624	epochs	3.0
1291.3691006686645	0.059514300000046205	epochs	3.0
1291.4286149686645	0.1166361999999026	epochs	2.0
1291.4286149686645	0.058709599999929196	epochs	3.0
1291.4873245686645	0.057926599999973405	epochs	3.0
1291.5452511686644	0.11358560000007856	epochs	2.0
1291.5452511686644	0.057164200000215715	epochs	3.0
1291.6024153686647	0.05642139999986284	epochs	3.0
1291.6588367686645	0.11069050000014613	epochs	2.0
1291.6588367686645	0.055697900000041045	epochs	3.0
1291.7145346686646	0.054992600000105085	epochs	3.0
1291.7695272686647	0.10793909999983953	epochs	2.0
1291.7695272686647	0.054304899999806366	epochs	3.0
1291.8238321686645	0.05363420000003316	epochs	3.0
1291.8774663686645	0.10532149999994544	epochs	2.0
1291.8774663686645	0.052980000000161453	epochs	3.0
1291.9304463686647	0.05234149999978399	epochs	3.0
1291.9827878686644	0.10282760000018243	epochs	2.0
1291.9827878686644	0.05171810000001642	epochs	3.0
1292.0345059686645	0.05110950000016601	epochs	3.0
1292.0856154686646	0.10044909999987794	epochs	2.0
1292.0856154686646	0.0505148999998255	epochs	3.0
1292.1361303686645	0.04993420000005244	epochs	3.0
1292.1860645686645	0.0981782999999723	epochs	2.0
1292.1860645686645	0.04936659999998483	epochs	3.0
1292.2354311686645	0.04881169999998747	epochs	3.0
1292.2842428686645	0.09600780000005216	epochs	2.0
1292.2842428686645	0.04826920000004975	epochs	3.0
1292.3325120686645	0.04773860000000241	epochs	3.0
1292.3802506686645	0.09393120000004274	epochs	2.0
1292.3802506686645	0.04721949999998287	epochs	3.0
1292.4274701686645	0.046711700000059864	epochs	3.0
1292.4741818686646	0.09194260000003851	epochs	2.0
1292.4741818686646	0.046214599999984785	epochs	3.0
1292.5203964686646	0.045728000000053726	epochs	3.0
1292.5661244686646	0.09003629999983787	epochs	2.0
1292.5661244686646	0.045251499999949374	epochs	3.0
1292.6113759686646	0.04478479999988849	epochs	3.0
1292.6561607686644	0.08820760000003247	epochs	2.0
1292.6561607686644	0.044327800000019124	epochs	3.0
1292.7004885686645	0.04387980000001335	epochs	3.0
1292.7443683686645	0.0864516999999978	epochs	2.0
1292.7443683686645	0.04344100000002982	epochs	3.0
1292.7878093686645	0.04301069999996798	epochs	3.0
1292.8308200686645	0.08476429999996071	epochs	2.0
1292.8308200686645	0.04258900000013455	epochs	3.0
1292.8734090686646	0.042175299999826166	epochs	3.0
1292.9155843686644	0.08314150000001064	epochs	2.0
1292.9155843686644	0.04176970000003166	epochs	3.0
1292.9573540686645	0.041371799999978975	epochs	3.0
1292.9987258686645	0.08157970000002024	epochs	2.0
1292.9987258686645	0.04098140000019157	epochs	3.0
1293.0397072686646	0.04059829999982867	epochs	3.0
1293.0803055686645	0.08007550000002084	epochs	2.0
1293.0803055686645	0.040222300000095856	epochs	3.0
1293.1205278686646	0.03985319999992498	epochs	3.0
1293.1603810686645	0.07862569999997504	epochs	2.0
1293.1603810686645	0.039490800000066884	epochs	3.0
1293.1998718686646	0.03913489999990816	epochs	3.0
1293.2390067686645	0.07722760000001472	epochs	2.0
1293.2390067686645	0.038785400000051595	epochs	3.0
1293.2777921686645	0.03844219999996312	epochs	3.0
1293.3162343686645	0.07587820000003376	epochs	2.0
1293.3162343686645	0.03810480000015559	epochs	3.0
1293.3543391686646	0.037773399999878166	epochs	3.0
1293.3921125686645	0.0745752000000266	epochs	2.0
1293.3921125686645	0.03744770000002973	epochs	3.0
1293.4295602686645	0.03712749999999687	epochs	3.0
1293.4666877686645	0.07331629999998768	epochs	2.0
1293.4666877686645	0.0368129000000863	epochs	3.0
1293.5035006686646	0.036503399999901376	epochs	3.0
1293.5400040686645	0.07209899999998015	epochs	2.0
1293.5400040686645	0.03619909999997617	epochs	3.0
1293.5762031686645	0.03589990000000398	epochs	3.0
1293.6121030686645	0.07092170000009901	epochs	2.0
1293.6121030686645	0.03560560000005353	epochs	3.0
1293.6477086686646	0.03531610000004548	epochs	3.0
1293.6830247686646	0.06978200000003199	epochs	2.0
1293.6830247686646	0.03503120000004856	epochs	3.0
1293.7180559686647	0.03475079999998343	epochs	3.0
1293.7528067686646	0.06867859999988468	epochs	2.0
1293.7528067686646	0.03447510000000875	epochs	3.0
1293.7872818686646	0.03420349999987593	epochs	3.0
1293.8214853686645	0.06760929999995824	epochs	2.0
1293.8214853686645	0.033936199999970995	epochs	3.0
1293.8554215686645	0.033673099999987244	epochs	3.0
1293.8890946686645	0.06657289999998284	epochs	2.0
1293.8890946686645	0.03341399999999339	epochs	3.0
1293.9225086686645	0.033158899999989444	epochs	3.0
1293.9556675686645	0.06556780000005347	epochs	2.0
1293.9556675686645	0.03290770000012344	epochs	3.0
1293.9885752686646	0.032660099999930026	epochs	3.0
1294.0212353686645	0.06459259999996902	epochs	2.0
1294.0212353686645	0.03241640000010193	epochs	3.0
1294.0536517686646	0.032176199999867094	epochs	3.0
1294.0858279686645	0.06364600000006249	epochs	2.0
1294.0858279686645	0.03193959999998697	epochs	3.0
1294.1177675686645	0.03170640000007552	epochs	3.0
1294.1494739686646	0.0627266999999847	epochs	2.0
1294.1494739686646	0.031476599999905375	epochs	3.0
1294.1809505686645	0.03125010000007933	epochs	3.0
1294.2122006686645	0.06183359999999993	epochs	2.0
1294.2122006686645	0.03102689999991526	epochs	3.0
1294.2432275686645	0.030806700000084675	epochs	3.0
1294.2740342686645	0.060965599999917686	epochs	2.0
1294.2740342686645	0.030589799999916067	epochs	3.0
1294.3046240686645	0.030375800000001618	epochs	3.0
1294.3349998686645	0.06012160000000222	epochs	2.0
1294.3349998686645	0.030164900000045236	epochs	3.0
1294.3651647686645	0.02995669999995698	epochs	3.0
1294.3951214686645	0.05930069999999432	epochs	2.0
1294.3951214686645	0.029751600000054168	epochs	3.0
1294.4248730686645	0.029549099999940154	epochs	3.0
1294.4544221686645	0.058501800000158255	epochs	2.0
1294.4544221686645	0.02934940000000097	epochs	3.0
1294.4837715686645	0.029152400000157286	epochs	3.0
1294.5129239686646	0.05772419999993872	epochs	2.0
1294.5129239686646	0.028957999999875028	epochs	3.0
1294.5418819686645	0.02876620000006369	epochs	3.0
1294.5706481686645	0.05696710000006533	epochs	2.0
1294.5706481686645	0.028577000000041153	epochs	3.0
1294.5992251686646	0.028390100000024177	epochs	3.0
1294.6276152686646	0.05622949999997218	epochs	2.0
1294.6276152686646	0.028205699999944045	epochs	3.0
1294.6558209686646	0.028023800000028132	epochs	3.0
1294.6838447686646	0.05551070000001346	epochs	2.0
1294.6838447686646	0.027843999999959124	epochs	3.0
1294.7116887686645	0.027666700000054334	epochs	3.0
1294.7393554686646	0.054810200000019904	epochs	2.0
1294.7393554686646	0.02749149999999645	epochs	3.0
1294.7668469686646	0.027318700000023455	epochs	3.0
1294.7941656686646	0.054126999999880354	epochs	2.0
1294.7941656686646	0.027147799999966082	epochs	3.0
1294.8213134686646	0.026979199999914272	epochs	3.0
1294.8482926686645	0.053460699999959616	epochs	2.0
1294.8482926686645	0.026812600000084785	epochs	3.0
1294.8751052686646	0.02664809999987483	epochs	3.0
1294.9017533686645	0.05281070000000909	epochs	2.0
1294.9017533686645	0.026485600000114573	epochs	3.0
1294.9282389686646	0.02632509999989452	epochs	3.0
1294.9545640686645	0.05217620000007628	epochs	2.0
1294.9545640686645	0.02616640000019288	epochs	3.0
1294.9807304686647	0.0260097999998834	epochs	3.0
1295.0067402686645	0.051556699999991906	epochs	2.0
1295.0067402686645	0.025854799999933675	epochs	3.0
1295.0325950686645	0.02570190000005823	epochs	3.0
1295.0582969686645	0.05095189999997274	epochs	2.0
1295.0582969686645	0.025550699999939752	epochs	3.0
1295.0838476686645	0.025401200000032986	epochs	3.0
1295.1092488686645	0.05036100000006627	epochs	2.0
1295.1092488686645	0.025253499999962514	epochs	3.0
1295.1345023686645	0.025107500000103755	epochs	3.0
1295.1596098686646	0.04978379999988647	epochs	2.0
1295.1596098686646	0.02496320000000196	epochs	3.0
1295.1845730686646	0.024820599999884507	epochs	3.0
1295.2093936686645	0.04921950000016295	epochs	2.0
1295.2093936686645	0.024679400000195528	epochs	3.0
1295.2340730686647	0.024540099999967424	epochs	3.0
1295.2586131686646	0.04866789999982757	epochs	2.0
1295.2586131686646	0.024402099999861093	epochs	3.0
1295.2830152686645	0.024265799999966475	epochs	3.0
1295.3072810686645	0.04812860000015462	epochs	2.0
1295.3072810686645	0.024131000000124914	epochs	3.0
1295.3314120686646	0.023997600000029706	epochs	3.0
1295.3554096686646	0.04760109999983797	epochs	2.0
1295.3554096686646	0.02386579999983951	epochs	3.0
1295.3792754686644	0.02373529999999846	epochs	3.0
1295.4030107686644	0.04708500000015192	epochs	2.0
1295.4030107686644	0.023606300000210467	epochs	3.0
1295.4266170686647	0.023478699999941455	epochs	3.0
1295.4500957686646	0.046579999999948996	epochs	2.0
1295.4500957686646	0.023352499999873544	epochs	3.0
1295.4734482686645	0.02322750000007545	epochs	3.0
1295.4966757686645	0.046085700000048746	epochs	2.0
1295.4966757686645	0.023104000000103042	epochs	3.0
1295.5197797686646	0.022981699999945704	epochs	3.0
1295.5427614686646	0.045601799999985815	epochs	2.0
1295.5427614686646	0.02286069999991014	epochs	3.0
1295.5656221686645	0.022741100000075676	epochs	3.0
1295.5883632686646	0.045127899999897636	epochs	2.0
1295.5883632686646	0.022622499999897627	epochs	3.0
1295.6109857686645	0.02250540000000001	epochs	3.0
1295.6334911686645	0.0446638000000803	epochs	2.0
1295.6334911686645	0.02238929999998618	epochs	3.0
1295.6558804686645	0.022274500000094122	epochs	3.0
1295.6781549686646	0.04420920000006845	epochs	2.0
1295.6781549686646	0.022160799999937808	epochs	3.0
1295.7003157686645	0.02204840000013064	epochs	3.0
1295.7223641686646	0.04376359999992019	epochs	2.0
1295.7223641686646	0.02193689999990056	epochs	3.0
1295.7443010686645	0.021826700000019628	epochs	3.0
1295.7661277686645	0.04332709999994222	epochs	2.0
1295.7661277686645	0.02171760000010181	epochs	3.0
1295.7878453686646	0.02160949999984041	epochs	3.0
1295.8094548686645	0.04289900000003399	epochs	2.0
1295.8094548686645	0.02150249999999687	epochs	3.0
1295.8309573686645	0.021396500000037122	epochs	3.0
1295.8523538686645	0.04247950000012679	epochs	2.0
1295.8523538686645	0.021291700000119818	epochs	3.0
1295.8736455686646	0.021187800000006973	epochs	3.0
1295.8948333686646	0.04206789999989269	epochs	2.0
1295.8948333686646	0.02108490000000529	epochs	3.0
1295.9159182686647	0.020982999999887397	epochs	3.0
1295.9369012686645	0.04166439999994509	epochs	2.0
1295.9369012686645	0.020882199999959994	epochs	3.0
1295.9577834686645	0.020782199999985096	epochs	3.0
1295.9785656686645	0.04126850000011473	epochs	2.0
1295.9785656686645	0.020683299999973315	epochs	3.0
1295.9992489686645	0.020585200000141413	epochs	3.0
1296.0198341686646	0.04088000000001557	epochs	2.0
1296.0198341686646	0.020488099999965925	epochs	3.0
1296.0403222686646	0.020391900000049645	epochs	3.0
1296.0607141686646	0.04049880000002304	epochs	2.0
1296.0607141686646	0.020296599999937825	epochs	3.0
1296.0810107686646	0.020202200000085213	epochs	3.0
1296.1012129686646	0.040124599999899146	epochs	2.0
1296.1012129686646	0.020108699999809687	epochs	3.0
1296.1213216686645	0.02001590000008946	epochs	3.0
1296.1413375686645	0.03975730000001931	epochs	2.0
1296.1413375686645	0.019924200000104975	epochs	3.0
1296.1612617686646	0.01983309999991434	epochs	3.0
1296.1810948686646	0.03939669999999751	epochs	2.0
1296.1810948686646	0.01974300000006224	epochs	3.0
1296.2008378686646	0.01965369999993527	epochs	3.0
1296.2204915686646	0.03904239999997117	epochs	2.0
1296.2204915686646	0.019565099999908853	epochs	3.0
1296.2400566686645	0.019477300000062314	epochs	3.0
1296.2595339686645	0.038694600000098944	epochs	2.0
1296.2595339686645	0.019390400000020236	epochs	3.0
1296.2789243686645	0.01930420000007871	epochs	3.0
1296.2982285686646	0.038352899999836154	epochs	2.0
1296.2982285686646	0.019218799999862313	epochs	3.0
1296.3174473686645	0.01913409999997384	epochs	3.0
1296.3365814686645	0.03801720000001296	epochs	2.0
1296.3365814686645	0.019050200000037876	epochs	3.0
1296.3556316686645	0.018966999999975087	epochs	3.0
1296.3745986686645	0.03768720000016401	epochs	2.0
1296.3745986686645	0.01888450000001285	epochs	3.0
1296.3934831686645	0.018802700000151162	epochs	3.0
1296.4122858686646	0.03736309999999321	epochs	2.0
1296.4122858686646	0.018721700000014607	epochs	3.0
1296.4310075686647	0.018641399999978603	epochs	3.0
1296.4496489686646	0.03704429999993408	epochs	2.0
1296.4496489686646	0.018561599999884493	epochs	3.0
1296.4682105686645	0.01848270000004959	epochs	3.0
1296.4866932686646	0.03673099999991791	epochs	2.0
1296.4866932686646	0.018404299999929208	epochs	3.0
1296.5050975686645	0.018326699999988705	epochs	3.0
1296.5234242686645	0.03642290000016146	epochs	2.0
1296.5234242686645	0.018249599999990096	epochs	3.0
1296.5416738686645	0.018173300000171366	epochs	3.0
1296.5598471686646	0.036120099999834565	epochs	2.0
1296.5598471686646	0.01809759999991911	epochs	3.0
1296.5779447686646	0.018022499999915453	epochs	3.0
1296.5959672686645	0.035822100000132195	epochs	2.0
1296.5959672686645	0.017947900000081063	epochs	3.0
1296.6139151686646	0.017874200000051133	epochs	3.0
1296.6317893686646	0.03552899999999681	epochs	2.0
1296.6317893686646	0.017800800000031813	epochs	3.0
1296.6495901686646	0.017728199999965	epochs	3.0
1296.6673183686646	0.03524070000003121	epochs	2.0
1296.6673183686646	0.01765609999984008	epochs	3.0
1296.6849744686644	0.01758460000019113	epochs	3.0
1296.7025590686646	0.03495709999992869	epochs	2.0
1296.7025590686646	0.017513699999881283	epochs	3.0
1296.7200727686645	0.017443400000047404	epochs	3.0
1296.7375161686646	0.034677899999906	epochs	2.0
1296.7375161686646	0.017373599999928047	epochs	3.0
1296.7548897686645	0.017304299999977957	epochs	3.0
1296.7721940686645	0.03440330000012182	epochs	2.0
1296.7721940686645	0.017235700000128418	epochs	3.0
1296.7894297686646	0.0171675999999934	epochs	3.0
1296.8065973686646	0.03413279999995211	epochs	2.0
1296.8065973686646	0.01709989999994832	epochs	3.0
1296.8236972686645	0.017032900000003792	epochs	3.0
1296.8407301686645	0.03386670000008962	epochs	2.0
1296.8407301686645	0.01696640000000116	epochs	3.0
1296.8576965686646	0.016900300000088464	epochs	3.0
1296.8745968686646	0.03360459999998966	epochs	2.0
1296.8745968686646	0.01683479999996962	epochs	3.0
1296.8914316686646	0.01676980000002004	epochs	3.0
1296.9082014686646	0.033346599999958926	epochs	2.0
1296.9082014686646	0.016705300000012357	epochs	3.0
1296.9249067686646	0.01664129999994657	epochs	3.0
1296.9415480686646	0.03309250000006614	epochs	2.0
1296.9415480686646	0.016577800000050047	epochs	3.0
1296.9581258686646	0.01651470000001609	epochs	3.0
1296.9746405686647	0.03284229999985655	epochs	2.0
1296.9746405686647	0.01645220000000336	epochs	3.0
1296.9910927686647	0.01639009999985319	epochs	3.0
1297.0074828686645	0.03259570000000167	epochs	2.0
1297.0074828686645	0.016328400000020338	epochs	3.0
1297.0238112686645	0.016267299999981333	epochs	3.0
1297.0400785686645	0.032352899999978035	epochs	2.0
1297.0400785686645	0.016206600000032267	epochs	3.0
1297.0562851686645	0.016146299999945768	epochs	3.0
1297.0724314686645	0.032113700000081735	epochs	2.0
1297.0724314686645	0.016086600000107865	epochs	3.0
1297.0885180686646	0.01602709999997387	epochs	3.0
1297.1045451686646	0.03187800000000607	epochs	2.0
1297.1045451686646	0.015968200000088473	epochs	3.0
1297.1205133686647	0.015909799999917595	epochs	3.0
1297.1364231686646	0.03164569999989908	epochs	2.0
1297.1364231686646	0.015851599999905375	epochs	3.0
1297.1522747686645	0.015794099999993705	epochs	3.0
1297.1680688686645	0.03141670000013619	epochs	2.0
1297.1680688686645	0.015736700000161363	epochs	3.0
1297.1838055686646	0.015679999999974825	epochs	3.0
1297.1994855686646	0.03119109999988723	epochs	2.0
1297.1994855686646	0.015623600000026272	epochs	3.0
1297.2151091686646	0.015567499999860956	epochs	3.0
1297.2306766686645	0.03096870000013041	epochs	2.0
1297.2306766686645	0.015511999999944237	epochs	3.0
1297.2461886686644	0.015456700000186174	epochs	3.0
1297.2616453686646	0.030749499999956242	epochs	2.0
1297.2616453686646	0.015401999999994587	epochs	3.0
1297.2770473686646	0.015347499999961656	epochs	3.0
1297.2923948686646	0.03053320000003623	epochs	2.0
1297.2923948686646	0.015293400000018664	epochs	3.0
1297.3076882686646	0.015239800000017567	epochs	3.0
1297.3229280686646	0.030320099999926242	epochs	2.0
1297.3229280686646	0.015186500000027081	epochs	3.0
1297.3381145686647	0.015133599999899161	epochs	3.0
1297.3532481686645	0.03010990000007041	epochs	2.0
1297.3532481686645	0.015081000000009226	epochs	3.0
1297.3683291686646	0.015028900000061185	epochs	3.0
1297.3833580686646	0.029902499999934662	epochs	2.0
1297.3833580686646	0.014976999999817053	epochs	3.0
1297.3983350686644	0.014925500000117609	epochs	3.0
1297.4132605686646	0.029698099999905025	epochs	2.0
1297.4132605686646	0.014874400000053356	epochs	3.0
1297.4281349686646	0.01482369999985167	epochs	3.0
1297.4429586686645	0.029496300000118936	epochs	2.0
1297.4429586686645	0.014773200000036013	epochs	3.0
1297.4577318686645	0.014723100000082923	epochs	3.0
1297.4724549686646	0.029297399999904883	epochs	2.0
1297.4724549686646	0.014673399999992398	epochs	3.0
1297.4871283686646	0.014623999999912485	epochs	3.0
1297.5017523686645	0.02910110000016175	epochs	2.0
1297.5017523686645	0.014574900000070556	epochs	3.0
1297.5163272686646	0.014526200000091194	epochs	3.0
1297.5308534686646	0.028907399999980044	epochs	2.0
1297.5308534686646	0.01447769999981574	epochs	3.0
1297.5453311686645	0.014429700000164303	epochs	3.0
1297.5597608686646	0.028716199999962555	epochs	2.0
1297.5597608686646	0.014381799999910072	epochs	3.0
1297.5741426686645	0.014334400000052483	epochs	3.0
1297.5884770686646	0.02852759999996124	epochs	2.0
1297.5884770686646	0.014287199999898803	epochs	3.0
1297.6027642686645	0.014240400000062436	epochs	3.0
1297.6170046686645	0.028341400000044814	epochs	2.0
1297.6170046686645	0.014193799999929979	epochs	3.0
1297.6311984686645	0.014147600000114835	epochs	3.0
1297.6453460686646	0.028157700000065233	epochs	2.0
1297.6453460686646	0.014101699999855555	epochs	3.0
1297.6594477686644	0.014056000000209679	epochs	3.0
1297.6735037686647	0.02797629999986384	epochs	2.0
1297.6735037686647	0.014010599999892293	epochs	3.0
1297.6875143686646	0.013965699999971548	epochs	3.0
1297.7014800686645	0.027797200000122757	epochs	2.0
1297.7014800686645	0.013920800000050804	epochs	3.0
1297.7154008686646	0.013876400000071953	epochs	3.0
1297.7292772686646	0.027620399999932488	epochs	2.0
1297.7292772686646	0.013832199999797012	epochs	3.0
1297.7431094686644	0.013788200000135475	epochs	3.0
1297.7568976686646	0.027445899999975154	epochs	2.0
1297.7568976686646	0.013744599999881757	epochs	3.0
1297.7706422686645	0.013701300000093397	epochs	3.0
1297.7843435686646	0.0272735000000921	epochs	2.0
1297.7843435686646	0.013658200000008947	epochs	3.0
1297.7980017686646	0.013615300000083153	epochs	3.0
1297.8116170686646	0.027103399999987232	epochs	2.0
1297.8116170686646	0.01357279999979255	epochs	3.0
1297.8251898686644	0.013530600000194681	epochs	3.0
1297.8387204686646	0.02693520000002536	epochs	2.0
1297.8387204686646	0.01348839999991469	epochs	3.0
1297.8522088686645	0.01344680000011067	epochs	3.0
1297.8656556686647	0.026769199999989723	epochs	2.0
1297.8656556686647	0.013405199999851902	epochs	3.0
1297.8790608686645	0.013364000000137821	epochs	3.0
1297.8924248686646	0.026605199999949036	epochs	2.0
1297.8924248686646	0.013322899999820947	epochs	3.0
1297.9057477686645	0.013282300000128089	epochs	3.0
1297.9190300686646	0.0264431999999033	epochs	2.0
1297.9190300686646	0.013241699999980483	epochs	3.0
1297.9322717686646	0.013201499999922817	epochs	3.0
1297.9454732686645	0.026283200000079887	epochs	2.0
1297.9454732686645	0.013161500000023807	epochs	3.0
1297.9586347686645	0.01312170000005608	epochs	3.0
1297.9717564686646	0.026124999999865395	epochs	2.0
1297.9717564686646	0.013082100000019636	epochs	3.0
1297.9848385686646	0.013042899999845758	epochs	3.0
1297.9978814686644	0.02596890000017993	epochs	2.0
1297.9978814686644	0.01300390000005791	epochs	3.0
1298.0108853686645	0.012965000000122018	epochs	3.0
1298.0238503686646	0.025814500000024054	epochs	2.0
1298.0238503686646	0.012926399999969362	epochs	3.0
1298.0367767686646	0.012888100000054692	epochs	3.0
1298.0496648686646	0.025661899999931848	epochs	2.0
1298.0496648686646	0.012849899999991976	epochs	3.0
1298.0625147686646	0.012811999999939871	epochs	3.0
1298.0753267686646	0.025511199999982637	epochs	2.0
1298.0753267686646	0.012774399999898378	epochs	3.0
1298.0881011686645	0.012736800000084258	epochs	3.0
1298.1008379686646	0.025362300000097093	epochs	2.0
1298.1008379686646	0.01269969999998466	epochs	3.0
1298.1135376686645	0.012662600000112434	epochs	3.0
1298.1262002686647	0.025214999999889187	epochs	2.0
1298.1262002686647	0.012625799999796072	epochs	3.0
1298.1388260686645	0.012589200000093115	epochs	3.0
1298.1514152686646	0.024584799999956886	epochs	2.0
1298.1746792686645	0.5	epochs	-1.0
1298.1760000686645	0.5213599999999587	epochs	1.0
1298.6973600686645	0.47856000000001586	epochs	0.0
1300.2709999084473	0.09799999999995634	epochs	0.0
1300.2709999084473	0.04400200000009136	epochs	1.0
1300.3150019084474	0.009996000000001004	epochs	1.0
1300.3249979084474	0.04400199999986398	epochs	1.0
1300.3689999084472	2.0	epochs	0.0
1302.3689999084472	5.401520000000119	epochs	0.0
1302.3689999084472	1.0	epochs	1.0
1302.3690391084472	0.5	epochs	-1.0
1302.8690391084472	4.901480800000172	epochs	-1.0
1303.3689999084472	4.401520000000119	epochs	1.0
1303.3689999084472	4.356753900000058	epochs	-1.0
1303.3689999084472	1.9745872000000873	epochs	2.0
1303.3689999084472	1.0985622000000603	epochs	3.0
1304.4675621084473	0.8760250000000269	epochs	3.0
1305.3435871084473	1.3524075000000266	epochs	2.0
1305.3435871084473	0.7286354999998821	epochs	3.0
1306.0722226084472	0.6237720000001445	epochs	3.0
1306.6959946084473	1.029759199999944	epochs	2.0
1306.6959946084473	0.5453292999998212	epochs	3.0
1307.2413239084472	0.48442990000012287	epochs	3.0
1307.7257538084473	0.04476610000006076	epochs	2.0
1307.7257538084473	0.04476610000006076	epochs	3.0
1307.7705199084473	16.598399999999856	epochs	0.0
1308.8810000419617	0.09799999999995634	epochs	0.0
1308.8810000419617	0.04400200000009136	epochs	1.0
1308.9250020419618	0.009996000000001004	epochs	1.0
1308.9349980419618	0.04400199999986398	epochs	1.0
1308.9790000419616	2.0	epochs	0.0
1310.9790000419616	21.52135999999996	epochs	0.0
1310.9790000419616	1.0	epochs	1.0
1310.9790392419616	0.5	epochs	-1.0
1311.4790392419616	19.998080000000073	epochs	-1.0
1311.9790000419616	20.0	epochs	1.0
1311.9790000419616	4.356753900000058	epochs	-1.0
1311.9790000419616	1.9745872000000873	epochs	2.0
1311.9790000419616	1.0985622000000603	epochs	3.0
1313.0775622419617	0.8760250000000269	epochs	3.0
1313.9535872419617	1.3524075000000266	epochs	2.0
1313.9535872419617	0.7286354999998821	epochs	3.0
1314.6822227419616	0.6237720000001445	epochs	3.0
1315.3059947419617	1.029759199999944	epochs	2.0
1315.3059947419617	0.5453292999998212	epochs	3.0
1315.8513240419616	0.48442990000012287	epochs	3.0
1316.3357539419617	0.8317861999998968	epochs	2.0
1316.3357539419617	0.4357763000000432	epochs	3.0
1316.7715302419617	0.3960098999998536	epochs	3.0
1317.1675401419616	0.6977970000000369	epochs	2.0
1317.1675401419616	0.3628982000000178	epochs	3.0
1317.5304383419616	0.33489880000001904	epochs	3.0
1317.8653371419616	0.601045699999986	epochs	2.0
1317.8653371419616	0.3109123000001546	epochs	3.0
1318.1762494419618	0.29013339999983145	epochs	3.0
1318.4663828419616	0.5278859000000011	epochs	2.0
1318.4663828419616	0.2719586000000618	epochs	3.0
1318.7383414419617	0.25592729999993935	epochs	3.0
1318.9942687419616	0.470619299999953	epochs	2.0
1318.9942687419616	0.241681299999982	epochs	3.0
1319.2359500419616	0.228937999999971	epochs	3.0
1319.4648880419616	0.4245704000002206	epochs	2.0
1319.4648880419616	0.21747140000002219	epochs	3.0
1319.6823594419616	0.20709900000019843	epochs	3.0
1319.8894584419618	0.3867353999999068	epochs	2.0
1319.8894584419618	0.19767109999997956	epochs	3.0
1320.0871295419618	0.18906429999992724	epochs	3.0
1320.2761938419617	0.35509529999990264	epochs	2.0
1320.2761938419617	0.18117589999997108	epochs	3.0
1320.4573697419617	0.17391939999993156	epochs	3.0
1320.6312891419616	0.3282431000000088	epochs	2.0
1320.6312891419616	0.167221900000186	epochs	3.0
1320.7985110419618	0.16102119999982278	epochs	3.0
1320.9595322419616	0.30516800000009425	epochs	2.0
1320.9595322419616	0.15526390000013635	epochs	3.0
1321.1147961419617	0.1499040999999579	epochs	3.0
1321.2647002419617	0.28512529999989056	epochs	2.0
1321.2647002419617	0.1449021000000812	epochs	3.0
1321.4096023419618	0.14022319999980937	epochs	3.0
1321.5498255419616	0.267553800000087	epochs	2.0
1321.5498255419616	0.13583690000018578	epochs	3.0
1321.6856624419618	0.13171689999990122	epochs	3.0
1321.8173793419617	0.252022899999929	epochs	2.0
1321.8173793419617	0.1278393000000051	epochs	3.0
1321.9452186419617	0.1241835999999239	epochs	3.0
1322.0694022419616	0.23819649999995818	epochs	2.0
1322.0694022419616	0.12073110000005727	epochs	3.0
1322.1901333419617	0.11746539999990091	epochs	3.0
1322.3075987419616	0.2258088000000953	epochs	2.0
1322.3075987419616	0.11437190000015107	epochs	3.0
1322.4219706419617	0.11143689999994422	epochs	3.0
1322.5334075419617	0.2146460000001298	epochs	2.0
1322.5334075419617	0.10864889999993466	epochs	3.0
1322.6420564419616	0.10599710000019513	epochs	3.0
1322.7480535419618	0.2045349999998507	epochs	2.0
1322.7480535419618	0.1034714999998414	epochs	3.0
1322.8515250419616	0.1010635000000093	epochs	3.0
1322.9525885419616	0.19533400000000256	epochs	2.0
1322.9525885419616	0.09876510000003691	epochs	3.0
1323.0513536419617	0.09656889999996565	epochs	3.0
1323.1479225419616	0.18692529999998442	epochs	2.0
1323.1479225419616	0.09446830000001682	epochs	3.0
1323.2423908419617	0.09245699999996759	epochs	3.0
1323.3348478419616	0.1792107000001124	epochs	2.0
1323.3348478419616	0.0905296000000817	epochs	3.0
1323.4253774419617	0.08868110000003071	epochs	3.0
1323.5140585419617	0.17210769999996955	epochs	2.0
1323.5140585419617	0.08690630000000965	epochs	3.0
1323.6009648419617	0.0852013999999599	epochs	3.0
1323.6861662419617	0.16554640000003928	epochs	2.0
1323.6861662419617	0.08356189999994967	epochs	3.0
1323.7697281419617	0.08198450000008961	epochs	3.0
1323.8517126419617	0.15946710000002895	epochs	2.0
1323.8517126419617	0.08046539999986635	epochs	3.0
1323.9321780419616	0.0790017000001626	epochs	3.0
1324.0111797419618	0.1538183999998637	epochs	2.0
1324.0111797419618	0.07759009999995214	epochs	3.0
1324.0887698419617	0.07622829999991154	epochs	3.0
1324.1649981419616	0.14855639999996129	epochs	2.0
1324.1649981419616	0.07491329999993468	epochs	3.0
1324.2399114419616	0.0736431000000266	epochs	3.0
1324.3135545419616	0.14364240000008976	epochs	2.0
1324.3135545419616	0.07241500000009182	epochs	3.0
1324.3859695419617	0.07122739999999794	epochs	3.0
1324.4571969419617	0.13904309999998077	epochs	2.0
1324.4571969419617	0.07007799999996678	epochs	3.0
1324.5272749419617	0.06896510000001399	epochs	3.0
1324.5962400419617	0.1347293000001173	epochs	2.0
1324.5962400419617	0.0678871000000072	epochs	3.0
1324.6641271419617	0.0668422000001101	epochs	3.0
1324.7309693419618	0.13067519999981414	epochs	2.0
1324.7309693419618	0.06582909999997355	epochs	3.0
1324.7967984419618	0.06484609999984059	epochs	3.0
1324.8616445419616	0.12685780000015257	epochs	2.0
1324.8616445419616	0.06389200000012352	epochs	3.0
1324.9255365419617	0.06296580000002905	epochs	3.0
1324.9885023419617	0.12325719999989815	epochs	2.0
1324.9885023419617	0.06206580000002759	epochs	3.0
1325.0505681419618	0.061191399999870555	epochs	3.0
1325.1117595419616	0.11985540000000583	epochs	2.0
1325.1117595419616	0.060341099999959624	epochs	3.0
1325.1721006419616	0.059514300000046205	epochs	3.0
1325.2316149419617	0.1166361999999026	epochs	2.0
1325.2316149419617	0.058709599999929196	epochs	3.0
1325.2903245419616	0.057926599999973405	epochs	3.0
1325.3482511419616	0.11358560000007856	epochs	2.0
1325.3482511419616	0.057164200000215715	epochs	3.0
1325.4054153419618	0.05642139999986284	epochs	3.0
1325.4618367419616	0.11069050000014613	epochs	2.0
1325.4618367419616	0.055697900000041045	epochs	3.0
1325.5175346419617	0.054992600000105085	epochs	3.0
1325.5725272419618	0.10793909999983953	epochs	2.0
1325.5725272419618	0.054304899999806366	epochs	3.0
1325.6268321419616	0.05363420000003316	epochs	3.0
1325.6804663419616	0.10532149999994544	epochs	2.0
1325.6804663419616	0.052980000000161453	epochs	3.0
1325.7334463419618	0.05234149999978399	epochs	3.0
1325.7857878419616	0.10282760000018243	epochs	2.0
1325.7857878419616	0.05171810000001642	epochs	3.0
1325.8375059419616	0.05110950000016601	epochs	3.0
1325.8886154419617	0.10044909999987794	epochs	2.0
1325.8886154419617	0.0505148999998255	epochs	3.0
1325.9391303419616	0.04993420000005244	epochs	3.0
1325.9890645419616	0.0981782999999723	epochs	2.0
1325.9890645419616	0.04936659999998483	epochs	3.0
1326.0384311419616	0.04881169999998747	epochs	3.0
1326.0872428419616	0.09600780000005216	epochs	2.0
1326.0872428419616	0.04826920000004975	epochs	3.0
1326.1355120419616	0.04773860000000241	epochs	3.0
1326.1832506419616	0.09393120000004274	epochs	2.0
1326.1832506419616	0.04721949999998287	epochs	3.0
1326.2304701419616	0.046711700000059864	epochs	3.0
1326.2771818419617	0.09194260000003851	epochs	2.0
1326.2771818419617	0.046214599999984785	epochs	3.0
1326.3233964419617	0.045728000000053726	epochs	3.0
1326.3691244419617	0.09003629999983787	epochs	2.0
1326.3691244419617	0.045251499999949374	epochs	3.0
1326.4143759419617	0.04478479999988849	epochs	3.0
1326.4591607419616	0.08820760000003247	epochs	2.0
1326.4591607419616	0.044327800000019124	epochs	3.0
1326.5034885419616	0.04387980000001335	epochs	3.0
1326.5473683419616	0.0864516999999978	epochs	2.0
1326.5473683419616	0.04344100000002982	epochs	3.0
1326.5908093419616	0.04301069999996798	epochs	3.0
1326.6338200419616	0.08476429999996071	epochs	2.0
1326.6338200419616	0.04258900000013455	epochs	3.0
1326.6764090419617	0.042175299999826166	epochs	3.0
1326.7185843419616	0.08314150000001064	epochs	2.0
1326.7185843419616	0.04176970000003166	epochs	3.0
1326.7603540419616	0.041371799999978975	epochs	3.0
1326.8017258419616	0.08157970000002024	epochs	2.0
1326.8017258419616	0.04098140000019157	epochs	3.0
1326.8427072419618	0.04059829999982867	epochs	3.0
1326.8833055419616	0.08007550000002084	epochs	2.0
1326.8833055419616	0.040222300000095856	epochs	3.0
1326.9235278419617	0.03985319999992498	epochs	3.0
1326.9633810419616	0.07862569999997504	epochs	2.0
1326.9633810419616	0.039490800000066884	epochs	3.0
1327.0028718419617	0.03913489999990816	epochs	3.0
1327.0420067419616	0.07722760000001472	epochs	2.0
1327.0420067419616	0.038785400000051595	epochs	3.0
1327.0807921419616	0.03844219999996312	epochs	3.0
1327.1192343419616	0.07587820000003376	epochs	2.0
1327.1192343419616	0.03810480000015559	epochs	3.0
1327.1573391419618	0.037773399999878166	epochs	3.0
1327.1951125419616	0.0745752000000266	epochs	2.0
1327.1951125419616	0.03744770000002973	epochs	3.0
1327.2325602419617	0.03712749999999687	epochs	3.0
1327.2696877419617	0.07331629999998768	epochs	2.0
1327.2696877419617	0.0368129000000863	epochs	3.0
1327.3065006419617	0.036503399999901376	epochs	3.0
1327.3430040419616	0.07209899999998015	epochs	2.0
1327.3430040419616	0.03619909999997617	epochs	3.0
1327.3792031419616	0.03589990000000398	epochs	3.0
1327.4151030419616	0.07092170000009901	epochs	2.0
1327.4151030419616	0.03560560000005353	epochs	3.0
1327.4507086419617	0.03531610000004548	epochs	3.0
1327.4860247419617	0.06978200000003199	epochs	2.0
1327.4860247419617	0.03503120000004856	epochs	3.0
1327.5210559419618	0.03475079999998343	epochs	3.0
1327.5558067419618	0.06867859999988468	epochs	2.0
1327.5558067419618	0.03447510000000875	epochs	3.0
1327.5902818419618	0.03420349999987593	epochs	3.0
1327.6244853419616	0.06760929999995824	epochs	2.0
1327.6244853419616	0.033936199999970995	epochs	3.0
1327.6584215419616	0.033673099999987244	epochs	3.0
1327.6920946419616	0.06657289999998284	epochs	2.0
1327.6920946419616	0.03341399999999339	epochs	3.0
1327.7255086419616	0.033158899999989444	epochs	3.0
1327.7586675419616	0.06556780000005347	epochs	2.0
1327.7586675419616	0.03290770000012344	epochs	3.0
1327.7915752419617	0.032660099999930026	epochs	3.0
1327.8242353419616	0.06459259999996902	epochs	2.0
1327.8242353419616	0.03241640000010193	epochs	3.0
1327.8566517419617	0.032176199999867094	epochs	3.0
1327.8888279419616	0.06364600000006249	epochs	2.0
1327.8888279419616	0.03193959999998697	epochs	3.0
1327.9207675419616	0.03170640000007552	epochs	3.0
1327.9524739419617	0.0627266999999847	epochs	2.0
1327.9524739419617	0.031476599999905375	epochs	3.0
1327.9839505419616	0.03125010000007933	epochs	3.0
1328.0152006419617	0.06183359999999993	epochs	2.0
1328.0152006419617	0.03102689999991526	epochs	3.0
1328.0462275419616	0.030806700000084675	epochs	3.0
1328.0770342419617	0.060965599999917686	epochs	2.0
1328.0770342419617	0.030589799999916067	epochs	3.0
1328.1076240419616	0.030375800000001618	epochs	3.0
1328.1379998419616	0.06012160000000222	epochs	2.0
1328.1379998419616	0.030164900000045236	epochs	3.0
1328.1681647419616	0.02995669999995698	epochs	3.0
1328.1981214419616	0.05930069999999432	epochs	2.0
1328.1981214419616	0.029751600000054168	epochs	3.0
1328.2278730419616	0.029549099999940154	epochs	3.0
1328.2574221419616	0.058501800000158255	epochs	2.0
1328.2574221419616	0.02934940000000097	epochs	3.0
1328.2867715419616	0.029152400000157286	epochs	3.0
1328.3159239419617	0.05772419999993872	epochs	2.0
1328.3159239419617	0.028957999999875028	epochs	3.0
1328.3448819419616	0.02876620000006369	epochs	3.0
1328.3736481419617	0.05696710000006533	epochs	2.0
1328.3736481419617	0.028577000000041153	epochs	3.0
1328.4022251419617	0.028390100000024177	epochs	3.0
1328.4306152419617	0.05622949999997218	epochs	2.0
1328.4306152419617	0.028205699999944045	epochs	3.0
1328.4588209419617	0.028023800000028132	epochs	3.0
1328.4868447419617	0.05551070000001346	epochs	2.0
1328.4868447419617	0.027843999999959124	epochs	3.0
1328.5146887419617	0.027666700000054334	epochs	3.0
1328.5423554419617	0.054810200000019904	epochs	2.0
1328.5423554419617	0.02749149999999645	epochs	3.0
1328.5698469419617	0.027318700000023455	epochs	3.0
1328.5971656419617	0.054126999999880354	epochs	2.0
1328.5971656419617	0.027147799999966082	epochs	3.0
1328.6243134419617	0.026979199999914272	epochs	3.0
1328.6512926419616	0.053460699999959616	epochs	2.0
1328.6512926419616	0.026812600000084785	epochs	3.0
1328.6781052419617	0.02664809999987483	epochs	3.0
1328.7047533419616	0.05281070000000909	epochs	2.0
1328.7047533419616	0.026485600000114573	epochs	3.0
1328.7312389419617	0.02632509999989452	epochs	3.0
1328.7575640419616	0.05217620000007628	epochs	2.0
1328.7575640419616	0.02616640000019288	epochs	3.0
1328.7837304419618	0.0260097999998834	epochs	3.0
1328.8097402419617	0.051556699999991906	epochs	2.0
1328.8097402419617	0.025854799999933675	epochs	3.0
1328.8355950419616	0.02570190000005823	epochs	3.0
1328.8612969419617	0.05095189999997274	epochs	2.0
1328.8612969419617	0.025550699999939752	epochs	3.0
1328.8868476419616	0.025401200000032986	epochs	3.0
1328.9122488419616	0.05036100000006627	epochs	2.0
1328.9122488419616	0.025253499999962514	epochs	3.0
1328.9375023419616	0.025107500000103755	epochs	3.0
1328.9626098419617	0.04978379999988647	epochs	2.0
1328.9626098419617	0.02496320000000196	epochs	3.0
1328.9875730419617	0.024820599999884507	epochs	3.0
1329.0123936419616	0.04921950000016295	epochs	2.0
1329.0123936419616	0.024679400000195528	epochs	3.0
1329.0370730419618	0.024540099999967424	epochs	3.0
1329.0616131419617	0.04866789999982757	epochs	2.0
1329.0616131419617	0.024402099999861093	epochs	3.0
1329.0860152419616	0.024265799999966475	epochs	3.0
1329.1102810419616	0.04812860000015462	epochs	2.0
1329.1102810419616	0.024131000000124914	epochs	3.0
1329.1344120419617	0.023997600000029706	epochs	3.0
1329.1584096419617	0.04760109999983797	epochs	2.0
1329.1584096419617	0.02386579999983951	epochs	3.0
1329.1822754419616	0.02373529999999846	epochs	3.0
1329.2060107419616	0.04708500000015192	epochs	2.0
1329.2060107419616	0.023606300000210467	epochs	3.0
1329.2296170419618	0.023478699999941455	epochs	3.0
1329.2530957419617	0.046579999999948996	epochs	2.0
1329.2530957419617	0.023352499999873544	epochs	3.0
1329.2764482419616	0.02322750000007545	epochs	3.0
1329.2996757419617	0.046085700000048746	epochs	2.0
1329.2996757419617	0.023104000000103042	epochs	3.0
1329.3227797419618	0.022981699999945704	epochs	3.0
1329.3457614419617	0.045601799999985815	epochs	2.0
1329.3457614419617	0.02286069999991014	epochs	3.0
1329.3686221419616	0.022741100000075676	epochs	3.0
1329.3913632419617	0.045127899999897636	epochs	2.0
1329.3913632419617	0.022622499999897627	epochs	3.0
1329.4139857419616	0.02250540000000001	epochs	3.0
1329.4364911419616	0.0446638000000803	epochs	2.0
1329.4364911419616	0.02238929999998618	epochs	3.0
1329.4588804419616	0.022274500000094122	epochs	3.0
1329.4811549419617	0.04420920000006845	epochs	2.0
1329.4811549419617	0.022160799999937808	epochs	3.0
1329.5033157419616	0.02204840000013064	epochs	3.0
1329.5253641419617	0.04376359999992019	epochs	2.0
1329.5253641419617	0.02193689999990056	epochs	3.0
1329.5473010419616	0.021826700000019628	epochs	3.0
1329.5691277419617	0.04332709999994222	epochs	2.0
1329.5691277419617	0.02171760000010181	epochs	3.0
1329.5908453419618	0.02160949999984041	epochs	3.0
1329.6124548419616	0.04289900000003399	epochs	2.0
1329.6124548419616	0.02150249999999687	epochs	3.0
1329.6339573419616	0.021396500000037122	epochs	3.0
1329.6553538419616	0.04247950000012679	epochs	2.0
1329.6553538419616	0.021291700000119818	epochs	3.0
1329.6766455419618	0.021187800000006973	epochs	3.0
1329.6978333419618	0.04206789999989269	epochs	2.0
1329.6978333419618	0.02108490000000529	epochs	3.0
1329.7189182419618	0.020982999999887397	epochs	3.0
1329.7399012419617	0.04166439999994509	epochs	2.0
1329.7399012419617	0.020882199999959994	epochs	3.0
1329.7607834419616	0.020782199999985096	epochs	3.0
1329.7815656419616	0.04126850000011473	epochs	2.0
1329.7815656419616	0.020683299999973315	epochs	3.0
1329.8022489419616	0.020585200000141413	epochs	3.0
1329.8228341419617	0.04088000000001557	epochs	2.0
1329.8228341419617	0.020488099999965925	epochs	3.0
1329.8433222419617	0.020391900000049645	epochs	3.0
1329.8637141419617	0.04049880000002304	epochs	2.0
1329.8637141419617	0.020296599999937825	epochs	3.0
1329.8840107419617	0.020202200000085213	epochs	3.0
1329.9042129419618	0.040124599999899146	epochs	2.0
1329.9042129419618	0.020108699999809687	epochs	3.0
1329.9243216419616	0.02001590000008946	epochs	3.0
1329.9443375419617	0.03975730000001931	epochs	2.0
1329.9443375419617	0.019924200000104975	epochs	3.0
1329.9642617419618	0.01983309999991434	epochs	3.0
1329.9840948419617	0.03939669999999751	epochs	2.0
1329.9840948419617	0.01974300000006224	epochs	3.0
1330.0038378419617	0.01965369999993527	epochs	3.0
1330.0234915419617	0.03904239999997117	epochs	2.0
1330.0234915419617	0.019565099999908853	epochs	3.0
1330.0430566419616	0.019477300000062314	epochs	3.0
1330.0625339419616	0.038694600000098944	epochs	2.0
1330.0625339419616	0.019390400000020236	epochs	3.0
1330.0819243419617	0.01930420000007871	epochs	3.0
1330.1012285419617	0.038352899999836154	epochs	2.0
1330.1012285419617	0.019218799999862313	epochs	3.0
1330.1204473419616	0.01913409999997384	epochs	3.0
1330.1395814419616	0.03801720000001296	epochs	2.0
1330.1395814419616	0.019050200000037876	epochs	3.0
1330.1586316419616	0.018966999999975087	epochs	3.0
1330.1775986419616	0.03768720000016401	epochs	2.0
1330.1775986419616	0.01888450000001285	epochs	3.0
1330.1964831419616	0.018802700000151162	epochs	3.0
1330.2152858419618	0.03736309999999321	epochs	2.0
1330.2152858419618	0.018721700000014607	epochs	3.0
1330.2340075419618	0.018641399999978603	epochs	3.0
1330.2526489419618	0.03704429999993408	epochs	2.0
1330.2526489419618	0.018561599999884493	epochs	3.0
1330.2712105419616	0.01848270000004959	epochs	3.0
1330.2896932419617	0.03673099999991791	epochs	2.0
1330.2896932419617	0.018404299999929208	epochs	3.0
1330.3080975419616	0.018326699999988705	epochs	3.0
1330.3264242419616	0.03642290000016146	epochs	2.0
1330.3264242419616	0.018249599999990096	epochs	3.0
1330.3446738419616	0.018173300000171366	epochs	3.0
1330.3628471419618	0.036120099999834565	epochs	2.0
1330.3628471419618	0.01809759999991911	epochs	3.0
1330.3809447419617	0.018022499999915453	epochs	3.0
1330.3989672419616	0.035822100000132195	epochs	2.0
1330.3989672419616	0.017947900000081063	epochs	3.0
1330.4169151419617	0.017874200000051133	epochs	3.0
1330.4347893419617	0.03552899999999681	epochs	2.0
1330.4347893419617	0.017800800000031813	epochs	3.0
1330.4525901419618	0.017728199999965	epochs	3.0
1330.4703183419617	0.03524070000003121	epochs	2.0
1330.4703183419617	0.01765609999984008	epochs	3.0
1330.4879744419616	0.01758460000019113	epochs	3.0
1330.5055590419618	0.03495709999992869	epochs	2.0
1330.5055590419618	0.017513699999881283	epochs	3.0
1330.5230727419616	0.017443400000047404	epochs	3.0
1330.5405161419617	0.034677899999906	epochs	2.0
1330.5405161419617	0.017373599999928047	epochs	3.0
1330.5578897419616	0.017304299999977957	epochs	3.0
1330.5751940419616	0.03440330000012182	epochs	2.0
1330.5751940419616	0.017235700000128418	epochs	3.0
1330.5924297419617	0.0171675999999934	epochs	3.0
1330.6095973419617	0.03413279999995211	epochs	2.0
1330.6095973419617	0.01709989999994832	epochs	3.0
1330.6266972419617	0.017032900000003792	epochs	3.0
1330.6437301419617	0.03386670000008962	epochs	2.0
1330.6437301419617	0.01696640000000116	epochs	3.0
1330.6606965419617	0.016900300000088464	epochs	3.0
1330.6775968419618	0.03360459999998966	epochs	2.0
1330.6775968419618	0.01683479999996962	epochs	3.0
1330.6944316419617	0.01676980000002004	epochs	3.0
1330.7112014419617	0.033346599999958926	epochs	2.0
1330.7112014419617	0.016705300000012357	epochs	3.0
1330.7279067419618	0.01664129999994657	epochs	3.0
1330.7445480419617	0.03309250000006614	epochs	2.0
1330.7445480419617	0.016577800000050047	epochs	3.0
1330.7611258419618	0.01651470000001609	epochs	3.0
1330.7776405419618	0.03284229999985655	epochs	2.0
1330.7776405419618	0.01645220000000336	epochs	3.0
1330.7940927419618	0.01639009999985319	epochs	3.0
1330.8104828419616	0.03259570000000167	epochs	2.0
1330.8104828419616	0.016328400000020338	epochs	3.0
1330.8268112419617	0.016267299999981333	epochs	3.0
1330.8430785419616	0.032352899999978035	epochs	2.0
1330.8430785419616	0.016206600000032267	epochs	3.0
1330.8592851419617	0.016146299999945768	epochs	3.0
1330.8754314419616	0.032113700000081735	epochs	2.0
1330.8754314419616	0.016086600000107865	epochs	3.0
1330.8915180419617	0.01602709999997387	epochs	3.0
1330.9075451419617	0.03187800000000607	epochs	2.0
1330.9075451419617	0.015968200000088473	epochs	3.0
1330.9235133419618	0.015909799999917595	epochs	3.0
1330.9394231419617	0.03164569999989908	epochs	2.0
1330.9394231419617	0.015851599999905375	epochs	3.0
1330.9552747419616	0.015794099999993705	epochs	3.0
1330.9710688419616	0.03141670000013619	epochs	2.0
1330.9710688419616	0.015736700000161363	epochs	3.0
1330.9868055419618	0.015679999999974825	epochs	3.0
1331.0024855419617	0.03119109999988723	epochs	2.0
1331.0024855419617	0.015623600000026272	epochs	3.0
1331.0181091419618	0.015567499999860956	epochs	3.0
1331.0336766419616	0.03096870000013041	epochs	2.0
1331.0336766419616	0.015511999999944237	epochs	3.0
1331.0491886419616	0.015456700000186174	epochs	3.0
1331.0646453419618	0.030749499999956242	epochs	2.0
1331.0646453419618	0.015401999999994587	epochs	3.0
1331.0800473419617	0.015347499999961656	epochs	3.0
1331.0953948419617	0.03053320000003623	epochs	2.0
1331.0953948419617	0.015293400000018664	epochs	3.0
1331.1106882419617	0.015239800000017567	epochs	3.0
1331.1259280419617	0.030320099999926242	epochs	2.0
1331.1259280419617	0.015186500000027081	epochs	3.0
1331.1411145419618	0.015133599999899161	epochs	3.0
1331.1562481419617	0.03010990000007041	epochs	2.0
1331.1562481419617	0.015081000000009226	epochs	3.0
1331.1713291419617	0.015028900000061185	epochs	3.0
1331.1863580419617	0.029902499999934662	epochs	2.0
1331.1863580419617	0.014976999999817053	epochs	3.0
1331.2013350419616	0.014925500000117609	epochs	3.0
1331.2162605419617	0.029698099999905025	epochs	2.0
1331.2162605419617	0.014874400000053356	epochs	3.0
1331.2311349419617	0.01482369999985167	epochs	3.0
1331.2459586419616	0.029496300000118936	epochs	2.0
1331.2459586419616	0.014773200000036013	epochs	3.0
1331.2607318419616	0.014723100000082923	epochs	3.0
1331.2754549419617	0.029297399999904883	epochs	2.0
1331.2754549419617	0.014673399999992398	epochs	3.0
1331.2901283419617	0.014623999999912485	epochs	3.0
1331.3047523419616	0.02910110000016175	epochs	2.0
1331.3047523419616	0.014574900000070556	epochs	3.0
1331.3193272419617	0.014526200000091194	epochs	3.0
1331.3338534419618	0.028907399999980044	epochs	2.0
1331.3338534419618	0.01447769999981574	epochs	3.0
1331.3483311419616	0.014429700000164303	epochs	3.0
1331.3627608419617	0.028716199999962555	epochs	2.0
1331.3627608419617	0.014381799999910072	epochs	3.0
1331.3771426419617	0.014334400000052483	epochs	3.0
1331.3914770419617	0.02852759999996124	epochs	2.0
1331.3914770419617	0.014287199999898803	epochs	3.0
1331.4057642419616	0.014240400000062436	epochs	3.0
1331.4200046419617	0.028341400000044814	epochs	2.0
1331.4200046419617	0.014193799999929979	epochs	3.0
1331.4341984419616	0.014147600000114835	epochs	3.0
1331.4483460419617	0.028157700000065233	epochs	2.0
1331.4483460419617	0.014101699999855555	epochs	3.0
1331.4624477419616	0.014056000000209679	epochs	3.0
1331.4765037419618	0.02797629999986384	epochs	2.0
1331.4765037419618	0.014010599999892293	epochs	3.0
1331.4905143419617	0.013965699999971548	epochs	3.0
1331.5044800419616	0.027797200000122757	epochs	2.0
1331.5044800419616	0.013920800000050804	epochs	3.0
1331.5184008419617	0.013876400000071953	epochs	3.0
1331.5322772419618	0.027620399999932488	epochs	2.0
1331.5322772419618	0.013832199999797012	epochs	3.0
1331.5461094419616	0.013788200000135475	epochs	3.0
1331.5598976419617	0.027445899999975154	epochs	2.0
1331.5598976419617	0.013744599999881757	epochs	3.0
1331.5736422419616	0.013701300000093397	epochs	3.0
1331.5873435419617	0.0272735000000921	epochs	2.0
1331.5873435419617	0.013658200000008947	epochs	3.0
1331.6010017419617	0.013615300000083153	epochs	3.0
1331.6146170419618	0.027103399999987232	epochs	2.0
1331.6146170419618	0.01357279999979255	epochs	3.0
1331.6281898419616	0.013530600000194681	epochs	3.0
1331.6417204419618	0.02693520000002536	epochs	2.0
1331.6417204419618	0.01348839999991469	epochs	3.0
1331.6552088419617	0.01344680000011067	epochs	3.0
1331.6686556419618	0.026769199999989723	epochs	2.0
1331.6686556419618	0.013405199999851902	epochs	3.0
1331.6820608419616	0.013364000000137821	epochs	3.0
1331.6954248419618	0.026605199999949036	epochs	2.0
1331.6954248419618	0.013322899999820947	epochs	3.0
1331.7087477419616	0.013282300000128089	epochs	3.0
1331.7220300419617	0.0264431999999033	epochs	2.0
1331.7220300419617	0.013241699999980483	epochs	3.0
1331.7352717419617	0.013201499999922817	epochs	3.0
1331.7484732419616	0.026283200000079887	epochs	2.0
1331.7484732419616	0.013161500000023807	epochs	3.0
1331.7616347419616	0.01312170000005608	epochs	3.0
1331.7747564419617	0.026124999999865395	epochs	2.0
1331.7747564419617	0.013082100000019636	epochs	3.0
1331.7878385419617	0.013042899999845758	epochs	3.0
1331.8008814419616	0.02596890000017993	epochs	2.0
1331.8008814419616	0.01300390000005791	epochs	3.0
1331.8138853419616	0.012965000000122018	epochs	3.0
1331.8268503419617	0.025814500000024054	epochs	2.0
1331.8268503419617	0.012926399999969362	epochs	3.0
1331.8397767419617	0.012888100000054692	epochs	3.0
1331.8526648419618	0.025661899999931848	epochs	2.0
1331.8526648419618	0.012849899999991976	epochs	3.0
1331.8655147419618	0.012811999999939871	epochs	3.0
1331.8783267419617	0.025511199999982637	epochs	2.0
1331.8783267419617	0.012774399999898378	epochs	3.0
1331.8911011419616	0.012736800000084258	epochs	3.0
1331.9038379419617	0.025362300000097093	epochs	2.0
1331.9038379419617	0.01269969999998466	epochs	3.0
1331.9165376419617	0.012662600000112434	epochs	3.0
1331.9292002419618	0.025214999999889187	epochs	2.0
1331.9292002419618	0.012625799999796072	epochs	3.0
1331.9418260419616	0.012589200000093115	epochs	3.0
1331.9544152419617	0.024584799999956886	epochs	2.0
1331.9771192419616	0.5	epochs	-1.0
1331.9790000419616	0.5213599999999587	epochs	1.0
1332.5003600419616	0.47856000000001586	epochs	0.0
1333.638000011444	0.09799999999995634	epochs	0.0
1333.638000011444	0.04400200000009136	epochs	1.0
1333.6820020114442	0.009996000000001004	epochs	1.0
1333.6919980114442	0.04400199999986398	epochs	1.0
1333.736000011444	2.0	epochs	0.0
1335.736000011444	21.501359999999977	epochs	0.0
1335.736000011444	1.0	epochs	1.0
1335.736039211444	0.5	epochs	-1.0
1336.236039211444	19.998080000000073	epochs	-1.0
1336.736000011444	20.0	epochs	1.0
1336.736000011444	4.356753900000058	epochs	-1.0
1336.736000011444	1.9745872000000873	epochs	2.0
1336.736000011444	1.0985622000000603	epochs	3.0
1337.834562211444	0.8760250000000269	epochs	3.0
1338.7105872114441	1.3524075000000266	epochs	2.0
1338.7105872114441	0.7286354999998821	epochs	3.0
1339.439222711444	0.6237720000001445	epochs	3.0
1340.0629947114442	1.029759199999944	epochs	2.0
1340.0629947114442	0.5453292999998212	epochs	3.0
1340.608324011444	0.48442990000012287	epochs	3.0
1341.092753911444	0.8317861999998968	epochs	2.0
1341.092753911444	0.4357763000000432	epochs	3.0
1341.5285302114441	0.3960098999998536	epochs	3.0
1341.924540111444	0.6977970000000369	epochs	2.0
1341.924540111444	0.3628982000000178	epochs	3.0
1342.287438311444	0.33489880000001904	epochs	3.0
1342.622337111444	0.601045699999986	epochs	2.0
1342.622337111444	0.3109123000001546	epochs	3.0
1342.9332494114442	0.29013339999983145	epochs	3.0
1343.223382811444	0.5278859000000011	epochs	2.0
1343.223382811444	0.2719586000000618	epochs	3.0
1343.495341411444	0.25592729999993935	epochs	3.0
1343.751268711444	0.470619299999953	epochs	2.0
1343.751268711444	0.241681299999982	epochs	3.0
1343.992950011444	0.228937999999971	epochs	3.0
1344.221888011444	0.4245704000002206	epochs	2.0
1344.221888011444	0.21747140000002219	epochs	3.0
1344.439359411444	0.20709900000019843	epochs	3.0
1344.6464584114442	0.3867353999999068	epochs	2.0
1344.6464584114442	0.19767109999997956	epochs	3.0
1344.8441295114442	0.18906429999992724	epochs	3.0
1345.033193811444	0.35509529999990264	epochs	2.0
1345.033193811444	0.18117589999997108	epochs	3.0
1345.214369711444	0.17391939999993156	epochs	3.0
1345.388289111444	0.3282431000000088	epochs	2.0
1345.388289111444	0.167221900000186	epochs	3.0
1345.5555110114442	0.16102119999982278	epochs	3.0
1345.716532211444	0.30516800000009425	epochs	2.0
1345.716532211444	0.15526390000013635	epochs	3.0
1345.8717961114442	0.1499040999999579	epochs	3.0
1346.021700211444	0.28512529999989056	epochs	2.0
1346.021700211444	0.1449021000000812	epochs	3.0
1346.1666023114442	0.14022319999980937	epochs	3.0
1346.306825511444	0.267553800000087	epochs	2.0
1346.306825511444	0.13583690000018578	epochs	3.0
1346.4426624114442	0.13171689999990122	epochs	3.0
1346.574379311444	0.252022899999929	epochs	2.0
1346.574379311444	0.1278393000000051	epochs	3.0
1346.702218611444	0.1241835999999239	epochs	3.0
1346.826402211444	0.23819649999995818	epochs	2.0
1346.826402211444	0.12073110000005727	epochs	3.0
1346.947133311444	0.11746539999990091	epochs	3.0
1347.064598711444	0.2258088000000953	epochs	2.0
1347.064598711444	0.11437190000015107	epochs	3.0
1347.1789706114441	0.11143689999994422	epochs	3.0
1347.290407511444	0.2146460000001298	epochs	2.0
1347.290407511444	0.10864889999993466	epochs	3.0
1347.399056411444	0.10599710000019513	epochs	3.0
1347.5050535114442	0.2045349999998507	epochs	2.0
1347.5050535114442	0.1034714999998414	epochs	3.0
1347.608525011444	0.1010635000000093	epochs	3.0
1347.709588511444	0.19533400000000256	epochs	2.0
1347.709588511444	0.09876510000003691	epochs	3.0
1347.808353611444	0.09656889999996565	epochs	3.0
1347.904922511444	0.18692529999998442	epochs	2.0
1347.904922511444	0.09446830000001682	epochs	3.0
1347.999390811444	0.09245699999996759	epochs	3.0
1348.091847811444	0.1792107000001124	epochs	2.0
1348.091847811444	0.0905296000000817	epochs	3.0
1348.1823774114441	0.08868110000003071	epochs	3.0
1348.2710585114442	0.17210769999996955	epochs	2.0
1348.2710585114442	0.08690630000000965	epochs	3.0
1348.3579648114442	0.0852013999999599	epochs	3.0
1348.4431662114441	0.16554640000003928	epochs	2.0
1348.4431662114441	0.08356189999994967	epochs	3.0
1348.526728111444	0.08198450000008961	epochs	3.0
1348.6087126114442	0.15946710000002895	epochs	2.0
1348.6087126114442	0.08046539999986635	epochs	3.0
1348.689178011444	0.0790017000001626	epochs	3.0
1348.7681797114442	0.1538183999998637	epochs	2.0
1348.7681797114442	0.07759009999995214	epochs	3.0
1348.8457698114441	0.07622829999991154	epochs	3.0
1348.921998111444	0.14855639999996129	epochs	2.0
1348.921998111444	0.07491329999993468	epochs	3.0
1348.996911411444	0.0736431000000266	epochs	3.0
1349.070554511444	0.14364240000008976	epochs	2.0
1349.070554511444	0.07241500000009182	epochs	3.0
1349.142969511444	0.07122739999999794	epochs	3.0
1349.214196911444	0.13904309999998077	epochs	2.0
1349.214196911444	0.07007799999996678	epochs	3.0
1349.284274911444	0.06896510000001399	epochs	3.0
1349.353240011444	0.1347293000001173	epochs	2.0
1349.353240011444	0.0678871000000072	epochs	3.0
1349.421127111444	0.0668422000001101	epochs	3.0
1349.4879693114442	0.13067519999981414	epochs	2.0
1349.4879693114442	0.06582909999997355	epochs	3.0
1349.5537984114442	0.06484609999984059	epochs	3.0
1349.618644511444	0.12685780000015257	epochs	2.0
1349.618644511444	0.06389200000012352	epochs	3.0
1349.6825365114441	0.06296580000002905	epochs	3.0
1349.7455023114442	0.12325719999989815	epochs	2.0
1349.7455023114442	0.06206580000002759	epochs	3.0
1349.8075681114442	0.061191399999870555	epochs	3.0
1349.868759511444	0.11985540000000583	epochs	2.0
1349.868759511444	0.060341099999959624	epochs	3.0
1349.929100611444	0.059514300000046205	epochs	3.0
1349.988614911444	0.1166361999999026	epochs	2.0
1349.988614911444	0.058709599999929196	epochs	3.0
1350.047324511444	0.057926599999973405	epochs	3.0
1350.105251111444	0.11358560000007856	epochs	2.0
1350.105251111444	0.057164200000215715	epochs	3.0
1350.1624153114442	0.05642139999986284	epochs	3.0
1350.218836711444	0.11069050000014613	epochs	2.0
1350.218836711444	0.055697900000041045	epochs	3.0
1350.274534611444	0.054992600000105085	epochs	3.0
1350.3295272114442	0.10793909999983953	epochs	2.0
1350.3295272114442	0.054304899999806366	epochs	3.0
1350.383832111444	0.05363420000003316	epochs	3.0
1350.437466311444	0.10532149999994544	epochs	2.0
1350.437466311444	0.052980000000161453	epochs	3.0
1350.4904463114442	0.05234149999978399	epochs	3.0
1350.542787811444	0.10282760000018243	epochs	2.0
1350.542787811444	0.05171810000001642	epochs	3.0
1350.594505911444	0.05110950000016601	epochs	3.0
1350.6456154114442	0.10044909999987794	epochs	2.0
1350.6456154114442	0.0505148999998255	epochs	3.0
1350.696130311444	0.04993420000005244	epochs	3.0
1350.746064511444	0.0981782999999723	epochs	2.0
1350.746064511444	0.04936659999998483	epochs	3.0
1350.795431111444	0.04881169999998747	epochs	3.0
1350.844242811444	0.09600780000005216	epochs	2.0
1350.844242811444	0.04826920000004975	epochs	3.0
1350.892512011444	0.04773860000000241	epochs	3.0
1350.940250611444	0.09393120000004274	epochs	2.0
1350.940250611444	0.04721949999998287	epochs	3.0
1350.987470111444	0.046711700000059864	epochs	3.0
1351.0341818114441	0.09194260000003851	epochs	2.0
1351.0341818114441	0.046214599999984785	epochs	3.0
1351.080396411444	0.045728000000053726	epochs	3.0
1351.1261244114442	0.09003629999983787	epochs	2.0
1351.1261244114442	0.045251499999949374	epochs	3.0
1351.171375911444	0.04478479999988849	epochs	3.0
1351.216160711444	0.08820760000003247	epochs	2.0
1351.216160711444	0.044327800000019124	epochs	3.0
1351.260488511444	0.04387980000001335	epochs	3.0
1351.304368311444	0.0864516999999978	epochs	2.0
1351.304368311444	0.04344100000002982	epochs	3.0
1351.347809311444	0.04301069999996798	epochs	3.0
1351.390820011444	0.08476429999996071	epochs	2.0
1351.390820011444	0.04258900000013455	epochs	3.0
1351.4334090114442	0.042175299999826166	epochs	3.0
1351.475584311444	0.08314150000001064	epochs	2.0
1351.475584311444	0.04176970000003166	epochs	3.0
1351.517354011444	0.041371799999978975	epochs	3.0
1351.558725811444	0.08157970000002024	epochs	2.0
1351.558725811444	0.04098140000019157	epochs	3.0
1351.5997072114442	0.04059829999982867	epochs	3.0
1351.640305511444	0.08007550000002084	epochs	2.0
1351.640305511444	0.040222300000095856	epochs	3.0
1351.680527811444	0.03985319999992498	epochs	3.0
1351.720381011444	0.07862569999997504	epochs	2.0
1351.720381011444	0.039490800000066884	epochs	3.0
1351.759871811444	0.03913489999990816	epochs	3.0
1351.799006711444	0.07722760000001472	epochs	2.0
1351.799006711444	0.038785400000051595	epochs	3.0
1351.837792111444	0.03844219999996312	epochs	3.0
1351.876234311444	0.07587820000003376	epochs	2.0
1351.876234311444	0.03810480000015559	epochs	3.0
1351.9143391114442	0.037773399999878166	epochs	3.0
1351.952112511444	0.0745752000000266	epochs	2.0
1351.952112511444	0.03744770000002973	epochs	3.0
1351.989560211444	0.03712749999999687	epochs	3.0
1352.026687711444	0.07331629999998768	epochs	2.0
1352.026687711444	0.0368129000000863	epochs	3.0
1352.0635006114442	0.036503399999901376	epochs	3.0
1352.100004011444	0.07209899999998015	epochs	2.0
1352.100004011444	0.03619909999997617	epochs	3.0
1352.136203111444	0.03589990000000398	epochs	3.0
1352.172103011444	0.07092170000009901	epochs	2.0
1352.172103011444	0.03560560000005353	epochs	3.0
1352.207708611444	0.03531610000004548	epochs	3.0
1352.2430247114441	0.06978200000003199	epochs	2.0
1352.2430247114441	0.03503120000004856	epochs	3.0
1352.2780559114442	0.03475079999998343	epochs	3.0
1352.3128067114442	0.06867859999988468	epochs	2.0
1352.3128067114442	0.03447510000000875	epochs	3.0
1352.3472818114442	0.03420349999987593	epochs	3.0
1352.381485311444	0.06760929999995824	epochs	2.0
1352.381485311444	0.033936199999970995	epochs	3.0
1352.415421511444	0.033673099999987244	epochs	3.0
1352.449094611444	0.06657289999998284	epochs	2.0
1352.449094611444	0.03341399999999339	epochs	3.0
1352.482508611444	0.033158899999989444	epochs	3.0
1352.515667511444	0.06556780000005347	epochs	2.0
1352.515667511444	0.03290770000012344	epochs	3.0
1352.5485752114441	0.032660099999930026	epochs	3.0
1352.581235311444	0.06459259999996902	epochs	2.0
1352.581235311444	0.03241640000010193	epochs	3.0
1352.6136517114442	0.032176199999867094	epochs	3.0
1352.645827911444	0.06364600000006249	epochs	2.0
1352.645827911444	0.03193959999998697	epochs	3.0
1352.677767511444	0.03170640000007552	epochs	3.0
1352.709473911444	0.0627266999999847	epochs	2.0
1352.709473911444	0.031476599999905375	epochs	3.0
1352.740950511444	0.03125010000007933	epochs	3.0
1352.772200611444	0.06183359999999993	epochs	2.0
1352.772200611444	0.03102689999991526	epochs	3.0
1352.803227511444	0.030806700000084675	epochs	3.0
1352.834034211444	0.060965599999917686	epochs	2.0
1352.834034211444	0.030589799999916067	epochs	3.0
1352.864624011444	0.030375800000001618	epochs	3.0
1352.894999811444	0.06012160000000222	epochs	2.0
1352.894999811444	0.030164900000045236	epochs	3.0
1352.925164711444	0.02995669999995698	epochs	3.0
1352.955121411444	0.05930069999999432	epochs	2.0
1352.955121411444	0.029751600000054168	epochs	3.0
1352.984873011444	0.029549099999940154	epochs	3.0
1353.014422111444	0.058501800000158255	epochs	2.0
1353.014422111444	0.02934940000000097	epochs	3.0
1353.043771511444	0.029152400000157286	epochs	3.0
1353.0729239114441	0.05772419999993872	epochs	2.0
1353.0729239114441	0.028957999999875028	epochs	3.0
1353.101881911444	0.02876620000006369	epochs	3.0
1353.130648111444	0.05696710000006533	epochs	2.0
1353.130648111444	0.028577000000041153	epochs	3.0
1353.1592251114441	0.028390100000024177	epochs	3.0
1353.1876152114442	0.05622949999997218	epochs	2.0
1353.1876152114442	0.028205699999944045	epochs	3.0
1353.215820911444	0.028023800000028132	epochs	3.0
1353.2438447114441	0.05551070000001346	epochs	2.0
1353.2438447114441	0.027843999999959124	epochs	3.0
1353.271688711444	0.027666700000054334	epochs	3.0
1353.2993554114441	0.054810200000019904	epochs	2.0
1353.2993554114441	0.02749149999999645	epochs	3.0
1353.3268469114441	0.027318700000023455	epochs	3.0
1353.3541656114442	0.054126999999880354	epochs	2.0
1353.3541656114442	0.027147799999966082	epochs	3.0
1353.3813134114441	0.026979199999914272	epochs	3.0
1353.408292611444	0.053460699999959616	epochs	2.0
1353.408292611444	0.026812600000084785	epochs	3.0
1353.4351052114441	0.02664809999987483	epochs	3.0
1353.461753311444	0.05281070000000909	epochs	2.0
1353.461753311444	0.026485600000114573	epochs	3.0
1353.4882389114441	0.02632509999989452	epochs	3.0
1353.514564011444	0.05217620000007628	epochs	2.0
1353.514564011444	0.02616640000019288	epochs	3.0
1353.5407304114442	0.0260097999998834	epochs	3.0
1353.566740211444	0.051556699999991906	epochs	2.0
1353.566740211444	0.025854799999933675	epochs	3.0
1353.592595011444	0.02570190000005823	epochs	3.0
1353.618296911444	0.05095189999997274	epochs	2.0
1353.618296911444	0.025550699999939752	epochs	3.0
1353.643847611444	0.025401200000032986	epochs	3.0
1353.669248811444	0.05036100000006627	epochs	2.0
1353.669248811444	0.025253499999962514	epochs	3.0
1353.694502311444	0.025107500000103755	epochs	3.0
1353.7196098114441	0.04978379999988647	epochs	2.0
1353.7196098114441	0.02496320000000196	epochs	3.0
1353.7445730114441	0.024820599999884507	epochs	3.0
1353.769393611444	0.04921950000016295	epochs	2.0
1353.769393611444	0.024679400000195528	epochs	3.0
1353.7940730114442	0.024540099999967424	epochs	3.0
1353.8186131114442	0.04866789999982757	epochs	2.0
1353.8186131114442	0.024402099999861093	epochs	3.0
1353.843015211444	0.024265799999966475	epochs	3.0
1353.867281011444	0.04812860000015462	epochs	2.0
1353.867281011444	0.024131000000124914	epochs	3.0
1353.8914120114441	0.023997600000029706	epochs	3.0
1353.9154096114441	0.04760109999983797	epochs	2.0
1353.9154096114441	0.02386579999983951	epochs	3.0
1353.939275411444	0.02373529999999846	epochs	3.0
1353.963010711444	0.04708500000015192	epochs	2.0
1353.963010711444	0.023606300000210467	epochs	3.0
1353.9866170114442	0.023478699999941455	epochs	3.0
1354.0100957114441	0.046579999999948996	epochs	2.0
1354.0100957114441	0.023352499999873544	epochs	3.0
1354.033448211444	0.02322750000007545	epochs	3.0
1354.056675711444	0.046085700000048746	epochs	2.0
1354.056675711444	0.023104000000103042	epochs	3.0
1354.0797797114442	0.022981699999945704	epochs	3.0
1354.1027614114441	0.045601799999985815	epochs	2.0
1354.1027614114441	0.02286069999991014	epochs	3.0
1354.125622111444	0.022741100000075676	epochs	3.0
1354.1483632114441	0.045127899999897636	epochs	2.0
1354.1483632114441	0.022622499999897627	epochs	3.0
1354.170985711444	0.02250540000000001	epochs	3.0
1354.193491111444	0.0446638000000803	epochs	2.0
1354.193491111444	0.02238929999998618	epochs	3.0
1354.215880411444	0.022274500000094122	epochs	3.0
1354.238154911444	0.04420920000006845	epochs	2.0
1354.238154911444	0.022160799999937808	epochs	3.0
1354.260315711444	0.02204840000013064	epochs	3.0
1354.2823641114442	0.04376359999992019	epochs	2.0
1354.2823641114442	0.02193689999990056	epochs	3.0
1354.304301011444	0.021826700000019628	epochs	3.0
1354.326127711444	0.04332709999994222	epochs	2.0
1354.326127711444	0.02171760000010181	epochs	3.0
1354.3478453114442	0.02160949999984041	epochs	3.0
1354.369454811444	0.04289900000003399	epochs	2.0
1354.369454811444	0.02150249999999687	epochs	3.0
1354.390957311444	0.021396500000037122	epochs	3.0
1354.412353811444	0.04247950000012679	epochs	2.0
1354.412353811444	0.021291700000119818	epochs	3.0
1354.4336455114442	0.021187800000006973	epochs	3.0
1354.4548333114442	0.04206789999989269	epochs	2.0
1354.4548333114442	0.02108490000000529	epochs	3.0
1354.4759182114442	0.020982999999887397	epochs	3.0
1354.496901211444	0.04166439999994509	epochs	2.0
1354.496901211444	0.020882199999959994	epochs	3.0
1354.517783411444	0.020782199999985096	epochs	3.0
1354.538565611444	0.04126850000011473	epochs	2.0
1354.538565611444	0.020683299999973315	epochs	3.0
1354.559248911444	0.020585200000141413	epochs	3.0
1354.5798341114441	0.04088000000001557	epochs	2.0
1354.5798341114441	0.020488099999965925	epochs	3.0
1354.600322211444	0.020391900000049645	epochs	3.0
1354.6207141114442	0.04049880000002304	epochs	2.0
1354.6207141114442	0.020296599999937825	epochs	3.0
1354.641010711444	0.020202200000085213	epochs	3.0
1354.6612129114442	0.040124599999899146	epochs	2.0
1354.6612129114442	0.020108699999809687	epochs	3.0
1354.681321611444	0.02001590000008946	epochs	3.0
1354.701337511444	0.03975730000001931	epochs	2.0
1354.701337511444	0.019924200000104975	epochs	3.0
1354.7212617114442	0.01983309999991434	epochs	3.0
1354.741094811444	0.03939669999999751	epochs	2.0
1354.741094811444	0.01974300000006224	epochs	3.0
1354.7608378114442	0.01965369999993527	epochs	3.0
1354.780491511444	0.03904239999997117	epochs	2.0
1354.780491511444	0.019565099999908853	epochs	3.0
1354.800056611444	0.019477300000062314	epochs	3.0
1354.819533911444	0.038694600000098944	epochs	2.0
1354.819533911444	0.019390400000020236	epochs	3.0
1354.838924311444	0.01930420000007871	epochs	3.0
1354.8582285114442	0.038352899999836154	epochs	2.0
1354.8582285114442	0.019218799999862313	epochs	3.0
1354.877447311444	0.01913409999997384	epochs	3.0
1354.896581411444	0.03801720000001296	epochs	2.0
1354.896581411444	0.019050200000037876	epochs	3.0
1354.915631611444	0.018966999999975087	epochs	3.0
1354.934598611444	0.03768720000016401	epochs	2.0
1354.934598611444	0.01888450000001285	epochs	3.0
1354.953483111444	0.018802700000151162	epochs	3.0
1354.9722858114442	0.03736309999999321	epochs	2.0
1354.9722858114442	0.018721700000014607	epochs	3.0
1354.9910075114442	0.018641399999978603	epochs	3.0
1355.0096489114442	0.03704429999993408	epochs	2.0
1355.0096489114442	0.018561599999884493	epochs	3.0
1355.028210511444	0.01848270000004959	epochs	3.0
1355.046693211444	0.03673099999991791	epochs	2.0
1355.046693211444	0.018404299999929208	epochs	3.0
1355.065097511444	0.018326699999988705	epochs	3.0
1355.083424211444	0.03642290000016146	epochs	2.0
1355.083424211444	0.018249599999990096	epochs	3.0
1355.101673811444	0.018173300000171366	epochs	3.0
1355.1198471114442	0.036120099999834565	epochs	2.0
1355.1198471114442	0.01809759999991911	epochs	3.0
1355.137944711444	0.018022499999915453	epochs	3.0
1355.155967211444	0.035822100000132195	epochs	2.0
1355.155967211444	0.017947900000081063	epochs	3.0
1355.173915111444	0.017874200000051133	epochs	3.0
1355.1917893114442	0.03552899999999681	epochs	2.0
1355.1917893114442	0.017800800000031813	epochs	3.0
1355.2095901114442	0.017728199999965	epochs	3.0
1355.2273183114442	0.03524070000003121	epochs	2.0
1355.2273183114442	0.01765609999984008	epochs	3.0
1355.244974411444	0.01758460000019113	epochs	3.0
1355.2625590114442	0.03495709999992869	epochs	2.0
1355.2625590114442	0.017513699999881283	epochs	3.0
1355.280072711444	0.017443400000047404	epochs	3.0
1355.297516111444	0.034677899999906	epochs	2.0
1355.297516111444	0.017373599999928047	epochs	3.0
1355.314889711444	0.017304299999977957	epochs	3.0
1355.332194011444	0.03440330000012182	epochs	2.0
1355.332194011444	0.017235700000128418	epochs	3.0
1355.3494297114441	0.0171675999999934	epochs	3.0
1355.3665973114441	0.03413279999995211	epochs	2.0
1355.3665973114441	0.01709989999994832	epochs	3.0
1355.383697211444	0.017032900000003792	epochs	3.0
1355.400730111444	0.03386670000008962	epochs	2.0
1355.400730111444	0.01696640000000116	epochs	3.0
1355.417696511444	0.016900300000088464	epochs	3.0
1355.4345968114442	0.03360459999998966	epochs	2.0
1355.4345968114442	0.01683479999996962	epochs	3.0
1355.4514316114441	0.01676980000002004	epochs	3.0
1355.4682014114442	0.033346599999958926	epochs	2.0
1355.4682014114442	0.016705300000012357	epochs	3.0
1355.4849067114442	0.01664129999994657	epochs	3.0
1355.5015480114441	0.03309250000006614	epochs	2.0
1355.5015480114441	0.016577800000050047	epochs	3.0
1355.5181258114442	0.01651470000001609	epochs	3.0
1355.5346405114442	0.03284229999985655	epochs	2.0
1355.5346405114442	0.01645220000000336	epochs	3.0
1355.5510927114442	0.01639009999985319	epochs	3.0
1355.567482811444	0.03259570000000167	epochs	2.0
1355.567482811444	0.016328400000020338	epochs	3.0
1355.583811211444	0.016267299999981333	epochs	3.0
1355.600078511444	0.032352899999978035	epochs	2.0
1355.600078511444	0.016206600000032267	epochs	3.0
1355.616285111444	0.016146299999945768	epochs	3.0
1355.632431411444	0.032113700000081735	epochs	2.0
1355.632431411444	0.016086600000107865	epochs	3.0
1355.6485180114441	0.01602709999997387	epochs	3.0
1355.664545111444	0.03187800000000607	epochs	2.0
1355.664545111444	0.015968200000088473	epochs	3.0
1355.6805133114442	0.015909799999917595	epochs	3.0
1355.6964231114441	0.03164569999989908	epochs	2.0
1355.6964231114441	0.015851599999905375	epochs	3.0
1355.712274711444	0.015794099999993705	epochs	3.0
1355.728068811444	0.03141670000013619	epochs	2.0
1355.728068811444	0.015736700000161363	epochs	3.0
1355.7438055114442	0.015679999999974825	epochs	3.0
1355.7594855114442	0.03119109999988723	epochs	2.0
1355.7594855114442	0.015623600000026272	epochs	3.0
1355.7751091114442	0.015567499999860956	epochs	3.0
1355.790676611444	0.03096870000013041	epochs	2.0
1355.790676611444	0.015511999999944237	epochs	3.0
1355.806188611444	0.015456700000186174	epochs	3.0
1355.8216453114442	0.030749499999956242	epochs	2.0
1355.8216453114442	0.015401999999994587	epochs	3.0
1355.8370473114442	0.015347499999961656	epochs	3.0
1355.8523948114441	0.03053320000003623	epochs	2.0
1355.8523948114441	0.015293400000018664	epochs	3.0
1355.8676882114441	0.015239800000017567	epochs	3.0
1355.8829280114442	0.030320099999926242	epochs	2.0
1355.8829280114442	0.015186500000027081	epochs	3.0
1355.8981145114442	0.015133599999899161	epochs	3.0
1355.913248111444	0.03010990000007041	epochs	2.0
1355.913248111444	0.015081000000009226	epochs	3.0
1355.928329111444	0.015028900000061185	epochs	3.0
1355.9433580114442	0.029902499999934662	epochs	2.0
1355.9433580114442	0.014976999999817053	epochs	3.0
1355.958335011444	0.014925500000117609	epochs	3.0
1355.973260511444	0.029698099999905025	epochs	2.0
1355.973260511444	0.014874400000053356	epochs	3.0
1355.9881349114441	0.01482369999985167	epochs	3.0
1356.002958611444	0.029496300000118936	epochs	2.0
1356.002958611444	0.014773200000036013	epochs	3.0
1356.017731811444	0.014723100000082923	epochs	3.0
1356.0324549114441	0.029297399999904883	epochs	2.0
1356.0324549114441	0.014673399999992398	epochs	3.0
1356.047128311444	0.014623999999912485	epochs	3.0
1356.061752311444	0.02910110000016175	epochs	2.0
1356.061752311444	0.014574900000070556	epochs	3.0
1356.076327211444	0.014526200000091194	epochs	3.0
1356.0908534114442	0.028907399999980044	epochs	2.0
1356.0908534114442	0.01447769999981574	epochs	3.0
1356.105331111444	0.014429700000164303	epochs	3.0
1356.1197608114442	0.028716199999962555	epochs	2.0
1356.1197608114442	0.014381799999910072	epochs	3.0
1356.134142611444	0.014334400000052483	epochs	3.0
1356.1484770114441	0.02852759999996124	epochs	2.0
1356.1484770114441	0.014287199999898803	epochs	3.0
1356.162764211444	0.014240400000062436	epochs	3.0
1356.177004611444	0.028341400000044814	epochs	2.0
1356.177004611444	0.014193799999929979	epochs	3.0
1356.191198411444	0.014147600000114835	epochs	3.0
1356.2053460114441	0.028157700000065233	epochs	2.0
1356.2053460114441	0.014101699999855555	epochs	3.0
1356.219447711444	0.014056000000209679	epochs	3.0
1356.2335037114442	0.02797629999986384	epochs	2.0
1356.2335037114442	0.014010599999892293	epochs	3.0
1356.247514311444	0.013965699999971548	epochs	3.0
1356.261480011444	0.027797200000122757	epochs	2.0
1356.261480011444	0.013920800000050804	epochs	3.0
1356.2754008114441	0.013876400000071953	epochs	3.0
1356.2892772114442	0.027620399999932488	epochs	2.0
1356.2892772114442	0.013832199999797012	epochs	3.0
1356.303109411444	0.013788200000135475	epochs	3.0
1356.3168976114441	0.027445899999975154	epochs	2.0
1356.3168976114441	0.013744599999881757	epochs	3.0
1356.330642211444	0.013701300000093397	epochs	3.0
1356.344343511444	0.0272735000000921	epochs	2.0
1356.344343511444	0.013658200000008947	epochs	3.0
1356.358001711444	0.013615300000083153	epochs	3.0
1356.3716170114442	0.027103399999987232	epochs	2.0
1356.3716170114442	0.01357279999979255	epochs	3.0
1356.385189811444	0.013530600000194681	epochs	3.0
1356.3987204114442	0.02693520000002536	epochs	2.0
1356.3987204114442	0.01348839999991469	epochs	3.0
1356.412208811444	0.01344680000011067	epochs	3.0
1356.4256556114442	0.026769199999989723	epochs	2.0
1356.4256556114442	0.013405199999851902	epochs	3.0
1356.439060811444	0.013364000000137821	epochs	3.0
1356.4524248114442	0.026605199999949036	epochs	2.0
1356.4524248114442	0.013322899999820947	epochs	3.0
1356.465747711444	0.013282300000128089	epochs	3.0
1356.4790300114441	0.0264431999999033	epochs	2.0
1356.4790300114441	0.013241699999980483	epochs	3.0
1356.4922717114441	0.013201499999922817	epochs	3.0
1356.505473211444	0.026283200000079887	epochs	2.0
1356.505473211444	0.013161500000023807	epochs	3.0
1356.518634711444	0.01312170000005608	epochs	3.0
1356.5317564114441	0.026124999999865395	epochs	2.0
1356.5317564114441	0.013082100000019636	epochs	3.0
1356.5448385114441	0.013042899999845758	epochs	3.0
1356.557881411444	0.02596890000017993	epochs	2.0
1356.557881411444	0.01300390000005791	epochs	3.0
1356.570885311444	0.012965000000122018	epochs	3.0
1356.5838503114442	0.025814500000024054	epochs	2.0
1356.5838503114442	0.012926399999969362	epochs	3.0
1356.5967767114441	0.012888100000054692	epochs	3.0
1356.6096648114442	0.025661899999931848	epochs	2.0
1356.6096648114442	0.012849899999991976	epochs	3.0
1356.6225147114442	0.012811999999939871	epochs	3.0
1356.6353267114441	0.025511199999982637	epochs	2.0
1356.6353267114441	0.012774399999898378	epochs	3.0
1356.648101111444	0.012736800000084258	epochs	3.0
1356.660837911444	0.025362300000097093	epochs	2.0
1356.660837911444	0.01269969999998466	epochs	3.0
1356.673537611444	0.012662600000112434	epochs	3.0
1356.6862002114442	0.025214999999889187	epochs	2.0
1356.6862002114442	0.012625799999796072	epochs	3.0
1356.698826011444	0.012589200000093115	epochs	3.0
1356.711415211444	0.024584799999956886	epochs	2.0
1356.734119211444	0.5	epochs	-1.0
1356.736000011444	0.5013599999999769	epochs	1.0
1357.237360011444	0.49855999999999767	epochs	0.0
1358.4270000457764	0.09799999999995634	epochs	0.0
1358.4270000457764	0.04400200000009136	epochs	1.0
1358.4710020457765	0.009996000000001004	epochs	1.0
1358.4809980457765	0.04400199999986398	epochs	1.0
1358.5250000457763	2.0	epochs	0.0
1360.5250000457763	12.12144000000012	epochs	0.0
1360.5250000457763	1.0	epochs	1.0
1360.5250392457763	0.5	epochs	-1.0
1361.0250392457763	11.621400800000174	epochs	-1.0
1361.5250000457763	11.12144000000012	epochs	1.0
1361.5250000457763	4.356753900000058	epochs	-1.0
1361.5250000457763	1.9745872000000873	epochs	2.0
1361.5250000457763	1.0985622000000603	epochs	3.0
1362.6235622457764	0.8760250000000269	epochs	3.0
1363.4995872457764	1.3524075000000266	epochs	2.0
1363.4995872457764	0.7286354999998821	epochs	3.0
1364.2282227457763	0.6237720000001445	epochs	3.0
1364.8519947457764	1.029759199999944	epochs	2.0
1364.8519947457764	0.5453292999998212	epochs	3.0
1365.3973240457763	0.48442990000012287	epochs	3.0
1365.8817539457764	0.8317861999998968	epochs	2.0
1365.8817539457764	0.4357763000000432	epochs	3.0
1366.3175302457764	0.3960098999998536	epochs	3.0
1366.7135401457763	0.6977970000000369	epochs	2.0
1366.7135401457763	0.3628982000000178	epochs	3.0
1367.0764383457763	0.33489880000001904	epochs	3.0
1367.4113371457763	0.601045699999986	epochs	2.0
1367.4113371457763	0.3109123000001546	epochs	3.0
1367.7222494457765	0.29013339999983145	epochs	3.0
1368.0123828457763	0.5278859000000011	epochs	2.0
1368.0123828457763	0.2719586000000618	epochs	3.0
1368.2843414457764	0.25592729999993935	epochs	3.0
1368.5402687457763	0.470619299999953	epochs	2.0
1368.5402687457763	0.241681299999982	epochs	3.0
1368.7819500457763	0.228937999999971	epochs	3.0
1369.0108880457763	0.4245704000002206	epochs	2.0
1369.0108880457763	0.21747140000002219	epochs	3.0
1369.2283594457763	0.20709900000019843	epochs	3.0
1369.4354584457765	0.3867353999999068	epochs	2.0
1369.4354584457765	0.19767109999997956	epochs	3.0
1369.6331295457765	0.18906429999992724	epochs	3.0
1369.8221938457764	0.35509529999990264	epochs	2.0
1369.8221938457764	0.18117589999997108	epochs	3.0
1370.0033697457764	0.17391939999993156	epochs	3.0
1370.1772891457763	0.3282431000000088	epochs	2.0
1370.1772891457763	0.167221900000186	epochs	3.0
1370.3445110457765	0.16102119999982278	epochs	3.0
1370.5055322457763	0.30516800000009425	epochs	2.0
1370.5055322457763	0.15526390000013635	epochs	3.0
1370.6607961457764	0.1499040999999579	epochs	3.0
1370.8107002457764	0.28512529999989056	epochs	2.0
1370.8107002457764	0.1449021000000812	epochs	3.0
1370.9556023457765	0.14022319999980937	epochs	3.0
1371.0958255457763	0.267553800000087	epochs	2.0
1371.0958255457763	0.13583690000018578	epochs	3.0
1371.2316624457765	0.13171689999990122	epochs	3.0
1371.3633793457764	0.252022899999929	epochs	2.0
1371.3633793457764	0.1278393000000051	epochs	3.0
1371.4912186457764	0.1241835999999239	epochs	3.0
1371.6154022457763	0.23819649999995818	epochs	2.0
1371.6154022457763	0.12073110000005727	epochs	3.0
1371.7361333457764	0.11746539999990091	epochs	3.0
1371.8535987457763	0.2258088000000953	epochs	2.0
1371.8535987457763	0.11437190000015107	epochs	3.0
1371.9679706457764	0.11143689999994422	epochs	3.0
1372.0794075457763	0.2146460000001298	epochs	2.0
1372.0794075457763	0.10864889999993466	epochs	3.0
1372.1880564457763	0.10599710000019513	epochs	3.0
1372.2940535457765	0.2045349999998507	epochs	2.0
1372.2940535457765	0.1034714999998414	epochs	3.0
1372.3975250457763	0.1010635000000093	epochs	3.0
1372.4985885457763	0.14785150000011527	epochs	2.0
1372.4985885457763	0.09876510000003691	epochs	3.0
1372.5973536457764	0.049086400000078356	epochs	3.0
1372.6464400457764	9.878479999999854	epochs	0.0
1373.8309998512268	0.09799999999995634	epochs	0.0
1373.8309998512268	0.04400200000009136	epochs	1.0
1373.875001851227	0.009996000000001004	epochs	1.0
1373.884997851227	0.04400199999986398	epochs	1.0
1373.9289998512268	2.0	epochs	0.0
1375.9289998512268	0.5025600000001305	epochs	0.0
1375.9289998512268	0.5025600000001305	epochs	1.0
1375.9290390512267	0.5	epochs	-1.0
1376.4290390512267	0.0025208000001839537	epochs	-1.0
1376.431559851227	21.497359999999844	epochs	0.0
1377.6150002479553	0.09799999999995634	epochs	0.0
1377.6150002479553	0.04400200000009136	epochs	1.0
1377.6590022479554	0.009996000000001004	epochs	1.0
1377.6689982479554	0.04400199999986398	epochs	1.0
1377.7130002479553	2.0	epochs	0.0
1379.7130002479553	0.5016000000000531	epochs	0.0
1379.7130002479553	0.5016000000000531	epochs	1.0
1379.7130394479552	0.5	epochs	-1.0
1380.2130394479552	0.0015608000001066102	epochs	-1.0
1380.2146002479553	21.49831999999992	epochs	0.0
1381.4089999198914	0.09799999999995634	epochs	0.0
1381.4089999198914	0.04400200000009136	epochs	1.0
1381.4530019198914	0.009996000000001004	epochs	1.0
1381.4629979198914	0.04400199999986398	epochs	1.0
1381.5069999198913	2.0	epochs	0.0
1383.5069999198913	0.5025600000001305	epochs	0.0
1383.5069999198913	0.5025600000001305	epochs	1.0
1383.5070391198913	0.5	epochs	-1.0
1384.0070391198913	0.0025208000001839537	epochs	-1.0
1384.0095599198914	21.497359999999844	epochs	0.0
1385.2270002365112	0.09799999999995634	epochs	0.0
1385.2270002365112	0.04400200000009136	epochs	1.0
1385.2710022365113	0.009996000000001004	epochs	1.0
1385.2809982365113	0.04400199999986398	epochs	1.0
1385.3250002365112	2.0	epochs	0.0
1387.3250002365112	0.5016000000000531	epochs	0.0
1387.3250002365112	0.5016000000000531	epochs	1.0
1387.3250394365111	0.5	epochs	-1.0
1387.8250394365111	0.0015608000001066102	epochs	-1.0
1387.8266002365112	21.49831999999992	epochs	0.0
1389.0279998779297	0.09799999999995634	epochs	0.0
1389.0279998779297	0.04400200000009136	epochs	1.0
1389.0720018779298	0.009996000000001004	epochs	1.0
1389.0819978779298	0.04400199999986398	epochs	1.0
1389.1259998779296	2.0	epochs	0.0
1391.1259998779296	0.5005599999999504	epochs	0.0
1391.1259998779296	0.5005599999999504	epochs	1.0
1391.1260390779296	0.5	epochs	-1.0
1391.6260390779296	0.0005208000000038737	epochs	-1.0
1391.6265598779296	21.499360000000024	epochs	0.0
1420.7039999961853	0.09799999999995634	epochs	0.0
1420.7039999961853	0.04400200000009136	epochs	1.0
1420.7480019961854	0.009996000000001004	epochs	1.0
1420.7579979961854	0.04400199999986398	epochs	1.0
1420.8019999961853	0.2299199999999928	epochs	0.0
1420.8019999961853	0.049999999999954525	epochs	1.0
1420.8519999961852	0.009999999999990905	epochs	1.0
1420.8619999961852	0.0500000000001819	epochs	1.0
1420.9119999961854	0.009999999999990905	epochs	1.0
1420.9219999961854	0.049999999999954525	epochs	1.0
1420.9719999961853	0.009999999999990905	epochs	1.0
1420.9819999961853	0.04991999999992913	epochs	1.0
2059.3379998207092	0.09799999999995634	epochs	0.0
2059.3379998207092	0.04400200000009136	epochs	1.0
2059.3820018207093	0.00999599999977363	epochs	1.0
2059.391997820709	0.04400200000009136	epochs	1.0
2059.435999820709	0.22992000000022017	epochs	0.0
2059.435999820709	0.0500000000001819	epochs	1.0
2059.4859998207094	0.009999999999763531	epochs	1.0
2059.495999820709	0.0500000000001819	epochs	1.0
2059.5459998207093	0.009999999999763531	epochs	1.0
2059.555999820709	0.0500000000001819	epochs	1.0
2059.6059998207093	0.009999999999763531	epochs	1.0
2059.615999820709	0.04992000000038388	epochs	1.0
