onset	duration	nwb_table	treelevel
8.361999988555908	0.09999999999999964	epochs	0.0
8.361999988555908	0.04499999999999993	epochs	1.0
8.406999988555908	0.009999999999999787	epochs	1.0
8.416999988555908	0.04499999999999993	epochs	1.0
8.461999988555908	0.7049950000000003	epochs	0.0
8.461999988555908	0.5	epochs	-1.0
8.461999988555908	0.5	epochs	-1.0
8.461999988555908	0.5	epochs	1.0
8.961999988555908	0.0600000000000005	epochs	-1.0
8.961999988555908	0.025000000000000355	epochs	-1.0
8.961999988555908	0.025000000000000355	epochs	1.0
8.986999988555908	0.009999999999999787	epochs	-1.0
8.986999988555908	0.009999999999999787	epochs	1.0
8.996999988555908	0.025000000000000355	epochs	-1.0
8.996999988555908	0.025000000000000355	epochs	1.0
9.021999988555908	0.0600000000000005	epochs	-1.0
9.021999988555908	0.025000000000000355	epochs	-1.0
9.021999988555908	0.025000000000000355	epochs	1.0
9.046999988555909	0.009999999999999787	epochs	-1.0
9.046999988555909	0.009999999999999787	epochs	1.0
9.056999988555908	0.025000000000000355	epochs	-1.0
9.056999988555908	0.025000000000000355	epochs	1.0
9.081999988555909	0.05999999999999872	epochs	-1.0
9.081999988555909	0.02499999999999858	epochs	-1.0
9.081999988555909	0.02499999999999858	epochs	1.0
9.106999988555907	0.010000000000001563	epochs	-1.0
9.106999988555907	0.010000000000001563	epochs	1.0
9.116999988555909	0.02499999999999858	epochs	-1.0
9.116999988555909	0.02499999999999858	epochs	1.0
9.141999988555908	0.024995000000000545	epochs	1.0
309.5809998512268	0.10000000000002274	epochs	0.0
309.5809998512268	0.045000000000015916	epochs	1.0
309.6259998512268	0.009999999999990905	epochs	1.0
309.6359998512268	0.045000000000015916	epochs	1.0
309.68099985122683	0.7049949999999967	epochs	0.0
309.68099985122683	0.5	epochs	-1.0
309.68099985122683	0.5	epochs	1.0
310.18099985122683	0.060000000000002274	epochs	-1.0
310.18099985122683	0.024999999999977263	epochs	-1.0
310.18099985122683	0.024999999999977263	epochs	1.0
310.2059998512268	0.009999999999990905	epochs	-1.0
310.2059998512268	0.009999999999990905	epochs	1.0
310.2159998512268	0.025000000000034106	epochs	-1.0
310.2159998512268	0.025000000000034106	epochs	1.0
310.24099985122683	0.060000000000002274	epochs	-1.0
310.24099985122683	0.024999999999977263	epochs	-1.0
310.24099985122683	0.024999999999977263	epochs	1.0
310.2659998512268	0.009999999999990905	epochs	-1.0
310.2659998512268	0.009999999999990905	epochs	1.0
310.2759998512268	0.025000000000034106	epochs	-1.0
310.2759998512268	0.025000000000034106	epochs	1.0
310.30099985122683	0.05999999999994543	epochs	-1.0
310.30099985122683	0.024999999999977263	epochs	-1.0
310.30099985122683	0.024999999999977263	epochs	1.0
310.3259998512268	0.009999999999990905	epochs	-1.0
310.3259998512268	0.009999999999990905	epochs	1.0
310.3359998512268	0.024999999999977263	epochs	-1.0
310.3359998512268	0.024999999999977263	epochs	1.0
310.3609998512268	0.02499500000004673	epochs	1.0
360.32699966430664	0.10000000000002274	epochs	0.0
360.32699966430664	0.045000000000015916	epochs	1.0
360.37199966430666	0.009999999999990905	epochs	1.0
360.38199966430665	0.045000000000015916	epochs	1.0
360.42699966430666	61.384995	epochs	0.0
360.42699966430666	0.5	epochs	-1.0
360.42699966430666	0.5	epochs	-1.0
360.42699966430666	0.5	epochs	1.0
360.92699966430666	0.060000000000002274	epochs	-1.0
360.92699966430666	0.024999999999977263	epochs	-1.0
360.92699966430666	0.024999999999977263	epochs	1.0
360.95199966430664	0.009999999999990905	epochs	-1.0
360.95199966430664	0.009999999999990905	epochs	1.0
360.96199966430663	0.025000000000034106	epochs	-1.0
360.96199966430663	0.025000000000034106	epochs	1.0
360.98699966430667	0.060000000000002274	epochs	-1.0
360.98699966430667	0.024999999999977263	epochs	-1.0
360.98699966430667	0.024999999999977263	epochs	1.0
361.01199966430664	0.009999999999990905	epochs	-1.0
361.01199966430664	0.009999999999990905	epochs	1.0
361.02199966430663	0.025000000000034106	epochs	-1.0
361.02199966430663	0.025000000000034106	epochs	1.0
361.04699966430667	0.05999999999994543	epochs	-1.0
361.04699966430667	0.024999999999977263	epochs	-1.0
361.04699966430667	0.024999999999977263	epochs	1.0
361.07199966430665	0.009999999999990905	epochs	-1.0
361.07199966430665	0.009999999999990905	epochs	1.0
361.08199966430664	0.024999999999977263	epochs	-1.0
361.08199966430664	0.024999999999977263	epochs	1.0
361.1069996643066	60.0	epochs	1.0
421.1069996643066	0.5	epochs	-1.0
421.1069996643066	0.5	epochs	-1.0
421.1069996643066	0.5	epochs	1.0
421.6069996643066	0.06000000000005912	epochs	-1.0
421.6069996643066	0.025000000000034106	epochs	-1.0
421.6069996643066	0.025000000000034106	epochs	1.0
421.63199966430665	0.009999999999990905	epochs	-1.0
421.63199966430665	0.009999999999990905	epochs	1.0
421.64199966430664	0.025000000000034106	epochs	-1.0
421.64199966430664	0.025000000000034106	epochs	1.0
421.6669996643067	0.05999999999994543	epochs	-1.0
421.6669996643067	0.024999999999977263	epochs	-1.0
421.6669996643067	0.024999999999977263	epochs	1.0
421.69199966430665	0.009999999999990905	epochs	-1.0
421.69199966430665	0.009999999999990905	epochs	1.0
421.70199966430664	0.024999999999977263	epochs	-1.0
421.70199966430664	0.024999999999977263	epochs	1.0
421.7269996643066	0.060000000000002274	epochs	-1.0
421.7269996643066	0.025000000000034106	epochs	-1.0
421.7269996643066	0.025000000000034106	epochs	1.0
421.75199966430665	0.009999999999990905	epochs	-1.0
421.75199966430665	0.009999999999990905	epochs	1.0
421.76199966430664	0.024999999999977263	epochs	-1.0
421.76199966430664	0.024999999999977263	epochs	1.0
421.7869996643066	0.02499500000004673	epochs	1.0
652.5749998092651	0.10000000000002274	epochs	0.0
652.5749998092651	0.04499999999995907	epochs	1.0
652.6199998092651	0.009999999999990905	epochs	1.0
652.6299998092651	0.04500000000007276	epochs	1.0
652.6749998092652	0.7049949999999399	epochs	0.0
652.6749998092652	0.5	epochs	-1.0
652.6749998092652	0.5	epochs	-1.0
652.6749998092652	0.5	epochs	1.0
653.1749998092652	0.05999999999994543	epochs	-1.0
653.1749998092652	0.024999999999977263	epochs	-1.0
653.1749998092652	0.024999999999977263	epochs	1.0
653.1999998092651	0.009999999999990905	epochs	-1.0
653.1999998092651	0.009999999999990905	epochs	1.0
653.2099998092651	0.024999999999977263	epochs	-1.0
653.2099998092651	0.024999999999977263	epochs	1.0
653.2349998092651	0.06000000000005912	epochs	-1.0
653.2349998092651	0.024999999999977263	epochs	-1.0
653.2349998092651	0.024999999999977263	epochs	1.0
653.2599998092651	0.010000000000104592	epochs	-1.0
653.2599998092651	0.010000000000104592	epochs	1.0
653.2699998092652	0.024999999999977263	epochs	-1.0
653.2699998092652	0.024999999999977263	epochs	1.0
653.2949998092652	0.05999999999994543	epochs	-1.0
653.2949998092652	0.024999999999977263	epochs	-1.0
653.2949998092652	0.024999999999977263	epochs	1.0
653.3199998092651	0.009999999999990905	epochs	-1.0
653.3199998092651	0.009999999999990905	epochs	1.0
653.3299998092651	0.024999999999977263	epochs	-1.0
653.3299998092651	0.024999999999977263	epochs	1.0
653.3549998092651	0.024994999999989886	epochs	1.0
690.2469997406006	0.06425999999999021	epochs	0.0
690.2469997406006	0.027130599999964033	epochs	1.0
690.2741303406005	0.009998800000062147	epochs	1.0
690.2841291406006	0.027130599999964033	epochs	1.0
690.3112597406006	5.9999800000000505	epochs	0.0
690.3112597406006	0.5	epochs	1.0
690.3112671406005	0.5	epochs	-1.0
690.3112671406005	0.5	epochs	-1.0
690.8112597406006	5.0	epochs	1.0
695.8112597406006	0.4999800000000505	epochs	1.0
695.8112671406005	0.4999726000000919	epochs	-1.0
701.2639999389648	0.06425999999999021	epochs	0.0
701.2639999389648	0.027130599999964033	epochs	1.0
701.2911305389648	0.009998800000062147	epochs	1.0
701.3011293389649	0.027130599999964033	epochs	1.0
701.3282599389648	2.5355600000000322	epochs	0.0
701.3282599389648	0.5	epochs	1.0
701.3282673389648	0.5	epochs	-1.0
701.8282599389648	1.0	epochs	1.0
702.8282599389648	1.0355600000000322	epochs	1.0
703.3282673389648	0.5	epochs	-1.0
703.8638199389649	0.9644200000000183	epochs	0.0
704.1970000267029	0.06425999999999021	epochs	0.0
704.1970000267029	0.027130599999964033	epochs	1.0
704.2241306267028	0.009998800000062147	epochs	1.0
704.2341294267029	0.027130599999964033	epochs	1.0
704.2612600267029	2.5355600000000322	epochs	0.0
704.2612600267029	0.5	epochs	1.0
704.2612674267028	0.5	epochs	-1.0
704.7612600267029	1.0	epochs	1.0
705.7612600267029	1.0355600000000322	epochs	1.0
706.2612674267028	0.5	epochs	-1.0
706.7968200267029	0.9644200000000183	epochs	0.0
707.106999874115	0.06425999999999021	epochs	0.0
707.106999874115	0.027130599999964033	epochs	1.0
707.134130474115	0.009998800000062147	epochs	1.0
707.144129274115	0.027130599999964033	epochs	1.0
707.171259874115	2.5355799999999817	epochs	0.0
707.171259874115	0.5	epochs	1.0
707.1712672741149	0.5	epochs	-1.0
707.671259874115	1.0	epochs	1.0
708.671259874115	1.0355799999999817	epochs	1.0
709.1712672741149	0.5	epochs	-1.0
709.706839874115	0.9644000000000688	epochs	0.0
710.0289998054504	0.06425999999999021	epochs	0.0
710.0289998054504	0.027130599999964033	epochs	1.0
710.0561304054504	0.009998800000062147	epochs	1.0
710.0661292054505	0.027130599999964033	epochs	1.0
710.0932598054504	2.5355799999999817	epochs	0.0
710.0932598054504	0.5	epochs	1.0
710.0932672054504	0.5	epochs	-1.0
710.5932598054504	1.0	epochs	1.0
711.5932598054504	1.0355799999999817	epochs	1.0
712.0932672054504	0.5	epochs	-1.0
712.6288398054504	0.9644000000000688	epochs	0.0
712.9790000915527	0.06425999999999021	epochs	0.0
712.9790000915527	0.027130599999964033	epochs	1.0
713.0061306915527	0.009998800000062147	epochs	1.0
713.0161294915528	0.027130599999964033	epochs	1.0
713.0432600915527	2.536579999999958	epochs	0.0
713.0432600915527	0.5	epochs	1.0
713.0432674915527	0.5	epochs	-1.0
713.5432600915527	1.0	epochs	1.0
714.5432600915527	1.036579999999958	epochs	1.0
715.0432674915527	0.5	epochs	-1.0
715.5798400915527	0.9634000000000924	epochs	0.0
715.9429998397827	0.6499800000000278	epochs	0.0
715.9429998397827	0.049999999999954525	epochs	1.0
715.9929998397827	0.5	epochs	1.0
716.4929998397827	0.09998000000007323	epochs	1.0
716.9759998321533	0.6499800000000278	epochs	0.0
716.9759998321533	0.049999999999954525	epochs	1.0
717.0259998321533	0.5	epochs	1.0
717.5259998321533	0.09998000000007323	epochs	1.0
718.0	0.6499800000000278	epochs	0.0
718.0	0.049999999999954525	epochs	1.0
718.05	0.5	epochs	1.0
718.55	0.09998000000007323	epochs	1.0
719.0149998664856	0.6499800000000278	epochs	0.0
719.0149998664856	0.049999999999954525	epochs	1.0
719.0649998664856	0.5	epochs	1.0
719.5649998664856	0.09998000000007323	epochs	1.0
720.0520000457764	0.6499800000000278	epochs	0.0
720.0520000457764	0.049999999999954525	epochs	1.0
720.1020000457763	0.5	epochs	1.0
720.6020000457763	0.09998000000007323	epochs	1.0
721.1129999160767	0.06425999999999021	epochs	0.0
721.1129999160767	0.027130599999964033	epochs	1.0
721.1401305160766	0.009998800000062147	epochs	1.0
721.1501293160767	0.027130599999964033	epochs	1.0
721.1772599160767	2.5356400000000576	epochs	0.0
721.1772599160767	0.5	epochs	1.0
721.1772673160766	0.5	epochs	-1.0
721.6772599160767	1.0	epochs	1.0
722.6772599160767	1.0356400000000576	epochs	1.0
723.1772672160766	0.5	epochs	-1.0
723.7128999160767	2.964339999999993	epochs	0.0
726.3699998855591	0.06425999999999021	epochs	0.0
726.3699998855591	0.027130599999964033	epochs	1.0
726.397130485559	0.009998800000062147	epochs	1.0
726.4071292855591	0.027130599999964033	epochs	1.0
726.4342598855591	2.5355600000000322	epochs	0.0
726.4342598855591	0.5	epochs	1.0
726.434267285559	0.5	epochs	-1.0
726.9342598855591	1.0	epochs	1.0
727.9342598855591	1.0355600000000322	epochs	1.0
728.4342671855591	0.5	epochs	-1.0
728.9698198855591	2.9644200000000183	epochs	0.0
731.6479997634888	0.06425999999999021	epochs	0.0
731.6479997634888	0.027130599999964033	epochs	1.0
731.6751303634887	0.009998800000062147	epochs	1.0
731.6851291634888	0.027130599999964033	epochs	1.0
731.7122597634888	2.535600000000045	epochs	0.0
731.7122597634888	0.5	epochs	1.0
731.7122671634887	0.5	epochs	-1.0
732.2122597634888	1.0	epochs	1.0
733.2122597634888	1.035600000000045	epochs	1.0
733.7122671634887	0.5	epochs	-1.0
734.2478597634888	3.9643800000000056	epochs	0.0
734.6789999008179	0.06425999999999021	epochs	0.0
734.6789999008179	0.027130599999964033	epochs	1.0
734.7061305008178	0.009998800000062147	epochs	1.0
734.7161293008179	0.027130599999964033	epochs	1.0
734.7432599008179	2.5355799999999817	epochs	0.0
734.7432599008179	0.5	epochs	1.0
734.7432673008178	0.5	epochs	-1.0
735.2432599008179	1.0	epochs	1.0
736.2432599008179	1.0355799999999817	epochs	1.0
736.7432673008178	0.5	epochs	-1.0
737.2788399008178	3.9644000000000688	epochs	0.0
737.7300000190735	0.06425999999999021	epochs	0.0
737.7300000190735	0.027130599999964033	epochs	1.0
737.7571306190735	0.009998800000062147	epochs	1.0
737.7671294190735	0.027130599999964033	epochs	1.0
737.7942600190735	2.5355799999999817	epochs	0.0
737.7942600190735	0.5	epochs	1.0
737.7942674190734	0.5	epochs	-1.0
738.2942600190735	1.0	epochs	1.0
739.2942600190735	1.0355799999999817	epochs	1.0
739.7942674190734	0.5	epochs	-1.0
740.3298400190735	3.9644000000000688	epochs	0.0
740.7589998245239	0.06425999999999021	epochs	0.0
740.7589998245239	0.027130599999964033	epochs	1.0
740.7861304245239	0.009998800000062147	epochs	1.0
740.796129224524	0.027130599999964033	epochs	1.0
740.8232598245239	2.535600000000045	epochs	0.0
740.8232598245239	0.5	epochs	1.0
740.8232672245239	0.5	epochs	-1.0
741.3232598245239	1.0	epochs	1.0
742.3232598245239	1.035600000000045	epochs	1.0
742.8232672245239	0.5	epochs	-1.0
743.358859824524	3.9643800000000056	epochs	0.0
743.8039999008179	0.06425999999999021	epochs	0.0
743.8039999008179	0.027130599999964033	epochs	1.0
743.8311305008178	0.009998800000062147	epochs	1.0
743.8411293008179	0.027130599999964033	epochs	1.0
743.8682599008179	2.5355600000000322	epochs	0.0
743.8682599008179	0.5	epochs	1.0
743.8682673008178	0.5	epochs	-1.0
744.3682599008179	1.0	epochs	1.0
745.3682599008179	1.0355600000000322	epochs	1.0
745.8682673008178	0.5	epochs	-1.0
746.4038199008179	3.9644200000000183	epochs	0.0
746.8529996871948	0.06425999999999021	epochs	0.0
746.8529996871948	0.027130599999964033	epochs	1.0
746.8801302871948	0.009998800000062147	epochs	1.0
746.8901290871949	0.027130599999964033	epochs	1.0
746.9172596871948	2.535600000000045	epochs	0.0
746.9172596871948	0.5	epochs	1.0
746.9172670871948	0.5	epochs	-1.0
747.4172596871948	1.0	epochs	1.0
748.4172596871948	1.035600000000045	epochs	1.0
748.9172670871948	0.5	epochs	-1.0
749.4528596871949	3.9643800000000056	epochs	0.0
749.9270000457764	0.15297999999995682	epochs	0.0
749.9270000457764	0.049999999999954525	epochs	1.0
749.9770000457763	0.0030000000000427463	epochs	1.0
749.9800000457764	0.09997999999995955	epochs	1.0
750.5639996528625	0.15297999999995682	epochs	0.0
750.5639996528625	0.049999999999954525	epochs	1.0
750.6139996528625	0.0030000000000427463	epochs	1.0
750.6169996528625	0.09997999999995955	epochs	1.0
751.1779999732971	0.15297999999995682	epochs	0.0
751.1779999732971	0.049999999999954525	epochs	1.0
751.2279999732971	0.0030000000000427463	epochs	1.0
751.2309999732971	0.09997999999995955	epochs	1.0
751.8009996414185	0.15297999999995682	epochs	0.0
751.8009996414185	0.049999999999954525	epochs	1.0
751.8509996414184	0.0030000000000427463	epochs	1.0
751.8539996414185	0.09997999999995955	epochs	1.0
752.4359998703003	0.15297999999995682	epochs	0.0
752.4359998703003	0.049999999999954525	epochs	1.0
752.4859998703002	0.0030000000000427463	epochs	1.0
752.4889998703003	0.09997999999995955	epochs	1.0
753.066999912262	0.15297999999995682	epochs	0.0
753.066999912262	0.049999999999954525	epochs	1.0
753.1169999122619	0.0030000000000427463	epochs	1.0
753.119999912262	0.09997999999995955	epochs	1.0
753.6979999542236	0.15297999999995682	epochs	0.0
753.6979999542236	0.049999999999954525	epochs	1.0
753.7479999542236	0.0030000000000427463	epochs	1.0
753.7509999542236	0.09997999999995955	epochs	1.0
754.3509998321533	0.15297999999995682	epochs	0.0
754.3509998321533	0.049999999999954525	epochs	1.0
754.4009998321533	0.0030000000000427463	epochs	1.0
754.4039998321533	0.09997999999995955	epochs	1.0
755.0120000839233	0.15297999999995682	epochs	0.0
755.0120000839233	0.049999999999954525	epochs	1.0
755.0620000839233	0.0030000000000427463	epochs	1.0
755.0650000839233	0.09997999999995955	epochs	1.0
755.6889996528625	0.15297999999995682	epochs	0.0
755.6889996528625	0.049999999999954525	epochs	1.0
755.7389996528625	0.0030000000000427463	epochs	1.0
755.7419996528625	0.09997999999995955	epochs	1.0
756.3579998016357	0.15297999999995682	epochs	0.0
756.3579998016357	0.049999999999954525	epochs	1.0
756.4079998016357	0.0030000000000427463	epochs	1.0
756.4109998016357	0.09997999999995955	epochs	1.0
757.0359997749329	0.15297999999995682	epochs	0.0
757.0359997749329	0.049999999999954525	epochs	1.0
757.0859997749328	0.0030000000000427463	epochs	1.0
757.0889997749329	0.09997999999995955	epochs	1.0
757.7179999351501	0.15297999999995682	epochs	0.0
757.7179999351501	0.049999999999954525	epochs	1.0
757.7679999351501	0.0030000000000427463	epochs	1.0
757.7709999351501	0.09997999999995955	epochs	1.0
758.4309997558594	0.15297999999995682	epochs	0.0
758.4309997558594	0.049999999999954525	epochs	1.0
758.4809997558593	0.0030000000000427463	epochs	1.0
758.4839997558594	0.09997999999995955	epochs	1.0
759.1579999923706	0.15297999999995682	epochs	0.0
759.1579999923706	0.049999999999954525	epochs	1.0
759.2079999923706	0.0030000000000427463	epochs	1.0
759.2109999923706	0.09997999999995955	epochs	1.0
759.8880000114441	0.15297999999995682	epochs	0.0
759.8880000114441	0.049999999999954525	epochs	1.0
759.938000011444	0.0030000000000427463	epochs	1.0
759.9410000114441	0.09997999999995955	epochs	1.0
760.6159996986389	0.15297999999995682	epochs	0.0
760.6159996986389	0.049999999999954525	epochs	1.0
760.6659996986389	0.0030000000000427463	epochs	1.0
760.6689996986389	0.09997999999995955	epochs	1.0
761.3659996986389	0.15297999999995682	epochs	0.0
761.3659996986389	0.049999999999954525	epochs	1.0
761.4159996986389	0.0030000000000427463	epochs	1.0
761.4189996986389	0.09997999999995955	epochs	1.0
762.1040000915527	0.15297999999995682	epochs	0.0
762.1040000915527	0.049999999999954525	epochs	1.0
762.1540000915527	0.0030000000000427463	epochs	1.0
762.1570000915527	0.09997999999995955	epochs	1.0
762.856999874115	0.15297999999995682	epochs	0.0
762.856999874115	0.049999999999954525	epochs	1.0
762.906999874115	0.0030000000000427463	epochs	1.0
762.909999874115	0.09997999999995955	epochs	1.0
763.6129999160767	0.15297999999995682	epochs	0.0
763.6129999160767	0.049999999999954525	epochs	1.0
763.6629999160766	0.0030000000000427463	epochs	1.0
763.6659999160767	0.09997999999995955	epochs	1.0
764.3740000724792	0.15297999999995682	epochs	0.0
764.3740000724792	0.049999999999954525	epochs	1.0
764.4240000724792	0.0030000000000427463	epochs	1.0
764.4270000724792	0.09997999999995955	epochs	1.0
765.183000087738	0.06425999999999021	epochs	0.0
765.183000087738	0.027130599999964033	epochs	1.0
765.210130687738	0.009998800000062147	epochs	1.0
765.2201294877381	0.027130599999964033	epochs	1.0
765.247260087738	0.5366000000000213	epochs	0.0
765.247260087738	0.5	epochs	1.0
765.247267487738	0.5	epochs	-1.0
765.747260087738	0.0030000000000427463	epochs	1.0
765.7502600877381	0.033599999999978536	epochs	1.0
765.783860087738	1.066379999999981	epochs	0.0
778.5829997062683	0.06425999999999021	epochs	0.0
778.5829997062683	0.027130599999964033	epochs	1.0
778.6101303062683	0.009998800000062147	epochs	1.0
778.6201291062683	0.027130599999964033	epochs	1.0
778.6472597062683	1.5355799999999817	epochs	0.0
778.6472597062683	0.5	epochs	1.0
778.6472671062683	0.5	epochs	-1.0
779.1472597062683	0.0030000000000427463	epochs	1.0
779.1502597062683	1.032579999999939	epochs	1.0
779.6502670062683	0.5	epochs	-1.0
780.1828397062683	0.06740000000002055	epochs	0.0
780.7300000190735	0.06425999999999021	epochs	0.0
780.7300000190735	0.027130599999964033	epochs	1.0
780.7571306190735	0.009998800000062147	epochs	1.0
780.7671294190735	0.027130599999964033	epochs	1.0
780.7942600190735	1.5355799999999817	epochs	0.0
780.7942600190735	0.5	epochs	1.0
780.7942674190734	0.5	epochs	-1.0
781.2942600190735	0.0030000000000427463	epochs	1.0
781.2972600190735	1.032579999999939	epochs	1.0
781.7972673190735	0.5	epochs	-1.0
782.3298400190735	0.06740000000002055	epochs	0.0
782.8769998550415	0.06425999999999021	epochs	0.0
782.8769998550415	0.027130599999964033	epochs	1.0
782.9041304550415	0.009998800000062147	epochs	1.0
782.9141292550415	0.027130599999964033	epochs	1.0
782.9412598550415	1.535600000000045	epochs	0.0
782.9412598550415	0.5	epochs	1.0
782.9412672550415	0.5	epochs	-1.0
783.4412598550415	0.0030000000000427463	epochs	1.0
783.4442598550415	1.0326000000000022	epochs	1.0
783.9442671550415	0.5	epochs	-1.0
784.4768598550415	0.06737999999995736	epochs	0.0
785.0299997329712	0.06425999999999021	epochs	0.0
785.0299997329712	0.027130599999964033	epochs	1.0
785.0571303329712	0.009998800000062147	epochs	1.0
785.0671291329712	0.027130599999964033	epochs	1.0
785.0942597329712	1.535600000000045	epochs	0.0
785.0942597329712	0.5	epochs	1.0
785.0942671329711	0.5	epochs	-1.0
785.5942597329712	0.0030000000000427463	epochs	1.0
785.5972597329712	1.0326000000000022	epochs	1.0
786.0972670329712	0.5	epochs	-1.0
786.6298597329712	0.06737999999995736	epochs	0.0
787.210000038147	0.06425999999999021	epochs	0.0
787.210000038147	0.027130599999964033	epochs	1.0
787.2371306381469	0.009998800000062147	epochs	1.0
787.247129438147	0.027130599999964033	epochs	1.0
787.274260038147	1.5355799999999817	epochs	0.0
787.274260038147	0.5	epochs	1.0
787.2742674381469	0.5	epochs	-1.0
787.774260038147	0.0030000000000427463	epochs	1.0
787.777260038147	1.032579999999939	epochs	1.0
788.277267338147	0.5	epochs	-1.0
788.809840038147	0.06740000000002055	epochs	0.0
789.396999835968	0.06425999999999021	epochs	0.0
789.396999835968	0.027130599999964033	epochs	1.0
789.424130435968	0.009998800000062147	epochs	1.0
789.434129235968	0.027130599999964033	epochs	1.0
789.461259835968	1.535600000000045	epochs	0.0
789.461259835968	0.5	epochs	1.0
789.461267235968	0.5	epochs	-1.0
789.961259835968	0.0030000000000427463	epochs	1.0
789.964259835968	1.0326000000000022	epochs	1.0
790.464267135968	0.5	epochs	-1.0
790.996859835968	0.06737999999995736	epochs	0.0
804.4210000038147	0.06425999999999021	epochs	0.0
804.4210000038147	0.027130599999964033	epochs	1.0
804.4481306038147	0.009998800000062147	epochs	1.0
804.4581294038147	0.027130599999964033	epochs	1.0
804.4852600038147	8.975400000000036	epochs	0.0
804.4852600038147	0.5	epochs	1.0
804.4852674038146	0.5	epochs	-1.0
804.9852600038147	8.475400000000036	epochs	1.0
812.4608000038147	0.9998600000000124	epochs	-1.0
812.4608000038147	0.03899999999998727	epochs	-1.0
812.9582873038147	0.5	epochs	-1.0
813.4606600038147	10.524580000000014	epochs	0.0
814.2109999656677	0.06425999999999021	epochs	0.0
814.2109999656677	0.027130599999964033	epochs	1.0
814.2381305656677	0.009998800000062147	epochs	1.0
814.2481293656678	0.027130599999964033	epochs	1.0
814.2752599656677	8.91542000000004	epochs	0.0
814.2752599656677	0.5	epochs	1.0
814.2752673656677	0.5	epochs	-1.0
814.7752599656677	8.41542000000004	epochs	1.0
822.1908199656677	0.9998600000000124	epochs	-1.0
822.1908199656677	0.03991999999993823	epochs	-1.0
822.6883072656677	0.5	epochs	-1.0
823.1906799656678	10.58456000000001	epochs	0.0
823.8680000305176	0.06425999999999021	epochs	0.0
823.8680000305176	0.027130599999964033	epochs	1.0
823.8951306305175	0.009998800000062147	epochs	1.0
823.9051294305176	0.027130599999964033	epochs	1.0
823.9322600305176	8.875400000000013	epochs	0.0
823.9322600305176	0.5	epochs	1.0
823.9322674305175	0.5	epochs	-1.0
824.4322600305176	8.375400000000013	epochs	1.0
831.8078200305176	0.9998399999999492	epochs	-1.0
831.8078200305176	0.03991999999993823	epochs	-1.0
832.3053073305176	0.5	epochs	-1.0
832.8076600305176	10.624580000000037	epochs	0.0
843.2679996490479	0.06425999999999021	epochs	0.0
843.2679996490479	0.027130599999964033	epochs	1.0
843.2951302490478	0.009998800000062147	epochs	1.0
843.3051290490479	0.027130599999964033	epochs	1.0
843.3322596490478	1.5366000000000213	epochs	0.0
843.3322596490478	0.5	epochs	1.0
843.3322670490478	0.5	epochs	-1.0
843.8322596490478	0.0030000000000427463	epochs	1.0
843.8352596490479	1.0335999999999785	epochs	1.0
844.3352669490479	0.5	epochs	-1.0
844.8688596490479	0.06637999999998101	epochs	0.0
845.5029997825623	0.06425999999999021	epochs	0.0
845.5029997825623	0.027130599999964033	epochs	1.0
845.5301303825622	0.009998800000062147	epochs	1.0
845.5401291825623	0.027130599999964033	epochs	1.0
845.5672597825622	1.535600000000045	epochs	0.0
845.5672597825622	0.5	epochs	1.0
845.5672671825622	0.5	epochs	-1.0
846.0672597825622	0.0030000000000427463	epochs	1.0
846.0702597825623	1.0326000000000022	epochs	1.0
846.5702670825623	0.5	epochs	-1.0
847.1028597825623	0.06737999999995736	epochs	0.0
847.7430000305176	0.06425999999999021	epochs	0.0
847.7430000305176	0.027130599999964033	epochs	1.0
847.7701306305175	0.009998800000062147	epochs	1.0
847.7801294305176	0.027130599999964033	epochs	1.0
847.8072600305176	1.535600000000045	epochs	0.0
847.8072600305176	0.5	epochs	1.0
847.8072674305175	0.5	epochs	-1.0
848.3072600305176	0.0030000000000427463	epochs	1.0
848.3102600305176	1.0326000000000022	epochs	1.0
848.8102673305176	0.5	epochs	-1.0
849.3428600305176	0.06737999999995736	epochs	0.0
849.9939999580383	0.06425999999999021	epochs	0.0
849.9939999580383	0.027130599999964033	epochs	1.0
850.0211305580383	0.009998800000062147	epochs	1.0
850.0311293580384	0.027130599999964033	epochs	1.0
850.0582599580383	1.535600000000045	epochs	0.0
850.0582599580383	0.5	epochs	1.0
850.0582673580383	0.5	epochs	-1.0
850.5582599580383	0.0030000000000427463	epochs	1.0
850.5612599580384	1.0326000000000022	epochs	1.0
851.0612672580384	0.5	epochs	-1.0
851.5938599580384	0.06737999999995736	epochs	0.0
852.2729997634888	0.06425999999999021	epochs	0.0
852.2729997634888	0.027130599999964033	epochs	1.0
852.3001303634887	0.009998800000062147	epochs	1.0
852.3101291634888	0.027130599999964033	epochs	1.0
852.3372597634888	1.535600000000045	epochs	0.0
852.3372597634888	0.5	epochs	1.0
852.3372671634887	0.5	epochs	-1.0
852.8372597634888	0.0030000000000427463	epochs	1.0
852.8402597634888	1.0326000000000022	epochs	1.0
853.3402670634888	0.5	epochs	-1.0
853.8728597634888	0.06737999999995736	epochs	0.0
854.539999961853	0.06425999999999021	epochs	0.0
854.539999961853	0.027130599999964033	epochs	1.0
854.567130561853	0.009998800000062147	epochs	1.0
854.577129361853	0.027130599999964033	epochs	1.0
854.604259961853	1.535600000000045	epochs	0.0
854.604259961853	0.5	epochs	1.0
854.604267361853	0.5	epochs	-1.0
855.104259961853	0.0030000000000427463	epochs	1.0
855.1072599618531	1.0326000000000022	epochs	1.0
855.607267261853	0.5	epochs	-1.0
856.1398599618531	0.06737999999995736	epochs	0.0
869.210000038147	0.06425999999999021	epochs	0.0
869.210000038147	0.027130599999964033	epochs	1.0
869.2371306381469	0.009998800000062147	epochs	1.0
869.247129438147	0.027130599999964033	epochs	1.0
869.274260038147	5.9999800000000505	epochs	0.0
869.274260038147	0.5	epochs	1.0
869.2742674381469	0.5	epochs	-1.0
869.2742674381469	0.5	epochs	-1.0
869.774260038147	5.0	epochs	1.0
874.774260038147	0.4999800000000505	epochs	1.0
874.7742674381469	0.4999726000000919	epochs	-1.0
883.9829998016357	0.06425999999999021	epochs	0.0
883.9829998016357	0.027130599999964033	epochs	1.0
884.0101304016357	0.009998800000062147	epochs	1.0
884.0201292016358	0.027130599999964033	epochs	1.0
884.0472598016357	1.535600000000045	epochs	0.0
884.0472598016357	0.5	epochs	1.0
884.0472672016357	0.5	epochs	-1.0
884.5472598016357	0.0030000000000427463	epochs	1.0
884.5502598016358	1.0326000000000022	epochs	1.0
885.0502671016358	0.5	epochs	-1.0
885.5828598016358	0.06737999999995736	epochs	0.0
886.2699999809265	0.06425999999999021	epochs	0.0
886.2699999809265	0.027130599999964033	epochs	1.0
886.2971305809265	0.009998800000062147	epochs	1.0
886.3071293809265	0.027130599999964033	epochs	1.0
886.3342599809265	1.5355799999999817	epochs	0.0
886.3342599809265	0.5	epochs	1.0
886.3342673809265	0.5	epochs	-1.0
886.8342599809265	0.0030000000000427463	epochs	1.0
886.8372599809265	1.032579999999939	epochs	1.0
887.3372672809265	0.5	epochs	-1.0
887.8698399809265	0.06740000000002055	epochs	0.0
888.5599999427795	0.06425999999999021	epochs	0.0
888.5599999427795	0.027130599999964033	epochs	1.0
888.5871305427795	0.009998800000062147	epochs	1.0
888.5971293427796	0.027130599999964033	epochs	1.0
888.6242599427795	1.535600000000045	epochs	0.0
888.6242599427795	0.5	epochs	1.0
888.6242673427795	0.5	epochs	-1.0
889.1242599427795	0.0030000000000427463	epochs	1.0
889.1272599427796	1.0326000000000022	epochs	1.0
889.6272672427796	0.5	epochs	-1.0
890.1598599427796	0.06737999999995736	epochs	0.0
890.8550000190735	0.06425999999999021	epochs	0.0
890.8550000190735	0.027130599999964033	epochs	1.0
890.8821306190735	0.009998800000062147	epochs	1.0
890.8921294190735	0.027130599999964033	epochs	1.0
890.9192600190735	1.5366000000000213	epochs	0.0
890.9192600190735	0.5	epochs	1.0
890.9192674190734	0.5	epochs	-1.0
891.4192600190735	0.0030000000000427463	epochs	1.0
891.4222600190735	1.0335999999999785	epochs	1.0
891.9222673190735	0.5	epochs	-1.0
892.4558600190735	0.06637999999998101	epochs	0.0
893.155999660492	0.06425999999999021	epochs	0.0
893.155999660492	0.027130599999964033	epochs	1.0
893.1831302604919	0.009998800000062147	epochs	1.0
893.193129060492	0.027130599999964033	epochs	1.0
893.2202596604919	1.5355600000000322	epochs	0.0
893.2202596604919	0.5	epochs	1.0
893.2202670604919	0.5	epochs	-1.0
893.7202596604919	0.0030000000000427463	epochs	1.0
893.723259660492	1.0325599999999895	epochs	1.0
894.223266960492	0.5	epochs	-1.0
894.755819660492	0.06741999999997006	epochs	0.0
895.4800000190735	0.06425999999999021	epochs	0.0
895.4800000190735	0.027130599999964033	epochs	1.0
895.5071306190735	0.009998800000062147	epochs	1.0
895.5171294190735	0.027130599999964033	epochs	1.0
895.5442600190735	1.6029800000000023	epochs	0.0
895.5442600190735	0.5	epochs	1.0
895.5442674190734	0.5	epochs	-1.0
896.0442600190735	0.0030000000000427463	epochs	1.0
896.0472600190735	1.0999799999999595	epochs	1.0
896.5472673190735	0.5	epochs	-1.0
897.9340000152588	0.06425999999999021	epochs	0.0
897.9340000152588	0.027130599999964033	epochs	1.0
897.9611306152588	0.009998800000062147	epochs	1.0
897.9711294152588	0.027130599999964033	epochs	1.0
897.9982600152588	1.5365600000000086	epochs	0.0
897.9982600152588	0.5	epochs	1.0
897.9982674152587	0.5	epochs	-1.0
898.4982600152588	0.0030000000000427463	epochs	1.0
898.5012600152588	1.0335599999999658	epochs	1.0
899.0012673152588	0.5	epochs	-1.0
899.5348200152588	0.0664199999999937	epochs	0.0
911.923999786377	0.06424000000004071	epochs	0.0
911.923999786377	0.027122100000042337	epochs	1.0
911.951121886377	0.009995799999956034	epochs	1.0
911.961117686377	0.027122100000042337	epochs	1.0
911.988239786377	2.0	epochs	0.0
913.988239786377	21.535120000000006	epochs	0.0
913.988239786377	1.0	epochs	1.0
913.9882671863769	0.5	epochs	-1.0
914.4882671863769	19.999520000000075	epochs	-1.0
914.988239786377	20.0	epochs	1.0
914.988239786377	4.356753899999944	epochs	-1.0
914.988239786377	1.9745871999999736	epochs	2.0
914.988239786377	1.0985621999999466	epochs	3.0
916.0868019863769	0.8760250000000269	epochs	3.0
916.962826986377	1.3524075000000266	epochs	2.0
916.962826986377	0.7286354999999958	epochs	3.0
917.691462486377	0.6237720000000309	epochs	3.0
918.315234486377	1.029759199999944	epochs	2.0
918.315234486377	0.5453292999999348	epochs	3.0
918.8605637863769	0.4844299000000092	epochs	3.0
919.3449936863769	0.8317862000000105	epochs	2.0
919.3449936863769	0.4357763000000432	epochs	3.0
919.780769986377	0.3960098999999673	epochs	3.0
920.176779886377	0.6977970000000369	epochs	2.0
920.176779886377	0.3628982000000178	epochs	3.0
920.539678086377	0.33489880000001904	epochs	3.0
920.874576886377	0.601045699999986	epochs	2.0
920.874576886377	0.3109122999999272	epochs	3.0
921.1854891863769	0.2901334000000588	epochs	3.0
921.475622586377	0.5278859000000011	epochs	2.0
921.475622586377	0.2719585999999481	epochs	3.0
921.7475811863769	0.25592730000005304	epochs	3.0
922.003508486377	0.470619299999953	epochs	2.0
922.003508486377	0.241681299999982	epochs	3.0
922.245189786377	0.228937999999971	epochs	3.0
922.4741277863769	0.42457039999999324	epochs	2.0
922.4741277863769	0.21747140000002219	epochs	3.0
922.691599186377	0.20709899999997106	epochs	3.0
922.8986981863769	0.3867354000000205	epochs	2.0
922.8986981863769	0.19767109999997956	epochs	3.0
923.0963692863769	0.18906430000004093	epochs	3.0
923.2854335863769	0.3550953000000163	epochs	2.0
923.2854335863769	0.18117589999997108	epochs	3.0
923.4666094863769	0.17391940000004524	epochs	3.0
923.640528886377	0.3282431000000088	epochs	2.0
923.640528886377	0.16722189999995862	epochs	3.0
923.8077507863769	0.16102120000005016	epochs	3.0
923.968771986377	0.30516799999998057	epochs	2.0
923.968771986377	0.15526390000002266	epochs	3.0
924.124035886377	0.1499040999999579	epochs	3.0
924.273939986377	0.28512530000000424	epochs	2.0
924.273939986377	0.1449020999999675	epochs	3.0
924.4188420863769	0.14022320000003674	epochs	3.0
924.559065286377	0.2675537999999733	epochs	2.0
924.559065286377	0.1358368999999584	epochs	3.0
924.6949021863769	0.1317169000000149	epochs	3.0
924.8266190863769	0.2520229000000427	epochs	2.0
924.8266190863769	0.1278393000000051	epochs	3.0
924.9544583863769	0.12418360000003759	epochs	3.0
925.078641986377	0.23819649999995818	epochs	2.0
925.078641986377	0.12073109999994358	epochs	3.0
925.1993730863769	0.1174654000000146	epochs	3.0
925.3168384863769	0.2258087999999816	epochs	2.0
925.3168384863769	0.11437190000003739	epochs	3.0
925.431210386377	0.11143689999994422	epochs	3.0
925.5426472863769	0.2146460000000161	epochs	2.0
925.5426472863769	0.10864890000004834	epochs	3.0
925.651296186377	0.10599709999996776	epochs	3.0
925.7572932863769	0.20453500000007807	epochs	2.0
925.7572932863769	0.10347150000006877	epochs	3.0
925.860764786377	0.1010635000000093	epochs	3.0
925.961828286377	0.19533400000000256	epochs	2.0
925.961828286377	0.09876509999992322	epochs	3.0
926.0605933863769	0.09656890000007934	epochs	3.0
926.157162286377	0.18692529999998442	epochs	2.0
926.157162286377	0.09446829999990314	epochs	3.0
926.2516305863769	0.09245700000008128	epochs	3.0
926.344087586377	0.17921069999999872	epochs	2.0
926.344087586377	0.09052959999996801	epochs	3.0
926.434617186377	0.08868110000003071	epochs	3.0
926.523298286377	0.17210769999996955	epochs	2.0
926.523298286377	0.08690630000000965	epochs	3.0
926.610204586377	0.0852013999999599	epochs	3.0
926.695405986377	0.16554640000003928	epochs	2.0
926.695405986377	0.08356189999994967	epochs	3.0
926.7789678863769	0.08198450000008961	epochs	3.0
926.860952386377	0.15946709999991526	epochs	2.0
926.860952386377	0.08046539999998004	epochs	3.0
926.941417786377	0.07900169999993523	epochs	3.0
927.0204194863769	0.15381840000009106	epochs	2.0
927.0204194863769	0.07759010000006583	epochs	3.0
927.098009586377	0.07622830000002523	epochs	3.0
927.174237886377	0.14855639999996129	epochs	2.0
927.174237886377	0.07491329999993468	epochs	3.0
927.2491511863769	0.0736431000000266	epochs	3.0
927.322794286377	0.14364239999997608	epochs	2.0
927.322794286377	0.07241499999997814	epochs	3.0
927.3952092863769	0.07122739999999794	epochs	3.0
927.4664366863769	0.13904309999998077	epochs	2.0
927.4664366863769	0.07007799999996678	epochs	3.0
927.5365146863769	0.06896510000001399	epochs	3.0
927.6054797863769	0.1347293000000036	epochs	2.0
927.6054797863769	0.0678871000000072	epochs	3.0
927.6733668863769	0.06684219999999641	epochs	3.0
927.7402090863769	0.1306752000000415	epochs	2.0
927.7402090863769	0.06582910000008724	epochs	3.0
927.806038186377	0.06484609999995428	epochs	3.0
927.870884286377	0.12685780000003888	epochs	2.0
927.870884286377	0.06389200000000983	epochs	3.0
927.934776286377	0.06296580000002905	epochs	3.0
927.997742086377	0.12325719999989815	epochs	2.0
927.997742086377	0.062065799999913907	epochs	3.0
928.0598078863769	0.06119139999998424	epochs	3.0
928.1209992863769	0.11985540000000583	epochs	2.0
928.1209992863769	0.06034110000007331	epochs	3.0
928.181340386377	0.05951429999993252	epochs	3.0
928.2408546863769	0.11663620000001629	epochs	2.0
928.2408546863769	0.05870960000004288	epochs	3.0
928.299564286377	0.057926599999973405	epochs	3.0
928.3574908863769	0.11358560000007856	epochs	2.0
928.3574908863769	0.05716419999998834	epochs	3.0
928.4146550863769	0.056421400000090216	epochs	3.0
928.471076486377	0.11069049999991876	epochs	2.0
928.471076486377	0.05569789999992736	epochs	3.0
928.5267743863769	0.0549925999999914	epochs	3.0
928.5817669863769	0.1079391000000669	epochs	2.0
928.5817669863769	0.05430490000003374	epochs	3.0
928.636071886377	0.05363420000003316	epochs	3.0
928.689706086377	0.10532149999994544	epochs	2.0
928.689706086377	0.05297999999993408	epochs	3.0
928.7426860863769	0.052341500000011365	epochs	3.0
928.7950275863769	0.10282760000006874	epochs	2.0
928.7950275863769	0.05171810000001642	epochs	3.0
928.846745686377	0.05110950000005232	epochs	3.0
928.897855186377	0.10044909999999163	epochs	2.0
928.897855186377	0.05051489999993919	epochs	3.0
928.9483700863769	0.04993420000005244	epochs	3.0
928.998304286377	0.0981782999999723	epochs	2.0
928.998304286377	0.04936659999998483	epochs	3.0
929.047670886377	0.04881169999998747	epochs	3.0
929.096482586377	0.09600779999993847	epochs	2.0
929.096482586377	0.04826919999993606	epochs	3.0
929.1447517863769	0.04773860000000241	epochs	3.0
929.1924903863769	0.09393120000004274	epochs	2.0
929.1924903863769	0.04721950000009656	epochs	3.0
929.239709886377	0.04671169999994618	epochs	3.0
929.286421586377	0.09194260000003851	epochs	2.0
929.286421586377	0.046214599999984785	epochs	3.0
929.3326361863769	0.045728000000053726	epochs	3.0
929.378364186377	0.09003629999995155	epochs	2.0
929.378364186377	0.045251499999949374	epochs	3.0
929.4236156863769	0.04478480000000218	epochs	3.0
929.4684004863769	0.08820760000003247	epochs	2.0
929.4684004863769	0.044327800000019124	epochs	3.0
929.512728286377	0.04387980000001335	epochs	3.0
929.556608086377	0.0864516999999978	epochs	2.0
929.556608086377	0.04344100000002982	epochs	3.0
929.600049086377	0.04301069999996798	epochs	3.0
929.643059786377	0.08476429999996071	epochs	2.0
929.643059786377	0.04258900000002086	epochs	3.0
929.685648786377	0.04217529999993985	epochs	3.0
929.7278240863769	0.08314150000001064	epochs	2.0
929.7278240863769	0.04176970000003166	epochs	3.0
929.769593786377	0.041371799999978975	epochs	3.0
929.8109655863769	0.08157970000002024	epochs	2.0
929.8109655863769	0.040981399999964196	epochs	3.0
929.8519469863769	0.04059830000005604	epochs	3.0
929.892545286377	0.08007550000002084	epochs	2.0
929.892545286377	0.04022229999998217	epochs	3.0
929.9327675863769	0.03985320000003867	epochs	3.0
929.972620786377	0.07862569999997504	epochs	2.0
929.972620786377	0.0394907999999532	epochs	3.0
930.0121115863769	0.039134900000021844	epochs	3.0
930.051246486377	0.07722760000001472	epochs	2.0
930.051246486377	0.038785400000051595	epochs	3.0
930.090031886377	0.03844219999996312	epochs	3.0
930.128474086377	0.07587820000003376	epochs	2.0
930.128474086377	0.038104800000041905	epochs	3.0
930.166578886377	0.03777339999999185	epochs	3.0
930.204352286377	0.07457519999991291	epochs	2.0
930.204352286377	0.03744769999991604	epochs	3.0
930.2417999863769	0.03712749999999687	epochs	3.0
930.2789274863769	0.07331629999998768	epochs	2.0
930.2789274863769	0.0368129000000863	epochs	3.0
930.315740386377	0.036503399999901376	epochs	3.0
930.3522437863769	0.07209900000009384	epochs	2.0
930.3522437863769	0.03619910000008986	epochs	3.0
930.388442886377	0.03589990000000398	epochs	3.0
930.424342786377	0.07092169999998532	epochs	2.0
930.424342786377	0.03560559999993984	epochs	3.0
930.4599483863769	0.03531610000004548	epochs	3.0
930.495264486377	0.0697819999999183	epochs	2.0
930.495264486377	0.03503119999993487	epochs	3.0
930.5302956863769	0.03475079999998343	epochs	3.0
930.5650464863769	0.06867859999999837	epochs	2.0
930.5650464863769	0.03447510000000875	epochs	3.0
930.5995215863769	0.03420349999998962	epochs	3.0
930.6337250863769	0.06760930000007193	epochs	2.0
930.6337250863769	0.03393620000008468	epochs	3.0
930.667661286377	0.033673099999987244	epochs	3.0
930.701334386377	0.06657289999998284	epochs	2.0
930.701334386377	0.03341399999999339	epochs	3.0
930.734748386377	0.033158899999989444	epochs	3.0
930.767907286377	0.06556780000005347	epochs	2.0
930.767907286377	0.032907700000009754	epochs	3.0
930.800814986377	0.03266010000004371	epochs	3.0
930.833475086377	0.06459259999996902	epochs	2.0
930.833475086377	0.032416399999988244	epochs	3.0
930.865891486377	0.03217619999998078	epochs	3.0
930.898067686377	0.0636459999999488	epochs	2.0
930.898067686377	0.03193959999998697	epochs	3.0
930.930007286377	0.03170639999996183	epochs	3.0
930.9617136863769	0.0627266999999847	epochs	2.0
930.9617136863769	0.03147660000001906	epochs	3.0
930.993190286377	0.03125009999996564	epochs	3.0
931.0244403863769	0.06183359999999993	epochs	2.0
931.0244403863769	0.031026900000028945	epochs	3.0
931.0554672863769	0.030806699999970988	epochs	3.0
931.0862739863769	0.06096560000003137	epochs	2.0
931.0862739863769	0.030589800000029754	epochs	3.0
931.1168637863769	0.030375800000001618	epochs	3.0
931.1472395863769	0.06012160000000222	epochs	2.0
931.1472395863769	0.030164900000045236	epochs	3.0
931.177404486377	0.02995669999995698	epochs	3.0
931.2073611863769	0.05930069999999432	epochs	2.0
931.2073611863769	0.029751600000054168	epochs	3.0
931.237112786377	0.029549099999940154	epochs	3.0
931.2666618863769	0.05850180000004457	epochs	2.0
931.2666618863769	0.02934940000000097	epochs	3.0
931.2960112863769	0.0291524000000436	epochs	3.0
931.325163686377	0.05772419999993872	epochs	2.0
931.325163686377	0.028957999999988715	epochs	3.0
931.354121686377	0.028766199999950004	epochs	3.0
931.3828878863769	0.05696710000006533	epochs	2.0
931.3828878863769	0.028577000000041153	epochs	3.0
931.411464886377	0.028390100000024177	epochs	3.0
931.439854986377	0.05622949999997218	epochs	2.0
931.439854986377	0.028205699999944045	epochs	3.0
931.4680606863769	0.028023800000028132	epochs	3.0
931.496084486377	0.05551070000001346	epochs	2.0
931.496084486377	0.027843999999959124	epochs	3.0
931.5239284863769	0.027666700000054334	epochs	3.0
931.551595186377	0.054810200000019904	epochs	2.0
931.551595186377	0.02749149999999645	epochs	3.0
931.579086686377	0.027318700000023455	epochs	3.0
931.606405386377	0.05412699999999404	epochs	2.0
931.606405386377	0.027147799999966082	epochs	3.0
931.633553186377	0.02697920000002796	epochs	3.0
931.660532386377	0.053460699999959616	epochs	2.0
931.660532386377	0.0268125999999711	epochs	3.0
931.687344986377	0.026648099999988517	epochs	3.0
931.713993086377	0.05281070000000909	epochs	2.0
931.713993086377	0.026485600000000886	epochs	3.0
931.740478686377	0.026325100000008206	epochs	3.0
931.766803786377	0.05217619999996259	epochs	2.0
931.766803786377	0.026166399999965506	epochs	3.0
931.7929701863769	0.026009799999997085	epochs	3.0
931.8189799863769	0.051556699999991906	epochs	2.0
931.8189799863769	0.025854800000047362	epochs	3.0
931.844834786377	0.025701899999944544	epochs	3.0
931.8705366863769	0.050951900000086425	epochs	2.0
931.8705366863769	0.02555070000005344	epochs	3.0
931.896087386377	0.025401200000032986	epochs	3.0
931.921488586377	0.05036099999995258	epochs	2.0
931.921488586377	0.025253499999962514	epochs	3.0
931.946742086377	0.02510749999999007	epochs	3.0
931.971849586377	0.049783800000000156	epochs	2.0
931.971849586377	0.02496320000000196	epochs	3.0
931.996812786377	0.024820599999998194	epochs	3.0
932.021633386377	0.049219500000049266	epochs	2.0
932.021633386377	0.024679399999968155	epochs	3.0
932.0463127863769	0.02454010000008111	epochs	3.0
932.070852886377	0.048667899999941255	epochs	2.0
932.070852886377	0.02440209999997478	epochs	3.0
932.095254986377	0.024265799999966475	epochs	3.0
932.1195207863769	0.04812860000004093	epochs	2.0
932.1195207863769	0.024131000000011227	epochs	3.0
932.143651786377	0.023997600000029706	epochs	3.0
932.167649386377	0.04760109999995166	epochs	2.0
932.167649386377	0.023865799999953197	epochs	3.0
932.1915151863769	0.02373529999999846	epochs	3.0
932.2152504863769	0.047085000000038235	epochs	2.0
932.2152504863769	0.023606299999983094	epochs	3.0
932.2388567863769	0.02347870000005514	epochs	3.0
932.262335486377	0.046579999999948996	epochs	2.0
932.262335486377	0.02335249999998723	epochs	3.0
932.285687986377	0.023227499999961765	epochs	3.0
932.3089154863769	0.046085700000048746	epochs	2.0
932.3089154863769	0.023103999999989355	epochs	3.0
932.3320194863769	0.02298170000005939	epochs	3.0
932.355001186377	0.045601799999985815	epochs	2.0
932.355001186377	0.022860700000023826	epochs	3.0
932.377861886377	0.02274109999996199	epochs	3.0
932.400602986377	0.04512790000001132	epochs	2.0
932.400602986377	0.022622500000011314	epochs	3.0
932.423225486377	0.02250540000000001	epochs	3.0
932.445730886377	0.044663799999966614	epochs	2.0
932.445730886377	0.02238929999998618	epochs	3.0
932.468120186377	0.022274499999980435	epochs	3.0
932.4903946863769	0.04420920000006845	epochs	2.0
932.4903946863769	0.022160800000051495	epochs	3.0
932.512555486377	0.022048400000016954	epochs	3.0
932.534603886377	0.04376359999992019	epochs	2.0
932.534603886377	0.02193689999990056	epochs	3.0
932.5565407863769	0.021826700000019628	epochs	3.0
932.5783674863769	0.04332710000005591	epochs	2.0
932.5783674863769	0.021717599999988124	epochs	3.0
932.6000850863769	0.021609500000067783	epochs	3.0
932.621694586377	0.042898999999920306	epochs	2.0
932.621694586377	0.02150249999999687	epochs	3.0
932.643197086377	0.021396499999923435	epochs	3.0
932.6645935863769	0.042479500000013104	epochs	2.0
932.6645935863769	0.02129170000000613	epochs	3.0
932.6858852863769	0.021187800000006973	epochs	3.0
932.7070730863769	0.042067900000006375	epochs	2.0
932.7070730863769	0.02108490000000529	epochs	3.0
932.7281579863769	0.020983000000001084	epochs	3.0
932.7491409863769	0.04166440000005878	epochs	2.0
932.7491409863769	0.02088220000007368	epochs	3.0
932.770023186377	0.020782199999985096	epochs	3.0
932.790805386377	0.04126850000000104	epochs	2.0
932.790805386377	0.020683299999973315	epochs	3.0
932.811488686377	0.020585200000027726	epochs	3.0
932.832073886377	0.04088000000001557	epochs	2.0
932.832073886377	0.020488099999965925	epochs	3.0
932.8525619863769	0.020391900000049645	epochs	3.0
932.872953886377	0.04049879999990935	epochs	2.0
932.872953886377	0.020296599999937825	epochs	3.0
932.8932504863769	0.020202199999971526	epochs	3.0
932.9134526863769	0.04012460000001283	epochs	2.0
932.9134526863769	0.02010870000003706	epochs	3.0
932.9335613863769	0.020015899999975773	epochs	3.0
932.9535772863769	0.03975730000001931	epochs	2.0
932.9535772863769	0.019924199999991288	epochs	3.0
932.9735014863769	0.019833100000028026	epochs	3.0
932.9933345863769	0.03939669999999751	epochs	2.0
932.9933345863769	0.01974300000006224	epochs	3.0
933.013077586377	0.01965369999993527	epochs	3.0
933.0327312863769	0.03904239999997117	epochs	2.0
933.0327312863769	0.01956510000002254	epochs	3.0
933.052296386377	0.019477299999948627	epochs	3.0
933.0717736863769	0.038694600000098944	epochs	2.0
933.0717736863769	0.019390400000020236	epochs	3.0
933.0911640863769	0.01930420000007871	epochs	3.0
933.110468286377	0.03835289999994984	epochs	2.0
933.110468286377	0.019218799999976	epochs	3.0
933.129687086377	0.01913409999997384	epochs	3.0
933.148821186377	0.03801720000001296	epochs	2.0
933.148821186377	0.019050200000037876	epochs	3.0
933.167871386377	0.018966999999975087	epochs	3.0
933.186838386377	0.03768719999993664	epochs	2.0
933.186838386377	0.01888450000001285	epochs	3.0
933.205722886377	0.01880269999992379	epochs	3.0
933.2245255863769	0.0373631000001069	epochs	2.0
933.2245255863769	0.018721700000014607	epochs	3.0
933.2432472863769	0.01864140000009229	epochs	3.0
933.261888686377	0.03704429999993408	epochs	2.0
933.261888686377	0.01856159999999818	epochs	3.0
933.280450286377	0.018482699999935903	epochs	3.0
933.2989329863769	0.0367310000000316	epochs	2.0
933.2989329863769	0.018404300000042895	epochs	3.0
933.317337286377	0.018326699999988705	epochs	3.0
933.335663986377	0.03642289999993409	epochs	2.0
933.335663986377	0.018249599999990096	epochs	3.0
933.353913586377	0.018173299999943993	epochs	3.0
933.3720868863769	0.03612010000006194	epochs	2.0
933.3720868863769	0.0180976000000328	epochs	3.0
933.3901844863769	0.01802250000002914	epochs	3.0
933.408206986377	0.03582210000001851	epochs	2.0
933.408206986377	0.017947899999967376	epochs	3.0
933.4261548863769	0.017874200000051133	epochs	3.0
933.444029086377	0.03552899999999681	epochs	2.0
933.444029086377	0.017800799999918127	epochs	3.0
933.4618298863769	0.017728200000078687	epochs	3.0
933.479558086377	0.035240699999917524	epochs	2.0
933.479558086377	0.017656099999953767	epochs	3.0
933.4972141863769	0.017584599999963757	epochs	3.0
933.5147987863769	0.034957100000042374	epochs	2.0
933.5147987863769	0.01751369999999497	epochs	3.0
933.5323124863769	0.017443400000047404	epochs	3.0
933.5497558863769	0.03467790000001969	epochs	2.0
933.5497558863769	0.017373600000041733	epochs	3.0
933.567129486377	0.017304299999977957	epochs	3.0
933.584433786377	0.03440330000000813	epochs	2.0
933.584433786377	0.01723570000001473	epochs	3.0
933.601669486377	0.0171675999999934	epochs	3.0
933.618837086377	0.03413279999995211	epochs	2.0
933.618837086377	0.01709989999994832	epochs	3.0
933.6359369863769	0.017032900000003792	epochs	3.0
933.6529698863769	0.033866699999975935	epochs	2.0
933.6529698863769	0.01696640000000116	epochs	3.0
933.6699362863769	0.016900299999974777	epochs	3.0
933.6868365863769	0.033604600000103346	epochs	2.0
933.6868365863769	0.016834800000083305	epochs	3.0
933.703671386377	0.01676980000002004	epochs	3.0
933.720441186377	0.033346599999958926	epochs	2.0
933.720441186377	0.01670529999989867	epochs	3.0
933.7371464863769	0.016641300000060255	epochs	3.0
933.753787786377	0.03309249999995245	epochs	2.0
933.753787786377	0.016577800000050047	epochs	3.0
933.770365586377	0.016514699999902405	epochs	3.0
933.7868802863769	0.032842300000083924	epochs	2.0
933.7868802863769	0.01645220000000336	epochs	3.0
933.8033324863769	0.016390100000080565	epochs	3.0
933.819722586377	0.03259570000000167	epochs	2.0
933.819722586377	0.01632839999990665	epochs	3.0
933.8360509863769	0.01626730000009502	epochs	3.0
933.852318286377	0.032352899999978035	epochs	2.0
933.852318286377	0.01620659999991858	epochs	3.0
933.8685248863769	0.016146300000059455	epochs	3.0
933.884671186377	0.03211369999996805	epochs	2.0
933.884671186377	0.016086599999994178	epochs	3.0
933.900757786377	0.01602709999997387	epochs	3.0
933.916784886377	0.03187800000000607	epochs	2.0
933.916784886377	0.015968199999974786	epochs	3.0
933.9327530863769	0.015909800000031282	epochs	3.0
933.948662886377	0.031645700000012766	epochs	2.0
933.948662886377	0.01585160000001906	epochs	3.0
933.964514486377	0.015794099999993705	epochs	3.0
933.980308586377	0.0314167000000225	epochs	2.0
933.980308586377	0.015736700000047676	epochs	3.0
933.996045286377	0.015679999999974825	epochs	3.0
934.011725286377	0.031191100000000915	epochs	2.0
934.011725286377	0.015623599999912585	epochs	3.0
934.0273488863769	0.01556750000008833	epochs	3.0
934.042916386377	0.030968700000016725	epochs	2.0
934.042916386377	0.015511999999944237	epochs	3.0
934.0584283863769	0.015456700000072487	epochs	3.0
934.073885086377	0.030749499999956242	epochs	2.0
934.073885086377	0.015401999999994587	epochs	3.0
934.089287086377	0.015347499999961656	epochs	3.0
934.104634586377	0.03053320000003623	epochs	2.0
934.104634586377	0.015293400000018664	epochs	3.0
934.119927986377	0.015239800000017567	epochs	3.0
934.135167786377	0.030320099999926242	epochs	2.0
934.135167786377	0.015186499999913394	epochs	3.0
934.1503542863769	0.015133600000012848	epochs	3.0
934.1654878863769	0.03010990000007041	epochs	2.0
934.1654878863769	0.015081000000009226	epochs	3.0
934.1805688863769	0.015028900000061185	epochs	3.0
934.195597786377	0.029902499999934662	epochs	2.0
934.195597786377	0.01497699999993074	epochs	3.0
934.2105747863769	0.014925500000003922	epochs	3.0
934.2255002863769	0.029698100000018712	epochs	2.0
934.2255002863769	0.014874400000053356	epochs	3.0
934.240374686377	0.014823699999965356	epochs	3.0
934.255198386377	0.02949630000000525	epochs	2.0
934.255198386377	0.014773200000036013	epochs	3.0
934.269971586377	0.014723099999969236	epochs	3.0
934.284694686377	0.02929740000001857	epochs	2.0
934.284694686377	0.014673399999992398	epochs	3.0
934.299368086377	0.014624000000026172	epochs	3.0
934.313992086377	0.029101099999934377	epochs	2.0
934.313992086377	0.01457489999995687	epochs	3.0
934.3285669863769	0.014526199999977507	epochs	3.0
934.3430931863769	0.02890740000009373	epochs	2.0
934.3430931863769	0.014477700000043114	epochs	3.0
934.357570886377	0.014429700000050616	epochs	3.0
934.372000586377	0.028716199999962555	epochs	2.0
934.372000586377	0.014381799999910072	epochs	3.0
934.3863823863769	0.014334400000052483	epochs	3.0
934.400716786377	0.02852759999996124	epochs	2.0
934.400716786377	0.01428720000001249	epochs	3.0
934.415003986377	0.01424039999994875	epochs	3.0
934.4292443863769	0.028341400000044814	epochs	2.0
934.4292443863769	0.014193800000043666	epochs	3.0
934.443438186377	0.014147600000001148	epochs	3.0
934.457585786377	0.028157699999951546	epochs	2.0
934.457585786377	0.014101699999969242	epochs	3.0
934.4716874863769	0.014055999999982305	epochs	3.0
934.4857434863769	0.027976299999977527	epochs	2.0
934.4857434863769	0.01401060000000598	epochs	3.0
934.4997540863769	0.013965699999971548	epochs	3.0
934.5137197863769	0.02779720000000907	epochs	2.0
934.5137197863769	0.013920800000050804	epochs	3.0
934.527640586377	0.013876399999958267	epochs	3.0
934.5415169863769	0.027620400000046175	epochs	2.0
934.5415169863769	0.013832200000024386	epochs	3.0
934.5553491863769	0.013788200000021789	epochs	3.0
934.569137386377	0.027445899999975154	epochs	2.0
934.569137386377	0.013744599999995444	epochs	3.0
934.582881986377	0.01370129999997971	epochs	3.0
934.5965832863769	0.027273499999978412	epochs	2.0
934.5965832863769	0.013658200000008947	epochs	3.0
934.6102414863769	0.013615299999969466	epochs	3.0
934.6238567863769	0.02710340000010092	epochs	2.0
934.6238567863769	0.013572800000019924	epochs	3.0
934.6374295863769	0.013530600000080995	epochs	3.0
934.650960186377	0.026935199999911674	epochs	2.0
934.650960186377	0.01348839999991469	epochs	3.0
934.6644485863769	0.013446799999996983	epochs	3.0
934.6778953863769	0.026769199999989723	epochs	2.0
934.6778953863769	0.013405200000079276	epochs	3.0
934.691300586377	0.013363999999910448	epochs	3.0
934.7046645863769	0.026605200000062723	epochs	2.0
934.7046645863769	0.013322900000048321	epochs	3.0
934.717987486377	0.013282300000014402	epochs	3.0
934.731269786377	0.026443200000016986	epochs	2.0
934.731269786377	0.013241699999980483	epochs	3.0
934.744511486377	0.013201500000036503	epochs	3.0
934.757712986377	0.0262831999999662	epochs	2.0
934.757712986377	0.01316149999991012	epochs	3.0
934.7708744863769	0.01312170000005608	epochs	3.0
934.783996186377	0.02612499999997908	epochs	2.0
934.783996186377	0.013082100000019636	epochs	3.0
934.797078286377	0.013042899999959445	epochs	3.0
934.8101211863769	0.025968900000066242	epochs	2.0
934.8101211863769	0.01300390000005791	epochs	3.0
934.823125086377	0.012965000000008331	epochs	3.0
934.836090086377	0.025814499999910367	epochs	2.0
934.836090086377	0.012926399999969362	epochs	3.0
934.849016486377	0.012888099999941005	epochs	3.0
934.8619045863769	0.025661900000045534	epochs	2.0
934.8619045863769	0.012849899999991976	epochs	3.0
934.8747544863769	0.012812000000053558	epochs	3.0
934.887566486377	0.025511199999982637	epochs	2.0
934.887566486377	0.012774400000012065	epochs	3.0
934.900340886377	0.012736799999970572	epochs	3.0
934.9130776863769	0.025362299999983406	epochs	2.0
934.9130776863769	0.01269969999998466	epochs	3.0
934.9257773863769	0.012662599999998747	epochs	3.0
934.9384399863769	0.025215000000002874	epochs	2.0
934.9384399863769	0.012625800000023446	epochs	3.0
934.951065786377	0.012589199999979428	epochs	3.0
934.9636549863769	0.024584800000070572	epochs	2.0
934.987787186377	0.5	epochs	-1.0
934.988239786377	0.5351200000000063	epochs	1.0
935.523359786377	0.46479999999996835	epochs	0.0
936.6419997215271	0.06424000000004071	epochs	0.0
936.6419997215271	0.027122100000042337	epochs	1.0
936.6691218215271	0.009995799999956034	epochs	1.0
936.6791176215271	0.027122100000042337	epochs	1.0
936.7062397215271	2.0	epochs	0.0
938.7062397215271	5.375279999999975	epochs	0.0
938.7062397215271	1.0	epochs	1.0
938.706267121527	0.5	epochs	-1.0
939.206267121527	4.875252600000067	epochs	-1.0
939.7062397215271	4.375279999999975	epochs	1.0
939.7062397215271	4.356753899999944	epochs	-1.0
939.7062397215271	1.9745871999999736	epochs	2.0
939.7062397215271	1.0985621999999466	epochs	3.0
940.8048019215271	0.8760250000000269	epochs	3.0
941.6808269215271	1.3524075000000266	epochs	2.0
941.6808269215271	0.7286354999999958	epochs	3.0
942.4094624215271	0.6237720000000309	epochs	3.0
943.0332344215271	1.029759199999944	epochs	2.0
943.0332344215271	0.5453292999999348	epochs	3.0
943.5785637215271	0.4844299000000092	epochs	3.0
944.0629936215271	0.018526100000030965	epochs	2.0
944.0629936215271	0.018526100000030965	epochs	3.0
944.0815197215271	16.62464	epochs	0.0
944.981999874115	0.06424000000004071	epochs	0.0
944.981999874115	0.027122100000042337	epochs	1.0
945.009121974115	0.009995799999956034	epochs	1.0
945.019117774115	0.027122100000042337	epochs	1.0
945.046239874115	2.0	epochs	0.0
947.046239874115	21.535120000000006	epochs	0.0
947.046239874115	1.0	epochs	1.0
947.0462672741149	0.5	epochs	-1.0
947.5462672741149	19.99944000000005	epochs	-1.0
948.046239874115	20.0	epochs	1.0
948.046239874115	4.356753899999944	epochs	-1.0
948.046239874115	1.9745871999999736	epochs	2.0
948.046239874115	1.0985621999999466	epochs	3.0
949.144802074115	0.8760250000000269	epochs	3.0
950.020827074115	1.3524075000000266	epochs	2.0
950.020827074115	0.7286354999999958	epochs	3.0
950.749462574115	0.6237720000000309	epochs	3.0
951.373234574115	1.029759199999944	epochs	2.0
951.373234574115	0.5453292999999348	epochs	3.0
951.918563874115	0.4844299000000092	epochs	3.0
952.402993774115	0.8317862000000105	epochs	2.0
952.402993774115	0.4357763000000432	epochs	3.0
952.838770074115	0.3960098999999673	epochs	3.0
953.234779974115	0.6977970000000369	epochs	2.0
953.234779974115	0.3628982000000178	epochs	3.0
953.597678174115	0.33489880000001904	epochs	3.0
953.932576974115	0.601045699999986	epochs	2.0
953.932576974115	0.3109122999999272	epochs	3.0
954.243489274115	0.2901334000000588	epochs	3.0
954.533622674115	0.5278859000000011	epochs	2.0
954.533622674115	0.2719585999999481	epochs	3.0
954.805581274115	0.25592730000005304	epochs	3.0
955.061508574115	0.470619299999953	epochs	2.0
955.061508574115	0.241681299999982	epochs	3.0
955.303189874115	0.228937999999971	epochs	3.0
955.532127874115	0.42457039999999324	epochs	2.0
955.532127874115	0.21747140000002219	epochs	3.0
955.749599274115	0.20709899999997106	epochs	3.0
955.956698274115	0.3867354000000205	epochs	2.0
955.956698274115	0.19767109999997956	epochs	3.0
956.1543693741149	0.18906430000004093	epochs	3.0
956.343433674115	0.3550953000000163	epochs	2.0
956.343433674115	0.18117589999997108	epochs	3.0
956.524609574115	0.17391940000004524	epochs	3.0
956.698528974115	0.3282431000000088	epochs	2.0
956.698528974115	0.16722189999995862	epochs	3.0
956.865750874115	0.16102120000005016	epochs	3.0
957.026772074115	0.30516799999998057	epochs	2.0
957.026772074115	0.15526390000002266	epochs	3.0
957.182035974115	0.1499040999999579	epochs	3.0
957.331940074115	0.28512530000000424	epochs	2.0
957.331940074115	0.1449020999999675	epochs	3.0
957.476842174115	0.14022320000003674	epochs	3.0
957.617065374115	0.2675537999999733	epochs	2.0
957.617065374115	0.1358368999999584	epochs	3.0
957.752902274115	0.1317169000000149	epochs	3.0
957.884619174115	0.2520229000000427	epochs	2.0
957.884619174115	0.1278393000000051	epochs	3.0
958.012458474115	0.12418360000003759	epochs	3.0
958.136642074115	0.23819649999995818	epochs	2.0
958.136642074115	0.12073109999994358	epochs	3.0
958.257373174115	0.1174654000000146	epochs	3.0
958.374838574115	0.2258087999999816	epochs	2.0
958.374838574115	0.11437190000003739	epochs	3.0
958.489210474115	0.11143689999994422	epochs	3.0
958.6006473741149	0.2146460000000161	epochs	2.0
958.6006473741149	0.10864890000004834	epochs	3.0
958.709296274115	0.10599709999996776	epochs	3.0
958.815293374115	0.20453500000007807	epochs	2.0
958.815293374115	0.10347150000006877	epochs	3.0
958.918764874115	0.1010635000000093	epochs	3.0
959.019828374115	0.19533400000000256	epochs	2.0
959.019828374115	0.09876509999992322	epochs	3.0
959.118593474115	0.09656890000007934	epochs	3.0
959.215162374115	0.18692529999998442	epochs	2.0
959.215162374115	0.09446829999990314	epochs	3.0
959.3096306741149	0.09245700000008128	epochs	3.0
959.402087674115	0.17921069999999872	epochs	2.0
959.402087674115	0.09052959999996801	epochs	3.0
959.492617274115	0.08868110000003071	epochs	3.0
959.581298374115	0.17210769999996955	epochs	2.0
959.581298374115	0.08690630000000965	epochs	3.0
959.668204674115	0.0852013999999599	epochs	3.0
959.753406074115	0.16554640000003928	epochs	2.0
959.753406074115	0.08356189999994967	epochs	3.0
959.8369679741149	0.08198450000008961	epochs	3.0
959.918952474115	0.15946709999991526	epochs	2.0
959.918952474115	0.08046539999998004	epochs	3.0
959.999417874115	0.07900169999993523	epochs	3.0
960.078419574115	0.15381840000009106	epochs	2.0
960.078419574115	0.07759010000006583	epochs	3.0
960.156009674115	0.07622830000002523	epochs	3.0
960.232237974115	0.14855639999996129	epochs	2.0
960.232237974115	0.07491329999993468	epochs	3.0
960.307151274115	0.0736431000000266	epochs	3.0
960.380794374115	0.14364239999997608	epochs	2.0
960.380794374115	0.07241499999997814	epochs	3.0
960.453209374115	0.07122739999999794	epochs	3.0
960.524436774115	0.13904309999998077	epochs	2.0
960.524436774115	0.07007799999996678	epochs	3.0
960.5945147741149	0.06896510000001399	epochs	3.0
960.663479874115	0.1347293000000036	epochs	2.0
960.663479874115	0.0678871000000072	epochs	3.0
960.731366974115	0.06684219999999641	epochs	3.0
960.798209174115	0.1306752000000415	epochs	2.0
960.798209174115	0.06582910000008724	epochs	3.0
960.864038274115	0.06484609999995428	epochs	3.0
960.928884374115	0.12685780000003888	epochs	2.0
960.928884374115	0.06389200000000983	epochs	3.0
960.992776374115	0.06296580000002905	epochs	3.0
961.055742174115	0.12325719999989815	epochs	2.0
961.055742174115	0.062065799999913907	epochs	3.0
961.117807974115	0.06119139999998424	epochs	3.0
961.1789993741149	0.11985540000000583	epochs	2.0
961.1789993741149	0.06034110000007331	epochs	3.0
961.239340474115	0.05951429999993252	epochs	3.0
961.298854774115	0.11663620000001629	epochs	2.0
961.298854774115	0.05870960000004288	epochs	3.0
961.357564374115	0.057926599999973405	epochs	3.0
961.415490974115	0.11358560000007856	epochs	2.0
961.415490974115	0.05716419999998834	epochs	3.0
961.472655174115	0.056421400000090216	epochs	3.0
961.529076574115	0.11069049999991876	epochs	2.0
961.529076574115	0.05569789999992736	epochs	3.0
961.584774474115	0.0549925999999914	epochs	3.0
961.639767074115	0.1079391000000669	epochs	2.0
961.639767074115	0.05430490000003374	epochs	3.0
961.694071974115	0.05363420000003316	epochs	3.0
961.747706174115	0.10532149999994544	epochs	2.0
961.747706174115	0.05297999999993408	epochs	3.0
961.800686174115	0.052341500000011365	epochs	3.0
961.853027674115	0.10282760000006874	epochs	2.0
961.853027674115	0.05171810000001642	epochs	3.0
961.904745774115	0.05110950000005232	epochs	3.0
961.955855274115	0.10044909999999163	epochs	2.0
961.955855274115	0.05051489999993919	epochs	3.0
962.006370174115	0.04993420000005244	epochs	3.0
962.056304374115	0.0981782999999723	epochs	2.0
962.056304374115	0.04936659999998483	epochs	3.0
962.105670974115	0.04881169999998747	epochs	3.0
962.154482674115	0.09600779999993847	epochs	2.0
962.154482674115	0.04826919999993606	epochs	3.0
962.2027518741149	0.04773860000000241	epochs	3.0
962.2504904741149	0.09393120000004274	epochs	2.0
962.2504904741149	0.04721950000009656	epochs	3.0
962.297709974115	0.04671169999994618	epochs	3.0
962.344421674115	0.09194260000003851	epochs	2.0
962.344421674115	0.046214599999984785	epochs	3.0
962.390636274115	0.045728000000053726	epochs	3.0
962.436364274115	0.09003629999995155	epochs	2.0
962.436364274115	0.045251499999949374	epochs	3.0
962.481615774115	0.04478480000000218	epochs	3.0
962.526400574115	0.08820760000003247	epochs	2.0
962.526400574115	0.044327800000019124	epochs	3.0
962.570728374115	0.04387980000001335	epochs	3.0
962.614608174115	0.0864516999999978	epochs	2.0
962.614608174115	0.04344100000002982	epochs	3.0
962.658049174115	0.04301069999996798	epochs	3.0
962.701059874115	0.08476429999996071	epochs	2.0
962.701059874115	0.04258900000002086	epochs	3.0
962.743648874115	0.04217529999993985	epochs	3.0
962.785824174115	0.08314150000001064	epochs	2.0
962.785824174115	0.04176970000003166	epochs	3.0
962.827593874115	0.041371799999978975	epochs	3.0
962.868965674115	0.08157970000002024	epochs	2.0
962.868965674115	0.040981399999964196	epochs	3.0
962.9099470741149	0.04059830000005604	epochs	3.0
962.950545374115	0.08007550000002084	epochs	2.0
962.950545374115	0.04022229999998217	epochs	3.0
962.990767674115	0.03985320000003867	epochs	3.0
963.030620874115	0.07862569999997504	epochs	2.0
963.030620874115	0.0394907999999532	epochs	3.0
963.070111674115	0.039134900000021844	epochs	3.0
963.109246574115	0.07722760000001472	epochs	2.0
963.109246574115	0.038785400000051595	epochs	3.0
963.148031974115	0.03844219999996312	epochs	3.0
963.186474174115	0.07587820000003376	epochs	2.0
963.186474174115	0.038104800000041905	epochs	3.0
963.224578974115	0.03777339999999185	epochs	3.0
963.262352374115	0.07457519999991291	epochs	2.0
963.262352374115	0.03744769999991604	epochs	3.0
963.299800074115	0.03712749999999687	epochs	3.0
963.336927574115	0.07331629999998768	epochs	2.0
963.336927574115	0.0368129000000863	epochs	3.0
963.373740474115	0.036503399999901376	epochs	3.0
963.4102438741149	0.07209900000009384	epochs	2.0
963.4102438741149	0.03619910000008986	epochs	3.0
963.446442974115	0.03589990000000398	epochs	3.0
963.482342874115	0.07092169999998532	epochs	2.0
963.482342874115	0.03560559999993984	epochs	3.0
963.517948474115	0.03531610000004548	epochs	3.0
963.553264574115	0.0697819999999183	epochs	2.0
963.553264574115	0.03503119999993487	epochs	3.0
963.588295774115	0.03475079999998343	epochs	3.0
963.6230465741149	0.06867859999999837	epochs	2.0
963.6230465741149	0.03447510000000875	epochs	3.0
963.657521674115	0.03420349999998962	epochs	3.0
963.6917251741149	0.06760930000007193	epochs	2.0
963.6917251741149	0.03393620000008468	epochs	3.0
963.725661374115	0.033673099999987244	epochs	3.0
963.759334474115	0.06657289999998284	epochs	2.0
963.759334474115	0.03341399999999339	epochs	3.0
963.792748474115	0.033158899999989444	epochs	3.0
963.825907374115	0.06556780000005347	epochs	2.0
963.825907374115	0.032907700000009754	epochs	3.0
963.858815074115	0.03266010000004371	epochs	3.0
963.891475174115	0.06459259999996902	epochs	2.0
963.891475174115	0.032416399999988244	epochs	3.0
963.923891574115	0.03217619999998078	epochs	3.0
963.956067774115	0.0636459999999488	epochs	2.0
963.956067774115	0.03193959999998697	epochs	3.0
963.988007374115	0.03170639999996183	epochs	3.0
964.019713774115	0.0627266999999847	epochs	2.0
964.019713774115	0.03147660000001906	epochs	3.0
964.051190374115	0.03125009999996564	epochs	3.0
964.082440474115	0.06183359999999993	epochs	2.0
964.082440474115	0.031026900000028945	epochs	3.0
964.113467374115	0.030806699999970988	epochs	3.0
964.144274074115	0.06096560000003137	epochs	2.0
964.144274074115	0.030589800000029754	epochs	3.0
964.174863874115	0.030375800000001618	epochs	3.0
964.205239674115	0.06012160000000222	epochs	2.0
964.205239674115	0.030164900000045236	epochs	3.0
964.235404574115	0.02995669999995698	epochs	3.0
964.265361274115	0.05930069999999432	epochs	2.0
964.265361274115	0.029751600000054168	epochs	3.0
964.295112874115	0.029549099999940154	epochs	3.0
964.324661974115	0.05850180000004457	epochs	2.0
964.324661974115	0.02934940000000097	epochs	3.0
964.354011374115	0.0291524000000436	epochs	3.0
964.383163774115	0.05772419999993872	epochs	2.0
964.383163774115	0.028957999999988715	epochs	3.0
964.412121774115	0.028766199999950004	epochs	3.0
964.440887974115	0.05696710000006533	epochs	2.0
964.440887974115	0.028577000000041153	epochs	3.0
964.469464974115	0.028390100000024177	epochs	3.0
964.497855074115	0.05622949999997218	epochs	2.0
964.497855074115	0.028205699999944045	epochs	3.0
964.526060774115	0.028023800000028132	epochs	3.0
964.554084574115	0.05551070000001346	epochs	2.0
964.554084574115	0.027843999999959124	epochs	3.0
964.581928574115	0.027666700000054334	epochs	3.0
964.609595274115	0.054810200000019904	epochs	2.0
964.609595274115	0.02749149999999645	epochs	3.0
964.637086774115	0.027318700000023455	epochs	3.0
964.664405474115	0.05412699999999404	epochs	2.0
964.664405474115	0.027147799999966082	epochs	3.0
964.691553274115	0.02697920000002796	epochs	3.0
964.718532474115	0.053460699999959616	epochs	2.0
964.718532474115	0.0268125999999711	epochs	3.0
964.745345074115	0.026648099999988517	epochs	3.0
964.771993174115	0.05281070000000909	epochs	2.0
964.771993174115	0.026485600000000886	epochs	3.0
964.798478774115	0.026325100000008206	epochs	3.0
964.824803874115	0.05217619999996259	epochs	2.0
964.824803874115	0.026166399999965506	epochs	3.0
964.850970274115	0.026009799999997085	epochs	3.0
964.876980074115	0.051556699999991906	epochs	2.0
964.876980074115	0.025854800000047362	epochs	3.0
964.902834874115	0.025701899999944544	epochs	3.0
964.928536774115	0.050951900000086425	epochs	2.0
964.928536774115	0.02555070000005344	epochs	3.0
964.954087474115	0.025401200000032986	epochs	3.0
964.979488674115	0.05036099999995258	epochs	2.0
964.979488674115	0.025253499999962514	epochs	3.0
965.004742174115	0.02510749999999007	epochs	3.0
965.029849674115	0.049783800000000156	epochs	2.0
965.029849674115	0.02496320000000196	epochs	3.0
965.054812874115	0.024820599999998194	epochs	3.0
965.079633474115	0.049219500000049266	epochs	2.0
965.079633474115	0.024679399999968155	epochs	3.0
965.104312874115	0.02454010000008111	epochs	3.0
965.128852974115	0.048667899999941255	epochs	2.0
965.128852974115	0.02440209999997478	epochs	3.0
965.153255074115	0.024265799999966475	epochs	3.0
965.177520874115	0.04812860000004093	epochs	2.0
965.177520874115	0.024131000000011227	epochs	3.0
965.201651874115	0.023997600000029706	epochs	3.0
965.225649474115	0.04760109999995166	epochs	2.0
965.225649474115	0.023865799999953197	epochs	3.0
965.249515274115	0.02373529999999846	epochs	3.0
965.273250574115	0.047085000000038235	epochs	2.0
965.273250574115	0.023606299999983094	epochs	3.0
965.296856874115	0.02347870000005514	epochs	3.0
965.320335574115	0.046579999999948996	epochs	2.0
965.320335574115	0.02335249999998723	epochs	3.0
965.343688074115	0.023227499999961765	epochs	3.0
965.366915574115	0.046085700000048746	epochs	2.0
965.366915574115	0.023103999999989355	epochs	3.0
965.390019574115	0.02298170000005939	epochs	3.0
965.413001274115	0.045601799999985815	epochs	2.0
965.413001274115	0.022860700000023826	epochs	3.0
965.435861974115	0.02274109999996199	epochs	3.0
965.458603074115	0.04512790000001132	epochs	2.0
965.458603074115	0.022622500000011314	epochs	3.0
965.481225574115	0.02250540000000001	epochs	3.0
965.503730974115	0.044663799999966614	epochs	2.0
965.503730974115	0.02238929999998618	epochs	3.0
965.526120274115	0.022274499999980435	epochs	3.0
965.548394774115	0.04420920000006845	epochs	2.0
965.548394774115	0.022160800000051495	epochs	3.0
965.570555574115	0.022048400000016954	epochs	3.0
965.592603974115	0.04376359999992019	epochs	2.0
965.592603974115	0.02193689999990056	epochs	3.0
965.6145408741149	0.021826700000019628	epochs	3.0
965.636367574115	0.04332710000005591	epochs	2.0
965.636367574115	0.021717599999988124	epochs	3.0
965.658085174115	0.021609500000067783	epochs	3.0
965.679694674115	0.042898999999920306	epochs	2.0
965.679694674115	0.02150249999999687	epochs	3.0
965.701197174115	0.021396499999923435	epochs	3.0
965.7225936741149	0.042479500000013104	epochs	2.0
965.7225936741149	0.02129170000000613	epochs	3.0
965.7438853741149	0.021187800000006973	epochs	3.0
965.765073174115	0.042067900000006375	epochs	2.0
965.765073174115	0.02108490000000529	epochs	3.0
965.786158074115	0.020983000000001084	epochs	3.0
965.807141074115	0.04166440000005878	epochs	2.0
965.807141074115	0.02088220000007368	epochs	3.0
965.828023274115	0.020782199999985096	epochs	3.0
965.848805474115	0.04126850000000104	epochs	2.0
965.848805474115	0.020683299999973315	epochs	3.0
965.869488774115	0.020585200000027726	epochs	3.0
965.890073974115	0.04088000000001557	epochs	2.0
965.890073974115	0.020488099999965925	epochs	3.0
965.910562074115	0.020391900000049645	epochs	3.0
965.930953974115	0.04049879999990935	epochs	2.0
965.930953974115	0.020296599999937825	epochs	3.0
965.951250574115	0.020202199999971526	epochs	3.0
965.9714527741149	0.04012460000001283	epochs	2.0
965.9714527741149	0.02010870000003706	epochs	3.0
965.991561474115	0.020015899999975773	epochs	3.0
966.011577374115	0.03975730000001931	epochs	2.0
966.011577374115	0.019924199999991288	epochs	3.0
966.0315015741149	0.019833100000028026	epochs	3.0
966.051334674115	0.03939669999999751	epochs	2.0
966.051334674115	0.01974300000006224	epochs	3.0
966.071077674115	0.01965369999993527	epochs	3.0
966.090731374115	0.03904239999997117	epochs	2.0
966.090731374115	0.01956510000002254	epochs	3.0
966.110296474115	0.019477299999948627	epochs	3.0
966.1297737741149	0.038694600000098944	epochs	2.0
966.1297737741149	0.019390400000020236	epochs	3.0
966.149164174115	0.01930420000007871	epochs	3.0
966.168468374115	0.03835289999994984	epochs	2.0
966.168468374115	0.019218799999976	epochs	3.0
966.187687174115	0.01913409999997384	epochs	3.0
966.206821274115	0.03801720000001296	epochs	2.0
966.206821274115	0.019050200000037876	epochs	3.0
966.225871474115	0.018966999999975087	epochs	3.0
966.244838474115	0.03768719999993664	epochs	2.0
966.244838474115	0.01888450000001285	epochs	3.0
966.263722974115	0.01880269999992379	epochs	3.0
966.2825256741149	0.0373631000001069	epochs	2.0
966.2825256741149	0.018721700000014607	epochs	3.0
966.301247374115	0.01864140000009229	epochs	3.0
966.319888774115	0.03704429999993408	epochs	2.0
966.319888774115	0.01856159999999818	epochs	3.0
966.338450374115	0.018482699999935903	epochs	3.0
966.356933074115	0.0367310000000316	epochs	2.0
966.356933074115	0.018404300000042895	epochs	3.0
966.375337374115	0.018326699999988705	epochs	3.0
966.393664074115	0.03642289999993409	epochs	2.0
966.393664074115	0.018249599999990096	epochs	3.0
966.411913674115	0.018173299999943993	epochs	3.0
966.4300869741149	0.03612010000006194	epochs	2.0
966.4300869741149	0.0180976000000328	epochs	3.0
966.448184574115	0.01802250000002914	epochs	3.0
966.466207074115	0.03582210000001851	epochs	2.0
966.466207074115	0.017947899999967376	epochs	3.0
966.484154974115	0.017874200000051133	epochs	3.0
966.502029174115	0.03552899999999681	epochs	2.0
966.502029174115	0.017800799999918127	epochs	3.0
966.5198299741149	0.017728200000078687	epochs	3.0
966.537558174115	0.035240699999917524	epochs	2.0
966.537558174115	0.017656099999953767	epochs	3.0
966.555214274115	0.017584599999963757	epochs	3.0
966.5727988741149	0.034957100000042374	epochs	2.0
966.5727988741149	0.01751369999999497	epochs	3.0
966.5903125741149	0.017443400000047404	epochs	3.0
966.607755974115	0.03467790000001969	epochs	2.0
966.607755974115	0.017373600000041733	epochs	3.0
966.625129574115	0.017304299999977957	epochs	3.0
966.642433874115	0.03440330000000813	epochs	2.0
966.642433874115	0.01723570000001473	epochs	3.0
966.659669574115	0.0171675999999934	epochs	3.0
966.676837174115	0.03413279999995211	epochs	2.0
966.676837174115	0.01709989999994832	epochs	3.0
966.693937074115	0.017032900000003792	epochs	3.0
966.710969974115	0.033866699999975935	epochs	2.0
966.710969974115	0.01696640000000116	epochs	3.0
966.727936374115	0.016900299999974777	epochs	3.0
966.7448366741149	0.033604600000103346	epochs	2.0
966.7448366741149	0.016834800000083305	epochs	3.0
966.761671474115	0.01676980000002004	epochs	3.0
966.778441274115	0.033346599999958926	epochs	2.0
966.778441274115	0.01670529999989867	epochs	3.0
966.7951465741149	0.016641300000060255	epochs	3.0
966.811787874115	0.03309249999995245	epochs	2.0
966.811787874115	0.016577800000050047	epochs	3.0
966.828365674115	0.016514699999902405	epochs	3.0
966.844880374115	0.032842300000083924	epochs	2.0
966.844880374115	0.01645220000000336	epochs	3.0
966.861332574115	0.016390100000080565	epochs	3.0
966.877722674115	0.03259570000000167	epochs	2.0
966.877722674115	0.01632839999990665	epochs	3.0
966.8940510741149	0.01626730000009502	epochs	3.0
966.910318374115	0.032352899999978035	epochs	2.0
966.910318374115	0.01620659999991858	epochs	3.0
966.926524974115	0.016146300000059455	epochs	3.0
966.942671274115	0.03211369999996805	epochs	2.0
966.942671274115	0.016086599999994178	epochs	3.0
966.958757874115	0.01602709999997387	epochs	3.0
966.974784974115	0.03187800000000607	epochs	2.0
966.974784974115	0.015968199999974786	epochs	3.0
966.990753174115	0.015909800000031282	epochs	3.0
967.006662974115	0.031645700000012766	epochs	2.0
967.006662974115	0.01585160000001906	epochs	3.0
967.022514574115	0.015794099999993705	epochs	3.0
967.038308674115	0.0314167000000225	epochs	2.0
967.038308674115	0.015736700000047676	epochs	3.0
967.054045374115	0.015679999999974825	epochs	3.0
967.069725374115	0.031191100000000915	epochs	2.0
967.069725374115	0.015623599999912585	epochs	3.0
967.0853489741149	0.01556750000008833	epochs	3.0
967.100916474115	0.030968700000016725	epochs	2.0
967.100916474115	0.015511999999944237	epochs	3.0
967.116428474115	0.015456700000072487	epochs	3.0
967.131885174115	0.030749499999956242	epochs	2.0
967.131885174115	0.015401999999994587	epochs	3.0
967.147287174115	0.015347499999961656	epochs	3.0
967.162634674115	0.03053320000003623	epochs	2.0
967.162634674115	0.015293400000018664	epochs	3.0
967.177928074115	0.015239800000017567	epochs	3.0
967.193167874115	0.030320099999926242	epochs	2.0
967.193167874115	0.015186499999913394	epochs	3.0
967.208354374115	0.015133600000012848	epochs	3.0
967.223487974115	0.03010990000007041	epochs	2.0
967.223487974115	0.015081000000009226	epochs	3.0
967.238568974115	0.015028900000061185	epochs	3.0
967.253597874115	0.029902499999934662	epochs	2.0
967.253597874115	0.01497699999993074	epochs	3.0
967.268574874115	0.014925500000003922	epochs	3.0
967.283500374115	0.029698100000018712	epochs	2.0
967.283500374115	0.014874400000053356	epochs	3.0
967.298374774115	0.014823699999965356	epochs	3.0
967.313198474115	0.02949630000000525	epochs	2.0
967.313198474115	0.014773200000036013	epochs	3.0
967.327971674115	0.014723099999969236	epochs	3.0
967.342694774115	0.02929740000001857	epochs	2.0
967.342694774115	0.014673399999992398	epochs	3.0
967.357368174115	0.014624000000026172	epochs	3.0
967.371992174115	0.029101099999934377	epochs	2.0
967.371992174115	0.01457489999995687	epochs	3.0
967.386567074115	0.014526199999977507	epochs	3.0
967.4010932741149	0.02890740000009373	epochs	2.0
967.4010932741149	0.014477700000043114	epochs	3.0
967.415570974115	0.014429700000050616	epochs	3.0
967.430000674115	0.028716199999962555	epochs	2.0
967.430000674115	0.014381799999910072	epochs	3.0
967.444382474115	0.014334400000052483	epochs	3.0
967.458716874115	0.02852759999996124	epochs	2.0
967.458716874115	0.01428720000001249	epochs	3.0
967.473004074115	0.01424039999994875	epochs	3.0
967.487244474115	0.028341400000044814	epochs	2.0
967.487244474115	0.014193800000043666	epochs	3.0
967.501438274115	0.014147600000001148	epochs	3.0
967.515585874115	0.028157699999951546	epochs	2.0
967.515585874115	0.014101699999969242	epochs	3.0
967.529687574115	0.014055999999982305	epochs	3.0
967.543743574115	0.027976299999977527	epochs	2.0
967.543743574115	0.01401060000000598	epochs	3.0
967.557754174115	0.013965699999971548	epochs	3.0
967.5717198741149	0.02779720000000907	epochs	2.0
967.5717198741149	0.013920800000050804	epochs	3.0
967.585640674115	0.013876399999958267	epochs	3.0
967.5995170741149	0.027620400000046175	epochs	2.0
967.5995170741149	0.013832200000024386	epochs	3.0
967.613349274115	0.013788200000021789	epochs	3.0
967.627137474115	0.027445899999975154	epochs	2.0
967.627137474115	0.013744599999995444	epochs	3.0
967.640882074115	0.01370129999997971	epochs	3.0
967.654583374115	0.027273499999978412	epochs	2.0
967.654583374115	0.013658200000008947	epochs	3.0
967.668241574115	0.013615299999969466	epochs	3.0
967.6818568741149	0.02710340000010092	epochs	2.0
967.6818568741149	0.013572800000019924	epochs	3.0
967.695429674115	0.013530600000080995	epochs	3.0
967.708960274115	0.026935199999911674	epochs	2.0
967.708960274115	0.01348839999991469	epochs	3.0
967.722448674115	0.013446799999996983	epochs	3.0
967.735895474115	0.026769199999989723	epochs	2.0
967.735895474115	0.013405200000079276	epochs	3.0
967.749300674115	0.013363999999910448	epochs	3.0
967.762664674115	0.026605200000062723	epochs	2.0
967.762664674115	0.013322900000048321	epochs	3.0
967.775987574115	0.013282300000014402	epochs	3.0
967.789269874115	0.026443200000016986	epochs	2.0
967.789269874115	0.013241699999980483	epochs	3.0
967.802511574115	0.013201500000036503	epochs	3.0
967.815713074115	0.0262831999999662	epochs	2.0
967.815713074115	0.01316149999991012	epochs	3.0
967.8288745741149	0.01312170000005608	epochs	3.0
967.841996274115	0.02612499999997908	epochs	2.0
967.841996274115	0.013082100000019636	epochs	3.0
967.855078374115	0.013042899999959445	epochs	3.0
967.868121274115	0.025968900000066242	epochs	2.0
967.868121274115	0.01300390000005791	epochs	3.0
967.881125174115	0.012965000000008331	epochs	3.0
967.894090174115	0.025814499999910367	epochs	2.0
967.894090174115	0.012926399999969362	epochs	3.0
967.907016574115	0.012888099999941005	epochs	3.0
967.919904674115	0.025661900000045534	epochs	2.0
967.919904674115	0.012849899999991976	epochs	3.0
967.9327545741149	0.012812000000053558	epochs	3.0
967.945566574115	0.025511199999982637	epochs	2.0
967.945566574115	0.012774400000012065	epochs	3.0
967.958340974115	0.012736799999970572	epochs	3.0
967.971077774115	0.025362299999983406	epochs	2.0
967.971077774115	0.01269969999998466	epochs	3.0
967.983777474115	0.012662599999998747	epochs	3.0
967.996440074115	0.025215000000002874	epochs	2.0
967.996440074115	0.012625800000023446	epochs	3.0
968.009065874115	0.012589199999979428	epochs	3.0
968.021655074115	0.024584800000070572	epochs	2.0
968.045707274115	0.5	epochs	-1.0
968.046239874115	0.5351200000000063	epochs	1.0
968.581359874115	0.46479999999996835	epochs	0.0
969.4979996681213	0.06424000000004071	epochs	0.0
969.4979996681213	0.027122100000042337	epochs	1.0
969.5251217681214	0.009995799999956034	epochs	1.0
969.5351175681213	0.027122100000042337	epochs	1.0
969.5622396681214	2.0	epochs	0.0
971.5622396681214	21.51511999999991	epochs	0.0
971.5622396681214	1.0	epochs	1.0
971.5622670681213	0.5	epochs	-1.0
972.0622670681213	19.99944000000005	epochs	-1.0
972.5622396681214	20.0	epochs	1.0
972.5622396681214	4.356753899999944	epochs	-1.0
972.5622396681214	1.9745871999999736	epochs	2.0
972.5622396681214	1.0985621999999466	epochs	3.0
973.6608018681213	0.8760250000000269	epochs	3.0
974.5368268681214	1.3524075000000266	epochs	2.0
974.5368268681214	0.7286354999999958	epochs	3.0
975.2654623681213	0.6237720000000309	epochs	3.0
975.8892343681214	1.029759199999944	epochs	2.0
975.8892343681214	0.5453292999999348	epochs	3.0
976.4345636681213	0.4844299000000092	epochs	3.0
976.9189935681213	0.8317862000000105	epochs	2.0
976.9189935681213	0.4357763000000432	epochs	3.0
977.3547698681214	0.3960098999999673	epochs	3.0
977.7507797681213	0.6977970000000369	epochs	2.0
977.7507797681213	0.3628982000000178	epochs	3.0
978.1136779681214	0.33489880000001904	epochs	3.0
978.4485767681214	0.601045699999986	epochs	2.0
978.4485767681214	0.3109122999999272	epochs	3.0
978.7594890681213	0.2901334000000588	epochs	3.0
979.0496224681214	0.5278859000000011	epochs	2.0
979.0496224681214	0.2719585999999481	epochs	3.0
979.3215810681213	0.25592730000005304	epochs	3.0
979.5775083681214	0.470619299999953	epochs	2.0
979.5775083681214	0.241681299999982	epochs	3.0
979.8191896681213	0.228937999999971	epochs	3.0
980.0481276681213	0.42457039999999324	epochs	2.0
980.0481276681213	0.21747140000002219	epochs	3.0
980.2655990681213	0.20709899999997106	epochs	3.0
980.4726980681213	0.3867354000000205	epochs	2.0
980.4726980681213	0.19767109999997956	epochs	3.0
980.6703691681213	0.18906430000004093	epochs	3.0
980.8594334681213	0.3550953000000163	epochs	2.0
980.8594334681213	0.18117589999997108	epochs	3.0
981.0406093681213	0.17391940000004524	epochs	3.0
981.2145287681213	0.3282431000000088	epochs	2.0
981.2145287681213	0.16722189999995862	epochs	3.0
981.3817506681213	0.16102120000005016	epochs	3.0
981.5427718681213	0.30516799999998057	epochs	2.0
981.5427718681213	0.15526390000002266	epochs	3.0
981.6980357681214	0.1499040999999579	epochs	3.0
981.8479398681213	0.28512530000000424	epochs	2.0
981.8479398681213	0.1449020999999675	epochs	3.0
981.9928419681213	0.14022320000003674	epochs	3.0
982.1330651681213	0.2675537999999733	epochs	2.0
982.1330651681213	0.1358368999999584	epochs	3.0
982.2689020681213	0.1317169000000149	epochs	3.0
982.4006189681213	0.2520229000000427	epochs	2.0
982.4006189681213	0.1278393000000051	epochs	3.0
982.5284582681213	0.12418360000003759	epochs	3.0
982.6526418681213	0.23819649999995818	epochs	2.0
982.6526418681213	0.12073109999994358	epochs	3.0
982.7733729681213	0.1174654000000146	epochs	3.0
982.8908383681213	0.2258087999999816	epochs	2.0
982.8908383681213	0.11437190000003739	epochs	3.0
983.0052102681213	0.11143689999994422	epochs	3.0
983.1166471681213	0.2146460000000161	epochs	2.0
983.1166471681213	0.10864890000004834	epochs	3.0
983.2252960681213	0.10599709999996776	epochs	3.0
983.3312931681213	0.20453500000007807	epochs	2.0
983.3312931681213	0.10347150000006877	epochs	3.0
983.4347646681214	0.1010635000000093	epochs	3.0
983.5358281681214	0.19533400000000256	epochs	2.0
983.5358281681214	0.09876509999992322	epochs	3.0
983.6345932681213	0.09656890000007934	epochs	3.0
983.7311621681214	0.18692529999998442	epochs	2.0
983.7311621681214	0.09446829999990314	epochs	3.0
983.8256304681213	0.09245700000008128	epochs	3.0
983.9180874681214	0.17921069999999872	epochs	2.0
983.9180874681214	0.09052959999996801	epochs	3.0
984.0086170681213	0.08868110000003071	epochs	3.0
984.0972981681214	0.17210769999996955	epochs	2.0
984.0972981681214	0.08690630000000965	epochs	3.0
984.1842044681214	0.0852013999999599	epochs	3.0
984.2694058681213	0.16554640000003928	epochs	2.0
984.2694058681213	0.08356189999994967	epochs	3.0
984.3529677681213	0.08198450000008961	epochs	3.0
984.4349522681214	0.15946709999991526	epochs	2.0
984.4349522681214	0.08046539999998004	epochs	3.0
984.5154176681214	0.07900169999993523	epochs	3.0
984.5944193681213	0.15381840000009106	epochs	2.0
984.5944193681213	0.07759010000006583	epochs	3.0
984.6720094681214	0.07622830000002523	epochs	3.0
984.7482377681214	0.14855639999996129	epochs	2.0
984.7482377681214	0.07491329999993468	epochs	3.0
984.8231510681213	0.0736431000000266	epochs	3.0
984.8967941681213	0.14364239999997608	epochs	2.0
984.8967941681213	0.07241499999997814	epochs	3.0
984.9692091681213	0.07122739999999794	epochs	3.0
985.0404365681213	0.13904309999998077	epochs	2.0
985.0404365681213	0.07007799999996678	epochs	3.0
985.1105145681213	0.06896510000001399	epochs	3.0
985.1794796681213	0.1347293000000036	epochs	2.0
985.1794796681213	0.0678871000000072	epochs	3.0
985.2473667681213	0.06684219999999641	epochs	3.0
985.3142089681213	0.1306752000000415	epochs	2.0
985.3142089681213	0.06582910000008724	epochs	3.0
985.3800380681214	0.06484609999995428	epochs	3.0
985.4448841681213	0.12685780000003888	epochs	2.0
985.4448841681213	0.06389200000000983	epochs	3.0
985.5087761681214	0.06296580000002905	epochs	3.0
985.5717419681214	0.12325719999989815	epochs	2.0
985.5717419681214	0.062065799999913907	epochs	3.0
985.6338077681213	0.06119139999998424	epochs	3.0
985.6949991681213	0.11985540000000583	epochs	2.0
985.6949991681213	0.06034110000007331	epochs	3.0
985.7553402681214	0.05951429999993252	epochs	3.0
985.8148545681213	0.11663620000001629	epochs	2.0
985.8148545681213	0.05870960000004288	epochs	3.0
985.8735641681213	0.057926599999973405	epochs	3.0
985.9314907681213	0.11358560000007856	epochs	2.0
985.9314907681213	0.05716419999998834	epochs	3.0
985.9886549681213	0.056421400000090216	epochs	3.0
986.0450763681214	0.11069049999991876	epochs	2.0
986.0450763681214	0.05569789999992736	epochs	3.0
986.1007742681213	0.0549925999999914	epochs	3.0
986.1557668681213	0.1079391000000669	epochs	2.0
986.1557668681213	0.05430490000003374	epochs	3.0
986.2100717681213	0.05363420000003316	epochs	3.0
986.2637059681214	0.10532149999994544	epochs	2.0
986.2637059681214	0.05297999999993408	epochs	3.0
986.3166859681213	0.052341500000011365	epochs	3.0
986.3690274681213	0.10282760000006874	epochs	2.0
986.3690274681213	0.05171810000001642	epochs	3.0
986.4207455681213	0.05110950000005232	epochs	3.0
986.4718550681214	0.10044909999999163	epochs	2.0
986.4718550681214	0.05051489999993919	epochs	3.0
986.5223699681213	0.04993420000005244	epochs	3.0
986.5723041681214	0.0981782999999723	epochs	2.0
986.5723041681214	0.04936659999998483	epochs	3.0
986.6216707681214	0.04881169999998747	epochs	3.0
986.6704824681213	0.09600779999993847	epochs	2.0
986.6704824681213	0.04826919999993606	epochs	3.0
986.7187516681213	0.04773860000000241	epochs	3.0
986.7664902681213	0.09393120000004274	epochs	2.0
986.7664902681213	0.04721950000009656	epochs	3.0
986.8137097681214	0.04671169999994618	epochs	3.0
986.8604214681213	0.09194260000003851	epochs	2.0
986.8604214681213	0.046214599999984785	epochs	3.0
986.9066360681213	0.045728000000053726	epochs	3.0
986.9523640681214	0.09003629999995155	epochs	2.0
986.9523640681214	0.045251499999949374	epochs	3.0
986.9976155681213	0.04478480000000218	epochs	3.0
987.0424003681213	0.08820760000003247	epochs	2.0
987.0424003681213	0.044327800000019124	epochs	3.0
987.0867281681213	0.04387980000001335	epochs	3.0
987.1306079681214	0.0864516999999978	epochs	2.0
987.1306079681214	0.04344100000002982	epochs	3.0
987.1740489681214	0.04301069999996798	epochs	3.0
987.2170596681214	0.08476429999996071	epochs	2.0
987.2170596681214	0.04258900000002086	epochs	3.0
987.2596486681214	0.04217529999993985	epochs	3.0
987.3018239681213	0.08314150000001064	epochs	2.0
987.3018239681213	0.04176970000003166	epochs	3.0
987.3435936681213	0.041371799999978975	epochs	3.0
987.3849654681213	0.08157970000002024	epochs	2.0
987.3849654681213	0.040981399999964196	epochs	3.0
987.4259468681213	0.04059830000005604	epochs	3.0
987.4665451681213	0.08007550000002084	epochs	2.0
987.4665451681213	0.04022229999998217	epochs	3.0
987.5067674681213	0.03985320000003867	epochs	3.0
987.5466206681214	0.07862569999997504	epochs	2.0
987.5466206681214	0.0394907999999532	epochs	3.0
987.5861114681213	0.039134900000021844	epochs	3.0
987.6252463681213	0.07722760000001472	epochs	2.0
987.6252463681213	0.038785400000051595	epochs	3.0
987.6640317681214	0.03844219999996312	epochs	3.0
987.7024739681214	0.07587820000003376	epochs	2.0
987.7024739681214	0.038104800000041905	epochs	3.0
987.7405787681214	0.03777339999999185	epochs	3.0
987.7783521681214	0.07457519999991291	epochs	2.0
987.7783521681214	0.03744769999991604	epochs	3.0
987.8157998681213	0.03712749999999687	epochs	3.0
987.8529273681213	0.07331629999998768	epochs	2.0
987.8529273681213	0.0368129000000863	epochs	3.0
987.8897402681214	0.036503399999901376	epochs	3.0
987.9262436681213	0.07209900000009384	epochs	2.0
987.9262436681213	0.03619910000008986	epochs	3.0
987.9624427681214	0.03589990000000398	epochs	3.0
987.9983426681214	0.07092169999998532	epochs	2.0
987.9983426681214	0.03560559999993984	epochs	3.0
988.0339482681213	0.03531610000004548	epochs	3.0
988.0692643681214	0.0697819999999183	epochs	2.0
988.0692643681214	0.03503119999993487	epochs	3.0
988.1042955681213	0.03475079999998343	epochs	3.0
988.1390463681213	0.06867859999999837	epochs	2.0
988.1390463681213	0.03447510000000875	epochs	3.0
988.1735214681213	0.03420349999998962	epochs	3.0
988.2077249681213	0.06760930000007193	epochs	2.0
988.2077249681213	0.03393620000008468	epochs	3.0
988.2416611681214	0.033673099999987244	epochs	3.0
988.2753342681214	0.06657289999998284	epochs	2.0
988.2753342681214	0.03341399999999339	epochs	3.0
988.3087482681213	0.033158899999989444	epochs	3.0
988.3419071681213	0.06556780000005347	epochs	2.0
988.3419071681213	0.032907700000009754	epochs	3.0
988.3748148681213	0.03266010000004371	epochs	3.0
988.4074749681214	0.06459259999996902	epochs	2.0
988.4074749681214	0.032416399999988244	epochs	3.0
988.4398913681214	0.03217619999998078	epochs	3.0
988.4720675681214	0.0636459999999488	epochs	2.0
988.4720675681214	0.03193959999998697	epochs	3.0
988.5040071681213	0.03170639999996183	epochs	3.0
988.5357135681213	0.0627266999999847	epochs	2.0
988.5357135681213	0.03147660000001906	epochs	3.0
988.5671901681213	0.03125009999996564	epochs	3.0
988.5984402681213	0.06183359999999993	epochs	2.0
988.5984402681213	0.031026900000028945	epochs	3.0
988.6294671681213	0.030806699999970988	epochs	3.0
988.6602738681213	0.06096560000003137	epochs	2.0
988.6602738681213	0.030589800000029754	epochs	3.0
988.6908636681213	0.030375800000001618	epochs	3.0
988.7212394681213	0.06012160000000222	epochs	2.0
988.7212394681213	0.030164900000045236	epochs	3.0
988.7514043681214	0.02995669999995698	epochs	3.0
988.7813610681213	0.05930069999999432	epochs	2.0
988.7813610681213	0.029751600000054168	epochs	3.0
988.8111126681214	0.029549099999940154	epochs	3.0
988.8406617681213	0.05850180000004457	epochs	2.0
988.8406617681213	0.02934940000000097	epochs	3.0
988.8700111681213	0.0291524000000436	epochs	3.0
988.8991635681214	0.05772419999993872	epochs	2.0
988.8991635681214	0.028957999999988715	epochs	3.0
988.9281215681214	0.028766199999950004	epochs	3.0
988.9568877681213	0.05696710000006533	epochs	2.0
988.9568877681213	0.028577000000041153	epochs	3.0
988.9854647681213	0.028390100000024177	epochs	3.0
989.0138548681214	0.05622949999997218	epochs	2.0
989.0138548681214	0.028205699999944045	epochs	3.0
989.0420605681213	0.028023800000028132	epochs	3.0
989.0700843681213	0.05551070000001346	epochs	2.0
989.0700843681213	0.027843999999959124	epochs	3.0
989.0979283681213	0.027666700000054334	epochs	3.0
989.1255950681214	0.054810200000019904	epochs	2.0
989.1255950681214	0.02749149999999645	epochs	3.0
989.1530865681214	0.027318700000023455	epochs	3.0
989.1804052681214	0.05412699999999404	epochs	2.0
989.1804052681214	0.027147799999966082	epochs	3.0
989.2075530681213	0.02697920000002796	epochs	3.0
989.2345322681214	0.053460699999959616	epochs	2.0
989.2345322681214	0.0268125999999711	epochs	3.0
989.2613448681213	0.026648099999988517	epochs	3.0
989.2879929681213	0.05281070000000909	epochs	2.0
989.2879929681213	0.026485600000000886	epochs	3.0
989.3144785681213	0.026325100000008206	epochs	3.0
989.3408036681213	0.05217619999996259	epochs	2.0
989.3408036681213	0.026166399999965506	epochs	3.0
989.3669700681213	0.026009799999997085	epochs	3.0
989.3929798681213	0.051556699999991906	epochs	2.0
989.3929798681213	0.025854800000047362	epochs	3.0
989.4188346681213	0.025701899999944544	epochs	3.0
989.4445365681213	0.050951900000086425	epochs	2.0
989.4445365681213	0.02555070000005344	epochs	3.0
989.4700872681213	0.025401200000032986	epochs	3.0
989.4954884681214	0.05036099999995258	epochs	2.0
989.4954884681214	0.025253499999962514	epochs	3.0
989.5207419681213	0.02510749999999007	epochs	3.0
989.5458494681213	0.049783800000000156	epochs	2.0
989.5458494681213	0.02496320000000196	epochs	3.0
989.5708126681213	0.024820599999998194	epochs	3.0
989.5956332681213	0.049219500000049266	epochs	2.0
989.5956332681213	0.024679399999968155	epochs	3.0
989.6203126681213	0.02454010000008111	epochs	3.0
989.6448527681214	0.048667899999941255	epochs	2.0
989.6448527681214	0.02440209999997478	epochs	3.0
989.6692548681214	0.024265799999966475	epochs	3.0
989.6935206681213	0.04812860000004093	epochs	2.0
989.6935206681213	0.024131000000011227	epochs	3.0
989.7176516681213	0.023997600000029706	epochs	3.0
989.7416492681214	0.04760109999995166	epochs	2.0
989.7416492681214	0.023865799999953197	epochs	3.0
989.7655150681213	0.02373529999999846	epochs	3.0
989.7892503681213	0.047085000000038235	epochs	2.0
989.7892503681213	0.023606299999983094	epochs	3.0
989.8128566681213	0.02347870000005514	epochs	3.0
989.8363353681214	0.046579999999948996	epochs	2.0
989.8363353681214	0.02335249999998723	epochs	3.0
989.8596878681213	0.023227499999961765	epochs	3.0
989.8829153681213	0.046085700000048746	epochs	2.0
989.8829153681213	0.023103999999989355	epochs	3.0
989.9060193681213	0.02298170000005939	epochs	3.0
989.9290010681214	0.045601799999985815	epochs	2.0
989.9290010681214	0.022860700000023826	epochs	3.0
989.9518617681214	0.02274109999996199	epochs	3.0
989.9746028681213	0.04512790000001132	epochs	2.0
989.9746028681213	0.022622500000011314	epochs	3.0
989.9972253681213	0.02250540000000001	epochs	3.0
990.0197307681213	0.044663799999966614	epochs	2.0
990.0197307681213	0.02238929999998618	epochs	3.0
990.0421200681213	0.022274499999980435	epochs	3.0
990.0643945681213	0.04420920000006845	epochs	2.0
990.0643945681213	0.022160800000051495	epochs	3.0
990.0865553681214	0.022048400000016954	epochs	3.0
990.1086037681214	0.04376359999992019	epochs	2.0
990.1086037681214	0.02193689999990056	epochs	3.0
990.1305406681213	0.021826700000019628	epochs	3.0
990.1523673681213	0.04332710000005591	epochs	2.0
990.1523673681213	0.021717599999988124	epochs	3.0
990.1740849681213	0.021609500000067783	epochs	3.0
990.1956944681214	0.042898999999920306	epochs	2.0
990.1956944681214	0.02150249999999687	epochs	3.0
990.2171969681214	0.021396499999923435	epochs	3.0
990.2385934681213	0.042479500000013104	epochs	2.0
990.2385934681213	0.02129170000000613	epochs	3.0
990.2598851681213	0.021187800000006973	epochs	3.0
990.2810729681213	0.042067900000006375	epochs	2.0
990.2810729681213	0.02108490000000529	epochs	3.0
990.3021578681213	0.020983000000001084	epochs	3.0
990.3231408681213	0.04166440000005878	epochs	2.0
990.3231408681213	0.02088220000007368	epochs	3.0
990.3440230681214	0.020782199999985096	epochs	3.0
990.3648052681214	0.04126850000000104	epochs	2.0
990.3648052681214	0.020683299999973315	epochs	3.0
990.3854885681213	0.020585200000027726	epochs	3.0
990.4060737681214	0.04088000000001557	epochs	2.0
990.4060737681214	0.020488099999965925	epochs	3.0
990.4265618681213	0.020391900000049645	epochs	3.0
990.4469537681214	0.04049879999990935	epochs	2.0
990.4469537681214	0.020296599999937825	epochs	3.0
990.4672503681213	0.020202199999971526	epochs	3.0
990.4874525681213	0.04012460000001283	epochs	2.0
990.4874525681213	0.02010870000003706	epochs	3.0
990.5075612681213	0.020015899999975773	epochs	3.0
990.5275771681213	0.03975730000001931	epochs	2.0
990.5275771681213	0.019924199999991288	epochs	3.0
990.5475013681213	0.019833100000028026	epochs	3.0
990.5673344681213	0.03939669999999751	epochs	2.0
990.5673344681213	0.01974300000006224	epochs	3.0
990.5870774681214	0.01965369999993527	epochs	3.0
990.6067311681213	0.03904239999997117	epochs	2.0
990.6067311681213	0.01956510000002254	epochs	3.0
990.6262962681213	0.019477299999948627	epochs	3.0
990.6457735681213	0.038694600000098944	epochs	2.0
990.6457735681213	0.019390400000020236	epochs	3.0
990.6651639681213	0.01930420000007871	epochs	3.0
990.6844681681214	0.03835289999994984	epochs	2.0
990.6844681681214	0.019218799999976	epochs	3.0
990.7036869681214	0.01913409999997384	epochs	3.0
990.7228210681213	0.03801720000001296	epochs	2.0
990.7228210681213	0.019050200000037876	epochs	3.0
990.7418712681214	0.018966999999975087	epochs	3.0
990.7608382681213	0.03768719999993664	epochs	2.0
990.7608382681213	0.01888450000001285	epochs	3.0
990.7797227681214	0.01880269999992379	epochs	3.0
990.7985254681213	0.0373631000001069	epochs	2.0
990.7985254681213	0.018721700000014607	epochs	3.0
990.8172471681213	0.01864140000009229	epochs	3.0
990.8358885681214	0.03704429999993408	epochs	2.0
990.8358885681214	0.01856159999999818	epochs	3.0
990.8544501681214	0.018482699999935903	epochs	3.0
990.8729328681213	0.0367310000000316	epochs	2.0
990.8729328681213	0.018404300000042895	epochs	3.0
990.8913371681214	0.018326699999988705	epochs	3.0
990.9096638681214	0.03642289999993409	epochs	2.0
990.9096638681214	0.018249599999990096	epochs	3.0
990.9279134681213	0.018173299999943993	epochs	3.0
990.9460867681213	0.03612010000006194	epochs	2.0
990.9460867681213	0.0180976000000328	epochs	3.0
990.9641843681213	0.01802250000002914	epochs	3.0
990.9822068681214	0.03582210000001851	epochs	2.0
990.9822068681214	0.017947899999967376	epochs	3.0
991.0001547681213	0.017874200000051133	epochs	3.0
991.0180289681214	0.03552899999999681	epochs	2.0
991.0180289681214	0.017800799999918127	epochs	3.0
991.0358297681213	0.017728200000078687	epochs	3.0
991.0535579681214	0.035240699999917524	epochs	2.0
991.0535579681214	0.017656099999953767	epochs	3.0
991.0712140681213	0.017584599999963757	epochs	3.0
991.0887986681213	0.034957100000042374	epochs	2.0
991.0887986681213	0.01751369999999497	epochs	3.0
991.1063123681213	0.017443400000047404	epochs	3.0
991.1237557681213	0.03467790000001969	epochs	2.0
991.1237557681213	0.017373600000041733	epochs	3.0
991.1411293681214	0.017304299999977957	epochs	3.0
991.1584336681213	0.03440330000000813	epochs	2.0
991.1584336681213	0.01723570000001473	epochs	3.0
991.1756693681214	0.0171675999999934	epochs	3.0
991.1928369681214	0.03413279999995211	epochs	2.0
991.1928369681214	0.01709989999994832	epochs	3.0
991.2099368681213	0.017032900000003792	epochs	3.0
991.2269697681213	0.033866699999975935	epochs	2.0
991.2269697681213	0.01696640000000116	epochs	3.0
991.2439361681213	0.016900299999974777	epochs	3.0
991.2608364681213	0.033604600000103346	epochs	2.0
991.2608364681213	0.016834800000083305	epochs	3.0
991.2776712681214	0.01676980000002004	epochs	3.0
991.2944410681214	0.033346599999958926	epochs	2.0
991.2944410681214	0.01670529999989867	epochs	3.0
991.3111463681213	0.016641300000060255	epochs	3.0
991.3277876681213	0.03309249999995245	epochs	2.0
991.3277876681213	0.016577800000050047	epochs	3.0
991.3443654681214	0.016514699999902405	epochs	3.0
991.3608801681213	0.032842300000083924	epochs	2.0
991.3608801681213	0.01645220000000336	epochs	3.0
991.3773323681213	0.016390100000080565	epochs	3.0
991.3937224681214	0.03259570000000167	epochs	2.0
991.3937224681214	0.01632839999990665	epochs	3.0
991.4100508681213	0.01626730000009502	epochs	3.0
991.4263181681214	0.032352899999978035	epochs	2.0
991.4263181681214	0.01620659999991858	epochs	3.0
991.4425247681213	0.016146300000059455	epochs	3.0
991.4586710681214	0.03211369999996805	epochs	2.0
991.4586710681214	0.016086599999994178	epochs	3.0
991.4747576681214	0.01602709999997387	epochs	3.0
991.4907847681213	0.03187800000000607	epochs	2.0
991.4907847681213	0.015968199999974786	epochs	3.0
991.5067529681213	0.015909800000031282	epochs	3.0
991.5226627681213	0.031645700000012766	epochs	2.0
991.5226627681213	0.01585160000001906	epochs	3.0
991.5385143681214	0.015794099999993705	epochs	3.0
991.5543084681213	0.0314167000000225	epochs	2.0
991.5543084681213	0.015736700000047676	epochs	3.0
991.5700451681214	0.015679999999974825	epochs	3.0
991.5857251681214	0.031191100000000915	epochs	2.0
991.5857251681214	0.015623599999912585	epochs	3.0
991.6013487681213	0.01556750000008833	epochs	3.0
991.6169162681214	0.030968700000016725	epochs	2.0
991.6169162681214	0.015511999999944237	epochs	3.0
991.6324282681213	0.015456700000072487	epochs	3.0
991.6478849681214	0.030749499999956242	epochs	2.0
991.6478849681214	0.015401999999994587	epochs	3.0
991.6632869681214	0.015347499999961656	epochs	3.0
991.6786344681213	0.03053320000003623	epochs	2.0
991.6786344681213	0.015293400000018664	epochs	3.0
991.6939278681214	0.015239800000017567	epochs	3.0
991.7091676681214	0.030320099999926242	epochs	2.0
991.7091676681214	0.015186499999913394	epochs	3.0
991.7243541681213	0.015133600000012848	epochs	3.0
991.7394877681213	0.03010990000007041	epochs	2.0
991.7394877681213	0.015081000000009226	epochs	3.0
991.7545687681213	0.015028900000061185	epochs	3.0
991.7695976681214	0.029902499999934662	epochs	2.0
991.7695976681214	0.01497699999993074	epochs	3.0
991.7845746681213	0.014925500000003922	epochs	3.0
991.7995001681213	0.029698100000018712	epochs	2.0
991.7995001681213	0.014874400000053356	epochs	3.0
991.8143745681214	0.014823699999965356	epochs	3.0
991.8291982681213	0.02949630000000525	epochs	2.0
991.8291982681213	0.014773200000036013	epochs	3.0
991.8439714681214	0.014723099999969236	epochs	3.0
991.8586945681213	0.02929740000001857	epochs	2.0
991.8586945681213	0.014673399999992398	epochs	3.0
991.8733679681213	0.014624000000026172	epochs	3.0
991.8879919681214	0.029101099999934377	epochs	2.0
991.8879919681214	0.01457489999995687	epochs	3.0
991.9025668681213	0.014526199999977507	epochs	3.0
991.9170930681213	0.02890740000009373	epochs	2.0
991.9170930681213	0.014477700000043114	epochs	3.0
991.9315707681213	0.014429700000050616	epochs	3.0
991.9460004681214	0.028716199999962555	epochs	2.0
991.9460004681214	0.014381799999910072	epochs	3.0
991.9603822681213	0.014334400000052483	epochs	3.0
991.9747166681213	0.02852759999996124	epochs	2.0
991.9747166681213	0.01428720000001249	epochs	3.0
991.9890038681214	0.01424039999994875	epochs	3.0
992.0032442681213	0.028341400000044814	epochs	2.0
992.0032442681213	0.014193800000043666	epochs	3.0
992.0174380681214	0.014147600000001148	epochs	3.0
992.0315856681214	0.028157699999951546	epochs	2.0
992.0315856681214	0.014101699999969242	epochs	3.0
992.0456873681213	0.014055999999982305	epochs	3.0
992.0597433681213	0.027976299999977527	epochs	2.0
992.0597433681213	0.01401060000000598	epochs	3.0
992.0737539681213	0.013965699999971548	epochs	3.0
992.0877196681213	0.02779720000000907	epochs	2.0
992.0877196681213	0.013920800000050804	epochs	3.0
992.1016404681213	0.013876399999958267	epochs	3.0
992.1155168681213	0.027620400000046175	epochs	2.0
992.1155168681213	0.013832200000024386	epochs	3.0
992.1293490681213	0.013788200000021789	epochs	3.0
992.1431372681213	0.027445899999975154	epochs	2.0
992.1431372681213	0.013744599999995444	epochs	3.0
992.1568818681213	0.01370129999997971	epochs	3.0
992.1705831681213	0.027273499999978412	epochs	2.0
992.1705831681213	0.013658200000008947	epochs	3.0
992.1842413681213	0.013615299999969466	epochs	3.0
992.1978566681213	0.02710340000010092	epochs	2.0
992.1978566681213	0.013572800000019924	epochs	3.0
992.2114294681213	0.013530600000080995	epochs	3.0
992.2249600681214	0.026935199999911674	epochs	2.0
992.2249600681214	0.01348839999991469	epochs	3.0
992.2384484681213	0.013446799999996983	epochs	3.0
992.2518952681213	0.026769199999989723	epochs	2.0
992.2518952681213	0.013405200000079276	epochs	3.0
992.2653004681214	0.013363999999910448	epochs	3.0
992.2786644681213	0.026605200000062723	epochs	2.0
992.2786644681213	0.013322900000048321	epochs	3.0
992.2919873681213	0.013282300000014402	epochs	3.0
992.3052696681214	0.026443200000016986	epochs	2.0
992.3052696681214	0.013241699999980483	epochs	3.0
992.3185113681213	0.013201500000036503	epochs	3.0
992.3317128681214	0.0262831999999662	epochs	2.0
992.3317128681214	0.01316149999991012	epochs	3.0
992.3448743681213	0.01312170000005608	epochs	3.0
992.3579960681213	0.02612499999997908	epochs	2.0
992.3579960681213	0.013082100000019636	epochs	3.0
992.3710781681214	0.013042899999959445	epochs	3.0
992.3841210681213	0.025968900000066242	epochs	2.0
992.3841210681213	0.01300390000005791	epochs	3.0
992.3971249681214	0.012965000000008331	epochs	3.0
992.4100899681214	0.025814499999910367	epochs	2.0
992.4100899681214	0.012926399999969362	epochs	3.0
992.4230163681214	0.012888099999941005	epochs	3.0
992.4359044681213	0.025661900000045534	epochs	2.0
992.4359044681213	0.012849899999991976	epochs	3.0
992.4487543681213	0.012812000000053558	epochs	3.0
992.4615663681213	0.025511199999982637	epochs	2.0
992.4615663681213	0.012774400000012065	epochs	3.0
992.4743407681214	0.012736799999970572	epochs	3.0
992.4870775681213	0.025362299999983406	epochs	2.0
992.4870775681213	0.01269969999998466	epochs	3.0
992.4997772681213	0.012662599999998747	epochs	3.0
992.5124398681213	0.025215000000002874	epochs	2.0
992.5124398681213	0.012625800000023446	epochs	3.0
992.5250656681213	0.012589199999979428	epochs	3.0
992.5376548681213	0.024584800000070572	epochs	2.0
992.5617070681213	0.5	epochs	-1.0
992.5622396681214	0.5151199999999108	epochs	1.0
993.0773596681213	0.48480000000006385	epochs	0.0
994.0349998474121	0.06424000000004071	epochs	0.0
994.0349998474121	0.027122100000042337	epochs	1.0
994.0621219474122	0.009995799999956034	epochs	1.0
994.0721177474121	0.027122100000042337	epochs	1.0
994.0992398474122	2.0	epochs	0.0
996.0992398474122	21.999919999999975	epochs	0.0
996.0992398474122	1.0	epochs	1.0
996.0992672474121	0.5	epochs	-1.0
996.5992672474121	19.99944000000005	epochs	-1.0
997.0992398474122	20.0	epochs	1.0
997.0992398474122	4.356753899999944	epochs	-1.0
997.0992398474122	1.9745871999999736	epochs	2.0
997.0992398474122	1.0985621999999466	epochs	3.0
998.1978020474121	0.8760250000000269	epochs	3.0
999.0738270474121	1.3524075000000266	epochs	2.0
999.0738270474121	0.7286354999999958	epochs	3.0
999.8024625474121	0.6237720000000309	epochs	3.0
1000.4262345474122	1.029759199999944	epochs	2.0
1000.4262345474122	0.5453292999999348	epochs	3.0
1000.9715638474121	0.4844299000000092	epochs	3.0
1001.4559937474121	0.8317862000000105	epochs	2.0
1001.4559937474121	0.4357763000000432	epochs	3.0
1001.8917700474121	0.3960098999999673	epochs	3.0
1002.2877799474121	0.6977970000000369	epochs	2.0
1002.2877799474121	0.3628982000000178	epochs	3.0
1002.6506781474121	0.33489880000001904	epochs	3.0
1002.9855769474121	0.601045699999986	epochs	2.0
1002.9855769474121	0.3109122999999272	epochs	3.0
1003.2964892474121	0.2901334000000588	epochs	3.0
1003.5866226474121	0.5278859000000011	epochs	2.0
1003.5866226474121	0.2719585999999481	epochs	3.0
1003.8585812474121	0.25592730000005304	epochs	3.0
1004.1145085474121	0.470619299999953	epochs	2.0
1004.1145085474121	0.241681299999982	epochs	3.0
1004.3561898474121	0.228937999999971	epochs	3.0
1004.5851278474121	0.42457039999999324	epochs	2.0
1004.5851278474121	0.21747140000002219	epochs	3.0
1004.8025992474121	0.20709899999997106	epochs	3.0
1005.0096982474121	0.3867354000000205	epochs	2.0
1005.0096982474121	0.19767109999997956	epochs	3.0
1005.207369347412	0.18906430000004093	epochs	3.0
1005.3964336474121	0.3550953000000163	epochs	2.0
1005.3964336474121	0.18117589999997108	epochs	3.0
1005.5776095474121	0.17391940000004524	epochs	3.0
1005.7515289474121	0.3282431000000088	epochs	2.0
1005.7515289474121	0.16722189999995862	epochs	3.0
1005.9187508474121	0.16102120000005016	epochs	3.0
1006.0797720474121	0.30516799999998057	epochs	2.0
1006.0797720474121	0.15526390000002266	epochs	3.0
1006.2350359474121	0.1499040999999579	epochs	3.0
1006.3849400474121	0.28512530000000424	epochs	2.0
1006.3849400474121	0.1449020999999675	epochs	3.0
1006.5298421474121	0.14022320000003674	epochs	3.0
1006.6700653474121	0.2675537999999733	epochs	2.0
1006.6700653474121	0.1358368999999584	epochs	3.0
1006.8059022474121	0.1317169000000149	epochs	3.0
1006.9376191474121	0.2520229000000427	epochs	2.0
1006.9376191474121	0.1278393000000051	epochs	3.0
1007.0654584474121	0.12418360000003759	epochs	3.0
1007.1896420474121	0.23819649999995818	epochs	2.0
1007.1896420474121	0.12073109999994358	epochs	3.0
1007.3103731474121	0.1174654000000146	epochs	3.0
1007.4278385474121	0.2258087999999816	epochs	2.0
1007.4278385474121	0.11437190000003739	epochs	3.0
1007.5422104474121	0.11143689999994422	epochs	3.0
1007.6536473474121	0.2146460000000161	epochs	2.0
1007.6536473474121	0.10864890000004834	epochs	3.0
1007.7622962474121	0.10599709999996776	epochs	3.0
1007.8682933474121	0.20453500000007807	epochs	2.0
1007.8682933474121	0.10347150000006877	epochs	3.0
1007.9717648474121	0.1010635000000093	epochs	3.0
1008.0728283474122	0.19533400000000256	epochs	2.0
1008.0728283474122	0.09876509999992322	epochs	3.0
1008.1715934474121	0.09656890000007934	epochs	3.0
1008.2681623474122	0.18692529999998442	epochs	2.0
1008.2681623474122	0.09446829999990314	epochs	3.0
1008.3626306474121	0.09245700000008128	epochs	3.0
1008.4550876474121	0.17921069999999872	epochs	2.0
1008.4550876474121	0.09052959999996801	epochs	3.0
1008.5456172474121	0.08868110000003071	epochs	3.0
1008.6342983474121	0.17210769999996955	epochs	2.0
1008.6342983474121	0.08690630000000965	epochs	3.0
1008.7212046474122	0.0852013999999599	epochs	3.0
1008.8064060474121	0.16554640000003928	epochs	2.0
1008.8064060474121	0.08356189999994967	epochs	3.0
1008.8899679474121	0.08198450000008961	epochs	3.0
1008.9719524474121	0.15946709999991526	epochs	2.0
1008.9719524474121	0.08046539999998004	epochs	3.0
1009.0524178474121	0.07900169999993523	epochs	3.0
1009.1314195474121	0.15381840000009106	epochs	2.0
1009.1314195474121	0.07759010000006583	epochs	3.0
1009.2090096474121	0.07622830000002523	epochs	3.0
1009.2852379474122	0.14855639999996129	epochs	2.0
1009.2852379474122	0.07491329999993468	epochs	3.0
1009.3601512474121	0.0736431000000266	epochs	3.0
1009.4337943474121	0.14364239999997608	epochs	2.0
1009.4337943474121	0.07241499999997814	epochs	3.0
1009.5062093474121	0.07122739999999794	epochs	3.0
1009.5774367474121	0.13904309999998077	epochs	2.0
1009.5774367474121	0.07007799999996678	epochs	3.0
1009.6475147474121	0.06896510000001399	epochs	3.0
1009.7164798474121	0.1347293000000036	epochs	2.0
1009.7164798474121	0.0678871000000072	epochs	3.0
1009.7843669474121	0.06684219999999641	epochs	3.0
1009.8512091474121	0.1306752000000415	epochs	2.0
1009.8512091474121	0.06582910000008724	epochs	3.0
1009.9170382474122	0.06484609999995428	epochs	3.0
1009.9818843474121	0.12685780000003888	epochs	2.0
1009.9818843474121	0.06389200000000983	epochs	3.0
1010.0457763474121	0.06296580000002905	epochs	3.0
1010.1087421474122	0.12325719999989815	epochs	2.0
1010.1087421474122	0.062065799999913907	epochs	3.0
1010.1708079474121	0.06119139999998424	epochs	3.0
1010.231999347412	0.11985540000000583	epochs	2.0
1010.231999347412	0.06034110000007331	epochs	3.0
1010.2923404474121	0.05951429999993252	epochs	3.0
1010.3518547474121	0.11663620000001629	epochs	2.0
1010.3518547474121	0.05870960000004288	epochs	3.0
1010.4105643474121	0.057926599999973405	epochs	3.0
1010.4684909474121	0.11358560000007856	epochs	2.0
1010.4684909474121	0.05716419999998834	epochs	3.0
1010.5256551474121	0.056421400000090216	epochs	3.0
1010.5820765474122	0.11069049999991876	epochs	2.0
1010.5820765474122	0.05569789999992736	epochs	3.0
1010.6377744474121	0.0549925999999914	epochs	3.0
1010.6927670474121	0.1079391000000669	epochs	2.0
1010.6927670474121	0.05430490000003374	epochs	3.0
1010.7470719474121	0.05363420000003316	epochs	3.0
1010.8007061474121	0.10532149999994544	epochs	2.0
1010.8007061474121	0.05297999999993408	epochs	3.0
1010.8536861474121	0.052341500000011365	epochs	3.0
1010.9060276474121	0.10282760000006874	epochs	2.0
1010.9060276474121	0.05171810000001642	epochs	3.0
1010.9577457474121	0.05110950000005232	epochs	3.0
1011.0088552474122	0.10044909999999163	epochs	2.0
1011.0088552474122	0.05051489999993919	epochs	3.0
1011.0593701474121	0.04993420000005244	epochs	3.0
1011.1093043474121	0.0981782999999723	epochs	2.0
1011.1093043474121	0.04936659999998483	epochs	3.0
1011.1586709474121	0.04881169999998747	epochs	3.0
1011.2074826474121	0.09600779999993847	epochs	2.0
1011.2074826474121	0.04826919999993606	epochs	3.0
1011.2557518474121	0.04773860000000241	epochs	3.0
1011.3034904474121	0.09393120000004274	epochs	2.0
1011.3034904474121	0.04721950000009656	epochs	3.0
1011.3507099474122	0.04671169999994618	epochs	3.0
1011.3974216474121	0.09194260000003851	epochs	2.0
1011.3974216474121	0.046214599999984785	epochs	3.0
1011.4436362474121	0.045728000000053726	epochs	3.0
1011.4893642474121	0.09003629999995155	epochs	2.0
1011.4893642474121	0.045251499999949374	epochs	3.0
1011.5346157474121	0.04478480000000218	epochs	3.0
1011.5794005474121	0.08820760000003247	epochs	2.0
1011.5794005474121	0.044327800000019124	epochs	3.0
1011.6237283474121	0.04387980000001335	epochs	3.0
1011.6676081474121	0.0864516999999978	epochs	2.0
1011.6676081474121	0.04344100000002982	epochs	3.0
1011.7110491474122	0.04301069999996798	epochs	3.0
1011.7540598474121	0.08476429999996071	epochs	2.0
1011.7540598474121	0.04258900000002086	epochs	3.0
1011.7966488474121	0.04217529999993985	epochs	3.0
1011.8388241474121	0.08314150000001064	epochs	2.0
1011.8388241474121	0.04176970000003166	epochs	3.0
1011.8805938474121	0.041371799999978975	epochs	3.0
1011.9219656474121	0.08157970000002024	epochs	2.0
1011.9219656474121	0.040981399999964196	epochs	3.0
1011.9629470474121	0.04059830000005604	epochs	3.0
1012.0035453474121	0.08007550000002084	epochs	2.0
1012.0035453474121	0.04022229999998217	epochs	3.0
1012.0437676474121	0.03985320000003867	epochs	3.0
1012.0836208474121	0.07862569999997504	epochs	2.0
1012.0836208474121	0.0394907999999532	epochs	3.0
1012.1231116474121	0.039134900000021844	epochs	3.0
1012.1622465474121	0.07722760000001472	epochs	2.0
1012.1622465474121	0.038785400000051595	epochs	3.0
1012.2010319474122	0.03844219999996312	epochs	3.0
1012.2394741474121	0.07587820000003376	epochs	2.0
1012.2394741474121	0.038104800000041905	epochs	3.0
1012.2775789474122	0.03777339999999185	epochs	3.0
1012.3153523474122	0.07457519999991291	epochs	2.0
1012.3153523474122	0.03744769999991604	epochs	3.0
1012.3528000474121	0.03712749999999687	epochs	3.0
1012.3899275474121	0.07331629999998768	epochs	2.0
1012.3899275474121	0.0368129000000863	epochs	3.0
1012.4267404474122	0.036503399999901376	epochs	3.0
1012.4632438474121	0.07209900000009384	epochs	2.0
1012.4632438474121	0.03619910000008986	epochs	3.0
1012.4994429474121	0.03589990000000398	epochs	3.0
1012.5353428474122	0.07092169999998532	epochs	2.0
1012.5353428474122	0.03560559999993984	epochs	3.0
1012.5709484474121	0.03531610000004548	epochs	3.0
1012.6062645474121	0.0697819999999183	epochs	2.0
1012.6062645474121	0.03503119999993487	epochs	3.0
1012.6412957474121	0.03475079999998343	epochs	3.0
1012.676046547412	0.06867859999999837	epochs	2.0
1012.676046547412	0.03447510000000875	epochs	3.0
1012.7105216474121	0.03420349999998962	epochs	3.0
1012.744725147412	0.06760930000007193	epochs	2.0
1012.744725147412	0.03393620000008468	epochs	3.0
1012.7786613474121	0.033673099999987244	epochs	3.0
1012.8123344474121	0.06657289999998284	epochs	2.0
1012.8123344474121	0.03341399999999339	epochs	3.0
1012.8457484474121	0.033158899999989444	epochs	3.0
1012.8789073474121	0.06556780000005347	epochs	2.0
1012.8789073474121	0.032907700000009754	epochs	3.0
1012.9118150474121	0.03266010000004371	epochs	3.0
1012.9444751474122	0.06459259999996902	epochs	2.0
1012.9444751474122	0.032416399999988244	epochs	3.0
1012.9768915474122	0.03217619999998078	epochs	3.0
1013.0090677474121	0.0636459999999488	epochs	2.0
1013.0090677474121	0.03193959999998697	epochs	3.0
1013.0410073474121	0.03170639999996183	epochs	3.0
1013.0727137474121	0.0627266999999847	epochs	2.0
1013.0727137474121	0.03147660000001906	epochs	3.0
1013.1041903474121	0.03125009999996564	epochs	3.0
1013.1354404474121	0.06183359999999993	epochs	2.0
1013.1354404474121	0.031026900000028945	epochs	3.0
1013.1664673474121	0.030806699999970988	epochs	3.0
1013.1972740474121	0.06096560000003137	epochs	2.0
1013.1972740474121	0.030589800000029754	epochs	3.0
1013.2278638474121	0.030375800000001618	epochs	3.0
1013.2582396474121	0.06012160000000222	epochs	2.0
1013.2582396474121	0.030164900000045236	epochs	3.0
1013.2884045474121	0.02995669999995698	epochs	3.0
1013.3183612474121	0.05930069999999432	epochs	2.0
1013.3183612474121	0.029751600000054168	epochs	3.0
1013.3481128474122	0.029549099999940154	epochs	3.0
1013.3776619474121	0.05850180000004457	epochs	2.0
1013.3776619474121	0.02934940000000097	epochs	3.0
1013.4070113474121	0.0291524000000436	epochs	3.0
1013.4361637474121	0.05772419999993872	epochs	2.0
1013.4361637474121	0.028957999999988715	epochs	3.0
1013.4651217474121	0.028766199999950004	epochs	3.0
1013.4938879474121	0.05696710000006533	epochs	2.0
1013.4938879474121	0.028577000000041153	epochs	3.0
1013.5224649474121	0.028390100000024177	epochs	3.0
1013.5508550474121	0.05622949999997218	epochs	2.0
1013.5508550474121	0.028205699999944045	epochs	3.0
1013.5790607474121	0.028023800000028132	epochs	3.0
1013.6070845474121	0.05551070000001346	epochs	2.0
1013.6070845474121	0.027843999999959124	epochs	3.0
1013.6349285474121	0.027666700000054334	epochs	3.0
1013.6625952474121	0.054810200000019904	epochs	2.0
1013.6625952474121	0.02749149999999645	epochs	3.0
1013.6900867474121	0.027318700000023455	epochs	3.0
1013.7174054474121	0.05412699999999404	epochs	2.0
1013.7174054474121	0.027147799999966082	epochs	3.0
1013.7445532474121	0.02697920000002796	epochs	3.0
1013.7715324474121	0.053460699999959616	epochs	2.0
1013.7715324474121	0.0268125999999711	epochs	3.0
1013.7983450474121	0.026648099999988517	epochs	3.0
1013.8249931474121	0.05281070000000909	epochs	2.0
1013.8249931474121	0.026485600000000886	epochs	3.0
1013.8514787474121	0.026325100000008206	epochs	3.0
1013.8778038474121	0.05217619999996259	epochs	2.0
1013.8778038474121	0.026166399999965506	epochs	3.0
1013.9039702474121	0.026009799999997085	epochs	3.0
1013.9299800474121	0.051556699999991906	epochs	2.0
1013.9299800474121	0.025854800000047362	epochs	3.0
1013.9558348474121	0.025701899999944544	epochs	3.0
1013.9815367474121	0.050951900000086425	epochs	2.0
1013.9815367474121	0.02555070000005344	epochs	3.0
1014.0070874474121	0.025401200000032986	epochs	3.0
1014.0324886474122	0.05036099999995258	epochs	2.0
1014.0324886474122	0.025253499999962514	epochs	3.0
1014.0577421474121	0.02510749999999007	epochs	3.0
1014.0828496474121	0.049783800000000156	epochs	2.0
1014.0828496474121	0.02496320000000196	epochs	3.0
1014.1078128474121	0.024820599999998194	epochs	3.0
1014.1326334474121	0.049219500000049266	epochs	2.0
1014.1326334474121	0.024679399999968155	epochs	3.0
1014.1573128474121	0.02454010000008111	epochs	3.0
1014.1818529474122	0.048667899999941255	epochs	2.0
1014.1818529474122	0.02440209999997478	epochs	3.0
1014.2062550474121	0.024265799999966475	epochs	3.0
1014.2305208474121	0.04812860000004093	epochs	2.0
1014.2305208474121	0.024131000000011227	epochs	3.0
1014.2546518474121	0.023997600000029706	epochs	3.0
1014.2786494474121	0.04760109999995166	epochs	2.0
1014.2786494474121	0.023865799999953197	epochs	3.0
1014.3025152474121	0.02373529999999846	epochs	3.0
1014.3262505474121	0.047085000000038235	epochs	2.0
1014.3262505474121	0.023606299999983094	epochs	3.0
1014.3498568474121	0.02347870000005514	epochs	3.0
1014.3733355474121	0.046579999999948996	epochs	2.0
1014.3733355474121	0.02335249999998723	epochs	3.0
1014.3966880474121	0.023227499999961765	epochs	3.0
1014.4199155474121	0.046085700000048746	epochs	2.0
1014.4199155474121	0.023103999999989355	epochs	3.0
1014.4430195474121	0.02298170000005939	epochs	3.0
1014.4660012474121	0.045601799999985815	epochs	2.0
1014.4660012474121	0.022860700000023826	epochs	3.0
1014.4888619474121	0.02274109999996199	epochs	3.0
1014.5116030474121	0.04512790000001132	epochs	2.0
1014.5116030474121	0.022622500000011314	epochs	3.0
1014.5342255474121	0.02250540000000001	epochs	3.0
1014.5567309474121	0.044663799999966614	epochs	2.0
1014.5567309474121	0.02238929999998618	epochs	3.0
1014.5791202474121	0.022274499999980435	epochs	3.0
1014.6013947474121	0.04420920000006845	epochs	2.0
1014.6013947474121	0.022160800000051495	epochs	3.0
1014.6235555474121	0.022048400000016954	epochs	3.0
1014.6456039474122	0.04376359999992019	epochs	2.0
1014.6456039474122	0.02193689999990056	epochs	3.0
1014.667540847412	0.021826700000019628	epochs	3.0
1014.6893675474121	0.04332710000005591	epochs	2.0
1014.6893675474121	0.021717599999988124	epochs	3.0
1014.7110851474121	0.021609500000067783	epochs	3.0
1014.7326946474121	0.042898999999920306	epochs	2.0
1014.7326946474121	0.02150249999999687	epochs	3.0
1014.7541971474121	0.021396499999923435	epochs	3.0
1014.775593647412	0.042479500000013104	epochs	2.0
1014.775593647412	0.02129170000000613	epochs	3.0
1014.7968853474121	0.021187800000006973	epochs	3.0
1014.8180731474121	0.042067900000006375	epochs	2.0
1014.8180731474121	0.02108490000000529	epochs	3.0
1014.8391580474121	0.020983000000001084	epochs	3.0
1014.8601410474121	0.04166440000005878	epochs	2.0
1014.8601410474121	0.02088220000007368	epochs	3.0
1014.8810232474121	0.020782199999985096	epochs	3.0
1014.9018054474121	0.04126850000000104	epochs	2.0
1014.9018054474121	0.020683299999973315	epochs	3.0
1014.9224887474121	0.020585200000027726	epochs	3.0
1014.9430739474121	0.04088000000001557	epochs	2.0
1014.9430739474121	0.020488099999965925	epochs	3.0
1014.9635620474121	0.020391900000049645	epochs	3.0
1014.9839539474121	0.04049879999990935	epochs	2.0
1014.9839539474121	0.020296599999937825	epochs	3.0
1015.0042505474121	0.020202199999971526	epochs	3.0
1015.024452747412	0.04012460000001283	epochs	2.0
1015.024452747412	0.02010870000003706	epochs	3.0
1015.0445614474121	0.020015899999975773	epochs	3.0
1015.0645773474121	0.03975730000001931	epochs	2.0
1015.0645773474121	0.019924199999991288	epochs	3.0
1015.0845015474121	0.019833100000028026	epochs	3.0
1015.1043346474121	0.03939669999999751	epochs	2.0
1015.1043346474121	0.01974300000006224	epochs	3.0
1015.1240776474122	0.01965369999993527	epochs	3.0
1015.1437313474121	0.03904239999997117	epochs	2.0
1015.1437313474121	0.01956510000002254	epochs	3.0
1015.1632964474121	0.019477299999948627	epochs	3.0
1015.182773747412	0.038694600000098944	epochs	2.0
1015.182773747412	0.019390400000020236	epochs	3.0
1015.2021641474121	0.01930420000007871	epochs	3.0
1015.2214683474122	0.03835289999994984	epochs	2.0
1015.2214683474122	0.019218799999976	epochs	3.0
1015.2406871474121	0.01913409999997384	epochs	3.0
1015.2598212474121	0.03801720000001296	epochs	2.0
1015.2598212474121	0.019050200000037876	epochs	3.0
1015.2788714474121	0.018966999999975087	epochs	3.0
1015.2978384474121	0.03768719999993664	epochs	2.0
1015.2978384474121	0.01888450000001285	epochs	3.0
1015.3167229474121	0.01880269999992379	epochs	3.0
1015.335525647412	0.0373631000001069	epochs	2.0
1015.335525647412	0.018721700000014607	epochs	3.0
1015.3542473474121	0.01864140000009229	epochs	3.0
1015.3728887474122	0.03704429999993408	epochs	2.0
1015.3728887474122	0.01856159999999818	epochs	3.0
1015.3914503474122	0.018482699999935903	epochs	3.0
1015.4099330474121	0.0367310000000316	epochs	2.0
1015.4099330474121	0.018404300000042895	epochs	3.0
1015.4283373474121	0.018326699999988705	epochs	3.0
1015.4466640474121	0.03642289999993409	epochs	2.0
1015.4466640474121	0.018249599999990096	epochs	3.0
1015.4649136474121	0.018173299999943993	epochs	3.0
1015.4830869474121	0.03612010000006194	epochs	2.0
1015.4830869474121	0.0180976000000328	epochs	3.0
1015.5011845474121	0.01802250000002914	epochs	3.0
1015.5192070474121	0.03582210000001851	epochs	2.0
1015.5192070474121	0.017947899999967376	epochs	3.0
1015.5371549474121	0.017874200000051133	epochs	3.0
1015.5550291474121	0.03552899999999681	epochs	2.0
1015.5550291474121	0.017800799999918127	epochs	3.0
1015.5728299474121	0.017728200000078687	epochs	3.0
1015.5905581474121	0.035240699999917524	epochs	2.0
1015.5905581474121	0.017656099999953767	epochs	3.0
1015.6082142474121	0.017584599999963757	epochs	3.0
1015.625798847412	0.034957100000042374	epochs	2.0
1015.625798847412	0.01751369999999497	epochs	3.0
1015.643312547412	0.017443400000047404	epochs	3.0
1015.6607559474121	0.03467790000001969	epochs	2.0
1015.6607559474121	0.017373600000041733	epochs	3.0
1015.6781295474121	0.017304299999977957	epochs	3.0
1015.6954338474121	0.03440330000000813	epochs	2.0
1015.6954338474121	0.01723570000001473	epochs	3.0
1015.7126695474121	0.0171675999999934	epochs	3.0
1015.7298371474121	0.03413279999995211	epochs	2.0
1015.7298371474121	0.01709989999994832	epochs	3.0
1015.7469370474121	0.017032900000003792	epochs	3.0
1015.7639699474121	0.033866699999975935	epochs	2.0
1015.7639699474121	0.01696640000000116	epochs	3.0
1015.7809363474121	0.016900299999974777	epochs	3.0
1015.797836647412	0.033604600000103346	epochs	2.0
1015.797836647412	0.016834800000083305	epochs	3.0
1015.8146714474121	0.01676980000002004	epochs	3.0
1015.8314412474122	0.033346599999958926	epochs	2.0
1015.8314412474122	0.01670529999989867	epochs	3.0
1015.8481465474121	0.016641300000060255	epochs	3.0
1015.8647878474121	0.03309249999995245	epochs	2.0
1015.8647878474121	0.016577800000050047	epochs	3.0
1015.8813656474122	0.016514699999902405	epochs	3.0
1015.8978803474121	0.032842300000083924	epochs	2.0
1015.8978803474121	0.01645220000000336	epochs	3.0
1015.9143325474121	0.016390100000080565	epochs	3.0
1015.9307226474122	0.03259570000000167	epochs	2.0
1015.9307226474122	0.01632839999990665	epochs	3.0
1015.9470510474121	0.01626730000009502	epochs	3.0
1015.9633183474122	0.032352899999978035	epochs	2.0
1015.9633183474122	0.01620659999991858	epochs	3.0
1015.9795249474121	0.016146300000059455	epochs	3.0
1015.9956712474121	0.03211369999996805	epochs	2.0
1015.9956712474121	0.016086599999994178	epochs	3.0
1016.0117578474121	0.01602709999997387	epochs	3.0
1016.0277849474121	0.03187800000000607	epochs	2.0
1016.0277849474121	0.015968199999974786	epochs	3.0
1016.0437531474121	0.015909800000031282	epochs	3.0
1016.0596629474121	0.031645700000012766	epochs	2.0
1016.0596629474121	0.01585160000001906	epochs	3.0
1016.0755145474121	0.015794099999993705	epochs	3.0
1016.0913086474121	0.0314167000000225	epochs	2.0
1016.0913086474121	0.015736700000047676	epochs	3.0
1016.1070453474122	0.015679999999974825	epochs	3.0
1016.1227253474121	0.031191100000000915	epochs	2.0
1016.1227253474121	0.015623599999912585	epochs	3.0
1016.138348947412	0.01556750000008833	epochs	3.0
1016.1539164474121	0.030968700000016725	epochs	2.0
1016.1539164474121	0.015511999999944237	epochs	3.0
1016.1694284474121	0.015456700000072487	epochs	3.0
1016.1848851474122	0.030749499999956242	epochs	2.0
1016.1848851474122	0.015401999999994587	epochs	3.0
1016.2002871474122	0.015347499999961656	epochs	3.0
1016.2156346474121	0.03053320000003623	epochs	2.0
1016.2156346474121	0.015293400000018664	epochs	3.0
1016.2309280474121	0.015239800000017567	epochs	3.0
1016.2461678474122	0.030320099999926242	epochs	2.0
1016.2461678474122	0.015186499999913394	epochs	3.0
1016.2613543474121	0.015133600000012848	epochs	3.0
1016.2764879474121	0.03010990000007041	epochs	2.0
1016.2764879474121	0.015081000000009226	epochs	3.0
1016.2915689474121	0.015028900000061185	epochs	3.0
1016.3065978474121	0.029902499999934662	epochs	2.0
1016.3065978474121	0.01497699999993074	epochs	3.0
1016.3215748474121	0.014925500000003922	epochs	3.0
1016.3365003474121	0.029698100000018712	epochs	2.0
1016.3365003474121	0.014874400000053356	epochs	3.0
1016.3513747474121	0.014823699999965356	epochs	3.0
1016.3661984474121	0.02949630000000525	epochs	2.0
1016.3661984474121	0.014773200000036013	epochs	3.0
1016.3809716474121	0.014723099999969236	epochs	3.0
1016.3956947474121	0.02929740000001857	epochs	2.0
1016.3956947474121	0.014673399999992398	epochs	3.0
1016.4103681474121	0.014624000000026172	epochs	3.0
1016.4249921474121	0.029101099999934377	epochs	2.0
1016.4249921474121	0.01457489999995687	epochs	3.0
1016.4395670474121	0.014526199999977507	epochs	3.0
1016.4540932474121	0.02890740000009373	epochs	2.0
1016.4540932474121	0.014477700000043114	epochs	3.0
1016.4685709474121	0.014429700000050616	epochs	3.0
1016.4830006474122	0.028716199999962555	epochs	2.0
1016.4830006474122	0.014381799999910072	epochs	3.0
1016.4973824474121	0.014334400000052483	epochs	3.0
1016.5117168474121	0.02852759999996124	epochs	2.0
1016.5117168474121	0.01428720000001249	epochs	3.0
1016.5260040474121	0.01424039999994875	epochs	3.0
1016.5402444474121	0.028341400000044814	epochs	2.0
1016.5402444474121	0.014193800000043666	epochs	3.0
1016.5544382474121	0.014147600000001148	epochs	3.0
1016.5685858474121	0.028157699999951546	epochs	2.0
1016.5685858474121	0.014101699999969242	epochs	3.0
1016.5826875474121	0.014055999999982305	epochs	3.0
1016.5967435474121	0.027976299999977527	epochs	2.0
1016.5967435474121	0.01401060000000598	epochs	3.0
1016.6107541474121	0.013965699999971548	epochs	3.0
1016.624719847412	0.02779720000000907	epochs	2.0
1016.624719847412	0.013920800000050804	epochs	3.0
1016.6386406474121	0.013876399999958267	epochs	3.0
1016.6525170474121	0.027620400000046175	epochs	2.0
1016.6525170474121	0.013832200000024386	epochs	3.0
1016.6663492474121	0.013788200000021789	epochs	3.0
1016.6801374474121	0.027445899999975154	epochs	2.0
1016.6801374474121	0.013744599999995444	epochs	3.0
1016.6938820474121	0.01370129999997971	epochs	3.0
1016.7075833474121	0.027273499999978412	epochs	2.0
1016.7075833474121	0.013658200000008947	epochs	3.0
1016.7212415474121	0.013615299999969466	epochs	3.0
1016.7348568474121	0.02710340000010092	epochs	2.0
1016.7348568474121	0.013572800000019924	epochs	3.0
1016.7484296474121	0.013530600000080995	epochs	3.0
1016.7619602474122	0.026935199999911674	epochs	2.0
1016.7619602474122	0.01348839999991469	epochs	3.0
1016.7754486474121	0.013446799999996983	epochs	3.0
1016.7888954474121	0.026769199999989723	epochs	2.0
1016.7888954474121	0.013405200000079276	epochs	3.0
1016.8023006474122	0.013363999999910448	epochs	3.0
1016.8156646474121	0.026605200000062723	epochs	2.0
1016.8156646474121	0.013322900000048321	epochs	3.0
1016.8289875474121	0.013282300000014402	epochs	3.0
1016.8422698474121	0.026443200000016986	epochs	2.0
1016.8422698474121	0.013241699999980483	epochs	3.0
1016.8555115474121	0.013201500000036503	epochs	3.0
1016.8687130474121	0.0262831999999662	epochs	2.0
1016.8687130474121	0.01316149999991012	epochs	3.0
1016.881874547412	0.01312170000005608	epochs	3.0
1016.8949962474121	0.02612499999997908	epochs	2.0
1016.8949962474121	0.013082100000019636	epochs	3.0
1016.9080783474121	0.013042899999959445	epochs	3.0
1016.9211212474121	0.025968900000066242	epochs	2.0
1016.9211212474121	0.01300390000005791	epochs	3.0
1016.9341251474121	0.012965000000008331	epochs	3.0
1016.9470901474122	0.025814499999910367	epochs	2.0
1016.9470901474122	0.012926399999969362	epochs	3.0
1016.9600165474121	0.012888099999941005	epochs	3.0
1016.9729046474121	0.025661900000045534	epochs	2.0
1016.9729046474121	0.012849899999991976	epochs	3.0
1016.9857545474121	0.012812000000053558	epochs	3.0
1016.9985665474121	0.025511199999982637	epochs	2.0
1016.9985665474121	0.012774400000012065	epochs	3.0
1017.0113409474121	0.012736799999970572	epochs	3.0
1017.0240777474121	0.025362299999983406	epochs	2.0
1017.0240777474121	0.01269969999998466	epochs	3.0
1017.0367774474121	0.012662599999998747	epochs	3.0
1017.0494400474121	0.025215000000002874	epochs	2.0
1017.0494400474121	0.012625800000023446	epochs	3.0
1017.0620658474121	0.012589199999979428	epochs	3.0
1017.0746550474121	0.024584800000070572	epochs	2.0
1017.0987072474121	0.5	epochs	-1.0
1017.0992398474122	0.9999199999999746	epochs	1.0
1017.5987072474121	0.5	epochs	-1.0
1019.2459998130798	0.06424000000004071	epochs	0.0
1019.2459998130798	0.027122100000042337	epochs	1.0
1019.2731219130799	0.009995799999956034	epochs	1.0
1019.2831177130798	0.027122100000042337	epochs	1.0
1019.3102398130799	2.0	epochs	0.0
1021.3102398130799	0.5363199999999324	epochs	0.0
1021.3102398130799	0.5363199999999324	epochs	1.0
1021.3102672130798	0.5	epochs	-1.0
1021.8102672130798	0.03629260000002432	epochs	-1.0
1021.8465598130798	21.46359999999993	epochs	0.0
1023.1779999732971	0.06424000000004071	epochs	0.0
1023.1779999732971	0.027122100000042337	epochs	1.0
1023.2051220732972	0.009995799999956034	epochs	1.0
1023.2151178732971	0.027122100000042337	epochs	1.0
1023.2422399732972	1.9999999999998863	epochs	0.0
1025.242239973297	21.535120000000006	epochs	0.0
1025.242239973297	1.0	epochs	1.0
1025.2422673732972	0.5	epochs	-1.0
1025.7422673732972	19.99944000000005	epochs	-1.0
1026.242239973297	20.0	epochs	1.0
1026.242239973297	4.356753900000058	epochs	-1.0
1026.242239973297	1.9745872000000873	epochs	2.0
1026.242239973297	1.0985622000000603	epochs	3.0
1027.340802173297	0.8760250000000269	epochs	3.0
1028.2168271732971	1.3524075000000266	epochs	2.0
1028.2168271732971	0.7286354999998821	epochs	3.0
1028.945462673297	0.6237720000001445	epochs	3.0
1029.5692346732972	1.029759199999944	epochs	2.0
1029.5692346732972	0.5453293000000485	epochs	3.0
1030.1145639732972	0.4844298999998955	epochs	3.0
1030.598993873297	0.8317862000001242	epochs	2.0
1030.598993873297	0.4357763000000432	epochs	3.0
1031.0347701732971	0.39600990000008096	epochs	3.0
1031.4307800732972	0.6977969999998095	epochs	2.0
1031.4307800732972	0.36289819999979045	epochs	3.0
1031.793678273297	0.33489880000001904	epochs	3.0
1032.128577073297	0.601045699999986	epochs	2.0
1032.128577073297	0.3109123000001546	epochs	3.0
1032.4394893732972	0.29013339999983145	epochs	3.0
1032.729622773297	0.5278859000000011	epochs	2.0
1032.729622773297	0.2719586000000618	epochs	3.0
1033.001581373297	0.25592729999993935	epochs	3.0
1033.257508673297	0.4706193000001804	epochs	2.0
1033.257508673297	0.241681299999982	epochs	3.0
1033.499189973297	0.22893800000019837	epochs	3.0
1033.7281279732972	0.42457039999999324	epochs	2.0
1033.7281279732972	0.21747140000002219	epochs	3.0
1033.9455993732972	0.20709899999997106	epochs	3.0
1034.1526983732972	0.3867353999999068	epochs	2.0
1034.1526983732972	0.19767109999997956	epochs	3.0
1034.3503694732972	0.18906429999992724	epochs	3.0
1034.539433773297	0.35509529999990264	epochs	2.0
1034.539433773297	0.18117589999997108	epochs	3.0
1034.720609673297	0.17391939999993156	epochs	3.0
1034.894529073297	0.3282431000000088	epochs	2.0
1034.894529073297	0.167221900000186	epochs	3.0
1035.0617509732972	0.16102119999982278	epochs	3.0
1035.222772173297	0.30516800000009425	epochs	2.0
1035.222772173297	0.15526390000013635	epochs	3.0
1035.3780360732972	0.1499040999999579	epochs	3.0
1035.527940173297	0.28512530000011793	epochs	2.0
1035.527940173297	0.1449021000000812	epochs	3.0
1035.6728422732972	0.14022320000003674	epochs	3.0
1035.8130654732972	0.2675537999998596	epochs	2.0
1035.8130654732972	0.1358368999999584	epochs	3.0
1035.9489023732972	0.13171689999990122	epochs	3.0
1036.080619273297	0.252022899999929	epochs	2.0
1036.080619273297	0.1278393000000051	epochs	3.0
1036.208458573297	0.1241835999999239	epochs	3.0
1036.332642173297	0.23819650000018555	epochs	2.0
1036.332642173297	0.12073110000005727	epochs	3.0
1036.453373273297	0.11746540000012828	epochs	3.0
1036.5708386732972	0.22580879999986792	epochs	2.0
1036.5708386732972	0.1143718999999237	epochs	3.0
1036.6852105732971	0.11143689999994422	epochs	3.0
1036.796647473297	0.2146460000001298	epochs	2.0
1036.796647473297	0.10864889999993466	epochs	3.0
1036.905296373297	0.10599710000019513	epochs	3.0
1037.0112934732972	0.2045349999998507	epochs	2.0
1037.0112934732972	0.1034714999998414	epochs	3.0
1037.114764973297	0.1010635000000093	epochs	3.0
1037.215828473297	0.19533400000000256	epochs	2.0
1037.215828473297	0.09876510000003691	epochs	3.0
1037.314593573297	0.09656889999996565	epochs	3.0
1037.411162473297	0.18692529999998442	epochs	2.0
1037.411162473297	0.09446830000001682	epochs	3.0
1037.505630773297	0.09245699999996759	epochs	3.0
1037.598087773297	0.1792107000001124	epochs	2.0
1037.598087773297	0.0905296000000817	epochs	3.0
1037.6886173732971	0.08868110000003071	epochs	3.0
1037.7772984732972	0.17210769999996955	epochs	2.0
1037.7772984732972	0.08690630000000965	epochs	3.0
1037.8642047732972	0.0852013999999599	epochs	3.0
1037.9494061732971	0.16554640000003928	epochs	2.0
1037.9494061732971	0.08356189999994967	epochs	3.0
1038.032968073297	0.08198450000008961	epochs	3.0
1038.1149525732972	0.15946710000002895	epochs	2.0
1038.1149525732972	0.08046539999986635	epochs	3.0
1038.195417973297	0.0790017000001626	epochs	3.0
1038.2744196732972	0.1538183999998637	epochs	2.0
1038.2744196732972	0.07759009999995214	epochs	3.0
1038.3520097732971	0.07622829999991154	epochs	3.0
1038.428238073297	0.14855639999996129	epochs	2.0
1038.428238073297	0.07491330000016205	epochs	3.0
1038.5031513732972	0.07364309999979923	epochs	3.0
1038.576794473297	0.14364240000008976	epochs	2.0
1038.576794473297	0.07241500000009182	epochs	3.0
1038.649209473297	0.07122739999999794	epochs	3.0
1038.720436873297	0.13904309999998077	epochs	2.0
1038.720436873297	0.07007799999996678	epochs	3.0
1038.790514873297	0.06896510000001399	epochs	3.0
1038.859479973297	0.1347293000001173	epochs	2.0
1038.859479973297	0.0678871000000072	epochs	3.0
1038.927367073297	0.0668422000001101	epochs	3.0
1038.9942092732972	0.13067519999981414	epochs	2.0
1038.9942092732972	0.06582909999997355	epochs	3.0
1039.0600383732972	0.06484609999984059	epochs	3.0
1039.124884473297	0.12685780000015257	epochs	2.0
1039.124884473297	0.06389200000012352	epochs	3.0
1039.1887764732971	0.06296580000002905	epochs	3.0
1039.2517422732972	0.12325719999989815	epochs	2.0
1039.2517422732972	0.06206580000002759	epochs	3.0
1039.3138080732972	0.061191399999870555	epochs	3.0
1039.374999473297	0.11985540000000583	epochs	2.0
1039.374999473297	0.060341099999959624	epochs	3.0
1039.435340573297	0.059514300000046205	epochs	3.0
1039.494854873297	0.11663620000012997	epochs	2.0
1039.494854873297	0.05870960000015657	epochs	3.0
1039.5535644732972	0.057926599999973405	epochs	3.0
1039.6114910732972	0.11358559999985118	epochs	2.0
1039.6114910732972	0.05716419999998834	epochs	3.0
1039.6686552732972	0.05642139999986284	epochs	3.0
1039.725076673297	0.11069050000014613	epochs	2.0
1039.725076673297	0.055697900000041045	epochs	3.0
1039.780774573297	0.054992600000105085	epochs	3.0
1039.8357671732972	0.10793909999983953	epochs	2.0
1039.8357671732972	0.05430490000003374	epochs	3.0
1039.8900720732972	0.05363419999980579	epochs	3.0
1039.943706273297	0.10532150000017282	epochs	2.0
1039.943706273297	0.052980000000161453	epochs	3.0
1039.9966862732972	0.052341500000011365	epochs	3.0
1040.0490277732972	0.10282759999995505	epochs	2.0
1040.0490277732972	0.05171810000001642	epochs	3.0
1040.1007458732972	0.051109499999938635	epochs	3.0
1040.1518553732972	0.10044909999987794	epochs	2.0
1040.1518553732972	0.050514900000052876	epochs	3.0
1040.2023702732972	0.04993419999982507	epochs	3.0
1040.252304473297	0.0981782999999723	epochs	2.0
1040.252304473297	0.04936659999998483	epochs	3.0
1040.301671073297	0.04881169999998747	epochs	3.0
1040.350482773297	0.09600780000005216	epochs	2.0
1040.350482773297	0.04826920000004975	epochs	3.0
1040.398751973297	0.04773860000000241	epochs	3.0
1040.446490573297	0.09393120000004274	epochs	2.0
1040.446490573297	0.04721949999998287	epochs	3.0
1040.493710073297	0.046711700000059864	epochs	3.0
1040.540421773297	0.09194260000003851	epochs	2.0
1040.540421773297	0.046214599999984785	epochs	3.0
1040.586636373297	0.045728000000053726	epochs	3.0
1040.6323643732972	0.09003630000006524	epochs	2.0
1040.6323643732972	0.045251499999949374	epochs	3.0
1040.677615873297	0.044784800000115865	epochs	3.0
1040.7224006732972	0.0882075999998051	epochs	2.0
1040.7224006732972	0.04432779999979175	epochs	3.0
1040.766728473297	0.04387980000001335	epochs	3.0
1040.810608273297	0.0864516999999978	epochs	2.0
1040.810608273297	0.04344100000002982	epochs	3.0
1040.854049273297	0.04301069999996798	epochs	3.0
1040.897059973297	0.08476430000018809	epochs	2.0
1040.897059973297	0.04258900000013455	epochs	3.0
1040.9396489732972	0.04217530000005354	epochs	3.0
1040.9818242732972	0.08314150000001064	epochs	2.0
1040.9818242732972	0.04176969999980429	epochs	3.0
1041.023593973297	0.04137180000020635	epochs	3.0
1041.0649657732972	0.08157969999979287	epochs	2.0
1041.0649657732972	0.040981399999964196	epochs	3.0
1041.1059471732972	0.04059829999982867	epochs	3.0
1041.146545473297	0.08007550000002084	epochs	2.0
1041.146545473297	0.040222300000095856	epochs	3.0
1041.186767773297	0.03985319999992498	epochs	3.0
1041.226620973297	0.07862569999997504	epochs	2.0
1041.226620973297	0.039490800000066884	epochs	3.0
1041.266111773297	0.03913489999990816	epochs	3.0
1041.305246673297	0.07722760000001472	epochs	2.0
1041.305246673297	0.038785400000051595	epochs	3.0
1041.344032073297	0.03844219999996312	epochs	3.0
1041.382474273297	0.07587820000003376	epochs	2.0
1041.382474273297	0.03810480000015559	epochs	3.0
1041.4205790732972	0.037773399999878166	epochs	3.0
1041.458352473297	0.0745752000000266	epochs	2.0
1041.458352473297	0.03744770000002973	epochs	3.0
1041.495800173297	0.03712749999999687	epochs	3.0
1041.532927673297	0.07331629999998768	epochs	2.0
1041.532927673297	0.0368129000000863	epochs	3.0
1041.5697405732972	0.036503399999901376	epochs	3.0
1041.606243973297	0.07209899999998015	epochs	2.0
1041.606243973297	0.03619909999997617	epochs	3.0
1041.642443073297	0.03589990000000398	epochs	3.0
1041.678342973297	0.07092170000009901	epochs	2.0
1041.678342973297	0.03560560000005353	epochs	3.0
1041.713948573297	0.03531610000004548	epochs	3.0
1041.7492646732971	0.06978200000003199	epochs	2.0
1041.7492646732971	0.03503120000004856	epochs	3.0
1041.7842958732972	0.03475079999998343	epochs	3.0
1041.8190466732972	0.06867859999988468	epochs	2.0
1041.8190466732972	0.03447510000000875	epochs	3.0
1041.8535217732972	0.03420349999987593	epochs	3.0
1041.887725273297	0.06760929999995824	epochs	2.0
1041.887725273297	0.033936199999970995	epochs	3.0
1041.921661473297	0.033673099999987244	epochs	3.0
1041.955334573297	0.06657290000021021	epochs	2.0
1041.955334573297	0.03341399999999339	epochs	3.0
1041.988748573297	0.03315890000021682	epochs	3.0
1042.0219074732972	0.06556779999982609	epochs	2.0
1042.0219074732972	0.03290769999989607	epochs	3.0
1042.0548151732971	0.032660099999930026	epochs	3.0
1042.087475273297	0.06459259999996902	epochs	2.0
1042.087475273297	0.03241640000010193	epochs	3.0
1042.1198916732972	0.032176199999867094	epochs	3.0
1042.152067873297	0.06364600000006249	epochs	2.0
1042.152067873297	0.03193959999998697	epochs	3.0
1042.184007473297	0.03170640000007552	epochs	3.0
1042.215713873297	0.0627266999999847	epochs	2.0
1042.215713873297	0.03147660000013275	epochs	3.0
1042.2471904732972	0.031250099999851955	epochs	3.0
1042.278440573297	0.06183359999999993	epochs	2.0
1042.278440573297	0.031026900000142632	epochs	3.0
1042.3094674732972	0.0308066999998573	epochs	3.0
1042.340274173297	0.06096560000014506	epochs	2.0
1042.340274173297	0.03058980000014344	epochs	3.0
1042.3708639732972	0.030375800000001618	epochs	3.0
1042.4012397732972	0.06012160000000222	epochs	2.0
1042.4012397732972	0.030164899999817862	epochs	3.0
1042.431404673297	0.029956700000184355	epochs	3.0
1042.4613613732972	0.05930069999999432	epochs	2.0
1042.4613613732972	0.029751599999826794	epochs	3.0
1042.491112973297	0.029549100000167527	epochs	3.0
1042.5206620732972	0.05850179999993088	epochs	2.0
1042.5206620732972	0.02934940000000097	epochs	3.0
1042.5500114732972	0.029152399999929912	epochs	3.0
1042.5791638732971	0.05772419999993872	epochs	2.0
1042.5791638732971	0.028957999999875028	epochs	3.0
1042.608121873297	0.02876620000006369	epochs	3.0
1042.636888073297	0.05696710000006533	epochs	2.0
1042.636888073297	0.028577000000041153	epochs	3.0
1042.6654650732971	0.028390100000024177	epochs	3.0
1042.6938551732972	0.05622949999997218	epochs	2.0
1042.6938551732972	0.028205699999944045	epochs	3.0
1042.722060873297	0.028023800000028132	epochs	3.0
1042.7500846732971	0.05551070000001346	epochs	2.0
1042.7500846732971	0.027843999999959124	epochs	3.0
1042.777928673297	0.027666700000054334	epochs	3.0
1042.8055953732971	0.054810200000019904	epochs	2.0
1042.8055953732971	0.02749149999999645	epochs	3.0
1042.8330868732971	0.027318700000023455	epochs	3.0
1042.8604055732972	0.054126999999880354	epochs	2.0
1042.8604055732972	0.027147799999966082	epochs	3.0
1042.8875533732971	0.026979199999914272	epochs	3.0
1042.914532573297	0.05346070000018699	epochs	2.0
1042.914532573297	0.026812600000084785	epochs	3.0
1042.9413451732971	0.026648100000102204	epochs	3.0
1042.9679932732972	0.05281069999978172	epochs	2.0
1042.9679932732972	0.0264855999998872	epochs	3.0
1042.994478873297	0.02632509999989452	epochs	3.0
1043.020803973297	0.05217620000007628	epochs	2.0
1043.020803973297	0.02616640000019288	epochs	3.0
1043.0469703732972	0.0260097999998834	epochs	3.0
1043.072980173297	0.051556699999991906	epochs	2.0
1043.072980173297	0.025854799999933675	epochs	3.0
1043.098834973297	0.02570190000005823	epochs	3.0
1043.124536873297	0.05095189999997274	epochs	2.0
1043.124536873297	0.025550699999939752	epochs	3.0
1043.150087573297	0.025401200000032986	epochs	3.0
1043.175488773297	0.05036100000006627	epochs	2.0
1043.175488773297	0.025253499999962514	epochs	3.0
1043.200742273297	0.025107500000103755	epochs	3.0
1043.225849773297	0.04978380000011384	epochs	2.0
1043.225849773297	0.02496320000000196	epochs	3.0
1043.2508129732971	0.02482060000011188	epochs	3.0
1043.2756335732972	0.04921949999993558	epochs	2.0
1043.2756335732972	0.024679399999968155	epochs	3.0
1043.3003129732972	0.024540099999967424	epochs	3.0
1043.3248530732972	0.04866790000005494	epochs	2.0
1043.3248530732972	0.024402099999861093	epochs	3.0
1043.349255173297	0.02426580000019385	epochs	3.0
1043.3735209732972	0.048128599999927246	epochs	2.0
1043.3735209732972	0.02413099999989754	epochs	3.0
1043.3976519732971	0.023997600000029706	epochs	3.0
1043.4216495732971	0.047601100000065344	epochs	2.0
1043.4216495732971	0.023865800000066884	epochs	3.0
1043.4455153732972	0.02373529999999846	epochs	3.0
1043.4692506732972	0.04708499999992455	epochs	2.0
1043.4692506732972	0.023606299999983094	epochs	3.0
1043.4928569732972	0.023478699999941455	epochs	3.0
1043.5163356732971	0.046579999999948996	epochs	2.0
1043.5163356732971	0.023352499999873544	epochs	3.0
1043.539688173297	0.02322750000007545	epochs	3.0
1043.562915673297	0.046085700000048746	epochs	2.0
1043.562915673297	0.023104000000103042	epochs	3.0
1043.5860196732972	0.022981699999945704	epochs	3.0
1043.6090013732971	0.045601799999985815	epochs	2.0
1043.6090013732971	0.02286069999991014	epochs	3.0
1043.631862073297	0.022741100000075676	epochs	3.0
1043.6546031732971	0.045127899999897636	epochs	2.0
1043.6546031732971	0.022622499999897627	epochs	3.0
1043.677225673297	0.02250540000000001	epochs	3.0
1043.699731073297	0.0446638000000803	epochs	2.0
1043.699731073297	0.022389300000213552	epochs	3.0
1043.7221203732972	0.022274499999866748	epochs	3.0
1043.744394873297	0.04420920000006845	epochs	2.0
1043.744394873297	0.022160799999937808	epochs	3.0
1043.766555673297	0.02204840000013064	epochs	3.0
1043.7886040732972	0.04376359999992019	epochs	2.0
1043.7886040732972	0.02193689999990056	epochs	3.0
1043.810540973297	0.021826700000019628	epochs	3.0
1043.832367673297	0.04332709999994222	epochs	2.0
1043.832367673297	0.02171760000010181	epochs	3.0
1043.8540852732972	0.02160949999984041	epochs	3.0
1043.875694773297	0.04289900000003399	epochs	2.0
1043.875694773297	0.02150249999999687	epochs	3.0
1043.897197273297	0.021396500000037122	epochs	3.0
1043.918593773297	0.04247950000012679	epochs	2.0
1043.918593773297	0.021291700000119818	epochs	3.0
1043.9398854732972	0.021187800000006973	epochs	3.0
1043.9610732732972	0.04206789999989269	epochs	2.0
1043.9610732732972	0.02108490000000529	epochs	3.0
1043.9821581732972	0.020982999999887397	epochs	3.0
1044.003141173297	0.04166439999994509	epochs	2.0
1044.003141173297	0.020882199999959994	epochs	3.0
1044.024023373297	0.020782199999985096	epochs	3.0
1044.044805573297	0.04126850000011473	epochs	2.0
1044.044805573297	0.02068330000020069	epochs	3.0
1044.0654888732972	0.02058519999991404	epochs	3.0
1044.0860740732971	0.04088000000001557	epochs	2.0
1044.0860740732971	0.020488099999965925	epochs	3.0
1044.106562173297	0.020391900000049645	epochs	3.0
1044.1269540732972	0.04049880000002304	epochs	2.0
1044.1269540732972	0.020296599999937825	epochs	3.0
1044.147250673297	0.020202200000085213	epochs	3.0
1044.1674528732972	0.040124599999899146	epochs	2.0
1044.1674528732972	0.02010870000003706	epochs	3.0
1044.1875615732972	0.020015899999862086	epochs	3.0
1044.207577473297	0.03975730000001931	epochs	2.0
1044.207577473297	0.019924200000104975	epochs	3.0
1044.2275016732972	0.01983309999991434	epochs	3.0
1044.247334773297	0.03939669999999751	epochs	2.0
1044.247334773297	0.01974300000006224	epochs	3.0
1044.2670777732972	0.01965369999993527	epochs	3.0
1044.286731473297	0.03904239999997117	epochs	2.0
1044.286731473297	0.019565099999908853	epochs	3.0
1044.306296573297	0.019477300000062314	epochs	3.0
1044.325773873297	0.038694600000098944	epochs	2.0
1044.325773873297	0.019390400000020236	epochs	3.0
1044.345164273297	0.01930420000007871	epochs	3.0
1044.3644684732972	0.03835290000006353	epochs	2.0
1044.3644684732972	0.019218799999862313	epochs	3.0
1044.383687273297	0.019134100000201215	epochs	3.0
1044.4028213732972	0.03801719999978559	epochs	2.0
1044.4028213732972	0.019050199999810502	epochs	3.0
1044.421871573297	0.018966999999975087	epochs	3.0
1044.440838573297	0.03768720000016401	epochs	2.0
1044.440838573297	0.01888450000001285	epochs	3.0
1044.459723073297	0.018802700000151162	epochs	3.0
1044.4785257732972	0.03736309999999321	epochs	2.0
1044.4785257732972	0.018721700000014607	epochs	3.0
1044.4972474732972	0.018641399999978603	epochs	3.0
1044.5158888732972	0.03704429999993408	epochs	2.0
1044.5158888732972	0.018561599999884493	epochs	3.0
1044.534450473297	0.01848270000004959	epochs	3.0
1044.552933173297	0.03673099999991791	epochs	2.0
1044.552933173297	0.018404299999929208	epochs	3.0
1044.571337473297	0.018326699999988705	epochs	3.0
1044.589664173297	0.03642290000016146	epochs	2.0
1044.589664173297	0.018249599999990096	epochs	3.0
1044.607913773297	0.018173300000171366	epochs	3.0
1044.6260870732972	0.036120099999834565	epochs	2.0
1044.6260870732972	0.01809759999991911	epochs	3.0
1044.644184673297	0.018022499999915453	epochs	3.0
1044.662207173297	0.035822100000132195	epochs	2.0
1044.662207173297	0.017947900000081063	epochs	3.0
1044.680155073297	0.017874200000051133	epochs	3.0
1044.6980292732972	0.03552899999999681	epochs	2.0
1044.6980292732972	0.017800800000031813	epochs	3.0
1044.7158300732972	0.017728199999965	epochs	3.0
1044.7335582732971	0.03524070000003121	epochs	2.0
1044.7335582732971	0.017656100000067454	epochs	3.0
1044.7512143732972	0.017584599999963757	epochs	3.0
1044.7687989732972	0.03495709999992869	epochs	2.0
1044.7687989732972	0.017513699999881283	epochs	3.0
1044.786312673297	0.017443400000047404	epochs	3.0
1044.803756073297	0.034677899999906	epochs	2.0
1044.803756073297	0.017373599999928047	epochs	3.0
1044.821129673297	0.017304299999977957	epochs	3.0
1044.838433973297	0.03440330000012182	epochs	2.0
1044.838433973297	0.017235700000128418	epochs	3.0
1044.8556696732971	0.0171675999999934	epochs	3.0
1044.8728372732971	0.03413279999995211	epochs	2.0
1044.8728372732971	0.01709989999994832	epochs	3.0
1044.889937173297	0.017032900000003792	epochs	3.0
1044.906970073297	0.03386670000008962	epochs	2.0
1044.906970073297	0.01696640000000116	epochs	3.0
1044.923936473297	0.016900300000088464	epochs	3.0
1044.9408367732972	0.03360459999998966	epochs	2.0
1044.9408367732972	0.01683479999996962	epochs	3.0
1044.9576715732971	0.01676980000002004	epochs	3.0
1044.9744413732972	0.033346599999958926	epochs	2.0
1044.9744413732972	0.016705300000012357	epochs	3.0
1044.9911466732972	0.01664129999994657	epochs	3.0
1045.0077879732971	0.03309250000006614	epochs	2.0
1045.0077879732971	0.016577800000050047	epochs	3.0
1045.0243657732972	0.01651470000001609	epochs	3.0
1045.0408804732972	0.03284229999985655	epochs	2.0
1045.0408804732972	0.01645220000000336	epochs	3.0
1045.0573326732972	0.01639009999985319	epochs	3.0
1045.073722773297	0.03259570000000167	epochs	2.0
1045.073722773297	0.016328400000020338	epochs	3.0
1045.090051173297	0.016267299999981333	epochs	3.0
1045.106318473297	0.032352899999978035	epochs	2.0
1045.106318473297	0.016206600000032267	epochs	3.0
1045.122525073297	0.016146299999945768	epochs	3.0
1045.138671373297	0.032113700000081735	epochs	2.0
1045.138671373297	0.016086600000107865	epochs	3.0
1045.1547579732971	0.01602709999997387	epochs	3.0
1045.170785073297	0.03187800000000607	epochs	2.0
1045.170785073297	0.015968200000088473	epochs	3.0
1045.1867532732972	0.015909799999917595	epochs	3.0
1045.2026630732971	0.03164569999989908	epochs	2.0
1045.2026630732971	0.015851599999905375	epochs	3.0
1045.218514673297	0.015794099999993705	epochs	3.0
1045.234308773297	0.03141670000013619	epochs	2.0
1045.234308773297	0.015736700000161363	epochs	3.0
1045.2500454732972	0.015679999999974825	epochs	3.0
1045.2657254732972	0.03119109999988723	epochs	2.0
1045.2657254732972	0.015623600000026272	epochs	3.0
1045.2813490732972	0.015567499999860956	epochs	3.0
1045.296916573297	0.03096870000013041	epochs	2.0
1045.296916573297	0.01551200000017161	epochs	3.0
1045.3124285732972	0.0154566999999588	epochs	3.0
1045.3278852732972	0.030749499999956242	epochs	2.0
1045.3278852732972	0.015401999999994587	epochs	3.0
1045.3432872732972	0.015347499999961656	epochs	3.0
1045.3586347732971	0.03053320000003623	epochs	2.0
1045.3586347732971	0.015293400000018664	epochs	3.0
1045.3739281732971	0.015239800000017567	epochs	3.0
1045.3891679732972	0.030320099999926242	epochs	2.0
1045.3891679732972	0.015186500000027081	epochs	3.0
1045.4043544732972	0.015133599999899161	epochs	3.0
1045.419488073297	0.03010990000007041	epochs	2.0
1045.419488073297	0.015081000000009226	epochs	3.0
1045.434569073297	0.015028900000061185	epochs	3.0
1045.4495979732972	0.029902499999934662	epochs	2.0
1045.4495979732972	0.014977000000044427	epochs	3.0
1045.4645749732972	0.014925499999890235	epochs	3.0
1045.479500473297	0.0296981000001324	epochs	2.0
1045.479500473297	0.014874400000053356	epochs	3.0
1045.4943748732971	0.014823700000079043	epochs	3.0
1045.5091985732972	0.029496299999891562	epochs	2.0
1045.5091985732972	0.01477319999980864	epochs	3.0
1045.523971773297	0.014723100000082923	epochs	3.0
1045.5386948732971	0.029297399999904883	epochs	2.0
1045.5386948732971	0.014673399999992398	epochs	3.0
1045.553368273297	0.014623999999912485	epochs	3.0
1045.567992273297	0.02910110000016175	epochs	2.0
1045.567992273297	0.014574900000070556	epochs	3.0
1045.582567173297	0.014526200000091194	epochs	3.0
1045.5970933732972	0.028907399999980044	epochs	2.0
1045.5970933732972	0.014477700000043114	epochs	3.0
1045.6115710732972	0.014429699999936929	epochs	3.0
1045.6260007732972	0.028716199999962555	epochs	2.0
1045.6260007732972	0.014381799999910072	epochs	3.0
1045.640382573297	0.014334400000052483	epochs	3.0
1045.6547169732971	0.02852759999996124	epochs	2.0
1045.6547169732971	0.014287199999898803	epochs	3.0
1045.669004173297	0.014240400000062436	epochs	3.0
1045.683244573297	0.028341400000044814	epochs	2.0
1045.683244573297	0.014193799999929979	epochs	3.0
1045.697438373297	0.014147600000114835	epochs	3.0
1045.7115859732971	0.028157700000065233	epochs	2.0
1045.7115859732971	0.014101700000082928	epochs	3.0
1045.7256876732972	0.014055999999982305	epochs	3.0
1045.7397436732972	0.02797629999986384	epochs	2.0
1045.7397436732972	0.014010599999892293	epochs	3.0
1045.753754273297	0.013965699999971548	epochs	3.0
1045.767719973297	0.027797200000122757	epochs	2.0
1045.767719973297	0.013920800000050804	epochs	3.0
1045.781640773297	0.013876400000071953	epochs	3.0
1045.7955171732972	0.027620399999932488	epochs	2.0
1045.7955171732972	0.013832200000024386	epochs	3.0
1045.8093493732972	0.013788199999908102	epochs	3.0
1045.8231375732971	0.027445899999975154	epochs	2.0
1045.8231375732971	0.01374460000010913	epochs	3.0
1045.8368821732972	0.013701299999866023	epochs	3.0
1045.850583473297	0.0272735000000921	epochs	2.0
1045.850583473297	0.013658200000008947	epochs	3.0
1045.864241673297	0.013615300000083153	epochs	3.0
1045.8778569732972	0.027103399999987232	epochs	2.0
1045.8778569732972	0.013572800000019924	epochs	3.0
1045.8914297732972	0.013530599999967308	epochs	3.0
1045.9049603732972	0.02693520000002536	epochs	2.0
1045.9049603732972	0.01348839999991469	epochs	3.0
1045.918448773297	0.01344680000011067	epochs	3.0
1045.9318955732972	0.026769199999989723	epochs	2.0
1045.9318955732972	0.013405199999851902	epochs	3.0
1045.945300773297	0.013364000000137821	epochs	3.0
1045.9586647732972	0.026605199999949036	epochs	2.0
1045.9586647732972	0.013322899999820947	epochs	3.0
1045.971987673297	0.013282300000128089	epochs	3.0
1045.9852699732971	0.0264431999999033	epochs	2.0
1045.9852699732971	0.013241699999980483	epochs	3.0
1045.9985116732971	0.013201499999922817	epochs	3.0
1046.011713173297	0.026283200000079887	epochs	2.0
1046.011713173297	0.013161500000023807	epochs	3.0
1046.024874673297	0.01312170000005608	epochs	3.0
1046.0379963732971	0.02612500000009277	epochs	2.0
1046.0379963732971	0.013082100000019636	epochs	3.0
1046.0510784732971	0.013042900000073132	epochs	3.0
1046.0641213732972	0.025968899999952555	epochs	2.0
1046.0641213732972	0.013003899999830537	epochs	3.0
1046.077125273297	0.012965000000122018	epochs	3.0
1046.0900902732972	0.025814500000024054	epochs	2.0
1046.0900902732972	0.012926399999969362	epochs	3.0
1046.1030166732971	0.012888100000054692	epochs	3.0
1046.1159047732972	0.025661899999931848	epochs	2.0
1046.1159047732972	0.012849899999991976	epochs	3.0
1046.1287546732972	0.012811999999939871	epochs	3.0
1046.1415666732971	0.025511199999982637	epochs	2.0
1046.1415666732971	0.012774399999898378	epochs	3.0
1046.154341073297	0.012736800000084258	epochs	3.0
1046.167077873297	0.025362300000097093	epochs	2.0
1046.167077873297	0.01269969999998466	epochs	3.0
1046.179777573297	0.012662600000112434	epochs	3.0
1046.1924401732972	0.025214999999889187	epochs	2.0
1046.1924401732972	0.012625800000023446	epochs	3.0
1046.2050659732972	0.012589199999865741	epochs	3.0
1046.217655173297	0.024584799999956886	epochs	2.0
1046.2417073732972	0.5	epochs	-1.0
1046.242239973297	0.5351200000000063	epochs	1.0
1046.777359973297	0.46479999999996835	epochs	0.0
1047.8509998321533	0.06423999999992702	epochs	0.0
1047.8509998321533	0.027122100000042337	epochs	1.0
1047.8781219321534	0.009995800000069721	epochs	1.0
1047.8881177321534	0.027122099999814964	epochs	1.0
1047.9152398321532	2.0	epochs	0.0
1049.9152398321532	0.5353600000000824	epochs	0.0
1049.9152398321532	0.5353600000000824	epochs	1.0
1049.9152672321534	0.5	epochs	-1.0
1050.4152672321534	0.03533259999994698	epochs	-1.0
1050.4505998321533	21.464559999999892	epochs	0.0
1051.8680000305176	0.06423999999992702	epochs	0.0
1051.8680000305176	0.027122100000042337	epochs	1.0
1051.8951221305176	0.009995800000069721	epochs	1.0
1051.9051179305177	0.027122099999814964	epochs	1.0
1051.9322400305175	2.0	epochs	0.0
1053.9322400305175	0.5363200000001598	epochs	0.0
1053.9322400305175	0.5363200000001598	epochs	1.0
1053.9322674305176	0.5	epochs	-1.0
1054.4322674305176	0.03629260000002432	epochs	-1.0
1054.4685600305177	21.463599999999815	epochs	0.0
1055.8090000152588	0.06423999999992702	epochs	0.0
1055.8090000152588	0.027122100000042337	epochs	1.0
1055.8361221152588	0.009995800000069721	epochs	1.0
1055.846117915259	0.027122099999814964	epochs	1.0
1055.8732400152587	2.0	epochs	0.0
1057.8732400152587	0.535280000000057	epochs	0.0
1057.8732400152587	0.535280000000057	epochs	1.0
1057.8732674152589	0.5	epochs	-1.0
1058.3732674152589	0.035252599999921586	epochs	-1.0
1058.4085200152588	21.464639999999918	epochs	0.0
1059.6979999542236	0.06423999999992702	epochs	0.0
1059.6979999542236	0.027122100000042337	epochs	1.0
1059.7251220542237	0.009995800000069721	epochs	1.0
1059.7351178542237	0.027122099999814964	epochs	1.0
1059.7622399542236	2.0	epochs	0.0
1061.7622399542236	0.5353600000000824	epochs	0.0
1061.7622399542236	0.5353600000000824	epochs	1.0
1061.7622673542237	0.5	epochs	-1.0
1062.2622673542237	0.03533259999994698	epochs	-1.0
1062.2975999542236	21.464559999999892	epochs	0.0
1063.6169996261597	0.06423999999992702	epochs	0.0
1063.6169996261597	0.027122100000042337	epochs	1.0
1063.6441217261597	0.009995800000069721	epochs	1.0
1063.6541175261598	0.027122099999814964	epochs	1.0
1063.6812396261596	2.0	epochs	0.0
1065.6812396261596	1.4563200000000052	epochs	0.0
1065.6812396261596	1.0	epochs	1.0
1065.6812670261597	0.5	epochs	-1.0
1066.1812670261597	0.9562925999998697	epochs	-1.0
1066.6812396261596	0.45632000000000517	epochs	-1.0
1066.6812396261596	0.45632000000000517	epochs	1.0
1066.6812396261596	0.45632000000000517	epochs	2.0
1066.6812396261596	0.45632000000000517	epochs	3.0
1067.1375596261596	20.54359999999997	epochs	0.0
1068.1310000419617	0.06423999999992702	epochs	0.0
1068.1310000419617	0.027122100000042337	epochs	1.0
1068.1581221419617	0.009995800000069721	epochs	1.0
1068.1681179419618	0.027122099999814964	epochs	1.0
1068.1952400419616	2.0	epochs	0.0
1070.1952400419616	1.4553600000001552	epochs	0.0
1070.1952400419616	1.0	epochs	1.0
1070.1952674419617	0.5	epochs	-1.0
1070.6952674419617	0.9553326000000197	epochs	-1.0
1071.1952400419616	0.4553600000001552	epochs	-1.0
1071.1952400419616	0.4553600000001552	epochs	1.0
1071.1952400419616	0.4553600000001552	epochs	2.0
1071.1952400419616	0.4553600000001552	epochs	3.0
1071.6506000419618	20.54455999999982	epochs	0.0
1072.6619997024536	0.06423999999992702	epochs	0.0
1072.6619997024536	0.027122100000042337	epochs	1.0
1072.6891218024537	0.009995800000069721	epochs	1.0
1072.6991176024537	0.027122099999814964	epochs	1.0
1072.7262397024535	2.0	epochs	0.0
1074.7262397024535	0.5363200000001598	epochs	0.0
1074.7262397024535	0.5363200000001598	epochs	1.0
1074.7262671024537	0.5	epochs	-1.0
1075.2262671024537	0.03629260000002432	epochs	-1.0
1075.2625597024537	21.463599999999815	epochs	0.0
1076.5409998893738	0.06423999999992702	epochs	0.0
1076.5409998893738	0.027122100000042337	epochs	1.0
1076.5681219893738	0.009995800000069721	epochs	1.0
1076.578117789374	0.027122099999814964	epochs	1.0
1076.6052398893737	2.0	epochs	0.0
1078.6052398893737	0.5353600000000824	epochs	0.0
1078.6052398893737	0.5353600000000824	epochs	1.0
1078.6052672893738	0.5	epochs	-1.0
1079.1052672893738	0.03533259999994698	epochs	-1.0
1079.1405998893738	21.464559999999892	epochs	0.0
1080.3959999084473	0.06423999999992702	epochs	0.0
1080.3959999084473	0.027122100000042337	epochs	1.0
1080.4231220084473	0.009995800000069721	epochs	1.0
1080.4331178084474	0.027122099999814964	epochs	1.0
1080.4602399084472	2.0	epochs	0.0
1082.4602399084472	1.5353600000000824	epochs	0.0
1082.4602399084472	1.0	epochs	1.0
1082.4602673084473	0.5	epochs	-1.0
1082.9602673084473	1.035332599999947	epochs	-1.0
1083.4602399084472	0.5353600000000824	epochs	-1.0
1083.4602399084472	0.5353600000000824	epochs	1.0
1083.4602399084472	0.5353600000000824	epochs	2.0
1083.4602399084472	0.5353600000000824	epochs	3.0
1083.9955999084473	20.464559999999892	epochs	0.0
1097.186999797821	0.06423999999992702	epochs	0.0
1097.186999797821	0.027122100000042337	epochs	1.0
1097.214121897821	0.009995800000069721	epochs	1.0
1097.2241176978212	0.027122099999814964	epochs	1.0
1097.251239797821	0.2299199999999928	epochs	0.0
1097.251239797821	0.0500000000001819	epochs	1.0
1097.3012397978212	0.009999999999990905	epochs	1.0
1097.3112397978211	0.049999999999954525	epochs	1.0
1097.361239797821	0.009999999999990905	epochs	1.0
1097.371239797821	0.049999999999954525	epochs	1.0
1097.421239797821	0.009999999999990905	epochs	1.0
1097.431239797821	0.04991999999992913	epochs	1.0
