onset	duration	nwb_table	treelevel
12.117000102996826	0.09999999999999964	epochs	0.0
12.117000102996826	0.04499999999999993	epochs	1.0
12.162000102996826	0.009999999999999787	epochs	1.0
12.172000102996826	0.04499999999999993	epochs	1.0
12.217000102996826	0.7049950000000003	epochs	0.0
12.217000102996826	0.5	epochs	-1.0
12.217000102996826	0.5	epochs	-1.0
12.217000102996826	0.5	epochs	1.0
12.717000102996826	0.0600000000000005	epochs	-1.0
12.717000102996826	0.025000000000000355	epochs	-1.0
12.717000102996826	0.025000000000000355	epochs	1.0
12.742000102996826	0.009999999999999787	epochs	-1.0
12.742000102996826	0.009999999999999787	epochs	1.0
12.752000102996826	0.025000000000000355	epochs	-1.0
12.752000102996826	0.025000000000000355	epochs	1.0
12.777000102996826	0.0600000000000005	epochs	-1.0
12.777000102996826	0.025000000000000355	epochs	-1.0
12.777000102996826	0.025000000000000355	epochs	1.0
12.802000102996827	0.009999999999999787	epochs	-1.0
12.802000102996827	0.009999999999999787	epochs	1.0
12.812000102996826	0.025000000000000355	epochs	-1.0
12.812000102996826	0.025000000000000355	epochs	1.0
12.837000102996827	0.05999999999999872	epochs	-1.0
12.837000102996827	0.02499999999999858	epochs	-1.0
12.837000102996827	0.02499999999999858	epochs	1.0
12.862000102996825	0.010000000000001563	epochs	-1.0
12.862000102996825	0.010000000000001563	epochs	1.0
12.872000102996827	0.02499999999999858	epochs	-1.0
12.872000102996827	0.02499999999999858	epochs	1.0
12.897000102996826	0.024995000000000545	epochs	1.0
584.9900002479553	0.10000000000002274	epochs	0.0
584.9900002479553	0.04499999999995907	epochs	1.0
585.0350002479553	0.009999999999990905	epochs	1.0
585.0450002479553	0.04500000000007276	epochs	1.0
585.0900002479553	0.7049949999999399	epochs	0.0
585.0900002479553	0.5	epochs	-1.0
585.0900002479553	0.5	epochs	1.0
585.5900002479553	0.05999999999994543	epochs	-1.0
585.5900002479553	0.024999999999977263	epochs	-1.0
585.5900002479553	0.024999999999977263	epochs	1.0
585.6150002479553	0.009999999999990905	epochs	-1.0
585.6150002479553	0.009999999999990905	epochs	1.0
585.6250002479553	0.024999999999977263	epochs	-1.0
585.6250002479553	0.024999999999977263	epochs	1.0
585.6500002479553	0.06000000000005912	epochs	-1.0
585.6500002479553	0.024999999999977263	epochs	-1.0
585.6500002479553	0.024999999999977263	epochs	1.0
585.6750002479553	0.010000000000104592	epochs	-1.0
585.6750002479553	0.010000000000104592	epochs	1.0
585.6850002479554	0.024999999999977263	epochs	-1.0
585.6850002479554	0.024999999999977263	epochs	1.0
585.7100002479553	0.05999999999994543	epochs	-1.0
585.7100002479553	0.024999999999977263	epochs	-1.0
585.7100002479553	0.024999999999977263	epochs	1.0
585.7350002479553	0.009999999999990905	epochs	-1.0
585.7350002479553	0.009999999999990905	epochs	1.0
585.7450002479553	0.024999999999977263	epochs	-1.0
585.7450002479553	0.024999999999977263	epochs	1.0
585.7700002479553	0.024994999999989886	epochs	1.0
701.5960001945496	0.10000000000002274	epochs	0.0
701.5960001945496	0.04499999999995907	epochs	1.0
701.6410001945495	0.009999999999990905	epochs	1.0
701.6510001945495	0.04500000000007276	epochs	1.0
701.6960001945496	61.384995	epochs	0.0
701.6960001945496	0.5	epochs	-1.0
701.6960001945496	0.5	epochs	-1.0
701.6960001945496	0.5	epochs	1.0
702.1960001945496	0.05999999999994543	epochs	-1.0
702.1960001945496	0.024999999999977263	epochs	-1.0
702.1960001945496	0.024999999999977263	epochs	1.0
702.2210001945496	0.009999999999990905	epochs	-1.0
702.2210001945496	0.009999999999990905	epochs	1.0
702.2310001945496	0.024999999999977263	epochs	-1.0
702.2310001945496	0.024999999999977263	epochs	1.0
702.2560001945495	0.06000000000005912	epochs	-1.0
702.2560001945495	0.024999999999977263	epochs	-1.0
702.2560001945495	0.024999999999977263	epochs	1.0
702.2810001945495	0.010000000000104592	epochs	-1.0
702.2810001945495	0.010000000000104592	epochs	1.0
702.2910001945496	0.024999999999977263	epochs	-1.0
702.2910001945496	0.024999999999977263	epochs	1.0
702.3160001945496	0.05999999999994543	epochs	-1.0
702.3160001945496	0.024999999999977263	epochs	-1.0
702.3160001945496	0.024999999999977263	epochs	1.0
702.3410001945496	0.009999999999990905	epochs	-1.0
702.3410001945496	0.009999999999990905	epochs	1.0
702.3510001945496	0.024999999999977263	epochs	-1.0
702.3510001945496	0.024999999999977263	epochs	1.0
702.3760001945495	60.0	epochs	1.0
762.3760001945495	0.5	epochs	-1.0
762.3760001945495	0.5	epochs	-1.0
762.3760001945495	0.5	epochs	1.0
762.8760001945495	0.06000000000005912	epochs	-1.0
762.8760001945495	0.024999999999977263	epochs	-1.0
762.8760001945495	0.024999999999977263	epochs	1.0
762.9010001945495	0.010000000000104592	epochs	-1.0
762.9010001945495	0.010000000000104592	epochs	1.0
762.9110001945496	0.024999999999977263	epochs	-1.0
762.9110001945496	0.024999999999977263	epochs	1.0
762.9360001945496	0.05999999999994543	epochs	-1.0
762.9360001945496	0.024999999999977263	epochs	-1.0
762.9360001945496	0.024999999999977263	epochs	1.0
762.9610001945496	0.009999999999990905	epochs	-1.0
762.9610001945496	0.009999999999990905	epochs	1.0
762.9710001945496	0.024999999999977263	epochs	-1.0
762.9710001945496	0.024999999999977263	epochs	1.0
762.9960001945495	0.06000000000005912	epochs	-1.0
762.9960001945495	0.024999999999977263	epochs	-1.0
762.9960001945495	0.024999999999977263	epochs	1.0
763.0210001945495	0.009999999999990905	epochs	-1.0
763.0210001945495	0.009999999999990905	epochs	1.0
763.0310001945495	0.02500000000009095	epochs	-1.0
763.0310001945495	0.02500000000009095	epochs	1.0
763.0560001945496	0.024994999999989886	epochs	1.0
809.41100025177	0.10000000000002274	epochs	0.0
809.41100025177	0.04499999999995907	epochs	1.0
809.45600025177	0.009999999999990905	epochs	1.0
809.46600025177	0.04500000000007276	epochs	1.0
809.51100025177	0.7049949999999399	epochs	0.0
809.51100025177	0.5	epochs	-1.0
809.51100025177	0.5	epochs	-1.0
809.51100025177	0.5	epochs	1.0
810.01100025177	0.05999999999994543	epochs	-1.0
810.01100025177	0.024999999999977263	epochs	-1.0
810.01100025177	0.024999999999977263	epochs	1.0
810.03600025177	0.009999999999990905	epochs	-1.0
810.03600025177	0.009999999999990905	epochs	1.0
810.04600025177	0.024999999999977263	epochs	-1.0
810.04600025177	0.024999999999977263	epochs	1.0
810.07100025177	0.06000000000005912	epochs	-1.0
810.07100025177	0.024999999999977263	epochs	-1.0
810.07100025177	0.024999999999977263	epochs	1.0
810.09600025177	0.010000000000104592	epochs	-1.0
810.09600025177	0.010000000000104592	epochs	1.0
810.1060002517701	0.024999999999977263	epochs	-1.0
810.1060002517701	0.024999999999977263	epochs	1.0
810.13100025177	0.05999999999994543	epochs	-1.0
810.13100025177	0.024999999999977263	epochs	-1.0
810.13100025177	0.024999999999977263	epochs	1.0
810.15600025177	0.009999999999990905	epochs	-1.0
810.15600025177	0.009999999999990905	epochs	1.0
810.16600025177	0.024999999999977263	epochs	-1.0
810.16600025177	0.024999999999977263	epochs	1.0
810.19100025177	0.024994999999989886	epochs	1.0
810.6170001029968	0.10000000000002274	epochs	0.0
810.6170001029968	0.04499999999995907	epochs	1.0
810.6620001029968	0.009999999999990905	epochs	1.0
810.6720001029968	0.04500000000007276	epochs	1.0
810.7170001029968	0.7049949999999399	epochs	0.0
810.7170001029968	0.5	epochs	-1.0
810.7170001029968	0.5	epochs	-1.0
810.7170001029968	0.5	epochs	1.0
811.2170001029968	0.05999999999994543	epochs	-1.0
811.2170001029968	0.024999999999977263	epochs	-1.0
811.2170001029968	0.024999999999977263	epochs	1.0
811.2420001029968	0.009999999999990905	epochs	-1.0
811.2420001029968	0.009999999999990905	epochs	1.0
811.2520001029968	0.024999999999977263	epochs	-1.0
811.2520001029968	0.024999999999977263	epochs	1.0
811.2770001029968	0.06000000000005912	epochs	-1.0
811.2770001029968	0.024999999999977263	epochs	-1.0
811.2770001029968	0.024999999999977263	epochs	1.0
811.3020001029968	0.010000000000104592	epochs	-1.0
811.3020001029968	0.010000000000104592	epochs	1.0
811.3120001029969	0.024999999999977263	epochs	-1.0
811.3120001029969	0.024999999999977263	epochs	1.0
811.3370001029969	0.05999999999994543	epochs	-1.0
811.3370001029969	0.024999999999977263	epochs	-1.0
811.3370001029969	0.024999999999977263	epochs	1.0
811.3620001029968	0.009999999999990905	epochs	-1.0
811.3620001029968	0.009999999999990905	epochs	1.0
811.3720001029968	0.024999999999977263	epochs	-1.0
811.3720001029968	0.024999999999977263	epochs	1.0
811.3970001029968	0.024994999999989886	epochs	1.0
811.7380003929138	0.10000000000002274	epochs	0.0
811.7380003929138	0.04499999999995907	epochs	1.0
811.7830003929138	0.009999999999990905	epochs	1.0
811.7930003929138	0.04500000000007276	epochs	1.0
811.8380003929138	0.7049949999999399	epochs	0.0
811.8380003929138	0.5	epochs	-1.0
811.8380003929138	0.5	epochs	-1.0
811.8380003929138	0.5	epochs	1.0
812.3380003929138	0.05999999999994543	epochs	-1.0
812.3380003929138	0.024999999999977263	epochs	-1.0
812.3380003929138	0.024999999999977263	epochs	1.0
812.3630003929138	0.009999999999990905	epochs	-1.0
812.3630003929138	0.009999999999990905	epochs	1.0
812.3730003929138	0.024999999999977263	epochs	-1.0
812.3730003929138	0.024999999999977263	epochs	1.0
812.3980003929138	0.06000000000005912	epochs	-1.0
812.3980003929138	0.024999999999977263	epochs	-1.0
812.3980003929138	0.024999999999977263	epochs	1.0
812.4230003929138	0.010000000000104592	epochs	-1.0
812.4230003929138	0.010000000000104592	epochs	1.0
812.4330003929139	0.024999999999977263	epochs	-1.0
812.4330003929139	0.024999999999977263	epochs	1.0
812.4580003929138	0.05999999999994543	epochs	-1.0
812.4580003929138	0.024999999999977263	epochs	-1.0
812.4580003929138	0.024999999999977263	epochs	1.0
812.4830003929138	0.009999999999990905	epochs	-1.0
812.4830003929138	0.009999999999990905	epochs	1.0
812.4930003929138	0.024999999999977263	epochs	-1.0
812.4930003929138	0.024999999999977263	epochs	1.0
812.5180003929138	0.024994999999989886	epochs	1.0
831.4590001106262	0.10000000000002274	epochs	0.0
831.4590001106262	0.04499999999995907	epochs	1.0
831.5040001106262	0.009999999999990905	epochs	1.0
831.5140001106262	0.04500000000007276	epochs	1.0
831.5590001106262	0.7049949999999399	epochs	0.0
831.5590001106262	0.5	epochs	-1.0
831.5590001106262	0.5	epochs	-1.0
831.5590001106262	0.5	epochs	1.0
832.0590001106262	0.05999999999994543	epochs	-1.0
832.0590001106262	0.024999999999977263	epochs	-1.0
832.0590001106262	0.024999999999977263	epochs	1.0
832.0840001106262	0.009999999999990905	epochs	-1.0
832.0840001106262	0.009999999999990905	epochs	1.0
832.0940001106262	0.024999999999977263	epochs	-1.0
832.0940001106262	0.024999999999977263	epochs	1.0
832.1190001106262	0.06000000000005912	epochs	-1.0
832.1190001106262	0.024999999999977263	epochs	-1.0
832.1190001106262	0.024999999999977263	epochs	1.0
832.1440001106262	0.010000000000104592	epochs	-1.0
832.1440001106262	0.010000000000104592	epochs	1.0
832.1540001106263	0.024999999999977263	epochs	-1.0
832.1540001106263	0.024999999999977263	epochs	1.0
832.1790001106262	0.05999999999994543	epochs	-1.0
832.1790001106262	0.024999999999977263	epochs	-1.0
832.1790001106262	0.024999999999977263	epochs	1.0
832.2040001106262	0.009999999999990905	epochs	-1.0
832.2040001106262	0.009999999999990905	epochs	1.0
832.2140001106262	0.024999999999977263	epochs	-1.0
832.2140001106262	0.024999999999977263	epochs	1.0
832.2390001106262	0.024994999999989886	epochs	1.0
832.585000038147	0.10000000000002274	epochs	0.0
832.585000038147	0.04499999999995907	epochs	1.0
832.6300000381469	0.009999999999990905	epochs	1.0
832.6400000381469	0.04500000000007276	epochs	1.0
832.685000038147	0.7049949999999399	epochs	0.0
832.685000038147	0.5	epochs	-1.0
832.685000038147	0.5	epochs	-1.0
832.685000038147	0.5	epochs	1.0
833.185000038147	0.05999999999994543	epochs	-1.0
833.185000038147	0.024999999999977263	epochs	-1.0
833.185000038147	0.024999999999977263	epochs	1.0
833.210000038147	0.009999999999990905	epochs	-1.0
833.210000038147	0.009999999999990905	epochs	1.0
833.220000038147	0.024999999999977263	epochs	-1.0
833.220000038147	0.024999999999977263	epochs	1.0
833.2450000381469	0.06000000000005912	epochs	-1.0
833.2450000381469	0.024999999999977263	epochs	-1.0
833.2450000381469	0.024999999999977263	epochs	1.0
833.2700000381469	0.010000000000104592	epochs	-1.0
833.2700000381469	0.010000000000104592	epochs	1.0
833.280000038147	0.024999999999977263	epochs	-1.0
833.280000038147	0.024999999999977263	epochs	1.0
833.305000038147	0.05999999999994543	epochs	-1.0
833.305000038147	0.024999999999977263	epochs	-1.0
833.305000038147	0.024999999999977263	epochs	1.0
833.330000038147	0.009999999999990905	epochs	-1.0
833.330000038147	0.009999999999990905	epochs	1.0
833.340000038147	0.024999999999977263	epochs	-1.0
833.340000038147	0.024999999999977263	epochs	1.0
833.365000038147	0.024994999999989886	epochs	1.0
833.6850004196167	0.10000000000002274	epochs	0.0
833.6850004196167	0.04499999999995907	epochs	1.0
833.7300004196167	0.009999999999990905	epochs	1.0
833.7400004196166	0.04500000000007276	epochs	1.0
833.7850004196167	0.7049949999999399	epochs	0.0
833.7850004196167	0.5	epochs	-1.0
833.7850004196167	0.5	epochs	-1.0
833.7850004196167	0.5	epochs	1.0
834.2850004196167	0.05999999999994543	epochs	-1.0
834.2850004196167	0.024999999999977263	epochs	-1.0
834.2850004196167	0.024999999999977263	epochs	1.0
834.3100004196167	0.009999999999990905	epochs	-1.0
834.3100004196167	0.009999999999990905	epochs	1.0
834.3200004196167	0.024999999999977263	epochs	-1.0
834.3200004196167	0.024999999999977263	epochs	1.0
834.3450004196167	0.06000000000005912	epochs	-1.0
834.3450004196167	0.024999999999977263	epochs	-1.0
834.3450004196167	0.024999999999977263	epochs	1.0
834.3700004196166	0.010000000000104592	epochs	-1.0
834.3700004196166	0.010000000000104592	epochs	1.0
834.3800004196167	0.024999999999977263	epochs	-1.0
834.3800004196167	0.024999999999977263	epochs	1.0
834.4050004196167	0.05999999999994543	epochs	-1.0
834.4050004196167	0.024999999999977263	epochs	-1.0
834.4050004196167	0.024999999999977263	epochs	1.0
834.4300004196167	0.009999999999990905	epochs	-1.0
834.4300004196167	0.009999999999990905	epochs	1.0
834.4400004196167	0.024999999999977263	epochs	-1.0
834.4400004196167	0.024999999999977263	epochs	1.0
834.4650004196167	0.024994999999989886	epochs	1.0
975.3320002555847	0.10000000000002274	epochs	0.0
975.3320002555847	0.04499999999995907	epochs	1.0
975.3770002555847	0.009999999999990905	epochs	1.0
975.3870002555847	0.04500000000007276	epochs	1.0
975.4320002555847	0.7049949999999399	epochs	0.0
975.4320002555847	0.5	epochs	-1.0
975.4320002555847	0.5	epochs	-1.0
975.4320002555847	0.5	epochs	1.0
975.9320002555847	0.05999999999994543	epochs	-1.0
975.9320002555847	0.024999999999977263	epochs	-1.0
975.9320002555847	0.024999999999977263	epochs	1.0
975.9570002555847	0.009999999999990905	epochs	-1.0
975.9570002555847	0.009999999999990905	epochs	1.0
975.9670002555847	0.024999999999977263	epochs	-1.0
975.9670002555847	0.024999999999977263	epochs	1.0
975.9920002555847	0.06000000000005912	epochs	-1.0
975.9920002555847	0.024999999999977263	epochs	-1.0
975.9920002555847	0.024999999999977263	epochs	1.0
976.0170002555847	0.010000000000104592	epochs	-1.0
976.0170002555847	0.010000000000104592	epochs	1.0
976.0270002555848	0.024999999999977263	epochs	-1.0
976.0270002555848	0.024999999999977263	epochs	1.0
976.0520002555847	0.05999999999994543	epochs	-1.0
976.0520002555847	0.024999999999977263	epochs	-1.0
976.0520002555847	0.024999999999977263	epochs	1.0
976.0770002555847	0.009999999999990905	epochs	-1.0
976.0770002555847	0.009999999999990905	epochs	1.0
976.0870002555847	0.024999999999977263	epochs	-1.0
976.0870002555847	0.024999999999977263	epochs	1.0
976.1120002555847	0.024994999999989886	epochs	1.0
976.4570002555847	0.10000000000002274	epochs	0.0
976.4570002555847	0.04499999999995907	epochs	1.0
976.5020002555847	0.009999999999990905	epochs	1.0
976.5120002555847	0.04500000000007276	epochs	1.0
976.5570002555847	0.7049949999999399	epochs	0.0
976.5570002555847	0.5	epochs	-1.0
976.5570002555847	0.5	epochs	-1.0
976.5570002555847	0.5	epochs	1.0
977.0570002555847	0.05999999999994543	epochs	-1.0
977.0570002555847	0.024999999999977263	epochs	-1.0
977.0570002555847	0.024999999999977263	epochs	1.0
977.0820002555847	0.009999999999990905	epochs	-1.0
977.0820002555847	0.009999999999990905	epochs	1.0
977.0920002555847	0.024999999999977263	epochs	-1.0
977.0920002555847	0.024999999999977263	epochs	1.0
977.1170002555847	0.06000000000005912	epochs	-1.0
977.1170002555847	0.024999999999977263	epochs	-1.0
977.1170002555847	0.024999999999977263	epochs	1.0
977.1420002555847	0.010000000000104592	epochs	-1.0
977.1420002555847	0.010000000000104592	epochs	1.0
977.1520002555848	0.024999999999977263	epochs	-1.0
977.1520002555848	0.024999999999977263	epochs	1.0
977.1770002555847	0.05999999999994543	epochs	-1.0
977.1770002555847	0.024999999999977263	epochs	-1.0
977.1770002555847	0.024999999999977263	epochs	1.0
977.2020002555847	0.009999999999990905	epochs	-1.0
977.2020002555847	0.009999999999990905	epochs	1.0
977.2120002555847	0.024999999999977263	epochs	-1.0
977.2120002555847	0.024999999999977263	epochs	1.0
977.2370002555847	0.024994999999989886	epochs	1.0
977.5659999847412	0.10000000000002274	epochs	0.0
977.5659999847412	0.04499999999995907	epochs	1.0
977.6109999847412	0.009999999999990905	epochs	1.0
977.6209999847412	0.04500000000007276	epochs	1.0
977.6659999847412	0.7049949999999399	epochs	0.0
977.6659999847412	0.5	epochs	-1.0
977.6659999847412	0.5	epochs	-1.0
977.6659999847412	0.5	epochs	1.0
978.1659999847412	0.05999999999994543	epochs	-1.0
978.1659999847412	0.024999999999977263	epochs	-1.0
978.1659999847412	0.024999999999977263	epochs	1.0
978.1909999847412	0.009999999999990905	epochs	-1.0
978.1909999847412	0.009999999999990905	epochs	1.0
978.2009999847412	0.024999999999977263	epochs	-1.0
978.2009999847412	0.024999999999977263	epochs	1.0
978.2259999847412	0.06000000000005912	epochs	-1.0
978.2259999847412	0.024999999999977263	epochs	-1.0
978.2259999847412	0.024999999999977263	epochs	1.0
978.2509999847412	0.010000000000104592	epochs	-1.0
978.2509999847412	0.010000000000104592	epochs	1.0
978.2609999847413	0.024999999999977263	epochs	-1.0
978.2609999847413	0.024999999999977263	epochs	1.0
978.2859999847412	0.05999999999994543	epochs	-1.0
978.2859999847412	0.024999999999977263	epochs	-1.0
978.2859999847412	0.024999999999977263	epochs	1.0
978.3109999847412	0.009999999999990905	epochs	-1.0
978.3109999847412	0.009999999999990905	epochs	1.0
978.3209999847412	0.024999999999977263	epochs	-1.0
978.3209999847412	0.024999999999977263	epochs	1.0
978.3459999847412	0.024994999999989886	epochs	1.0
1371.0070004463196	0.06007999999997082	epochs	0.0
1371.0070004463196	0.025041300000111733	epochs	1.0
1371.0320417463197	0.009997399999974732	epochs	1.0
1371.0420391463197	0.02504129999988436	epochs	1.0
1371.0670966463197	0.5	epochs	-1.0
1371.0670966463197	0.5	epochs	-1.0
1371.0671004463195	5.9999800000000505	epochs	0.0
1371.0671004463195	0.5	epochs	1.0
1371.5671004463195	5.0	epochs	1.0
1376.5670966463197	0.49998379999988174	epochs	-1.0
1376.5671004463195	0.4999800000000505	epochs	1.0
1385.3370003700256	0.06007999999997082	epochs	0.0
1385.3370003700256	0.025041300000111733	epochs	1.0
1385.3620416700257	0.009997399999974732	epochs	1.0
1385.3720390700257	0.02504129999988436	epochs	1.0
1385.3970965700257	0.5	epochs	-1.0
1385.3971003700256	2.5397800000000643	epochs	0.0
1385.3971003700256	0.5	epochs	1.0
1385.8971003700256	1.0	epochs	1.0
1386.8971003700256	1.0397800000000643	epochs	1.0
1387.3970965700257	0.5	epochs	-1.0
1387.9368803700256	0.9601999999999862	epochs	0.0
1388.2490000724792	0.06007999999997082	epochs	0.0
1388.2490000724792	0.025041300000111733	epochs	1.0
1388.2740413724794	0.009997399999974732	epochs	1.0
1388.2840387724793	0.02504129999988436	epochs	1.0
1388.3090962724793	0.5	epochs	-1.0
1388.3091000724792	2.5407800000000407	epochs	0.0
1388.3091000724792	0.5	epochs	1.0
1388.8091000724792	1.0	epochs	1.0
1389.8091000724792	1.0407800000000407	epochs	1.0
1390.3090962724793	0.5	epochs	-1.0
1390.8498800724792	0.9592000000000098	epochs	0.0
1391.1180000305176	0.06007999999997082	epochs	0.0
1391.1180000305176	0.025041300000111733	epochs	1.0
1391.1430413305177	0.009997399999974732	epochs	1.0
1391.1530387305177	0.02504129999988436	epochs	1.0
1391.1780962305177	0.5	epochs	-1.0
1391.1781000305175	2.5407800000000407	epochs	0.0
1391.1781000305175	0.5	epochs	1.0
1391.6781000305175	1.0	epochs	1.0
1392.6781000305175	1.0407800000000407	epochs	1.0
1393.1780962305177	0.5	epochs	-1.0
1393.7188800305175	0.9592000000000098	epochs	0.0
1393.9820003509521	0.06007999999997082	epochs	0.0
1393.9820003509521	0.025041300000111733	epochs	1.0
1394.0070416509523	0.009997399999974732	epochs	1.0
1394.0170390509522	0.02504129999988436	epochs	1.0
1394.0420965509522	0.5	epochs	-1.0
1394.042100350952	2.500780000000077	epochs	0.0
1394.042100350952	0.5	epochs	1.0
1394.542100350952	1.0	epochs	1.0
1395.542100350952	1.000780000000077	epochs	1.0
1396.0420965509522	0.5	epochs	-1.0
1396.5428803509521	0.9991999999999734	epochs	0.0
1396.8010001182556	0.06007999999997082	epochs	0.0
1396.8010001182556	0.025041300000111733	epochs	1.0
1396.8260414182557	0.009997399999974732	epochs	1.0
1396.8360388182557	0.02504129999988436	epochs	1.0
1396.8610963182557	0.5	epochs	-1.0
1396.8611001182555	2.500780000000077	epochs	0.0
1396.8611001182555	0.5	epochs	1.0
1397.3611001182555	1.0	epochs	1.0
1398.3611001182555	1.000780000000077	epochs	1.0
1398.8610963182557	0.5	epochs	-1.0
1399.3618801182556	0.9991999999999734	epochs	0.0
1399.6360001564026	0.6499799999999141	epochs	0.0
1399.6360001564026	0.049999999999954525	epochs	1.0
1399.6860001564025	0.5	epochs	1.0
1400.1860001564025	0.09997999999995955	epochs	1.0
1400.6140003204346	0.6499799999999141	epochs	0.0
1400.6140003204346	0.049999999999954525	epochs	1.0
1400.6640003204345	0.5	epochs	1.0
1401.1640003204345	0.09997999999995955	epochs	1.0
1401.53600025177	0.6499799999999141	epochs	0.0
1401.53600025177	0.049999999999954525	epochs	1.0
1401.58600025177	0.5	epochs	1.0
1402.08600025177	0.09997999999995955	epochs	1.0
1402.4760003089905	0.6499799999999141	epochs	0.0
1402.4760003089905	0.049999999999954525	epochs	1.0
1402.5260003089904	0.5	epochs	1.0
1403.0260003089904	0.09997999999995955	epochs	1.0
1403.4350004196167	0.6499799999999141	epochs	0.0
1403.4350004196167	0.049999999999954525	epochs	1.0
1403.4850004196167	0.5	epochs	1.0
1403.9850004196167	0.09997999999995955	epochs	1.0
1404.3720002174377	0.6499799999999141	epochs	0.0
1404.3720002174377	0.049999999999954525	epochs	1.0
1404.4220002174377	0.5	epochs	1.0
1404.9220002174377	0.09997999999995955	epochs	1.0
1405.3090000152588	0.6499799999999141	epochs	0.0
1405.3090000152588	0.049999999999954525	epochs	1.0
1405.3590000152587	0.5	epochs	1.0
1405.8590000152587	0.09997999999995955	epochs	1.0
1406.3330001831055	0.06007999999997082	epochs	0.0
1406.3330001831055	0.025041300000111733	epochs	1.0
1406.3580414831056	0.009997399999974732	epochs	1.0
1406.3680388831056	0.02504129999988436	epochs	1.0
1406.3930963831056	0.5	epochs	-1.0
1406.3931001831054	2.5397800000000643	epochs	0.0
1406.3931001831054	0.5	epochs	1.0
1406.8931001831054	1.0	epochs	1.0
1407.8931001831054	1.0397800000000643	epochs	1.0
1408.3930963831056	0.5	epochs	-1.0
1408.9328801831055	2.960199999999986	epochs	0.0
1411.5670003890991	0.06007999999997082	epochs	0.0
1411.5670003890991	0.025041300000111733	epochs	1.0
1411.5920416890992	0.009997399999974732	epochs	1.0
1411.6020390890992	0.02504129999988436	epochs	1.0
1411.6270965890992	0.5	epochs	-1.0
1411.627100389099	2.5397800000000643	epochs	0.0
1411.627100389099	0.5	epochs	1.0
1412.127100389099	1.0	epochs	1.0
1413.127100389099	1.0397800000000643	epochs	1.0
1413.6270965890992	0.5	epochs	-1.0
1414.166880389099	2.960199999999986	epochs	0.0
1416.755000114441	0.06007999999997082	epochs	0.0
1416.755000114441	0.025041300000111733	epochs	1.0
1416.780041414441	0.009997399999974732	epochs	1.0
1416.790038814441	0.02504129999988436	epochs	1.0
1416.815096314441	0.5	epochs	-1.0
1416.8151001144408	3.000780000000077	epochs	0.0
1416.8151001144408	0.5	epochs	1.0
1417.3151001144408	1.0	epochs	1.0
1418.3151001144408	1.500780000000077	epochs	1.0
1418.815096314441	0.5	epochs	-1.0
1419.315096314441	0.5	epochs	-1.0
1419.815880114441	3.4991999999999734	epochs	0.0
1420.2070002555847	0.06007999999997082	epochs	0.0
1420.2070002555847	0.025041300000111733	epochs	1.0
1420.2320415555848	0.009997399999974732	epochs	1.0
1420.2420389555848	0.02504129999988436	epochs	1.0
1420.2670964555848	0.5	epochs	-1.0
1420.2671002555846	2.54079999999999	epochs	0.0
1420.2671002555846	0.5	epochs	1.0
1420.7671002555846	1.0	epochs	1.0
1421.7671002555846	1.0407999999999902	epochs	1.0
1422.2670964555848	0.5	epochs	-1.0
1422.8079002555846	3.9591800000000603	epochs	0.0
1423.1100001335144	0.06007999999997082	epochs	0.0
1423.1100001335144	0.025041300000111733	epochs	1.0
1423.1350414335145	0.009997399999974732	epochs	1.0
1423.1450388335145	0.02504129999988436	epochs	1.0
1423.1700963335145	0.5	epochs	-1.0
1423.1701001335143	2.539800000000014	epochs	0.0
1423.1701001335143	0.5	epochs	1.0
1423.6701001335143	1.0	epochs	1.0
1424.6701001335143	1.0398000000000138	epochs	1.0
1425.1700963335145	0.5	epochs	-1.0
1425.7099001335143	3.9601800000000367	epochs	0.0
1426.0250000953674	0.06007999999997082	epochs	0.0
1426.0250000953674	0.025041300000111733	epochs	1.0
1426.0500413953675	0.009997399999974732	epochs	1.0
1426.0600387953675	0.02504129999988436	epochs	1.0
1426.0850962953675	0.5	epochs	-1.0
1426.0851000953674	2.541780000000017	epochs	0.0
1426.0851000953674	0.5	epochs	1.0
1426.5851000953674	1.0	epochs	1.0
1427.5851000953674	1.041780000000017	epochs	1.0
1428.0850962953675	0.5	epochs	-1.0
1428.6268800953674	3.9582000000000335	epochs	0.0
1428.9390001296997	0.06007999999997082	epochs	0.0
1428.9390001296997	0.025041300000111733	epochs	1.0
1428.9640414296998	0.009997399999974732	epochs	1.0
1428.9740388296998	0.02504129999988436	epochs	1.0
1428.9990963296998	0.5	epochs	-1.0
1428.9991001296996	2.5397800000000643	epochs	0.0
1428.9991001296996	0.5	epochs	1.0
1429.4991001296996	1.0	epochs	1.0
1430.4991001296996	1.0397800000000643	epochs	1.0
1430.9990963296998	0.5	epochs	-1.0
1431.5388801296997	3.960199999999986	epochs	0.0
1431.8520002365112	0.06007999999997082	epochs	0.0
1431.8520002365112	0.025041300000111733	epochs	1.0
1431.8770415365113	0.009997399999974732	epochs	1.0
1431.8870389365113	0.02504129999988436	epochs	1.0
1431.9120964365113	0.5	epochs	-1.0
1431.9121002365112	2.5407800000000407	epochs	0.0
1431.9121002365112	0.5	epochs	1.0
1432.4121002365112	1.0	epochs	1.0
1433.4121002365112	1.0407800000000407	epochs	1.0
1433.9120964365113	0.5	epochs	-1.0
1434.4528802365112	3.95920000000001	epochs	0.0
1434.8180003166199	0.1529800000000705	epochs	0.0
1434.8180003166199	0.049999999999954525	epochs	1.0
1434.8680003166198	0.003000000000156433	epochs	1.0
1434.87100031662	0.09997999999995955	epochs	1.0
1435.2890000343323	0.1529800000000705	epochs	0.0
1435.2890000343323	0.049999999999954525	epochs	1.0
1435.3390000343322	0.003000000000156433	epochs	1.0
1435.3420000343324	0.09997999999995955	epochs	1.0
1435.7430000305176	0.1529800000000705	epochs	0.0
1435.7430000305176	0.049999999999954525	epochs	1.0
1435.7930000305175	0.003000000000156433	epochs	1.0
1435.7960000305177	0.09997999999995955	epochs	1.0
1436.206000328064	0.1529800000000705	epochs	0.0
1436.206000328064	0.049999999999954525	epochs	1.0
1436.256000328064	0.003000000000156433	epochs	1.0
1436.259000328064	0.09997999999995955	epochs	1.0
1436.6720004081726	0.1529800000000705	epochs	0.0
1436.6720004081726	0.049999999999954525	epochs	1.0
1436.7220004081726	0.003000000000156433	epochs	1.0
1436.7250004081727	0.09997999999995955	epochs	1.0
1437.1400003433228	0.1529800000000705	epochs	0.0
1437.1400003433228	0.049999999999954525	epochs	1.0
1437.1900003433227	0.003000000000156433	epochs	1.0
1437.1930003433229	0.09997999999995955	epochs	1.0
1437.6050000190735	0.1529800000000705	epochs	0.0
1437.6050000190735	0.049999999999954525	epochs	1.0
1437.6550000190734	0.003000000000156433	epochs	1.0
1437.6580000190736	0.09997999999995955	epochs	1.0
1438.0920000076294	0.1529800000000705	epochs	0.0
1438.0920000076294	0.049999999999954525	epochs	1.0
1438.1420000076293	0.003000000000156433	epochs	1.0
1438.1450000076295	0.09997999999995955	epochs	1.0
1438.5730004310608	0.1529800000000705	epochs	0.0
1438.5730004310608	0.049999999999954525	epochs	1.0
1438.6230004310607	0.003000000000156433	epochs	1.0
1438.626000431061	0.09997999999995955	epochs	1.0
1439.0670003890991	0.1529800000000705	epochs	0.0
1439.0670003890991	0.049999999999954525	epochs	1.0
1439.117000389099	0.003000000000156433	epochs	1.0
1439.1200003890992	0.09997999999995955	epochs	1.0
1439.5500001907349	0.1529800000000705	epochs	0.0
1439.5500001907349	0.049999999999954525	epochs	1.0
1439.6000001907348	0.003000000000156433	epochs	1.0
1439.603000190735	0.09997999999995955	epochs	1.0
1440.0320000648499	0.1529800000000705	epochs	0.0
1440.0320000648499	0.049999999999954525	epochs	1.0
1440.0820000648498	0.003000000000156433	epochs	1.0
1440.08500006485	0.09997999999995955	epochs	1.0
1440.4980001449585	0.1529800000000705	epochs	0.0
1440.4980001449585	0.049999999999954525	epochs	1.0
1440.5480001449585	0.003000000000156433	epochs	1.0
1440.5510001449586	0.09997999999995955	epochs	1.0
1441.0	0.1529800000000705	epochs	0.0
1441.0	0.049999999999954525	epochs	1.0
1441.05	0.003000000000156433	epochs	1.0
1441.053	0.09997999999995955	epochs	1.0
1441.496000289917	0.1529800000000705	epochs	0.0
1441.496000289917	0.049999999999954525	epochs	1.0
1441.546000289917	0.003000000000156433	epochs	1.0
1441.549000289917	0.09997999999995955	epochs	1.0
1441.9670000076294	0.1529800000000705	epochs	0.0
1441.9670000076294	0.049999999999954525	epochs	1.0
1442.0170000076293	0.003000000000156433	epochs	1.0
1442.0200000076295	0.09997999999995955	epochs	1.0
1442.4610004425049	0.1529800000000705	epochs	0.0
1442.4610004425049	0.049999999999954525	epochs	1.0
1442.5110004425048	0.003000000000156433	epochs	1.0
1442.514000442505	0.09997999999995955	epochs	1.0
1442.9660000801086	0.1529800000000705	epochs	0.0
1442.9660000801086	0.049999999999954525	epochs	1.0
1443.0160000801086	0.003000000000156433	epochs	1.0
1443.0190000801088	0.09997999999995955	epochs	1.0
1443.4640002250671	0.1529800000000705	epochs	0.0
1443.4640002250671	0.049999999999954525	epochs	1.0
1443.514000225067	0.003000000000156433	epochs	1.0
1443.5170002250672	0.09997999999995955	epochs	1.0
1443.9790000915527	0.1529800000000705	epochs	0.0
1443.9790000915527	0.049999999999954525	epochs	1.0
1444.0290000915527	0.003000000000156433	epochs	1.0
1444.0320000915528	0.09997999999995955	epochs	1.0
1444.505000114441	0.1529800000000705	epochs	0.0
1444.505000114441	0.049999999999954525	epochs	1.0
1444.5550001144409	0.003000000000156433	epochs	1.0
1444.558000114441	0.09997999999995955	epochs	1.0
1445.0040001869202	0.1529800000000705	epochs	0.0
1445.0040001869202	0.049999999999954525	epochs	1.0
1445.0540001869201	0.003000000000156433	epochs	1.0
1445.0570001869203	0.09997999999995955	epochs	1.0
1445.5199999809265	0.1529800000000705	epochs	0.0
1445.5199999809265	0.049999999999954525	epochs	1.0
1445.5699999809265	0.003000000000156433	epochs	1.0
1445.5729999809266	0.09997999999995955	epochs	1.0
1446.0460000038147	0.1529800000000705	epochs	0.0
1446.0460000038147	0.049999999999954525	epochs	1.0
1446.0960000038147	0.003000000000156433	epochs	1.0
1446.0990000038148	0.09997999999995955	epochs	1.0
1446.5860004425049	0.1529800000000705	epochs	0.0
1446.5860004425049	0.049999999999954525	epochs	1.0
1446.6360004425048	0.003000000000156433	epochs	1.0
1446.639000442505	0.09997999999995955	epochs	1.0
1447.1020002365112	0.1529800000000705	epochs	0.0
1447.1020002365112	0.049999999999954525	epochs	1.0
1447.1520002365112	0.003000000000156433	epochs	1.0
1447.1550002365113	0.09997999999995955	epochs	1.0
1447.6490001678467	0.1529800000000705	epochs	0.0
1447.6490001678467	0.049999999999954525	epochs	1.0
1447.6990001678466	0.003000000000156433	epochs	1.0
1447.7020001678468	0.09997999999995955	epochs	1.0
1448.1720004081726	0.1529800000000705	epochs	0.0
1448.1720004081726	0.049999999999954525	epochs	1.0
1448.2220004081726	0.003000000000156433	epochs	1.0
1448.2250004081727	0.09997999999995955	epochs	1.0
1448.7300000190735	0.06007999999997082	epochs	0.0
1448.7300000190735	0.025041300000111733	epochs	1.0
1448.7550413190736	0.009997399999974732	epochs	1.0
1448.7650387190736	0.02504129999988436	epochs	1.0
1448.7900962190736	0.5	epochs	-1.0
1448.7901000190734	0.5396800000000894	epochs	0.0
1448.7901000190734	0.5	epochs	1.0
1449.2901000190734	0.003000000000156433	epochs	1.0
1449.2931000190736	0.03667999999993299	epochs	1.0
1449.3297800190735	1.0633000000000266	epochs	0.0
1462.1350002288818	0.06007999999997082	epochs	0.0
1462.1350002288818	0.025041300000111733	epochs	1.0
1462.160041528882	0.009997399999974732	epochs	1.0
1462.170038928882	0.02504129999988436	epochs	1.0
1462.195096428882	0.5	epochs	-1.0
1462.1951002288818	1.5398600000000897	epochs	0.0
1462.1951002288818	0.5	epochs	1.0
1462.6951002288818	0.003000000000156433	epochs	1.0
1462.698100228882	1.0368599999999333	epochs	1.0
1463.1980964288819	0.5	epochs	-1.0
1463.7349602288818	0.06312000000002627	epochs	0.0
1464.5070004463196	0.06007999999997082	epochs	0.0
1464.5070004463196	0.025041300000111733	epochs	1.0
1464.5320417463197	0.009997399999974732	epochs	1.0
1464.5420391463197	0.02504129999988436	epochs	1.0
1464.5670966463197	0.5	epochs	-1.0
1464.5671004463195	1.602980000000116	epochs	0.0
1464.5671004463195	0.5	epochs	1.0
1465.0671004463195	0.003000000000156433	epochs	1.0
1465.0701004463197	1.0999799999999595	epochs	1.0
1465.5700966463196	0.5	epochs	-1.0
1466.7870001792908	0.06007999999997082	epochs	0.0
1466.7870001792908	0.025041300000111733	epochs	1.0
1466.8120414792909	0.009997399999974732	epochs	1.0
1466.8220388792909	0.02504129999988436	epochs	1.0
1466.8470963792909	0.5	epochs	-1.0
1466.8471001792907	1.5397800000000643	epochs	0.0
1466.8471001792907	0.5	epochs	1.0
1467.3471001792907	0.003000000000156433	epochs	1.0
1467.3501001792908	1.0367799999999079	epochs	1.0
1467.8500963792908	0.5	epochs	-1.0
1468.3868801792908	0.06320000000005166	epochs	0.0
1469.0240001678467	0.06007999999997082	epochs	0.0
1469.0240001678467	0.025041300000111733	epochs	1.0
1469.0490414678468	0.009997399999974732	epochs	1.0
1469.0590388678468	0.02504129999988436	epochs	1.0
1469.0840963678468	0.5	epochs	-1.0
1469.0841001678466	1.5407800000000407	epochs	0.0
1469.0841001678466	0.5	epochs	1.0
1469.5841001678466	0.003000000000156433	epochs	1.0
1469.5871001678468	1.0377799999998842	epochs	1.0
1470.0870963678467	0.5	epochs	-1.0
1470.6248801678466	0.062200000000075306	epochs	0.0
1471.2880001068115	0.06007999999997082	epochs	0.0
1471.2880001068115	0.025041300000111733	epochs	1.0
1471.3130414068116	0.009997399999974732	epochs	1.0
1471.3230388068116	0.02504129999988436	epochs	1.0
1471.3480963068116	0.5	epochs	-1.0
1471.3481001068114	11.29971999999998	epochs	0.0
1471.3481001068114	0.5	epochs	1.0
1471.8481001068114	10.79971999999998	epochs	1.0
1481.6079401068116	1.0398799999998118	epochs	-1.0
1481.6079401068116	0.03989999999998872	epochs	-1.0
1482.1054163068115	0.5	epochs	-1.0
1482.6478201068114	8.200260000000071	epochs	0.0
1483.2360000610352	0.06007999999997082	epochs	0.0
1483.2360000610352	0.025041300000111733	epochs	1.0
1483.2610413610353	0.009997399999974732	epochs	1.0
1483.2710387610352	0.02504129999988436	epochs	1.0
1483.2960962610352	0.5	epochs	-1.0
1483.296100061035	11.07972000000018	epochs	0.0
1483.296100061035	0.5	epochs	1.0
1483.796100061035	10.57972000000018	epochs	1.0
1493.3759400610352	0.9998800000000756	epochs	-1.0
1493.3759400610352	0.03991999999993823	epochs	-1.0
1493.8734162610351	0.5	epochs	-1.0
1494.3758200610353	8.420259999999871	epochs	0.0
1494.7670001983643	0.06007999999997082	epochs	0.0
1494.7670001983643	0.025041300000111733	epochs	1.0
1494.7920414983644	0.009997399999974732	epochs	1.0
1494.8020388983643	0.02504129999988436	epochs	1.0
1494.8270963983643	0.5	epochs	-1.0
1494.8271001983642	11.099720000000161	epochs	0.0
1494.8271001983642	0.5	epochs	1.0
1495.3271001983642	10.599720000000161	epochs	1.0
1504.9269401983643	0.9998800000000756	epochs	-1.0
1504.9269401983643	0.03989999999998872	epochs	-1.0
1505.4244163983642	0.5	epochs	-1.0
1505.9268201983643	8.40025999999989	epochs	0.0
1518.2760000228882	0.06007999999997082	epochs	0.0
1518.2760000228882	0.025041300000111733	epochs	1.0
1518.3010413228883	0.009997399999974732	epochs	1.0
1518.3110387228883	0.02504129999988436	epochs	1.0
1518.3360800228882	2.0	epochs	0.0
1520.3360800228882	5.3805600000000595	epochs	0.0
1520.3360800228882	1.0	epochs	1.0
1520.3360962228883	0.5	epochs	-1.0
1520.8360962228883	4.880543799999941	epochs	-1.0
1521.3360800228882	4.3805600000000595	epochs	1.0
1521.3360800228882	4.356753900000058	epochs	-1.0
1521.3360800228882	1.9745872000000873	epochs	2.0
1521.3360800228882	1.0985622000000603	epochs	3.0
1522.4346422228882	0.8760250000000269	epochs	3.0
1523.3106672228882	1.3524075000000266	epochs	2.0
1523.3106672228882	0.7286354999998821	epochs	3.0
1524.0393027228881	0.6237720000001445	epochs	3.0
1524.6630747228883	1.029759199999944	epochs	2.0
1524.6630747228883	0.5453292999998212	epochs	3.0
1525.208404022888	0.48442990000012287	epochs	3.0
1525.6928339228882	0.023806100000001607	epochs	2.0
1525.6928339228882	0.023806100000001607	epochs	3.0
1525.7166400228882	16.619359999999915	epochs	0.0
1526.2080001831055	0.06007999999997082	epochs	0.0
1526.2080001831055	0.025041300000111733	epochs	1.0
1526.2330414831056	0.009997399999974732	epochs	1.0
1526.2430388831056	0.02504129999988436	epochs	1.0
1526.2680801831054	2.0	epochs	0.0
1528.2680801831054	21.500639999999976	epochs	0.0
1528.2680801831054	1.0	epochs	1.0
1528.2680963831056	0.5	epochs	-1.0
1528.7680963831056	19.999199999999973	epochs	-1.0
1529.2680801831054	20.0	epochs	1.0
1529.2680801831054	4.356753900000058	epochs	-1.0
1529.2680801831054	1.9745872000000873	epochs	2.0
1529.2680801831054	1.0985622000000603	epochs	3.0
1530.3666423831055	0.8760250000000269	epochs	3.0
1531.2426673831055	1.3524075000000266	epochs	2.0
1531.2426673831055	0.7286354999998821	epochs	3.0
1531.9713028831054	0.6237720000001445	epochs	3.0
1532.5950748831056	1.029759199999944	epochs	2.0
1532.5950748831056	0.5453292999998212	epochs	3.0
1533.1404041831054	0.48442990000012287	epochs	3.0
1533.6248340831055	0.8317861999998968	epochs	2.0
1533.6248340831055	0.4357763000000432	epochs	3.0
1534.0606103831055	0.3960098999998536	epochs	3.0
1534.4566202831054	0.6977970000000369	epochs	2.0
1534.4566202831054	0.3628982000000178	epochs	3.0
1534.8195184831054	0.33489880000001904	epochs	3.0
1535.1544172831054	0.601045699999986	epochs	2.0
1535.1544172831054	0.3109122999999272	epochs	3.0
1535.4653295831054	0.2901334000000588	epochs	3.0
1535.7554629831054	0.5278859000000011	epochs	2.0
1535.7554629831054	0.2719586000000618	epochs	3.0
1536.0274215831055	0.25592729999993935	epochs	3.0
1536.2833488831054	0.470619299999953	epochs	2.0
1536.2833488831054	0.241681299999982	epochs	3.0
1536.5250301831054	0.228937999999971	epochs	3.0
1536.7539681831054	0.42457039999999324	epochs	2.0
1536.7539681831054	0.21747140000002219	epochs	3.0
1536.9714395831054	0.20709899999997106	epochs	3.0
1537.1785385831054	0.3867354000001342	epochs	2.0
1537.1785385831054	0.19767110000020693	epochs	3.0
1537.3762096831056	0.18906429999992724	epochs	3.0
1537.5652739831055	0.35509529999990264	epochs	2.0
1537.5652739831055	0.18117589999997108	epochs	3.0
1537.7464498831055	0.17391939999993156	epochs	3.0
1537.9203692831054	0.3282431000000088	epochs	2.0
1537.9203692831054	0.16722189999995862	epochs	3.0
1538.0875911831054	0.16102120000005016	epochs	3.0
1538.2486123831054	0.30516800000009425	epochs	2.0
1538.2486123831054	0.15526390000013635	epochs	3.0
1538.4038762831055	0.1499040999999579	epochs	3.0
1538.5537803831055	0.28512529999989056	epochs	2.0
1538.5537803831055	0.14490209999985382	epochs	3.0
1538.6986824831054	0.14022320000003674	epochs	3.0
1538.8389056831054	0.267553800000087	epochs	2.0
1538.8389056831054	0.13583690000018578	epochs	3.0
1538.9747425831056	0.13171689999990122	epochs	3.0
1539.1064594831055	0.252022899999929	epochs	2.0
1539.1064594831055	0.1278393000000051	epochs	3.0
1539.2342987831055	0.1241835999999239	epochs	3.0
1539.3584823831054	0.23819649999995818	epochs	2.0
1539.3584823831054	0.12073110000005727	epochs	3.0
1539.4792134831055	0.11746539999990091	epochs	3.0
1539.5966788831054	0.2258088000000953	epochs	2.0
1539.5966788831054	0.11437190000015107	epochs	3.0
1539.7110507831055	0.11143689999994422	epochs	3.0
1539.8224876831055	0.21464599999990241	epochs	2.0
1539.8224876831055	0.10864889999993466	epochs	3.0
1539.9311365831054	0.10599709999996776	epochs	3.0
1540.0371336831054	0.20453500000007807	epochs	2.0
1540.0371336831054	0.10347150000006877	epochs	3.0
1540.1406051831054	0.1010635000000093	epochs	3.0
1540.2416686831054	0.19533400000000256	epochs	2.0
1540.2416686831054	0.09876510000003691	epochs	3.0
1540.3404337831055	0.09656889999996565	epochs	3.0
1540.4370026831054	0.18692529999998442	epochs	2.0
1540.4370026831054	0.09446830000001682	epochs	3.0
1540.5314709831055	0.09245699999996759	epochs	3.0
1540.6239279831054	0.1792107000001124	epochs	2.0
1540.6239279831054	0.0905296000000817	epochs	3.0
1540.7144575831055	0.08868110000003071	epochs	3.0
1540.8031386831055	0.17210769999996955	epochs	2.0
1540.8031386831055	0.08690630000000965	epochs	3.0
1540.8900449831056	0.0852013999999599	epochs	3.0
1540.9752463831055	0.16554640000003928	epochs	2.0
1540.9752463831055	0.08356189999994967	epochs	3.0
1541.0588082831055	0.08198450000008961	epochs	3.0
1541.1407927831056	0.15946709999980158	epochs	2.0
1541.1407927831056	0.08046539999986635	epochs	3.0
1541.2212581831054	0.07900169999993523	epochs	3.0
1541.3002598831054	0.15381840000009106	epochs	2.0
1541.3002598831054	0.07759010000017952	epochs	3.0
1541.3778499831055	0.07622829999991154	epochs	3.0
1541.4540782831054	0.14855639999996129	epochs	2.0
1541.4540782831054	0.07491329999993468	epochs	3.0
1541.5289915831054	0.0736431000000266	epochs	3.0
1541.6026346831054	0.14364240000008976	epochs	2.0
1541.6026346831054	0.07241500000009182	epochs	3.0
1541.6750496831055	0.07122739999999794	epochs	3.0
1541.7462770831055	0.13904309999998077	epochs	2.0
1541.7462770831055	0.07007799999996678	epochs	3.0
1541.8163550831055	0.06896510000001399	epochs	3.0
1541.8853201831055	0.13472929999988992	epochs	2.0
1541.8853201831055	0.0678871000000072	epochs	3.0
1541.9532072831055	0.06684219999988272	epochs	3.0
1542.0200494831054	0.1306752000000415	epochs	2.0
1542.0200494831054	0.06582910000020092	epochs	3.0
1542.0858785831056	0.06484609999984059	epochs	3.0
1542.1507246831054	0.12685780000015257	epochs	2.0
1542.1507246831054	0.06389200000012352	epochs	3.0
1542.2146166831055	0.06296580000002905	epochs	3.0
1542.2775824831056	0.12325719999989815	epochs	2.0
1542.2775824831056	0.06206579999980022	epochs	3.0
1542.3396482831054	0.06119140000009793	epochs	3.0
1542.4008396831055	0.11985540000000583	epochs	2.0
1542.4008396831055	0.060341099999959624	epochs	3.0
1542.4611807831054	0.059514300000046205	epochs	3.0
1542.5206950831055	0.1166361999999026	epochs	2.0
1542.5206950831055	0.058709599999929196	epochs	3.0
1542.5794046831054	0.057926599999973405	epochs	3.0
1542.6373312831054	0.11358560000007856	epochs	2.0
1542.6373312831054	0.057164200000215715	epochs	3.0
1542.6944954831056	0.05642139999986284	epochs	3.0
1542.7509168831054	0.11069049999991876	epochs	2.0
1542.7509168831054	0.055697900000041045	epochs	3.0
1542.8066147831055	0.05499259999987771	epochs	3.0
1542.8616073831054	0.1079391000000669	epochs	2.0
1542.8616073831054	0.05430490000003374	epochs	3.0
1542.9159122831054	0.05363420000003316	epochs	3.0
1542.9695464831054	0.10532149999994544	epochs	2.0
1542.9695464831054	0.05297999999993408	epochs	3.0
1543.0225264831054	0.052341500000011365	epochs	3.0
1543.0748679831054	0.10282760000018243	epochs	2.0
1543.0748679831054	0.05171810000001642	epochs	3.0
1543.1265860831054	0.05110950000016601	epochs	3.0
1543.1776955831056	0.10044909999987794	epochs	2.0
1543.1776955831056	0.0505148999998255	epochs	3.0
1543.2282104831054	0.04993420000005244	epochs	3.0
1543.2781446831054	0.0981782999999723	epochs	2.0
1543.2781446831054	0.04936659999998483	epochs	3.0
1543.3275112831054	0.04881169999998747	epochs	3.0
1543.3763229831054	0.09600780000005216	epochs	2.0
1543.3763229831054	0.04826920000004975	epochs	3.0
1543.4245921831055	0.04773860000000241	epochs	3.0
1543.4723307831055	0.09393120000004274	epochs	2.0
1543.4723307831055	0.04721949999998287	epochs	3.0
1543.5195502831054	0.046711700000059864	epochs	3.0
1543.5662619831055	0.09194260000003851	epochs	2.0
1543.5662619831055	0.046214599999984785	epochs	3.0
1543.6124765831055	0.045728000000053726	epochs	3.0
1543.6582045831055	0.09003629999983787	epochs	2.0
1543.6582045831055	0.045251499999949374	epochs	3.0
1543.7034560831055	0.04478479999988849	epochs	3.0
1543.7482408831054	0.08820760000003247	epochs	2.0
1543.7482408831054	0.044327800000019124	epochs	3.0
1543.7925686831054	0.04387980000001335	epochs	3.0
1543.8364484831054	0.0864516999999978	epochs	2.0
1543.8364484831054	0.04344100000002982	epochs	3.0
1543.8798894831054	0.04301069999996798	epochs	3.0
1543.9229001831054	0.08476429999996071	epochs	2.0
1543.9229001831054	0.04258900000013455	epochs	3.0
1543.9654891831055	0.042175299999826166	epochs	3.0
1544.0076644831054	0.08314150000001064	epochs	2.0
1544.0076644831054	0.04176970000003166	epochs	3.0
1544.0494341831054	0.041371799999978975	epochs	3.0
1544.0908059831054	0.08157970000002024	epochs	2.0
1544.0908059831054	0.04098140000019157	epochs	3.0
1544.1317873831056	0.04059829999982867	epochs	3.0
1544.1723856831054	0.08007550000002084	epochs	2.0
1544.1723856831054	0.040222300000095856	epochs	3.0
1544.2126079831055	0.03985319999992498	epochs	3.0
1544.2524611831054	0.07862569999997504	epochs	2.0
1544.2524611831054	0.039490800000066884	epochs	3.0
1544.2919519831055	0.03913489999990816	epochs	3.0
1544.3310868831054	0.07722760000001472	epochs	2.0
1544.3310868831054	0.038785400000051595	epochs	3.0
1544.3698722831055	0.03844219999996312	epochs	3.0
1544.4083144831054	0.07587820000003376	epochs	2.0
1544.4083144831054	0.03810480000015559	epochs	3.0
1544.4464192831056	0.037773399999878166	epochs	3.0
1544.4841926831054	0.0745752000000266	epochs	2.0
1544.4841926831054	0.03744770000002973	epochs	3.0
1544.5216403831055	0.03712749999999687	epochs	3.0
1544.5587678831055	0.07331629999998768	epochs	2.0
1544.5587678831055	0.0368129000000863	epochs	3.0
1544.5955807831056	0.036503399999901376	epochs	3.0
1544.6320841831055	0.07209899999998015	epochs	2.0
1544.6320841831055	0.03619909999997617	epochs	3.0
1544.6682832831054	0.03589990000000398	epochs	3.0
1544.7041831831054	0.07092170000009901	epochs	2.0
1544.7041831831054	0.03560560000005353	epochs	3.0
1544.7397887831055	0.03531610000004548	epochs	3.0
1544.7751048831055	0.06978200000003199	epochs	2.0
1544.7751048831055	0.03503119999982118	epochs	3.0
1544.8101360831054	0.0347508000002108	epochs	3.0
1544.8448868831056	0.06867859999988468	epochs	2.0
1544.8448868831056	0.03447509999978138	epochs	3.0
1544.8793619831054	0.034203500000103304	epochs	3.0
1544.9135654831055	0.06760929999995824	epochs	2.0
1544.9135654831055	0.033936199999970995	epochs	3.0
1544.9475016831054	0.033673099999987244	epochs	3.0
1544.9811747831054	0.06657289999998284	epochs	2.0
1544.9811747831054	0.03341399999999339	epochs	3.0
1545.0145887831054	0.033158899999989444	epochs	3.0
1545.0477476831054	0.06556780000005347	epochs	2.0
1545.0477476831054	0.03290770000012344	epochs	3.0
1545.0806553831055	0.032660099999930026	epochs	3.0
1545.1133154831055	0.06459259999996902	epochs	2.0
1545.1133154831055	0.03241640000010193	epochs	3.0
1545.1457318831056	0.032176199999867094	epochs	3.0
1545.1779080831054	0.06364600000006249	epochs	2.0
1545.1779080831054	0.03193959999998697	epochs	3.0
1545.2098476831054	0.03170640000007552	epochs	3.0
1545.2415540831055	0.0627266999999847	epochs	2.0
1545.2415540831055	0.031476599999905375	epochs	3.0
1545.2730306831054	0.03125010000007933	epochs	3.0
1545.3042807831055	0.06183359999999993	epochs	2.0
1545.3042807831055	0.03102689999991526	epochs	3.0
1545.3353076831054	0.030806700000084675	epochs	3.0
1545.3661143831055	0.060965599999917686	epochs	2.0
1545.3661143831055	0.030589799999916067	epochs	3.0
1545.3967041831054	0.030375800000001618	epochs	3.0
1545.4270799831054	0.06012160000000222	epochs	2.0
1545.4270799831054	0.030164900000045236	epochs	3.0
1545.4572448831054	0.02995669999995698	epochs	3.0
1545.4872015831054	0.05930069999999432	epochs	2.0
1545.4872015831054	0.029751600000054168	epochs	3.0
1545.5169531831054	0.029549099999940154	epochs	3.0
1545.5465022831054	0.058501800000158255	epochs	2.0
1545.5465022831054	0.02934940000000097	epochs	3.0
1545.5758516831054	0.029152400000157286	epochs	3.0
1545.6050040831055	0.05772419999993872	epochs	2.0
1545.6050040831055	0.028957999999875028	epochs	3.0
1545.6339620831054	0.02876620000006369	epochs	3.0
1545.6627282831055	0.05696710000006533	epochs	2.0
1545.6627282831055	0.028577000000041153	epochs	3.0
1545.6913052831055	0.028390100000024177	epochs	3.0
1545.7196953831055	0.05622949999997218	epochs	2.0
1545.7196953831055	0.028205699999944045	epochs	3.0
1545.7479010831055	0.028023800000028132	epochs	3.0
1545.7759248831055	0.05551070000001346	epochs	2.0
1545.7759248831055	0.027843999999959124	epochs	3.0
1545.8037688831055	0.027666700000054334	epochs	3.0
1545.8314355831055	0.054810200000019904	epochs	2.0
1545.8314355831055	0.02749149999999645	epochs	3.0
1545.8589270831055	0.027318700000023455	epochs	3.0
1545.8862457831056	0.054126999999880354	epochs	2.0
1545.8862457831056	0.027147799999966082	epochs	3.0
1545.9133935831055	0.026979199999914272	epochs	3.0
1545.9403727831054	0.053460699999959616	epochs	2.0
1545.9403727831054	0.026812600000084785	epochs	3.0
1545.9671853831055	0.02664809999987483	epochs	3.0
1545.9938334831054	0.05281070000000909	epochs	2.0
1545.9938334831054	0.026485600000114573	epochs	3.0
1546.0203190831055	0.02632509999989452	epochs	3.0
1546.0466441831054	0.05217620000007628	epochs	2.0
1546.0466441831054	0.026166399999965506	epochs	3.0
1546.0728105831054	0.026009800000110772	epochs	3.0
1546.0988203831055	0.051556699999991906	epochs	2.0
1546.0988203831055	0.025854799999933675	epochs	3.0
1546.1246751831054	0.02570190000005823	epochs	3.0
1546.1503770831055	0.05095189999997274	epochs	2.0
1546.1503770831055	0.025550699999939752	epochs	3.0
1546.1759277831054	0.025401200000032986	epochs	3.0
1546.2013289831054	0.05036100000006627	epochs	2.0
1546.2013289831054	0.025253499999962514	epochs	3.0
1546.2265824831054	0.025107500000103755	epochs	3.0
1546.2516899831055	0.04978379999988647	epochs	2.0
1546.2516899831055	0.02496320000000196	epochs	3.0
1546.2766531831055	0.024820599999884507	epochs	3.0
1546.3014737831054	0.04921950000016295	epochs	2.0
1546.3014737831054	0.024679399999968155	epochs	3.0
1546.3261531831054	0.024540100000194798	epochs	3.0
1546.3506932831056	0.04866789999982757	epochs	2.0
1546.3506932831056	0.024402099999861093	epochs	3.0
1546.3750953831054	0.024265799999966475	epochs	3.0
1546.3993611831054	0.04812860000015462	epochs	2.0
1546.3993611831054	0.024131000000124914	epochs	3.0
1546.4234921831055	0.023997600000029706	epochs	3.0
1546.4474897831055	0.04760109999983797	epochs	2.0
1546.4474897831055	0.02386579999983951	epochs	3.0
1546.4713555831054	0.02373529999999846	epochs	3.0
1546.4950908831054	0.04708500000015192	epochs	2.0
1546.4950908831054	0.023606299999983094	epochs	3.0
1546.5186971831054	0.02347870000016883	epochs	3.0
1546.5421758831055	0.046579999999948996	epochs	2.0
1546.5421758831055	0.023352499999873544	epochs	3.0
1546.5655283831054	0.02322750000007545	epochs	3.0
1546.5887558831055	0.046085700000048746	epochs	2.0
1546.5887558831055	0.023104000000103042	epochs	3.0
1546.6118598831056	0.022981699999945704	epochs	3.0
1546.6348415831055	0.045601799999985815	epochs	2.0
1546.6348415831055	0.02286069999991014	epochs	3.0
1546.6577022831054	0.022741100000075676	epochs	3.0
1546.6804433831055	0.045127899999897636	epochs	2.0
1546.6804433831055	0.022622499999897627	epochs	3.0
1546.7030658831054	0.02250540000000001	epochs	3.0
1546.7255712831054	0.0446638000000803	epochs	2.0
1546.7255712831054	0.02238929999998618	epochs	3.0
1546.7479605831054	0.022274500000094122	epochs	3.0
1546.7702350831055	0.04420920000006845	epochs	2.0
1546.7702350831055	0.022160799999937808	epochs	3.0
1546.7923958831054	0.02204840000013064	epochs	3.0
1546.8144442831056	0.04376359999992019	epochs	2.0
1546.8144442831056	0.02193689999990056	epochs	3.0
1546.8363811831055	0.021826700000019628	epochs	3.0
1546.8582078831055	0.04332709999994222	epochs	2.0
1546.8582078831055	0.02171760000010181	epochs	3.0
1546.8799254831056	0.02160949999984041	epochs	3.0
1546.9015349831054	0.04289900000003399	epochs	2.0
1546.9015349831054	0.02150249999999687	epochs	3.0
1546.9230374831054	0.021396500000037122	epochs	3.0
1546.9444339831055	0.04247950000012679	epochs	2.0
1546.9444339831055	0.021291700000119818	epochs	3.0
1546.9657256831056	0.021187800000006973	epochs	3.0
1546.9869134831056	0.04206789999989269	epochs	2.0
1546.9869134831056	0.021084899999777917	epochs	3.0
1547.0079983831054	0.02098300000011477	epochs	3.0
1547.0289813831055	0.04166439999994509	epochs	2.0
1547.0289813831055	0.020882199999959994	epochs	3.0
1547.0498635831054	0.020782199999985096	epochs	3.0
1547.0706457831054	0.04126850000011473	epochs	2.0
1547.0706457831054	0.020683299999973315	epochs	3.0
1547.0913290831054	0.020585200000141413	epochs	3.0
1547.1119142831055	0.04088000000001557	epochs	2.0
1547.1119142831055	0.020488099999965925	epochs	3.0
1547.1324023831055	0.020391900000049645	epochs	3.0
1547.1527942831055	0.04049880000002304	epochs	2.0
1547.1527942831055	0.020296599999937825	epochs	3.0
1547.1730908831055	0.020202200000085213	epochs	3.0
1547.1932930831056	0.040124599999899146	epochs	2.0
1547.1932930831056	0.020108699999809687	epochs	3.0
1547.2134017831054	0.02001590000008946	epochs	3.0
1547.2334176831055	0.03975730000001931	epochs	2.0
1547.2334176831055	0.019924200000104975	epochs	3.0
1547.2533418831056	0.01983309999991434	epochs	3.0
1547.2731749831055	0.03939669999999751	epochs	2.0
1547.2731749831055	0.01974300000006224	epochs	3.0
1547.2929179831056	0.01965369999993527	epochs	3.0
1547.3125716831055	0.03904239999997117	epochs	2.0
1547.3125716831055	0.019565099999908853	epochs	3.0
1547.3321367831054	0.019477300000062314	epochs	3.0
1547.3516140831055	0.038694600000098944	epochs	2.0
1547.3516140831055	0.019390400000020236	epochs	3.0
1547.3710044831055	0.01930420000007871	epochs	3.0
1547.3903086831056	0.038352899999836154	epochs	2.0
1547.3903086831056	0.019218799999862313	epochs	3.0
1547.4095274831054	0.01913409999997384	epochs	3.0
1547.4286615831054	0.03801720000001296	epochs	2.0
1547.4286615831054	0.019050200000037876	epochs	3.0
1547.4477117831054	0.018966999999975087	epochs	3.0
1547.4666787831054	0.03768720000016401	epochs	2.0
1547.4666787831054	0.01888450000001285	epochs	3.0
1547.4855632831054	0.018802700000151162	epochs	3.0
1547.5043659831056	0.03736309999999321	epochs	2.0
1547.5043659831056	0.018721699999787234	epochs	3.0
1547.5230876831054	0.018641400000205977	epochs	3.0
1547.5417290831056	0.03704429999993408	epochs	2.0
1547.5417290831056	0.018561599999884493	epochs	3.0
1547.5602906831054	0.01848270000004959	epochs	3.0
1547.5787733831055	0.03673099999991791	epochs	2.0
1547.5787733831055	0.018404299999929208	epochs	3.0
1547.5971776831054	0.018326699999988705	epochs	3.0
1547.6155043831054	0.03642290000016146	epochs	2.0
1547.6155043831054	0.018249599999990096	epochs	3.0
1547.6337539831054	0.018173300000171366	epochs	3.0
1547.6519272831056	0.036120099999834565	epochs	2.0
1547.6519272831056	0.01809759999991911	epochs	3.0
1547.6700248831055	0.018022499999915453	epochs	3.0
1547.6880473831054	0.035822100000132195	epochs	2.0
1547.6880473831054	0.017947900000081063	epochs	3.0
1547.7059952831055	0.017874200000051133	epochs	3.0
1547.7238694831055	0.03552899999999681	epochs	2.0
1547.7238694831055	0.017800800000031813	epochs	3.0
1547.7416702831056	0.017728199999965	epochs	3.0
1547.7593984831055	0.03524070000003121	epochs	2.0
1547.7593984831055	0.01765609999984008	epochs	3.0
1547.7770545831054	0.01758460000019113	epochs	3.0
1547.7946391831056	0.03495709999992869	epochs	2.0
1547.7946391831056	0.017513699999881283	epochs	3.0
1547.8121528831055	0.017443400000047404	epochs	3.0
1547.8295962831055	0.034677899999906	epochs	2.0
1547.8295962831055	0.017373599999928047	epochs	3.0
1547.8469698831054	0.017304299999977957	epochs	3.0
1547.8642741831054	0.03440330000012182	epochs	2.0
1547.8642741831054	0.017235700000128418	epochs	3.0
1547.8815098831055	0.0171675999999934	epochs	3.0
1547.8986774831055	0.03413279999995211	epochs	2.0
1547.8986774831055	0.01709989999994832	epochs	3.0
1547.9157773831055	0.017032900000003792	epochs	3.0
1547.9328102831055	0.03386670000008962	epochs	2.0
1547.9328102831055	0.01696640000000116	epochs	3.0
1547.9497766831055	0.016900300000088464	epochs	3.0
1547.9666769831056	0.03360459999998966	epochs	2.0
1547.9666769831056	0.01683479999996962	epochs	3.0
1547.9835117831055	0.01676980000002004	epochs	3.0
1548.0002815831056	0.033346599999958926	epochs	2.0
1548.0002815831056	0.016705300000012357	epochs	3.0
1548.0169868831056	0.01664129999994657	epochs	3.0
1548.0336281831055	0.033092499999838765	epochs	2.0
1548.0336281831055	0.016577800000050047	epochs	3.0
1548.0502059831056	0.016514699999788718	epochs	3.0
1548.0667206831054	0.032842300000083924	epochs	2.0
1548.0667206831054	0.01645220000000336	epochs	3.0
1548.0831728831054	0.016390100000080565	epochs	3.0
1548.0995629831054	0.03259570000000167	epochs	2.0
1548.0995629831054	0.016328400000020338	epochs	3.0
1548.1158913831055	0.016267299999981333	epochs	3.0
1548.1321586831054	0.032352899999978035	epochs	2.0
1548.1321586831054	0.016206600000032267	epochs	3.0
1548.1483652831055	0.016146299999945768	epochs	3.0
1548.1645115831054	0.032113700000081735	epochs	2.0
1548.1645115831054	0.016086600000107865	epochs	3.0
1548.1805981831055	0.01602709999997387	epochs	3.0
1548.1966252831055	0.03187800000000607	epochs	2.0
1548.1966252831055	0.0159681999998611	epochs	3.0
1548.2125934831054	0.01590980000014497	epochs	3.0
1548.2285032831055	0.03164569999989908	epochs	2.0
1548.2285032831055	0.015851599999905375	epochs	3.0
1548.2443548831054	0.015794099999993705	epochs	3.0
1548.2601489831054	0.03141670000013619	epochs	2.0
1548.2601489831054	0.015736700000161363	epochs	3.0
1548.2758856831056	0.015679999999974825	epochs	3.0
1548.2915656831055	0.03119109999988723	epochs	2.0
1548.2915656831055	0.015623600000026272	epochs	3.0
1548.3071892831056	0.015567499999860956	epochs	3.0
1548.3227567831054	0.03096870000013041	epochs	2.0
1548.3227567831054	0.015511999999944237	epochs	3.0
1548.3382687831054	0.015456700000186174	epochs	3.0
1548.3537254831056	0.030749499999956242	epochs	2.0
1548.3537254831056	0.015401999999994587	epochs	3.0
1548.3691274831056	0.015347499999961656	epochs	3.0
1548.3844749831055	0.03053320000003623	epochs	2.0
1548.3844749831055	0.015293400000018664	epochs	3.0
1548.3997683831055	0.015239800000017567	epochs	3.0
1548.4150081831056	0.030320099999926242	epochs	2.0
1548.4150081831056	0.015186500000027081	epochs	3.0
1548.4301946831056	0.015133599999899161	epochs	3.0
1548.4453282831055	0.03010990000007041	epochs	2.0
1548.4453282831055	0.015081000000009226	epochs	3.0
1548.4604092831055	0.015028900000061185	epochs	3.0
1548.4754381831056	0.029902499999934662	epochs	2.0
1548.4754381831056	0.014976999999817053	epochs	3.0
1548.4904151831054	0.014925500000117609	epochs	3.0
1548.5053406831055	0.029698099999905025	epochs	2.0
1548.5053406831055	0.014874400000053356	epochs	3.0
1548.5202150831055	0.01482369999985167	epochs	3.0
1548.5350387831054	0.029496300000118936	epochs	2.0
1548.5350387831054	0.014773200000036013	epochs	3.0
1548.5498119831054	0.014723100000082923	epochs	3.0
1548.5645350831055	0.029297399999904883	epochs	2.0
1548.5645350831055	0.014673399999992398	epochs	3.0
1548.5792084831055	0.014623999999912485	epochs	3.0
1548.5938324831054	0.02910110000016175	epochs	2.0
1548.5938324831054	0.014574900000070556	epochs	3.0
1548.6084073831055	0.014526200000091194	epochs	3.0
1548.6229335831056	0.028907399999980044	epochs	2.0
1548.6229335831056	0.01447769999981574	epochs	3.0
1548.6374112831054	0.014429700000164303	epochs	3.0
1548.6518409831056	0.028716199999962555	epochs	2.0
1548.6518409831056	0.014381799999910072	epochs	3.0
1548.6662227831055	0.014334400000052483	epochs	3.0
1548.6805571831055	0.02852759999996124	epochs	2.0
1548.6805571831055	0.014287199999898803	epochs	3.0
1548.6948443831054	0.014240400000062436	epochs	3.0
1548.7090847831055	0.028341400000044814	epochs	2.0
1548.7090847831055	0.014193799999929979	epochs	3.0
1548.7232785831054	0.014147600000114835	epochs	3.0
1548.7374261831055	0.02815769999983786	epochs	2.0
1548.7374261831055	0.014101699999855555	epochs	3.0
1548.7515278831054	0.014055999999982305	epochs	3.0
1548.7655838831054	0.027976300000091214	epochs	2.0
1548.7655838831054	0.014010600000119666	epochs	3.0
1548.7795944831055	0.013965699999971548	epochs	3.0
1548.7935601831055	0.027797200000122757	epochs	2.0
1548.7935601831055	0.013920800000050804	epochs	3.0
1548.8074809831055	0.013876400000071953	epochs	3.0
1548.8213573831056	0.027620399999932488	epochs	2.0
1548.8213573831056	0.013832199999797012	epochs	3.0
1548.8351895831054	0.013788200000135475	epochs	3.0
1548.8489777831055	0.027445899999975154	epochs	2.0
1548.8489777831055	0.013744599999881757	epochs	3.0
1548.8627223831054	0.013701300000093397	epochs	3.0
1548.8764236831055	0.0272735000000921	epochs	2.0
1548.8764236831055	0.013658200000008947	epochs	3.0
1548.8900818831055	0.013615300000083153	epochs	3.0
1548.9036971831056	0.027103399999987232	epochs	2.0
1548.9036971831056	0.01357279999979255	epochs	3.0
1548.9172699831054	0.013530600000194681	epochs	3.0
1548.9308005831056	0.026935199999797987	epochs	2.0
1548.9308005831056	0.01348839999991469	epochs	3.0
1548.9442889831055	0.013446799999883297	epochs	3.0
1548.9577357831054	0.026769200000217097	epochs	2.0
1548.9577357831054	0.013405200000079276	epochs	3.0
1548.9711409831054	0.013364000000137821	epochs	3.0
1548.9845049831056	0.026605199999949036	epochs	2.0
1548.9845049831056	0.013322899999820947	epochs	3.0
1548.9978278831054	0.013282300000128089	epochs	3.0
1549.0111101831055	0.0264431999999033	epochs	2.0
1549.0111101831055	0.013241699999980483	epochs	3.0
1549.0243518831055	0.013201499999922817	epochs	3.0
1549.0375533831054	0.026283200000079887	epochs	2.0
1549.0375533831054	0.013161500000023807	epochs	3.0
1549.0507148831055	0.01312170000005608	epochs	3.0
1549.0638365831055	0.026124999999865395	epochs	2.0
1549.0638365831055	0.013082100000019636	epochs	3.0
1549.0769186831055	0.013042899999845758	epochs	3.0
1549.0899615831054	0.02596890000017993	epochs	2.0
1549.0899615831054	0.01300390000005791	epochs	3.0
1549.1029654831054	0.012965000000122018	epochs	3.0
1549.1159304831056	0.025814500000024054	epochs	2.0
1549.1159304831056	0.012926399999969362	epochs	3.0
1549.1288568831055	0.012888100000054692	epochs	3.0
1549.1417449831056	0.025661899999931848	epochs	2.0
1549.1417449831056	0.012849899999991976	epochs	3.0
1549.1545948831056	0.012811999999939871	epochs	3.0
1549.1674068831055	0.025511199999982637	epochs	2.0
1549.1674068831055	0.012774399999898378	epochs	3.0
1549.1801812831054	0.012736800000084258	epochs	3.0
1549.1929180831055	0.02536229999986972	epochs	2.0
1549.1929180831055	0.01269969999998466	epochs	3.0
1549.2056177831055	0.01266259999988506	epochs	3.0
1549.2182803831054	0.02521500000011656	epochs	2.0
1549.2182803831054	0.012625800000023446	epochs	3.0
1549.2309061831054	0.012589200000093115	epochs	3.0
1549.2434953831055	0.024584799999956886	epochs	2.0
1549.2672963831055	0.5	epochs	-1.0
1549.2680801831054	0.5006399999999758	epochs	1.0
1549.7687201831054	0.49927999999999884	epochs	0.0
1550.313000202179	0.06007999999997082	epochs	0.0
1550.313000202179	0.025041300000111733	epochs	1.0
1550.338041502179	0.009997399999974732	epochs	1.0
1550.348038902179	0.02504129999988436	epochs	1.0
1550.373080202179	2.0	epochs	0.0
1552.373080202179	21.519680000000108	epochs	0.0
1552.373080202179	1.0	epochs	1.0
1552.373096402179	0.5	epochs	-1.0
1552.873096402179	19.999199999999973	epochs	-1.0
1553.373080202179	20.0	epochs	1.0
1553.373080202179	4.356753900000058	epochs	-1.0
1553.373080202179	1.9745872000000873	epochs	2.0
1553.373080202179	1.0985622000000603	epochs	3.0
1554.471642402179	0.8760250000000269	epochs	3.0
1555.347667402179	1.3524075000000266	epochs	2.0
1555.347667402179	0.7286354999998821	epochs	3.0
1556.076302902179	0.6237720000001445	epochs	3.0
1556.700074902179	1.029759199999944	epochs	2.0
1556.700074902179	0.5453292999998212	epochs	3.0
1557.2454042021789	0.48442990000012287	epochs	3.0
1557.729834102179	0.8317861999998968	epochs	2.0
1557.729834102179	0.4357763000000432	epochs	3.0
1558.165610402179	0.3960098999998536	epochs	3.0
1558.5616203021789	0.6977970000000369	epochs	2.0
1558.5616203021789	0.3628982000000178	epochs	3.0
1558.924518502179	0.33489880000001904	epochs	3.0
1559.259417302179	0.601045699999986	epochs	2.0
1559.259417302179	0.3109122999999272	epochs	3.0
1559.5703296021788	0.2901334000000588	epochs	3.0
1559.860463002179	0.5278859000000011	epochs	2.0
1559.860463002179	0.2719586000000618	epochs	3.0
1560.132421602179	0.25592729999993935	epochs	3.0
1560.388348902179	0.470619299999953	epochs	2.0
1560.388348902179	0.241681299999982	epochs	3.0
1560.630030202179	0.228937999999971	epochs	3.0
1560.8589682021789	0.42457039999999324	epochs	2.0
1560.8589682021789	0.21747140000002219	epochs	3.0
1561.0764396021789	0.20709899999997106	epochs	3.0
1561.2835386021789	0.3867354000001342	epochs	2.0
1561.2835386021789	0.19767110000020693	epochs	3.0
1561.481209702179	0.18906429999992724	epochs	3.0
1561.670274002179	0.35509529999990264	epochs	2.0
1561.670274002179	0.18117589999997108	epochs	3.0
1561.851449902179	0.17391939999993156	epochs	3.0
1562.025369302179	0.3282431000000088	epochs	2.0
1562.025369302179	0.16722189999995862	epochs	3.0
1562.1925912021788	0.16102120000005016	epochs	3.0
1562.353612402179	0.30516800000009425	epochs	2.0
1562.353612402179	0.15526390000013635	epochs	3.0
1562.508876302179	0.1499040999999579	epochs	3.0
1562.658780402179	0.28512529999989056	epochs	2.0
1562.658780402179	0.14490209999985382	epochs	3.0
1562.8036825021788	0.14022320000003674	epochs	3.0
1562.9439057021789	0.267553800000087	epochs	2.0
1562.9439057021789	0.13583690000018578	epochs	3.0
1563.079742602179	0.13171689999990122	epochs	3.0
1563.211459502179	0.252022899999929	epochs	2.0
1563.211459502179	0.1278393000000051	epochs	3.0
1563.339298802179	0.1241835999999239	epochs	3.0
1563.463482402179	0.23819649999995818	epochs	2.0
1563.463482402179	0.12073110000005727	epochs	3.0
1563.584213502179	0.11746539999990091	epochs	3.0
1563.7016789021789	0.2258088000000953	epochs	2.0
1563.7016789021789	0.11437190000015107	epochs	3.0
1563.816050802179	0.11143689999994422	epochs	3.0
1563.927487702179	0.21464599999990241	epochs	2.0
1563.927487702179	0.10864889999993466	epochs	3.0
1564.0361366021789	0.10599709999996776	epochs	3.0
1564.1421337021789	0.20453500000007807	epochs	2.0
1564.1421337021789	0.10347150000006877	epochs	3.0
1564.245605202179	0.1010635000000093	epochs	3.0
1564.346668702179	0.19533400000000256	epochs	2.0
1564.346668702179	0.09876510000003691	epochs	3.0
1564.445433802179	0.09656889999996565	epochs	3.0
1564.542002702179	0.18692529999998442	epochs	2.0
1564.542002702179	0.09446830000001682	epochs	3.0
1564.636471002179	0.09245699999996759	epochs	3.0
1564.728928002179	0.1792107000001124	epochs	2.0
1564.728928002179	0.0905296000000817	epochs	3.0
1564.819457602179	0.08868110000003071	epochs	3.0
1564.908138702179	0.17210769999996955	epochs	2.0
1564.908138702179	0.08690630000000965	epochs	3.0
1564.995045002179	0.0852013999999599	epochs	3.0
1565.080246402179	0.16554640000003928	epochs	2.0
1565.080246402179	0.08356189999994967	epochs	3.0
1565.163808302179	0.08198450000008961	epochs	3.0
1565.245792802179	0.15946709999980158	epochs	2.0
1565.245792802179	0.08046539999986635	epochs	3.0
1565.326258202179	0.07900169999993523	epochs	3.0
1565.4052599021788	0.15381840000009106	epochs	2.0
1565.4052599021788	0.07759010000017952	epochs	3.0
1565.482850002179	0.07622829999991154	epochs	3.0
1565.559078302179	0.14855639999996129	epochs	2.0
1565.559078302179	0.07491329999993468	epochs	3.0
1565.6339916021789	0.0736431000000266	epochs	3.0
1565.707634702179	0.14364240000008976	epochs	2.0
1565.707634702179	0.07241500000009182	epochs	3.0
1565.780049702179	0.07122739999999794	epochs	3.0
1565.851277102179	0.13904309999998077	epochs	2.0
1565.851277102179	0.07007799999996678	epochs	3.0
1565.921355102179	0.06896510000001399	epochs	3.0
1565.990320202179	0.13472929999988992	epochs	2.0
1565.990320202179	0.0678871000000072	epochs	3.0
1566.058207302179	0.06684219999988272	epochs	3.0
1566.1250495021789	0.1306752000000415	epochs	2.0
1566.1250495021789	0.06582910000020092	epochs	3.0
1566.190878602179	0.06484609999984059	epochs	3.0
1566.255724702179	0.12685780000015257	epochs	2.0
1566.255724702179	0.06389200000012352	epochs	3.0
1566.319616702179	0.06296580000002905	epochs	3.0
1566.382582502179	0.12325719999989815	epochs	2.0
1566.382582502179	0.06206579999980022	epochs	3.0
1566.4446483021788	0.06119140000009793	epochs	3.0
1566.505839702179	0.11985540000000583	epochs	2.0
1566.505839702179	0.060341099999959624	epochs	3.0
1566.566180802179	0.059514300000046205	epochs	3.0
1566.625695102179	0.1166361999999026	epochs	2.0
1566.625695102179	0.058709599999929196	epochs	3.0
1566.6844047021789	0.057926599999973405	epochs	3.0
1566.7423313021789	0.11358560000007856	epochs	2.0
1566.7423313021789	0.057164200000215715	epochs	3.0
1566.799495502179	0.05642139999986284	epochs	3.0
1566.855916902179	0.11069049999991876	epochs	2.0
1566.855916902179	0.055697900000041045	epochs	3.0
1566.911614802179	0.05499259999987771	epochs	3.0
1566.9666074021789	0.1079391000000669	epochs	2.0
1566.9666074021789	0.05430490000003374	epochs	3.0
1567.0209123021789	0.05363420000003316	epochs	3.0
1567.074546502179	0.10532149999994544	epochs	2.0
1567.074546502179	0.05297999999993408	epochs	3.0
1567.1275265021789	0.052341500000011365	epochs	3.0
1567.1798680021789	0.10282760000018243	epochs	2.0
1567.1798680021789	0.05171810000001642	epochs	3.0
1567.2315861021789	0.05110950000016601	epochs	3.0
1567.282695602179	0.10044909999987794	epochs	2.0
1567.282695602179	0.0505148999998255	epochs	3.0
1567.3332105021789	0.04993420000005244	epochs	3.0
1567.383144702179	0.0981782999999723	epochs	2.0
1567.383144702179	0.04936659999998483	epochs	3.0
1567.432511302179	0.04881169999998747	epochs	3.0
1567.481323002179	0.09600780000005216	epochs	2.0
1567.481323002179	0.04826920000004975	epochs	3.0
1567.529592202179	0.04773860000000241	epochs	3.0
1567.577330802179	0.09393120000004274	epochs	2.0
1567.577330802179	0.04721949999998287	epochs	3.0
1567.624550302179	0.046711700000059864	epochs	3.0
1567.671262002179	0.09194260000003851	epochs	2.0
1567.671262002179	0.046214599999984785	epochs	3.0
1567.717476602179	0.045728000000053726	epochs	3.0
1567.763204602179	0.09003629999983787	epochs	2.0
1567.763204602179	0.045251499999949374	epochs	3.0
1567.808456102179	0.04478479999988849	epochs	3.0
1567.8532409021789	0.08820760000003247	epochs	2.0
1567.8532409021789	0.044327800000019124	epochs	3.0
1567.897568702179	0.04387980000001335	epochs	3.0
1567.941448502179	0.0864516999999978	epochs	2.0
1567.941448502179	0.04344100000002982	epochs	3.0
1567.984889502179	0.04301069999996798	epochs	3.0
1568.027900202179	0.08476429999996071	epochs	2.0
1568.027900202179	0.04258900000013455	epochs	3.0
1568.070489202179	0.042175299999826166	epochs	3.0
1568.1126645021789	0.08314150000001064	epochs	2.0
1568.1126645021789	0.04176970000003166	epochs	3.0
1568.154434202179	0.041371799999978975	epochs	3.0
1568.1958060021789	0.08157970000002024	epochs	2.0
1568.1958060021789	0.04098140000019157	epochs	3.0
1568.236787402179	0.04059829999982867	epochs	3.0
1568.277385702179	0.08007550000002084	epochs	2.0
1568.277385702179	0.040222300000095856	epochs	3.0
1568.317608002179	0.03985319999992498	epochs	3.0
1568.357461202179	0.07862569999997504	epochs	2.0
1568.357461202179	0.039490800000066884	epochs	3.0
1568.396952002179	0.03913489999990816	epochs	3.0
1568.4360869021789	0.07722760000001472	epochs	2.0
1568.4360869021789	0.038785400000051595	epochs	3.0
1568.474872302179	0.03844219999996312	epochs	3.0
1568.513314502179	0.07587820000003376	epochs	2.0
1568.513314502179	0.03810480000015559	epochs	3.0
1568.551419302179	0.037773399999878166	epochs	3.0
1568.589192702179	0.0745752000000266	epochs	2.0
1568.589192702179	0.03744770000002973	epochs	3.0
1568.626640402179	0.03712749999999687	epochs	3.0
1568.663767902179	0.07331629999998768	epochs	2.0
1568.663767902179	0.0368129000000863	epochs	3.0
1568.700580802179	0.036503399999901376	epochs	3.0
1568.737084202179	0.07209899999998015	epochs	2.0
1568.737084202179	0.03619909999997617	epochs	3.0
1568.773283302179	0.03589990000000398	epochs	3.0
1568.809183202179	0.07092170000009901	epochs	2.0
1568.809183202179	0.03560560000005353	epochs	3.0
1568.844788802179	0.03531610000004548	epochs	3.0
1568.880104902179	0.06978200000003199	epochs	2.0
1568.880104902179	0.03503119999982118	epochs	3.0
1568.9151361021788	0.0347508000002108	epochs	3.0
1568.949886902179	0.06867859999988468	epochs	2.0
1568.949886902179	0.03447509999978138	epochs	3.0
1568.9843620021788	0.034203500000103304	epochs	3.0
1569.018565502179	0.06760929999995824	epochs	2.0
1569.018565502179	0.033936199999970995	epochs	3.0
1569.052501702179	0.033673099999987244	epochs	3.0
1569.086174802179	0.06657289999998284	epochs	2.0
1569.086174802179	0.03341399999999339	epochs	3.0
1569.119588802179	0.033158899999989444	epochs	3.0
1569.1527477021789	0.06556780000005347	epochs	2.0
1569.1527477021789	0.03290770000012344	epochs	3.0
1569.185655402179	0.032660099999930026	epochs	3.0
1569.218315502179	0.06459259999996902	epochs	2.0
1569.218315502179	0.03241640000010193	epochs	3.0
1569.250731902179	0.032176199999867094	epochs	3.0
1569.282908102179	0.06364600000006249	epochs	2.0
1569.282908102179	0.03193959999998697	epochs	3.0
1569.314847702179	0.03170640000007552	epochs	3.0
1569.346554102179	0.0627266999999847	epochs	2.0
1569.346554102179	0.031476599999905375	epochs	3.0
1569.3780307021789	0.03125010000007933	epochs	3.0
1569.409280802179	0.06183359999999993	epochs	2.0
1569.409280802179	0.03102689999991526	epochs	3.0
1569.4403077021789	0.030806700000084675	epochs	3.0
1569.471114402179	0.060965599999917686	epochs	2.0
1569.471114402179	0.030589799999916067	epochs	3.0
1569.5017042021789	0.030375800000001618	epochs	3.0
1569.5320800021789	0.06012160000000222	epochs	2.0
1569.5320800021789	0.030164900000045236	epochs	3.0
1569.562244902179	0.02995669999995698	epochs	3.0
1569.5922016021789	0.05930069999999432	epochs	2.0
1569.5922016021789	0.029751600000054168	epochs	3.0
1569.621953202179	0.029549099999940154	epochs	3.0
1569.6515023021789	0.058501800000158255	epochs	2.0
1569.6515023021789	0.02934940000000097	epochs	3.0
1569.6808517021789	0.029152400000157286	epochs	3.0
1569.710004102179	0.05772419999993872	epochs	2.0
1569.710004102179	0.028957999999875028	epochs	3.0
1569.738962102179	0.02876620000006369	epochs	3.0
1569.767728302179	0.05696710000006533	epochs	2.0
1569.767728302179	0.028577000000041153	epochs	3.0
1569.796305302179	0.028390100000024177	epochs	3.0
1569.824695402179	0.05622949999997218	epochs	2.0
1569.824695402179	0.028205699999944045	epochs	3.0
1569.852901102179	0.028023800000028132	epochs	3.0
1569.880924902179	0.05551070000001346	epochs	2.0
1569.880924902179	0.027843999999959124	epochs	3.0
1569.908768902179	0.027666700000054334	epochs	3.0
1569.936435602179	0.054810200000019904	epochs	2.0
1569.936435602179	0.02749149999999645	epochs	3.0
1569.963927102179	0.027318700000023455	epochs	3.0
1569.991245802179	0.054126999999880354	epochs	2.0
1569.991245802179	0.027147799999966082	epochs	3.0
1570.018393602179	0.026979199999914272	epochs	3.0
1570.045372802179	0.053460699999959616	epochs	2.0
1570.045372802179	0.026812600000084785	epochs	3.0
1570.072185402179	0.02664809999987483	epochs	3.0
1570.0988335021789	0.05281070000000909	epochs	2.0
1570.0988335021789	0.026485600000114573	epochs	3.0
1570.125319102179	0.02632509999989452	epochs	3.0
1570.1516442021789	0.05217620000007628	epochs	2.0
1570.1516442021789	0.026166399999965506	epochs	3.0
1570.1778106021789	0.026009800000110772	epochs	3.0
1570.203820402179	0.051556699999991906	epochs	2.0
1570.203820402179	0.025854799999933675	epochs	3.0
1570.229675202179	0.02570190000005823	epochs	3.0
1570.255377102179	0.05095189999997274	epochs	2.0
1570.255377102179	0.025550699999939752	epochs	3.0
1570.280927802179	0.025401200000032986	epochs	3.0
1570.306329002179	0.05036100000006627	epochs	2.0
1570.306329002179	0.025253499999962514	epochs	3.0
1570.331582502179	0.025107500000103755	epochs	3.0
1570.356690002179	0.04978379999988647	epochs	2.0
1570.356690002179	0.02496320000000196	epochs	3.0
1570.381653202179	0.024820599999884507	epochs	3.0
1570.4064738021789	0.04921950000016295	epochs	2.0
1570.4064738021789	0.024679399999968155	epochs	3.0
1570.4311532021788	0.024540100000194798	epochs	3.0
1570.455693302179	0.04866789999982757	epochs	2.0
1570.455693302179	0.024402099999861093	epochs	3.0
1570.480095402179	0.024265799999966475	epochs	3.0
1570.5043612021789	0.04812860000015462	epochs	2.0
1570.5043612021789	0.024131000000124914	epochs	3.0
1570.528492202179	0.023997600000029706	epochs	3.0
1570.552489802179	0.04760109999983797	epochs	2.0
1570.552489802179	0.02386579999983951	epochs	3.0
1570.5763556021789	0.02373529999999846	epochs	3.0
1570.6000909021789	0.04708500000015192	epochs	2.0
1570.6000909021789	0.023606299999983094	epochs	3.0
1570.6236972021788	0.02347870000016883	epochs	3.0
1570.647175902179	0.046579999999948996	epochs	2.0
1570.647175902179	0.023352499999873544	epochs	3.0
1570.670528402179	0.02322750000007545	epochs	3.0
1570.693755902179	0.046085700000048746	epochs	2.0
1570.693755902179	0.023104000000103042	epochs	3.0
1570.716859902179	0.022981699999945704	epochs	3.0
1570.739841602179	0.045601799999985815	epochs	2.0
1570.739841602179	0.02286069999991014	epochs	3.0
1570.762702302179	0.022741100000075676	epochs	3.0
1570.785443402179	0.045127899999897636	epochs	2.0
1570.785443402179	0.022622499999897627	epochs	3.0
1570.808065902179	0.02250540000000001	epochs	3.0
1570.830571302179	0.0446638000000803	epochs	2.0
1570.830571302179	0.02238929999998618	epochs	3.0
1570.8529606021789	0.022274500000094122	epochs	3.0
1570.875235102179	0.04420920000006845	epochs	2.0
1570.875235102179	0.022160799999937808	epochs	3.0
1570.897395902179	0.02204840000013064	epochs	3.0
1570.919444302179	0.04376359999992019	epochs	2.0
1570.919444302179	0.02193689999990056	epochs	3.0
1570.941381202179	0.021826700000019628	epochs	3.0
1570.963207902179	0.04332709999994222	epochs	2.0
1570.963207902179	0.02171760000010181	epochs	3.0
1570.984925502179	0.02160949999984041	epochs	3.0
1571.006535002179	0.04289900000003399	epochs	2.0
1571.006535002179	0.02150249999999687	epochs	3.0
1571.028037502179	0.021396500000037122	epochs	3.0
1571.049434002179	0.04247950000012679	epochs	2.0
1571.049434002179	0.021291700000119818	epochs	3.0
1571.070725702179	0.021187800000006973	epochs	3.0
1571.091913502179	0.04206789999989269	epochs	2.0
1571.091913502179	0.021084899999777917	epochs	3.0
1571.1129984021788	0.02098300000011477	epochs	3.0
1571.133981402179	0.04166439999994509	epochs	2.0
1571.133981402179	0.020882199999959994	epochs	3.0
1571.154863602179	0.020782199999985096	epochs	3.0
1571.175645802179	0.04126850000011473	epochs	2.0
1571.175645802179	0.020683299999973315	epochs	3.0
1571.1963291021789	0.020585200000141413	epochs	3.0
1571.216914302179	0.04088000000001557	epochs	2.0
1571.216914302179	0.020488099999965925	epochs	3.0
1571.237402402179	0.020391900000049645	epochs	3.0
1571.257794302179	0.04049880000002304	epochs	2.0
1571.257794302179	0.020296599999937825	epochs	3.0
1571.278090902179	0.020202200000085213	epochs	3.0
1571.298293102179	0.040124599999899146	epochs	2.0
1571.298293102179	0.020108699999809687	epochs	3.0
1571.3184018021789	0.02001590000008946	epochs	3.0
1571.338417702179	0.03975730000001931	epochs	2.0
1571.338417702179	0.019924200000104975	epochs	3.0
1571.358341902179	0.01983309999991434	epochs	3.0
1571.378175002179	0.03939669999999751	epochs	2.0
1571.378175002179	0.01974300000006224	epochs	3.0
1571.397918002179	0.01965369999993527	epochs	3.0
1571.417571702179	0.03904239999997117	epochs	2.0
1571.417571702179	0.019565099999908853	epochs	3.0
1571.4371368021789	0.019477300000062314	epochs	3.0
1571.456614102179	0.038694600000098944	epochs	2.0
1571.456614102179	0.019390400000020236	epochs	3.0
1571.476004502179	0.01930420000007871	epochs	3.0
1571.495308702179	0.038352899999836154	epochs	2.0
1571.495308702179	0.019218799999862313	epochs	3.0
1571.514527502179	0.01913409999997384	epochs	3.0
1571.5336616021789	0.03801720000001296	epochs	2.0
1571.5336616021789	0.019050200000037876	epochs	3.0
1571.552711802179	0.018966999999975087	epochs	3.0
1571.571678802179	0.03768720000016401	epochs	2.0
1571.571678802179	0.01888450000001285	epochs	3.0
1571.590563302179	0.018802700000151162	epochs	3.0
1571.609366002179	0.03736309999999321	epochs	2.0
1571.609366002179	0.018721699999787234	epochs	3.0
1571.6280877021788	0.018641400000205977	epochs	3.0
1571.646729102179	0.03704429999993408	epochs	2.0
1571.646729102179	0.018561599999884493	epochs	3.0
1571.665290702179	0.01848270000004959	epochs	3.0
1571.683773402179	0.03673099999991791	epochs	2.0
1571.683773402179	0.018404299999929208	epochs	3.0
1571.702177702179	0.018326699999988705	epochs	3.0
1571.720504402179	0.03642290000016146	epochs	2.0
1571.720504402179	0.018249599999990096	epochs	3.0
1571.738754002179	0.018173300000171366	epochs	3.0
1571.756927302179	0.036120099999834565	epochs	2.0
1571.756927302179	0.01809759999991911	epochs	3.0
1571.775024902179	0.018022499999915453	epochs	3.0
1571.793047402179	0.035822100000132195	epochs	2.0
1571.793047402179	0.017947900000081063	epochs	3.0
1571.810995302179	0.017874200000051133	epochs	3.0
1571.828869502179	0.03552899999999681	epochs	2.0
1571.828869502179	0.017800800000031813	epochs	3.0
1571.846670302179	0.017728199999965	epochs	3.0
1571.864398502179	0.03524070000003121	epochs	2.0
1571.864398502179	0.01765609999984008	epochs	3.0
1571.8820546021789	0.01758460000019113	epochs	3.0
1571.899639202179	0.03495709999992869	epochs	2.0
1571.899639202179	0.017513699999881283	epochs	3.0
1571.917152902179	0.017443400000047404	epochs	3.0
1571.934596302179	0.034677899999906	epochs	2.0
1571.934596302179	0.017373599999928047	epochs	3.0
1571.951969902179	0.017304299999977957	epochs	3.0
1571.969274202179	0.03440330000012182	epochs	2.0
1571.969274202179	0.017235700000128418	epochs	3.0
1571.986509902179	0.0171675999999934	epochs	3.0
1572.003677502179	0.03413279999995211	epochs	2.0
1572.003677502179	0.01709989999994832	epochs	3.0
1572.020777402179	0.017032900000003792	epochs	3.0
1572.037810302179	0.03386670000008962	epochs	2.0
1572.037810302179	0.01696640000000116	epochs	3.0
1572.054776702179	0.016900300000088464	epochs	3.0
1572.071677002179	0.03360459999998966	epochs	2.0
1572.071677002179	0.01683479999996962	epochs	3.0
1572.088511802179	0.01676980000002004	epochs	3.0
1572.105281602179	0.033346599999958926	epochs	2.0
1572.105281602179	0.016705300000012357	epochs	3.0
1572.121986902179	0.01664129999994657	epochs	3.0
1572.138628202179	0.033092499999838765	epochs	2.0
1572.138628202179	0.016577800000050047	epochs	3.0
1572.155206002179	0.016514699999788718	epochs	3.0
1572.1717207021788	0.032842300000083924	epochs	2.0
1572.1717207021788	0.01645220000000336	epochs	3.0
1572.1881729021788	0.016390100000080565	epochs	3.0
1572.204563002179	0.03259570000000167	epochs	2.0
1572.204563002179	0.016328400000020338	epochs	3.0
1572.220891402179	0.016267299999981333	epochs	3.0
1572.237158702179	0.032352899999978035	epochs	2.0
1572.237158702179	0.016206600000032267	epochs	3.0
1572.253365302179	0.016146299999945768	epochs	3.0
1572.269511602179	0.032113700000081735	epochs	2.0
1572.269511602179	0.016086600000107865	epochs	3.0
1572.285598202179	0.01602709999997387	epochs	3.0
1572.301625302179	0.03187800000000607	epochs	2.0
1572.301625302179	0.0159681999998611	epochs	3.0
1572.3175935021789	0.01590980000014497	epochs	3.0
1572.333503302179	0.03164569999989908	epochs	2.0
1572.333503302179	0.015851599999905375	epochs	3.0
1572.349354902179	0.015794099999993705	epochs	3.0
1572.365149002179	0.03141670000013619	epochs	2.0
1572.365149002179	0.015736700000161363	epochs	3.0
1572.380885702179	0.015679999999974825	epochs	3.0
1572.396565702179	0.03119109999988723	epochs	2.0
1572.396565702179	0.015623600000026272	epochs	3.0
1572.412189302179	0.015567499999860956	epochs	3.0
1572.427756802179	0.03096870000013041	epochs	2.0
1572.427756802179	0.015511999999944237	epochs	3.0
1572.4432688021789	0.015456700000186174	epochs	3.0
1572.458725502179	0.030749499999956242	epochs	2.0
1572.458725502179	0.015401999999994587	epochs	3.0
1572.474127502179	0.015347499999961656	epochs	3.0
1572.489475002179	0.03053320000003623	epochs	2.0
1572.489475002179	0.015293400000018664	epochs	3.0
1572.504768402179	0.015239800000017567	epochs	3.0
1572.520008202179	0.030320099999926242	epochs	2.0
1572.520008202179	0.015186500000027081	epochs	3.0
1572.535194702179	0.015133599999899161	epochs	3.0
1572.550328302179	0.03010990000007041	epochs	2.0
1572.550328302179	0.015081000000009226	epochs	3.0
1572.565409302179	0.015028900000061185	epochs	3.0
1572.580438202179	0.029902499999934662	epochs	2.0
1572.580438202179	0.014976999999817053	epochs	3.0
1572.5954152021789	0.014925500000117609	epochs	3.0
1572.610340702179	0.029698099999905025	epochs	2.0
1572.610340702179	0.014874400000053356	epochs	3.0
1572.625215102179	0.01482369999985167	epochs	3.0
1572.6400388021789	0.029496300000118936	epochs	2.0
1572.6400388021789	0.014773200000036013	epochs	3.0
1572.654812002179	0.014723100000082923	epochs	3.0
1572.669535102179	0.029297399999904883	epochs	2.0
1572.669535102179	0.014673399999992398	epochs	3.0
1572.684208502179	0.014623999999912485	epochs	3.0
1572.698832502179	0.02910110000016175	epochs	2.0
1572.698832502179	0.014574900000070556	epochs	3.0
1572.713407402179	0.014526200000091194	epochs	3.0
1572.727933602179	0.028907399999980044	epochs	2.0
1572.727933602179	0.01447769999981574	epochs	3.0
1572.7424113021789	0.014429700000164303	epochs	3.0
1572.756841002179	0.028716199999962555	epochs	2.0
1572.756841002179	0.014381799999910072	epochs	3.0
1572.771222802179	0.014334400000052483	epochs	3.0
1572.785557202179	0.02852759999996124	epochs	2.0
1572.785557202179	0.014287199999898803	epochs	3.0
1572.799844402179	0.014240400000062436	epochs	3.0
1572.814084802179	0.028341400000044814	epochs	2.0
1572.814084802179	0.014193799999929979	epochs	3.0
1572.828278602179	0.014147600000114835	epochs	3.0
1572.842426202179	0.02815769999983786	epochs	2.0
1572.842426202179	0.014101699999855555	epochs	3.0
1572.8565279021789	0.014055999999982305	epochs	3.0
1572.8705839021789	0.027976300000091214	epochs	2.0
1572.8705839021789	0.014010600000119666	epochs	3.0
1572.884594502179	0.013965699999971548	epochs	3.0
1572.898560202179	0.027797200000122757	epochs	2.0
1572.898560202179	0.013920800000050804	epochs	3.0
1572.912481002179	0.013876400000071953	epochs	3.0
1572.926357402179	0.027620399999932488	epochs	2.0
1572.926357402179	0.013832199999797012	epochs	3.0
1572.9401896021789	0.013788200000135475	epochs	3.0
1572.953977802179	0.027445899999975154	epochs	2.0
1572.953977802179	0.013744599999881757	epochs	3.0
1572.9677224021789	0.013701300000093397	epochs	3.0
1572.981423702179	0.0272735000000921	epochs	2.0
1572.981423702179	0.013658200000008947	epochs	3.0
1572.995081902179	0.013615300000083153	epochs	3.0
1573.008697202179	0.027103399999987232	epochs	2.0
1573.008697202179	0.01357279999979255	epochs	3.0
1573.0222700021789	0.013530600000194681	epochs	3.0
1573.035800602179	0.026935199999797987	epochs	2.0
1573.035800602179	0.01348839999991469	epochs	3.0
1573.049289002179	0.013446799999883297	epochs	3.0
1573.0627358021788	0.026769200000217097	epochs	2.0
1573.0627358021788	0.013405200000079276	epochs	3.0
1573.076141002179	0.013364000000137821	epochs	3.0
1573.089505002179	0.026605199999949036	epochs	2.0
1573.089505002179	0.013322899999820947	epochs	3.0
1573.102827902179	0.013282300000128089	epochs	3.0
1573.116110202179	0.0264431999999033	epochs	2.0
1573.116110202179	0.013241699999980483	epochs	3.0
1573.129351902179	0.013201499999922817	epochs	3.0
1573.142553402179	0.026283200000079887	epochs	2.0
1573.142553402179	0.013161500000023807	epochs	3.0
1573.155714902179	0.01312170000005608	epochs	3.0
1573.168836602179	0.026124999999865395	epochs	2.0
1573.168836602179	0.013082100000019636	epochs	3.0
1573.181918702179	0.013042899999845758	epochs	3.0
1573.1949616021789	0.02596890000017993	epochs	2.0
1573.1949616021789	0.01300390000005791	epochs	3.0
1573.207965502179	0.012965000000122018	epochs	3.0
1573.220930502179	0.025814500000024054	epochs	2.0
1573.220930502179	0.012926399999969362	epochs	3.0
1573.233856902179	0.012888100000054692	epochs	3.0
1573.246745002179	0.025661899999931848	epochs	2.0
1573.246745002179	0.012849899999991976	epochs	3.0
1573.259594902179	0.012811999999939871	epochs	3.0
1573.272406902179	0.025511199999982637	epochs	2.0
1573.272406902179	0.012774399999898378	epochs	3.0
1573.285181302179	0.012736800000084258	epochs	3.0
1573.297918102179	0.02536229999986972	epochs	2.0
1573.297918102179	0.01269969999998466	epochs	3.0
1573.310617802179	0.01266259999988506	epochs	3.0
1573.3232804021789	0.02521500000011656	epochs	2.0
1573.3232804021789	0.012625800000023446	epochs	3.0
1573.3359062021789	0.012589200000093115	epochs	3.0
1573.348495402179	0.024584799999956886	epochs	2.0
1573.372296402179	0.5	epochs	-1.0
1573.373080202179	0.5196800000001076	epochs	1.0
1573.892760202179	0.480239999999867	epochs	0.0
1574.2670001983643	0.06007999999997082	epochs	0.0
1574.2670001983643	0.025041300000111733	epochs	1.0
1574.2920414983644	0.009997399999974732	epochs	1.0
1574.3020388983643	0.02504129999988436	epochs	1.0
1574.3270801983642	2.0	epochs	0.0
1576.3270801983642	21.500639999999976	epochs	0.0
1576.3270801983642	1.0	epochs	1.0
1576.3270963983643	0.5	epochs	-1.0
1576.8270963983643	19.999199999999973	epochs	-1.0
1577.3270801983642	20.0	epochs	1.0
1577.3270801983642	4.356753900000058	epochs	-1.0
1577.3270801983642	1.9745872000000873	epochs	2.0
1577.3270801983642	1.0985622000000603	epochs	3.0
1578.4256423983643	0.8760250000000269	epochs	3.0
1579.3016673983643	1.3524075000000266	epochs	2.0
1579.3016673983643	0.7286354999998821	epochs	3.0
1580.0303028983642	0.6237720000001445	epochs	3.0
1580.6540748983643	1.029759199999944	epochs	2.0
1580.6540748983643	0.5453292999998212	epochs	3.0
1581.1994041983642	0.48442990000012287	epochs	3.0
1581.6838340983643	0.8317861999998968	epochs	2.0
1581.6838340983643	0.4357763000000432	epochs	3.0
1582.1196103983643	0.3960098999998536	epochs	3.0
1582.5156202983642	0.6977970000000369	epochs	2.0
1582.5156202983642	0.3628982000000178	epochs	3.0
1582.8785184983642	0.33489880000001904	epochs	3.0
1583.2134172983642	0.601045699999986	epochs	2.0
1583.2134172983642	0.3109122999999272	epochs	3.0
1583.5243295983641	0.2901334000000588	epochs	3.0
1583.8144629983642	0.5278859000000011	epochs	2.0
1583.8144629983642	0.2719586000000618	epochs	3.0
1584.0864215983643	0.25592729999993935	epochs	3.0
1584.3423488983642	0.470619299999953	epochs	2.0
1584.3423488983642	0.241681299999982	epochs	3.0
1584.5840301983642	0.228937999999971	epochs	3.0
1584.8129681983642	0.42457039999999324	epochs	2.0
1584.8129681983642	0.21747140000002219	epochs	3.0
1585.0304395983642	0.20709899999997106	epochs	3.0
1585.2375385983642	0.3867354000001342	epochs	2.0
1585.2375385983642	0.19767110000020693	epochs	3.0
1585.4352096983644	0.18906429999992724	epochs	3.0
1585.6242739983643	0.35509529999990264	epochs	2.0
1585.6242739983643	0.18117589999997108	epochs	3.0
1585.8054498983643	0.17391939999993156	epochs	3.0
1585.9793692983642	0.3282431000000088	epochs	2.0
1585.9793692983642	0.16722189999995862	epochs	3.0
1586.1465911983641	0.16102120000005016	epochs	3.0
1586.3076123983642	0.30516800000009425	epochs	2.0
1586.3076123983642	0.15526390000013635	epochs	3.0
1586.4628762983643	0.1499040999999579	epochs	3.0
1586.6127803983643	0.28512529999989056	epochs	2.0
1586.6127803983643	0.14490209999985382	epochs	3.0
1586.7576824983641	0.14022320000003674	epochs	3.0
1586.8979056983642	0.267553800000087	epochs	2.0
1586.8979056983642	0.13583690000018578	epochs	3.0
1587.0337425983644	0.13171689999990122	epochs	3.0
1587.1654594983643	0.252022899999929	epochs	2.0
1587.1654594983643	0.1278393000000051	epochs	3.0
1587.2932987983643	0.1241835999999239	epochs	3.0
1587.4174823983642	0.23819649999995818	epochs	2.0
1587.4174823983642	0.12073110000005727	epochs	3.0
1587.5382134983643	0.11746539999990091	epochs	3.0
1587.6556788983642	0.2258088000000953	epochs	2.0
1587.6556788983642	0.11437190000015107	epochs	3.0
1587.7700507983643	0.11143689999994422	epochs	3.0
1587.8814876983643	0.21464599999990241	epochs	2.0
1587.8814876983643	0.10864889999993466	epochs	3.0
1587.9901365983642	0.10599709999996776	epochs	3.0
1588.0961336983642	0.20453500000007807	epochs	2.0
1588.0961336983642	0.10347150000006877	epochs	3.0
1588.1996051983642	0.1010635000000093	epochs	3.0
1588.3006686983642	0.19533400000000256	epochs	2.0
1588.3006686983642	0.09876510000003691	epochs	3.0
1588.3994337983643	0.09656889999996565	epochs	3.0
1588.4960026983642	0.18692529999998442	epochs	2.0
1588.4960026983642	0.09446830000001682	epochs	3.0
1588.5904709983643	0.09245699999996759	epochs	3.0
1588.6829279983642	0.1792107000001124	epochs	2.0
1588.6829279983642	0.0905296000000817	epochs	3.0
1588.7734575983643	0.08868110000003071	epochs	3.0
1588.8621386983643	0.17210769999996955	epochs	2.0
1588.8621386983643	0.08690630000000965	epochs	3.0
1588.9490449983643	0.0852013999999599	epochs	3.0
1589.0342463983643	0.16554640000003928	epochs	2.0
1589.0342463983643	0.08356189999994967	epochs	3.0
1589.1178082983643	0.08198450000008961	epochs	3.0
1589.1997927983643	0.15946709999980158	epochs	2.0
1589.1997927983643	0.08046539999986635	epochs	3.0
1589.2802581983642	0.07900169999993523	epochs	3.0
1589.3592598983641	0.15381840000009106	epochs	2.0
1589.3592598983641	0.07759010000017952	epochs	3.0
1589.4368499983643	0.07622829999991154	epochs	3.0
1589.5130782983642	0.14855639999996129	epochs	2.0
1589.5130782983642	0.07491329999993468	epochs	3.0
1589.5879915983642	0.0736431000000266	epochs	3.0
1589.6616346983642	0.14364240000008976	epochs	2.0
1589.6616346983642	0.07241500000009182	epochs	3.0
1589.7340496983643	0.07122739999999794	epochs	3.0
1589.8052770983643	0.13904309999998077	epochs	2.0
1589.8052770983643	0.07007799999996678	epochs	3.0
1589.8753550983643	0.06896510000001399	epochs	3.0
1589.9443201983643	0.13472929999988992	epochs	2.0
1589.9443201983643	0.0678871000000072	epochs	3.0
1590.0122072983643	0.06684219999988272	epochs	3.0
1590.0790494983642	0.1306752000000415	epochs	2.0
1590.0790494983642	0.06582910000020092	epochs	3.0
1590.1448785983644	0.06484609999984059	epochs	3.0
1590.2097246983642	0.12685780000015257	epochs	2.0
1590.2097246983642	0.06389200000012352	epochs	3.0
1590.2736166983643	0.06296580000002905	epochs	3.0
1590.3365824983644	0.12325719999989815	epochs	2.0
1590.3365824983644	0.06206579999980022	epochs	3.0
1590.3986482983642	0.06119140000009793	epochs	3.0
1590.4598396983642	0.11985540000000583	epochs	2.0
1590.4598396983642	0.060341099999959624	epochs	3.0
1590.5201807983642	0.059514300000046205	epochs	3.0
1590.5796950983643	0.1166361999999026	epochs	2.0
1590.5796950983643	0.058709599999929196	epochs	3.0
1590.6384046983642	0.057926599999973405	epochs	3.0
1590.6963312983642	0.11358560000007856	epochs	2.0
1590.6963312983642	0.057164200000215715	epochs	3.0
1590.7534954983644	0.05642139999986284	epochs	3.0
1590.8099168983642	0.11069049999991876	epochs	2.0
1590.8099168983642	0.055697900000041045	epochs	3.0
1590.8656147983643	0.05499259999987771	epochs	3.0
1590.9206073983642	0.1079391000000669	epochs	2.0
1590.9206073983642	0.05430490000003374	epochs	3.0
1590.9749122983642	0.05363420000003316	epochs	3.0
1591.0285464983642	0.10532149999994544	epochs	2.0
1591.0285464983642	0.05297999999993408	epochs	3.0
1591.0815264983642	0.052341500000011365	epochs	3.0
1591.1338679983642	0.10282760000018243	epochs	2.0
1591.1338679983642	0.05171810000001642	epochs	3.0
1591.1855860983642	0.05110950000016601	epochs	3.0
1591.2366955983643	0.10044909999987794	epochs	2.0
1591.2366955983643	0.0505148999998255	epochs	3.0
1591.2872104983642	0.04993420000005244	epochs	3.0
1591.3371446983642	0.0981782999999723	epochs	2.0
1591.3371446983642	0.04936659999998483	epochs	3.0
1591.3865112983642	0.04881169999998747	epochs	3.0
1591.4353229983642	0.09600780000005216	epochs	2.0
1591.4353229983642	0.04826920000004975	epochs	3.0
1591.4835921983642	0.04773860000000241	epochs	3.0
1591.5313307983643	0.09393120000004274	epochs	2.0
1591.5313307983643	0.04721949999998287	epochs	3.0
1591.5785502983642	0.046711700000059864	epochs	3.0
1591.6252619983643	0.09194260000003851	epochs	2.0
1591.6252619983643	0.046214599999984785	epochs	3.0
1591.6714765983643	0.045728000000053726	epochs	3.0
1591.7172045983643	0.09003629999983787	epochs	2.0
1591.7172045983643	0.045251499999949374	epochs	3.0
1591.7624560983643	0.04478479999988849	epochs	3.0
1591.8072408983642	0.08820760000003247	epochs	2.0
1591.8072408983642	0.044327800000019124	epochs	3.0
1591.8515686983642	0.04387980000001335	epochs	3.0
1591.8954484983642	0.0864516999999978	epochs	2.0
1591.8954484983642	0.04344100000002982	epochs	3.0
1591.9388894983642	0.04301069999996798	epochs	3.0
1591.9819001983642	0.08476429999996071	epochs	2.0
1591.9819001983642	0.04258900000013455	epochs	3.0
1592.0244891983643	0.042175299999826166	epochs	3.0
1592.0666644983642	0.08314150000001064	epochs	2.0
1592.0666644983642	0.04176970000003166	epochs	3.0
1592.1084341983642	0.041371799999978975	epochs	3.0
1592.1498059983642	0.08157970000002024	epochs	2.0
1592.1498059983642	0.04098140000019157	epochs	3.0
1592.1907873983644	0.04059829999982867	epochs	3.0
1592.2313856983642	0.08007550000002084	epochs	2.0
1592.2313856983642	0.040222300000095856	epochs	3.0
1592.2716079983643	0.03985319999992498	epochs	3.0
1592.3114611983642	0.07862569999997504	epochs	2.0
1592.3114611983642	0.039490800000066884	epochs	3.0
1592.3509519983643	0.03913489999990816	epochs	3.0
1592.3900868983642	0.07722760000001472	epochs	2.0
1592.3900868983642	0.038785400000051595	epochs	3.0
1592.4288722983642	0.03844219999996312	epochs	3.0
1592.4673144983642	0.07587820000003376	epochs	2.0
1592.4673144983642	0.03810480000015559	epochs	3.0
1592.5054192983644	0.037773399999878166	epochs	3.0
1592.5431926983642	0.0745752000000266	epochs	2.0
1592.5431926983642	0.03744770000002973	epochs	3.0
1592.5806403983643	0.03712749999999687	epochs	3.0
1592.6177678983643	0.07331629999998768	epochs	2.0
1592.6177678983643	0.0368129000000863	epochs	3.0
1592.6545807983643	0.036503399999901376	epochs	3.0
1592.6910841983643	0.07209899999998015	epochs	2.0
1592.6910841983643	0.03619909999997617	epochs	3.0
1592.7272832983642	0.03589990000000398	epochs	3.0
1592.7631831983642	0.07092170000009901	epochs	2.0
1592.7631831983642	0.03560560000005353	epochs	3.0
1592.7987887983643	0.03531610000004548	epochs	3.0
1592.8341048983643	0.06978200000003199	epochs	2.0
1592.8341048983643	0.03503119999982118	epochs	3.0
1592.8691360983642	0.0347508000002108	epochs	3.0
1592.9038868983644	0.06867859999988468	epochs	2.0
1592.9038868983644	0.03447509999978138	epochs	3.0
1592.9383619983641	0.034203500000103304	epochs	3.0
1592.9725654983642	0.06760929999995824	epochs	2.0
1592.9725654983642	0.033936199999970995	epochs	3.0
1593.0065016983642	0.033673099999987244	epochs	3.0
1593.0401747983642	0.06657289999998284	epochs	2.0
1593.0401747983642	0.03341399999999339	epochs	3.0
1593.0735887983642	0.033158899999989444	epochs	3.0
1593.1067476983642	0.06556780000005347	epochs	2.0
1593.1067476983642	0.03290770000012344	epochs	3.0
1593.1396553983643	0.032660099999930026	epochs	3.0
1593.1723154983642	0.06459259999996902	epochs	2.0
1593.1723154983642	0.03241640000010193	epochs	3.0
1593.2047318983643	0.032176199999867094	epochs	3.0
1593.2369080983642	0.06364600000006249	epochs	2.0
1593.2369080983642	0.03193959999998697	epochs	3.0
1593.2688476983642	0.03170640000007552	epochs	3.0
1593.3005540983643	0.0627266999999847	epochs	2.0
1593.3005540983643	0.031476599999905375	epochs	3.0
1593.3320306983642	0.03125010000007933	epochs	3.0
1593.3632807983643	0.06183359999999993	epochs	2.0
1593.3632807983643	0.03102689999991526	epochs	3.0
1593.3943076983642	0.030806700000084675	epochs	3.0
1593.4251143983643	0.060965599999917686	epochs	2.0
1593.4251143983643	0.030589799999916067	epochs	3.0
1593.4557041983642	0.030375800000001618	epochs	3.0
1593.4860799983642	0.06012160000000222	epochs	2.0
1593.4860799983642	0.030164900000045236	epochs	3.0
1593.5162448983642	0.02995669999995698	epochs	3.0
1593.5462015983642	0.05930069999999432	epochs	2.0
1593.5462015983642	0.029751600000054168	epochs	3.0
1593.5759531983642	0.029549099999940154	epochs	3.0
1593.6055022983642	0.058501800000158255	epochs	2.0
1593.6055022983642	0.02934940000000097	epochs	3.0
1593.6348516983642	0.029152400000157286	epochs	3.0
1593.6640040983643	0.05772419999993872	epochs	2.0
1593.6640040983643	0.028957999999875028	epochs	3.0
1593.6929620983642	0.02876620000006369	epochs	3.0
1593.7217282983643	0.05696710000006533	epochs	2.0
1593.7217282983643	0.028577000000041153	epochs	3.0
1593.7503052983643	0.028390100000024177	epochs	3.0
1593.7786953983643	0.05622949999997218	epochs	2.0
1593.7786953983643	0.028205699999944045	epochs	3.0
1593.8069010983643	0.028023800000028132	epochs	3.0
1593.8349248983643	0.05551070000001346	epochs	2.0
1593.8349248983643	0.027843999999959124	epochs	3.0
1593.8627688983643	0.027666700000054334	epochs	3.0
1593.8904355983643	0.054810200000019904	epochs	2.0
1593.8904355983643	0.02749149999999645	epochs	3.0
1593.9179270983643	0.027318700000023455	epochs	3.0
1593.9452457983643	0.054126999999880354	epochs	2.0
1593.9452457983643	0.027147799999966082	epochs	3.0
1593.9723935983643	0.026979199999914272	epochs	3.0
1593.9993727983642	0.053460699999959616	epochs	2.0
1593.9993727983642	0.026812600000084785	epochs	3.0
1594.0261853983643	0.02664809999987483	epochs	3.0
1594.0528334983642	0.05281070000000909	epochs	2.0
1594.0528334983642	0.026485600000114573	epochs	3.0
1594.0793190983643	0.02632509999989452	epochs	3.0
1594.1056441983642	0.05217620000007628	epochs	2.0
1594.1056441983642	0.026166399999965506	epochs	3.0
1594.1318105983642	0.026009800000110772	epochs	3.0
1594.1578203983643	0.051556699999991906	epochs	2.0
1594.1578203983643	0.025854799999933675	epochs	3.0
1594.1836751983642	0.02570190000005823	epochs	3.0
1594.2093770983643	0.05095189999997274	epochs	2.0
1594.2093770983643	0.025550699999939752	epochs	3.0
1594.2349277983642	0.025401200000032986	epochs	3.0
1594.2603289983642	0.05036100000006627	epochs	2.0
1594.2603289983642	0.025253499999962514	epochs	3.0
1594.2855824983642	0.025107500000103755	epochs	3.0
1594.3106899983643	0.04978379999988647	epochs	2.0
1594.3106899983643	0.02496320000000196	epochs	3.0
1594.3356531983643	0.024820599999884507	epochs	3.0
1594.3604737983642	0.04921950000016295	epochs	2.0
1594.3604737983642	0.024679399999968155	epochs	3.0
1594.3851531983642	0.024540100000194798	epochs	3.0
1594.4096932983643	0.04866789999982757	epochs	2.0
1594.4096932983643	0.024402099999861093	epochs	3.0
1594.4340953983642	0.024265799999966475	epochs	3.0
1594.4583611983642	0.04812860000015462	epochs	2.0
1594.4583611983642	0.024131000000124914	epochs	3.0
1594.4824921983643	0.023997600000029706	epochs	3.0
1594.5064897983643	0.04760109999983797	epochs	2.0
1594.5064897983643	0.02386579999983951	epochs	3.0
1594.5303555983642	0.02373529999999846	epochs	3.0
1594.5540908983642	0.04708500000015192	epochs	2.0
1594.5540908983642	0.023606299999983094	epochs	3.0
1594.5776971983641	0.02347870000016883	epochs	3.0
1594.6011758983643	0.046579999999948996	epochs	2.0
1594.6011758983643	0.023352499999873544	epochs	3.0
1594.6245283983642	0.02322750000007545	epochs	3.0
1594.6477558983643	0.046085700000048746	epochs	2.0
1594.6477558983643	0.023104000000103042	epochs	3.0
1594.6708598983644	0.022981699999945704	epochs	3.0
1594.6938415983643	0.045601799999985815	epochs	2.0
1594.6938415983643	0.02286069999991014	epochs	3.0
1594.7167022983642	0.022741100000075676	epochs	3.0
1594.7394433983643	0.045127899999897636	epochs	2.0
1594.7394433983643	0.022622499999897627	epochs	3.0
1594.7620658983642	0.02250540000000001	epochs	3.0
1594.7845712983642	0.0446638000000803	epochs	2.0
1594.7845712983642	0.02238929999998618	epochs	3.0
1594.8069605983642	0.022274500000094122	epochs	3.0
1594.8292350983643	0.04420920000006845	epochs	2.0
1594.8292350983643	0.022160799999937808	epochs	3.0
1594.8513958983642	0.02204840000013064	epochs	3.0
1594.8734442983643	0.04376359999992019	epochs	2.0
1594.8734442983643	0.02193689999990056	epochs	3.0
1594.8953811983642	0.021826700000019628	epochs	3.0
1594.9172078983643	0.04332709999994222	epochs	2.0
1594.9172078983643	0.02171760000010181	epochs	3.0
1594.9389254983644	0.02160949999984041	epochs	3.0
1594.9605349983642	0.04289900000003399	epochs	2.0
1594.9605349983642	0.02150249999999687	epochs	3.0
1594.9820374983642	0.021396500000037122	epochs	3.0
1595.0034339983642	0.04247950000012679	epochs	2.0
1595.0034339983642	0.021291700000119818	epochs	3.0
1595.0247256983644	0.021187800000006973	epochs	3.0
1595.0459134983644	0.04206789999989269	epochs	2.0
1595.0459134983644	0.021084899999777917	epochs	3.0
1595.0669983983641	0.02098300000011477	epochs	3.0
1595.0879813983643	0.04166439999994509	epochs	2.0
1595.0879813983643	0.020882199999959994	epochs	3.0
1595.1088635983642	0.020782199999985096	epochs	3.0
1595.1296457983642	0.04126850000011473	epochs	2.0
1595.1296457983642	0.020683299999973315	epochs	3.0
1595.1503290983642	0.020585200000141413	epochs	3.0
1595.1709142983643	0.04088000000001557	epochs	2.0
1595.1709142983643	0.020488099999965925	epochs	3.0
1595.1914023983643	0.020391900000049645	epochs	3.0
1595.2117942983643	0.04049880000002304	epochs	2.0
1595.2117942983643	0.020296599999937825	epochs	3.0
1595.2320908983643	0.020202200000085213	epochs	3.0
1595.2522930983644	0.040124599999899146	epochs	2.0
1595.2522930983644	0.020108699999809687	epochs	3.0
1595.2724017983642	0.02001590000008946	epochs	3.0
1595.2924176983643	0.03975730000001931	epochs	2.0
1595.2924176983643	0.019924200000104975	epochs	3.0
1595.3123418983644	0.01983309999991434	epochs	3.0
1595.3321749983643	0.03939669999999751	epochs	2.0
1595.3321749983643	0.01974300000006224	epochs	3.0
1595.3519179983643	0.01965369999993527	epochs	3.0
1595.3715716983643	0.03904239999997117	epochs	2.0
1595.3715716983643	0.019565099999908853	epochs	3.0
1595.3911367983642	0.019477300000062314	epochs	3.0
1595.4106140983642	0.038694600000098944	epochs	2.0
1595.4106140983642	0.019390400000020236	epochs	3.0
1595.4300044983643	0.01930420000007871	epochs	3.0
1595.4493086983643	0.038352899999836154	epochs	2.0
1595.4493086983643	0.019218799999862313	epochs	3.0
1595.4685274983642	0.01913409999997384	epochs	3.0
1595.4876615983642	0.03801720000001296	epochs	2.0
1595.4876615983642	0.019050200000037876	epochs	3.0
1595.5067117983642	0.018966999999975087	epochs	3.0
1595.5256787983642	0.03768720000016401	epochs	2.0
1595.5256787983642	0.01888450000001285	epochs	3.0
1595.5445632983642	0.018802700000151162	epochs	3.0
1595.5633659983644	0.03736309999999321	epochs	2.0
1595.5633659983644	0.018721699999787234	epochs	3.0
1595.5820876983641	0.018641400000205977	epochs	3.0
1595.6007290983644	0.03704429999993408	epochs	2.0
1595.6007290983644	0.018561599999884493	epochs	3.0
1595.6192906983642	0.01848270000004959	epochs	3.0
1595.6377733983643	0.03673099999991791	epochs	2.0
1595.6377733983643	0.018404299999929208	epochs	3.0
1595.6561776983642	0.018326699999988705	epochs	3.0
1595.6745043983642	0.03642290000016146	epochs	2.0
1595.6745043983642	0.018249599999990096	epochs	3.0
1595.6927539983642	0.018173300000171366	epochs	3.0
1595.7109272983644	0.036120099999834565	epochs	2.0
1595.7109272983644	0.01809759999991911	epochs	3.0
1595.7290248983643	0.018022499999915453	epochs	3.0
1595.7470473983642	0.035822100000132195	epochs	2.0
1595.7470473983642	0.017947900000081063	epochs	3.0
1595.7649952983643	0.017874200000051133	epochs	3.0
1595.7828694983643	0.03552899999999681	epochs	2.0
1595.7828694983643	0.017800800000031813	epochs	3.0
1595.8006702983644	0.017728199999965	epochs	3.0
1595.8183984983643	0.03524070000003121	epochs	2.0
1595.8183984983643	0.01765609999984008	epochs	3.0
1595.8360545983642	0.01758460000019113	epochs	3.0
1595.8536391983644	0.03495709999992869	epochs	2.0
1595.8536391983644	0.017513699999881283	epochs	3.0
1595.8711528983642	0.017443400000047404	epochs	3.0
1595.8885962983643	0.034677899999906	epochs	2.0
1595.8885962983643	0.017373599999928047	epochs	3.0
1595.9059698983642	0.017304299999977957	epochs	3.0
1595.9232741983642	0.03440330000012182	epochs	2.0
1595.9232741983642	0.017235700000128418	epochs	3.0
1595.9405098983643	0.0171675999999934	epochs	3.0
1595.9576774983643	0.03413279999995211	epochs	2.0
1595.9576774983643	0.01709989999994832	epochs	3.0
1595.9747773983643	0.017032900000003792	epochs	3.0
1595.9918102983643	0.03386670000008962	epochs	2.0
1595.9918102983643	0.01696640000000116	epochs	3.0
1596.0087766983643	0.016900300000088464	epochs	3.0
1596.0256769983644	0.03360459999998966	epochs	2.0
1596.0256769983644	0.01683479999996962	epochs	3.0
1596.0425117983643	0.01676980000002004	epochs	3.0
1596.0592815983644	0.033346599999958926	epochs	2.0
1596.0592815983644	0.016705300000012357	epochs	3.0
1596.0759868983644	0.01664129999994657	epochs	3.0
1596.0926281983643	0.033092499999838765	epochs	2.0
1596.0926281983643	0.016577800000050047	epochs	3.0
1596.1092059983644	0.016514699999788718	epochs	3.0
1596.1257206983641	0.032842300000083924	epochs	2.0
1596.1257206983641	0.01645220000000336	epochs	3.0
1596.1421728983642	0.016390100000080565	epochs	3.0
1596.1585629983642	0.03259570000000167	epochs	2.0
1596.1585629983642	0.016328400000020338	epochs	3.0
1596.1748913983643	0.016267299999981333	epochs	3.0
1596.1911586983642	0.032352899999978035	epochs	2.0
1596.1911586983642	0.016206600000032267	epochs	3.0
1596.2073652983643	0.016146299999945768	epochs	3.0
1596.2235115983642	0.032113700000081735	epochs	2.0
1596.2235115983642	0.016086600000107865	epochs	3.0
1596.2395981983643	0.01602709999997387	epochs	3.0
1596.2556252983643	0.03187800000000607	epochs	2.0
1596.2556252983643	0.0159681999998611	epochs	3.0
1596.2715934983642	0.01590980000014497	epochs	3.0
1596.2875032983643	0.03164569999989908	epochs	2.0
1596.2875032983643	0.015851599999905375	epochs	3.0
1596.3033548983642	0.015794099999993705	epochs	3.0
1596.3191489983642	0.03141670000013619	epochs	2.0
1596.3191489983642	0.015736700000161363	epochs	3.0
1596.3348856983644	0.015679999999974825	epochs	3.0
1596.3505656983643	0.03119109999988723	epochs	2.0
1596.3505656983643	0.015623600000026272	epochs	3.0
1596.3661892983644	0.015567499999860956	epochs	3.0
1596.3817567983642	0.03096870000013041	epochs	2.0
1596.3817567983642	0.015511999999944237	epochs	3.0
1596.3972687983642	0.015456700000186174	epochs	3.0
1596.4127254983644	0.030749499999956242	epochs	2.0
1596.4127254983644	0.015401999999994587	epochs	3.0
1596.4281274983643	0.015347499999961656	epochs	3.0
1596.4434749983643	0.03053320000003623	epochs	2.0
1596.4434749983643	0.015293400000018664	epochs	3.0
1596.4587683983643	0.015239800000017567	epochs	3.0
1596.4740081983643	0.030320099999926242	epochs	2.0
1596.4740081983643	0.015186500000027081	epochs	3.0
1596.4891946983644	0.015133599999899161	epochs	3.0
1596.5043282983643	0.03010990000007041	epochs	2.0
1596.5043282983643	0.015081000000009226	epochs	3.0
1596.5194092983643	0.015028900000061185	epochs	3.0
1596.5344381983643	0.029902499999934662	epochs	2.0
1596.5344381983643	0.014976999999817053	epochs	3.0
1596.5494151983642	0.014925500000117609	epochs	3.0
1596.5643406983643	0.029698099999905025	epochs	2.0
1596.5643406983643	0.014874400000053356	epochs	3.0
1596.5792150983643	0.01482369999985167	epochs	3.0
1596.5940387983642	0.029496300000118936	epochs	2.0
1596.5940387983642	0.014773200000036013	epochs	3.0
1596.6088119983642	0.014723100000082923	epochs	3.0
1596.6235350983643	0.029297399999904883	epochs	2.0
1596.6235350983643	0.014673399999992398	epochs	3.0
1596.6382084983643	0.014623999999912485	epochs	3.0
1596.6528324983642	0.02910110000016175	epochs	2.0
1596.6528324983642	0.014574900000070556	epochs	3.0
1596.6674073983643	0.014526200000091194	epochs	3.0
1596.6819335983644	0.028907399999980044	epochs	2.0
1596.6819335983644	0.01447769999981574	epochs	3.0
1596.6964112983642	0.014429700000164303	epochs	3.0
1596.7108409983643	0.028716199999962555	epochs	2.0
1596.7108409983643	0.014381799999910072	epochs	3.0
1596.7252227983643	0.014334400000052483	epochs	3.0
1596.7395571983643	0.02852759999996124	epochs	2.0
1596.7395571983643	0.014287199999898803	epochs	3.0
1596.7538443983642	0.014240400000062436	epochs	3.0
1596.7680847983643	0.028341400000044814	epochs	2.0
1596.7680847983643	0.014193799999929979	epochs	3.0
1596.7822785983642	0.014147600000114835	epochs	3.0
1596.7964261983643	0.02815769999983786	epochs	2.0
1596.7964261983643	0.014101699999855555	epochs	3.0
1596.8105278983642	0.014055999999982305	epochs	3.0
1596.8245838983642	0.027976300000091214	epochs	2.0
1596.8245838983642	0.014010600000119666	epochs	3.0
1596.8385944983643	0.013965699999971548	epochs	3.0
1596.8525601983642	0.027797200000122757	epochs	2.0
1596.8525601983642	0.013920800000050804	epochs	3.0
1596.8664809983643	0.013876400000071953	epochs	3.0
1596.8803573983644	0.027620399999932488	epochs	2.0
1596.8803573983644	0.013832199999797012	epochs	3.0
1596.8941895983642	0.013788200000135475	epochs	3.0
1596.9079777983643	0.027445899999975154	epochs	2.0
1596.9079777983643	0.013744599999881757	epochs	3.0
1596.9217223983642	0.013701300000093397	epochs	3.0
1596.9354236983643	0.0272735000000921	epochs	2.0
1596.9354236983643	0.013658200000008947	epochs	3.0
1596.9490818983643	0.013615300000083153	epochs	3.0
1596.9626971983644	0.027103399999987232	epochs	2.0
1596.9626971983644	0.01357279999979255	epochs	3.0
1596.9762699983642	0.013530600000194681	epochs	3.0
1596.9898005983644	0.026935199999797987	epochs	2.0
1596.9898005983644	0.01348839999991469	epochs	3.0
1597.0032889983643	0.013446799999883297	epochs	3.0
1597.0167357983642	0.026769200000217097	epochs	2.0
1597.0167357983642	0.013405200000079276	epochs	3.0
1597.0301409983642	0.013364000000137821	epochs	3.0
1597.0435049983644	0.026605199999949036	epochs	2.0
1597.0435049983644	0.013322899999820947	epochs	3.0
1597.0568278983642	0.013282300000128089	epochs	3.0
1597.0701101983643	0.0264431999999033	epochs	2.0
1597.0701101983643	0.013241699999980483	epochs	3.0
1597.0833518983643	0.013201499999922817	epochs	3.0
1597.0965533983642	0.026283200000079887	epochs	2.0
1597.0965533983642	0.013161500000023807	epochs	3.0
1597.1097148983642	0.01312170000005608	epochs	3.0
1597.1228365983643	0.026124999999865395	epochs	2.0
1597.1228365983643	0.013082100000019636	epochs	3.0
1597.1359186983643	0.013042899999845758	epochs	3.0
1597.1489615983642	0.02596890000017993	epochs	2.0
1597.1489615983642	0.01300390000005791	epochs	3.0
1597.1619654983642	0.012965000000122018	epochs	3.0
1597.1749304983643	0.025814500000024054	epochs	2.0
1597.1749304983643	0.012926399999969362	epochs	3.0
1597.1878568983643	0.012888100000054692	epochs	3.0
1597.2007449983644	0.025661899999931848	epochs	2.0
1597.2007449983644	0.012849899999991976	epochs	3.0
1597.2135948983644	0.012811999999939871	epochs	3.0
1597.2264068983643	0.025511199999982637	epochs	2.0
1597.2264068983643	0.012774399999898378	epochs	3.0
1597.2391812983642	0.012736800000084258	epochs	3.0
1597.2519180983643	0.02536229999986972	epochs	2.0
1597.2519180983643	0.01269969999998466	epochs	3.0
1597.2646177983643	0.01266259999988506	epochs	3.0
1597.2772803983642	0.02521500000011656	epochs	2.0
1597.2772803983642	0.012625800000023446	epochs	3.0
1597.2899061983642	0.012589200000093115	epochs	3.0
1597.3024953983643	0.024584799999956886	epochs	2.0
1597.3262963983643	0.5	epochs	-1.0
1597.3270801983642	0.5006399999999758	epochs	1.0
1597.8277201983642	0.49927999999999884	epochs	0.0
1608.8900003433228	0.06007999999997082	epochs	0.0
1608.8900003433228	0.025041300000111733	epochs	1.0
1608.9150416433229	0.009997399999974732	epochs	1.0
1608.9250390433228	0.02504129999988436	epochs	1.0
1608.9500803433227	2.0	epochs	0.0
1610.9500803433227	0.5005599999999504	epochs	0.0
1610.9500803433227	0.5005599999999504	epochs	1.0
1610.9500965433228	0.5	epochs	-1.0
1611.4500965433228	0.0005437999998321175	epochs	-1.0
1611.4506403433227	21.499360000000024	epochs	0.0
1612.831000328064	0.06007999999997082	epochs	0.0
1612.831000328064	0.025041300000111733	epochs	1.0
1612.856041628064	0.009997399999974732	epochs	1.0
1612.866039028064	0.02504129999988436	epochs	1.0
1612.891080328064	2.0	epochs	0.0
1614.891080328064	5.379599999999982	epochs	0.0
1614.891080328064	1.0	epochs	1.0
1614.891096528064	0.5	epochs	-1.0
1615.391096528064	4.879583799999864	epochs	-1.0
1615.891080328064	4.379599999999982	epochs	1.0
1615.891080328064	4.356753900000058	epochs	-1.0
1615.891080328064	1.9745872000000873	epochs	2.0
1615.891080328064	1.0985622000000603	epochs	3.0
1616.989642528064	0.8760250000000269	epochs	3.0
1617.865667528064	1.3524075000000266	epochs	2.0
1617.865667528064	0.7286354999998821	epochs	3.0
1618.594303028064	0.6237720000001445	epochs	3.0
1619.218075028064	1.029759199999944	epochs	2.0
1619.218075028064	0.5453292999998212	epochs	3.0
1619.7634043280639	0.48442990000012287	epochs	3.0
1620.247834228064	0.022846099999924263	epochs	2.0
1620.247834228064	0.022846099999924263	epochs	3.0
1620.270680328064	16.620319999999992	epochs	0.0
1620.6440000534058	0.06007999999997082	epochs	0.0
1620.6440000534058	0.025041300000111733	epochs	1.0
1620.6690413534059	0.009997399999974732	epochs	1.0
1620.6790387534058	0.02504129999988436	epochs	1.0
1620.7040800534057	2.0	epochs	0.0
1622.7040800534057	21.500639999999976	epochs	0.0
1622.7040800534057	1.0	epochs	1.0
1622.7040962534059	0.5	epochs	-1.0
1623.2040962534059	19.998959999999897	epochs	-1.0
1623.7040800534057	20.0	epochs	1.0
1623.7040800534057	4.356753900000058	epochs	-1.0
1623.7040800534057	1.9745872000000873	epochs	2.0
1623.7040800534057	1.0985622000000603	epochs	3.0
1624.8026422534058	0.8760250000000269	epochs	3.0
1625.6786672534058	1.3524075000000266	epochs	2.0
1625.6786672534058	0.7286354999998821	epochs	3.0
1626.4073027534057	0.6237720000001445	epochs	3.0
1627.0310747534058	1.029759199999944	epochs	2.0
1627.0310747534058	0.5453292999998212	epochs	3.0
1627.5764040534057	0.48442990000012287	epochs	3.0
1628.0608339534058	0.8317861999998968	epochs	2.0
1628.0608339534058	0.4357763000000432	epochs	3.0
1628.4966102534058	0.3960098999998536	epochs	3.0
1628.8926201534057	0.6977970000000369	epochs	2.0
1628.8926201534057	0.3628982000000178	epochs	3.0
1629.2555183534057	0.33489880000001904	epochs	3.0
1629.5904171534057	0.601045699999986	epochs	2.0
1629.5904171534057	0.3109122999999272	epochs	3.0
1629.9013294534057	0.2901334000000588	epochs	3.0
1630.1914628534057	0.5278859000000011	epochs	2.0
1630.1914628534057	0.2719586000000618	epochs	3.0
1630.4634214534058	0.25592729999993935	epochs	3.0
1630.7193487534057	0.470619299999953	epochs	2.0
1630.7193487534057	0.241681299999982	epochs	3.0
1630.9610300534057	0.228937999999971	epochs	3.0
1631.1899680534057	0.42457039999999324	epochs	2.0
1631.1899680534057	0.21747140000002219	epochs	3.0
1631.4074394534057	0.20709899999997106	epochs	3.0
1631.6145384534057	0.3867354000001342	epochs	2.0
1631.6145384534057	0.19767110000020693	epochs	3.0
1631.8122095534059	0.18906429999992724	epochs	3.0
1632.0012738534058	0.35509529999990264	epochs	2.0
1632.0012738534058	0.18117589999997108	epochs	3.0
1632.1824497534058	0.17391939999993156	epochs	3.0
1632.3563691534057	0.3282431000000088	epochs	2.0
1632.3563691534057	0.16722189999995862	epochs	3.0
1632.5235910534057	0.16102120000005016	epochs	3.0
1632.6846122534057	0.30516800000009425	epochs	2.0
1632.6846122534057	0.15526390000013635	epochs	3.0
1632.8398761534058	0.1499040999999579	epochs	3.0
1632.9897802534058	0.28512529999989056	epochs	2.0
1632.9897802534058	0.14490209999985382	epochs	3.0
1633.1346823534057	0.14022320000003674	epochs	3.0
1633.2749055534057	0.267553800000087	epochs	2.0
1633.2749055534057	0.13583690000018578	epochs	3.0
1633.4107424534059	0.13171689999990122	epochs	3.0
1633.5424593534058	0.252022899999929	epochs	2.0
1633.5424593534058	0.1278393000000051	epochs	3.0
1633.6702986534058	0.1241835999999239	epochs	3.0
1633.7944822534057	0.23819649999995818	epochs	2.0
1633.7944822534057	0.12073110000005727	epochs	3.0
1633.9152133534058	0.11746539999990091	epochs	3.0
1634.0326787534057	0.2258088000000953	epochs	2.0
1634.0326787534057	0.11437190000015107	epochs	3.0
1634.1470506534058	0.11143689999994422	epochs	3.0
1634.2584875534058	0.21464599999990241	epochs	2.0
1634.2584875534058	0.10864889999993466	epochs	3.0
1634.3671364534057	0.10599709999996776	epochs	3.0
1634.4731335534057	0.20453500000007807	epochs	2.0
1634.4731335534057	0.10347150000006877	epochs	3.0
1634.5766050534057	0.1010635000000093	epochs	3.0
1634.6776685534057	0.19533400000000256	epochs	2.0
1634.6776685534057	0.09876510000003691	epochs	3.0
1634.7764336534058	0.09656889999996565	epochs	3.0
1634.8730025534057	0.18692529999998442	epochs	2.0
1634.8730025534057	0.09446830000001682	epochs	3.0
1634.9674708534058	0.09245699999996759	epochs	3.0
1635.0599278534057	0.1792107000001124	epochs	2.0
1635.0599278534057	0.0905296000000817	epochs	3.0
1635.1504574534058	0.08868110000003071	epochs	3.0
1635.2391385534058	0.17210769999996955	epochs	2.0
1635.2391385534058	0.08690630000000965	epochs	3.0
1635.3260448534058	0.0852013999999599	epochs	3.0
1635.4112462534058	0.16554640000003928	epochs	2.0
1635.4112462534058	0.08356189999994967	epochs	3.0
1635.4948081534058	0.08198450000008961	epochs	3.0
1635.5767926534058	0.15946709999980158	epochs	2.0
1635.5767926534058	0.08046539999986635	epochs	3.0
1635.6572580534057	0.07900169999993523	epochs	3.0
1635.7362597534056	0.15381840000009106	epochs	2.0
1635.7362597534056	0.07759010000017952	epochs	3.0
1635.8138498534058	0.07622829999991154	epochs	3.0
1635.8900781534057	0.14855639999996129	epochs	2.0
1635.8900781534057	0.07491329999993468	epochs	3.0
1635.9649914534057	0.0736431000000266	epochs	3.0
1636.0386345534057	0.14364240000008976	epochs	2.0
1636.0386345534057	0.07241500000009182	epochs	3.0
1636.1110495534058	0.07122739999999794	epochs	3.0
1636.1822769534058	0.13904309999998077	epochs	2.0
1636.1822769534058	0.07007799999996678	epochs	3.0
1636.2523549534058	0.06896510000001399	epochs	3.0
1636.3213200534058	0.13472929999988992	epochs	2.0
1636.3213200534058	0.0678871000000072	epochs	3.0
1636.3892071534058	0.06684219999988272	epochs	3.0
1636.4560493534057	0.1306752000000415	epochs	2.0
1636.4560493534057	0.06582910000020092	epochs	3.0
1636.5218784534059	0.06484609999984059	epochs	3.0
1636.5867245534057	0.12685780000015257	epochs	2.0
1636.5867245534057	0.06389200000012352	epochs	3.0
1636.6506165534058	0.06296580000002905	epochs	3.0
1636.7135823534059	0.12325719999989815	epochs	2.0
1636.7135823534059	0.06206579999980022	epochs	3.0
1636.7756481534057	0.06119140000009793	epochs	3.0
1636.8368395534058	0.11985540000000583	epochs	2.0
1636.8368395534058	0.060341099999959624	epochs	3.0
1636.8971806534057	0.059514300000046205	epochs	3.0
1636.9566949534058	0.1166361999999026	epochs	2.0
1636.9566949534058	0.058709599999929196	epochs	3.0
1637.0154045534057	0.057926599999973405	epochs	3.0
1637.0733311534057	0.11358560000007856	epochs	2.0
1637.0733311534057	0.057164200000215715	epochs	3.0
1637.1304953534059	0.05642139999986284	epochs	3.0
1637.1869167534057	0.11069049999991876	epochs	2.0
1637.1869167534057	0.055697900000041045	epochs	3.0
1637.2426146534058	0.05499259999987771	epochs	3.0
1637.2976072534057	0.1079391000000669	epochs	2.0
1637.2976072534057	0.05430490000003374	epochs	3.0
1637.3519121534057	0.05363420000003316	epochs	3.0
1637.4055463534057	0.10532149999994544	epochs	2.0
1637.4055463534057	0.05297999999993408	epochs	3.0
1637.4585263534057	0.052341500000011365	epochs	3.0
1637.5108678534057	0.10282760000018243	epochs	2.0
1637.5108678534057	0.05171810000001642	epochs	3.0
1637.5625859534057	0.05110950000016601	epochs	3.0
1637.6136954534059	0.10044909999987794	epochs	2.0
1637.6136954534059	0.0505148999998255	epochs	3.0
1637.6642103534057	0.04993420000005244	epochs	3.0
1637.7141445534057	0.0981782999999723	epochs	2.0
1637.7141445534057	0.04936659999998483	epochs	3.0
1637.7635111534057	0.04881169999998747	epochs	3.0
1637.8123228534057	0.09600780000005216	epochs	2.0
1637.8123228534057	0.04826920000004975	epochs	3.0
1637.8605920534058	0.04773860000000241	epochs	3.0
1637.9083306534058	0.09393120000004274	epochs	2.0
1637.9083306534058	0.04721949999998287	epochs	3.0
1637.9555501534057	0.046711700000059864	epochs	3.0
1638.0022618534058	0.09194260000003851	epochs	2.0
1638.0022618534058	0.046214599999984785	epochs	3.0
1638.0484764534058	0.045728000000053726	epochs	3.0
1638.0942044534058	0.09003629999983787	epochs	2.0
1638.0942044534058	0.045251499999949374	epochs	3.0
1638.1394559534058	0.04478479999988849	epochs	3.0
1638.1842407534057	0.08820760000003247	epochs	2.0
1638.1842407534057	0.044327800000019124	epochs	3.0
1638.2285685534057	0.04387980000001335	epochs	3.0
1638.2724483534057	0.0864516999999978	epochs	2.0
1638.2724483534057	0.04344100000002982	epochs	3.0
1638.3158893534057	0.04301069999996798	epochs	3.0
1638.3589000534057	0.08476429999996071	epochs	2.0
1638.3589000534057	0.04258900000013455	epochs	3.0
1638.4014890534058	0.042175299999826166	epochs	3.0
1638.4436643534057	0.08314150000001064	epochs	2.0
1638.4436643534057	0.04176970000003166	epochs	3.0
1638.4854340534057	0.041371799999978975	epochs	3.0
1638.5268058534057	0.08157970000002024	epochs	2.0
1638.5268058534057	0.04098140000019157	epochs	3.0
1638.5677872534059	0.04059829999982867	epochs	3.0
1638.6083855534057	0.08007550000002084	epochs	2.0
1638.6083855534057	0.040222300000095856	epochs	3.0
1638.6486078534058	0.03985319999992498	epochs	3.0
1638.6884610534057	0.07862569999997504	epochs	2.0
1638.6884610534057	0.039490800000066884	epochs	3.0
1638.7279518534058	0.03913489999990816	epochs	3.0
1638.7670867534057	0.07722760000001472	epochs	2.0
1638.7670867534057	0.038785400000051595	epochs	3.0
1638.8058721534057	0.03844219999996312	epochs	3.0
1638.8443143534057	0.07587820000003376	epochs	2.0
1638.8443143534057	0.03810480000015559	epochs	3.0
1638.8824191534059	0.037773399999878166	epochs	3.0
1638.9201925534057	0.0745752000000266	epochs	2.0
1638.9201925534057	0.03744770000002973	epochs	3.0
1638.9576402534058	0.03712749999999687	epochs	3.0
1638.9947677534058	0.07331629999998768	epochs	2.0
1638.9947677534058	0.0368129000000863	epochs	3.0
1639.0315806534059	0.036503399999901376	epochs	3.0
1639.0680840534058	0.07209899999998015	epochs	2.0
1639.0680840534058	0.03619909999997617	epochs	3.0
1639.1042831534057	0.03589990000000398	epochs	3.0
1639.1401830534057	0.07092170000009901	epochs	2.0
1639.1401830534057	0.03560560000005353	epochs	3.0
1639.1757886534058	0.03531610000004548	epochs	3.0
1639.2111047534058	0.06978200000003199	epochs	2.0
1639.2111047534058	0.03503119999982118	epochs	3.0
1639.2461359534057	0.0347508000002108	epochs	3.0
1639.2808867534059	0.06867859999988468	epochs	2.0
1639.2808867534059	0.03447509999978138	epochs	3.0
1639.3153618534056	0.034203500000103304	epochs	3.0
1639.3495653534058	0.06760929999995824	epochs	2.0
1639.3495653534058	0.033936199999970995	epochs	3.0
1639.3835015534057	0.033673099999987244	epochs	3.0
1639.4171746534057	0.06657289999998284	epochs	2.0
1639.4171746534057	0.03341399999999339	epochs	3.0
1639.4505886534057	0.033158899999989444	epochs	3.0
1639.4837475534057	0.06556780000005347	epochs	2.0
1639.4837475534057	0.03290770000012344	epochs	3.0
1639.5166552534058	0.032660099999930026	epochs	3.0
1639.5493153534057	0.06459259999996902	epochs	2.0
1639.5493153534057	0.03241640000010193	epochs	3.0
1639.5817317534058	0.032176199999867094	epochs	3.0
1639.6139079534057	0.06364600000006249	epochs	2.0
1639.6139079534057	0.03193959999998697	epochs	3.0
1639.6458475534057	0.03170640000007552	epochs	3.0
1639.6775539534058	0.0627266999999847	epochs	2.0
1639.6775539534058	0.031476599999905375	epochs	3.0
1639.7090305534057	0.03125010000007933	epochs	3.0
1639.7402806534058	0.06183359999999993	epochs	2.0
1639.7402806534058	0.03102689999991526	epochs	3.0
1639.7713075534057	0.030806700000084675	epochs	3.0
1639.8021142534058	0.060965599999917686	epochs	2.0
1639.8021142534058	0.030589799999916067	epochs	3.0
1639.8327040534057	0.030375800000001618	epochs	3.0
1639.8630798534057	0.06012160000000222	epochs	2.0
1639.8630798534057	0.030164900000045236	epochs	3.0
1639.8932447534057	0.02995669999995698	epochs	3.0
1639.9232014534057	0.05930069999999432	epochs	2.0
1639.9232014534057	0.029751600000054168	epochs	3.0
1639.9529530534057	0.029549099999940154	epochs	3.0
1639.9825021534057	0.058501800000158255	epochs	2.0
1639.9825021534057	0.02934940000000097	epochs	3.0
1640.0118515534057	0.029152400000157286	epochs	3.0
1640.0410039534058	0.05772419999993872	epochs	2.0
1640.0410039534058	0.028957999999875028	epochs	3.0
1640.0699619534057	0.02876620000006369	epochs	3.0
1640.0987281534058	0.05696710000006533	epochs	2.0
1640.0987281534058	0.028577000000041153	epochs	3.0
1640.1273051534058	0.028390100000024177	epochs	3.0
1640.1556952534058	0.05622949999997218	epochs	2.0
1640.1556952534058	0.028205699999944045	epochs	3.0
1640.1839009534058	0.028023800000028132	epochs	3.0
1640.2119247534058	0.05551070000001346	epochs	2.0
1640.2119247534058	0.027843999999959124	epochs	3.0
1640.2397687534058	0.027666700000054334	epochs	3.0
1640.2674354534058	0.054810200000019904	epochs	2.0
1640.2674354534058	0.02749149999999645	epochs	3.0
1640.2949269534058	0.027318700000023455	epochs	3.0
1640.3222456534058	0.054126999999880354	epochs	2.0
1640.3222456534058	0.027147799999966082	epochs	3.0
1640.3493934534058	0.026979199999914272	epochs	3.0
1640.3763726534057	0.053460699999959616	epochs	2.0
1640.3763726534057	0.026812600000084785	epochs	3.0
1640.4031852534058	0.02664809999987483	epochs	3.0
1640.4298333534057	0.05281070000000909	epochs	2.0
1640.4298333534057	0.026485600000114573	epochs	3.0
1640.4563189534058	0.02632509999989452	epochs	3.0
1640.4826440534057	0.05217620000007628	epochs	2.0
1640.4826440534057	0.026166399999965506	epochs	3.0
1640.5088104534057	0.026009800000110772	epochs	3.0
1640.5348202534058	0.051556699999991906	epochs	2.0
1640.5348202534058	0.025854799999933675	epochs	3.0
1640.5606750534057	0.02570190000005823	epochs	3.0
1640.5863769534058	0.05095189999997274	epochs	2.0
1640.5863769534058	0.025550699999939752	epochs	3.0
1640.6119276534057	0.025401200000032986	epochs	3.0
1640.6373288534057	0.05036100000006627	epochs	2.0
1640.6373288534057	0.025253499999962514	epochs	3.0
1640.6625823534057	0.025107500000103755	epochs	3.0
1640.6876898534058	0.04978379999988647	epochs	2.0
1640.6876898534058	0.02496320000000196	epochs	3.0
1640.7126530534058	0.024820599999884507	epochs	3.0
1640.7374736534057	0.04921950000016295	epochs	2.0
1640.7374736534057	0.024679399999968155	epochs	3.0
1640.7621530534057	0.024540100000194798	epochs	3.0
1640.7866931534058	0.04866789999982757	epochs	2.0
1640.7866931534058	0.024402099999861093	epochs	3.0
1640.8110952534057	0.024265799999966475	epochs	3.0
1640.8353610534057	0.04812860000015462	epochs	2.0
1640.8353610534057	0.024131000000124914	epochs	3.0
1640.8594920534058	0.023997600000029706	epochs	3.0
1640.8834896534058	0.04760109999983797	epochs	2.0
1640.8834896534058	0.02386579999983951	epochs	3.0
1640.9073554534057	0.02373529999999846	epochs	3.0
1640.9310907534057	0.04708500000015192	epochs	2.0
1640.9310907534057	0.023606299999983094	epochs	3.0
1640.9546970534057	0.02347870000016883	epochs	3.0
1640.9781757534058	0.046579999999948996	epochs	2.0
1640.9781757534058	0.023352499999873544	epochs	3.0
1641.0015282534057	0.02322750000007545	epochs	3.0
1641.0247557534058	0.046085700000048746	epochs	2.0
1641.0247557534058	0.023104000000103042	epochs	3.0
1641.0478597534059	0.022981699999945704	epochs	3.0
1641.0708414534058	0.045601799999985815	epochs	2.0
1641.0708414534058	0.02286069999991014	epochs	3.0
1641.0937021534057	0.022741100000075676	epochs	3.0
1641.1164432534058	0.045127899999897636	epochs	2.0
1641.1164432534058	0.022622499999897627	epochs	3.0
1641.1390657534057	0.02250540000000001	epochs	3.0
1641.1615711534057	0.0446638000000803	epochs	2.0
1641.1615711534057	0.02238929999998618	epochs	3.0
1641.1839604534057	0.022274500000094122	epochs	3.0
1641.2062349534058	0.04420920000006845	epochs	2.0
1641.2062349534058	0.022160799999937808	epochs	3.0
1641.2283957534057	0.02204840000013064	epochs	3.0
1641.2504441534059	0.04376359999992019	epochs	2.0
1641.2504441534059	0.02193689999990056	epochs	3.0
1641.2723810534058	0.021826700000019628	epochs	3.0
1641.2942077534058	0.04332709999994222	epochs	2.0
1641.2942077534058	0.02171760000010181	epochs	3.0
1641.3159253534059	0.02160949999984041	epochs	3.0
1641.3375348534057	0.04289900000003399	epochs	2.0
1641.3375348534057	0.02150249999999687	epochs	3.0
1641.3590373534057	0.021396500000037122	epochs	3.0
1641.3804338534057	0.04247950000012679	epochs	2.0
1641.3804338534057	0.021291700000119818	epochs	3.0
1641.4017255534059	0.021187800000006973	epochs	3.0
1641.4229133534059	0.04206789999989269	epochs	2.0
1641.4229133534059	0.021084899999777917	epochs	3.0
1641.4439982534057	0.02098300000011477	epochs	3.0
1641.4649812534058	0.04166439999994509	epochs	2.0
1641.4649812534058	0.020882199999959994	epochs	3.0
1641.4858634534057	0.020782199999985096	epochs	3.0
1641.5066456534057	0.04126850000011473	epochs	2.0
1641.5066456534057	0.020683299999973315	epochs	3.0
1641.5273289534057	0.020585200000141413	epochs	3.0
1641.5479141534058	0.04088000000001557	epochs	2.0
1641.5479141534058	0.020488099999965925	epochs	3.0
1641.5684022534058	0.020391900000049645	epochs	3.0
1641.5887941534058	0.04049880000002304	epochs	2.0
1641.5887941534058	0.020296599999937825	epochs	3.0
1641.6090907534058	0.020202200000085213	epochs	3.0
1641.6292929534059	0.040124599999899146	epochs	2.0
1641.6292929534059	0.020108699999809687	epochs	3.0
1641.6494016534057	0.02001590000008946	epochs	3.0
1641.6694175534058	0.03975730000001931	epochs	2.0
1641.6694175534058	0.019924200000104975	epochs	3.0
1641.6893417534059	0.01983309999991434	epochs	3.0
1641.7091748534058	0.03939669999999751	epochs	2.0
1641.7091748534058	0.01974300000006224	epochs	3.0
1641.7289178534058	0.01965369999993527	epochs	3.0
1641.7485715534058	0.03904239999997117	epochs	2.0
1641.7485715534058	0.019565099999908853	epochs	3.0
1641.7681366534057	0.019477300000062314	epochs	3.0
1641.7876139534058	0.038694600000098944	epochs	2.0
1641.7876139534058	0.019390400000020236	epochs	3.0
1641.8070043534058	0.01930420000007871	epochs	3.0
1641.8263085534059	0.038352899999836154	epochs	2.0
1641.8263085534059	0.019218799999862313	epochs	3.0
1641.8455273534057	0.01913409999997384	epochs	3.0
1641.8646614534057	0.03801720000001296	epochs	2.0
1641.8646614534057	0.019050200000037876	epochs	3.0
1641.8837116534057	0.018966999999975087	epochs	3.0
1641.9026786534057	0.03768720000016401	epochs	2.0
1641.9026786534057	0.01888450000001285	epochs	3.0
1641.9215631534057	0.018802700000151162	epochs	3.0
1641.9403658534059	0.03736309999999321	epochs	2.0
1641.9403658534059	0.018721699999787234	epochs	3.0
1641.9590875534057	0.018641400000205977	epochs	3.0
1641.9777289534059	0.03704429999993408	epochs	2.0
1641.9777289534059	0.018561599999884493	epochs	3.0
1641.9962905534057	0.01848270000004959	epochs	3.0
1642.0147732534058	0.03673099999991791	epochs	2.0
1642.0147732534058	0.018404299999929208	epochs	3.0
1642.0331775534057	0.018326699999988705	epochs	3.0
1642.0515042534057	0.03642290000016146	epochs	2.0
1642.0515042534057	0.018249599999990096	epochs	3.0
1642.0697538534057	0.018173300000171366	epochs	3.0
1642.0879271534059	0.036120099999834565	epochs	2.0
1642.0879271534059	0.01809759999991911	epochs	3.0
1642.1060247534058	0.018022499999915453	epochs	3.0
1642.1240472534057	0.035822100000132195	epochs	2.0
1642.1240472534057	0.017947900000081063	epochs	3.0
1642.1419951534058	0.017874200000051133	epochs	3.0
1642.1598693534058	0.03552899999999681	epochs	2.0
1642.1598693534058	0.017800800000031813	epochs	3.0
1642.1776701534059	0.017728199999965	epochs	3.0
1642.1953983534058	0.03524070000003121	epochs	2.0
1642.1953983534058	0.01765609999984008	epochs	3.0
1642.2130544534057	0.01758460000019113	epochs	3.0
1642.2306390534059	0.03495709999992869	epochs	2.0
1642.2306390534059	0.017513699999881283	epochs	3.0
1642.2481527534057	0.017443400000047404	epochs	3.0
1642.2655961534058	0.034677899999906	epochs	2.0
1642.2655961534058	0.017373599999928047	epochs	3.0
1642.2829697534057	0.017304299999977957	epochs	3.0
1642.3002740534057	0.03440330000012182	epochs	2.0
1642.3002740534057	0.017235700000128418	epochs	3.0
1642.3175097534058	0.0171675999999934	epochs	3.0
1642.3346773534058	0.03413279999995211	epochs	2.0
1642.3346773534058	0.01709989999994832	epochs	3.0
1642.3517772534058	0.017032900000003792	epochs	3.0
1642.3688101534058	0.03386670000008962	epochs	2.0
1642.3688101534058	0.01696640000000116	epochs	3.0
1642.3857765534058	0.016900300000088464	epochs	3.0
1642.4026768534059	0.03360459999998966	epochs	2.0
1642.4026768534059	0.01683479999996962	epochs	3.0
1642.4195116534058	0.01676980000002004	epochs	3.0
1642.4362814534059	0.033346599999958926	epochs	2.0
1642.4362814534059	0.016705300000012357	epochs	3.0
1642.4529867534059	0.01664129999994657	epochs	3.0
1642.4696280534058	0.033092499999838765	epochs	2.0
1642.4696280534058	0.016577800000050047	epochs	3.0
1642.4862058534059	0.016514699999788718	epochs	3.0
1642.5027205534057	0.032842300000083924	epochs	2.0
1642.5027205534057	0.01645220000000336	epochs	3.0
1642.5191727534057	0.016390100000080565	epochs	3.0
1642.5355628534057	0.03259570000000167	epochs	2.0
1642.5355628534057	0.016328400000020338	epochs	3.0
1642.5518912534058	0.016267299999981333	epochs	3.0
1642.5681585534057	0.032352899999978035	epochs	2.0
1642.5681585534057	0.016206600000032267	epochs	3.0
1642.5843651534058	0.016146299999945768	epochs	3.0
1642.6005114534057	0.032113700000081735	epochs	2.0
1642.6005114534057	0.016086600000107865	epochs	3.0
1642.6165980534058	0.01602709999997387	epochs	3.0
1642.6326251534058	0.03187800000000607	epochs	2.0
1642.6326251534058	0.0159681999998611	epochs	3.0
1642.6485933534057	0.01590980000014497	epochs	3.0
1642.6645031534058	0.03164569999989908	epochs	2.0
1642.6645031534058	0.015851599999905375	epochs	3.0
1642.6803547534057	0.015794099999993705	epochs	3.0
1642.6961488534057	0.03141670000013619	epochs	2.0
1642.6961488534057	0.015736700000161363	epochs	3.0
1642.7118855534059	0.015679999999974825	epochs	3.0
1642.7275655534058	0.03119109999988723	epochs	2.0
1642.7275655534058	0.015623600000026272	epochs	3.0
1642.7431891534059	0.015567499999860956	epochs	3.0
1642.7587566534057	0.03096870000013041	epochs	2.0
1642.7587566534057	0.015511999999944237	epochs	3.0
1642.7742686534057	0.015456700000186174	epochs	3.0
1642.7897253534059	0.030749499999956242	epochs	2.0
1642.7897253534059	0.015401999999994587	epochs	3.0
1642.8051273534059	0.015347499999961656	epochs	3.0
1642.8204748534058	0.03053320000003623	epochs	2.0
1642.8204748534058	0.015293400000018664	epochs	3.0
1642.8357682534058	0.015239800000017567	epochs	3.0
1642.8510080534058	0.030320099999926242	epochs	2.0
1642.8510080534058	0.015186500000027081	epochs	3.0
1642.8661945534059	0.015133599999899161	epochs	3.0
1642.8813281534058	0.03010990000007041	epochs	2.0
1642.8813281534058	0.015081000000009226	epochs	3.0
1642.8964091534058	0.015028900000061185	epochs	3.0
1642.9114380534058	0.029902499999934662	epochs	2.0
1642.9114380534058	0.014976999999817053	epochs	3.0
1642.9264150534057	0.014925500000117609	epochs	3.0
1642.9413405534058	0.029698099999905025	epochs	2.0
1642.9413405534058	0.014874400000053356	epochs	3.0
1642.9562149534058	0.01482369999985167	epochs	3.0
1642.9710386534057	0.029496300000118936	epochs	2.0
1642.9710386534057	0.014773200000036013	epochs	3.0
1642.9858118534057	0.014723100000082923	epochs	3.0
1643.0005349534058	0.029297399999904883	epochs	2.0
1643.0005349534058	0.014673399999992398	epochs	3.0
1643.0152083534058	0.014623999999912485	epochs	3.0
1643.0298323534057	0.02910110000016175	epochs	2.0
1643.0298323534057	0.014574900000070556	epochs	3.0
1643.0444072534058	0.014526200000091194	epochs	3.0
1643.0589334534059	0.028907399999980044	epochs	2.0
1643.0589334534059	0.01447769999981574	epochs	3.0
1643.0734111534057	0.014429700000164303	epochs	3.0
1643.0878408534059	0.028716199999962555	epochs	2.0
1643.0878408534059	0.014381799999910072	epochs	3.0
1643.1022226534058	0.014334400000052483	epochs	3.0
1643.1165570534058	0.02852759999996124	epochs	2.0
1643.1165570534058	0.014287199999898803	epochs	3.0
1643.1308442534057	0.014240400000062436	epochs	3.0
1643.1450846534058	0.028341400000044814	epochs	2.0
1643.1450846534058	0.014193799999929979	epochs	3.0
1643.1592784534057	0.014147600000114835	epochs	3.0
1643.1734260534058	0.02815769999983786	epochs	2.0
1643.1734260534058	0.014101699999855555	epochs	3.0
1643.1875277534057	0.014055999999982305	epochs	3.0
1643.2015837534057	0.027976300000091214	epochs	2.0
1643.2015837534057	0.014010600000119666	epochs	3.0
1643.2155943534058	0.013965699999971548	epochs	3.0
1643.2295600534057	0.027797200000122757	epochs	2.0
1643.2295600534057	0.013920800000050804	epochs	3.0
1643.2434808534058	0.013876400000071953	epochs	3.0
1643.2573572534059	0.027620399999932488	epochs	2.0
1643.2573572534059	0.013832199999797012	epochs	3.0
1643.2711894534057	0.013788200000135475	epochs	3.0
1643.2849776534058	0.027445899999975154	epochs	2.0
1643.2849776534058	0.013744599999881757	epochs	3.0
1643.2987222534057	0.013701300000093397	epochs	3.0
1643.3124235534058	0.0272735000000921	epochs	2.0
1643.3124235534058	0.013658200000008947	epochs	3.0
1643.3260817534058	0.013615300000083153	epochs	3.0
1643.3396970534059	0.027103399999987232	epochs	2.0
1643.3396970534059	0.01357279999979255	epochs	3.0
1643.3532698534057	0.013530600000194681	epochs	3.0
1643.3668004534059	0.026935199999797987	epochs	2.0
1643.3668004534059	0.01348839999991469	epochs	3.0
1643.3802888534058	0.013446799999883297	epochs	3.0
1643.3937356534057	0.026769200000217097	epochs	2.0
1643.3937356534057	0.013405200000079276	epochs	3.0
1643.4071408534057	0.013364000000137821	epochs	3.0
1643.4205048534059	0.026605199999949036	epochs	2.0
1643.4205048534059	0.013322899999820947	epochs	3.0
1643.4338277534057	0.013282300000128089	epochs	3.0
1643.4471100534058	0.0264431999999033	epochs	2.0
1643.4471100534058	0.013241699999980483	epochs	3.0
1643.4603517534058	0.013201499999922817	epochs	3.0
1643.4735532534057	0.026283200000079887	epochs	2.0
1643.4735532534057	0.013161500000023807	epochs	3.0
1643.4867147534057	0.01312170000005608	epochs	3.0
1643.4998364534058	0.026124999999865395	epochs	2.0
1643.4998364534058	0.013082100000019636	epochs	3.0
1643.5129185534058	0.013042899999845758	epochs	3.0
1643.5259614534057	0.02596890000017993	epochs	2.0
1643.5259614534057	0.01300390000005791	epochs	3.0
1643.5389653534057	0.012965000000122018	epochs	3.0
1643.5519303534059	0.025814500000024054	epochs	2.0
1643.5519303534059	0.012926399999969362	epochs	3.0
1643.5648567534058	0.012888100000054692	epochs	3.0
1643.5777448534059	0.025661899999931848	epochs	2.0
1643.5777448534059	0.012849899999991976	epochs	3.0
1643.5905947534059	0.012811999999939871	epochs	3.0
1643.6034067534058	0.025511199999982637	epochs	2.0
1643.6034067534058	0.012774399999898378	epochs	3.0
1643.6161811534057	0.012736800000084258	epochs	3.0
1643.6289179534058	0.02536229999986972	epochs	2.0
1643.6289179534058	0.01269969999998466	epochs	3.0
1643.6416176534058	0.01266259999988506	epochs	3.0
1643.6542802534057	0.02521500000011656	epochs	2.0
1643.6542802534057	0.012625800000023446	epochs	3.0
1643.6669060534057	0.012589200000093115	epochs	3.0
1643.6794952534058	0.024584799999956886	epochs	2.0
1643.7030562534057	0.5	epochs	-1.0
1643.7040800534057	0.5006399999999758	epochs	1.0
1644.2047200534057	0.49927999999999884	epochs	0.0
1644.6020002365112	0.06007999999997082	epochs	0.0
1644.6020002365112	0.025041300000111733	epochs	1.0
1644.6270415365113	0.009997399999974732	epochs	1.0
1644.6370389365113	0.02504129999988436	epochs	1.0
1644.6620802365112	2.0	epochs	0.0
1646.6620802365112	0.5395200000000386	epochs	0.0
1646.6620802365112	0.5395200000000386	epochs	1.0
1646.6620964365113	0.5	epochs	-1.0
1647.1620964365113	0.039503799999920375	epochs	-1.0
1647.2016002365112	21.460399999999936	epochs	0.0
1648.5240001678467	0.06007999999997082	epochs	0.0
1648.5240001678467	0.025041300000111733	epochs	1.0
1648.5490414678468	0.009997399999974732	epochs	1.0
1648.5590388678468	0.02504129999988436	epochs	1.0
1648.5840801678467	2.0	epochs	0.0
1650.5840801678467	21.4996000000001	epochs	0.0
1650.5840801678467	1.0	epochs	1.0
1650.5840963678468	0.5	epochs	-1.0
1651.0840963678468	19.998959999999897	epochs	-1.0
1651.5840801678467	20.0	epochs	1.0
1651.5840801678467	4.356753900000058	epochs	-1.0
1651.5840801678467	1.9745872000000873	epochs	2.0
1651.5840801678467	1.0985622000000603	epochs	3.0
1652.6826423678467	0.8760250000000269	epochs	3.0
1653.5586673678467	1.3524075000000266	epochs	2.0
1653.5586673678467	0.7286354999998821	epochs	3.0
1654.2873028678466	0.6237720000001445	epochs	3.0
1654.9110748678468	1.029759199999944	epochs	2.0
1654.9110748678468	0.5453292999998212	epochs	3.0
1655.4564041678466	0.48442990000012287	epochs	3.0
1655.9408340678467	0.8317861999998968	epochs	2.0
1655.9408340678467	0.4357763000000432	epochs	3.0
1656.3766103678468	0.3960098999998536	epochs	3.0
1656.7726202678466	0.6977970000000369	epochs	2.0
1656.7726202678466	0.3628982000000178	epochs	3.0
1657.1355184678466	0.33489880000001904	epochs	3.0
1657.4704172678466	0.601045699999986	epochs	2.0
1657.4704172678466	0.3109122999999272	epochs	3.0
1657.7813295678466	0.2901334000000588	epochs	3.0
1658.0714629678466	0.5278859000000011	epochs	2.0
1658.0714629678466	0.2719586000000618	epochs	3.0
1658.3434215678467	0.25592729999993935	epochs	3.0
1658.5993488678466	0.470619299999953	epochs	2.0
1658.5993488678466	0.241681299999982	epochs	3.0
1658.8410301678466	0.228937999999971	epochs	3.0
1659.0699681678466	0.42457039999999324	epochs	2.0
1659.0699681678466	0.21747140000002219	epochs	3.0
1659.2874395678466	0.20709899999997106	epochs	3.0
1659.4945385678466	0.3867354000001342	epochs	2.0
1659.4945385678466	0.19767110000020693	epochs	3.0
1659.6922096678468	0.18906429999992724	epochs	3.0
1659.8812739678467	0.35509529999990264	epochs	2.0
1659.8812739678467	0.18117589999997108	epochs	3.0
1660.0624498678467	0.17391939999993156	epochs	3.0
1660.2363692678466	0.3282431000000088	epochs	2.0
1660.2363692678466	0.16722189999995862	epochs	3.0
1660.4035911678466	0.16102120000005016	epochs	3.0
1660.5646123678466	0.30516800000009425	epochs	2.0
1660.5646123678466	0.15526390000013635	epochs	3.0
1660.7198762678468	0.1499040999999579	epochs	3.0
1660.8697803678467	0.28512529999989056	epochs	2.0
1660.8697803678467	0.14490209999985382	epochs	3.0
1661.0146824678466	0.14022320000003674	epochs	3.0
1661.1549056678466	0.267553800000087	epochs	2.0
1661.1549056678466	0.13583690000018578	epochs	3.0
1661.2907425678468	0.13171689999990122	epochs	3.0
1661.4224594678467	0.252022899999929	epochs	2.0
1661.4224594678467	0.1278393000000051	epochs	3.0
1661.5502987678467	0.1241835999999239	epochs	3.0
1661.6744823678466	0.23819649999995818	epochs	2.0
1661.6744823678466	0.12073110000005727	epochs	3.0
1661.7952134678467	0.11746539999990091	epochs	3.0
1661.9126788678466	0.2258088000000953	epochs	2.0
1661.9126788678466	0.11437190000015107	epochs	3.0
1662.0270507678467	0.11143689999994422	epochs	3.0
1662.1384876678467	0.21464599999990241	epochs	2.0
1662.1384876678467	0.10864889999993466	epochs	3.0
1662.2471365678466	0.10599709999996776	epochs	3.0
1662.3531336678466	0.20453500000007807	epochs	2.0
1662.3531336678466	0.10347150000006877	epochs	3.0
1662.4566051678466	0.1010635000000093	epochs	3.0
1662.5576686678467	0.19533400000000256	epochs	2.0
1662.5576686678467	0.09876510000003691	epochs	3.0
1662.6564337678467	0.09656889999996565	epochs	3.0
1662.7530026678467	0.18692529999998442	epochs	2.0
1662.7530026678467	0.09446830000001682	epochs	3.0
1662.8474709678467	0.09245699999996759	epochs	3.0
1662.9399279678466	0.1792107000001124	epochs	2.0
1662.9399279678466	0.0905296000000817	epochs	3.0
1663.0304575678467	0.08868110000003071	epochs	3.0
1663.1191386678468	0.17210769999996955	epochs	2.0
1663.1191386678468	0.08690630000000965	epochs	3.0
1663.2060449678468	0.0852013999999599	epochs	3.0
1663.2912463678467	0.16554640000003928	epochs	2.0
1663.2912463678467	0.08356189999994967	epochs	3.0
1663.3748082678467	0.08198450000008961	epochs	3.0
1663.4567927678468	0.15946709999980158	epochs	2.0
1663.4567927678468	0.08046539999986635	epochs	3.0
1663.5372581678466	0.07900169999993523	epochs	3.0
1663.6162598678466	0.15381840000009106	epochs	2.0
1663.6162598678466	0.07759010000017952	epochs	3.0
1663.6938499678467	0.07622829999991154	epochs	3.0
1663.7700782678467	0.14855639999996129	epochs	2.0
1663.7700782678467	0.07491329999993468	epochs	3.0
1663.8449915678466	0.0736431000000266	epochs	3.0
1663.9186346678466	0.14364240000008976	epochs	2.0
1663.9186346678466	0.07241500000009182	epochs	3.0
1663.9910496678467	0.07122739999999794	epochs	3.0
1664.0622770678467	0.13904309999998077	epochs	2.0
1664.0622770678467	0.07007799999996678	epochs	3.0
1664.1323550678467	0.06896510000001399	epochs	3.0
1664.2013201678467	0.13472929999988992	epochs	2.0
1664.2013201678467	0.0678871000000072	epochs	3.0
1664.2692072678467	0.06684219999988272	epochs	3.0
1664.3360494678466	0.1306752000000415	epochs	2.0
1664.3360494678466	0.06582910000020092	epochs	3.0
1664.4018785678468	0.06484609999984059	epochs	3.0
1664.4667246678466	0.12685780000015257	epochs	2.0
1664.4667246678466	0.06389200000012352	epochs	3.0
1664.5306166678467	0.06296580000002905	epochs	3.0
1664.5935824678468	0.12325719999989815	epochs	2.0
1664.5935824678468	0.06206579999980022	epochs	3.0
1664.6556482678466	0.06119140000009793	epochs	3.0
1664.7168396678467	0.11985540000000583	epochs	2.0
1664.7168396678467	0.060341099999959624	epochs	3.0
1664.7771807678466	0.059514300000046205	epochs	3.0
1664.8366950678467	0.1166361999999026	epochs	2.0
1664.8366950678467	0.058709599999929196	epochs	3.0
1664.8954046678466	0.057926599999973405	epochs	3.0
1664.9533312678466	0.11358560000007856	epochs	2.0
1664.9533312678466	0.057164200000215715	epochs	3.0
1665.0104954678468	0.05642139999986284	epochs	3.0
1665.0669168678467	0.11069049999991876	epochs	2.0
1665.0669168678467	0.055697900000041045	epochs	3.0
1665.1226147678467	0.05499259999987771	epochs	3.0
1665.1776073678466	0.1079391000000669	epochs	2.0
1665.1776073678466	0.05430490000003374	epochs	3.0
1665.2319122678466	0.05363420000003316	epochs	3.0
1665.2855464678466	0.10532149999994544	epochs	2.0
1665.2855464678466	0.05297999999993408	epochs	3.0
1665.3385264678466	0.052341500000011365	epochs	3.0
1665.3908679678466	0.10282760000018243	epochs	2.0
1665.3908679678466	0.05171810000001642	epochs	3.0
1665.4425860678466	0.05110950000016601	epochs	3.0
1665.4936955678468	0.10044909999987794	epochs	2.0
1665.4936955678468	0.0505148999998255	epochs	3.0
1665.5442104678466	0.04993420000005244	epochs	3.0
1665.5941446678466	0.0981782999999723	epochs	2.0
1665.5941446678466	0.04936659999998483	epochs	3.0
1665.6435112678466	0.04881169999998747	epochs	3.0
1665.6923229678466	0.09600780000005216	epochs	2.0
1665.6923229678466	0.04826920000004975	epochs	3.0
1665.7405921678467	0.04773860000000241	epochs	3.0
1665.7883307678467	0.09393120000004274	epochs	2.0
1665.7883307678467	0.04721949999998287	epochs	3.0
1665.8355502678467	0.046711700000059864	epochs	3.0
1665.8822619678467	0.09194260000003851	epochs	2.0
1665.8822619678467	0.046214599999984785	epochs	3.0
1665.9284765678467	0.045728000000053726	epochs	3.0
1665.9742045678468	0.09003629999983787	epochs	2.0
1665.9742045678468	0.045251499999949374	epochs	3.0
1666.0194560678467	0.04478479999988849	epochs	3.0
1666.0642408678466	0.08820760000003247	epochs	2.0
1666.0642408678466	0.044327800000019124	epochs	3.0
1666.1085686678466	0.04387980000001335	epochs	3.0
1666.1524484678466	0.0864516999999978	epochs	2.0
1666.1524484678466	0.04344100000002982	epochs	3.0
1666.1958894678467	0.04301069999996798	epochs	3.0
1666.2389001678466	0.08476429999996071	epochs	2.0
1666.2389001678466	0.04258900000013455	epochs	3.0
1666.2814891678468	0.042175299999826166	epochs	3.0
1666.3236644678466	0.08314150000001064	epochs	2.0
1666.3236644678466	0.04176970000003166	epochs	3.0
1666.3654341678466	0.041371799999978975	epochs	3.0
1666.4068059678466	0.08157970000002024	epochs	2.0
1666.4068059678466	0.04098140000019157	epochs	3.0
1666.4477873678468	0.04059829999982867	epochs	3.0
1666.4883856678466	0.08007550000002084	epochs	2.0
1666.4883856678466	0.040222300000095856	epochs	3.0
1666.5286079678467	0.03985319999992498	epochs	3.0
1666.5684611678466	0.07862569999997504	epochs	2.0
1666.5684611678466	0.039490800000066884	epochs	3.0
1666.6079519678467	0.03913489999990816	epochs	3.0
1666.6470868678466	0.07722760000001472	epochs	2.0
1666.6470868678466	0.038785400000051595	epochs	3.0
1666.6858722678467	0.03844219999996312	epochs	3.0
1666.7243144678466	0.07587820000003376	epochs	2.0
1666.7243144678466	0.03810480000015559	epochs	3.0
1666.7624192678468	0.037773399999878166	epochs	3.0
1666.8001926678467	0.0745752000000266	epochs	2.0
1666.8001926678467	0.03744770000002973	epochs	3.0
1666.8376403678467	0.03712749999999687	epochs	3.0
1666.8747678678467	0.07331629999998768	epochs	2.0
1666.8747678678467	0.0368129000000863	epochs	3.0
1666.9115807678468	0.036503399999901376	epochs	3.0
1666.9480841678467	0.07209899999998015	epochs	2.0
1666.9480841678467	0.03619909999997617	epochs	3.0
1666.9842832678466	0.03589990000000398	epochs	3.0
1667.0201831678467	0.07092170000009901	epochs	2.0
1667.0201831678467	0.03560560000005353	epochs	3.0
1667.0557887678467	0.03531610000004548	epochs	3.0
1667.0911048678468	0.06978200000003199	epochs	2.0
1667.0911048678468	0.03503119999982118	epochs	3.0
1667.1261360678466	0.0347508000002108	epochs	3.0
1667.1608868678468	0.06867859999988468	epochs	2.0
1667.1608868678468	0.03447509999978138	epochs	3.0
1667.1953619678466	0.034203500000103304	epochs	3.0
1667.2295654678467	0.06760929999995824	epochs	2.0
1667.2295654678467	0.033936199999970995	epochs	3.0
1667.2635016678466	0.033673099999987244	epochs	3.0
1667.2971747678466	0.06657289999998284	epochs	2.0
1667.2971747678466	0.03341399999999339	epochs	3.0
1667.3305887678466	0.033158899999989444	epochs	3.0
1667.3637476678466	0.06556780000005347	epochs	2.0
1667.3637476678466	0.03290770000012344	epochs	3.0
1667.3966553678467	0.032660099999930026	epochs	3.0
1667.4293154678467	0.06459259999996902	epochs	2.0
1667.4293154678467	0.03241640000010193	epochs	3.0
1667.4617318678468	0.032176199999867094	epochs	3.0
1667.4939080678466	0.06364600000006249	epochs	2.0
1667.4939080678466	0.03193959999998697	epochs	3.0
1667.5258476678466	0.03170640000007552	epochs	3.0
1667.5575540678467	0.0627266999999847	epochs	2.0
1667.5575540678467	0.031476599999905375	epochs	3.0
1667.5890306678466	0.03125010000007933	epochs	3.0
1667.6202807678467	0.06183359999999993	epochs	2.0
1667.6202807678467	0.03102689999991526	epochs	3.0
1667.6513076678466	0.030806700000084675	epochs	3.0
1667.6821143678467	0.060965599999917686	epochs	2.0
1667.6821143678467	0.030589799999916067	epochs	3.0
1667.7127041678466	0.030375800000001618	epochs	3.0
1667.7430799678466	0.06012160000000222	epochs	2.0
1667.7430799678466	0.030164900000045236	epochs	3.0
1667.7732448678466	0.02995669999995698	epochs	3.0
1667.8032015678466	0.05930069999999432	epochs	2.0
1667.8032015678466	0.029751600000054168	epochs	3.0
1667.8329531678467	0.029549099999940154	epochs	3.0
1667.8625022678466	0.058501800000158255	epochs	2.0
1667.8625022678466	0.02934940000000097	epochs	3.0
1667.8918516678466	0.029152400000157286	epochs	3.0
1667.9210040678468	0.05772419999993872	epochs	2.0
1667.9210040678468	0.028957999999875028	epochs	3.0
1667.9499620678466	0.02876620000006369	epochs	3.0
1667.9787282678467	0.05696710000006533	epochs	2.0
1667.9787282678467	0.028577000000041153	epochs	3.0
1668.0073052678467	0.028390100000024177	epochs	3.0
1668.0356953678468	0.05622949999997218	epochs	2.0
1668.0356953678468	0.028205699999944045	epochs	3.0
1668.0639010678467	0.028023800000028132	epochs	3.0
1668.0919248678467	0.05551070000001346	epochs	2.0
1668.0919248678467	0.027843999999959124	epochs	3.0
1668.1197688678467	0.027666700000054334	epochs	3.0
1668.1474355678467	0.054810200000019904	epochs	2.0
1668.1474355678467	0.02749149999999645	epochs	3.0
1668.1749270678467	0.027318700000023455	epochs	3.0
1668.2022457678468	0.054126999999880354	epochs	2.0
1668.2022457678468	0.027147799999966082	epochs	3.0
1668.2293935678467	0.026979199999914272	epochs	3.0
1668.2563727678466	0.053460699999959616	epochs	2.0
1668.2563727678466	0.026812600000084785	epochs	3.0
1668.2831853678467	0.02664809999987483	epochs	3.0
1668.3098334678466	0.05281070000000909	epochs	2.0
1668.3098334678466	0.026485600000114573	epochs	3.0
1668.3363190678467	0.02632509999989452	epochs	3.0
1668.3626441678466	0.05217620000007628	epochs	2.0
1668.3626441678466	0.026166399999965506	epochs	3.0
1668.3888105678466	0.026009800000110772	epochs	3.0
1668.4148203678467	0.051556699999991906	epochs	2.0
1668.4148203678467	0.025854799999933675	epochs	3.0
1668.4406751678466	0.02570190000005823	epochs	3.0
1668.4663770678467	0.05095189999997274	epochs	2.0
1668.4663770678467	0.025550699999939752	epochs	3.0
1668.4919277678466	0.025401200000032986	epochs	3.0
1668.5173289678467	0.05036100000006627	epochs	2.0
1668.5173289678467	0.025253499999962514	epochs	3.0
1668.5425824678466	0.025107500000103755	epochs	3.0
1668.5676899678467	0.04978379999988647	epochs	2.0
1668.5676899678467	0.02496320000000196	epochs	3.0
1668.5926531678467	0.024820599999884507	epochs	3.0
1668.6174737678466	0.04921950000016295	epochs	2.0
1668.6174737678466	0.024679399999968155	epochs	3.0
1668.6421531678466	0.024540100000194798	epochs	3.0
1668.6666932678468	0.04866789999982757	epochs	2.0
1668.6666932678468	0.024402099999861093	epochs	3.0
1668.6910953678466	0.024265799999966475	epochs	3.0
1668.7153611678466	0.04812860000015462	epochs	2.0
1668.7153611678466	0.024131000000124914	epochs	3.0
1668.7394921678467	0.023997600000029706	epochs	3.0
1668.7634897678467	0.04760109999983797	epochs	2.0
1668.7634897678467	0.02386579999983951	epochs	3.0
1668.7873555678466	0.02373529999999846	epochs	3.0
1668.8110908678466	0.04708500000015192	epochs	2.0
1668.8110908678466	0.023606299999983094	epochs	3.0
1668.8346971678466	0.02347870000016883	epochs	3.0
1668.8581758678467	0.046579999999948996	epochs	2.0
1668.8581758678467	0.023352499999873544	epochs	3.0
1668.8815283678466	0.02322750000007545	epochs	3.0
1668.9047558678467	0.046085700000048746	epochs	2.0
1668.9047558678467	0.023104000000103042	epochs	3.0
1668.9278598678468	0.022981699999945704	epochs	3.0
1668.9508415678467	0.045601799999985815	epochs	2.0
1668.9508415678467	0.02286069999991014	epochs	3.0
1668.9737022678466	0.022741100000075676	epochs	3.0
1668.9964433678467	0.045127899999897636	epochs	2.0
1668.9964433678467	0.022622499999897627	epochs	3.0
1669.0190658678466	0.02250540000000001	epochs	3.0
1669.0415712678466	0.0446638000000803	epochs	2.0
1669.0415712678466	0.02238929999998618	epochs	3.0
1669.0639605678466	0.022274500000094122	epochs	3.0
1669.0862350678467	0.04420920000006845	epochs	2.0
1669.0862350678467	0.022160799999937808	epochs	3.0
1669.1083958678466	0.02204840000013064	epochs	3.0
1669.1304442678468	0.04376359999992019	epochs	2.0
1669.1304442678468	0.02193689999990056	epochs	3.0
1669.1523811678467	0.021826700000019628	epochs	3.0
1669.1742078678467	0.04332709999994222	epochs	2.0
1669.1742078678467	0.02171760000010181	epochs	3.0
1669.1959254678468	0.02160949999984041	epochs	3.0
1669.2175349678466	0.04289900000003399	epochs	2.0
1669.2175349678466	0.02150249999999687	epochs	3.0
1669.2390374678466	0.021396500000037122	epochs	3.0
1669.2604339678467	0.04247950000012679	epochs	2.0
1669.2604339678467	0.021291700000119818	epochs	3.0
1669.2817256678468	0.021187800000006973	epochs	3.0
1669.3029134678468	0.04206789999989269	epochs	2.0
1669.3029134678468	0.021084899999777917	epochs	3.0
1669.3239983678466	0.02098300000011477	epochs	3.0
1669.3449813678467	0.04166439999994509	epochs	2.0
1669.3449813678467	0.020882199999959994	epochs	3.0
1669.3658635678466	0.020782199999985096	epochs	3.0
1669.3866457678466	0.04126850000011473	epochs	2.0
1669.3866457678466	0.020683299999973315	epochs	3.0
1669.4073290678466	0.020585200000141413	epochs	3.0
1669.4279142678467	0.04088000000001557	epochs	2.0
1669.4279142678467	0.020488099999965925	epochs	3.0
1669.4484023678467	0.020391900000049645	epochs	3.0
1669.4687942678468	0.04049880000002304	epochs	2.0
1669.4687942678468	0.020296599999937825	epochs	3.0
1669.4890908678467	0.020202200000085213	epochs	3.0
1669.5092930678468	0.040124599999899146	epochs	2.0
1669.5092930678468	0.020108699999809687	epochs	3.0
1669.5294017678466	0.02001590000008946	epochs	3.0
1669.5494176678467	0.03975730000001931	epochs	2.0
1669.5494176678467	0.019924200000104975	epochs	3.0
1669.5693418678468	0.01983309999991434	epochs	3.0
1669.5891749678467	0.03939669999999751	epochs	2.0
1669.5891749678467	0.01974300000006224	epochs	3.0
1669.6089179678468	0.01965369999993527	epochs	3.0
1669.6285716678467	0.03904239999997117	epochs	2.0
1669.6285716678467	0.019565099999908853	epochs	3.0
1669.6481367678466	0.019477300000062314	epochs	3.0
1669.6676140678467	0.038694600000098944	epochs	2.0
1669.6676140678467	0.019390400000020236	epochs	3.0
1669.6870044678467	0.01930420000007871	epochs	3.0
1669.7063086678468	0.038352899999836154	epochs	2.0
1669.7063086678468	0.019218799999862313	epochs	3.0
1669.7255274678466	0.01913409999997384	epochs	3.0
1669.7446615678466	0.03801720000001296	epochs	2.0
1669.7446615678466	0.019050200000037876	epochs	3.0
1669.7637117678466	0.018966999999975087	epochs	3.0
1669.7826787678466	0.03768720000016401	epochs	2.0
1669.7826787678466	0.01888450000001285	epochs	3.0
1669.8015632678466	0.018802700000151162	epochs	3.0
1669.8203659678468	0.03736309999999321	epochs	2.0
1669.8203659678468	0.018721699999787234	epochs	3.0
1669.8390876678466	0.018641400000205977	epochs	3.0
1669.8577290678468	0.03704429999993408	epochs	2.0
1669.8577290678468	0.018561599999884493	epochs	3.0
1669.8762906678467	0.01848270000004959	epochs	3.0
1669.8947733678467	0.03673099999991791	epochs	2.0
1669.8947733678467	0.018404299999929208	epochs	3.0
1669.9131776678466	0.018326699999988705	epochs	3.0
1669.9315043678466	0.03642290000016146	epochs	2.0
1669.9315043678466	0.018249599999990096	epochs	3.0
1669.9497539678466	0.018173300000171366	epochs	3.0
1669.9679272678468	0.036120099999834565	epochs	2.0
1669.9679272678468	0.01809759999991911	epochs	3.0
1669.9860248678467	0.018022499999915453	epochs	3.0
1670.0040473678466	0.035822100000132195	epochs	2.0
1670.0040473678466	0.017947900000081063	epochs	3.0
1670.0219952678467	0.017874200000051133	epochs	3.0
1670.0398694678468	0.03552899999999681	epochs	2.0
1670.0398694678468	0.017800800000031813	epochs	3.0
1670.0576702678468	0.017728199999965	epochs	3.0
1670.0753984678468	0.03524070000003121	epochs	2.0
1670.0753984678468	0.01765609999984008	epochs	3.0
1670.0930545678466	0.01758460000019113	epochs	3.0
1670.1106391678468	0.03495709999992869	epochs	2.0
1670.1106391678468	0.017513699999881283	epochs	3.0
1670.1281528678467	0.017443400000047404	epochs	3.0
1670.1455962678467	0.034677899999906	epochs	2.0
1670.1455962678467	0.017373599999928047	epochs	3.0
1670.1629698678466	0.017304299999977957	epochs	3.0
1670.1802741678466	0.03440330000012182	epochs	2.0
1670.1802741678466	0.017235700000128418	epochs	3.0
1670.1975098678467	0.0171675999999934	epochs	3.0
1670.2146774678467	0.03413279999995211	epochs	2.0
1670.2146774678467	0.01709989999994832	epochs	3.0
1670.2317773678467	0.017032900000003792	epochs	3.0
1670.2488102678467	0.03386670000008962	epochs	2.0
1670.2488102678467	0.01696640000000116	epochs	3.0
1670.2657766678467	0.016900300000088464	epochs	3.0
1670.2826769678468	0.03360459999998966	epochs	2.0
1670.2826769678468	0.01683479999996962	epochs	3.0
1670.2995117678468	0.01676980000002004	epochs	3.0
1670.3162815678468	0.033346599999958926	epochs	2.0
1670.3162815678468	0.016705300000012357	epochs	3.0
1670.3329868678468	0.01664129999994657	epochs	3.0
1670.3496281678467	0.033092499999838765	epochs	2.0
1670.3496281678467	0.016577800000050047	epochs	3.0
1670.3662059678468	0.016514699999788718	epochs	3.0
1670.3827206678466	0.032842300000083924	epochs	2.0
1670.3827206678466	0.01645220000000336	epochs	3.0
1670.3991728678466	0.016390100000080565	epochs	3.0
1670.4155629678467	0.03259570000000167	epochs	2.0
1670.4155629678467	0.016328400000020338	epochs	3.0
1670.4318913678467	0.016267299999981333	epochs	3.0
1670.4481586678467	0.032352899999978035	epochs	2.0
1670.4481586678467	0.016206600000032267	epochs	3.0
1670.4643652678467	0.016146299999945768	epochs	3.0
1670.4805115678466	0.032113700000081735	epochs	2.0
1670.4805115678466	0.016086600000107865	epochs	3.0
1670.4965981678467	0.01602709999997387	epochs	3.0
1670.5126252678467	0.03187800000000607	epochs	2.0
1670.5126252678467	0.0159681999998611	epochs	3.0
1670.5285934678466	0.01590980000014497	epochs	3.0
1670.5445032678467	0.03164569999989908	epochs	2.0
1670.5445032678467	0.015851599999905375	epochs	3.0
1670.5603548678466	0.015794099999993705	epochs	3.0
1670.5761489678466	0.03141670000013619	epochs	2.0
1670.5761489678466	0.015736700000161363	epochs	3.0
1670.5918856678468	0.015679999999974825	epochs	3.0
1670.6075656678468	0.03119109999988723	epochs	2.0
1670.6075656678468	0.015623600000026272	epochs	3.0
1670.6231892678468	0.015567499999860956	epochs	3.0
1670.6387567678466	0.03096870000013041	epochs	2.0
1670.6387567678466	0.015511999999944237	epochs	3.0
1670.6542687678466	0.015456700000186174	epochs	3.0
1670.6697254678468	0.030749499999956242	epochs	2.0
1670.6697254678468	0.015401999999994587	epochs	3.0
1670.6851274678468	0.015347499999961656	epochs	3.0
1670.7004749678467	0.03053320000003623	epochs	2.0
1670.7004749678467	0.015293400000018664	epochs	3.0
1670.7157683678467	0.015239800000017567	epochs	3.0
1670.7310081678468	0.030320099999926242	epochs	2.0
1670.7310081678468	0.015186500000027081	epochs	3.0
1670.7461946678468	0.015133599999899161	epochs	3.0
1670.7613282678467	0.03010990000007041	epochs	2.0
1670.7613282678467	0.015081000000009226	epochs	3.0
1670.7764092678467	0.015028900000061185	epochs	3.0
1670.7914381678468	0.029902499999934662	epochs	2.0
1670.7914381678468	0.014976999999817053	epochs	3.0
1670.8064151678466	0.014925500000117609	epochs	3.0
1670.8213406678467	0.029698099999905025	epochs	2.0
1670.8213406678467	0.014874400000053356	epochs	3.0
1670.8362150678468	0.01482369999985167	epochs	3.0
1670.8510387678466	0.029496300000118936	epochs	2.0
1670.8510387678466	0.014773200000036013	epochs	3.0
1670.8658119678466	0.014723100000082923	epochs	3.0
1670.8805350678467	0.029297399999904883	epochs	2.0
1670.8805350678467	0.014673399999992398	epochs	3.0
1670.8952084678467	0.014623999999912485	epochs	3.0
1670.9098324678466	0.02910110000016175	epochs	2.0
1670.9098324678466	0.014574900000070556	epochs	3.0
1670.9244073678467	0.014526200000091194	epochs	3.0
1670.9389335678468	0.028907399999980044	epochs	2.0
1670.9389335678468	0.01447769999981574	epochs	3.0
1670.9534112678466	0.014429700000164303	epochs	3.0
1670.9678409678468	0.028716199999962555	epochs	2.0
1670.9678409678468	0.014381799999910072	epochs	3.0
1670.9822227678467	0.014334400000052483	epochs	3.0
1670.9965571678467	0.02852759999996124	epochs	2.0
1670.9965571678467	0.014287199999898803	epochs	3.0
1671.0108443678466	0.014240400000062436	epochs	3.0
1671.0250847678467	0.028341400000044814	epochs	2.0
1671.0250847678467	0.014193799999929979	epochs	3.0
1671.0392785678466	0.014147600000114835	epochs	3.0
1671.0534261678467	0.02815769999983786	epochs	2.0
1671.0534261678467	0.014101699999855555	epochs	3.0
1671.0675278678466	0.014055999999982305	epochs	3.0
1671.0815838678466	0.027976300000091214	epochs	2.0
1671.0815838678466	0.014010600000119666	epochs	3.0
1671.0955944678467	0.013965699999971548	epochs	3.0
1671.1095601678467	0.027797200000122757	epochs	2.0
1671.1095601678467	0.013920800000050804	epochs	3.0
1671.1234809678467	0.013876400000071953	epochs	3.0
1671.1373573678468	0.027620399999932488	epochs	2.0
1671.1373573678468	0.013832199999797012	epochs	3.0
1671.1511895678466	0.013788200000135475	epochs	3.0
1671.1649777678467	0.027445899999975154	epochs	2.0
1671.1649777678467	0.013744599999881757	epochs	3.0
1671.1787223678466	0.013701300000093397	epochs	3.0
1671.1924236678467	0.0272735000000921	epochs	2.0
1671.1924236678467	0.013658200000008947	epochs	3.0
1671.2060818678467	0.013615300000083153	epochs	3.0
1671.2196971678468	0.027103399999987232	epochs	2.0
1671.2196971678468	0.01357279999979255	epochs	3.0
1671.2332699678466	0.013530600000194681	epochs	3.0
1671.2468005678468	0.026935199999797987	epochs	2.0
1671.2468005678468	0.01348839999991469	epochs	3.0
1671.2602889678467	0.013446799999883297	epochs	3.0
1671.2737357678466	0.026769200000217097	epochs	2.0
1671.2737357678466	0.013405200000079276	epochs	3.0
1671.2871409678467	0.013364000000137821	epochs	3.0
1671.3005049678468	0.026605199999949036	epochs	2.0
1671.3005049678468	0.013322899999820947	epochs	3.0
1671.3138278678466	0.013282300000128089	epochs	3.0
1671.3271101678467	0.0264431999999033	epochs	2.0
1671.3271101678467	0.013241699999980483	epochs	3.0
1671.3403518678467	0.013201499999922817	epochs	3.0
1671.3535533678466	0.026283200000079887	epochs	2.0
1671.3535533678466	0.013161500000023807	epochs	3.0
1671.3667148678467	0.01312170000005608	epochs	3.0
1671.3798365678467	0.026124999999865395	epochs	2.0
1671.3798365678467	0.013082100000019636	epochs	3.0
1671.3929186678467	0.013042899999845758	epochs	3.0
1671.4059615678466	0.02596890000017993	epochs	2.0
1671.4059615678466	0.01300390000005791	epochs	3.0
1671.4189654678466	0.012965000000122018	epochs	3.0
1671.4319304678468	0.025814500000024054	epochs	2.0
1671.4319304678468	0.012926399999969362	epochs	3.0
1671.4448568678467	0.012888100000054692	epochs	3.0
1671.4577449678468	0.025661899999931848	epochs	2.0
1671.4577449678468	0.012849899999991976	epochs	3.0
1671.4705948678468	0.012811999999939871	epochs	3.0
1671.4834068678467	0.025511199999982637	epochs	2.0
1671.4834068678467	0.012774399999898378	epochs	3.0
1671.4961812678466	0.012736800000084258	epochs	3.0
1671.5089180678467	0.02536229999986972	epochs	2.0
1671.5089180678467	0.01269969999998466	epochs	3.0
1671.5216177678467	0.01266259999988506	epochs	3.0
1671.5342803678466	0.02521500000011656	epochs	2.0
1671.5342803678466	0.012625800000023446	epochs	3.0
1671.5469061678466	0.012589200000093115	epochs	3.0
1671.5594953678467	0.024584799999956886	epochs	2.0
1671.5830563678467	0.5	epochs	-1.0
1671.5840801678467	0.4996000000001004	epochs	1.0
1672.0836801678468	0.5003199999998742	epochs	0.0
1672.4670000076294	0.06007999999997082	epochs	0.0
1672.4670000076294	0.025041300000111733	epochs	1.0
1672.4920413076295	0.009997399999974732	epochs	1.0
1672.5020387076295	0.02504129999988436	epochs	1.0
1672.5270800076294	2.0	epochs	0.0
1674.5270800076294	21.519680000000108	epochs	0.0
1674.5270800076294	1.0	epochs	1.0
1674.5270962076295	0.5	epochs	-1.0
1675.0270962076295	19.998959999999897	epochs	-1.0
1675.5270800076294	20.0	epochs	1.0
1675.5270800076294	4.356753900000058	epochs	-1.0
1675.5270800076294	1.9745872000000873	epochs	2.0
1675.5270800076294	1.0985622000000603	epochs	3.0
1676.6256422076294	0.8760250000000269	epochs	3.0
1677.5016672076295	1.3524075000000266	epochs	2.0
1677.5016672076295	0.7286354999998821	epochs	3.0
1678.2303027076293	0.6237720000001445	epochs	3.0
1678.8540747076295	1.029759199999944	epochs	2.0
1678.8540747076295	0.5453292999998212	epochs	3.0
1679.3994040076293	0.48442990000012287	epochs	3.0
1679.8838339076294	0.8317861999998968	epochs	2.0
1679.8838339076294	0.4357763000000432	epochs	3.0
1680.3196102076295	0.3960098999998536	epochs	3.0
1680.7156201076293	0.6977970000000369	epochs	2.0
1680.7156201076293	0.3628982000000178	epochs	3.0
1681.0785183076293	0.33489880000001904	epochs	3.0
1681.4134171076294	0.601045699999986	epochs	2.0
1681.4134171076294	0.3109122999999272	epochs	3.0
1681.7243294076293	0.2901334000000588	epochs	3.0
1682.0144628076293	0.5278859000000011	epochs	2.0
1682.0144628076293	0.2719586000000618	epochs	3.0
1682.2864214076294	0.25592729999993935	epochs	3.0
1682.5423487076293	0.470619299999953	epochs	2.0
1682.5423487076293	0.241681299999982	epochs	3.0
1682.7840300076293	0.228937999999971	epochs	3.0
1683.0129680076293	0.42457039999999324	epochs	2.0
1683.0129680076293	0.21747140000002219	epochs	3.0
1683.2304394076293	0.20709899999997106	epochs	3.0
1683.4375384076293	0.3867354000001342	epochs	2.0
1683.4375384076293	0.19767110000020693	epochs	3.0
1683.6352095076295	0.18906429999992724	epochs	3.0
1683.8242738076294	0.35509529999990264	epochs	2.0
1683.8242738076294	0.18117589999997108	epochs	3.0
1684.0054497076294	0.17391939999993156	epochs	3.0
1684.1793691076293	0.3282431000000088	epochs	2.0
1684.1793691076293	0.16722189999995862	epochs	3.0
1684.3465910076293	0.16102120000005016	epochs	3.0
1684.5076122076293	0.30516800000009425	epochs	2.0
1684.5076122076293	0.15526390000013635	epochs	3.0
1684.6628761076295	0.1499040999999579	epochs	3.0
1684.8127802076294	0.28512529999989056	epochs	2.0
1684.8127802076294	0.14490209999985382	epochs	3.0
1684.9576823076293	0.14022320000003674	epochs	3.0
1685.0979055076293	0.267553800000087	epochs	2.0
1685.0979055076293	0.13583690000018578	epochs	3.0
1685.2337424076295	0.13171689999990122	epochs	3.0
1685.3654593076294	0.252022899999929	epochs	2.0
1685.3654593076294	0.1278393000000051	epochs	3.0
1685.4932986076294	0.1241835999999239	epochs	3.0
1685.6174822076293	0.23819649999995818	epochs	2.0
1685.6174822076293	0.12073110000005727	epochs	3.0
1685.7382133076294	0.11746539999990091	epochs	3.0
1685.8556787076293	0.2258088000000953	epochs	2.0
1685.8556787076293	0.11437190000015107	epochs	3.0
1685.9700506076294	0.11143689999994422	epochs	3.0
1686.0814875076294	0.21464599999990241	epochs	2.0
1686.0814875076294	0.10864889999993466	epochs	3.0
1686.1901364076293	0.10599709999996776	epochs	3.0
1686.2961335076293	0.20453500000007807	epochs	2.0
1686.2961335076293	0.10347150000006877	epochs	3.0
1686.3996050076294	0.1010635000000093	epochs	3.0
1686.5006685076294	0.19533400000000256	epochs	2.0
1686.5006685076294	0.09876510000003691	epochs	3.0
1686.5994336076294	0.09656889999996565	epochs	3.0
1686.6960025076294	0.18692529999998442	epochs	2.0
1686.6960025076294	0.09446830000001682	epochs	3.0
1686.7904708076294	0.09245699999996759	epochs	3.0
1686.8829278076294	0.1792107000001124	epochs	2.0
1686.8829278076294	0.0905296000000817	epochs	3.0
1686.9734574076294	0.08868110000003071	epochs	3.0
1687.0621385076295	0.17210769999996955	epochs	2.0
1687.0621385076295	0.08690630000000965	epochs	3.0
1687.1490448076295	0.0852013999999599	epochs	3.0
1687.2342462076294	0.16554640000003928	epochs	2.0
1687.2342462076294	0.08356189999994967	epochs	3.0
1687.3178081076294	0.08198450000008961	epochs	3.0
1687.3997926076295	0.15946709999980158	epochs	2.0
1687.3997926076295	0.08046539999986635	epochs	3.0
1687.4802580076293	0.07900169999993523	epochs	3.0
1687.5592597076293	0.15381840000009106	epochs	2.0
1687.5592597076293	0.07759010000017952	epochs	3.0
1687.6368498076295	0.07622829999991154	epochs	3.0
1687.7130781076294	0.14855639999996129	epochs	2.0
1687.7130781076294	0.07491329999993468	epochs	3.0
1687.7879914076293	0.0736431000000266	epochs	3.0
1687.8616345076293	0.14364240000008976	epochs	2.0
1687.8616345076293	0.07241500000009182	epochs	3.0
1687.9340495076294	0.07122739999999794	epochs	3.0
1688.0052769076294	0.13904309999998077	epochs	2.0
1688.0052769076294	0.07007799999996678	epochs	3.0
1688.0753549076294	0.06896510000001399	epochs	3.0
1688.1443200076294	0.13472929999988992	epochs	2.0
1688.1443200076294	0.0678871000000072	epochs	3.0
1688.2122071076294	0.06684219999988272	epochs	3.0
1688.2790493076293	0.1306752000000415	epochs	2.0
1688.2790493076293	0.06582910000020092	epochs	3.0
1688.3448784076295	0.06484609999984059	epochs	3.0
1688.4097245076293	0.12685780000015257	epochs	2.0
1688.4097245076293	0.06389200000012352	epochs	3.0
1688.4736165076295	0.06296580000002905	epochs	3.0
1688.5365823076295	0.12325719999989815	epochs	2.0
1688.5365823076295	0.06206579999980022	epochs	3.0
1688.5986481076293	0.06119140000009793	epochs	3.0
1688.6598395076294	0.11985540000000583	epochs	2.0
1688.6598395076294	0.060341099999959624	epochs	3.0
1688.7201806076293	0.059514300000046205	epochs	3.0
1688.7796949076294	0.1166361999999026	epochs	2.0
1688.7796949076294	0.058709599999929196	epochs	3.0
1688.8384045076293	0.057926599999973405	epochs	3.0
1688.8963311076293	0.11358560000007856	epochs	2.0
1688.8963311076293	0.057164200000215715	epochs	3.0
1688.9534953076295	0.05642139999986284	epochs	3.0
1689.0099167076294	0.11069049999991876	epochs	2.0
1689.0099167076294	0.055697900000041045	epochs	3.0
1689.0656146076294	0.05499259999987771	epochs	3.0
1689.1206072076293	0.1079391000000669	epochs	2.0
1689.1206072076293	0.05430490000003374	epochs	3.0
1689.1749121076293	0.05363420000003316	epochs	3.0
1689.2285463076294	0.10532149999994544	epochs	2.0
1689.2285463076294	0.05297999999993408	epochs	3.0
1689.2815263076293	0.052341500000011365	epochs	3.0
1689.3338678076293	0.10282760000018243	epochs	2.0
1689.3338678076293	0.05171810000001642	epochs	3.0
1689.3855859076293	0.05110950000016601	epochs	3.0
1689.4366954076295	0.10044909999987794	epochs	2.0
1689.4366954076295	0.0505148999998255	epochs	3.0
1689.4872103076293	0.04993420000005244	epochs	3.0
1689.5371445076294	0.0981782999999723	epochs	2.0
1689.5371445076294	0.04936659999998483	epochs	3.0
1689.5865111076293	0.04881169999998747	epochs	3.0
1689.6353228076293	0.09600780000005216	epochs	2.0
1689.6353228076293	0.04826920000004975	epochs	3.0
1689.6835920076294	0.04773860000000241	epochs	3.0
1689.7313306076294	0.09393120000004274	epochs	2.0
1689.7313306076294	0.04721949999998287	epochs	3.0
1689.7785501076294	0.046711700000059864	epochs	3.0
1689.8252618076294	0.09194260000003851	epochs	2.0
1689.8252618076294	0.046214599999984785	epochs	3.0
1689.8714764076294	0.045728000000053726	epochs	3.0
1689.9172044076295	0.09003629999983787	epochs	2.0
1689.9172044076295	0.045251499999949374	epochs	3.0
1689.9624559076294	0.04478479999988849	epochs	3.0
1690.0072407076293	0.08820760000003247	epochs	2.0
1690.0072407076293	0.044327800000019124	epochs	3.0
1690.0515685076293	0.04387980000001335	epochs	3.0
1690.0954483076293	0.0864516999999978	epochs	2.0
1690.0954483076293	0.04344100000002982	epochs	3.0
1690.1388893076294	0.04301069999996798	epochs	3.0
1690.1819000076293	0.08476429999996071	epochs	2.0
1690.1819000076293	0.04258900000013455	epochs	3.0
1690.2244890076295	0.042175299999826166	epochs	3.0
1690.2666643076293	0.08314150000001064	epochs	2.0
1690.2666643076293	0.04176970000003166	epochs	3.0
1690.3084340076293	0.041371799999978975	epochs	3.0
1690.3498058076293	0.08157970000002024	epochs	2.0
1690.3498058076293	0.04098140000019157	epochs	3.0
1690.3907872076295	0.04059829999982867	epochs	3.0
1690.4313855076293	0.08007550000002084	epochs	2.0
1690.4313855076293	0.040222300000095856	epochs	3.0
1690.4716078076294	0.03985319999992498	epochs	3.0
1690.5114610076294	0.07862569999997504	epochs	2.0
1690.5114610076294	0.039490800000066884	epochs	3.0
1690.5509518076294	0.03913489999990816	epochs	3.0
1690.5900867076293	0.07722760000001472	epochs	2.0
1690.5900867076293	0.038785400000051595	epochs	3.0
1690.6288721076294	0.03844219999996312	epochs	3.0
1690.6673143076293	0.07587820000003376	epochs	2.0
1690.6673143076293	0.03810480000015559	epochs	3.0
1690.7054191076295	0.037773399999878166	epochs	3.0
1690.7431925076294	0.0745752000000266	epochs	2.0
1690.7431925076294	0.03744770000002973	epochs	3.0
1690.7806402076294	0.03712749999999687	epochs	3.0
1690.8177677076294	0.07331629999998768	epochs	2.0
1690.8177677076294	0.0368129000000863	epochs	3.0
1690.8545806076295	0.036503399999901376	epochs	3.0
1690.8910840076294	0.07209899999998015	epochs	2.0
1690.8910840076294	0.03619909999997617	epochs	3.0
1690.9272831076294	0.03589990000000398	epochs	3.0
1690.9631830076294	0.07092170000009901	epochs	2.0
1690.9631830076294	0.03560560000005353	epochs	3.0
1690.9987886076294	0.03531610000004548	epochs	3.0
1691.0341047076295	0.06978200000003199	epochs	2.0
1691.0341047076295	0.03503119999982118	epochs	3.0
1691.0691359076293	0.0347508000002108	epochs	3.0
1691.1038867076295	0.06867859999988468	epochs	2.0
1691.1038867076295	0.03447509999978138	epochs	3.0
1691.1383618076293	0.034203500000103304	epochs	3.0
1691.1725653076294	0.06760929999995824	epochs	2.0
1691.1725653076294	0.033936199999970995	epochs	3.0
1691.2065015076294	0.033673099999987244	epochs	3.0
1691.2401746076293	0.06657289999998284	epochs	2.0
1691.2401746076293	0.03341399999999339	epochs	3.0
1691.2735886076293	0.033158899999989444	epochs	3.0
1691.3067475076293	0.06556780000005347	epochs	2.0
1691.3067475076293	0.03290770000012344	epochs	3.0
1691.3396552076294	0.032660099999930026	epochs	3.0
1691.3723153076294	0.06459259999996902	epochs	2.0
1691.3723153076294	0.03241640000010193	epochs	3.0
1691.4047317076295	0.032176199999867094	epochs	3.0
1691.4369079076293	0.06364600000006249	epochs	2.0
1691.4369079076293	0.03193959999998697	epochs	3.0
1691.4688475076293	0.03170640000007552	epochs	3.0
1691.5005539076294	0.0627266999999847	epochs	2.0
1691.5005539076294	0.031476599999905375	epochs	3.0
1691.5320305076293	0.03125010000007933	epochs	3.0
1691.5632806076294	0.06183359999999993	epochs	2.0
1691.5632806076294	0.03102689999991526	epochs	3.0
1691.5943075076293	0.030806700000084675	epochs	3.0
1691.6251142076294	0.060965599999917686	epochs	2.0
1691.6251142076294	0.030589799999916067	epochs	3.0
1691.6557040076293	0.030375800000001618	epochs	3.0
1691.6860798076293	0.06012160000000222	epochs	2.0
1691.6860798076293	0.030164900000045236	epochs	3.0
1691.7162447076294	0.02995669999995698	epochs	3.0
1691.7462014076293	0.05930069999999432	epochs	2.0
1691.7462014076293	0.029751600000054168	epochs	3.0
1691.7759530076294	0.029549099999940154	epochs	3.0
1691.8055021076293	0.058501800000158255	epochs	2.0
1691.8055021076293	0.02934940000000097	epochs	3.0
1691.8348515076293	0.029152400000157286	epochs	3.0
1691.8640039076295	0.05772419999993872	epochs	2.0
1691.8640039076295	0.028957999999875028	epochs	3.0
1691.8929619076293	0.02876620000006369	epochs	3.0
1691.9217281076294	0.05696710000006533	epochs	2.0
1691.9217281076294	0.028577000000041153	epochs	3.0
1691.9503051076294	0.028390100000024177	epochs	3.0
1691.9786952076295	0.05622949999997218	epochs	2.0
1691.9786952076295	0.028205699999944045	epochs	3.0
1692.0069009076294	0.028023800000028132	epochs	3.0
1692.0349247076294	0.05551070000001346	epochs	2.0
1692.0349247076294	0.027843999999959124	epochs	3.0
1692.0627687076294	0.027666700000054334	epochs	3.0
1692.0904354076295	0.054810200000019904	epochs	2.0
1692.0904354076295	0.02749149999999645	epochs	3.0
1692.1179269076295	0.027318700000023455	epochs	3.0
1692.1452456076295	0.054126999999880354	epochs	2.0
1692.1452456076295	0.027147799999966082	epochs	3.0
1692.1723934076294	0.026979199999914272	epochs	3.0
1692.1993726076294	0.053460699999959616	epochs	2.0
1692.1993726076294	0.026812600000084785	epochs	3.0
1692.2261852076294	0.02664809999987483	epochs	3.0
1692.2528333076293	0.05281070000000909	epochs	2.0
1692.2528333076293	0.026485600000114573	epochs	3.0
1692.2793189076294	0.02632509999989452	epochs	3.0
1692.3056440076293	0.05217620000007628	epochs	2.0
1692.3056440076293	0.026166399999965506	epochs	3.0
1692.3318104076293	0.026009800000110772	epochs	3.0
1692.3578202076294	0.051556699999991906	epochs	2.0
1692.3578202076294	0.025854799999933675	epochs	3.0
1692.3836750076293	0.02570190000005823	epochs	3.0
1692.4093769076294	0.05095189999997274	epochs	2.0
1692.4093769076294	0.025550699999939752	epochs	3.0
1692.4349276076293	0.025401200000032986	epochs	3.0
1692.4603288076294	0.05036100000006627	epochs	2.0
1692.4603288076294	0.025253499999962514	epochs	3.0
1692.4855823076293	0.025107500000103755	epochs	3.0
1692.5106898076294	0.04978379999988647	epochs	2.0
1692.5106898076294	0.02496320000000196	epochs	3.0
1692.5356530076294	0.024820599999884507	epochs	3.0
1692.5604736076293	0.04921950000016295	epochs	2.0
1692.5604736076293	0.024679399999968155	epochs	3.0
1692.5851530076293	0.024540100000194798	epochs	3.0
1692.6096931076295	0.04866789999982757	epochs	2.0
1692.6096931076295	0.024402099999861093	epochs	3.0
1692.6340952076293	0.024265799999966475	epochs	3.0
1692.6583610076293	0.04812860000015462	epochs	2.0
1692.6583610076293	0.024131000000124914	epochs	3.0
1692.6824920076294	0.023997600000029706	epochs	3.0
1692.7064896076295	0.04760109999983797	epochs	2.0
1692.7064896076295	0.02386579999983951	epochs	3.0
1692.7303554076293	0.02373529999999846	epochs	3.0
1692.7540907076293	0.04708500000015192	epochs	2.0
1692.7540907076293	0.023606299999983094	epochs	3.0
1692.7776970076293	0.02347870000016883	epochs	3.0
1692.8011757076295	0.046579999999948996	epochs	2.0
1692.8011757076295	0.023352499999873544	epochs	3.0
1692.8245282076293	0.02322750000007545	epochs	3.0
1692.8477557076294	0.046085700000048746	epochs	2.0
1692.8477557076294	0.023104000000103042	epochs	3.0
1692.8708597076295	0.022981699999945704	epochs	3.0
1692.8938414076295	0.045601799999985815	epochs	2.0
1692.8938414076295	0.02286069999991014	epochs	3.0
1692.9167021076294	0.022741100000075676	epochs	3.0
1692.9394432076294	0.045127899999897636	epochs	2.0
1692.9394432076294	0.022622499999897627	epochs	3.0
1692.9620657076293	0.02250540000000001	epochs	3.0
1692.9845711076293	0.0446638000000803	epochs	2.0
1692.9845711076293	0.02238929999998618	epochs	3.0
1693.0069604076293	0.022274500000094122	epochs	3.0
1693.0292349076294	0.04420920000006845	epochs	2.0
1693.0292349076294	0.022160799999937808	epochs	3.0
1693.0513957076294	0.02204840000013064	epochs	3.0
1693.0734441076295	0.04376359999992019	epochs	2.0
1693.0734441076295	0.02193689999990056	epochs	3.0
1693.0953810076294	0.021826700000019628	epochs	3.0
1693.1172077076294	0.04332709999994222	epochs	2.0
1693.1172077076294	0.02171760000010181	epochs	3.0
1693.1389253076295	0.02160949999984041	epochs	3.0
1693.1605348076293	0.04289900000003399	epochs	2.0
1693.1605348076293	0.02150249999999687	epochs	3.0
1693.1820373076293	0.021396500000037122	epochs	3.0
1693.2034338076294	0.04247950000012679	epochs	2.0
1693.2034338076294	0.021291700000119818	epochs	3.0
1693.2247255076295	0.021187800000006973	epochs	3.0
1693.2459133076295	0.04206789999989269	epochs	2.0
1693.2459133076295	0.021084899999777917	epochs	3.0
1693.2669982076293	0.02098300000011477	epochs	3.0
1693.2879812076294	0.04166439999994509	epochs	2.0
1693.2879812076294	0.020882199999959994	epochs	3.0
1693.3088634076294	0.020782199999985096	epochs	3.0
1693.3296456076293	0.04126850000011473	epochs	2.0
1693.3296456076293	0.020683299999973315	epochs	3.0
1693.3503289076293	0.020585200000141413	epochs	3.0
1693.3709141076295	0.04088000000001557	epochs	2.0
1693.3709141076295	0.020488099999965925	epochs	3.0
1693.3914022076294	0.020391900000049645	epochs	3.0
1693.4117941076295	0.04049880000002304	epochs	2.0
1693.4117941076295	0.020296599999937825	epochs	3.0
1693.4320907076294	0.020202200000085213	epochs	3.0
1693.4522929076295	0.040124599999899146	epochs	2.0
1693.4522929076295	0.020108699999809687	epochs	3.0
1693.4724016076293	0.02001590000008946	epochs	3.0
1693.4924175076294	0.03975730000001931	epochs	2.0
1693.4924175076294	0.019924200000104975	epochs	3.0
1693.5123417076295	0.01983309999991434	epochs	3.0
1693.5321748076294	0.03939669999999751	epochs	2.0
1693.5321748076294	0.01974300000006224	epochs	3.0
1693.5519178076295	0.01965369999993527	epochs	3.0
1693.5715715076294	0.03904239999997117	epochs	2.0
1693.5715715076294	0.019565099999908853	epochs	3.0
1693.5911366076293	0.019477300000062314	epochs	3.0
1693.6106139076294	0.038694600000098944	epochs	2.0
1693.6106139076294	0.019390400000020236	epochs	3.0
1693.6300043076294	0.01930420000007871	epochs	3.0
1693.6493085076295	0.038352899999836154	epochs	2.0
1693.6493085076295	0.019218799999862313	epochs	3.0
1693.6685273076293	0.01913409999997384	epochs	3.0
1693.6876614076293	0.03801720000001296	epochs	2.0
1693.6876614076293	0.019050200000037876	epochs	3.0
1693.7067116076294	0.018966999999975087	epochs	3.0
1693.7256786076293	0.03768720000016401	epochs	2.0
1693.7256786076293	0.01888450000001285	epochs	3.0
1693.7445631076293	0.018802700000151162	epochs	3.0
1693.7633658076295	0.03736309999999321	epochs	2.0
1693.7633658076295	0.018721699999787234	epochs	3.0
1693.7820875076293	0.018641400000205977	epochs	3.0
1693.8007289076295	0.03704429999993408	epochs	2.0
1693.8007289076295	0.018561599999884493	epochs	3.0
1693.8192905076294	0.01848270000004959	epochs	3.0
1693.8377732076294	0.03673099999991791	epochs	2.0
1693.8377732076294	0.018404299999929208	epochs	3.0
1693.8561775076294	0.018326699999988705	epochs	3.0
1693.8745042076293	0.03642290000016146	epochs	2.0
1693.8745042076293	0.018249599999990096	epochs	3.0
1693.8927538076293	0.018173300000171366	epochs	3.0
1693.9109271076295	0.036120099999834565	epochs	2.0
1693.9109271076295	0.01809759999991911	epochs	3.0
1693.9290247076294	0.018022499999915453	epochs	3.0
1693.9470472076293	0.035822100000132195	epochs	2.0
1693.9470472076293	0.017947900000081063	epochs	3.0
1693.9649951076294	0.017874200000051133	epochs	3.0
1693.9828693076295	0.03552899999999681	epochs	2.0
1693.9828693076295	0.017800800000031813	epochs	3.0
1694.0006701076295	0.017728199999965	epochs	3.0
1694.0183983076295	0.03524070000003121	epochs	2.0
1694.0183983076295	0.01765609999984008	epochs	3.0
1694.0360544076293	0.01758460000019113	epochs	3.0
1694.0536390076295	0.03495709999992869	epochs	2.0
1694.0536390076295	0.017513699999881283	epochs	3.0
1694.0711527076294	0.017443400000047404	epochs	3.0
1694.0885961076294	0.034677899999906	epochs	2.0
1694.0885961076294	0.017373599999928047	epochs	3.0
1694.1059697076294	0.017304299999977957	epochs	3.0
1694.1232740076293	0.03440330000012182	epochs	2.0
1694.1232740076293	0.017235700000128418	epochs	3.0
1694.1405097076295	0.0171675999999934	epochs	3.0
1694.1576773076295	0.03413279999995211	epochs	2.0
1694.1576773076295	0.01709989999994832	epochs	3.0
1694.1747772076294	0.017032900000003792	epochs	3.0
1694.1918101076294	0.03386670000008962	epochs	2.0
1694.1918101076294	0.01696640000000116	epochs	3.0
1694.2087765076294	0.016900300000088464	epochs	3.0
1694.2256768076295	0.03360459999998966	epochs	2.0
1694.2256768076295	0.01683479999996962	epochs	3.0
1694.2425116076295	0.01676980000002004	epochs	3.0
1694.2592814076295	0.033346599999958926	epochs	2.0
1694.2592814076295	0.016705300000012357	epochs	3.0
1694.2759867076295	0.01664129999994657	epochs	3.0
1694.2926280076294	0.033092499999838765	epochs	2.0
1694.2926280076294	0.016577800000050047	epochs	3.0
1694.3092058076295	0.016514699999788718	epochs	3.0
1694.3257205076293	0.032842300000083924	epochs	2.0
1694.3257205076293	0.01645220000000336	epochs	3.0
1694.3421727076293	0.016390100000080565	epochs	3.0
1694.3585628076294	0.03259570000000167	epochs	2.0
1694.3585628076294	0.016328400000020338	epochs	3.0
1694.3748912076294	0.016267299999981333	epochs	3.0
1694.3911585076294	0.032352899999978035	epochs	2.0
1694.3911585076294	0.016206600000032267	epochs	3.0
1694.4073651076294	0.016146299999945768	epochs	3.0
1694.4235114076293	0.032113700000081735	epochs	2.0
1694.4235114076293	0.016086600000107865	epochs	3.0
1694.4395980076295	0.01602709999997387	epochs	3.0
1694.4556251076294	0.03187800000000607	epochs	2.0
1694.4556251076294	0.0159681999998611	epochs	3.0
1694.4715933076293	0.01590980000014497	epochs	3.0
1694.4875031076294	0.03164569999989908	epochs	2.0
1694.4875031076294	0.015851599999905375	epochs	3.0
1694.5033547076293	0.015794099999993705	epochs	3.0
1694.5191488076293	0.03141670000013619	epochs	2.0
1694.5191488076293	0.015736700000161363	epochs	3.0
1694.5348855076295	0.015679999999974825	epochs	3.0
1694.5505655076295	0.03119109999988723	epochs	2.0
1694.5505655076295	0.015623600000026272	epochs	3.0
1694.5661891076295	0.015567499999860956	epochs	3.0
1694.5817566076294	0.03096870000013041	epochs	2.0
1694.5817566076294	0.015511999999944237	epochs	3.0
1694.5972686076293	0.015456700000186174	epochs	3.0
1694.6127253076295	0.030749499999956242	epochs	2.0
1694.6127253076295	0.015401999999994587	epochs	3.0
1694.6281273076295	0.015347499999961656	epochs	3.0
1694.6434748076294	0.03053320000003623	epochs	2.0
1694.6434748076294	0.015293400000018664	epochs	3.0
1694.6587682076295	0.015239800000017567	epochs	3.0
1694.6740080076295	0.030320099999926242	epochs	2.0
1694.6740080076295	0.015186500000027081	epochs	3.0
1694.6891945076295	0.015133599999899161	epochs	3.0
1694.7043281076294	0.03010990000007041	epochs	2.0
1694.7043281076294	0.015081000000009226	epochs	3.0
1694.7194091076294	0.015028900000061185	epochs	3.0
1694.7344380076295	0.029902499999934662	epochs	2.0
1694.7344380076295	0.014976999999817053	epochs	3.0
1694.7494150076293	0.014925500000117609	epochs	3.0
1694.7643405076294	0.029698099999905025	epochs	2.0
1694.7643405076294	0.014874400000053356	epochs	3.0
1694.7792149076295	0.01482369999985167	epochs	3.0
1694.7940386076293	0.029496300000118936	epochs	2.0
1694.7940386076293	0.014773200000036013	epochs	3.0
1694.8088118076294	0.014723100000082923	epochs	3.0
1694.8235349076294	0.029297399999904883	epochs	2.0
1694.8235349076294	0.014673399999992398	epochs	3.0
1694.8382083076294	0.014623999999912485	epochs	3.0
1694.8528323076293	0.02910110000016175	epochs	2.0
1694.8528323076293	0.014574900000070556	epochs	3.0
1694.8674072076294	0.014526200000091194	epochs	3.0
1694.8819334076295	0.028907399999980044	epochs	2.0
1694.8819334076295	0.01447769999981574	epochs	3.0
1694.8964111076293	0.014429700000164303	epochs	3.0
1694.9108408076295	0.028716199999962555	epochs	2.0
1694.9108408076295	0.014381799999910072	epochs	3.0
1694.9252226076294	0.014334400000052483	epochs	3.0
1694.9395570076294	0.02852759999996124	epochs	2.0
1694.9395570076294	0.014287199999898803	epochs	3.0
1694.9538442076293	0.014240400000062436	epochs	3.0
1694.9680846076294	0.028341400000044814	epochs	2.0
1694.9680846076294	0.014193799999929979	epochs	3.0
1694.9822784076293	0.014147600000114835	epochs	3.0
1694.9964260076295	0.02815769999983786	epochs	2.0
1694.9964260076295	0.014101699999855555	epochs	3.0
1695.0105277076293	0.014055999999982305	epochs	3.0
1695.0245837076293	0.027976300000091214	epochs	2.0
1695.0245837076293	0.014010600000119666	epochs	3.0
1695.0385943076294	0.013965699999971548	epochs	3.0
1695.0525600076294	0.027797200000122757	epochs	2.0
1695.0525600076294	0.013920800000050804	epochs	3.0
1695.0664808076294	0.013876400000071953	epochs	3.0
1695.0803572076295	0.027620399999932488	epochs	2.0
1695.0803572076295	0.013832199999797012	epochs	3.0
1695.0941894076293	0.013788200000135475	epochs	3.0
1695.1079776076294	0.027445899999975154	epochs	2.0
1695.1079776076294	0.013744599999881757	epochs	3.0
1695.1217222076293	0.013701300000093397	epochs	3.0
1695.1354235076294	0.0272735000000921	epochs	2.0
1695.1354235076294	0.013658200000008947	epochs	3.0
1695.1490817076294	0.013615300000083153	epochs	3.0
1695.1626970076295	0.027103399999987232	epochs	2.0
1695.1626970076295	0.01357279999979255	epochs	3.0
1695.1762698076293	0.013530600000194681	epochs	3.0
1695.1898004076295	0.026935199999797987	epochs	2.0
1695.1898004076295	0.01348839999991469	epochs	3.0
1695.2032888076294	0.013446799999883297	epochs	3.0
1695.2167356076293	0.026769200000217097	epochs	2.0
1695.2167356076293	0.013405200000079276	epochs	3.0
1695.2301408076294	0.013364000000137821	epochs	3.0
1695.2435048076295	0.026605199999949036	epochs	2.0
1695.2435048076295	0.013322899999820947	epochs	3.0
1695.2568277076293	0.013282300000128089	epochs	3.0
1695.2701100076295	0.0264431999999033	epochs	2.0
1695.2701100076295	0.013241699999980483	epochs	3.0
1695.2833517076294	0.013201499999922817	epochs	3.0
1695.2965532076294	0.026283200000079887	epochs	2.0
1695.2965532076294	0.013161500000023807	epochs	3.0
1695.3097147076294	0.01312170000005608	epochs	3.0
1695.3228364076294	0.026124999999865395	epochs	2.0
1695.3228364076294	0.013082100000019636	epochs	3.0
1695.3359185076295	0.013042899999845758	epochs	3.0
1695.3489614076293	0.02596890000017993	epochs	2.0
1695.3489614076293	0.01300390000005791	epochs	3.0
1695.3619653076294	0.012965000000122018	epochs	3.0
1695.3749303076295	0.025814500000024054	epochs	2.0
1695.3749303076295	0.012926399999969362	epochs	3.0
1695.3878567076295	0.012888100000054692	epochs	3.0
1695.4007448076295	0.025661899999931848	epochs	2.0
1695.4007448076295	0.012849899999991976	epochs	3.0
1695.4135947076295	0.012811999999939871	epochs	3.0
1695.4264067076294	0.025511199999982637	epochs	2.0
1695.4264067076294	0.012774399999898378	epochs	3.0
1695.4391811076293	0.012736800000084258	epochs	3.0
1695.4519179076294	0.02536229999986972	epochs	2.0
1695.4519179076294	0.01269969999998466	epochs	3.0
1695.4646176076294	0.01266259999988506	epochs	3.0
1695.4772802076293	0.02521500000011656	epochs	2.0
1695.4772802076293	0.012625800000023446	epochs	3.0
1695.4899060076293	0.012589200000093115	epochs	3.0
1695.5024952076294	0.024584799999956886	epochs	2.0
1695.5260562076294	0.5	epochs	-1.0
1695.5270800076294	0.5196800000001076	epochs	1.0
1696.0467600076295	0.480239999999867	epochs	0.0
1735.8150000572205	0.06007999999997082	epochs	0.0
1735.8150000572205	0.025041300000111733	epochs	1.0
1735.8400413572206	0.009997399999974732	epochs	1.0
1735.8500387572205	0.02504129999988436	epochs	1.0
1735.8750800572204	2.0	epochs	0.0
1737.8750800572204	0.5395200000000386	epochs	0.0
1737.8750800572204	0.5395200000000386	epochs	1.0
1737.8750962572205	0.5	epochs	-1.0
1738.3750962572205	0.039503799999920375	epochs	-1.0
1738.4146000572205	21.460399999999936	epochs	0.0
1739.6140003204346	0.06007999999997082	epochs	0.0
1739.6140003204346	0.025041300000111733	epochs	1.0
1739.6390416204347	0.009997399999974732	epochs	1.0
1739.6490390204347	0.02504129999988436	epochs	1.0
1739.6740803204345	2.0	epochs	0.0
1741.6740803204345	0.5596000000000458	epochs	0.0
1741.6740803204345	0.5596000000000458	epochs	1.0
1741.6740965204347	0.5	epochs	-1.0
1742.1740965204347	0.05958379999992758	epochs	-1.0
1742.2336803204346	21.44031999999993	epochs	0.0
1743.4210000038147	0.06007999999997082	epochs	0.0
1743.4210000038147	0.025041300000111733	epochs	1.0
1743.4460413038148	0.009997399999974732	epochs	1.0
1743.4560387038148	0.02504129999988436	epochs	1.0
1743.4810800038147	2.0	epochs	0.0
1745.4810800038147	5.399519999999939	epochs	0.0
1745.4810800038147	1.0	epochs	1.0
1745.4810962038148	0.5	epochs	-1.0
1745.9810962038148	4.89950379999982	epochs	-1.0
1746.4810800038147	4.399519999999939	epochs	1.0
1746.4810800038147	4.356753900000058	epochs	-1.0
1746.4810800038147	1.9745872000000873	epochs	2.0
1746.4810800038147	1.0985622000000603	epochs	3.0
1747.5796422038147	0.8760250000000269	epochs	3.0
1748.4556672038148	1.3524075000000266	epochs	2.0
1748.4556672038148	0.7286354999998821	epochs	3.0
1749.1843027038146	0.6237720000001445	epochs	3.0
1749.8080747038148	1.029759199999944	epochs	2.0
1749.8080747038148	0.5453292999998212	epochs	3.0
1750.3534040038146	0.48442990000012287	epochs	3.0
1750.8378339038147	0.04276609999988068	epochs	2.0
1750.8378339038147	0.04276609999988068	epochs	3.0
1750.8806000038146	16.600400000000036	epochs	0.0
1751.2490000724792	0.06007999999997082	epochs	0.0
1751.2490000724792	0.025041300000111733	epochs	1.0
1751.2740413724794	0.009997399999974732	epochs	1.0
1751.2840387724793	0.02504129999988436	epochs	1.0
1751.3090800724792	2.0	epochs	0.0
1753.3090800724792	21.499680000000126	epochs	0.0
1753.3090800724792	1.0	epochs	1.0
1753.3090962724793	0.5	epochs	-1.0
1753.8090962724793	19.998799999999846	epochs	-1.0
1754.3090800724792	20.0	epochs	1.0
1754.3090800724792	4.356753900000058	epochs	-1.0
1754.3090800724792	1.9745872000000873	epochs	2.0
1754.3090800724792	1.0985622000000603	epochs	3.0
1755.4076422724793	0.8760250000000269	epochs	3.0
1756.2836672724793	1.3524075000000266	epochs	2.0
1756.2836672724793	0.7286354999998821	epochs	3.0
1757.0123027724792	0.6237720000001445	epochs	3.0
1757.6360747724793	1.029759199999944	epochs	2.0
1757.6360747724793	0.5453292999998212	epochs	3.0
1758.1814040724792	0.48442990000012287	epochs	3.0
1758.6658339724793	0.8317861999998968	epochs	2.0
1758.6658339724793	0.4357763000000432	epochs	3.0
1759.1016102724793	0.3960098999998536	epochs	3.0
1759.4976201724792	0.6977970000000369	epochs	2.0
1759.4976201724792	0.3628982000000178	epochs	3.0
1759.8605183724792	0.33489880000001904	epochs	3.0
1760.1954171724792	0.601045699999986	epochs	2.0
1760.1954171724792	0.3109122999999272	epochs	3.0
1760.5063294724791	0.2901334000000588	epochs	3.0
1760.7964628724792	0.5278859000000011	epochs	2.0
1760.7964628724792	0.2719586000000618	epochs	3.0
1761.0684214724793	0.25592729999993935	epochs	3.0
1761.3243487724792	0.470619299999953	epochs	2.0
1761.3243487724792	0.241681299999982	epochs	3.0
1761.5660300724792	0.228937999999971	epochs	3.0
1761.7949680724792	0.42457039999999324	epochs	2.0
1761.7949680724792	0.21747140000002219	epochs	3.0
1762.0124394724792	0.20709899999997106	epochs	3.0
1762.2195384724791	0.3867354000001342	epochs	2.0
1762.2195384724791	0.19767110000020693	epochs	3.0
1762.4172095724794	0.18906429999992724	epochs	3.0
1762.6062738724793	0.35509529999990264	epochs	2.0
1762.6062738724793	0.18117589999997108	epochs	3.0
1762.7874497724792	0.17391939999993156	epochs	3.0
1762.9613691724792	0.3282431000000088	epochs	2.0
1762.9613691724792	0.16722189999995862	epochs	3.0
1763.1285910724791	0.16102120000005016	epochs	3.0
1763.2896122724792	0.30516800000009425	epochs	2.0
1763.2896122724792	0.15526390000013635	epochs	3.0
1763.4448761724793	0.1499040999999579	epochs	3.0
1763.5947802724793	0.28512529999989056	epochs	2.0
1763.5947802724793	0.14490209999985382	epochs	3.0
1763.7396823724791	0.14022320000003674	epochs	3.0
1763.8799055724792	0.267553800000087	epochs	2.0
1763.8799055724792	0.13583690000018578	epochs	3.0
1764.0157424724794	0.13171689999990122	epochs	3.0
1764.1474593724793	0.252022899999929	epochs	2.0
1764.1474593724793	0.1278393000000051	epochs	3.0
1764.2752986724793	0.1241835999999239	epochs	3.0
1764.3994822724792	0.23819649999995818	epochs	2.0
1764.3994822724792	0.12073110000005727	epochs	3.0
1764.5202133724792	0.11746539999990091	epochs	3.0
1764.6376787724791	0.2258088000000953	epochs	2.0
1764.6376787724791	0.11437190000015107	epochs	3.0
1764.7520506724793	0.11143689999994422	epochs	3.0
1764.8634875724792	0.21464599999990241	epochs	2.0
1764.8634875724792	0.10864889999993466	epochs	3.0
1764.9721364724792	0.10599709999996776	epochs	3.0
1765.0781335724791	0.20453500000007807	epochs	2.0
1765.0781335724791	0.10347150000006877	epochs	3.0
1765.1816050724792	0.1010635000000093	epochs	3.0
1765.2826685724792	0.19533400000000256	epochs	2.0
1765.2826685724792	0.09876510000003691	epochs	3.0
1765.3814336724793	0.09656889999996565	epochs	3.0
1765.4780025724792	0.18692529999998442	epochs	2.0
1765.4780025724792	0.09446830000001682	epochs	3.0
1765.5724708724792	0.09245699999996759	epochs	3.0
1765.6649278724792	0.1792107000001124	epochs	2.0
1765.6649278724792	0.0905296000000817	epochs	3.0
1765.7554574724793	0.08868110000003071	epochs	3.0
1765.8441385724793	0.17210769999996955	epochs	2.0
1765.8441385724793	0.08690630000000965	epochs	3.0
1765.9310448724793	0.0852013999999599	epochs	3.0
1766.0162462724793	0.16554640000003928	epochs	2.0
1766.0162462724793	0.08356189999994967	epochs	3.0
1766.0998081724792	0.08198450000008961	epochs	3.0
1766.1817926724793	0.15946709999980158	epochs	2.0
1766.1817926724793	0.08046539999986635	epochs	3.0
1766.2622580724792	0.07900169999993523	epochs	3.0
1766.3412597724791	0.15381840000009106	epochs	2.0
1766.3412597724791	0.07759010000017952	epochs	3.0
1766.4188498724793	0.07622829999991154	epochs	3.0
1766.4950781724792	0.14855639999996129	epochs	2.0
1766.4950781724792	0.07491329999993468	epochs	3.0
1766.5699914724792	0.0736431000000266	epochs	3.0
1766.6436345724792	0.14364240000008976	epochs	2.0
1766.6436345724792	0.07241500000009182	epochs	3.0
1766.7160495724793	0.07122739999999794	epochs	3.0
1766.7872769724793	0.13904309999998077	epochs	2.0
1766.7872769724793	0.07007799999996678	epochs	3.0
1766.8573549724792	0.06896510000001399	epochs	3.0
1766.9263200724793	0.13472929999988992	epochs	2.0
1766.9263200724793	0.0678871000000072	epochs	3.0
1766.9942071724793	0.06684219999988272	epochs	3.0
1767.0610493724791	0.1306752000000415	epochs	2.0
1767.0610493724791	0.06582910000020092	epochs	3.0
1767.1268784724793	0.06484609999984059	epochs	3.0
1767.1917245724792	0.12685780000015257	epochs	2.0
1767.1917245724792	0.06389200000012352	epochs	3.0
1767.2556165724793	0.06296580000002905	epochs	3.0
1767.3185823724793	0.12325719999989815	epochs	2.0
1767.3185823724793	0.06206579999980022	epochs	3.0
1767.3806481724791	0.06119140000009793	epochs	3.0
1767.4418395724792	0.11985540000000583	epochs	2.0
1767.4418395724792	0.060341099999959624	epochs	3.0
1767.5021806724792	0.059514300000046205	epochs	3.0
1767.5616949724792	0.1166361999999026	epochs	2.0
1767.5616949724792	0.058709599999929196	epochs	3.0
1767.6204045724792	0.057926599999973405	epochs	3.0
1767.6783311724791	0.11358560000007856	epochs	2.0
1767.6783311724791	0.057164200000215715	epochs	3.0
1767.7354953724794	0.05642139999986284	epochs	3.0
1767.7919167724792	0.11069049999991876	epochs	2.0
1767.7919167724792	0.055697900000041045	epochs	3.0
1767.8476146724793	0.05499259999987771	epochs	3.0
1767.9026072724791	0.1079391000000669	epochs	2.0
1767.9026072724791	0.05430490000003374	epochs	3.0
1767.9569121724792	0.05363420000003316	epochs	3.0
1768.0105463724792	0.10532149999994544	epochs	2.0
1768.0105463724792	0.05297999999993408	epochs	3.0
1768.0635263724791	0.052341500000011365	epochs	3.0
1768.1158678724792	0.10282760000018243	epochs	2.0
1768.1158678724792	0.05171810000001642	epochs	3.0
1768.1675859724792	0.05110950000016601	epochs	3.0
1768.2186954724793	0.10044909999987794	epochs	2.0
1768.2186954724793	0.0505148999998255	epochs	3.0
1768.2692103724792	0.04993420000005244	epochs	3.0
1768.3191445724792	0.0981782999999723	epochs	2.0
1768.3191445724792	0.04936659999998483	epochs	3.0
1768.3685111724792	0.04881169999998747	epochs	3.0
1768.4173228724792	0.09600780000005216	epochs	2.0
1768.4173228724792	0.04826920000004975	epochs	3.0
1768.4655920724792	0.04773860000000241	epochs	3.0
1768.5133306724792	0.09393120000004274	epochs	2.0
1768.5133306724792	0.04721949999998287	epochs	3.0
1768.5605501724792	0.046711700000059864	epochs	3.0
1768.6072618724793	0.09194260000003851	epochs	2.0
1768.6072618724793	0.046214599999984785	epochs	3.0
1768.6534764724793	0.045728000000053726	epochs	3.0
1768.6992044724793	0.09003629999983787	epochs	2.0
1768.6992044724793	0.045251499999949374	epochs	3.0
1768.7444559724793	0.04478479999988849	epochs	3.0
1768.7892407724792	0.08820760000003247	epochs	2.0
1768.7892407724792	0.044327800000019124	epochs	3.0
1768.8335685724792	0.04387980000001335	epochs	3.0
1768.8774483724792	0.0864516999999978	epochs	2.0
1768.8774483724792	0.04344100000002982	epochs	3.0
1768.9208893724792	0.04301069999996798	epochs	3.0
1768.9639000724792	0.08476429999996071	epochs	2.0
1768.9639000724792	0.04258900000013455	epochs	3.0
1769.0064890724793	0.042175299999826166	epochs	3.0
1769.0486643724792	0.08314150000001064	epochs	2.0
1769.0486643724792	0.04176970000003166	epochs	3.0
1769.0904340724792	0.041371799999978975	epochs	3.0
1769.1318058724792	0.08157970000002024	epochs	2.0
1769.1318058724792	0.04098140000019157	epochs	3.0
1769.1727872724794	0.04059829999982867	epochs	3.0
1769.2133855724792	0.08007550000002084	epochs	2.0
1769.2133855724792	0.040222300000095856	epochs	3.0
1769.2536078724793	0.03985319999992498	epochs	3.0
1769.2934610724792	0.07862569999997504	epochs	2.0
1769.2934610724792	0.039490800000066884	epochs	3.0
1769.3329518724793	0.03913489999990816	epochs	3.0
1769.3720867724792	0.07722760000001472	epochs	2.0
1769.3720867724792	0.038785400000051595	epochs	3.0
1769.4108721724792	0.03844219999996312	epochs	3.0
1769.4493143724792	0.07587820000003376	epochs	2.0
1769.4493143724792	0.03810480000015559	epochs	3.0
1769.4874191724793	0.037773399999878166	epochs	3.0
1769.5251925724792	0.0745752000000266	epochs	2.0
1769.5251925724792	0.03744770000002973	epochs	3.0
1769.5626402724793	0.03712749999999687	epochs	3.0
1769.5997677724793	0.07331629999998768	epochs	2.0
1769.5997677724793	0.0368129000000863	epochs	3.0
1769.6365806724793	0.036503399999901376	epochs	3.0
1769.6730840724792	0.07209899999998015	epochs	2.0
1769.6730840724792	0.03619909999997617	epochs	3.0
1769.7092831724792	0.03589990000000398	epochs	3.0
1769.7451830724792	0.07092170000009901	epochs	2.0
1769.7451830724792	0.03560560000005353	epochs	3.0
1769.7807886724793	0.03531610000004548	epochs	3.0
1769.8161047724793	0.06978200000003199	epochs	2.0
1769.8161047724793	0.03503119999982118	epochs	3.0
1769.8511359724791	0.0347508000002108	epochs	3.0
1769.8858867724794	0.06867859999988468	epochs	2.0
1769.8858867724794	0.03447509999978138	epochs	3.0
1769.9203618724791	0.034203500000103304	epochs	3.0
1769.9545653724792	0.06760929999995824	epochs	2.0
1769.9545653724792	0.033936199999970995	epochs	3.0
1769.9885015724792	0.033673099999987244	epochs	3.0
1770.0221746724792	0.06657289999998284	epochs	2.0
1770.0221746724792	0.03341399999999339	epochs	3.0
1770.0555886724792	0.033158899999989444	epochs	3.0
1770.0887475724792	0.06556780000005347	epochs	2.0
1770.0887475724792	0.03290770000012344	epochs	3.0
1770.1216552724793	0.032660099999930026	epochs	3.0
1770.1543153724792	0.06459259999996902	epochs	2.0
1770.1543153724792	0.03241640000010193	epochs	3.0
1770.1867317724793	0.032176199999867094	epochs	3.0
1770.2189079724792	0.06364600000006249	epochs	2.0
1770.2189079724792	0.03193959999998697	epochs	3.0
1770.2508475724792	0.03170640000007552	epochs	3.0
1770.2825539724793	0.0627266999999847	epochs	2.0
1770.2825539724793	0.031476599999905375	epochs	3.0
1770.3140305724792	0.03125010000007933	epochs	3.0
1770.3452806724792	0.06183359999999993	epochs	2.0
1770.3452806724792	0.03102689999991526	epochs	3.0
1770.3763075724792	0.030806700000084675	epochs	3.0
1770.4071142724792	0.060965599999917686	epochs	2.0
1770.4071142724792	0.030589799999916067	epochs	3.0
1770.4377040724792	0.030375800000001618	epochs	3.0
1770.4680798724792	0.06012160000000222	epochs	2.0
1770.4680798724792	0.030164900000045236	epochs	3.0
1770.4982447724792	0.02995669999995698	epochs	3.0
1770.5282014724792	0.05930069999999432	epochs	2.0
1770.5282014724792	0.029751600000054168	epochs	3.0
1770.5579530724792	0.029549099999940154	epochs	3.0
1770.5875021724792	0.058501800000158255	epochs	2.0
1770.5875021724792	0.02934940000000097	epochs	3.0
1770.6168515724792	0.029152400000157286	epochs	3.0
1770.6460039724793	0.05772419999993872	epochs	2.0
1770.6460039724793	0.028957999999875028	epochs	3.0
1770.6749619724792	0.02876620000006369	epochs	3.0
1770.7037281724793	0.05696710000006533	epochs	2.0
1770.7037281724793	0.028577000000041153	epochs	3.0
1770.7323051724793	0.028390100000024177	epochs	3.0
1770.7606952724793	0.05622949999997218	epochs	2.0
1770.7606952724793	0.028205699999944045	epochs	3.0
1770.7889009724793	0.028023800000028132	epochs	3.0
1770.8169247724793	0.05551070000001346	epochs	2.0
1770.8169247724793	0.027843999999959124	epochs	3.0
1770.8447687724793	0.027666700000054334	epochs	3.0
1770.8724354724793	0.054810200000019904	epochs	2.0
1770.8724354724793	0.02749149999999645	epochs	3.0
1770.8999269724793	0.027318700000023455	epochs	3.0
1770.9272456724793	0.054126999999880354	epochs	2.0
1770.9272456724793	0.027147799999966082	epochs	3.0
1770.9543934724793	0.026979199999914272	epochs	3.0
1770.9813726724792	0.053460699999959616	epochs	2.0
1770.9813726724792	0.026812600000084785	epochs	3.0
1771.0081852724793	0.02664809999987483	epochs	3.0
1771.0348333724792	0.05281070000000909	epochs	2.0
1771.0348333724792	0.026485600000114573	epochs	3.0
1771.0613189724793	0.02632509999989452	epochs	3.0
1771.0876440724792	0.05217620000007628	epochs	2.0
1771.0876440724792	0.026166399999965506	epochs	3.0
1771.1138104724791	0.026009800000110772	epochs	3.0
1771.1398202724793	0.051556699999991906	epochs	2.0
1771.1398202724793	0.025854799999933675	epochs	3.0
1771.1656750724792	0.02570190000005823	epochs	3.0
1771.1913769724792	0.05095189999997274	epochs	2.0
1771.1913769724792	0.025550699999939752	epochs	3.0
1771.2169276724792	0.025401200000032986	epochs	3.0
1771.2423288724792	0.05036100000006627	epochs	2.0
1771.2423288724792	0.025253499999962514	epochs	3.0
1771.2675823724792	0.025107500000103755	epochs	3.0
1771.2926898724793	0.04978379999988647	epochs	2.0
1771.2926898724793	0.02496320000000196	epochs	3.0
1771.3176530724793	0.024820599999884507	epochs	3.0
1771.3424736724792	0.04921950000016295	epochs	2.0
1771.3424736724792	0.024679399999968155	epochs	3.0
1771.3671530724791	0.024540100000194798	epochs	3.0
1771.3916931724793	0.04866789999982757	epochs	2.0
1771.3916931724793	0.024402099999861093	epochs	3.0
1771.4160952724792	0.024265799999966475	epochs	3.0
1771.4403610724792	0.04812860000015462	epochs	2.0
1771.4403610724792	0.024131000000124914	epochs	3.0
1771.4644920724793	0.023997600000029706	epochs	3.0
1771.4884896724793	0.04760109999983797	epochs	2.0
1771.4884896724793	0.02386579999983951	epochs	3.0
1771.5123554724792	0.02373529999999846	epochs	3.0
1771.5360907724792	0.04708500000015192	epochs	2.0
1771.5360907724792	0.023606299999983094	epochs	3.0
1771.5596970724791	0.02347870000016883	epochs	3.0
1771.5831757724793	0.046579999999948996	epochs	2.0
1771.5831757724793	0.023352499999873544	epochs	3.0
1771.6065282724792	0.02322750000007545	epochs	3.0
1771.6297557724793	0.046085700000048746	epochs	2.0
1771.6297557724793	0.023104000000103042	epochs	3.0
1771.6528597724794	0.022981699999945704	epochs	3.0
1771.6758414724793	0.045601799999985815	epochs	2.0
1771.6758414724793	0.02286069999991014	epochs	3.0
1771.6987021724792	0.022741100000075676	epochs	3.0
1771.7214432724793	0.045127899999897636	epochs	2.0
1771.7214432724793	0.022622499999897627	epochs	3.0
1771.7440657724792	0.02250540000000001	epochs	3.0
1771.7665711724792	0.0446638000000803	epochs	2.0
1771.7665711724792	0.02238929999998618	epochs	3.0
1771.7889604724792	0.022274500000094122	epochs	3.0
1771.8112349724793	0.04420920000006845	epochs	2.0
1771.8112349724793	0.022160799999937808	epochs	3.0
1771.8333957724792	0.02204840000013064	epochs	3.0
1771.8554441724793	0.04376359999992019	epochs	2.0
1771.8554441724793	0.02193689999990056	epochs	3.0
1771.8773810724792	0.021826700000019628	epochs	3.0
1771.8992077724793	0.04332709999994222	epochs	2.0
1771.8992077724793	0.02171760000010181	epochs	3.0
1771.9209253724794	0.02160949999984041	epochs	3.0
1771.9425348724792	0.04289900000003399	epochs	2.0
1771.9425348724792	0.02150249999999687	epochs	3.0
1771.9640373724792	0.021396500000037122	epochs	3.0
1771.9854338724792	0.04247950000012679	epochs	2.0
1771.9854338724792	0.021291700000119818	epochs	3.0
1772.0067255724794	0.021187800000006973	epochs	3.0
1772.0279133724794	0.04206789999989269	epochs	2.0
1772.0279133724794	0.021084899999777917	epochs	3.0
1772.0489982724791	0.02098300000011477	epochs	3.0
1772.0699812724793	0.04166439999994509	epochs	2.0
1772.0699812724793	0.020882199999959994	epochs	3.0
1772.0908634724792	0.020782199999985096	epochs	3.0
1772.1116456724792	0.04126850000011473	epochs	2.0
1772.1116456724792	0.020683299999973315	epochs	3.0
1772.1323289724792	0.020585200000141413	epochs	3.0
1772.1529141724793	0.04088000000001557	epochs	2.0
1772.1529141724793	0.020488099999965925	epochs	3.0
1772.1734022724793	0.020391900000049645	epochs	3.0
1772.1937941724793	0.04049880000002304	epochs	2.0
1772.1937941724793	0.020296599999937825	epochs	3.0
1772.2140907724793	0.020202200000085213	epochs	3.0
1772.2342929724794	0.040124599999899146	epochs	2.0
1772.2342929724794	0.020108699999809687	epochs	3.0
1772.2544016724792	0.02001590000008946	epochs	3.0
1772.2744175724793	0.03975730000001931	epochs	2.0
1772.2744175724793	0.019924200000104975	epochs	3.0
1772.2943417724794	0.01983309999991434	epochs	3.0
1772.3141748724793	0.03939669999999751	epochs	2.0
1772.3141748724793	0.01974300000006224	epochs	3.0
1772.3339178724793	0.01965369999993527	epochs	3.0
1772.3535715724793	0.03904239999997117	epochs	2.0
1772.3535715724793	0.019565099999908853	epochs	3.0
1772.3731366724792	0.019477300000062314	epochs	3.0
1772.3926139724792	0.038694600000098944	epochs	2.0
1772.3926139724792	0.019390400000020236	epochs	3.0
1772.4120043724793	0.01930420000007871	epochs	3.0
1772.4313085724793	0.038352899999836154	epochs	2.0
1772.4313085724793	0.019218799999862313	epochs	3.0
1772.4505273724792	0.01913409999997384	epochs	3.0
1772.4696614724792	0.03801720000001296	epochs	2.0
1772.4696614724792	0.019050200000037876	epochs	3.0
1772.4887116724792	0.018966999999975087	epochs	3.0
1772.5076786724792	0.03768720000016401	epochs	2.0
1772.5076786724792	0.01888450000001285	epochs	3.0
1772.5265631724792	0.018802700000151162	epochs	3.0
1772.5453658724794	0.03736309999999321	epochs	2.0
1772.5453658724794	0.018721699999787234	epochs	3.0
1772.5640875724791	0.018641400000205977	epochs	3.0
1772.5827289724793	0.03704429999993408	epochs	2.0
1772.5827289724793	0.018561599999884493	epochs	3.0
1772.6012905724792	0.01848270000004959	epochs	3.0
1772.6197732724793	0.03673099999991791	epochs	2.0
1772.6197732724793	0.018404299999929208	epochs	3.0
1772.6381775724792	0.018326699999988705	epochs	3.0
1772.6565042724792	0.03642290000016146	epochs	2.0
1772.6565042724792	0.018249599999990096	epochs	3.0
1772.6747538724792	0.018173300000171366	epochs	3.0
1772.6929271724794	0.036120099999834565	epochs	2.0
1772.6929271724794	0.01809759999991911	epochs	3.0
1772.7110247724793	0.018022499999915453	epochs	3.0
1772.7290472724792	0.035822100000132195	epochs	2.0
1772.7290472724792	0.017947900000081063	epochs	3.0
1772.7469951724793	0.017874200000051133	epochs	3.0
1772.7648693724793	0.03552899999999681	epochs	2.0
1772.7648693724793	0.017800800000031813	epochs	3.0
1772.7826701724794	0.017728199999965	epochs	3.0
1772.8003983724793	0.03524070000003121	epochs	2.0
1772.8003983724793	0.01765609999984008	epochs	3.0
1772.8180544724792	0.01758460000019113	epochs	3.0
1772.8356390724794	0.03495709999992869	epochs	2.0
1772.8356390724794	0.017513699999881283	epochs	3.0
1772.8531527724792	0.017443400000047404	epochs	3.0
1772.8705961724793	0.034677899999906	epochs	2.0
1772.8705961724793	0.017373599999928047	epochs	3.0
1772.8879697724792	0.017304299999977957	epochs	3.0
1772.9052740724792	0.03440330000012182	epochs	2.0
1772.9052740724792	0.017235700000128418	epochs	3.0
1772.9225097724793	0.0171675999999934	epochs	3.0
1772.9396773724793	0.03413279999995211	epochs	2.0
1772.9396773724793	0.01709989999994832	epochs	3.0
1772.9567772724793	0.017032900000003792	epochs	3.0
1772.9738101724793	0.03386670000008962	epochs	2.0
1772.9738101724793	0.01696640000000116	epochs	3.0
1772.9907765724793	0.016900300000088464	epochs	3.0
1773.0076768724794	0.03360459999998966	epochs	2.0
1773.0076768724794	0.01683479999996962	epochs	3.0
1773.0245116724793	0.01676980000002004	epochs	3.0
1773.0412814724793	0.033346599999958926	epochs	2.0
1773.0412814724793	0.016705300000012357	epochs	3.0
1773.0579867724794	0.01664129999994657	epochs	3.0
1773.0746280724793	0.033092499999838765	epochs	2.0
1773.0746280724793	0.016577800000050047	epochs	3.0
1773.0912058724793	0.016514699999788718	epochs	3.0
1773.1077205724791	0.032842300000083924	epochs	2.0
1773.1077205724791	0.01645220000000336	epochs	3.0
1773.1241727724791	0.016390100000080565	epochs	3.0
1773.1405628724792	0.03259570000000167	epochs	2.0
1773.1405628724792	0.016328400000020338	epochs	3.0
1773.1568912724792	0.016267299999981333	epochs	3.0
1773.1731585724792	0.032352899999978035	epochs	2.0
1773.1731585724792	0.016206600000032267	epochs	3.0
1773.1893651724793	0.016146299999945768	epochs	3.0
1773.2055114724792	0.032113700000081735	epochs	2.0
1773.2055114724792	0.016086600000107865	epochs	3.0
1773.2215980724793	0.01602709999997387	epochs	3.0
1773.2376251724793	0.03187800000000607	epochs	2.0
1773.2376251724793	0.0159681999998611	epochs	3.0
1773.2535933724791	0.01590980000014497	epochs	3.0
1773.2695031724793	0.03164569999989908	epochs	2.0
1773.2695031724793	0.015851599999905375	epochs	3.0
1773.2853547724792	0.015794099999993705	epochs	3.0
1773.3011488724792	0.03141670000013619	epochs	2.0
1773.3011488724792	0.015736700000161363	epochs	3.0
1773.3168855724794	0.015679999999974825	epochs	3.0
1773.3325655724793	0.03119109999988723	epochs	2.0
1773.3325655724793	0.015623600000026272	epochs	3.0
1773.3481891724794	0.015567499999860956	epochs	3.0
1773.3637566724792	0.03096870000013041	epochs	2.0
1773.3637566724792	0.015511999999944237	epochs	3.0
1773.3792686724792	0.015456700000186174	epochs	3.0
1773.3947253724793	0.030749499999956242	epochs	2.0
1773.3947253724793	0.015401999999994587	epochs	3.0
1773.4101273724793	0.015347499999961656	epochs	3.0
1773.4254748724793	0.03053320000003623	epochs	2.0
1773.4254748724793	0.015293400000018664	epochs	3.0
1773.4407682724793	0.015239800000017567	epochs	3.0
1773.4560080724793	0.030320099999926242	epochs	2.0
1773.4560080724793	0.015186500000027081	epochs	3.0
1773.4711945724794	0.015133599999899161	epochs	3.0
1773.4863281724793	0.03010990000007041	epochs	2.0
1773.4863281724793	0.015081000000009226	epochs	3.0
1773.5014091724793	0.015028900000061185	epochs	3.0
1773.5164380724793	0.029902499999934662	epochs	2.0
1773.5164380724793	0.014976999999817053	epochs	3.0
1773.5314150724791	0.014925500000117609	epochs	3.0
1773.5463405724793	0.029698099999905025	epochs	2.0
1773.5463405724793	0.014874400000053356	epochs	3.0
1773.5612149724793	0.01482369999985167	epochs	3.0
1773.5760386724792	0.029496300000118936	epochs	2.0
1773.5760386724792	0.014773200000036013	epochs	3.0
1773.5908118724792	0.014723100000082923	epochs	3.0
1773.6055349724793	0.029297399999904883	epochs	2.0
1773.6055349724793	0.014673399999992398	epochs	3.0
1773.6202083724793	0.014623999999912485	epochs	3.0
1773.6348323724792	0.02910110000016175	epochs	2.0
1773.6348323724792	0.014574900000070556	epochs	3.0
1773.6494072724793	0.014526200000091194	epochs	3.0
1773.6639334724794	0.028907399999980044	epochs	2.0
1773.6639334724794	0.01447769999981574	epochs	3.0
1773.6784111724792	0.014429700000164303	epochs	3.0
1773.6928408724793	0.028716199999962555	epochs	2.0
1773.6928408724793	0.014381799999910072	epochs	3.0
1773.7072226724792	0.014334400000052483	epochs	3.0
1773.7215570724793	0.02852759999996124	epochs	2.0
1773.7215570724793	0.014287199999898803	epochs	3.0
1773.7358442724792	0.014240400000062436	epochs	3.0
1773.7500846724793	0.028341400000044814	epochs	2.0
1773.7500846724793	0.014193799999929979	epochs	3.0
1773.7642784724792	0.014147600000114835	epochs	3.0
1773.7784260724793	0.02815769999983786	epochs	2.0
1773.7784260724793	0.014101699999855555	epochs	3.0
1773.7925277724792	0.014055999999982305	epochs	3.0
1773.8065837724791	0.027976300000091214	epochs	2.0
1773.8065837724791	0.014010600000119666	epochs	3.0
1773.8205943724793	0.013965699999971548	epochs	3.0
1773.8345600724792	0.027797200000122757	epochs	2.0
1773.8345600724792	0.013920800000050804	epochs	3.0
1773.8484808724793	0.013876400000071953	epochs	3.0
1773.8623572724794	0.027620399999932488	epochs	2.0
1773.8623572724794	0.013832199999797012	epochs	3.0
1773.8761894724792	0.013788200000135475	epochs	3.0
1773.8899776724793	0.027445899999975154	epochs	2.0
1773.8899776724793	0.013744599999881757	epochs	3.0
1773.9037222724792	0.013701300000093397	epochs	3.0
1773.9174235724793	0.0272735000000921	epochs	2.0
1773.9174235724793	0.013658200000008947	epochs	3.0
1773.9310817724793	0.013615300000083153	epochs	3.0
1773.9446970724794	0.027103399999987232	epochs	2.0
1773.9446970724794	0.01357279999979255	epochs	3.0
1773.9582698724791	0.013530600000194681	epochs	3.0
1773.9718004724793	0.026935199999797987	epochs	2.0
1773.9718004724793	0.01348839999991469	epochs	3.0
1773.9852888724793	0.013446799999883297	epochs	3.0
1773.9987356724791	0.026769200000217097	epochs	2.0
1773.9987356724791	0.013405200000079276	epochs	3.0
1774.0121408724792	0.013364000000137821	epochs	3.0
1774.0255048724794	0.026605199999949036	epochs	2.0
1774.0255048724794	0.013322899999820947	epochs	3.0
1774.0388277724792	0.013282300000128089	epochs	3.0
1774.0521100724793	0.0264431999999033	epochs	2.0
1774.0521100724793	0.013241699999980483	epochs	3.0
1774.0653517724793	0.013201499999922817	epochs	3.0
1774.0785532724792	0.026283200000079887	epochs	2.0
1774.0785532724792	0.013161500000023807	epochs	3.0
1774.0917147724792	0.01312170000005608	epochs	3.0
1774.1048364724793	0.026124999999865395	epochs	2.0
1774.1048364724793	0.013082100000019636	epochs	3.0
1774.1179185724793	0.013042899999845758	epochs	3.0
1774.1309614724792	0.02596890000017993	epochs	2.0
1774.1309614724792	0.01300390000005791	epochs	3.0
1774.1439653724792	0.012965000000122018	epochs	3.0
1774.1569303724793	0.025814500000024054	epochs	2.0
1774.1569303724793	0.012926399999969362	epochs	3.0
1774.1698567724793	0.012888100000054692	epochs	3.0
1774.1827448724794	0.025661899999931848	epochs	2.0
1774.1827448724794	0.012849899999991976	epochs	3.0
1774.1955947724794	0.012811999999939871	epochs	3.0
1774.2084067724793	0.025511199999982637	epochs	2.0
1774.2084067724793	0.012774399999898378	epochs	3.0
1774.2211811724792	0.012736800000084258	epochs	3.0
1774.2339179724793	0.02536229999986972	epochs	2.0
1774.2339179724793	0.01269969999998466	epochs	3.0
1774.2466176724793	0.01266259999988506	epochs	3.0
1774.2592802724791	0.02521500000011656	epochs	2.0
1774.2592802724791	0.012625800000023446	epochs	3.0
1774.2719060724792	0.012589200000093115	epochs	3.0
1774.2844952724793	0.024584799999956886	epochs	2.0
1774.3078962724792	0.5	epochs	-1.0
1774.3090800724792	0.4996800000001258	epochs	1.0
1774.8087600724793	0.5002399999998488	epochs	0.0
1775.2080001831055	0.06007999999997082	epochs	0.0
1775.2080001831055	0.025041300000111733	epochs	1.0
1775.2330414831056	0.009997399999974732	epochs	1.0
1775.2430388831056	0.02504129999988436	epochs	1.0
1775.2680801831054	2.0	epochs	0.0
1777.2680801831054	21.4996000000001	epochs	0.0
1777.2680801831054	1.0	epochs	1.0
1777.2680963831056	0.5	epochs	-1.0
1777.7680963831056	19.998799999999846	epochs	-1.0
1778.2680801831054	20.0	epochs	1.0
1778.2680801831054	4.356753900000058	epochs	-1.0
1778.2680801831054	1.9745872000000873	epochs	2.0
1778.2680801831054	1.0985622000000603	epochs	3.0
1779.3666423831055	0.8760250000000269	epochs	3.0
1780.2426673831055	1.3524075000000266	epochs	2.0
1780.2426673831055	0.7286354999998821	epochs	3.0
1780.9713028831054	0.6237720000001445	epochs	3.0
1781.5950748831056	1.029759199999944	epochs	2.0
1781.5950748831056	0.5453292999998212	epochs	3.0
1782.1404041831054	0.48442990000012287	epochs	3.0
1782.6248340831055	0.8317861999998968	epochs	2.0
1782.6248340831055	0.4357763000000432	epochs	3.0
1783.0606103831055	0.3960098999998536	epochs	3.0
1783.4566202831054	0.6977970000000369	epochs	2.0
1783.4566202831054	0.3628982000000178	epochs	3.0
1783.8195184831054	0.33489880000001904	epochs	3.0
1784.1544172831054	0.601045699999986	epochs	2.0
1784.1544172831054	0.3109122999999272	epochs	3.0
1784.4653295831054	0.2901334000000588	epochs	3.0
1784.7554629831054	0.5278859000000011	epochs	2.0
1784.7554629831054	0.2719586000000618	epochs	3.0
1785.0274215831055	0.25592729999993935	epochs	3.0
1785.2833488831054	0.470619299999953	epochs	2.0
1785.2833488831054	0.241681299999982	epochs	3.0
1785.5250301831054	0.228937999999971	epochs	3.0
1785.7539681831054	0.42457039999999324	epochs	2.0
1785.7539681831054	0.21747140000002219	epochs	3.0
1785.9714395831054	0.20709899999997106	epochs	3.0
1786.1785385831054	0.3867354000001342	epochs	2.0
1786.1785385831054	0.19767110000020693	epochs	3.0
1786.3762096831056	0.18906429999992724	epochs	3.0
1786.5652739831055	0.35509529999990264	epochs	2.0
1786.5652739831055	0.18117589999997108	epochs	3.0
1786.7464498831055	0.17391939999993156	epochs	3.0
1786.9203692831054	0.3282431000000088	epochs	2.0
1786.9203692831054	0.16722189999995862	epochs	3.0
1787.0875911831054	0.16102120000005016	epochs	3.0
1787.2486123831054	0.30516800000009425	epochs	2.0
1787.2486123831054	0.15526390000013635	epochs	3.0
1787.4038762831055	0.1499040999999579	epochs	3.0
1787.5537803831055	0.28512529999989056	epochs	2.0
1787.5537803831055	0.14490209999985382	epochs	3.0
1787.6986824831054	0.14022320000003674	epochs	3.0
1787.8389056831054	0.267553800000087	epochs	2.0
1787.8389056831054	0.13583690000018578	epochs	3.0
1787.9747425831056	0.13171689999990122	epochs	3.0
1788.1064594831055	0.252022899999929	epochs	2.0
1788.1064594831055	0.1278393000000051	epochs	3.0
1788.2342987831055	0.1241835999999239	epochs	3.0
1788.3584823831054	0.23819649999995818	epochs	2.0
1788.3584823831054	0.12073110000005727	epochs	3.0
1788.4792134831055	0.11746539999990091	epochs	3.0
1788.5966788831054	0.2258088000000953	epochs	2.0
1788.5966788831054	0.11437190000015107	epochs	3.0
1788.7110507831055	0.11143689999994422	epochs	3.0
1788.8224876831055	0.21464599999990241	epochs	2.0
1788.8224876831055	0.10864889999993466	epochs	3.0
1788.9311365831054	0.10599709999996776	epochs	3.0
1789.0371336831054	0.20453500000007807	epochs	2.0
1789.0371336831054	0.10347150000006877	epochs	3.0
1789.1406051831054	0.1010635000000093	epochs	3.0
1789.2416686831054	0.19533400000000256	epochs	2.0
1789.2416686831054	0.09876510000003691	epochs	3.0
1789.3404337831055	0.09656889999996565	epochs	3.0
1789.4370026831054	0.18692529999998442	epochs	2.0
1789.4370026831054	0.09446830000001682	epochs	3.0
1789.5314709831055	0.09245699999996759	epochs	3.0
1789.6239279831054	0.1792107000001124	epochs	2.0
1789.6239279831054	0.0905296000000817	epochs	3.0
1789.7144575831055	0.08868110000003071	epochs	3.0
1789.8031386831055	0.17210769999996955	epochs	2.0
1789.8031386831055	0.08690630000000965	epochs	3.0
1789.8900449831056	0.0852013999999599	epochs	3.0
1789.9752463831055	0.16554640000003928	epochs	2.0
1789.9752463831055	0.08356189999994967	epochs	3.0
1790.0588082831055	0.08198450000008961	epochs	3.0
1790.1407927831056	0.15946709999980158	epochs	2.0
1790.1407927831056	0.08046539999986635	epochs	3.0
1790.2212581831054	0.07900169999993523	epochs	3.0
1790.3002598831054	0.15381840000009106	epochs	2.0
1790.3002598831054	0.07759010000017952	epochs	3.0
1790.3778499831055	0.07622829999991154	epochs	3.0
1790.4540782831054	0.14855639999996129	epochs	2.0
1790.4540782831054	0.07491329999993468	epochs	3.0
1790.5289915831054	0.0736431000000266	epochs	3.0
1790.6026346831054	0.14364240000008976	epochs	2.0
1790.6026346831054	0.07241500000009182	epochs	3.0
1790.6750496831055	0.07122739999999794	epochs	3.0
1790.7462770831055	0.13904309999998077	epochs	2.0
1790.7462770831055	0.07007799999996678	epochs	3.0
1790.8163550831055	0.06896510000001399	epochs	3.0
1790.8853201831055	0.13472929999988992	epochs	2.0
1790.8853201831055	0.0678871000000072	epochs	3.0
1790.9532072831055	0.06684219999988272	epochs	3.0
1791.0200494831054	0.1306752000000415	epochs	2.0
1791.0200494831054	0.06582910000020092	epochs	3.0
1791.0858785831056	0.06484609999984059	epochs	3.0
1791.1507246831054	0.12685780000015257	epochs	2.0
1791.1507246831054	0.06389200000012352	epochs	3.0
1791.2146166831055	0.06296580000002905	epochs	3.0
1791.2775824831056	0.12325719999989815	epochs	2.0
1791.2775824831056	0.06206579999980022	epochs	3.0
1791.3396482831054	0.06119140000009793	epochs	3.0
1791.4008396831055	0.11985540000000583	epochs	2.0
1791.4008396831055	0.060341099999959624	epochs	3.0
1791.4611807831054	0.059514300000046205	epochs	3.0
1791.5206950831055	0.1166361999999026	epochs	2.0
1791.5206950831055	0.058709599999929196	epochs	3.0
1791.5794046831054	0.057926599999973405	epochs	3.0
1791.6373312831054	0.11358560000007856	epochs	2.0
1791.6373312831054	0.057164200000215715	epochs	3.0
1791.6944954831056	0.05642139999986284	epochs	3.0
1791.7509168831054	0.11069049999991876	epochs	2.0
1791.7509168831054	0.055697900000041045	epochs	3.0
1791.8066147831055	0.05499259999987771	epochs	3.0
1791.8616073831054	0.1079391000000669	epochs	2.0
1791.8616073831054	0.05430490000003374	epochs	3.0
1791.9159122831054	0.05363420000003316	epochs	3.0
1791.9695464831054	0.10532149999994544	epochs	2.0
1791.9695464831054	0.05297999999993408	epochs	3.0
1792.0225264831054	0.052341500000011365	epochs	3.0
1792.0748679831054	0.10282760000018243	epochs	2.0
1792.0748679831054	0.05171810000001642	epochs	3.0
1792.1265860831054	0.05110950000016601	epochs	3.0
1792.1776955831056	0.10044909999987794	epochs	2.0
1792.1776955831056	0.0505148999998255	epochs	3.0
1792.2282104831054	0.04993420000005244	epochs	3.0
1792.2781446831054	0.0981782999999723	epochs	2.0
1792.2781446831054	0.04936659999998483	epochs	3.0
1792.3275112831054	0.04881169999998747	epochs	3.0
1792.3763229831054	0.09600780000005216	epochs	2.0
1792.3763229831054	0.04826920000004975	epochs	3.0
1792.4245921831055	0.04773860000000241	epochs	3.0
1792.4723307831055	0.09393120000004274	epochs	2.0
1792.4723307831055	0.04721949999998287	epochs	3.0
1792.5195502831054	0.046711700000059864	epochs	3.0
1792.5662619831055	0.09194260000003851	epochs	2.0
1792.5662619831055	0.046214599999984785	epochs	3.0
1792.6124765831055	0.045728000000053726	epochs	3.0
1792.6582045831055	0.09003629999983787	epochs	2.0
1792.6582045831055	0.045251499999949374	epochs	3.0
1792.7034560831055	0.04478479999988849	epochs	3.0
1792.7482408831054	0.08820760000003247	epochs	2.0
1792.7482408831054	0.044327800000019124	epochs	3.0
1792.7925686831054	0.04387980000001335	epochs	3.0
1792.8364484831054	0.0864516999999978	epochs	2.0
1792.8364484831054	0.04344100000002982	epochs	3.0
1792.8798894831054	0.04301069999996798	epochs	3.0
1792.9229001831054	0.08476429999996071	epochs	2.0
1792.9229001831054	0.04258900000013455	epochs	3.0
1792.9654891831055	0.042175299999826166	epochs	3.0
1793.0076644831054	0.08314150000001064	epochs	2.0
1793.0076644831054	0.04176970000003166	epochs	3.0
1793.0494341831054	0.041371799999978975	epochs	3.0
1793.0908059831054	0.08157970000002024	epochs	2.0
1793.0908059831054	0.04098140000019157	epochs	3.0
1793.1317873831056	0.04059829999982867	epochs	3.0
1793.1723856831054	0.08007550000002084	epochs	2.0
1793.1723856831054	0.040222300000095856	epochs	3.0
1793.2126079831055	0.03985319999992498	epochs	3.0
1793.2524611831054	0.07862569999997504	epochs	2.0
1793.2524611831054	0.039490800000066884	epochs	3.0
1793.2919519831055	0.03913489999990816	epochs	3.0
1793.3310868831054	0.07722760000001472	epochs	2.0
1793.3310868831054	0.038785400000051595	epochs	3.0
1793.3698722831055	0.03844219999996312	epochs	3.0
1793.4083144831054	0.07587820000003376	epochs	2.0
1793.4083144831054	0.03810480000015559	epochs	3.0
1793.4464192831056	0.037773399999878166	epochs	3.0
1793.4841926831054	0.0745752000000266	epochs	2.0
1793.4841926831054	0.03744770000002973	epochs	3.0
1793.5216403831055	0.03712749999999687	epochs	3.0
1793.5587678831055	0.07331629999998768	epochs	2.0
1793.5587678831055	0.0368129000000863	epochs	3.0
1793.5955807831056	0.036503399999901376	epochs	3.0
1793.6320841831055	0.07209899999998015	epochs	2.0
1793.6320841831055	0.03619909999997617	epochs	3.0
1793.6682832831054	0.03589990000000398	epochs	3.0
1793.7041831831054	0.07092170000009901	epochs	2.0
1793.7041831831054	0.03560560000005353	epochs	3.0
1793.7397887831055	0.03531610000004548	epochs	3.0
1793.7751048831055	0.06978200000003199	epochs	2.0
1793.7751048831055	0.03503119999982118	epochs	3.0
1793.8101360831054	0.0347508000002108	epochs	3.0
1793.8448868831056	0.06867859999988468	epochs	2.0
1793.8448868831056	0.03447509999978138	epochs	3.0
1793.8793619831054	0.034203500000103304	epochs	3.0
1793.9135654831055	0.06760929999995824	epochs	2.0
1793.9135654831055	0.033936199999970995	epochs	3.0
1793.9475016831054	0.033673099999987244	epochs	3.0
1793.9811747831054	0.06657289999998284	epochs	2.0
1793.9811747831054	0.03341399999999339	epochs	3.0
1794.0145887831054	0.033158899999989444	epochs	3.0
1794.0477476831054	0.06556780000005347	epochs	2.0
1794.0477476831054	0.03290770000012344	epochs	3.0
1794.0806553831055	0.032660099999930026	epochs	3.0
1794.1133154831055	0.06459259999996902	epochs	2.0
1794.1133154831055	0.03241640000010193	epochs	3.0
1794.1457318831056	0.032176199999867094	epochs	3.0
1794.1779080831054	0.06364600000006249	epochs	2.0
1794.1779080831054	0.03193959999998697	epochs	3.0
1794.2098476831054	0.03170640000007552	epochs	3.0
1794.2415540831055	0.0627266999999847	epochs	2.0
1794.2415540831055	0.031476599999905375	epochs	3.0
1794.2730306831054	0.03125010000007933	epochs	3.0
1794.3042807831055	0.06183359999999993	epochs	2.0
1794.3042807831055	0.03102689999991526	epochs	3.0
1794.3353076831054	0.030806700000084675	epochs	3.0
1794.3661143831055	0.060965599999917686	epochs	2.0
1794.3661143831055	0.030589799999916067	epochs	3.0
1794.3967041831054	0.030375800000001618	epochs	3.0
1794.4270799831054	0.06012160000000222	epochs	2.0
1794.4270799831054	0.030164900000045236	epochs	3.0
1794.4572448831054	0.02995669999995698	epochs	3.0
1794.4872015831054	0.05930069999999432	epochs	2.0
1794.4872015831054	0.029751600000054168	epochs	3.0
1794.5169531831054	0.029549099999940154	epochs	3.0
1794.5465022831054	0.058501800000158255	epochs	2.0
1794.5465022831054	0.02934940000000097	epochs	3.0
1794.5758516831054	0.029152400000157286	epochs	3.0
1794.6050040831055	0.05772419999993872	epochs	2.0
1794.6050040831055	0.028957999999875028	epochs	3.0
1794.6339620831054	0.02876620000006369	epochs	3.0
1794.6627282831055	0.05696710000006533	epochs	2.0
1794.6627282831055	0.028577000000041153	epochs	3.0
1794.6913052831055	0.028390100000024177	epochs	3.0
1794.7196953831055	0.05622949999997218	epochs	2.0
1794.7196953831055	0.028205699999944045	epochs	3.0
1794.7479010831055	0.028023800000028132	epochs	3.0
1794.7759248831055	0.05551070000001346	epochs	2.0
1794.7759248831055	0.027843999999959124	epochs	3.0
1794.8037688831055	0.027666700000054334	epochs	3.0
1794.8314355831055	0.054810200000019904	epochs	2.0
1794.8314355831055	0.02749149999999645	epochs	3.0
1794.8589270831055	0.027318700000023455	epochs	3.0
1794.8862457831056	0.054126999999880354	epochs	2.0
1794.8862457831056	0.027147799999966082	epochs	3.0
1794.9133935831055	0.026979199999914272	epochs	3.0
1794.9403727831054	0.053460699999959616	epochs	2.0
1794.9403727831054	0.026812600000084785	epochs	3.0
1794.9671853831055	0.02664809999987483	epochs	3.0
1794.9938334831054	0.05281070000000909	epochs	2.0
1794.9938334831054	0.026485600000114573	epochs	3.0
1795.0203190831055	0.02632509999989452	epochs	3.0
1795.0466441831054	0.05217620000007628	epochs	2.0
1795.0466441831054	0.026166399999965506	epochs	3.0
1795.0728105831054	0.026009800000110772	epochs	3.0
1795.0988203831055	0.051556699999991906	epochs	2.0
1795.0988203831055	0.025854799999933675	epochs	3.0
1795.1246751831054	0.02570190000005823	epochs	3.0
1795.1503770831055	0.05095189999997274	epochs	2.0
1795.1503770831055	0.025550699999939752	epochs	3.0
1795.1759277831054	0.025401200000032986	epochs	3.0
1795.2013289831054	0.05036100000006627	epochs	2.0
1795.2013289831054	0.025253499999962514	epochs	3.0
1795.2265824831054	0.025107500000103755	epochs	3.0
1795.2516899831055	0.04978379999988647	epochs	2.0
1795.2516899831055	0.02496320000000196	epochs	3.0
1795.2766531831055	0.024820599999884507	epochs	3.0
1795.3014737831054	0.04921950000016295	epochs	2.0
1795.3014737831054	0.024679399999968155	epochs	3.0
1795.3261531831054	0.024540100000194798	epochs	3.0
1795.3506932831056	0.04866789999982757	epochs	2.0
1795.3506932831056	0.024402099999861093	epochs	3.0
1795.3750953831054	0.024265799999966475	epochs	3.0
1795.3993611831054	0.04812860000015462	epochs	2.0
1795.3993611831054	0.024131000000124914	epochs	3.0
1795.4234921831055	0.023997600000029706	epochs	3.0
1795.4474897831055	0.04760109999983797	epochs	2.0
1795.4474897831055	0.02386579999983951	epochs	3.0
1795.4713555831054	0.02373529999999846	epochs	3.0
1795.4950908831054	0.04708500000015192	epochs	2.0
1795.4950908831054	0.023606299999983094	epochs	3.0
1795.5186971831054	0.02347870000016883	epochs	3.0
1795.5421758831055	0.046579999999948996	epochs	2.0
1795.5421758831055	0.023352499999873544	epochs	3.0
1795.5655283831054	0.02322750000007545	epochs	3.0
1795.5887558831055	0.046085700000048746	epochs	2.0
1795.5887558831055	0.023104000000103042	epochs	3.0
1795.6118598831056	0.022981699999945704	epochs	3.0
1795.6348415831055	0.045601799999985815	epochs	2.0
1795.6348415831055	0.02286069999991014	epochs	3.0
1795.6577022831054	0.022741100000075676	epochs	3.0
1795.6804433831055	0.045127899999897636	epochs	2.0
1795.6804433831055	0.022622499999897627	epochs	3.0
1795.7030658831054	0.02250540000000001	epochs	3.0
1795.7255712831054	0.0446638000000803	epochs	2.0
1795.7255712831054	0.02238929999998618	epochs	3.0
1795.7479605831054	0.022274500000094122	epochs	3.0
1795.7702350831055	0.04420920000006845	epochs	2.0
1795.7702350831055	0.022160799999937808	epochs	3.0
1795.7923958831054	0.02204840000013064	epochs	3.0
1795.8144442831056	0.04376359999992019	epochs	2.0
1795.8144442831056	0.02193689999990056	epochs	3.0
1795.8363811831055	0.021826700000019628	epochs	3.0
1795.8582078831055	0.04332709999994222	epochs	2.0
1795.8582078831055	0.02171760000010181	epochs	3.0
1795.8799254831056	0.02160949999984041	epochs	3.0
1795.9015349831054	0.04289900000003399	epochs	2.0
1795.9015349831054	0.02150249999999687	epochs	3.0
1795.9230374831054	0.021396500000037122	epochs	3.0
1795.9444339831055	0.04247950000012679	epochs	2.0
1795.9444339831055	0.021291700000119818	epochs	3.0
1795.9657256831056	0.021187800000006973	epochs	3.0
1795.9869134831056	0.04206789999989269	epochs	2.0
1795.9869134831056	0.021084899999777917	epochs	3.0
1796.0079983831054	0.02098300000011477	epochs	3.0
1796.0289813831055	0.04166439999994509	epochs	2.0
1796.0289813831055	0.020882199999959994	epochs	3.0
1796.0498635831054	0.020782199999985096	epochs	3.0
1796.0706457831054	0.04126850000011473	epochs	2.0
1796.0706457831054	0.020683299999973315	epochs	3.0
1796.0913290831054	0.020585200000141413	epochs	3.0
1796.1119142831055	0.04088000000001557	epochs	2.0
1796.1119142831055	0.020488099999965925	epochs	3.0
1796.1324023831055	0.020391900000049645	epochs	3.0
1796.1527942831055	0.04049880000002304	epochs	2.0
1796.1527942831055	0.020296599999937825	epochs	3.0
1796.1730908831055	0.020202200000085213	epochs	3.0
1796.1932930831056	0.040124599999899146	epochs	2.0
1796.1932930831056	0.020108699999809687	epochs	3.0
1796.2134017831054	0.02001590000008946	epochs	3.0
1796.2334176831055	0.03975730000001931	epochs	2.0
1796.2334176831055	0.019924200000104975	epochs	3.0
1796.2533418831056	0.01983309999991434	epochs	3.0
1796.2731749831055	0.03939669999999751	epochs	2.0
1796.2731749831055	0.01974300000006224	epochs	3.0
1796.2929179831056	0.01965369999993527	epochs	3.0
1796.3125716831055	0.03904239999997117	epochs	2.0
1796.3125716831055	0.019565099999908853	epochs	3.0
1796.3321367831054	0.019477300000062314	epochs	3.0
1796.3516140831055	0.038694600000098944	epochs	2.0
1796.3516140831055	0.019390400000020236	epochs	3.0
1796.3710044831055	0.01930420000007871	epochs	3.0
1796.3903086831056	0.038352899999836154	epochs	2.0
1796.3903086831056	0.019218799999862313	epochs	3.0
1796.4095274831054	0.01913409999997384	epochs	3.0
1796.4286615831054	0.03801720000001296	epochs	2.0
1796.4286615831054	0.019050200000037876	epochs	3.0
1796.4477117831054	0.018966999999975087	epochs	3.0
1796.4666787831054	0.03768720000016401	epochs	2.0
1796.4666787831054	0.01888450000001285	epochs	3.0
1796.4855632831054	0.018802700000151162	epochs	3.0
1796.5043659831056	0.03736309999999321	epochs	2.0
1796.5043659831056	0.018721699999787234	epochs	3.0
1796.5230876831054	0.018641400000205977	epochs	3.0
1796.5417290831056	0.03704429999993408	epochs	2.0
1796.5417290831056	0.018561599999884493	epochs	3.0
1796.5602906831054	0.01848270000004959	epochs	3.0
1796.5787733831055	0.03673099999991791	epochs	2.0
1796.5787733831055	0.018404299999929208	epochs	3.0
1796.5971776831054	0.018326699999988705	epochs	3.0
1796.6155043831054	0.03642290000016146	epochs	2.0
1796.6155043831054	0.018249599999990096	epochs	3.0
1796.6337539831054	0.018173300000171366	epochs	3.0
1796.6519272831056	0.036120099999834565	epochs	2.0
1796.6519272831056	0.01809759999991911	epochs	3.0
1796.6700248831055	0.018022499999915453	epochs	3.0
1796.6880473831054	0.035822100000132195	epochs	2.0
1796.6880473831054	0.017947900000081063	epochs	3.0
1796.7059952831055	0.017874200000051133	epochs	3.0
1796.7238694831055	0.03552899999999681	epochs	2.0
1796.7238694831055	0.017800800000031813	epochs	3.0
1796.7416702831056	0.017728199999965	epochs	3.0
1796.7593984831055	0.03524070000003121	epochs	2.0
1796.7593984831055	0.01765609999984008	epochs	3.0
1796.7770545831054	0.01758460000019113	epochs	3.0
1796.7946391831056	0.03495709999992869	epochs	2.0
1796.7946391831056	0.017513699999881283	epochs	3.0
1796.8121528831055	0.017443400000047404	epochs	3.0
1796.8295962831055	0.034677899999906	epochs	2.0
1796.8295962831055	0.017373599999928047	epochs	3.0
1796.8469698831054	0.017304299999977957	epochs	3.0
1796.8642741831054	0.03440330000012182	epochs	2.0
1796.8642741831054	0.017235700000128418	epochs	3.0
1796.8815098831055	0.0171675999999934	epochs	3.0
1796.8986774831055	0.03413279999995211	epochs	2.0
1796.8986774831055	0.01709989999994832	epochs	3.0
1796.9157773831055	0.017032900000003792	epochs	3.0
1796.9328102831055	0.03386670000008962	epochs	2.0
1796.9328102831055	0.01696640000000116	epochs	3.0
1796.9497766831055	0.016900300000088464	epochs	3.0
1796.9666769831056	0.03360459999998966	epochs	2.0
1796.9666769831056	0.01683479999996962	epochs	3.0
1796.9835117831055	0.01676980000002004	epochs	3.0
1797.0002815831056	0.033346599999958926	epochs	2.0
1797.0002815831056	0.016705300000012357	epochs	3.0
1797.0169868831056	0.01664129999994657	epochs	3.0
1797.0336281831055	0.033092499999838765	epochs	2.0
1797.0336281831055	0.016577800000050047	epochs	3.0
1797.0502059831056	0.016514699999788718	epochs	3.0
1797.0667206831054	0.032842300000083924	epochs	2.0
1797.0667206831054	0.01645220000000336	epochs	3.0
1797.0831728831054	0.016390100000080565	epochs	3.0
1797.0995629831054	0.03259570000000167	epochs	2.0
1797.0995629831054	0.016328400000020338	epochs	3.0
1797.1158913831055	0.016267299999981333	epochs	3.0
1797.1321586831054	0.032352899999978035	epochs	2.0
1797.1321586831054	0.016206600000032267	epochs	3.0
1797.1483652831055	0.016146299999945768	epochs	3.0
1797.1645115831054	0.032113700000081735	epochs	2.0
1797.1645115831054	0.016086600000107865	epochs	3.0
1797.1805981831055	0.01602709999997387	epochs	3.0
1797.1966252831055	0.03187800000000607	epochs	2.0
1797.1966252831055	0.0159681999998611	epochs	3.0
1797.2125934831054	0.01590980000014497	epochs	3.0
1797.2285032831055	0.03164569999989908	epochs	2.0
1797.2285032831055	0.015851599999905375	epochs	3.0
1797.2443548831054	0.015794099999993705	epochs	3.0
1797.2601489831054	0.03141670000013619	epochs	2.0
1797.2601489831054	0.015736700000161363	epochs	3.0
1797.2758856831056	0.015679999999974825	epochs	3.0
1797.2915656831055	0.03119109999988723	epochs	2.0
1797.2915656831055	0.015623600000026272	epochs	3.0
1797.3071892831056	0.015567499999860956	epochs	3.0
1797.3227567831054	0.03096870000013041	epochs	2.0
1797.3227567831054	0.015511999999944237	epochs	3.0
1797.3382687831054	0.015456700000186174	epochs	3.0
1797.3537254831056	0.030749499999956242	epochs	2.0
1797.3537254831056	0.015401999999994587	epochs	3.0
1797.3691274831056	0.015347499999961656	epochs	3.0
1797.3844749831055	0.03053320000003623	epochs	2.0
1797.3844749831055	0.015293400000018664	epochs	3.0
1797.3997683831055	0.015239800000017567	epochs	3.0
1797.4150081831056	0.030320099999926242	epochs	2.0
1797.4150081831056	0.015186500000027081	epochs	3.0
1797.4301946831056	0.015133599999899161	epochs	3.0
1797.4453282831055	0.03010990000007041	epochs	2.0
1797.4453282831055	0.015081000000009226	epochs	3.0
1797.4604092831055	0.015028900000061185	epochs	3.0
1797.4754381831056	0.029902499999934662	epochs	2.0
1797.4754381831056	0.014976999999817053	epochs	3.0
1797.4904151831054	0.014925500000117609	epochs	3.0
1797.5053406831055	0.029698099999905025	epochs	2.0
1797.5053406831055	0.014874400000053356	epochs	3.0
1797.5202150831055	0.01482369999985167	epochs	3.0
1797.5350387831054	0.029496300000118936	epochs	2.0
1797.5350387831054	0.014773200000036013	epochs	3.0
1797.5498119831054	0.014723100000082923	epochs	3.0
1797.5645350831055	0.029297399999904883	epochs	2.0
1797.5645350831055	0.014673399999992398	epochs	3.0
1797.5792084831055	0.014623999999912485	epochs	3.0
1797.5938324831054	0.02910110000016175	epochs	2.0
1797.5938324831054	0.014574900000070556	epochs	3.0
1797.6084073831055	0.014526200000091194	epochs	3.0
1797.6229335831056	0.028907399999980044	epochs	2.0
1797.6229335831056	0.01447769999981574	epochs	3.0
1797.6374112831054	0.014429700000164303	epochs	3.0
1797.6518409831056	0.028716199999962555	epochs	2.0
1797.6518409831056	0.014381799999910072	epochs	3.0
1797.6662227831055	0.014334400000052483	epochs	3.0
1797.6805571831055	0.02852759999996124	epochs	2.0
1797.6805571831055	0.014287199999898803	epochs	3.0
1797.6948443831054	0.014240400000062436	epochs	3.0
1797.7090847831055	0.028341400000044814	epochs	2.0
1797.7090847831055	0.014193799999929979	epochs	3.0
1797.7232785831054	0.014147600000114835	epochs	3.0
1797.7374261831055	0.02815769999983786	epochs	2.0
1797.7374261831055	0.014101699999855555	epochs	3.0
1797.7515278831054	0.014055999999982305	epochs	3.0
1797.7655838831054	0.027976300000091214	epochs	2.0
1797.7655838831054	0.014010600000119666	epochs	3.0
1797.7795944831055	0.013965699999971548	epochs	3.0
1797.7935601831055	0.027797200000122757	epochs	2.0
1797.7935601831055	0.013920800000050804	epochs	3.0
1797.8074809831055	0.013876400000071953	epochs	3.0
1797.8213573831056	0.027620399999932488	epochs	2.0
1797.8213573831056	0.013832199999797012	epochs	3.0
1797.8351895831054	0.013788200000135475	epochs	3.0
1797.8489777831055	0.027445899999975154	epochs	2.0
1797.8489777831055	0.013744599999881757	epochs	3.0
1797.8627223831054	0.013701300000093397	epochs	3.0
1797.8764236831055	0.0272735000000921	epochs	2.0
1797.8764236831055	0.013658200000008947	epochs	3.0
1797.8900818831055	0.013615300000083153	epochs	3.0
1797.9036971831056	0.027103399999987232	epochs	2.0
1797.9036971831056	0.01357279999979255	epochs	3.0
1797.9172699831054	0.013530600000194681	epochs	3.0
1797.9308005831056	0.026935199999797987	epochs	2.0
1797.9308005831056	0.01348839999991469	epochs	3.0
1797.9442889831055	0.013446799999883297	epochs	3.0
1797.9577357831054	0.026769200000217097	epochs	2.0
1797.9577357831054	0.013405200000079276	epochs	3.0
1797.9711409831054	0.013364000000137821	epochs	3.0
1797.9845049831056	0.026605199999949036	epochs	2.0
1797.9845049831056	0.013322899999820947	epochs	3.0
1797.9978278831054	0.013282300000128089	epochs	3.0
1798.0111101831055	0.0264431999999033	epochs	2.0
1798.0111101831055	0.013241699999980483	epochs	3.0
1798.0243518831055	0.013201499999922817	epochs	3.0
1798.0375533831054	0.026283200000079887	epochs	2.0
1798.0375533831054	0.013161500000023807	epochs	3.0
1798.0507148831055	0.01312170000005608	epochs	3.0
1798.0638365831055	0.026124999999865395	epochs	2.0
1798.0638365831055	0.013082100000019636	epochs	3.0
1798.0769186831055	0.013042899999845758	epochs	3.0
1798.0899615831054	0.02596890000017993	epochs	2.0
1798.0899615831054	0.01300390000005791	epochs	3.0
1798.1029654831054	0.012965000000122018	epochs	3.0
1798.1159304831056	0.025814500000024054	epochs	2.0
1798.1159304831056	0.012926399999969362	epochs	3.0
1798.1288568831055	0.012888100000054692	epochs	3.0
1798.1417449831056	0.025661899999931848	epochs	2.0
1798.1417449831056	0.012849899999991976	epochs	3.0
1798.1545948831056	0.012811999999939871	epochs	3.0
1798.1674068831055	0.025511199999982637	epochs	2.0
1798.1674068831055	0.012774399999898378	epochs	3.0
1798.1801812831054	0.012736800000084258	epochs	3.0
1798.1929180831055	0.02536229999986972	epochs	2.0
1798.1929180831055	0.01269969999998466	epochs	3.0
1798.2056177831055	0.01266259999988506	epochs	3.0
1798.2182803831054	0.02521500000011656	epochs	2.0
1798.2182803831054	0.012625800000023446	epochs	3.0
1798.2309061831054	0.012589200000093115	epochs	3.0
1798.2434953831055	0.024584799999956886	epochs	2.0
1798.2668963831054	0.5	epochs	-1.0
1798.2680801831054	0.4996000000001004	epochs	1.0
1798.7676801831055	0.5003199999998742	epochs	0.0
1799.1600003242493	0.06007999999997082	epochs	0.0
1799.1600003242493	0.025041300000111733	epochs	1.0
1799.1850416242494	0.009997399999974732	epochs	1.0
1799.1950390242494	0.02504129999988436	epochs	1.0
1799.2200803242492	2.0	epochs	0.0
1801.2200803242492	21.4996000000001	epochs	0.0
1801.2200803242492	1.0	epochs	1.0
1801.2200965242494	0.5	epochs	-1.0
1801.7200965242494	19.998799999999846	epochs	-1.0
1802.2200803242492	20.0	epochs	1.0
1802.2200803242492	4.356753900000058	epochs	-1.0
1802.2200803242492	1.9745872000000873	epochs	2.0
1802.2200803242492	1.0985622000000603	epochs	3.0
1803.3186425242493	0.8760250000000269	epochs	3.0
1804.1946675242493	1.3524075000000266	epochs	2.0
1804.1946675242493	0.7286354999998821	epochs	3.0
1804.9233030242492	0.6237720000001445	epochs	3.0
1805.5470750242494	1.029759199999944	epochs	2.0
1805.5470750242494	0.5453292999998212	epochs	3.0
1806.0924043242492	0.48442990000012287	epochs	3.0
1806.5768342242493	0.8317861999998968	epochs	2.0
1806.5768342242493	0.4357763000000432	epochs	3.0
1807.0126105242493	0.3960098999998536	epochs	3.0
1807.4086204242492	0.6977970000000369	epochs	2.0
1807.4086204242492	0.3628982000000178	epochs	3.0
1807.7715186242492	0.33489880000001904	epochs	3.0
1808.1064174242492	0.601045699999986	epochs	2.0
1808.1064174242492	0.3109122999999272	epochs	3.0
1808.4173297242492	0.2901334000000588	epochs	3.0
1808.7074631242492	0.5278859000000011	epochs	2.0
1808.7074631242492	0.2719586000000618	epochs	3.0
1808.9794217242493	0.25592729999993935	epochs	3.0
1809.2353490242492	0.470619299999953	epochs	2.0
1809.2353490242492	0.241681299999982	epochs	3.0
1809.4770303242492	0.228937999999971	epochs	3.0
1809.7059683242492	0.42457039999999324	epochs	2.0
1809.7059683242492	0.21747140000002219	epochs	3.0
1809.9234397242492	0.20709899999997106	epochs	3.0
1810.1305387242492	0.3867354000001342	epochs	2.0
1810.1305387242492	0.19767110000020693	epochs	3.0
1810.3282098242494	0.18906429999992724	epochs	3.0
1810.5172741242493	0.35509529999990264	epochs	2.0
1810.5172741242493	0.18117589999997108	epochs	3.0
1810.6984500242493	0.17391939999993156	epochs	3.0
1810.8723694242492	0.3282431000000088	epochs	2.0
1810.8723694242492	0.16722189999995862	epochs	3.0
1811.0395913242492	0.16102120000005016	epochs	3.0
1811.2006125242492	0.30516800000009425	epochs	2.0
1811.2006125242492	0.15526390000013635	epochs	3.0
1811.3558764242493	0.1499040999999579	epochs	3.0
1811.5057805242493	0.28512529999989056	epochs	2.0
1811.5057805242493	0.14490209999985382	epochs	3.0
1811.6506826242492	0.14022320000003674	epochs	3.0
1811.7909058242492	0.267553800000087	epochs	2.0
1811.7909058242492	0.13583690000018578	epochs	3.0
1811.9267427242494	0.13171689999990122	epochs	3.0
1812.0584596242493	0.252022899999929	epochs	2.0
1812.0584596242493	0.1278393000000051	epochs	3.0
1812.1862989242493	0.1241835999999239	epochs	3.0
1812.3104825242492	0.23819649999995818	epochs	2.0
1812.3104825242492	0.12073110000005727	epochs	3.0
1812.4312136242493	0.11746539999990091	epochs	3.0
1812.5486790242492	0.2258088000000953	epochs	2.0
1812.5486790242492	0.11437190000015107	epochs	3.0
1812.6630509242493	0.11143689999994422	epochs	3.0
1812.7744878242493	0.21464599999990241	epochs	2.0
1812.7744878242493	0.10864889999993466	epochs	3.0
1812.8831367242492	0.10599709999996776	epochs	3.0
1812.9891338242492	0.20453500000007807	epochs	2.0
1812.9891338242492	0.10347150000006877	epochs	3.0
1813.0926053242492	0.1010635000000093	epochs	3.0
1813.1936688242492	0.19533400000000256	epochs	2.0
1813.1936688242492	0.09876510000003691	epochs	3.0
1813.2924339242493	0.09656889999996565	epochs	3.0
1813.3890028242492	0.18692529999998442	epochs	2.0
1813.3890028242492	0.09446830000001682	epochs	3.0
1813.4834711242493	0.09245699999996759	epochs	3.0
1813.5759281242492	0.1792107000001124	epochs	2.0
1813.5759281242492	0.0905296000000817	epochs	3.0
1813.6664577242493	0.08868110000003071	epochs	3.0
1813.7551388242493	0.17210769999996955	epochs	2.0
1813.7551388242493	0.08690630000000965	epochs	3.0
1813.8420451242494	0.0852013999999599	epochs	3.0
1813.9272465242493	0.16554640000003928	epochs	2.0
1813.9272465242493	0.08356189999994967	epochs	3.0
1814.0108084242493	0.08198450000008961	epochs	3.0
1814.0927929242494	0.15946709999980158	epochs	2.0
1814.0927929242494	0.08046539999986635	epochs	3.0
1814.1732583242492	0.07900169999993523	epochs	3.0
1814.2522600242492	0.15381840000009106	epochs	2.0
1814.2522600242492	0.07759010000017952	epochs	3.0
1814.3298501242493	0.07622829999991154	epochs	3.0
1814.4060784242492	0.14855639999996129	epochs	2.0
1814.4060784242492	0.07491329999993468	epochs	3.0
1814.4809917242492	0.0736431000000266	epochs	3.0
1814.5546348242492	0.14364240000008976	epochs	2.0
1814.5546348242492	0.07241500000009182	epochs	3.0
1814.6270498242493	0.07122739999999794	epochs	3.0
1814.6982772242493	0.13904309999998077	epochs	2.0
1814.6982772242493	0.07007799999996678	epochs	3.0
1814.7683552242493	0.06896510000001399	epochs	3.0
1814.8373203242493	0.13472929999988992	epochs	2.0
1814.8373203242493	0.0678871000000072	epochs	3.0
1814.9052074242493	0.06684219999988272	epochs	3.0
1814.9720496242492	0.1306752000000415	epochs	2.0
1814.9720496242492	0.06582910000020092	epochs	3.0
1815.0378787242494	0.06484609999984059	epochs	3.0
1815.1027248242492	0.12685780000015257	epochs	2.0
1815.1027248242492	0.06389200000012352	epochs	3.0
1815.1666168242493	0.06296580000002905	epochs	3.0
1815.2295826242494	0.12325719999989815	epochs	2.0
1815.2295826242494	0.06206579999980022	epochs	3.0
1815.2916484242492	0.06119140000009793	epochs	3.0
1815.3528398242493	0.11985540000000583	epochs	2.0
1815.3528398242493	0.060341099999959624	epochs	3.0
1815.4131809242492	0.059514300000046205	epochs	3.0
1815.4726952242493	0.1166361999999026	epochs	2.0
1815.4726952242493	0.058709599999929196	epochs	3.0
1815.5314048242492	0.057926599999973405	epochs	3.0
1815.5893314242492	0.11358560000007856	epochs	2.0
1815.5893314242492	0.057164200000215715	epochs	3.0
1815.6464956242494	0.05642139999986284	epochs	3.0
1815.7029170242492	0.11069049999991876	epochs	2.0
1815.7029170242492	0.055697900000041045	epochs	3.0
1815.7586149242493	0.05499259999987771	epochs	3.0
1815.8136075242492	0.1079391000000669	epochs	2.0
1815.8136075242492	0.05430490000003374	epochs	3.0
1815.8679124242492	0.05363420000003316	epochs	3.0
1815.9215466242492	0.10532149999994544	epochs	2.0
1815.9215466242492	0.05297999999993408	epochs	3.0
1815.9745266242492	0.052341500000011365	epochs	3.0
1816.0268681242492	0.10282760000018243	epochs	2.0
1816.0268681242492	0.05171810000001642	epochs	3.0
1816.0785862242492	0.05110950000016601	epochs	3.0
1816.1296957242494	0.10044909999987794	epochs	2.0
1816.1296957242494	0.0505148999998255	epochs	3.0
1816.1802106242492	0.04993420000005244	epochs	3.0
1816.2301448242492	0.0981782999999723	epochs	2.0
1816.2301448242492	0.04936659999998483	epochs	3.0
1816.2795114242492	0.04881169999998747	epochs	3.0
1816.3283231242492	0.09600780000005216	epochs	2.0
1816.3283231242492	0.04826920000004975	epochs	3.0
1816.3765923242493	0.04773860000000241	epochs	3.0
1816.4243309242493	0.09393120000004274	epochs	2.0
1816.4243309242493	0.04721949999998287	epochs	3.0
1816.4715504242492	0.046711700000059864	epochs	3.0
1816.5182621242493	0.09194260000003851	epochs	2.0
1816.5182621242493	0.046214599999984785	epochs	3.0
1816.5644767242493	0.045728000000053726	epochs	3.0
1816.6102047242493	0.09003629999983787	epochs	2.0
1816.6102047242493	0.045251499999949374	epochs	3.0
1816.6554562242493	0.04478479999988849	epochs	3.0
1816.7002410242492	0.08820760000003247	epochs	2.0
1816.7002410242492	0.044327800000019124	epochs	3.0
1816.7445688242492	0.04387980000001335	epochs	3.0
1816.7884486242492	0.0864516999999978	epochs	2.0
1816.7884486242492	0.04344100000002982	epochs	3.0
1816.8318896242492	0.04301069999996798	epochs	3.0
1816.8749003242492	0.08476429999996071	epochs	2.0
1816.8749003242492	0.04258900000013455	epochs	3.0
1816.9174893242493	0.042175299999826166	epochs	3.0
1816.9596646242492	0.08314150000001064	epochs	2.0
1816.9596646242492	0.04176970000003166	epochs	3.0
1817.0014343242492	0.041371799999978975	epochs	3.0
1817.0428061242492	0.08157970000002024	epochs	2.0
1817.0428061242492	0.04098140000019157	epochs	3.0
1817.0837875242494	0.04059829999982867	epochs	3.0
1817.1243858242492	0.08007550000002084	epochs	2.0
1817.1243858242492	0.040222300000095856	epochs	3.0
1817.1646081242493	0.03985319999992498	epochs	3.0
1817.2044613242492	0.07862569999997504	epochs	2.0
1817.2044613242492	0.039490800000066884	epochs	3.0
1817.2439521242493	0.03913489999990816	epochs	3.0
1817.2830870242492	0.07722760000001472	epochs	2.0
1817.2830870242492	0.038785400000051595	epochs	3.0
1817.3218724242492	0.03844219999996312	epochs	3.0
1817.3603146242492	0.07587820000003376	epochs	2.0
1817.3603146242492	0.03810480000015559	epochs	3.0
1817.3984194242494	0.037773399999878166	epochs	3.0
1817.4361928242492	0.0745752000000266	epochs	2.0
1817.4361928242492	0.03744770000002973	epochs	3.0
1817.4736405242493	0.03712749999999687	epochs	3.0
1817.5107680242493	0.07331629999998768	epochs	2.0
1817.5107680242493	0.0368129000000863	epochs	3.0
1817.5475809242494	0.036503399999901376	epochs	3.0
1817.5840843242493	0.07209899999998015	epochs	2.0
1817.5840843242493	0.03619909999997617	epochs	3.0
1817.6202834242492	0.03589990000000398	epochs	3.0
1817.6561833242492	0.07092170000009901	epochs	2.0
1817.6561833242492	0.03560560000005353	epochs	3.0
1817.6917889242493	0.03531610000004548	epochs	3.0
1817.7271050242493	0.06978200000003199	epochs	2.0
1817.7271050242493	0.03503119999982118	epochs	3.0
1817.7621362242492	0.0347508000002108	epochs	3.0
1817.7968870242494	0.06867859999988468	epochs	2.0
1817.7968870242494	0.03447509999978138	epochs	3.0
1817.8313621242492	0.034203500000103304	epochs	3.0
1817.8655656242493	0.06760929999995824	epochs	2.0
1817.8655656242493	0.033936199999970995	epochs	3.0
1817.8995018242492	0.033673099999987244	epochs	3.0
1817.9331749242492	0.06657289999998284	epochs	2.0
1817.9331749242492	0.03341399999999339	epochs	3.0
1817.9665889242492	0.033158899999989444	epochs	3.0
1817.9997478242492	0.06556780000005347	epochs	2.0
1817.9997478242492	0.03290770000012344	epochs	3.0
1818.0326555242493	0.032660099999930026	epochs	3.0
1818.0653156242493	0.06459259999996902	epochs	2.0
1818.0653156242493	0.03241640000010193	epochs	3.0
1818.0977320242494	0.032176199999867094	epochs	3.0
1818.1299082242492	0.06364600000006249	epochs	2.0
1818.1299082242492	0.03193959999998697	epochs	3.0
1818.1618478242492	0.03170640000007552	epochs	3.0
1818.1935542242493	0.0627266999999847	epochs	2.0
1818.1935542242493	0.031476599999905375	epochs	3.0
1818.2250308242492	0.03125010000007933	epochs	3.0
1818.2562809242493	0.06183359999999993	epochs	2.0
1818.2562809242493	0.03102689999991526	epochs	3.0
1818.2873078242492	0.030806700000084675	epochs	3.0
1818.3181145242493	0.060965599999917686	epochs	2.0
1818.3181145242493	0.030589799999916067	epochs	3.0
1818.3487043242492	0.030375800000001618	epochs	3.0
1818.3790801242492	0.06012160000000222	epochs	2.0
1818.3790801242492	0.030164900000045236	epochs	3.0
1818.4092450242492	0.02995669999995698	epochs	3.0
1818.4392017242492	0.05930069999999432	epochs	2.0
1818.4392017242492	0.029751600000054168	epochs	3.0
1818.4689533242492	0.029549099999940154	epochs	3.0
1818.4985024242492	0.058501800000158255	epochs	2.0
1818.4985024242492	0.02934940000000097	epochs	3.0
1818.5278518242492	0.029152400000157286	epochs	3.0
1818.5570042242493	0.05772419999993872	epochs	2.0
1818.5570042242493	0.028957999999875028	epochs	3.0
1818.5859622242492	0.02876620000006369	epochs	3.0
1818.6147284242493	0.05696710000006533	epochs	2.0
1818.6147284242493	0.028577000000041153	epochs	3.0
1818.6433054242493	0.028390100000024177	epochs	3.0
1818.6716955242493	0.05622949999997218	epochs	2.0
1818.6716955242493	0.028205699999944045	epochs	3.0
1818.6999012242493	0.028023800000028132	epochs	3.0
1818.7279250242493	0.05551070000001346	epochs	2.0
1818.7279250242493	0.027843999999959124	epochs	3.0
1818.7557690242493	0.027666700000054334	epochs	3.0
1818.7834357242493	0.054810200000019904	epochs	2.0
1818.7834357242493	0.02749149999999645	epochs	3.0
1818.8109272242493	0.027318700000023455	epochs	3.0
1818.8382459242493	0.054126999999880354	epochs	2.0
1818.8382459242493	0.027147799999966082	epochs	3.0
1818.8653937242493	0.026979199999914272	epochs	3.0
1818.8923729242492	0.053460699999959616	epochs	2.0
1818.8923729242492	0.026812600000084785	epochs	3.0
1818.9191855242493	0.02664809999987483	epochs	3.0
1818.9458336242492	0.05281070000000909	epochs	2.0
1818.9458336242492	0.026485600000114573	epochs	3.0
1818.9723192242493	0.02632509999989452	epochs	3.0
1818.9986443242492	0.05217620000007628	epochs	2.0
1818.9986443242492	0.026166399999965506	epochs	3.0
1819.0248107242492	0.026009800000110772	epochs	3.0
1819.0508205242493	0.051556699999991906	epochs	2.0
1819.0508205242493	0.025854799999933675	epochs	3.0
1819.0766753242492	0.02570190000005823	epochs	3.0
1819.1023772242493	0.05095189999997274	epochs	2.0
1819.1023772242493	0.025550699999939752	epochs	3.0
1819.1279279242492	0.025401200000032986	epochs	3.0
1819.1533291242492	0.05036100000006627	epochs	2.0
1819.1533291242492	0.025253499999962514	epochs	3.0
1819.1785826242492	0.025107500000103755	epochs	3.0
1819.2036901242493	0.04978379999988647	epochs	2.0
1819.2036901242493	0.02496320000000196	epochs	3.0
1819.2286533242493	0.024820599999884507	epochs	3.0
1819.2534739242492	0.04921950000016295	epochs	2.0
1819.2534739242492	0.024679399999968155	epochs	3.0
1819.2781533242492	0.024540100000194798	epochs	3.0
1819.3026934242494	0.04866789999982757	epochs	2.0
1819.3026934242494	0.024402099999861093	epochs	3.0
1819.3270955242492	0.024265799999966475	epochs	3.0
1819.3513613242492	0.04812860000015462	epochs	2.0
1819.3513613242492	0.024131000000124914	epochs	3.0
1819.3754923242493	0.023997600000029706	epochs	3.0
1819.3994899242493	0.04760109999983797	epochs	2.0
1819.3994899242493	0.02386579999983951	epochs	3.0
1819.4233557242492	0.02373529999999846	epochs	3.0
1819.4470910242492	0.04708500000015192	epochs	2.0
1819.4470910242492	0.023606299999983094	epochs	3.0
1819.4706973242492	0.02347870000016883	epochs	3.0
1819.4941760242493	0.046579999999948996	epochs	2.0
1819.4941760242493	0.023352499999873544	epochs	3.0
1819.5175285242492	0.02322750000007545	epochs	3.0
1819.5407560242493	0.046085700000048746	epochs	2.0
1819.5407560242493	0.023104000000103042	epochs	3.0
1819.5638600242494	0.022981699999945704	epochs	3.0
1819.5868417242493	0.045601799999985815	epochs	2.0
1819.5868417242493	0.02286069999991014	epochs	3.0
1819.6097024242492	0.022741100000075676	epochs	3.0
1819.6324435242493	0.045127899999897636	epochs	2.0
1819.6324435242493	0.022622499999897627	epochs	3.0
1819.6550660242492	0.02250540000000001	epochs	3.0
1819.6775714242492	0.0446638000000803	epochs	2.0
1819.6775714242492	0.02238929999998618	epochs	3.0
1819.6999607242492	0.022274500000094122	epochs	3.0
1819.7222352242493	0.04420920000006845	epochs	2.0
1819.7222352242493	0.022160799999937808	epochs	3.0
1819.7443960242492	0.02204840000013064	epochs	3.0
1819.7664444242494	0.04376359999992019	epochs	2.0
1819.7664444242494	0.02193689999990056	epochs	3.0
1819.7883813242493	0.021826700000019628	epochs	3.0
1819.8102080242493	0.04332709999994222	epochs	2.0
1819.8102080242493	0.02171760000010181	epochs	3.0
1819.8319256242494	0.02160949999984041	epochs	3.0
1819.8535351242492	0.04289900000003399	epochs	2.0
1819.8535351242492	0.02150249999999687	epochs	3.0
1819.8750376242492	0.021396500000037122	epochs	3.0
1819.8964341242493	0.04247950000012679	epochs	2.0
1819.8964341242493	0.021291700000119818	epochs	3.0
1819.9177258242494	0.021187800000006973	epochs	3.0
1819.9389136242494	0.04206789999989269	epochs	2.0
1819.9389136242494	0.021084899999777917	epochs	3.0
1819.9599985242492	0.02098300000011477	epochs	3.0
1819.9809815242493	0.04166439999994509	epochs	2.0
1819.9809815242493	0.020882199999959994	epochs	3.0
1820.0018637242492	0.020782199999985096	epochs	3.0
1820.0226459242492	0.04126850000011473	epochs	2.0
1820.0226459242492	0.020683299999973315	epochs	3.0
1820.0433292242492	0.020585200000141413	epochs	3.0
1820.0639144242493	0.04088000000001557	epochs	2.0
1820.0639144242493	0.020488099999965925	epochs	3.0
1820.0844025242493	0.020391900000049645	epochs	3.0
1820.1047944242493	0.04049880000002304	epochs	2.0
1820.1047944242493	0.020296599999937825	epochs	3.0
1820.1250910242493	0.020202200000085213	epochs	3.0
1820.1452932242494	0.040124599999899146	epochs	2.0
1820.1452932242494	0.020108699999809687	epochs	3.0
1820.1654019242492	0.02001590000008946	epochs	3.0
1820.1854178242493	0.03975730000001931	epochs	2.0
1820.1854178242493	0.019924200000104975	epochs	3.0
1820.2053420242494	0.01983309999991434	epochs	3.0
1820.2251751242493	0.03939669999999751	epochs	2.0
1820.2251751242493	0.01974300000006224	epochs	3.0
1820.2449181242494	0.01965369999993527	epochs	3.0
1820.2645718242493	0.03904239999997117	epochs	2.0
1820.2645718242493	0.019565099999908853	epochs	3.0
1820.2841369242492	0.019477300000062314	epochs	3.0
1820.3036142242493	0.038694600000098944	epochs	2.0
1820.3036142242493	0.019390400000020236	epochs	3.0
1820.3230046242493	0.01930420000007871	epochs	3.0
1820.3423088242494	0.038352899999836154	epochs	2.0
1820.3423088242494	0.019218799999862313	epochs	3.0
1820.3615276242492	0.01913409999997384	epochs	3.0
1820.3806617242492	0.03801720000001296	epochs	2.0
1820.3806617242492	0.019050200000037876	epochs	3.0
1820.3997119242492	0.018966999999975087	epochs	3.0
1820.4186789242492	0.03768720000016401	epochs	2.0
1820.4186789242492	0.01888450000001285	epochs	3.0
1820.4375634242492	0.018802700000151162	epochs	3.0
1820.4563661242494	0.03736309999999321	epochs	2.0
1820.4563661242494	0.018721699999787234	epochs	3.0
1820.4750878242492	0.018641400000205977	epochs	3.0
1820.4937292242494	0.03704429999993408	epochs	2.0
1820.4937292242494	0.018561599999884493	epochs	3.0
1820.5122908242492	0.01848270000004959	epochs	3.0
1820.5307735242493	0.03673099999991791	epochs	2.0
1820.5307735242493	0.018404299999929208	epochs	3.0
1820.5491778242492	0.018326699999988705	epochs	3.0
1820.5675045242492	0.03642290000016146	epochs	2.0
1820.5675045242492	0.018249599999990096	epochs	3.0
1820.5857541242492	0.018173300000171366	epochs	3.0
1820.6039274242494	0.036120099999834565	epochs	2.0
1820.6039274242494	0.01809759999991911	epochs	3.0
1820.6220250242493	0.018022499999915453	epochs	3.0
1820.6400475242492	0.035822100000132195	epochs	2.0
1820.6400475242492	0.017947900000081063	epochs	3.0
1820.6579954242493	0.017874200000051133	epochs	3.0
1820.6758696242493	0.03552899999999681	epochs	2.0
1820.6758696242493	0.017800800000031813	epochs	3.0
1820.6936704242494	0.017728199999965	epochs	3.0
1820.7113986242493	0.03524070000003121	epochs	2.0
1820.7113986242493	0.01765609999984008	epochs	3.0
1820.7290547242492	0.01758460000019113	epochs	3.0
1820.7466393242494	0.03495709999992869	epochs	2.0
1820.7466393242494	0.017513699999881283	epochs	3.0
1820.7641530242493	0.017443400000047404	epochs	3.0
1820.7815964242493	0.034677899999906	epochs	2.0
1820.7815964242493	0.017373599999928047	epochs	3.0
1820.7989700242492	0.017304299999977957	epochs	3.0
1820.8162743242492	0.03440330000012182	epochs	2.0
1820.8162743242492	0.017235700000128418	epochs	3.0
1820.8335100242493	0.0171675999999934	epochs	3.0
1820.8506776242493	0.03413279999995211	epochs	2.0
1820.8506776242493	0.01709989999994832	epochs	3.0
1820.8677775242493	0.017032900000003792	epochs	3.0
1820.8848104242493	0.03386670000008962	epochs	2.0
1820.8848104242493	0.01696640000000116	epochs	3.0
1820.9017768242493	0.016900300000088464	epochs	3.0
1820.9186771242494	0.03360459999998966	epochs	2.0
1820.9186771242494	0.01683479999996962	epochs	3.0
1820.9355119242493	0.01676980000002004	epochs	3.0
1820.9522817242494	0.033346599999958926	epochs	2.0
1820.9522817242494	0.016705300000012357	epochs	3.0
1820.9689870242494	0.01664129999994657	epochs	3.0
1820.9856283242493	0.033092499999838765	epochs	2.0
1820.9856283242493	0.016577800000050047	epochs	3.0
1821.0022061242494	0.016514699999788718	epochs	3.0
1821.0187208242492	0.032842300000083924	epochs	2.0
1821.0187208242492	0.01645220000000336	epochs	3.0
1821.0351730242492	0.016390100000080565	epochs	3.0
1821.0515631242492	0.03259570000000167	epochs	2.0
1821.0515631242492	0.016328400000020338	epochs	3.0
1821.0678915242493	0.016267299999981333	epochs	3.0
1821.0841588242492	0.032352899999978035	epochs	2.0
1821.0841588242492	0.016206600000032267	epochs	3.0
1821.1003654242493	0.016146299999945768	epochs	3.0
1821.1165117242492	0.032113700000081735	epochs	2.0
1821.1165117242492	0.016086600000107865	epochs	3.0
1821.1325983242493	0.01602709999997387	epochs	3.0
1821.1486254242493	0.03187800000000607	epochs	2.0
1821.1486254242493	0.0159681999998611	epochs	3.0
1821.1645936242492	0.01590980000014497	epochs	3.0
1821.1805034242493	0.03164569999989908	epochs	2.0
1821.1805034242493	0.015851599999905375	epochs	3.0
1821.1963550242492	0.015794099999993705	epochs	3.0
1821.2121491242492	0.03141670000013619	epochs	2.0
1821.2121491242492	0.015736700000161363	epochs	3.0
1821.2278858242494	0.015679999999974825	epochs	3.0
1821.2435658242493	0.03119109999988723	epochs	2.0
1821.2435658242493	0.015623600000026272	epochs	3.0
1821.2591894242494	0.015567499999860956	epochs	3.0
1821.2747569242492	0.03096870000013041	epochs	2.0
1821.2747569242492	0.015511999999944237	epochs	3.0
1821.2902689242492	0.015456700000186174	epochs	3.0
1821.3057256242494	0.030749499999956242	epochs	2.0
1821.3057256242494	0.015401999999994587	epochs	3.0
1821.3211276242494	0.015347499999961656	epochs	3.0
1821.3364751242493	0.03053320000003623	epochs	2.0
1821.3364751242493	0.015293400000018664	epochs	3.0
1821.3517685242493	0.015239800000017567	epochs	3.0
1821.3670083242494	0.030320099999926242	epochs	2.0
1821.3670083242494	0.015186500000027081	epochs	3.0
1821.3821948242494	0.015133599999899161	epochs	3.0
1821.3973284242493	0.03010990000007041	epochs	2.0
1821.3973284242493	0.015081000000009226	epochs	3.0
1821.4124094242493	0.015028900000061185	epochs	3.0
1821.4274383242494	0.029902499999934662	epochs	2.0
1821.4274383242494	0.014976999999817053	epochs	3.0
1821.4424153242492	0.014925500000117609	epochs	3.0
1821.4573408242493	0.029698099999905025	epochs	2.0
1821.4573408242493	0.014874400000053356	epochs	3.0
1821.4722152242493	0.01482369999985167	epochs	3.0
1821.4870389242492	0.029496300000118936	epochs	2.0
1821.4870389242492	0.014773200000036013	epochs	3.0
1821.5018121242492	0.014723100000082923	epochs	3.0
1821.5165352242493	0.029297399999904883	epochs	2.0
1821.5165352242493	0.014673399999992398	epochs	3.0
1821.5312086242493	0.014623999999912485	epochs	3.0
1821.5458326242492	0.02910110000016175	epochs	2.0
1821.5458326242492	0.014574900000070556	epochs	3.0
1821.5604075242493	0.014526200000091194	epochs	3.0
1821.5749337242494	0.028907399999980044	epochs	2.0
1821.5749337242494	0.01447769999981574	epochs	3.0
1821.5894114242492	0.014429700000164303	epochs	3.0
1821.6038411242494	0.028716199999962555	epochs	2.0
1821.6038411242494	0.014381799999910072	epochs	3.0
1821.6182229242493	0.014334400000052483	epochs	3.0
1821.6325573242493	0.02852759999996124	epochs	2.0
1821.6325573242493	0.014287199999898803	epochs	3.0
1821.6468445242492	0.014240400000062436	epochs	3.0
1821.6610849242493	0.028341400000044814	epochs	2.0
1821.6610849242493	0.014193799999929979	epochs	3.0
1821.6752787242492	0.014147600000114835	epochs	3.0
1821.6894263242493	0.02815769999983786	epochs	2.0
1821.6894263242493	0.014101699999855555	epochs	3.0
1821.7035280242492	0.014055999999982305	epochs	3.0
1821.7175840242492	0.027976300000091214	epochs	2.0
1821.7175840242492	0.014010600000119666	epochs	3.0
1821.7315946242493	0.013965699999971548	epochs	3.0
1821.7455603242493	0.027797200000122757	epochs	2.0
1821.7455603242493	0.013920800000050804	epochs	3.0
1821.7594811242493	0.013876400000071953	epochs	3.0
1821.7733575242494	0.027620399999932488	epochs	2.0
1821.7733575242494	0.013832199999797012	epochs	3.0
1821.7871897242492	0.013788200000135475	epochs	3.0
1821.8009779242493	0.027445899999975154	epochs	2.0
1821.8009779242493	0.013744599999881757	epochs	3.0
1821.8147225242492	0.013701300000093397	epochs	3.0
1821.8284238242493	0.0272735000000921	epochs	2.0
1821.8284238242493	0.013658200000008947	epochs	3.0
1821.8420820242493	0.013615300000083153	epochs	3.0
1821.8556973242494	0.027103399999987232	epochs	2.0
1821.8556973242494	0.01357279999979255	epochs	3.0
1821.8692701242492	0.013530600000194681	epochs	3.0
1821.8828007242494	0.026935199999797987	epochs	2.0
1821.8828007242494	0.01348839999991469	epochs	3.0
1821.8962891242493	0.013446799999883297	epochs	3.0
1821.9097359242492	0.026769200000217097	epochs	2.0
1821.9097359242492	0.013405200000079276	epochs	3.0
1821.9231411242492	0.013364000000137821	epochs	3.0
1821.9365051242494	0.026605199999949036	epochs	2.0
1821.9365051242494	0.013322899999820947	epochs	3.0
1821.9498280242492	0.013282300000128089	epochs	3.0
1821.9631103242493	0.0264431999999033	epochs	2.0
1821.9631103242493	0.013241699999980483	epochs	3.0
1821.9763520242493	0.013201499999922817	epochs	3.0
1821.9895535242492	0.026283200000079887	epochs	2.0
1821.9895535242492	0.013161500000023807	epochs	3.0
1822.0027150242493	0.01312170000005608	epochs	3.0
1822.0158367242493	0.026124999999865395	epochs	2.0
1822.0158367242493	0.013082100000019636	epochs	3.0
1822.0289188242493	0.013042899999845758	epochs	3.0
1822.0419617242492	0.02596890000017993	epochs	2.0
1822.0419617242492	0.01300390000005791	epochs	3.0
1822.0549656242492	0.012965000000122018	epochs	3.0
1822.0679306242494	0.025814500000024054	epochs	2.0
1822.0679306242494	0.012926399999969362	epochs	3.0
1822.0808570242493	0.012888100000054692	epochs	3.0
1822.0937451242494	0.025661899999931848	epochs	2.0
1822.0937451242494	0.012849899999991976	epochs	3.0
1822.1065950242494	0.012811999999939871	epochs	3.0
1822.1194070242493	0.025511199999982637	epochs	2.0
1822.1194070242493	0.012774399999898378	epochs	3.0
1822.1321814242492	0.012736800000084258	epochs	3.0
1822.1449182242493	0.02536229999986972	epochs	2.0
1822.1449182242493	0.01269969999998466	epochs	3.0
1822.1576179242493	0.01266259999988506	epochs	3.0
1822.1702805242492	0.02521500000011656	epochs	2.0
1822.1702805242492	0.012625800000023446	epochs	3.0
1822.1829063242492	0.012589200000093115	epochs	3.0
1822.1954955242493	0.024584799999956886	epochs	2.0
1822.2188965242492	0.5	epochs	-1.0
1822.2200803242492	0.4996000000001004	epochs	1.0
1822.7196803242493	0.5003199999998742	epochs	0.0
1833.478000164032	0.06007999999997082	epochs	0.0
1833.478000164032	0.025041300000111733	epochs	1.0
1833.503041464032	0.009997399999974732	epochs	1.0
1833.513038864032	0.02504129999988436	epochs	1.0
1833.538080164032	2.0	epochs	0.0
1835.538080164032	0.5395200000000386	epochs	0.0
1835.538080164032	0.5395200000000386	epochs	1.0
1835.538096364032	0.5	epochs	-1.0
1836.038096364032	0.039503799999920375	epochs	-1.0
1836.077600164032	21.460399999999936	epochs	0.0
1837.3690004348755	0.06007999999997082	epochs	0.0
1837.3690004348755	0.025041300000111733	epochs	1.0
1837.3940417348756	0.009997399999974732	epochs	1.0
1837.4040391348756	0.02504129999988436	epochs	1.0
1837.4290804348755	2.0	epochs	0.0
1839.4290804348755	1.3995199999999386	epochs	0.0
1839.4290804348755	1.0	epochs	1.0
1839.4290966348756	0.5	epochs	-1.0
1839.9290966348756	0.8995037999998203	epochs	-1.0
1840.4290804348755	0.3995199999999386	epochs	-1.0
1840.4290804348755	0.3995199999999386	epochs	1.0
1840.4290804348755	0.3995199999999386	epochs	2.0
1840.4290804348755	0.3995199999999386	epochs	3.0
1840.8286004348754	20.600400000000036	epochs	0.0
1841.2130002975464	0.06007999999997082	epochs	0.0
1841.2130002975464	0.025041300000111733	epochs	1.0
1841.2380415975465	0.009997399999974732	epochs	1.0
1841.2480389975465	0.02504129999988436	epochs	1.0
1841.2730802975464	2.0	epochs	0.0
1843.2730802975464	1.4605599999999868	epochs	0.0
1843.2730802975464	1.0	epochs	1.0
1843.2730964975465	0.5	epochs	-1.0
1843.7730964975465	0.9605437999998685	epochs	-1.0
1844.2730802975464	0.46055999999998676	epochs	-1.0
1844.2730802975464	0.46055999999998676	epochs	1.0
1844.2730802975464	0.46055999999998676	epochs	2.0
1844.2730802975464	0.46055999999998676	epochs	3.0
1844.7336402975463	20.539359999999988	epochs	0.0
1845.1070003509521	0.06007999999997082	epochs	0.0
1845.1070003509521	0.025041300000111733	epochs	1.0
1845.1320416509523	0.009997399999974732	epochs	1.0
1845.1420390509522	0.02504129999988436	epochs	1.0
1845.1670803509521	2.0	epochs	0.0
1847.1670803509521	1.5596800000000712	epochs	0.0
1847.1670803509521	1.0	epochs	1.0
1847.1670965509522	0.5	epochs	-1.0
1847.6670965509522	1.059663799999953	epochs	-1.0
1848.1670803509521	0.5596800000000712	epochs	-1.0
1848.1670803509521	0.5596800000000712	epochs	1.0
1848.1670803509521	0.5596800000000712	epochs	2.0
1848.1670803509521	0.5596800000000712	epochs	3.0
1848.7267603509522	20.440239999999903	epochs	0.0
1849.1000003814697	0.06007999999997082	epochs	0.0
1849.1000003814697	0.025041300000111733	epochs	1.0
1849.1250416814698	0.009997399999974732	epochs	1.0
1849.1350390814698	0.02504129999988436	epochs	1.0
1849.1600803814697	2.0	epochs	0.0
1851.1600803814697	1.5595200000000204	epochs	0.0
1851.1600803814697	1.0	epochs	1.0
1851.1600965814698	0.5	epochs	-1.0
1851.6600965814698	1.0595037999999022	epochs	-1.0
1852.1600803814697	0.5595200000000204	epochs	-1.0
1852.1600803814697	0.5595200000000204	epochs	1.0
1852.1600803814697	0.5595200000000204	epochs	2.0
1852.1600803814697	0.5595200000000204	epochs	3.0
1852.7196003814697	20.440399999999954	epochs	0.0
1853.0910000801086	0.06007999999997082	epochs	0.0
1853.0910000801086	0.025041300000111733	epochs	1.0
1853.1160413801088	0.009997399999974732	epochs	1.0
1853.1260387801087	0.02504129999988436	epochs	1.0
1853.1510800801086	2.0	epochs	0.0
1855.1510800801086	1.6595199999999295	epochs	0.0
1855.1510800801086	1.0	epochs	1.0
1855.1510962801087	0.5	epochs	-1.0
1855.6510962801087	1.1595037999998112	epochs	-1.0
1856.1510800801086	0.6595199999999295	epochs	-1.0
1856.1510800801086	0.6595199999999295	epochs	1.0
1856.1510800801086	0.6595199999999295	epochs	2.0
1856.1510800801086	0.6595199999999295	epochs	3.0
1856.8106000801085	20.340400000000045	epochs	0.0
1857.1890001296997	0.06007999999997082	epochs	0.0
1857.1890001296997	0.025041300000111733	epochs	1.0
1857.2140414296998	0.009997399999974732	epochs	1.0
1857.2240388296998	0.02504129999988436	epochs	1.0
1857.2490801296997	2.0	epochs	0.0
1859.2490801296997	5.3805600000000595	epochs	0.0
1859.2490801296997	1.0	epochs	1.0
1859.2490963296998	0.5	epochs	-1.0
1859.7490963296998	4.880543799999941	epochs	-1.0
1860.2490801296997	4.3805600000000595	epochs	1.0
1860.2490801296997	4.356753900000058	epochs	-1.0
1860.2490801296997	1.9745872000000873	epochs	2.0
1860.2490801296997	1.0985622000000603	epochs	3.0
1861.3476423296997	0.8760250000000269	epochs	3.0
1862.2236673296998	1.3524075000000266	epochs	2.0
1862.2236673296998	0.7286354999998821	epochs	3.0
1862.9523028296996	0.6237720000001445	epochs	3.0
1863.5760748296998	1.029759199999944	epochs	2.0
1863.5760748296998	0.5453292999998212	epochs	3.0
1864.1214041296996	0.48442990000012287	epochs	3.0
1864.6058340296997	0.023806100000001607	epochs	2.0
1864.6058340296997	0.023806100000001607	epochs	3.0
1864.6296401296997	16.619359999999915	epochs	0.0
1865.0110001564026	0.06007999999997082	epochs	0.0
1865.0110001564026	0.025041300000111733	epochs	1.0
1865.0360414564027	0.009997399999974732	epochs	1.0
1865.0460388564027	0.02504129999988436	epochs	1.0
1865.0710801564026	2.0	epochs	0.0
1867.0710801564026	21.4996000000001	epochs	0.0
1867.0710801564026	1.0	epochs	1.0
1867.0710963564027	0.5	epochs	-1.0
1867.5710963564027	19.998479999999972	epochs	-1.0
1868.0710801564026	20.0	epochs	1.0
1868.0710801564026	4.356753900000058	epochs	-1.0
1868.0710801564026	1.9745872000000873	epochs	2.0
1868.0710801564026	1.0985622000000603	epochs	3.0
1869.1696423564026	0.8760250000000269	epochs	3.0
1870.0456673564026	1.3524075000000266	epochs	2.0
1870.0456673564026	0.7286354999998821	epochs	3.0
1870.7743028564025	0.6237720000001445	epochs	3.0
1871.3980748564027	1.029759199999944	epochs	2.0
1871.3980748564027	0.5453292999998212	epochs	3.0
1871.9434041564025	0.48442990000012287	epochs	3.0
1872.4278340564026	0.8317861999998968	epochs	2.0
1872.4278340564026	0.4357763000000432	epochs	3.0
1872.8636103564027	0.3960098999998536	epochs	3.0
1873.2596202564025	0.6977970000000369	epochs	2.0
1873.2596202564025	0.3628982000000178	epochs	3.0
1873.6225184564025	0.33489880000001904	epochs	3.0
1873.9574172564026	0.601045699999986	epochs	2.0
1873.9574172564026	0.3109122999999272	epochs	3.0
1874.2683295564025	0.2901334000000588	epochs	3.0
1874.5584629564025	0.5278859000000011	epochs	2.0
1874.5584629564025	0.2719586000000618	epochs	3.0
1874.8304215564026	0.25592729999993935	epochs	3.0
1875.0863488564025	0.470619299999953	epochs	2.0
1875.0863488564025	0.241681299999982	epochs	3.0
1875.3280301564025	0.228937999999971	epochs	3.0
1875.5569681564025	0.42457039999999324	epochs	2.0
1875.5569681564025	0.21747140000002219	epochs	3.0
1875.7744395564025	0.20709899999997106	epochs	3.0
1875.9815385564025	0.3867354000001342	epochs	2.0
1875.9815385564025	0.19767110000020693	epochs	3.0
1876.1792096564027	0.18906429999992724	epochs	3.0
1876.3682739564026	0.35509529999990264	epochs	2.0
1876.3682739564026	0.18117589999997108	epochs	3.0
1876.5494498564026	0.17391939999993156	epochs	3.0
1876.7233692564025	0.3282431000000088	epochs	2.0
1876.7233692564025	0.16722189999995862	epochs	3.0
1876.8905911564025	0.16102120000005016	epochs	3.0
1877.0516123564025	0.30516800000009425	epochs	2.0
1877.0516123564025	0.15526390000013635	epochs	3.0
1877.2068762564027	0.1499040999999579	epochs	3.0
1877.3567803564026	0.28512529999989056	epochs	2.0
1877.3567803564026	0.14490209999985382	epochs	3.0
1877.5016824564025	0.14022320000003674	epochs	3.0
1877.6419056564025	0.267553800000087	epochs	2.0
1877.6419056564025	0.13583690000018578	epochs	3.0
1877.7777425564027	0.13171689999990122	epochs	3.0
1877.9094594564026	0.252022899999929	epochs	2.0
1877.9094594564026	0.1278393000000051	epochs	3.0
1878.0372987564026	0.1241835999999239	epochs	3.0
1878.1614823564025	0.23819649999995818	epochs	2.0
1878.1614823564025	0.12073110000005727	epochs	3.0
1878.2822134564026	0.11746539999990091	epochs	3.0
1878.3996788564025	0.2258088000000953	epochs	2.0
1878.3996788564025	0.11437190000015107	epochs	3.0
1878.5140507564026	0.11143689999994422	epochs	3.0
1878.6254876564026	0.21464599999990241	epochs	2.0
1878.6254876564026	0.10864889999993466	epochs	3.0
1878.7341365564025	0.10599709999996776	epochs	3.0
1878.8401336564025	0.20453500000007807	epochs	2.0
1878.8401336564025	0.10347150000006877	epochs	3.0
1878.9436051564026	0.1010635000000093	epochs	3.0
1879.0446686564026	0.19533400000000256	epochs	2.0
1879.0446686564026	0.09876510000003691	epochs	3.0
1879.1434337564026	0.09656889999996565	epochs	3.0
1879.2400026564026	0.18692529999998442	epochs	2.0
1879.2400026564026	0.09446830000001682	epochs	3.0
1879.3344709564026	0.09245699999996759	epochs	3.0
1879.4269279564026	0.1792107000001124	epochs	2.0
1879.4269279564026	0.0905296000000817	epochs	3.0
1879.5174575564026	0.08868110000003071	epochs	3.0
1879.6061386564027	0.17210769999996955	epochs	2.0
1879.6061386564027	0.08690630000000965	epochs	3.0
1879.6930449564027	0.0852013999999599	epochs	3.0
1879.7782463564026	0.16554640000003928	epochs	2.0
1879.7782463564026	0.08356189999994967	epochs	3.0
1879.8618082564026	0.08198450000008961	epochs	3.0
1879.9437927564027	0.15946709999980158	epochs	2.0
1879.9437927564027	0.08046539999986635	epochs	3.0
1880.0242581564025	0.07900169999993523	epochs	3.0
1880.1032598564025	0.15381840000009106	epochs	2.0
1880.1032598564025	0.07759010000017952	epochs	3.0
1880.1808499564027	0.07622829999991154	epochs	3.0
1880.2570782564026	0.14855639999996129	epochs	2.0
1880.2570782564026	0.07491329999993468	epochs	3.0
1880.3319915564025	0.0736431000000266	epochs	3.0
1880.4056346564025	0.14364240000008976	epochs	2.0
1880.4056346564025	0.07241500000009182	epochs	3.0
1880.4780496564026	0.07122739999999794	epochs	3.0
1880.5492770564026	0.13904309999998077	epochs	2.0
1880.5492770564026	0.07007799999996678	epochs	3.0
1880.6193550564026	0.06896510000001399	epochs	3.0
1880.6883201564026	0.13472929999988992	epochs	2.0
1880.6883201564026	0.0678871000000072	epochs	3.0
1880.7562072564026	0.06684219999988272	epochs	3.0
1880.8230494564025	0.1306752000000415	epochs	2.0
1880.8230494564025	0.06582910000020092	epochs	3.0
1880.8888785564027	0.06484609999984059	epochs	3.0
1880.9537246564025	0.12685780000015257	epochs	2.0
1880.9537246564025	0.06389200000012352	epochs	3.0
1881.0176166564027	0.06296580000002905	epochs	3.0
1881.0805824564027	0.12325719999989815	epochs	2.0
1881.0805824564027	0.06206579999980022	epochs	3.0
1881.1426482564025	0.06119140000009793	epochs	3.0
1881.2038396564026	0.11985540000000583	epochs	2.0
1881.2038396564026	0.060341099999959624	epochs	3.0
1881.2641807564025	0.059514300000046205	epochs	3.0
1881.3236950564026	0.1166361999999026	epochs	2.0
1881.3236950564026	0.058709599999929196	epochs	3.0
1881.3824046564025	0.057926599999973405	epochs	3.0
1881.4403312564025	0.11358560000007856	epochs	2.0
1881.4403312564025	0.057164200000215715	epochs	3.0
1881.4974954564027	0.05642139999986284	epochs	3.0
1881.5539168564026	0.11069049999991876	epochs	2.0
1881.5539168564026	0.055697900000041045	epochs	3.0
1881.6096147564026	0.05499259999987771	epochs	3.0
1881.6646073564025	0.1079391000000669	epochs	2.0
1881.6646073564025	0.05430490000003374	epochs	3.0
1881.7189122564025	0.05363420000003316	epochs	3.0
1881.7725464564026	0.10532149999994544	epochs	2.0
1881.7725464564026	0.05297999999993408	epochs	3.0
1881.8255264564025	0.052341500000011365	epochs	3.0
1881.8778679564025	0.10282760000018243	epochs	2.0
1881.8778679564025	0.05171810000001642	epochs	3.0
1881.9295860564025	0.05110950000016601	epochs	3.0
1881.9806955564027	0.10044909999987794	epochs	2.0
1881.9806955564027	0.0505148999998255	epochs	3.0
1882.0312104564025	0.04993420000005244	epochs	3.0
1882.0811446564026	0.0981782999999723	epochs	2.0
1882.0811446564026	0.04936659999998483	epochs	3.0
1882.1305112564025	0.04881169999998747	epochs	3.0
1882.1793229564025	0.09600780000005216	epochs	2.0
1882.1793229564025	0.04826920000004975	epochs	3.0
1882.2275921564026	0.04773860000000241	epochs	3.0
1882.2753307564026	0.09393120000004274	epochs	2.0
1882.2753307564026	0.04721949999998287	epochs	3.0
1882.3225502564026	0.046711700000059864	epochs	3.0
1882.3692619564026	0.09194260000003851	epochs	2.0
1882.3692619564026	0.046214599999984785	epochs	3.0
1882.4154765564026	0.045728000000053726	epochs	3.0
1882.4612045564027	0.09003629999983787	epochs	2.0
1882.4612045564027	0.045251499999949374	epochs	3.0
1882.5064560564026	0.04478479999988849	epochs	3.0
1882.5512408564025	0.08820760000003247	epochs	2.0
1882.5512408564025	0.044327800000019124	epochs	3.0
1882.5955686564025	0.04387980000001335	epochs	3.0
1882.6394484564025	0.0864516999999978	epochs	2.0
1882.6394484564025	0.04344100000002982	epochs	3.0
1882.6828894564026	0.04301069999996798	epochs	3.0
1882.7259001564025	0.08476429999996071	epochs	2.0
1882.7259001564025	0.04258900000013455	epochs	3.0
1882.7684891564027	0.042175299999826166	epochs	3.0
1882.8106644564025	0.08314150000001064	epochs	2.0
1882.8106644564025	0.04176970000003166	epochs	3.0
1882.8524341564025	0.041371799999978975	epochs	3.0
1882.8938059564025	0.08157970000002024	epochs	2.0
1882.8938059564025	0.04098140000019157	epochs	3.0
1882.9347873564027	0.04059829999982867	epochs	3.0
1882.9753856564025	0.08007550000002084	epochs	2.0
1882.9753856564025	0.040222300000095856	epochs	3.0
1883.0156079564026	0.03985319999992498	epochs	3.0
1883.0554611564025	0.07862569999997504	epochs	2.0
1883.0554611564025	0.039490800000066884	epochs	3.0
1883.0949519564026	0.03913489999990816	epochs	3.0
1883.1340868564025	0.07722760000001472	epochs	2.0
1883.1340868564025	0.038785400000051595	epochs	3.0
1883.1728722564026	0.03844219999996312	epochs	3.0
1883.2113144564025	0.07587820000003376	epochs	2.0
1883.2113144564025	0.03810480000015559	epochs	3.0
1883.2494192564027	0.037773399999878166	epochs	3.0
1883.2871926564026	0.0745752000000266	epochs	2.0
1883.2871926564026	0.03744770000002973	epochs	3.0
1883.3246403564026	0.03712749999999687	epochs	3.0
1883.3617678564026	0.07331629999998768	epochs	2.0
1883.3617678564026	0.0368129000000863	epochs	3.0
1883.3985807564027	0.036503399999901376	epochs	3.0
1883.4350841564026	0.07209899999998015	epochs	2.0
1883.4350841564026	0.03619909999997617	epochs	3.0
1883.4712832564026	0.03589990000000398	epochs	3.0
1883.5071831564026	0.07092170000009901	epochs	2.0
1883.5071831564026	0.03560560000005353	epochs	3.0
1883.5427887564026	0.03531610000004548	epochs	3.0
1883.5781048564027	0.06978200000003199	epochs	2.0
1883.5781048564027	0.03503119999982118	epochs	3.0
1883.6131360564025	0.0347508000002108	epochs	3.0
1883.6478868564027	0.06867859999988468	epochs	2.0
1883.6478868564027	0.03447509999978138	epochs	3.0
1883.6823619564025	0.034203500000103304	epochs	3.0
1883.7165654564026	0.06760929999995824	epochs	2.0
1883.7165654564026	0.033936199999970995	epochs	3.0
1883.7505016564025	0.033673099999987244	epochs	3.0
1883.7841747564025	0.06657289999998284	epochs	2.0
1883.7841747564025	0.03341399999999339	epochs	3.0
1883.8175887564025	0.033158899999989444	epochs	3.0
1883.8507476564025	0.06556780000005347	epochs	2.0
1883.8507476564025	0.03290770000012344	epochs	3.0
1883.8836553564026	0.032660099999930026	epochs	3.0
1883.9163154564026	0.06459259999996902	epochs	2.0
1883.9163154564026	0.03241640000010193	epochs	3.0
1883.9487318564027	0.032176199999867094	epochs	3.0
1883.9809080564025	0.06364600000006249	epochs	2.0
1883.9809080564025	0.03193959999998697	epochs	3.0
1884.0128476564025	0.03170640000007552	epochs	3.0
1884.0445540564026	0.0627266999999847	epochs	2.0
1884.0445540564026	0.031476599999905375	epochs	3.0
1884.0760306564025	0.03125010000007933	epochs	3.0
1884.1072807564026	0.06183359999999993	epochs	2.0
1884.1072807564026	0.03102689999991526	epochs	3.0
1884.1383076564025	0.030806700000084675	epochs	3.0
1884.1691143564026	0.060965599999917686	epochs	2.0
1884.1691143564026	0.030589799999916067	epochs	3.0
1884.1997041564025	0.030375800000001618	epochs	3.0
1884.2300799564025	0.06012160000000222	epochs	2.0
1884.2300799564025	0.030164900000045236	epochs	3.0
1884.2602448564026	0.02995669999995698	epochs	3.0
1884.2902015564025	0.05930069999999432	epochs	2.0
1884.2902015564025	0.029751600000054168	epochs	3.0
1884.3199531564026	0.029549099999940154	epochs	3.0
1884.3495022564025	0.058501800000158255	epochs	2.0
1884.3495022564025	0.02934940000000097	epochs	3.0
1884.3788516564025	0.029152400000157286	epochs	3.0
1884.4080040564027	0.05772419999993872	epochs	2.0
1884.4080040564027	0.028957999999875028	epochs	3.0
1884.4369620564025	0.02876620000006369	epochs	3.0
1884.4657282564026	0.05696710000006533	epochs	2.0
1884.4657282564026	0.028577000000041153	epochs	3.0
1884.4943052564026	0.028390100000024177	epochs	3.0
1884.5226953564027	0.05622949999997218	epochs	2.0
1884.5226953564027	0.028205699999944045	epochs	3.0
1884.5509010564026	0.028023800000028132	epochs	3.0
1884.5789248564026	0.05551070000001346	epochs	2.0
1884.5789248564026	0.027843999999959124	epochs	3.0
1884.6067688564026	0.027666700000054334	epochs	3.0
1884.6344355564027	0.054810200000019904	epochs	2.0
1884.6344355564027	0.02749149999999645	epochs	3.0
1884.6619270564026	0.027318700000023455	epochs	3.0
1884.6892457564027	0.054126999999880354	epochs	2.0
1884.6892457564027	0.027147799999966082	epochs	3.0
1884.7163935564026	0.026979199999914272	epochs	3.0
1884.7433727564026	0.053460699999959616	epochs	2.0
1884.7433727564026	0.026812600000084785	epochs	3.0
1884.7701853564026	0.02664809999987483	epochs	3.0
1884.7968334564025	0.05281070000000909	epochs	2.0
1884.7968334564025	0.026485600000114573	epochs	3.0
1884.8233190564026	0.02632509999989452	epochs	3.0
1884.8496441564025	0.05217620000007628	epochs	2.0
1884.8496441564025	0.026166399999965506	epochs	3.0
1884.8758105564025	0.026009800000110772	epochs	3.0
1884.9018203564026	0.051556699999991906	epochs	2.0
1884.9018203564026	0.025854799999933675	epochs	3.0
1884.9276751564025	0.02570190000005823	epochs	3.0
1884.9533770564026	0.05095189999997274	epochs	2.0
1884.9533770564026	0.025550699999939752	epochs	3.0
1884.9789277564025	0.025401200000032986	epochs	3.0
1885.0043289564026	0.05036100000006627	epochs	2.0
1885.0043289564026	0.025253499999962514	epochs	3.0
1885.0295824564025	0.025107500000103755	epochs	3.0
1885.0546899564026	0.04978379999988647	epochs	2.0
1885.0546899564026	0.02496320000000196	epochs	3.0
1885.0796531564026	0.024820599999884507	epochs	3.0
1885.1044737564025	0.04921950000016295	epochs	2.0
1885.1044737564025	0.024679399999968155	epochs	3.0
1885.1291531564025	0.024540100000194798	epochs	3.0
1885.1536932564027	0.04866789999982757	epochs	2.0
1885.1536932564027	0.024402099999861093	epochs	3.0
1885.1780953564025	0.024265799999966475	epochs	3.0
1885.2023611564025	0.04812860000015462	epochs	2.0
1885.2023611564025	0.024131000000124914	epochs	3.0
1885.2264921564026	0.023997600000029706	epochs	3.0
1885.2504897564027	0.04760109999983797	epochs	2.0
1885.2504897564027	0.02386579999983951	epochs	3.0
1885.2743555564025	0.02373529999999846	epochs	3.0
1885.2980908564025	0.04708500000015192	epochs	2.0
1885.2980908564025	0.023606299999983094	epochs	3.0
1885.3216971564025	0.02347870000016883	epochs	3.0
1885.3451758564026	0.046579999999948996	epochs	2.0
1885.3451758564026	0.023352499999873544	epochs	3.0
1885.3685283564025	0.02322750000007545	epochs	3.0
1885.3917558564026	0.046085700000048746	epochs	2.0
1885.3917558564026	0.023104000000103042	epochs	3.0
1885.4148598564027	0.022981699999945704	epochs	3.0
1885.4378415564026	0.045601799999985815	epochs	2.0
1885.4378415564026	0.02286069999991014	epochs	3.0
1885.4607022564026	0.022741100000075676	epochs	3.0
1885.4834433564026	0.045127899999897636	epochs	2.0
1885.4834433564026	0.022622499999897627	epochs	3.0
1885.5060658564025	0.02250540000000001	epochs	3.0
1885.5285712564025	0.0446638000000803	epochs	2.0
1885.5285712564025	0.02238929999998618	epochs	3.0
1885.5509605564025	0.022274500000094122	epochs	3.0
1885.5732350564026	0.04420920000006845	epochs	2.0
1885.5732350564026	0.022160799999937808	epochs	3.0
1885.5953958564025	0.02204840000013064	epochs	3.0
1885.6174442564027	0.04376359999992019	epochs	2.0
1885.6174442564027	0.02193689999990056	epochs	3.0
1885.6393811564026	0.021826700000019628	epochs	3.0
1885.6612078564026	0.04332709999994222	epochs	2.0
1885.6612078564026	0.02171760000010181	epochs	3.0
1885.6829254564027	0.02160949999984041	epochs	3.0
1885.7045349564025	0.04289900000003399	epochs	2.0
1885.7045349564025	0.02150249999999687	epochs	3.0
1885.7260374564025	0.021396500000037122	epochs	3.0
1885.7474339564026	0.04247950000012679	epochs	2.0
1885.7474339564026	0.021291700000119818	epochs	3.0
1885.7687256564027	0.021187800000006973	epochs	3.0
1885.7899134564027	0.04206789999989269	epochs	2.0
1885.7899134564027	0.021084899999777917	epochs	3.0
1885.8109983564025	0.02098300000011477	epochs	3.0
1885.8319813564026	0.04166439999994509	epochs	2.0
1885.8319813564026	0.020882199999959994	epochs	3.0
1885.8528635564026	0.020782199999985096	epochs	3.0
1885.8736457564025	0.04126850000011473	epochs	2.0
1885.8736457564025	0.020683299999973315	epochs	3.0
1885.8943290564025	0.020585200000141413	epochs	3.0
1885.9149142564027	0.04088000000001557	epochs	2.0
1885.9149142564027	0.020488099999965925	epochs	3.0
1885.9354023564026	0.020391900000049645	epochs	3.0
1885.9557942564027	0.04049880000002304	epochs	2.0
1885.9557942564027	0.020296599999937825	epochs	3.0
1885.9760908564026	0.020202200000085213	epochs	3.0
1885.9962930564027	0.040124599999899146	epochs	2.0
1885.9962930564027	0.020108699999809687	epochs	3.0
1886.0164017564025	0.02001590000008946	epochs	3.0
1886.0364176564026	0.03975730000001931	epochs	2.0
1886.0364176564026	0.019924200000104975	epochs	3.0
1886.0563418564027	0.01983309999991434	epochs	3.0
1886.0761749564026	0.03939669999999751	epochs	2.0
1886.0761749564026	0.01974300000006224	epochs	3.0
1886.0959179564027	0.01965369999993527	epochs	3.0
1886.1155716564026	0.03904239999997117	epochs	2.0
1886.1155716564026	0.019565099999908853	epochs	3.0
1886.1351367564025	0.019477300000062314	epochs	3.0
1886.1546140564026	0.038694600000098944	epochs	2.0
1886.1546140564026	0.019390400000020236	epochs	3.0
1886.1740044564026	0.01930420000007871	epochs	3.0
1886.1933086564027	0.038352899999836154	epochs	2.0
1886.1933086564027	0.019218799999862313	epochs	3.0
1886.2125274564025	0.01913409999997384	epochs	3.0
1886.2316615564025	0.03801720000001296	epochs	2.0
1886.2316615564025	0.019050200000037876	epochs	3.0
1886.2507117564026	0.018966999999975087	epochs	3.0
1886.2696787564025	0.03768720000016401	epochs	2.0
1886.2696787564025	0.01888450000001285	epochs	3.0
1886.2885632564025	0.018802700000151162	epochs	3.0
1886.3073659564027	0.03736309999999321	epochs	2.0
1886.3073659564027	0.018721699999787234	epochs	3.0
1886.3260876564025	0.018641400000205977	epochs	3.0
1886.3447290564027	0.03704429999993408	epochs	2.0
1886.3447290564027	0.018561599999884493	epochs	3.0
1886.3632906564026	0.01848270000004959	epochs	3.0
1886.3817733564026	0.03673099999991791	epochs	2.0
1886.3817733564026	0.018404299999929208	epochs	3.0
1886.4001776564025	0.018326699999988705	epochs	3.0
1886.4185043564025	0.03642290000016146	epochs	2.0
1886.4185043564025	0.018249599999990096	epochs	3.0
1886.4367539564025	0.018173300000171366	epochs	3.0
1886.4549272564027	0.036120099999834565	epochs	2.0
1886.4549272564027	0.01809759999991911	epochs	3.0
1886.4730248564026	0.018022499999915453	epochs	3.0
1886.4910473564025	0.035822100000132195	epochs	2.0
1886.4910473564025	0.017947900000081063	epochs	3.0
1886.5089952564026	0.017874200000051133	epochs	3.0
1886.5268694564027	0.03552899999999681	epochs	2.0
1886.5268694564027	0.017800800000031813	epochs	3.0
1886.5446702564027	0.017728199999965	epochs	3.0
1886.5623984564027	0.03524070000003121	epochs	2.0
1886.5623984564027	0.01765609999984008	epochs	3.0
1886.5800545564025	0.01758460000019113	epochs	3.0
1886.5976391564027	0.03495709999992869	epochs	2.0
1886.5976391564027	0.017513699999881283	epochs	3.0
1886.6151528564026	0.017443400000047404	epochs	3.0
1886.6325962564026	0.034677899999906	epochs	2.0
1886.6325962564026	0.017373599999928047	epochs	3.0
1886.6499698564025	0.017304299999977957	epochs	3.0
1886.6672741564025	0.03440330000012182	epochs	2.0
1886.6672741564025	0.017235700000128418	epochs	3.0
1886.6845098564027	0.0171675999999934	epochs	3.0
1886.7016774564026	0.03413279999995211	epochs	2.0
1886.7016774564026	0.01709989999994832	epochs	3.0
1886.7187773564026	0.017032900000003792	epochs	3.0
1886.7358102564026	0.03386670000008962	epochs	2.0
1886.7358102564026	0.01696640000000116	epochs	3.0
1886.7527766564026	0.016900300000088464	epochs	3.0
1886.7696769564027	0.03360459999998966	epochs	2.0
1886.7696769564027	0.01683479999996962	epochs	3.0
1886.7865117564027	0.01676980000002004	epochs	3.0
1886.8032815564027	0.033346599999958926	epochs	2.0
1886.8032815564027	0.016705300000012357	epochs	3.0
1886.8199868564027	0.01664129999994657	epochs	3.0
1886.8366281564026	0.033092499999838765	epochs	2.0
1886.8366281564026	0.016577800000050047	epochs	3.0
1886.8532059564027	0.016514699999788718	epochs	3.0
1886.8697206564025	0.032842300000083924	epochs	2.0
1886.8697206564025	0.01645220000000336	epochs	3.0
1886.8861728564025	0.016390100000080565	epochs	3.0
1886.9025629564026	0.03259570000000167	epochs	2.0
1886.9025629564026	0.016328400000020338	epochs	3.0
1886.9188913564026	0.016267299999981333	epochs	3.0
1886.9351586564026	0.032352899999978035	epochs	2.0
1886.9351586564026	0.016206600000032267	epochs	3.0
1886.9513652564026	0.016146299999945768	epochs	3.0
1886.9675115564025	0.032113700000081735	epochs	2.0
1886.9675115564025	0.016086600000107865	epochs	3.0
1886.9835981564026	0.01602709999997387	epochs	3.0
1886.9996252564026	0.03187800000000607	epochs	2.0
1886.9996252564026	0.0159681999998611	epochs	3.0
1887.0155934564025	0.01590980000014497	epochs	3.0
1887.0315032564026	0.03164569999989908	epochs	2.0
1887.0315032564026	0.015851599999905375	epochs	3.0
1887.0473548564025	0.015794099999993705	epochs	3.0
1887.0631489564025	0.03141670000013619	epochs	2.0
1887.0631489564025	0.015736700000161363	epochs	3.0
1887.0788856564027	0.015679999999974825	epochs	3.0
1887.0945656564027	0.03119109999988723	epochs	2.0
1887.0945656564027	0.015623600000026272	epochs	3.0
1887.1101892564027	0.015567499999860956	epochs	3.0
1887.1257567564026	0.03096870000013041	epochs	2.0
1887.1257567564026	0.015511999999944237	epochs	3.0
1887.1412687564025	0.015456700000186174	epochs	3.0
1887.1567254564027	0.030749499999956242	epochs	2.0
1887.1567254564027	0.015401999999994587	epochs	3.0
1887.1721274564027	0.015347499999961656	epochs	3.0
1887.1874749564026	0.03053320000003623	epochs	2.0
1887.1874749564026	0.015293400000018664	epochs	3.0
1887.2027683564027	0.015239800000017567	epochs	3.0
1887.2180081564027	0.030320099999926242	epochs	2.0
1887.2180081564027	0.015186500000027081	epochs	3.0
1887.2331946564027	0.015133599999899161	epochs	3.0
1887.2483282564026	0.03010990000007041	epochs	2.0
1887.2483282564026	0.015081000000009226	epochs	3.0
1887.2634092564026	0.015028900000061185	epochs	3.0
1887.2784381564027	0.029902499999934662	epochs	2.0
1887.2784381564027	0.014976999999817053	epochs	3.0
1887.2934151564025	0.014925500000117609	epochs	3.0
1887.3083406564026	0.029698099999905025	epochs	2.0
1887.3083406564026	0.014874400000053356	epochs	3.0
1887.3232150564027	0.01482369999985167	epochs	3.0
1887.3380387564025	0.029496300000118936	epochs	2.0
1887.3380387564025	0.014773200000036013	epochs	3.0
1887.3528119564025	0.014723100000082923	epochs	3.0
1887.3675350564026	0.029297399999904883	epochs	2.0
1887.3675350564026	0.014673399999992398	epochs	3.0
1887.3822084564026	0.014623999999912485	epochs	3.0
1887.3968324564025	0.02910110000016175	epochs	2.0
1887.3968324564025	0.014574900000070556	epochs	3.0
1887.4114073564026	0.014526200000091194	epochs	3.0
1887.4259335564027	0.028907399999980044	epochs	2.0
1887.4259335564027	0.01447769999981574	epochs	3.0
1887.4404112564025	0.014429700000164303	epochs	3.0
1887.4548409564027	0.028716199999962555	epochs	2.0
1887.4548409564027	0.014381799999910072	epochs	3.0
1887.4692227564026	0.014334400000052483	epochs	3.0
1887.4835571564026	0.02852759999996124	epochs	2.0
1887.4835571564026	0.014287199999898803	epochs	3.0
1887.4978443564025	0.014240400000062436	epochs	3.0
1887.5120847564026	0.028341400000044814	epochs	2.0
1887.5120847564026	0.014193799999929979	epochs	3.0
1887.5262785564025	0.014147600000114835	epochs	3.0
1887.5404261564026	0.02815769999983786	epochs	2.0
1887.5404261564026	0.014101699999855555	epochs	3.0
1887.5545278564025	0.014055999999982305	epochs	3.0
1887.5685838564025	0.027976300000091214	epochs	2.0
1887.5685838564025	0.014010600000119666	epochs	3.0
1887.5825944564026	0.013965699999971548	epochs	3.0
1887.5965601564026	0.027797200000122757	epochs	2.0
1887.5965601564026	0.013920800000050804	epochs	3.0
1887.6104809564026	0.013876400000071953	epochs	3.0
1887.6243573564027	0.027620399999932488	epochs	2.0
1887.6243573564027	0.013832199999797012	epochs	3.0
1887.6381895564025	0.013788200000135475	epochs	3.0
1887.6519777564026	0.027445899999975154	epochs	2.0
1887.6519777564026	0.013744599999881757	epochs	3.0
1887.6657223564025	0.013701300000093397	epochs	3.0
1887.6794236564026	0.0272735000000921	epochs	2.0
1887.6794236564026	0.013658200000008947	epochs	3.0
1887.6930818564026	0.013615300000083153	epochs	3.0
1887.7066971564027	0.027103399999987232	epochs	2.0
1887.7066971564027	0.01357279999979255	epochs	3.0
1887.7202699564025	0.013530600000194681	epochs	3.0
1887.7338005564027	0.026935199999797987	epochs	2.0
1887.7338005564027	0.01348839999991469	epochs	3.0
1887.7472889564026	0.013446799999883297	epochs	3.0
1887.7607357564025	0.026769200000217097	epochs	2.0
1887.7607357564025	0.013405200000079276	epochs	3.0
1887.7741409564026	0.013364000000137821	epochs	3.0
1887.7875049564027	0.026605199999949036	epochs	2.0
1887.7875049564027	0.013322899999820947	epochs	3.0
1887.8008278564025	0.013282300000128089	epochs	3.0
1887.8141101564026	0.0264431999999033	epochs	2.0
1887.8141101564026	0.013241699999980483	epochs	3.0
1887.8273518564026	0.013201499999922817	epochs	3.0
1887.8405533564026	0.026283200000079887	epochs	2.0
1887.8405533564026	0.013161500000023807	epochs	3.0
1887.8537148564026	0.01312170000005608	epochs	3.0
1887.8668365564026	0.026124999999865395	epochs	2.0
1887.8668365564026	0.013082100000019636	epochs	3.0
1887.8799186564027	0.013042899999845758	epochs	3.0
1887.8929615564025	0.02596890000017993	epochs	2.0
1887.8929615564025	0.01300390000005791	epochs	3.0
1887.9059654564026	0.012965000000122018	epochs	3.0
1887.9189304564027	0.025814500000024054	epochs	2.0
1887.9189304564027	0.012926399999969362	epochs	3.0
1887.9318568564026	0.012888100000054692	epochs	3.0
1887.9447449564027	0.025661899999931848	epochs	2.0
1887.9447449564027	0.012849899999991976	epochs	3.0
1887.9575948564027	0.012811999999939871	epochs	3.0
1887.9704068564026	0.025511199999982637	epochs	2.0
1887.9704068564026	0.012774399999898378	epochs	3.0
1887.9831812564025	0.012736800000084258	epochs	3.0
1887.9959180564026	0.02536229999986972	epochs	2.0
1887.9959180564026	0.01269969999998466	epochs	3.0
1888.0086177564026	0.01266259999988506	epochs	3.0
1888.0212803564025	0.02521500000011656	epochs	2.0
1888.0212803564025	0.012625800000023446	epochs	3.0
1888.0339061564025	0.012589200000093115	epochs	3.0
1888.0464953564026	0.024584799999956886	epochs	2.0
1888.0695763564026	0.5	epochs	-1.0
1888.0710801564026	0.4996000000001004	epochs	1.0
1888.5706801564027	0.5003199999998742	epochs	0.0
1888.973000049591	0.06007999999997082	epochs	0.0
1888.973000049591	0.025041300000111733	epochs	1.0
1888.9980413495912	0.009997399999974732	epochs	1.0
1889.0080387495912	0.02504129999988436	epochs	1.0
1889.033080049591	2.0	epochs	0.0
1891.033080049591	21.519680000000108	epochs	0.0
1891.033080049591	1.0	epochs	1.0
1891.0330962495912	0.5	epochs	-1.0
1891.5330962495912	19.998479999999972	epochs	-1.0
1892.033080049591	20.0	epochs	1.0
1892.033080049591	4.356753900000058	epochs	-1.0
1892.033080049591	1.9745872000000873	epochs	2.0
1892.033080049591	1.0985622000000603	epochs	3.0
1893.131642249591	0.8760250000000269	epochs	3.0
1894.0076672495911	1.3524075000000266	epochs	2.0
1894.0076672495911	0.7286354999998821	epochs	3.0
1894.736302749591	0.6237720000001445	epochs	3.0
1895.3600747495911	1.029759199999944	epochs	2.0
1895.3600747495911	0.5453292999998212	epochs	3.0
1895.905404049591	0.48442990000012287	epochs	3.0
1896.389833949591	0.8317861999998968	epochs	2.0
1896.389833949591	0.4357763000000432	epochs	3.0
1896.8256102495911	0.3960098999998536	epochs	3.0
1897.221620149591	0.6977970000000369	epochs	2.0
1897.221620149591	0.3628982000000178	epochs	3.0
1897.584518349591	0.33489880000001904	epochs	3.0
1897.919417149591	0.601045699999986	epochs	2.0
1897.919417149591	0.3109122999999272	epochs	3.0
1898.230329449591	0.2901334000000588	epochs	3.0
1898.520462849591	0.5278859000000011	epochs	2.0
1898.520462849591	0.2719586000000618	epochs	3.0
1898.792421449591	0.25592729999993935	epochs	3.0
1899.048348749591	0.470619299999953	epochs	2.0
1899.048348749591	0.241681299999982	epochs	3.0
1899.290030049591	0.228937999999971	epochs	3.0
1899.518968049591	0.42457039999999324	epochs	2.0
1899.518968049591	0.21747140000002219	epochs	3.0
1899.736439449591	0.20709899999997106	epochs	3.0
1899.943538449591	0.3867354000001342	epochs	2.0
1899.943538449591	0.19767110000020693	epochs	3.0
1900.1412095495912	0.18906429999992724	epochs	3.0
1900.330273849591	0.35509529999990264	epochs	2.0
1900.330273849591	0.18117589999997108	epochs	3.0
1900.511449749591	0.17391939999993156	epochs	3.0
1900.685369149591	0.3282431000000088	epochs	2.0
1900.685369149591	0.16722189999995862	epochs	3.0
1900.852591049591	0.16102120000005016	epochs	3.0
1901.013612249591	0.30516800000009425	epochs	2.0
1901.013612249591	0.15526390000013635	epochs	3.0
1901.1688761495911	0.1499040999999579	epochs	3.0
1901.318780249591	0.28512529999989056	epochs	2.0
1901.318780249591	0.14490209999985382	epochs	3.0
1901.463682349591	0.14022320000003674	epochs	3.0
1901.603905549591	0.267553800000087	epochs	2.0
1901.603905549591	0.13583690000018578	epochs	3.0
1901.7397424495912	0.13171689999990122	epochs	3.0
1901.871459349591	0.252022899999929	epochs	2.0
1901.871459349591	0.1278393000000051	epochs	3.0
1901.999298649591	0.1241835999999239	epochs	3.0
1902.123482249591	0.23819649999995818	epochs	2.0
1902.123482249591	0.12073110000005727	epochs	3.0
1902.244213349591	0.11746539999990091	epochs	3.0
1902.361678749591	0.2258088000000953	epochs	2.0
1902.361678749591	0.11437190000015107	epochs	3.0
1902.4760506495911	0.11143689999994422	epochs	3.0
1902.587487549591	0.21464599999990241	epochs	2.0
1902.587487549591	0.10864889999993466	epochs	3.0
1902.696136449591	0.10599709999996776	epochs	3.0
1902.802133549591	0.20453500000007807	epochs	2.0
1902.802133549591	0.10347150000006877	epochs	3.0
1902.905605049591	0.1010635000000093	epochs	3.0
1903.006668549591	0.19533400000000256	epochs	2.0
1903.006668549591	0.09876510000003691	epochs	3.0
1903.105433649591	0.09656889999996565	epochs	3.0
1903.202002549591	0.18692529999998442	epochs	2.0
1903.202002549591	0.09446830000001682	epochs	3.0
1903.296470849591	0.09245699999996759	epochs	3.0
1903.388927849591	0.1792107000001124	epochs	2.0
1903.388927849591	0.0905296000000817	epochs	3.0
1903.479457449591	0.08868110000003071	epochs	3.0
1903.5681385495911	0.17210769999996955	epochs	2.0
1903.5681385495911	0.08690630000000965	epochs	3.0
1903.6550448495911	0.0852013999999599	epochs	3.0
1903.740246249591	0.16554640000003928	epochs	2.0
1903.740246249591	0.08356189999994967	epochs	3.0
1903.823808149591	0.08198450000008961	epochs	3.0
1903.9057926495911	0.15946709999980158	epochs	2.0
1903.9057926495911	0.08046539999986635	epochs	3.0
1903.986258049591	0.07900169999993523	epochs	3.0
1904.065259749591	0.15381840000009106	epochs	2.0
1904.065259749591	0.07759010000017952	epochs	3.0
1904.1428498495911	0.07622829999991154	epochs	3.0
1904.219078149591	0.14855639999996129	epochs	2.0
1904.219078149591	0.07491329999993468	epochs	3.0
1904.293991449591	0.0736431000000266	epochs	3.0
1904.367634549591	0.14364240000008976	epochs	2.0
1904.367634549591	0.07241500000009182	epochs	3.0
1904.440049549591	0.07122739999999794	epochs	3.0
1904.511276949591	0.13904309999998077	epochs	2.0
1904.511276949591	0.07007799999996678	epochs	3.0
1904.581354949591	0.06896510000001399	epochs	3.0
1904.650320049591	0.13472929999988992	epochs	2.0
1904.650320049591	0.0678871000000072	epochs	3.0
1904.718207149591	0.06684219999988272	epochs	3.0
1904.785049349591	0.1306752000000415	epochs	2.0
1904.785049349591	0.06582910000020092	epochs	3.0
1904.8508784495912	0.06484609999984059	epochs	3.0
1904.915724549591	0.12685780000015257	epochs	2.0
1904.915724549591	0.06389200000012352	epochs	3.0
1904.9796165495911	0.06296580000002905	epochs	3.0
1905.0425823495912	0.12325719999989815	epochs	2.0
1905.0425823495912	0.06206579999980022	epochs	3.0
1905.104648149591	0.06119140000009793	epochs	3.0
1905.165839549591	0.11985540000000583	epochs	2.0
1905.165839549591	0.060341099999959624	epochs	3.0
1905.226180649591	0.059514300000046205	epochs	3.0
1905.285694949591	0.1166361999999026	epochs	2.0
1905.285694949591	0.058709599999929196	epochs	3.0
1905.344404549591	0.057926599999973405	epochs	3.0
1905.402331149591	0.11358560000007856	epochs	2.0
1905.402331149591	0.057164200000215715	epochs	3.0
1905.4594953495912	0.05642139999986284	epochs	3.0
1905.515916749591	0.11069049999991876	epochs	2.0
1905.515916749591	0.055697900000041045	epochs	3.0
1905.571614649591	0.05499259999987771	epochs	3.0
1905.626607249591	0.1079391000000669	epochs	2.0
1905.626607249591	0.05430490000003374	epochs	3.0
1905.680912149591	0.05363420000003316	epochs	3.0
1905.734546349591	0.10532149999994544	epochs	2.0
1905.734546349591	0.05297999999993408	epochs	3.0
1905.787526349591	0.052341500000011365	epochs	3.0
1905.839867849591	0.10282760000018243	epochs	2.0
1905.839867849591	0.05171810000001642	epochs	3.0
1905.891585949591	0.05110950000016601	epochs	3.0
1905.9426954495912	0.10044909999987794	epochs	2.0
1905.9426954495912	0.0505148999998255	epochs	3.0
1905.993210349591	0.04993420000005244	epochs	3.0
1906.043144549591	0.0981782999999723	epochs	2.0
1906.043144549591	0.04936659999998483	epochs	3.0
1906.092511149591	0.04881169999998747	epochs	3.0
1906.141322849591	0.09600780000005216	epochs	2.0
1906.141322849591	0.04826920000004975	epochs	3.0
1906.189592049591	0.04773860000000241	epochs	3.0
1906.237330649591	0.09393120000004274	epochs	2.0
1906.237330649591	0.04721949999998287	epochs	3.0
1906.284550149591	0.046711700000059864	epochs	3.0
1906.331261849591	0.09194260000003851	epochs	2.0
1906.331261849591	0.046214599999984785	epochs	3.0
1906.377476449591	0.045728000000053726	epochs	3.0
1906.4232044495911	0.09003629999983787	epochs	2.0
1906.4232044495911	0.045251499999949374	epochs	3.0
1906.468455949591	0.04478479999988849	epochs	3.0
1906.513240749591	0.08820760000003247	epochs	2.0
1906.513240749591	0.044327800000019124	epochs	3.0
1906.557568549591	0.04387980000001335	epochs	3.0
1906.601448349591	0.0864516999999978	epochs	2.0
1906.601448349591	0.04344100000002982	epochs	3.0
1906.644889349591	0.04301069999996798	epochs	3.0
1906.687900049591	0.08476429999996071	epochs	2.0
1906.687900049591	0.04258900000013455	epochs	3.0
1906.7304890495911	0.042175299999826166	epochs	3.0
1906.772664349591	0.08314150000001064	epochs	2.0
1906.772664349591	0.04176970000003166	epochs	3.0
1906.814434049591	0.041371799999978975	epochs	3.0
1906.855805849591	0.08157970000002024	epochs	2.0
1906.855805849591	0.04098140000019157	epochs	3.0
1906.8967872495912	0.04059829999982867	epochs	3.0
1906.937385549591	0.08007550000002084	epochs	2.0
1906.937385549591	0.040222300000095856	epochs	3.0
1906.977607849591	0.03985319999992498	epochs	3.0
1907.017461049591	0.07862569999997504	epochs	2.0
1907.017461049591	0.039490800000066884	epochs	3.0
1907.056951849591	0.03913489999990816	epochs	3.0
1907.096086749591	0.07722760000001472	epochs	2.0
1907.096086749591	0.038785400000051595	epochs	3.0
1907.134872149591	0.03844219999996312	epochs	3.0
1907.173314349591	0.07587820000003376	epochs	2.0
1907.173314349591	0.03810480000015559	epochs	3.0
1907.2114191495912	0.037773399999878166	epochs	3.0
1907.249192549591	0.0745752000000266	epochs	2.0
1907.249192549591	0.03744770000002973	epochs	3.0
1907.286640249591	0.03712749999999687	epochs	3.0
1907.323767749591	0.07331629999998768	epochs	2.0
1907.323767749591	0.0368129000000863	epochs	3.0
1907.3605806495912	0.036503399999901376	epochs	3.0
1907.397084049591	0.07209899999998015	epochs	2.0
1907.397084049591	0.03619909999997617	epochs	3.0
1907.433283149591	0.03589990000000398	epochs	3.0
1907.469183049591	0.07092170000009901	epochs	2.0
1907.469183049591	0.03560560000005353	epochs	3.0
1907.504788649591	0.03531610000004548	epochs	3.0
1907.5401047495911	0.06978200000003199	epochs	2.0
1907.5401047495911	0.03503119999982118	epochs	3.0
1907.575135949591	0.0347508000002108	epochs	3.0
1907.6098867495912	0.06867859999988468	epochs	2.0
1907.6098867495912	0.03447509999978138	epochs	3.0
1907.644361849591	0.034203500000103304	epochs	3.0
1907.678565349591	0.06760929999995824	epochs	2.0
1907.678565349591	0.033936199999970995	epochs	3.0
1907.712501549591	0.033673099999987244	epochs	3.0
1907.746174649591	0.06657289999998284	epochs	2.0
1907.746174649591	0.03341399999999339	epochs	3.0
1907.779588649591	0.033158899999989444	epochs	3.0
1907.812747549591	0.06556780000005347	epochs	2.0
1907.812747549591	0.03290770000012344	epochs	3.0
1907.8456552495911	0.032660099999930026	epochs	3.0
1907.878315349591	0.06459259999996902	epochs	2.0
1907.878315349591	0.03241640000010193	epochs	3.0
1907.9107317495912	0.032176199999867094	epochs	3.0
1907.942907949591	0.06364600000006249	epochs	2.0
1907.942907949591	0.03193959999998697	epochs	3.0
1907.974847549591	0.03170640000007552	epochs	3.0
1908.006553949591	0.0627266999999847	epochs	2.0
1908.006553949591	0.031476599999905375	epochs	3.0
1908.038030549591	0.03125010000007933	epochs	3.0
1908.069280649591	0.06183359999999993	epochs	2.0
1908.069280649591	0.03102689999991526	epochs	3.0
1908.100307549591	0.030806700000084675	epochs	3.0
1908.131114249591	0.060965599999917686	epochs	2.0
1908.131114249591	0.030589799999916067	epochs	3.0
1908.161704049591	0.030375800000001618	epochs	3.0
1908.192079849591	0.06012160000000222	epochs	2.0
1908.192079849591	0.030164900000045236	epochs	3.0
1908.222244749591	0.02995669999995698	epochs	3.0
1908.252201449591	0.05930069999999432	epochs	2.0
1908.252201449591	0.029751600000054168	epochs	3.0
1908.281953049591	0.029549099999940154	epochs	3.0
1908.311502149591	0.058501800000158255	epochs	2.0
1908.311502149591	0.02934940000000097	epochs	3.0
1908.340851549591	0.029152400000157286	epochs	3.0
1908.3700039495911	0.05772419999993872	epochs	2.0
1908.3700039495911	0.028957999999875028	epochs	3.0
1908.398961949591	0.02876620000006369	epochs	3.0
1908.427728149591	0.05696710000006533	epochs	2.0
1908.427728149591	0.028577000000041153	epochs	3.0
1908.4563051495911	0.028390100000024177	epochs	3.0
1908.4846952495911	0.05622949999997218	epochs	2.0
1908.4846952495911	0.028205699999944045	epochs	3.0
1908.512900949591	0.028023800000028132	epochs	3.0
1908.540924749591	0.05551070000001346	epochs	2.0
1908.540924749591	0.027843999999959124	epochs	3.0
1908.568768749591	0.027666700000054334	epochs	3.0
1908.5964354495911	0.054810200000019904	epochs	2.0
1908.5964354495911	0.02749149999999645	epochs	3.0
1908.6239269495911	0.027318700000023455	epochs	3.0
1908.6512456495911	0.054126999999880354	epochs	2.0
1908.6512456495911	0.027147799999966082	epochs	3.0
1908.678393449591	0.026979199999914272	epochs	3.0
1908.705372649591	0.053460699999959616	epochs	2.0
1908.705372649591	0.026812600000084785	epochs	3.0
1908.732185249591	0.02664809999987483	epochs	3.0
1908.758833349591	0.05281070000000909	epochs	2.0
1908.758833349591	0.026485600000114573	epochs	3.0
1908.785318949591	0.02632509999989452	epochs	3.0
1908.811644049591	0.05217620000007628	epochs	2.0
1908.811644049591	0.026166399999965506	epochs	3.0
1908.837810449591	0.026009800000110772	epochs	3.0
1908.863820249591	0.051556699999991906	epochs	2.0
1908.863820249591	0.025854799999933675	epochs	3.0
1908.889675049591	0.02570190000005823	epochs	3.0
1908.915376949591	0.05095189999997274	epochs	2.0
1908.915376949591	0.025550699999939752	epochs	3.0
1908.940927649591	0.025401200000032986	epochs	3.0
1908.966328849591	0.05036100000006627	epochs	2.0
1908.966328849591	0.025253499999962514	epochs	3.0
1908.991582349591	0.025107500000103755	epochs	3.0
1909.016689849591	0.04978379999988647	epochs	2.0
1909.016689849591	0.02496320000000196	epochs	3.0
1909.041653049591	0.024820599999884507	epochs	3.0
1909.066473649591	0.04921950000016295	epochs	2.0
1909.066473649591	0.024679399999968155	epochs	3.0
1909.091153049591	0.024540100000194798	epochs	3.0
1909.1156931495912	0.04866789999982757	epochs	2.0
1909.1156931495912	0.024402099999861093	epochs	3.0
1909.140095249591	0.024265799999966475	epochs	3.0
1909.164361049591	0.04812860000015462	epochs	2.0
1909.164361049591	0.024131000000124914	epochs	3.0
1909.188492049591	0.023997600000029706	epochs	3.0
1909.2124896495911	0.04760109999983797	epochs	2.0
1909.2124896495911	0.02386579999983951	epochs	3.0
1909.236355449591	0.02373529999999846	epochs	3.0
1909.260090749591	0.04708500000015192	epochs	2.0
1909.260090749591	0.023606299999983094	epochs	3.0
1909.283697049591	0.02347870000016883	epochs	3.0
1909.3071757495911	0.046579999999948996	epochs	2.0
1909.3071757495911	0.023352499999873544	epochs	3.0
1909.330528249591	0.02322750000007545	epochs	3.0
1909.353755749591	0.046085700000048746	epochs	2.0
1909.353755749591	0.023104000000103042	epochs	3.0
1909.3768597495912	0.022981699999945704	epochs	3.0
1909.3998414495911	0.045601799999985815	epochs	2.0
1909.3998414495911	0.02286069999991014	epochs	3.0
1909.422702149591	0.022741100000075676	epochs	3.0
1909.445443249591	0.045127899999897636	epochs	2.0
1909.445443249591	0.022622499999897627	epochs	3.0
1909.468065749591	0.02250540000000001	epochs	3.0
1909.490571149591	0.0446638000000803	epochs	2.0
1909.490571149591	0.02238929999998618	epochs	3.0
1909.512960449591	0.022274500000094122	epochs	3.0
1909.535234949591	0.04420920000006845	epochs	2.0
1909.535234949591	0.022160799999937808	epochs	3.0
1909.557395749591	0.02204840000013064	epochs	3.0
1909.5794441495912	0.04376359999992019	epochs	2.0
1909.5794441495912	0.02193689999990056	epochs	3.0
1909.601381049591	0.021826700000019628	epochs	3.0
1909.623207749591	0.04332709999994222	epochs	2.0
1909.623207749591	0.02171760000010181	epochs	3.0
1909.6449253495912	0.02160949999984041	epochs	3.0
1909.666534849591	0.04289900000003399	epochs	2.0
1909.666534849591	0.02150249999999687	epochs	3.0
1909.688037349591	0.021396500000037122	epochs	3.0
1909.709433849591	0.04247950000012679	epochs	2.0
1909.709433849591	0.021291700000119818	epochs	3.0
1909.7307255495912	0.021187800000006973	epochs	3.0
1909.7519133495912	0.04206789999989269	epochs	2.0
1909.7519133495912	0.021084899999777917	epochs	3.0
1909.772998249591	0.02098300000011477	epochs	3.0
1909.793981249591	0.04166439999994509	epochs	2.0
1909.793981249591	0.020882199999959994	epochs	3.0
1909.814863449591	0.020782199999985096	epochs	3.0
1909.835645649591	0.04126850000011473	epochs	2.0
1909.835645649591	0.020683299999973315	epochs	3.0
1909.856328949591	0.020585200000141413	epochs	3.0
1909.8769141495911	0.04088000000001557	epochs	2.0
1909.8769141495911	0.020488099999965925	epochs	3.0
1909.897402249591	0.020391900000049645	epochs	3.0
1909.9177941495911	0.04049880000002304	epochs	2.0
1909.9177941495911	0.020296599999937825	epochs	3.0
1909.938090749591	0.020202200000085213	epochs	3.0
1909.9582929495912	0.040124599999899146	epochs	2.0
1909.9582929495912	0.020108699999809687	epochs	3.0
1909.978401649591	0.02001590000008946	epochs	3.0
1909.998417549591	0.03975730000001931	epochs	2.0
1909.998417549591	0.019924200000104975	epochs	3.0
1910.0183417495912	0.01983309999991434	epochs	3.0
1910.038174849591	0.03939669999999751	epochs	2.0
1910.038174849591	0.01974300000006224	epochs	3.0
1910.0579178495911	0.01965369999993527	epochs	3.0
1910.077571549591	0.03904239999997117	epochs	2.0
1910.077571549591	0.019565099999908853	epochs	3.0
1910.097136649591	0.019477300000062314	epochs	3.0
1910.116613949591	0.038694600000098944	epochs	2.0
1910.116613949591	0.019390400000020236	epochs	3.0
1910.136004349591	0.01930420000007871	epochs	3.0
1910.1553085495912	0.038352899999836154	epochs	2.0
1910.1553085495912	0.019218799999862313	epochs	3.0
1910.174527349591	0.01913409999997384	epochs	3.0
1910.193661449591	0.03801720000001296	epochs	2.0
1910.193661449591	0.019050200000037876	epochs	3.0
1910.212711649591	0.018966999999975087	epochs	3.0
1910.231678649591	0.03768720000016401	epochs	2.0
1910.231678649591	0.01888450000001285	epochs	3.0
1910.250563149591	0.018802700000151162	epochs	3.0
1910.2693658495912	0.03736309999999321	epochs	2.0
1910.2693658495912	0.018721699999787234	epochs	3.0
1910.288087549591	0.018641400000205977	epochs	3.0
1910.3067289495912	0.03704429999993408	epochs	2.0
1910.3067289495912	0.018561599999884493	epochs	3.0
1910.325290549591	0.01848270000004959	epochs	3.0
1910.343773249591	0.03673099999991791	epochs	2.0
1910.343773249591	0.018404299999929208	epochs	3.0
1910.362177549591	0.018326699999988705	epochs	3.0
1910.380504249591	0.03642290000016146	epochs	2.0
1910.380504249591	0.018249599999990096	epochs	3.0
1910.398753849591	0.018173300000171366	epochs	3.0
1910.4169271495912	0.036120099999834565	epochs	2.0
1910.4169271495912	0.01809759999991911	epochs	3.0
1910.435024749591	0.018022499999915453	epochs	3.0
1910.453047249591	0.035822100000132195	epochs	2.0
1910.453047249591	0.017947900000081063	epochs	3.0
1910.470995149591	0.017874200000051133	epochs	3.0
1910.4888693495911	0.03552899999999681	epochs	2.0
1910.4888693495911	0.017800800000031813	epochs	3.0
1910.5066701495912	0.017728199999965	epochs	3.0
1910.5243983495911	0.03524070000003121	epochs	2.0
1910.5243983495911	0.01765609999984008	epochs	3.0
1910.542054449591	0.01758460000019113	epochs	3.0
1910.5596390495912	0.03495709999992869	epochs	2.0
1910.5596390495912	0.017513699999881283	epochs	3.0
1910.577152749591	0.017443400000047404	epochs	3.0
1910.594596149591	0.034677899999906	epochs	2.0
1910.594596149591	0.017373599999928047	epochs	3.0
1910.611969749591	0.017304299999977957	epochs	3.0
1910.629274049591	0.03440330000012182	epochs	2.0
1910.629274049591	0.017235700000128418	epochs	3.0
1910.6465097495911	0.0171675999999934	epochs	3.0
1910.6636773495911	0.03413279999995211	epochs	2.0
1910.6636773495911	0.01709989999994832	epochs	3.0
1910.680777249591	0.017032900000003792	epochs	3.0
1910.697810149591	0.03386670000008962	epochs	2.0
1910.697810149591	0.01696640000000116	epochs	3.0
1910.714776549591	0.016900300000088464	epochs	3.0
1910.7316768495912	0.03360459999998966	epochs	2.0
1910.7316768495912	0.01683479999996962	epochs	3.0
1910.7485116495911	0.01676980000002004	epochs	3.0
1910.7652814495912	0.033346599999958926	epochs	2.0
1910.7652814495912	0.016705300000012357	epochs	3.0
1910.7819867495912	0.01664129999994657	epochs	3.0
1910.7986280495911	0.033092499999838765	epochs	2.0
1910.7986280495911	0.016577800000050047	epochs	3.0
1910.8152058495912	0.016514699999788718	epochs	3.0
1910.831720549591	0.032842300000083924	epochs	2.0
1910.831720549591	0.01645220000000336	epochs	3.0
1910.848172749591	0.016390100000080565	epochs	3.0
1910.864562849591	0.03259570000000167	epochs	2.0
1910.864562849591	0.016328400000020338	epochs	3.0
1910.880891249591	0.016267299999981333	epochs	3.0
1910.897158549591	0.032352899999978035	epochs	2.0
1910.897158549591	0.016206600000032267	epochs	3.0
1910.913365149591	0.016146299999945768	epochs	3.0
1910.929511449591	0.032113700000081735	epochs	2.0
1910.929511449591	0.016086600000107865	epochs	3.0
1910.9455980495911	0.01602709999997387	epochs	3.0
1910.961625149591	0.03187800000000607	epochs	2.0
1910.961625149591	0.0159681999998611	epochs	3.0
1910.977593349591	0.01590980000014497	epochs	3.0
1910.993503149591	0.03164569999989908	epochs	2.0
1910.993503149591	0.015851599999905375	epochs	3.0
1911.009354749591	0.015794099999993705	epochs	3.0
1911.025148849591	0.03141670000013619	epochs	2.0
1911.025148849591	0.015736700000161363	epochs	3.0
1911.0408855495912	0.015679999999974825	epochs	3.0
1911.0565655495911	0.03119109999988723	epochs	2.0
1911.0565655495911	0.015623600000026272	epochs	3.0
1911.0721891495912	0.015567499999860956	epochs	3.0
1911.087756649591	0.03096870000013041	epochs	2.0
1911.087756649591	0.015511999999944237	epochs	3.0
1911.103268649591	0.015456700000186174	epochs	3.0
1911.1187253495912	0.030749499999956242	epochs	2.0
1911.1187253495912	0.015401999999994587	epochs	3.0
1911.1341273495912	0.015347499999961656	epochs	3.0
1911.1494748495911	0.03053320000003623	epochs	2.0
1911.1494748495911	0.015293400000018664	epochs	3.0
1911.1647682495911	0.015239800000017567	epochs	3.0
1911.1800080495912	0.030320099999926242	epochs	2.0
1911.1800080495912	0.015186500000027081	epochs	3.0
1911.1951945495912	0.015133599999899161	epochs	3.0
1911.210328149591	0.03010990000007041	epochs	2.0
1911.210328149591	0.015081000000009226	epochs	3.0
1911.225409149591	0.015028900000061185	epochs	3.0
1911.2404380495911	0.029902499999934662	epochs	2.0
1911.2404380495911	0.014976999999817053	epochs	3.0
1911.255415049591	0.014925500000117609	epochs	3.0
1911.270340549591	0.029698099999905025	epochs	2.0
1911.270340549591	0.014874400000053356	epochs	3.0
1911.2852149495911	0.01482369999985167	epochs	3.0
1911.300038649591	0.029496300000118936	epochs	2.0
1911.300038649591	0.014773200000036013	epochs	3.0
1911.314811849591	0.014723100000082923	epochs	3.0
1911.329534949591	0.029297399999904883	epochs	2.0
1911.329534949591	0.014673399999992398	epochs	3.0
1911.344208349591	0.014623999999912485	epochs	3.0
1911.358832349591	0.02910110000016175	epochs	2.0
1911.358832349591	0.014574900000070556	epochs	3.0
1911.373407249591	0.014526200000091194	epochs	3.0
1911.3879334495912	0.028907399999980044	epochs	2.0
1911.3879334495912	0.01447769999981574	epochs	3.0
1911.402411149591	0.014429700000164303	epochs	3.0
1911.4168408495912	0.028716199999962555	epochs	2.0
1911.4168408495912	0.014381799999910072	epochs	3.0
1911.431222649591	0.014334400000052483	epochs	3.0
1911.4455570495911	0.02852759999996124	epochs	2.0
1911.4455570495911	0.014287199999898803	epochs	3.0
1911.459844249591	0.014240400000062436	epochs	3.0
1911.474084649591	0.028341400000044814	epochs	2.0
1911.474084649591	0.014193799999929979	epochs	3.0
1911.488278449591	0.014147600000114835	epochs	3.0
1911.5024260495911	0.02815769999983786	epochs	2.0
1911.5024260495911	0.014101699999855555	epochs	3.0
1911.516527749591	0.014055999999982305	epochs	3.0
1911.530583749591	0.027976300000091214	epochs	2.0
1911.530583749591	0.014010600000119666	epochs	3.0
1911.544594349591	0.013965699999971548	epochs	3.0
1911.558560049591	0.027797200000122757	epochs	2.0
1911.558560049591	0.013920800000050804	epochs	3.0
1911.572480849591	0.013876400000071953	epochs	3.0
1911.5863572495912	0.027620399999932488	epochs	2.0
1911.5863572495912	0.013832199999797012	epochs	3.0
1911.600189449591	0.013788200000135475	epochs	3.0
1911.613977649591	0.027445899999975154	epochs	2.0
1911.613977649591	0.013744599999881757	epochs	3.0
1911.627722249591	0.013701300000093397	epochs	3.0
1911.641423549591	0.0272735000000921	epochs	2.0
1911.641423549591	0.013658200000008947	epochs	3.0
1911.655081749591	0.013615300000083153	epochs	3.0
1911.6686970495912	0.027103399999987232	epochs	2.0
1911.6686970495912	0.01357279999979255	epochs	3.0
1911.682269849591	0.013530600000194681	epochs	3.0
1911.6958004495912	0.026935199999797987	epochs	2.0
1911.6958004495912	0.01348839999991469	epochs	3.0
1911.709288849591	0.013446799999883297	epochs	3.0
1911.722735649591	0.026769200000217097	epochs	2.0
1911.722735649591	0.013405200000079276	epochs	3.0
1911.736140849591	0.013364000000137821	epochs	3.0
1911.7495048495912	0.026605199999949036	epochs	2.0
1911.7495048495912	0.013322899999820947	epochs	3.0
1911.762827749591	0.013282300000128089	epochs	3.0
1911.7761100495911	0.0264431999999033	epochs	2.0
1911.7761100495911	0.013241699999980483	epochs	3.0
1911.789351749591	0.013201499999922817	epochs	3.0
1911.802553249591	0.026283200000079887	epochs	2.0
1911.802553249591	0.013161500000023807	epochs	3.0
1911.815714749591	0.01312170000005608	epochs	3.0
1911.828836449591	0.026124999999865395	epochs	2.0
1911.828836449591	0.013082100000019636	epochs	3.0
1911.8419185495911	0.013042899999845758	epochs	3.0
1911.854961449591	0.02596890000017993	epochs	2.0
1911.854961449591	0.01300390000005791	epochs	3.0
1911.867965349591	0.012965000000122018	epochs	3.0
1911.8809303495912	0.025814500000024054	epochs	2.0
1911.8809303495912	0.012926399999969362	epochs	3.0
1911.8938567495911	0.012888100000054692	epochs	3.0
1911.9067448495912	0.025661899999931848	epochs	2.0
1911.9067448495912	0.012849899999991976	epochs	3.0
1911.9195947495912	0.012811999999939871	epochs	3.0
1911.932406749591	0.025511199999982637	epochs	2.0
1911.932406749591	0.012774399999898378	epochs	3.0
1911.945181149591	0.012736800000084258	epochs	3.0
1911.957917949591	0.02536229999986972	epochs	2.0
1911.957917949591	0.01269969999998466	epochs	3.0
1911.970617649591	0.01266259999988506	epochs	3.0
1911.983280249591	0.02521500000011656	epochs	2.0
1911.983280249591	0.012625800000023446	epochs	3.0
1911.995906049591	0.012589200000093115	epochs	3.0
1912.008495249591	0.024584799999956886	epochs	2.0
1912.0315762495911	0.5	epochs	-1.0
1912.033080049591	0.5196800000001076	epochs	1.0
1912.5527600495911	0.480239999999867	epochs	0.0
1912.9450001716614	0.06007999999997082	epochs	0.0
1912.9450001716614	0.025041300000111733	epochs	1.0
1912.9700414716615	0.009997399999974732	epochs	1.0
1912.9800388716615	0.02504129999988436	epochs	1.0
1913.0050801716613	2.0	epochs	0.0
1915.0050801716613	0.5395200000000386	epochs	0.0
1915.0050801716613	0.5395200000000386	epochs	1.0
1915.0050963716615	0.5	epochs	-1.0
1915.5050963716615	0.039503799999920375	epochs	-1.0
1915.5446001716614	21.460399999999936	epochs	0.0
1916.884000301361	0.06007999999997082	epochs	0.0
1916.884000301361	0.025041300000111733	epochs	1.0
1916.9090416013612	0.009997399999974732	epochs	1.0
1916.9190390013612	0.02504129999988436	epochs	1.0
1916.944080301361	2.0	epochs	0.0
1918.944080301361	21.999919999999975	epochs	0.0
1918.944080301361	1.0	epochs	1.0
1918.9440965013612	0.5	epochs	-1.0
1919.4440965013612	19.998479999999972	epochs	-1.0
1919.944080301361	20.0	epochs	1.0
1919.944080301361	4.356753900000058	epochs	-1.0
1919.944080301361	1.9745872000000873	epochs	2.0
1919.944080301361	1.0985622000000603	epochs	3.0
1921.0426425013611	0.8760250000000269	epochs	3.0
1921.9186675013611	1.3524075000000266	epochs	2.0
1921.9186675013611	0.7286354999998821	epochs	3.0
1922.647303001361	0.6237720000001445	epochs	3.0
1923.2710750013612	1.029759199999944	epochs	2.0
1923.2710750013612	0.5453292999998212	epochs	3.0
1923.816404301361	0.48442990000012287	epochs	3.0
1924.300834201361	0.8317861999998968	epochs	2.0
1924.300834201361	0.4357763000000432	epochs	3.0
1924.7366105013612	0.3960098999998536	epochs	3.0
1925.132620401361	0.6977970000000369	epochs	2.0
1925.132620401361	0.3628982000000178	epochs	3.0
1925.495518601361	0.33489880000001904	epochs	3.0
1925.830417401361	0.601045699999986	epochs	2.0
1925.830417401361	0.3109122999999272	epochs	3.0
1926.141329701361	0.2901334000000588	epochs	3.0
1926.431463101361	0.5278859000000011	epochs	2.0
1926.431463101361	0.2719586000000618	epochs	3.0
1926.703421701361	0.25592729999993935	epochs	3.0
1926.959349001361	0.470619299999953	epochs	2.0
1926.959349001361	0.241681299999982	epochs	3.0
1927.201030301361	0.228937999999971	epochs	3.0
1927.429968301361	0.42457039999999324	epochs	2.0
1927.429968301361	0.21747140000002219	epochs	3.0
1927.647439701361	0.20709899999997106	epochs	3.0
1927.854538701361	0.3867354000001342	epochs	2.0
1927.854538701361	0.19767110000020693	epochs	3.0
1928.0522098013612	0.18906429999992724	epochs	3.0
1928.2412741013611	0.35509529999990264	epochs	2.0
1928.2412741013611	0.18117589999997108	epochs	3.0
1928.422450001361	0.17391939999993156	epochs	3.0
1928.596369401361	0.3282431000000088	epochs	2.0
1928.596369401361	0.16722189999995862	epochs	3.0
1928.763591301361	0.16102120000005016	epochs	3.0
1928.924612501361	0.30516800000009425	epochs	2.0
1928.924612501361	0.15526390000013635	epochs	3.0
1929.0798764013612	0.1499040999999579	epochs	3.0
1929.2297805013611	0.28512529999989056	epochs	2.0
1929.2297805013611	0.14490209999985382	epochs	3.0
1929.374682601361	0.14022320000003674	epochs	3.0
1929.514905801361	0.267553800000087	epochs	2.0
1929.514905801361	0.13583690000018578	epochs	3.0
1929.6507427013612	0.13171689999990122	epochs	3.0
1929.782459601361	0.252022899999929	epochs	2.0
1929.782459601361	0.1278393000000051	epochs	3.0
1929.910298901361	0.1241835999999239	epochs	3.0
1930.034482501361	0.23819649999995818	epochs	2.0
1930.034482501361	0.12073110000005727	epochs	3.0
1930.155213601361	0.11746539999990091	epochs	3.0
1930.272679001361	0.2258088000000953	epochs	2.0
1930.272679001361	0.11437190000015107	epochs	3.0
1930.3870509013611	0.11143689999994422	epochs	3.0
1930.498487801361	0.21464599999990241	epochs	2.0
1930.498487801361	0.10864889999993466	epochs	3.0
1930.607136701361	0.10599709999996776	epochs	3.0
1930.713133801361	0.20453500000007807	epochs	2.0
1930.713133801361	0.10347150000006877	epochs	3.0
1930.816605301361	0.1010635000000093	epochs	3.0
1930.917668801361	0.19533400000000256	epochs	2.0
1930.917668801361	0.09876510000003691	epochs	3.0
1931.016433901361	0.09656889999996565	epochs	3.0
1931.113002801361	0.18692529999998442	epochs	2.0
1931.113002801361	0.09446830000001682	epochs	3.0
1931.207471101361	0.09245699999996759	epochs	3.0
1931.299928101361	0.1792107000001124	epochs	2.0
1931.299928101361	0.0905296000000817	epochs	3.0
1931.3904577013611	0.08868110000003071	epochs	3.0
1931.4791388013612	0.17210769999996955	epochs	2.0
1931.4791388013612	0.08690630000000965	epochs	3.0
1931.5660451013612	0.0852013999999599	epochs	3.0
1931.6512465013611	0.16554640000003928	epochs	2.0
1931.6512465013611	0.08356189999994967	epochs	3.0
1931.734808401361	0.08198450000008961	epochs	3.0
1931.8167929013612	0.15946709999980158	epochs	2.0
1931.8167929013612	0.08046539999986635	epochs	3.0
1931.897258301361	0.07900169999993523	epochs	3.0
1931.976260001361	0.15381840000009106	epochs	2.0
1931.976260001361	0.07759010000017952	epochs	3.0
1932.0538501013611	0.07622829999991154	epochs	3.0
1932.130078401361	0.14855639999996129	epochs	2.0
1932.130078401361	0.07491329999993468	epochs	3.0
1932.204991701361	0.0736431000000266	epochs	3.0
1932.278634801361	0.14364240000008976	epochs	2.0
1932.278634801361	0.07241500000009182	epochs	3.0
1932.3510498013611	0.07122739999999794	epochs	3.0
1932.422277201361	0.13904309999998077	epochs	2.0
1932.422277201361	0.07007799999996678	epochs	3.0
1932.492355201361	0.06896510000001399	epochs	3.0
1932.561320301361	0.13472929999988992	epochs	2.0
1932.561320301361	0.0678871000000072	epochs	3.0
1932.629207401361	0.06684219999988272	epochs	3.0
1932.696049601361	0.1306752000000415	epochs	2.0
1932.696049601361	0.06582910000020092	epochs	3.0
1932.7618787013612	0.06484609999984059	epochs	3.0
1932.826724801361	0.12685780000015257	epochs	2.0
1932.826724801361	0.06389200000012352	epochs	3.0
1932.8906168013611	0.06296580000002905	epochs	3.0
1932.9535826013612	0.12325719999989815	epochs	2.0
1932.9535826013612	0.06206579999980022	epochs	3.0
1933.015648401361	0.06119140000009793	epochs	3.0
1933.076839801361	0.11985540000000583	epochs	2.0
1933.076839801361	0.060341099999959624	epochs	3.0
1933.137180901361	0.059514300000046205	epochs	3.0
1933.196695201361	0.1166361999999026	epochs	2.0
1933.196695201361	0.058709599999929196	epochs	3.0
1933.255404801361	0.057926599999973405	epochs	3.0
1933.313331401361	0.11358560000007856	epochs	2.0
1933.313331401361	0.057164200000215715	epochs	3.0
1933.3704956013612	0.05642139999986284	epochs	3.0
1933.426917001361	0.11069049999991876	epochs	2.0
1933.426917001361	0.055697900000041045	epochs	3.0
1933.482614901361	0.05499259999987771	epochs	3.0
1933.537607501361	0.1079391000000669	epochs	2.0
1933.537607501361	0.05430490000003374	epochs	3.0
1933.591912401361	0.05363420000003316	epochs	3.0
1933.645546601361	0.10532149999994544	epochs	2.0
1933.645546601361	0.05297999999993408	epochs	3.0
1933.698526601361	0.052341500000011365	epochs	3.0
1933.750868101361	0.10282760000018243	epochs	2.0
1933.750868101361	0.05171810000001642	epochs	3.0
1933.802586201361	0.05110950000016601	epochs	3.0
1933.8536957013612	0.10044909999987794	epochs	2.0
1933.8536957013612	0.0505148999998255	epochs	3.0
1933.904210601361	0.04993420000005244	epochs	3.0
1933.954144801361	0.0981782999999723	epochs	2.0
1933.954144801361	0.04936659999998483	epochs	3.0
1934.003511401361	0.04881169999998747	epochs	3.0
1934.052323101361	0.09600780000005216	epochs	2.0
1934.052323101361	0.04826920000004975	epochs	3.0
1934.100592301361	0.04773860000000241	epochs	3.0
1934.148330901361	0.09393120000004274	epochs	2.0
1934.148330901361	0.04721949999998287	epochs	3.0
1934.195550401361	0.046711700000059864	epochs	3.0
1934.2422621013611	0.09194260000003851	epochs	2.0
1934.2422621013611	0.046214599999984785	epochs	3.0
1934.288476701361	0.045728000000053726	epochs	3.0
1934.3342047013612	0.09003629999983787	epochs	2.0
1934.3342047013612	0.045251499999949374	epochs	3.0
1934.379456201361	0.04478479999988849	epochs	3.0
1934.424241001361	0.08820760000003247	epochs	2.0
1934.424241001361	0.044327800000019124	epochs	3.0
1934.468568801361	0.04387980000001335	epochs	3.0
1934.512448601361	0.0864516999999978	epochs	2.0
1934.512448601361	0.04344100000002982	epochs	3.0
1934.555889601361	0.04301069999996798	epochs	3.0
1934.598900301361	0.08476429999996071	epochs	2.0
1934.598900301361	0.04258900000013455	epochs	3.0
1934.6414893013612	0.042175299999826166	epochs	3.0
1934.683664601361	0.08314150000001064	epochs	2.0
1934.683664601361	0.04176970000003166	epochs	3.0
1934.725434301361	0.041371799999978975	epochs	3.0
1934.766806101361	0.08157970000002024	epochs	2.0
1934.766806101361	0.04098140000019157	epochs	3.0
1934.8077875013612	0.04059829999982867	epochs	3.0
1934.848385801361	0.08007550000002084	epochs	2.0
1934.848385801361	0.040222300000095856	epochs	3.0
1934.8886081013611	0.03985319999992498	epochs	3.0
1934.928461301361	0.07862569999997504	epochs	2.0
1934.928461301361	0.039490800000066884	epochs	3.0
1934.967952101361	0.03913489999990816	epochs	3.0
1935.007087001361	0.07722760000001472	epochs	2.0
1935.007087001361	0.038785400000051595	epochs	3.0
1935.045872401361	0.03844219999996312	epochs	3.0
1935.084314601361	0.07587820000003376	epochs	2.0
1935.084314601361	0.03810480000015559	epochs	3.0
1935.1224194013612	0.037773399999878166	epochs	3.0
1935.160192801361	0.0745752000000266	epochs	2.0
1935.160192801361	0.03744770000002973	epochs	3.0
1935.197640501361	0.03712749999999687	epochs	3.0
1935.234768001361	0.07331629999998768	epochs	2.0
1935.234768001361	0.0368129000000863	epochs	3.0
1935.2715809013612	0.036503399999901376	epochs	3.0
1935.308084301361	0.07209899999998015	epochs	2.0
1935.308084301361	0.03619909999997617	epochs	3.0
1935.344283401361	0.03589990000000398	epochs	3.0
1935.380183301361	0.07092170000009901	epochs	2.0
1935.380183301361	0.03560560000005353	epochs	3.0
1935.415788901361	0.03531610000004548	epochs	3.0
1935.4511050013612	0.06978200000003199	epochs	2.0
1935.4511050013612	0.03503119999982118	epochs	3.0
1935.486136201361	0.0347508000002108	epochs	3.0
1935.5208870013612	0.06867859999988468	epochs	2.0
1935.5208870013612	0.03447509999978138	epochs	3.0
1935.555362101361	0.034203500000103304	epochs	3.0
1935.589565601361	0.06760929999995824	epochs	2.0
1935.589565601361	0.033936199999970995	epochs	3.0
1935.623501801361	0.033673099999987244	epochs	3.0
1935.657174901361	0.06657289999998284	epochs	2.0
1935.657174901361	0.03341399999999339	epochs	3.0
1935.690588901361	0.033158899999989444	epochs	3.0
1935.723747801361	0.06556780000005347	epochs	2.0
1935.723747801361	0.03290770000012344	epochs	3.0
1935.7566555013611	0.032660099999930026	epochs	3.0
1935.789315601361	0.06459259999996902	epochs	2.0
1935.789315601361	0.03241640000010193	epochs	3.0
1935.8217320013612	0.032176199999867094	epochs	3.0
1935.853908201361	0.06364600000006249	epochs	2.0
1935.853908201361	0.03193959999998697	epochs	3.0
1935.885847801361	0.03170640000007552	epochs	3.0
1935.917554201361	0.0627266999999847	epochs	2.0
1935.917554201361	0.031476599999905375	epochs	3.0
1935.949030801361	0.03125010000007933	epochs	3.0
1935.980280901361	0.06183359999999993	epochs	2.0
1935.980280901361	0.03102689999991526	epochs	3.0
1936.011307801361	0.030806700000084675	epochs	3.0
1936.042114501361	0.060965599999917686	epochs	2.0
1936.042114501361	0.030589799999916067	epochs	3.0
1936.072704301361	0.030375800000001618	epochs	3.0
1936.103080101361	0.06012160000000222	epochs	2.0
1936.103080101361	0.030164900000045236	epochs	3.0
1936.133245001361	0.02995669999995698	epochs	3.0
1936.163201701361	0.05930069999999432	epochs	2.0
1936.163201701361	0.029751600000054168	epochs	3.0
1936.192953301361	0.029549099999940154	epochs	3.0
1936.222502401361	0.058501800000158255	epochs	2.0
1936.222502401361	0.02934940000000097	epochs	3.0
1936.251851801361	0.029152400000157286	epochs	3.0
1936.2810042013612	0.05772419999993872	epochs	2.0
1936.2810042013612	0.028957999999875028	epochs	3.0
1936.309962201361	0.02876620000006369	epochs	3.0
1936.338728401361	0.05696710000006533	epochs	2.0
1936.338728401361	0.028577000000041153	epochs	3.0
1936.3673054013611	0.028390100000024177	epochs	3.0
1936.3956955013612	0.05622949999997218	epochs	2.0
1936.3956955013612	0.028205699999944045	epochs	3.0
1936.423901201361	0.028023800000028132	epochs	3.0
1936.4519250013611	0.05551070000001346	epochs	2.0
1936.4519250013611	0.027843999999959124	epochs	3.0
1936.479769001361	0.027666700000054334	epochs	3.0
1936.5074357013611	0.054810200000019904	epochs	2.0
1936.5074357013611	0.02749149999999645	epochs	3.0
1936.5349272013611	0.027318700000023455	epochs	3.0
1936.5622459013612	0.054126999999880354	epochs	2.0
1936.5622459013612	0.027147799999966082	epochs	3.0
1936.5893937013611	0.026979199999914272	epochs	3.0
1936.616372901361	0.053460699999959616	epochs	2.0
1936.616372901361	0.026812600000084785	epochs	3.0
1936.6431855013611	0.02664809999987483	epochs	3.0
1936.669833601361	0.05281070000000909	epochs	2.0
1936.669833601361	0.026485600000114573	epochs	3.0
1936.6963192013611	0.02632509999989452	epochs	3.0
1936.722644301361	0.05217620000007628	epochs	2.0
1936.722644301361	0.026166399999965506	epochs	3.0
1936.748810701361	0.026009800000110772	epochs	3.0
1936.774820501361	0.051556699999991906	epochs	2.0
1936.774820501361	0.025854799999933675	epochs	3.0
1936.800675301361	0.02570190000005823	epochs	3.0
1936.826377201361	0.05095189999997274	epochs	2.0
1936.826377201361	0.025550699999939752	epochs	3.0
1936.851927901361	0.025401200000032986	epochs	3.0
1936.877329101361	0.05036100000006627	epochs	2.0
1936.877329101361	0.025253499999962514	epochs	3.0
1936.902582601361	0.025107500000103755	epochs	3.0
1936.9276901013611	0.04978379999988647	epochs	2.0
1936.9276901013611	0.02496320000000196	epochs	3.0
1936.9526533013611	0.024820599999884507	epochs	3.0
1936.977473901361	0.04921950000016295	epochs	2.0
1936.977473901361	0.024679399999968155	epochs	3.0
1937.002153301361	0.024540100000194798	epochs	3.0
1937.0266934013612	0.04866789999982757	epochs	2.0
1937.0266934013612	0.024402099999861093	epochs	3.0
1937.051095501361	0.024265799999966475	epochs	3.0
1937.075361301361	0.04812860000015462	epochs	2.0
1937.075361301361	0.024131000000124914	epochs	3.0
1937.0994923013611	0.023997600000029706	epochs	3.0
1937.1234899013612	0.04760109999983797	epochs	2.0
1937.1234899013612	0.02386579999983951	epochs	3.0
1937.147355701361	0.02373529999999846	epochs	3.0
1937.171091001361	0.04708500000015192	epochs	2.0
1937.171091001361	0.023606299999983094	epochs	3.0
1937.194697301361	0.02347870000016883	epochs	3.0
1937.2181760013611	0.046579999999948996	epochs	2.0
1937.2181760013611	0.023352499999873544	epochs	3.0
1937.241528501361	0.02322750000007545	epochs	3.0
1937.264756001361	0.046085700000048746	epochs	2.0
1937.264756001361	0.023104000000103042	epochs	3.0
1937.2878600013612	0.022981699999945704	epochs	3.0
1937.3108417013611	0.045601799999985815	epochs	2.0
1937.3108417013611	0.02286069999991014	epochs	3.0
1937.333702401361	0.022741100000075676	epochs	3.0
1937.3564435013611	0.045127899999897636	epochs	2.0
1937.3564435013611	0.022622499999897627	epochs	3.0
1937.379066001361	0.02250540000000001	epochs	3.0
1937.401571401361	0.0446638000000803	epochs	2.0
1937.401571401361	0.02238929999998618	epochs	3.0
1937.423960701361	0.022274500000094122	epochs	3.0
1937.446235201361	0.04420920000006845	epochs	2.0
1937.446235201361	0.022160799999937808	epochs	3.0
1937.468396001361	0.02204840000013064	epochs	3.0
1937.4904444013612	0.04376359999992019	epochs	2.0
1937.4904444013612	0.02193689999990056	epochs	3.0
1937.512381301361	0.021826700000019628	epochs	3.0
1937.534208001361	0.04332709999994222	epochs	2.0
1937.534208001361	0.02171760000010181	epochs	3.0
1937.5559256013612	0.02160949999984041	epochs	3.0
1937.577535101361	0.04289900000003399	epochs	2.0
1937.577535101361	0.02150249999999687	epochs	3.0
1937.599037601361	0.021396500000037122	epochs	3.0
1937.620434101361	0.04247950000012679	epochs	2.0
1937.620434101361	0.021291700000119818	epochs	3.0
1937.6417258013612	0.021187800000006973	epochs	3.0
1937.6629136013612	0.04206789999989269	epochs	2.0
1937.6629136013612	0.021084899999777917	epochs	3.0
1937.683998501361	0.02098300000011477	epochs	3.0
1937.704981501361	0.04166439999994509	epochs	2.0
1937.704981501361	0.020882199999959994	epochs	3.0
1937.725863701361	0.020782199999985096	epochs	3.0
1937.746645901361	0.04126850000011473	epochs	2.0
1937.746645901361	0.020683299999973315	epochs	3.0
1937.767329201361	0.020585200000141413	epochs	3.0
1937.7879144013611	0.04088000000001557	epochs	2.0
1937.7879144013611	0.020488099999965925	epochs	3.0
1937.8084025013611	0.020391900000049645	epochs	3.0
1937.8287944013612	0.04049880000002304	epochs	2.0
1937.8287944013612	0.020296599999937825	epochs	3.0
1937.849091001361	0.020202200000085213	epochs	3.0
1937.8692932013612	0.040124599999899146	epochs	2.0
1937.8692932013612	0.020108699999809687	epochs	3.0
1937.889401901361	0.02001590000008946	epochs	3.0
1937.909417801361	0.03975730000001931	epochs	2.0
1937.909417801361	0.019924200000104975	epochs	3.0
1937.9293420013612	0.01983309999991434	epochs	3.0
1937.949175101361	0.03939669999999751	epochs	2.0
1937.949175101361	0.01974300000006224	epochs	3.0
1937.9689181013612	0.01965369999993527	epochs	3.0
1937.988571801361	0.03904239999997117	epochs	2.0
1937.988571801361	0.019565099999908853	epochs	3.0
1938.008136901361	0.019477300000062314	epochs	3.0
1938.027614201361	0.038694600000098944	epochs	2.0
1938.027614201361	0.019390400000020236	epochs	3.0
1938.047004601361	0.01930420000007871	epochs	3.0
1938.0663088013612	0.038352899999836154	epochs	2.0
1938.0663088013612	0.019218799999862313	epochs	3.0
1938.085527601361	0.01913409999997384	epochs	3.0
1938.104661701361	0.03801720000001296	epochs	2.0
1938.104661701361	0.019050200000037876	epochs	3.0
1938.123711901361	0.018966999999975087	epochs	3.0
1938.142678901361	0.03768720000016401	epochs	2.0
1938.142678901361	0.01888450000001285	epochs	3.0
1938.161563401361	0.018802700000151162	epochs	3.0
1938.1803661013612	0.03736309999999321	epochs	2.0
1938.1803661013612	0.018721699999787234	epochs	3.0
1938.199087801361	0.018641400000205977	epochs	3.0
1938.2177292013612	0.03704429999993408	epochs	2.0
1938.2177292013612	0.018561599999884493	epochs	3.0
1938.236290801361	0.01848270000004959	epochs	3.0
1938.2547735013611	0.03673099999991791	epochs	2.0
1938.2547735013611	0.018404299999929208	epochs	3.0
1938.273177801361	0.018326699999988705	epochs	3.0
1938.291504501361	0.03642290000016146	epochs	2.0
1938.291504501361	0.018249599999990096	epochs	3.0
1938.309754101361	0.018173300000171366	epochs	3.0
1938.3279274013612	0.036120099999834565	epochs	2.0
1938.3279274013612	0.01809759999991911	epochs	3.0
1938.346025001361	0.018022499999915453	epochs	3.0
1938.364047501361	0.035822100000132195	epochs	2.0
1938.364047501361	0.017947900000081063	epochs	3.0
1938.381995401361	0.017874200000051133	epochs	3.0
1938.3998696013612	0.03552899999999681	epochs	2.0
1938.3998696013612	0.017800800000031813	epochs	3.0
1938.4176704013612	0.017728199999965	epochs	3.0
1938.4353986013612	0.03524070000003121	epochs	2.0
1938.4353986013612	0.01765609999984008	epochs	3.0
1938.453054701361	0.01758460000019113	epochs	3.0
1938.4706393013612	0.03495709999992869	epochs	2.0
1938.4706393013612	0.017513699999881283	epochs	3.0
1938.488153001361	0.017443400000047404	epochs	3.0
1938.5055964013611	0.034677899999906	epochs	2.0
1938.5055964013611	0.017373599999928047	epochs	3.0
1938.522970001361	0.017304299999977957	epochs	3.0
1938.540274301361	0.03440330000012182	epochs	2.0
1938.540274301361	0.017235700000128418	epochs	3.0
1938.5575100013612	0.0171675999999934	epochs	3.0
1938.5746776013611	0.03413279999995211	epochs	2.0
1938.5746776013611	0.01709989999994832	epochs	3.0
1938.591777501361	0.017032900000003792	epochs	3.0
1938.608810401361	0.03386670000008962	epochs	2.0
1938.608810401361	0.01696640000000116	epochs	3.0
1938.625776801361	0.016900300000088464	epochs	3.0
1938.6426771013612	0.03360459999998966	epochs	2.0
1938.6426771013612	0.01683479999996962	epochs	3.0
1938.6595119013612	0.01676980000002004	epochs	3.0
1938.6762817013612	0.033346599999958926	epochs	2.0
1938.6762817013612	0.016705300000012357	epochs	3.0
1938.6929870013612	0.01664129999994657	epochs	3.0
1938.7096283013611	0.033092499999838765	epochs	2.0
1938.7096283013611	0.016577800000050047	epochs	3.0
1938.7262061013612	0.016514699999788718	epochs	3.0
1938.742720801361	0.032842300000083924	epochs	2.0
1938.742720801361	0.01645220000000336	epochs	3.0
1938.759173001361	0.016390100000080565	epochs	3.0
1938.775563101361	0.03259570000000167	epochs	2.0
1938.775563101361	0.016328400000020338	epochs	3.0
1938.791891501361	0.016267299999981333	epochs	3.0
1938.808158801361	0.032352899999978035	epochs	2.0
1938.808158801361	0.016206600000032267	epochs	3.0
1938.824365401361	0.016146299999945768	epochs	3.0
1938.840511701361	0.032113700000081735	epochs	2.0
1938.840511701361	0.016086600000107865	epochs	3.0
1938.8565983013611	0.01602709999997387	epochs	3.0
1938.8726254013611	0.03187800000000607	epochs	2.0
1938.8726254013611	0.0159681999998611	epochs	3.0
1938.888593601361	0.01590980000014497	epochs	3.0
1938.9045034013611	0.03164569999989908	epochs	2.0
1938.9045034013611	0.015851599999905375	epochs	3.0
1938.920355001361	0.015794099999993705	epochs	3.0
1938.936149101361	0.03141670000013619	epochs	2.0
1938.936149101361	0.015736700000161363	epochs	3.0
1938.9518858013612	0.015679999999974825	epochs	3.0
1938.9675658013612	0.03119109999988723	epochs	2.0
1938.9675658013612	0.015623600000026272	epochs	3.0
1938.9831894013612	0.015567499999860956	epochs	3.0
1938.998756901361	0.03096870000013041	epochs	2.0
1938.998756901361	0.015511999999944237	epochs	3.0
1939.014268901361	0.015456700000186174	epochs	3.0
1939.0297256013612	0.030749499999956242	epochs	2.0
1939.0297256013612	0.015401999999994587	epochs	3.0
1939.0451276013612	0.015347499999961656	epochs	3.0
1939.0604751013611	0.03053320000003623	epochs	2.0
1939.0604751013611	0.015293400000018664	epochs	3.0
1939.0757685013612	0.015239800000017567	epochs	3.0
1939.0910083013612	0.030320099999926242	epochs	2.0
1939.0910083013612	0.015186500000027081	epochs	3.0
1939.1061948013612	0.015133599999899161	epochs	3.0
1939.121328401361	0.03010990000007041	epochs	2.0
1939.121328401361	0.015081000000009226	epochs	3.0
1939.136409401361	0.015028900000061185	epochs	3.0
1939.1514383013612	0.029902499999934662	epochs	2.0
1939.1514383013612	0.014976999999817053	epochs	3.0
1939.166415301361	0.014925500000117609	epochs	3.0
1939.181340801361	0.029698099999905025	epochs	2.0
1939.181340801361	0.014874400000053356	epochs	3.0
1939.1962152013612	0.01482369999985167	epochs	3.0
1939.211038901361	0.029496300000118936	epochs	2.0
1939.211038901361	0.014773200000036013	epochs	3.0
1939.225812101361	0.014723100000082923	epochs	3.0
1939.2405352013611	0.029297399999904883	epochs	2.0
1939.2405352013611	0.014673399999992398	epochs	3.0
1939.2552086013611	0.014623999999912485	epochs	3.0
1939.269832601361	0.02910110000016175	epochs	2.0
1939.269832601361	0.014574900000070556	epochs	3.0
1939.284407501361	0.014526200000091194	epochs	3.0
1939.2989337013612	0.028907399999980044	epochs	2.0
1939.2989337013612	0.01447769999981574	epochs	3.0
1939.313411401361	0.014429700000164303	epochs	3.0
1939.3278411013612	0.028716199999962555	epochs	2.0
1939.3278411013612	0.014381799999910072	epochs	3.0
1939.342222901361	0.014334400000052483	epochs	3.0
1939.3565573013611	0.02852759999996124	epochs	2.0
1939.3565573013611	0.014287199999898803	epochs	3.0
1939.370844501361	0.014240400000062436	epochs	3.0
1939.385084901361	0.028341400000044814	epochs	2.0
1939.385084901361	0.014193799999929979	epochs	3.0
1939.399278701361	0.014147600000114835	epochs	3.0
1939.4134263013611	0.02815769999983786	epochs	2.0
1939.4134263013611	0.014101699999855555	epochs	3.0
1939.427528001361	0.014055999999982305	epochs	3.0
1939.441584001361	0.027976300000091214	epochs	2.0
1939.441584001361	0.014010600000119666	epochs	3.0
1939.455594601361	0.013965699999971548	epochs	3.0
1939.469560301361	0.027797200000122757	epochs	2.0
1939.469560301361	0.013920800000050804	epochs	3.0
1939.4834811013611	0.013876400000071953	epochs	3.0
1939.4973575013612	0.027620399999932488	epochs	2.0
1939.4973575013612	0.013832199999797012	epochs	3.0
1939.511189701361	0.013788200000135475	epochs	3.0
1939.5249779013611	0.027445899999975154	epochs	2.0
1939.5249779013611	0.013744599999881757	epochs	3.0
1939.538722501361	0.013701300000093397	epochs	3.0
1939.552423801361	0.0272735000000921	epochs	2.0
1939.552423801361	0.013658200000008947	epochs	3.0
1939.566082001361	0.013615300000083153	epochs	3.0
1939.5796973013612	0.027103399999987232	epochs	2.0
1939.5796973013612	0.01357279999979255	epochs	3.0
1939.593270101361	0.013530600000194681	epochs	3.0
1939.6068007013612	0.026935199999797987	epochs	2.0
1939.6068007013612	0.01348839999991469	epochs	3.0
1939.620289101361	0.013446799999883297	epochs	3.0
1939.633735901361	0.026769200000217097	epochs	2.0
1939.633735901361	0.013405200000079276	epochs	3.0
1939.647141101361	0.013364000000137821	epochs	3.0
1939.6605051013612	0.026605199999949036	epochs	2.0
1939.6605051013612	0.013322899999820947	epochs	3.0
1939.673828001361	0.013282300000128089	epochs	3.0
1939.6871103013611	0.0264431999999033	epochs	2.0
1939.6871103013611	0.013241699999980483	epochs	3.0
1939.7003520013611	0.013201499999922817	epochs	3.0
1939.713553501361	0.026283200000079887	epochs	2.0
1939.713553501361	0.013161500000023807	epochs	3.0
1939.726715001361	0.01312170000005608	epochs	3.0
1939.7398367013611	0.026124999999865395	epochs	2.0
1939.7398367013611	0.013082100000019636	epochs	3.0
1939.7529188013611	0.013042899999845758	epochs	3.0
1939.765961701361	0.02596890000017993	epochs	2.0
1939.765961701361	0.01300390000005791	epochs	3.0
1939.778965601361	0.012965000000122018	epochs	3.0
1939.7919306013612	0.025814500000024054	epochs	2.0
1939.7919306013612	0.012926399999969362	epochs	3.0
1939.8048570013611	0.012888100000054692	epochs	3.0
1939.8177451013612	0.025661899999931848	epochs	2.0
1939.8177451013612	0.012849899999991976	epochs	3.0
1939.8305950013612	0.012811999999939871	epochs	3.0
1939.8434070013611	0.025511199999982637	epochs	2.0
1939.8434070013611	0.012774399999898378	epochs	3.0
1939.856181401361	0.012736800000084258	epochs	3.0
1939.868918201361	0.02536229999986972	epochs	2.0
1939.868918201361	0.01269969999998466	epochs	3.0
1939.881617901361	0.01266259999988506	epochs	3.0
1939.894280501361	0.02521500000011656	epochs	2.0
1939.894280501361	0.012625800000023446	epochs	3.0
1939.906906301361	0.012589200000093115	epochs	3.0
1939.919495501361	0.024584799999956886	epochs	2.0
1939.9425765013611	0.5	epochs	-1.0
1939.944080301361	0.9999199999999746	epochs	1.0
1940.4425765013611	0.5	epochs	-1.0
1953.264000415802	0.06007999999997082	epochs	0.0
1953.264000415802	0.025041300000111733	epochs	1.0
1953.289041715802	0.009997399999974732	epochs	1.0
1953.299039115802	0.02504129999988436	epochs	1.0
1953.324080415802	0.2299199999999928	epochs	0.0
1953.324080415802	0.049999999999954525	epochs	1.0
1953.374080415802	0.009999999999990905	epochs	1.0
1953.384080415802	0.0500000000001819	epochs	1.0
1953.434080415802	0.009999999999990905	epochs	1.0
1953.444080415802	0.049999999999954525	epochs	1.0
1953.494080415802	0.009999999999990905	epochs	1.0
1953.504080415802	0.04991999999992913	epochs	1.0
