onset	duration	nwb_table	treelevel
0.07800006866455078	0.1	epochs	0.0
0.07800006866455078	0.045	epochs	1.0
0.12300006866455078	0.009999999999999995	epochs	1.0
0.13300006866455077	0.04500000000000001	epochs	1.0
0.1780000686645508	0.538795	epochs	0.0
0.1780000686645508	0.5	epochs	-1.0
0.1780000686645508	0.5	epochs	-1.0
0.1780000686645508	0.5	epochs	1.0
0.6780000686645508	0.038795000000000024	epochs	-1.0
0.6780000686645508	0.025000000000000022	epochs	-1.0
0.6780000686645508	0.025000000000000022	epochs	1.0
0.7030000686645508	0.010000000000000009	epochs	-1.0
0.7030000686645508	0.010000000000000009	epochs	1.0
0.7130000686645508	0.003794999999999993	epochs	-1.0
0.7130000686645508	0.003794999999999993	epochs	1.0
0.7167950686645508	0.16620000000000001	epochs	0.0
0.8889999389648438	0.09999999999999998	epochs	0.0
0.8889999389648438	0.04500000000000004	epochs	1.0
0.9339999389648438	0.010000000000000009	epochs	1.0
0.9439999389648438	0.04499999999999993	epochs	1.0
0.9889999389648437	0.5003050000000001	epochs	0.0
0.9889999389648437	0.5000000000000001	epochs	-1.0
0.9889999389648437	0.5000000000000001	epochs	-1.0
0.9889999389648437	0.5000000000000001	epochs	1.0
1.4889999389648438	0.0003049999999999997	epochs	-1.0
1.4889999389648438	0.0003049999999999997	epochs	-1.0
1.4889999389648438	0.0003049999999999997	epochs	1.0
1.4893049389648438	0.20468999999999982	epochs	0.0
1.6329998970031738	0.10000000000000009	epochs	0.0
1.6329998970031738	0.04499999999999993	epochs	1.0
1.6779998970031738	0.010000000000000009	epochs	1.0
1.6879998970031738	0.04500000000000015	epochs	1.0
1.732999897003174	0.500305	epochs	0.0
1.732999897003174	0.5	epochs	-1.0
1.732999897003174	0.5	epochs	-1.0
1.732999897003174	0.5	epochs	1.0
2.232999897003174	0.0003049999999999997	epochs	-1.0
2.232999897003174	0.0003049999999999997	epochs	-1.0
2.232999897003174	0.0003049999999999997	epochs	1.0
2.233304897003174	0.20468999999999982	epochs	0.0
583.8509998321533	0.10000000000002274	epochs	0.0
583.8509998321533	0.04499999999995907	epochs	1.0
583.8959998321533	0.009999999999990905	epochs	1.0
583.9059998321533	0.04500000000007276	epochs	1.0
583.9509998321533	0.7049949999999399	epochs	0.0
583.9509998321533	0.5	epochs	-1.0
583.9509998321533	0.5	epochs	1.0
584.4509998321533	0.05999999999994543	epochs	-1.0
584.4509998321533	0.024999999999977263	epochs	-1.0
584.4509998321533	0.024999999999977263	epochs	1.0
584.4759998321533	0.009999999999990905	epochs	-1.0
584.4759998321533	0.009999999999990905	epochs	1.0
584.4859998321533	0.024999999999977263	epochs	-1.0
584.4859998321533	0.024999999999977263	epochs	1.0
584.5109998321533	0.06000000000005912	epochs	-1.0
584.5109998321533	0.024999999999977263	epochs	-1.0
584.5109998321533	0.024999999999977263	epochs	1.0
584.5359998321533	0.010000000000104592	epochs	-1.0
584.5359998321533	0.010000000000104592	epochs	1.0
584.5459998321534	0.024999999999977263	epochs	-1.0
584.5459998321534	0.024999999999977263	epochs	1.0
584.5709998321533	0.05999999999994543	epochs	-1.0
584.5709998321533	0.024999999999977263	epochs	-1.0
584.5709998321533	0.024999999999977263	epochs	1.0
584.5959998321533	0.009999999999990905	epochs	-1.0
584.5959998321533	0.009999999999990905	epochs	1.0
584.6059998321533	0.024999999999977263	epochs	-1.0
584.6059998321533	0.024999999999977263	epochs	1.0
584.6309998321533	0.024994999999989886	epochs	1.0
636.8920001983643	0.10000000000002274	epochs	0.0
636.8920001983643	0.04499999999995907	epochs	1.0
636.9370001983642	0.009999999999990905	epochs	1.0
636.9470001983642	0.04500000000007276	epochs	1.0
636.9920001983643	61.384995	epochs	0.0
636.9920001983643	0.5	epochs	-1.0
636.9920001983643	0.5	epochs	-1.0
636.9920001983643	0.5	epochs	1.0
637.4920001983643	0.05999999999994543	epochs	-1.0
637.4920001983643	0.024999999999977263	epochs	-1.0
637.4920001983643	0.024999999999977263	epochs	1.0
637.5170001983643	0.009999999999990905	epochs	-1.0
637.5170001983643	0.009999999999990905	epochs	1.0
637.5270001983642	0.024999999999977263	epochs	-1.0
637.5270001983642	0.024999999999977263	epochs	1.0
637.5520001983642	0.06000000000005912	epochs	-1.0
637.5520001983642	0.024999999999977263	epochs	-1.0
637.5520001983642	0.024999999999977263	epochs	1.0
637.5770001983642	0.010000000000104592	epochs	-1.0
637.5770001983642	0.010000000000104592	epochs	1.0
637.5870001983643	0.024999999999977263	epochs	-1.0
637.5870001983643	0.024999999999977263	epochs	1.0
637.6120001983643	0.05999999999994543	epochs	-1.0
637.6120001983643	0.024999999999977263	epochs	-1.0
637.6120001983643	0.024999999999977263	epochs	1.0
637.6370001983643	0.009999999999990905	epochs	-1.0
637.6370001983643	0.009999999999990905	epochs	1.0
637.6470001983643	0.024999999999977263	epochs	-1.0
637.6470001983643	0.024999999999977263	epochs	1.0
637.6720001983642	60.0	epochs	1.0
697.6720001983642	0.5	epochs	-1.0
697.6720001983642	0.5	epochs	-1.0
697.6720001983642	0.5	epochs	1.0
698.1720001983642	0.06000000000005912	epochs	-1.0
698.1720001983642	0.024999999999977263	epochs	-1.0
698.1720001983642	0.024999999999977263	epochs	1.0
698.1970001983642	0.010000000000104592	epochs	-1.0
698.1970001983642	0.010000000000104592	epochs	1.0
698.2070001983643	0.024999999999977263	epochs	-1.0
698.2070001983643	0.024999999999977263	epochs	1.0
698.2320001983643	0.05999999999994543	epochs	-1.0
698.2320001983643	0.024999999999977263	epochs	-1.0
698.2320001983643	0.024999999999977263	epochs	1.0
698.2570001983643	0.009999999999990905	epochs	-1.0
698.2570001983643	0.009999999999990905	epochs	1.0
698.2670001983643	0.024999999999977263	epochs	-1.0
698.2670001983643	0.024999999999977263	epochs	1.0
698.2920001983642	0.06000000000005912	epochs	-1.0
698.2920001983642	0.024999999999977263	epochs	-1.0
698.2920001983642	0.024999999999977263	epochs	1.0
698.3170001983642	0.009999999999990905	epochs	-1.0
698.3170001983642	0.009999999999990905	epochs	1.0
698.3270001983642	0.02500000000009095	epochs	-1.0
698.3270001983642	0.02500000000009095	epochs	1.0
698.3520001983643	0.024994999999989886	epochs	1.0
706.7639999389648	0.10000000000002274	epochs	0.0
706.7639999389648	0.04499999999995907	epochs	1.0
706.8089999389648	0.009999999999990905	epochs	1.0
706.8189999389648	0.04500000000007276	epochs	1.0
706.8639999389649	0.7049949999999399	epochs	0.0
706.8639999389649	0.5	epochs	-1.0
706.8639999389649	0.5	epochs	-1.0
706.8639999389649	0.5	epochs	1.0
707.3639999389649	0.05999999999994543	epochs	-1.0
707.3639999389649	0.024999999999977263	epochs	-1.0
707.3639999389649	0.024999999999977263	epochs	1.0
707.3889999389648	0.009999999999990905	epochs	-1.0
707.3889999389648	0.009999999999990905	epochs	1.0
707.3989999389648	0.024999999999977263	epochs	-1.0
707.3989999389648	0.024999999999977263	epochs	1.0
707.4239999389648	0.06000000000005912	epochs	-1.0
707.4239999389648	0.024999999999977263	epochs	-1.0
707.4239999389648	0.024999999999977263	epochs	1.0
707.4489999389648	0.010000000000104592	epochs	-1.0
707.4489999389648	0.010000000000104592	epochs	1.0
707.4589999389649	0.024999999999977263	epochs	-1.0
707.4589999389649	0.024999999999977263	epochs	1.0
707.4839999389649	0.05999999999994543	epochs	-1.0
707.4839999389649	0.024999999999977263	epochs	-1.0
707.4839999389649	0.024999999999977263	epochs	1.0
707.5089999389648	0.009999999999990905	epochs	-1.0
707.5089999389648	0.009999999999990905	epochs	1.0
707.5189999389648	0.024999999999977263	epochs	-1.0
707.5189999389648	0.024999999999977263	epochs	1.0
707.5439999389648	0.024994999999989886	epochs	1.0
744.3670001029968	0.03722000000004755	epochs	0.0
744.3670001029968	0.013611399999945206	epochs	1.0
744.3806115029968	0.009997200000043449	epochs	1.0
744.3906087029968	0.013611400000058893	epochs	1.0
744.4042302029968	0.5	epochs	-1.0
744.4042302029968	0.5	epochs	-1.0
744.4042401029968	5.9999800000000505	epochs	0.0
744.4042401029968	0.5	epochs	1.0
744.9042401029968	5.0	epochs	1.0
749.9042302029968	0.4999899000000596	epochs	-1.0
749.9042401029968	0.4999800000000505	epochs	1.0
757.2290000915527	0.03722000000004755	epochs	0.0
757.2290000915527	0.013611399999945206	epochs	1.0
757.2426114915527	0.009997200000043449	epochs	1.0
757.2526086915527	0.013611400000058893	epochs	1.0
757.2662301915527	0.5	epochs	-1.0
757.2662400915527	2.52207999999996	epochs	0.0
757.2662400915527	0.5	epochs	1.0
757.7662400915527	1.0	epochs	1.0
758.7662400915527	1.02207999999996	epochs	1.0
759.2662301915527	0.5	epochs	-1.0
759.7883200915527	0.9779000000000906	epochs	0.0
760.0359997749329	0.03722000000004755	epochs	0.0
760.0359997749329	0.013611399999945206	epochs	1.0
760.0496111749328	0.009997200000043449	epochs	1.0
760.0596083749328	0.013611400000058893	epochs	1.0
760.0732298749328	0.5	epochs	-1.0
760.0732397749329	2.5228200000000243	epochs	0.0
760.0732397749329	0.5	epochs	1.0
760.5732397749329	1.0	epochs	1.0
761.5732397749329	1.0228200000000243	epochs	1.0
762.0732298749328	0.5	epochs	-1.0
762.5960597749329	0.9771600000000262	epochs	0.0
762.8509998321533	0.03722000000004755	epochs	0.0
762.8509998321533	0.013611399999945206	epochs	1.0
762.8646112321533	0.009997200000043449	epochs	1.0
762.8746084321533	0.013611400000058893	epochs	1.0
762.8882299321533	0.5	epochs	-1.0
762.8882398321533	2.52207999999996	epochs	0.0
762.8882398321533	0.5	epochs	1.0
763.3882398321533	1.0	epochs	1.0
764.3882398321533	1.02207999999996	epochs	1.0
764.8882299321533	0.5	epochs	-1.0
765.4103198321533	0.9779000000000906	epochs	0.0
765.6589999198914	0.03722000000004755	epochs	0.0
765.6589999198914	0.013611399999945206	epochs	1.0
765.6726113198913	0.009997200000043449	epochs	1.0
765.6826085198913	0.013611400000058893	epochs	1.0
765.6962300198913	0.5	epochs	-1.0
765.6962399198914	2.522199999999998	epochs	0.0
765.6962399198914	0.5	epochs	1.0
766.1962399198914	1.0	epochs	1.0
767.1962399198914	1.022199999999998	epochs	1.0
767.6962300198913	0.5	epochs	-1.0
768.2184399198914	0.9777800000000525	epochs	0.0
768.4619998931885	0.03722000000004755	epochs	0.0
768.4619998931885	0.013611399999945206	epochs	1.0
768.4756112931884	0.009997200000043449	epochs	1.0
768.4856084931885	0.013611400000058893	epochs	1.0
768.4992299931885	0.5	epochs	-1.0
768.4992398931885	2.5220600000000104	epochs	0.0
768.4992398931885	0.5	epochs	1.0
768.9992398931885	1.0	epochs	1.0
769.9992398931885	1.0220600000000104	epochs	1.0
770.4992299931885	0.5	epochs	-1.0
771.0212998931885	0.9779200000000401	epochs	0.0
771.295000076294	0.6499800000000278	epochs	0.0
771.295000076294	0.049999999999954525	epochs	1.0
771.3450000762939	0.5	epochs	1.0
771.8450000762939	0.09998000000007323	epochs	1.0
772.2379999160767	0.6499800000000278	epochs	0.0
772.2379999160767	0.049999999999954525	epochs	1.0
772.2879999160766	0.5	epochs	1.0
772.7879999160766	0.09998000000007323	epochs	1.0
773.188000202179	0.6499800000000278	epochs	0.0
773.188000202179	0.049999999999954525	epochs	1.0
773.2380002021789	0.5	epochs	1.0
773.7380002021789	0.09998000000007323	epochs	1.0
774.1149997711182	0.6499800000000278	epochs	0.0
774.1149997711182	0.049999999999954525	epochs	1.0
774.1649997711181	0.5	epochs	1.0
774.6649997711181	0.09998000000007323	epochs	1.0
775.0749998092651	0.03722000000004755	epochs	0.0
775.0749998092651	0.013611399999945206	epochs	1.0
775.0886112092651	0.009997200000043449	epochs	1.0
775.0986084092651	0.013611400000058893	epochs	1.0
775.1122299092651	0.5	epochs	-1.0
775.1122398092651	2.5228200000000243	epochs	0.0
775.1122398092651	0.5	epochs	1.0
775.6122398092651	1.0	epochs	1.0
776.6122398092651	1.0228200000000243	epochs	1.0
777.1122298092652	0.5	epochs	-1.0
777.6350598092652	2.9771600000000262	epochs	0.0
780.2740001678467	0.03722000000004755	epochs	0.0
780.2740001678467	0.013611399999945206	epochs	1.0
780.2876115678466	0.009997200000043449	epochs	1.0
780.2976087678467	0.013611400000058893	epochs	1.0
780.3112302678467	0.5	epochs	-1.0
780.3112401678467	2.522960000000012	epochs	0.0
780.3112401678467	0.5	epochs	1.0
780.8112401678467	1.0	epochs	1.0
781.8112401678467	1.0229600000000119	epochs	1.0
782.3112301678467	0.5	epochs	-1.0
782.8342001678467	2.9770200000000386	epochs	0.0
785.5859999656677	0.03722000000004755	epochs	0.0
785.5859999656677	0.013611399999945206	epochs	1.0
785.5996113656677	0.009997200000043449	epochs	1.0
785.6096085656677	0.013611400000058893	epochs	1.0
785.6232300656677	0.5	epochs	-1.0
785.6232399656677	3.021659999999997	epochs	0.0
785.6232399656677	0.5	epochs	1.0
786.1232399656677	1.0	epochs	1.0
787.1232399656677	1.5216599999999971	epochs	1.0
787.6232300656677	0.5	epochs	-1.0
788.1232300656677	0.5	epochs	-1.0
788.6448999656677	3.4783200000000534	epochs	0.0
788.9970002174377	0.03722000000004755	epochs	0.0
788.9970002174377	0.013611399999945206	epochs	1.0
789.0106116174377	0.009997200000043449	epochs	1.0
789.0206088174377	0.013611400000058893	epochs	1.0
789.0342303174377	0.5	epochs	-1.0
789.0342402174377	3.022420000000011	epochs	0.0
789.0342402174377	0.5	epochs	1.0
789.5342402174377	1.0	epochs	1.0
790.5342402174377	1.522420000000011	epochs	1.0
791.0342303174377	0.5	epochs	-1.0
791.5342303174377	0.5	epochs	-1.0
792.0566602174378	3.4775600000000395	epochs	0.0
792.3289999961853	0.03722000000004755	epochs	0.0
792.3289999961853	0.013611399999945206	epochs	1.0
792.3426113961852	0.009997200000043449	epochs	1.0
792.3526085961853	0.013611400000058893	epochs	1.0
792.3662300961853	0.5	epochs	-1.0
792.3662399961853	3.022540000000049	epochs	0.0
792.3662399961853	0.5	epochs	1.0
792.8662399961853	1.0	epochs	1.0
793.8662399961853	1.522540000000049	epochs	1.0
794.3662300961853	0.5	epochs	-1.0
794.8662300961853	0.5	epochs	-1.0
795.3887799961853	3.4774400000000014	epochs	0.0
795.6690001487732	0.03722000000004755	epochs	0.0
795.6690001487732	0.013611399999945206	epochs	1.0
795.6826115487731	0.009997200000043449	epochs	1.0
795.6926087487732	0.013611400000058893	epochs	1.0
795.7062302487732	0.5	epochs	-1.0
795.7062401487732	3.021920000000023	epochs	0.0
795.7062401487732	0.5	epochs	1.0
796.2062401487732	1.0	epochs	1.0
797.2062401487732	1.5219200000000228	epochs	1.0
797.7062302487732	0.5	epochs	-1.0
798.2062302487732	0.5	epochs	-1.0
798.7281601487732	3.4780600000000277	epochs	0.0
799.0060000419617	0.03722000000004755	epochs	0.0
799.0060000419617	0.013611399999945206	epochs	1.0
799.0196114419616	0.009997200000043449	epochs	1.0
799.0296086419617	0.013611400000058893	epochs	1.0
799.0432301419617	0.5	epochs	-1.0
799.0432400419617	3.522619999999961	epochs	0.0
799.0432400419617	0.5	epochs	1.0
799.5432400419617	1.0	epochs	1.0
800.5432400419617	2.022619999999961	epochs	1.0
801.0432301419617	0.5	epochs	-1.0
801.5432301419617	0.5	epochs	-1.0
802.0432301419617	0.5	epochs	-1.0
802.5658600419616	2.9773600000000897	epochs	0.0
802.9029998779297	0.03722000000004755	epochs	0.0
802.9029998779297	0.013611399999945206	epochs	1.0
802.9166112779296	0.009997200000043449	epochs	1.0
802.9266084779297	0.013611400000058893	epochs	1.0
802.9402299779297	0.5	epochs	-1.0
802.9402398779297	3.522619999999961	epochs	0.0
802.9402398779297	0.5	epochs	1.0
803.4402398779297	1.0	epochs	1.0
804.4402398779297	2.022619999999961	epochs	1.0
804.9402299779297	0.5	epochs	-1.0
805.4402299779297	0.5	epochs	-1.0
805.9402299779297	0.5	epochs	-1.0
806.4628598779296	2.9773600000000897	epochs	0.0
806.7870001792908	0.15297999999995682	epochs	0.0
806.7870001792908	0.049999999999954525	epochs	1.0
806.8370001792907	0.0030000000000427463	epochs	1.0
806.8400001792908	0.09997999999995955	epochs	1.0
807.2550001144409	0.15297999999995682	epochs	0.0
807.2550001144409	0.049999999999954525	epochs	1.0
807.3050001144409	0.0030000000000427463	epochs	1.0
807.3080001144409	0.09997999999995955	epochs	1.0
807.7030000686646	0.15297999999995682	epochs	0.0
807.7030000686646	0.049999999999954525	epochs	1.0
807.7530000686645	0.0030000000000427463	epochs	1.0
807.7560000686645	0.09997999999995955	epochs	1.0
808.1599998474121	0.15297999999995682	epochs	0.0
808.1599998474121	0.049999999999954525	epochs	1.0
808.2099998474121	0.0030000000000427463	epochs	1.0
808.2129998474121	0.09997999999995955	epochs	1.0
808.6279997825623	0.15297999999995682	epochs	0.0
808.6279997825623	0.049999999999954525	epochs	1.0
808.6779997825622	0.0030000000000427463	epochs	1.0
808.6809997825623	0.09997999999995955	epochs	1.0
809.0980000495911	0.15297999999995682	epochs	0.0
809.0980000495911	0.049999999999954525	epochs	1.0
809.148000049591	0.0030000000000427463	epochs	1.0
809.1510000495911	0.09997999999995955	epochs	1.0
809.5529999732971	0.15297999999995682	epochs	0.0
809.5529999732971	0.049999999999954525	epochs	1.0
809.6029999732971	0.0030000000000427463	epochs	1.0
809.6059999732971	0.09997999999995955	epochs	1.0
809.9939999580383	0.15297999999995682	epochs	0.0
809.9939999580383	0.049999999999954525	epochs	1.0
810.0439999580383	0.0030000000000427463	epochs	1.0
810.0469999580383	0.09997999999995955	epochs	1.0
810.4400000572205	0.15297999999995682	epochs	0.0
810.4400000572205	0.049999999999954525	epochs	1.0
810.4900000572204	0.0030000000000427463	epochs	1.0
810.4930000572205	0.09997999999995955	epochs	1.0
810.8790001869202	0.15297999999995682	epochs	0.0
810.8790001869202	0.049999999999954525	epochs	1.0
810.9290001869201	0.0030000000000427463	epochs	1.0
810.9320001869202	0.09997999999995955	epochs	1.0
811.353000164032	0.03722000000004755	epochs	0.0
811.353000164032	0.013611399999945206	epochs	1.0
811.3666115640319	0.009997200000043449	epochs	1.0
811.376608764032	0.013611400000058893	epochs	1.0
811.390230264032	0.5	epochs	-1.0
811.390240164032	1.562159999999949	epochs	0.0
811.390240164032	0.5	epochs	1.0
811.890240164032	0.0030000000000427463	epochs	1.0
811.893240164032	1.0591599999999062	epochs	1.0
812.393230264032	0.5	epochs	-1.0
812.9524001640319	0.04082000000005337	epochs	0.0
813.6370000839233	0.03722000000004755	epochs	0.0
813.6370000839233	0.013611399999945206	epochs	1.0
813.6506114839233	0.009997200000043449	epochs	1.0
813.6606086839233	0.013611400000058893	epochs	1.0
813.6742301839233	0.5	epochs	-1.0
813.6742400839233	1.5624199999999746	epochs	0.0
813.6742400839233	0.5	epochs	1.0
814.1742400839233	0.0030000000000427463	epochs	1.0
814.1772400839234	1.0594199999999319	epochs	1.0
814.6772301839234	0.5	epochs	-1.0
815.2366600839233	0.040560000000027685	epochs	0.0
815.8179998397827	0.03722000000004755	epochs	0.0
815.8179998397827	0.013611399999945206	epochs	1.0
815.8316112397827	0.009997200000043449	epochs	1.0
815.8416084397827	0.013611400000058893	epochs	1.0
815.8552299397827	0.5	epochs	-1.0
815.8552398397827	5.121179999999981	epochs	0.0
815.8552398397827	0.5	epochs	1.0
816.3552398397827	4.621179999999981	epochs	1.0
819.9773398397828	0.9990799999999354	epochs	-1.0
819.9773398397828	0.03917999999998756	epochs	-1.0
820.4748099397827	0.5	epochs	-1.0
820.9764198397827	14.37880000000007	epochs	0.0
821.3949999809265	0.03722000000004755	epochs	0.0
821.3949999809265	0.013611399999945206	epochs	1.0
821.4086113809265	0.009997200000043449	epochs	1.0
821.4186085809265	0.013611400000058893	epochs	1.0
821.4322300809265	0.5	epochs	-1.0
821.4322399809265	5.122680000000059	epochs	0.0
821.4322399809265	0.5	epochs	1.0
821.9322399809265	4.622680000000059	epochs	1.0
825.5550799809265	0.9998400000000629	epochs	-1.0
825.5550799809265	0.03905999999994947	epochs	-1.0
826.0525500809265	0.5	epochs	-1.0
826.5549199809266	14.377299999999991	epochs	0.0
826.875	0.03722000000004755	epochs	0.0
826.875	0.013611399999945206	epochs	1.0
826.8886114	0.009997200000043449	epochs	1.0
826.8986086	0.013611400000058893	epochs	1.0
826.9122301	0.5	epochs	-1.0
826.91224	5.682239999999979	epochs	0.0
826.91224	0.5	epochs	1.0
827.41224	5.182239999999979	epochs	1.0
831.09458	1.499900000000025	epochs	-1.0
831.09458	0.03956000000005133	epochs	-1.0
831.5920501	0.5	epochs	-1.0
832.0920501	0.5	epochs	-1.0
832.59448	13.817740000000072	epochs	0.0
845.5250000953674	0.03719999999998436	epochs	0.0
845.5250000953674	0.013603999999986627	epochs	1.0
845.5386040953674	0.009992000000011103	epochs	1.0
845.5485960953674	0.013603999999986627	epochs	1.0
845.5622000953674	2.0	epochs	0.0
847.5622000953674	5.362960000000044	epochs	0.0
847.5622000953674	1.0	epochs	1.0
847.5622301953674	0.5	epochs	-1.0
848.0622301953674	4.86292990000004	epochs	-1.0
848.5622000953674	4.362960000000044	epochs	1.0
848.5622000953674	4.356753900000058	epochs	-1.0
848.5622000953674	1.9745871999999736	epochs	2.0
848.5622000953674	1.0985622000000603	epochs	3.0
849.6607622953675	0.8760249999999132	epochs	3.0
850.5367872953674	1.3524075000000266	epochs	2.0
850.5367872953674	0.7286354999999958	epochs	3.0
851.2654227953674	0.6237720000000309	epochs	3.0
851.8891947953674	1.0297592000000577	epochs	2.0
851.8891947953674	0.5453293000000485	epochs	3.0
852.4345240953675	0.4844299000000092	epochs	3.0
852.9189539953675	0.006206099999985781	epochs	2.0
852.9189539953675	0.006206099999985781	epochs	3.0
852.9251600953675	16.63695999999993	epochs	0.0
853.2829999923706	0.03719999999998436	epochs	0.0
853.2829999923706	0.013603999999986627	epochs	1.0
853.2966039923706	0.009992000000011103	epochs	1.0
853.3065959923706	0.013603999999986627	epochs	1.0
853.3201999923706	2.0	epochs	0.0
855.3201999923706	21.523040000000037	epochs	0.0
855.3201999923706	1.0	epochs	1.0
855.3202300923706	0.5	epochs	-1.0
855.8202300923706	19.999040000000036	epochs	-1.0
856.3201999923706	20.0	epochs	1.0
856.3201999923706	4.356753900000058	epochs	-1.0
856.3201999923706	1.9745871999999736	epochs	2.0
856.3201999923706	1.0985622000000603	epochs	3.0
857.4187621923707	0.8760249999999132	epochs	3.0
858.2947871923706	1.3524075000000266	epochs	2.0
858.2947871923706	0.7286354999999958	epochs	3.0
859.0234226923706	0.6237720000000309	epochs	3.0
859.6471946923706	1.0297592000000577	epochs	2.0
859.6471946923706	0.5453293000000485	epochs	3.0
860.1925239923706	0.4844299000000092	epochs	3.0
860.6769538923706	0.8317862000000105	epochs	2.0
860.6769538923706	0.4357762999999295	epochs	3.0
861.1127301923706	0.39600990000008096	epochs	3.0
861.5087400923707	0.6977969999999232	epochs	2.0
861.5087400923707	0.36289819999990414	epochs	3.0
861.8716382923706	0.33489880000001904	epochs	3.0
862.2065370923706	0.601045699999986	epochs	2.0
862.2065370923706	0.3109123000000409	epochs	3.0
862.5174493923706	0.29013339999994514	epochs	3.0
862.8075827923706	0.5278859000000011	epochs	2.0
862.8075827923706	0.2719586000000618	epochs	3.0
863.0795413923706	0.25592729999993935	epochs	3.0
863.3354686923706	0.4706193000000667	epochs	2.0
863.3354686923706	0.241681299999982	epochs	3.0
863.5771499923706	0.22893800000008468	epochs	3.0
863.8060879923706	0.42457039999999324	epochs	2.0
863.8060879923706	0.21747140000002219	epochs	3.0
864.0235593923707	0.20709899999997106	epochs	3.0
864.2306583923706	0.3867354000000205	epochs	2.0
864.2306583923706	0.19767109999997956	epochs	3.0
864.4283294923706	0.18906430000004093	epochs	3.0
864.6173937923706	0.35509529999990264	epochs	2.0
864.6173937923706	0.18117589999997108	epochs	3.0
864.7985696923706	0.17391939999993156	epochs	3.0
864.9724890923706	0.3282431000000088	epochs	2.0
864.9724890923706	0.1672219000000723	epochs	3.0
865.1397109923706	0.16102119999993647	epochs	3.0
865.3007321923706	0.30516800000009425	epochs	2.0
865.3007321923706	0.15526390000002266	epochs	3.0
865.4559960923706	0.1499041000000716	epochs	3.0
865.6059001923707	0.28512530000000424	epochs	2.0
865.6059001923707	0.1449020999999675	epochs	3.0
865.7508022923706	0.14022320000003674	epochs	3.0
865.8910254923707	0.2675537999999733	epochs	2.0
865.8910254923707	0.1358368999999584	epochs	3.0
866.0268623923706	0.1317169000000149	epochs	3.0
866.1585792923706	0.252022899999929	epochs	2.0
866.1585792923706	0.1278393000000051	epochs	3.0
866.2864185923706	0.1241835999999239	epochs	3.0
866.4106021923706	0.23819650000007186	epochs	2.0
866.4106021923706	0.12073110000005727	epochs	3.0
866.5313332923706	0.1174654000000146	epochs	3.0
866.6487986923706	0.2258087999999816	epochs	2.0
866.6487986923706	0.1143718999999237	epochs	3.0
866.7631705923706	0.1114369000000579	epochs	3.0
866.8746074923706	0.2146460000000161	epochs	2.0
866.8746074923706	0.10864889999993466	epochs	3.0
866.9832563923705	0.10599710000008145	epochs	3.0
867.0892534923706	0.20453499999996438	epochs	2.0
867.0892534923706	0.10347149999995509	epochs	3.0
867.1927249923706	0.1010635000000093	epochs	3.0
867.2937884923706	0.19533400000000256	epochs	2.0
867.2937884923706	0.09876510000003691	epochs	3.0
867.3925535923706	0.09656889999996565	epochs	3.0
867.4891224923706	0.18692529999998442	epochs	2.0
867.4891224923706	0.09446830000001682	epochs	3.0
867.5835907923706	0.09245699999996759	epochs	3.0
867.6760477923706	0.17921069999999872	epochs	2.0
867.6760477923706	0.09052959999996801	epochs	3.0
867.7665773923706	0.08868110000003071	epochs	3.0
867.8552584923706	0.17210769999996955	epochs	2.0
867.8552584923706	0.08690630000000965	epochs	3.0
867.9421647923706	0.0852013999999599	epochs	3.0
868.0273661923706	0.16554640000003928	epochs	2.0
868.0273661923706	0.08356190000006336	epochs	3.0
868.1109280923706	0.08198449999997592	epochs	3.0
868.1929125923706	0.15946710000002895	epochs	2.0
868.1929125923706	0.08046539999998004	epochs	3.0
868.2733779923706	0.07900170000004891	epochs	3.0
868.3523796923706	0.15381839999997737	epochs	2.0
868.3523796923706	0.07759009999995214	epochs	3.0
868.4299697923706	0.07622830000002523	epochs	3.0
868.5061980923706	0.14855639999996129	epochs	2.0
868.5061980923706	0.07491330000004837	epochs	3.0
868.5811113923706	0.07364309999991292	epochs	3.0
868.6547544923706	0.14364240000008976	epochs	2.0
868.6547544923706	0.07241500000009182	epochs	3.0
868.7271694923706	0.07122739999999794	epochs	3.0
868.7983968923706	0.13904309999998077	epochs	2.0
868.7983968923706	0.07007799999996678	epochs	3.0
868.8684748923706	0.06896510000001399	epochs	3.0
868.9374399923706	0.1347293000000036	epochs	2.0
868.9374399923706	0.0678871000000072	epochs	3.0
869.0053270923706	0.06684219999999641	epochs	3.0
869.0721692923706	0.13067519999992783	epochs	2.0
869.0721692923706	0.06582909999997355	epochs	3.0
869.1379983923706	0.06484609999995428	epochs	3.0
869.2028444923706	0.12685780000003888	epochs	2.0
869.2028444923706	0.06389200000000983	epochs	3.0
869.2667364923706	0.06296580000002905	epochs	3.0
869.3297022923706	0.12325720000001184	epochs	2.0
869.3297022923706	0.06206580000002759	epochs	3.0
869.3917680923706	0.06119139999998424	epochs	3.0
869.4529594923706	0.11985540000000583	epochs	2.0
869.4529594923706	0.060341099999959624	epochs	3.0
869.5133005923706	0.059514300000046205	epochs	3.0
869.5728148923706	0.11663620000001629	epochs	2.0
869.5728148923706	0.05870960000004288	epochs	3.0
869.6315244923707	0.057926599999973405	epochs	3.0
869.6894510923706	0.11358559999996487	epochs	2.0
869.6894510923706	0.05716419999998834	epochs	3.0
869.7466152923706	0.05642139999997653	epochs	3.0
869.8030366923706	0.11069050000003244	epochs	2.0
869.8030366923706	0.055697900000041045	epochs	3.0
869.8587345923706	0.0549925999999914	epochs	3.0
869.9137271923706	0.10793909999995321	epochs	2.0
869.9137271923706	0.05430489999992005	epochs	3.0
869.9680320923705	0.05363420000003316	epochs	3.0
870.0216662923706	0.10532150000005913	epochs	2.0
870.0216662923706	0.05298000000004777	epochs	3.0
870.0746462923706	0.052341500000011365	epochs	3.0
870.1269877923706	0.10282759999995505	epochs	2.0
870.1269877923706	0.05171810000001642	epochs	3.0
870.1787058923707	0.051109499999938635	epochs	3.0
870.2298153923706	0.10044909999999163	epochs	2.0
870.2298153923706	0.050514900000052876	epochs	3.0
870.2803302923706	0.049934199999938755	epochs	3.0
870.3302644923706	0.0981782999999723	epochs	2.0
870.3302644923706	0.04936659999998483	epochs	3.0
870.3796310923706	0.04881169999998747	epochs	3.0
870.4284427923706	0.09600780000005216	epochs	2.0
870.4284427923706	0.04826920000004975	epochs	3.0
870.4767119923706	0.04773860000000241	epochs	3.0
870.5244505923706	0.09393120000004274	epochs	2.0
870.5244505923706	0.04721949999998287	epochs	3.0
870.5716700923706	0.046711700000059864	epochs	3.0
870.6183817923707	0.09194259999992482	epochs	2.0
870.6183817923707	0.046214599999984785	epochs	3.0
870.6645963923706	0.04572799999994004	epochs	3.0
870.7103243923706	0.09003630000006524	epochs	2.0
870.7103243923706	0.04525150000006306	epochs	3.0
870.7555758923706	0.04478480000000218	epochs	3.0
870.8003606923706	0.08820759999991878	epochs	2.0
870.8003606923706	0.04432779999990544	epochs	3.0
870.8446884923706	0.04387980000001335	epochs	3.0
870.8885682923706	0.0864516999999978	epochs	2.0
870.8885682923706	0.04344100000002982	epochs	3.0
870.9320092923706	0.04301069999996798	epochs	3.0
870.9750199923706	0.0847643000000744	epochs	2.0
870.9750199923706	0.04258900000002086	epochs	3.0
871.0176089923706	0.04217530000005354	epochs	3.0
871.0597842923706	0.08314150000001064	epochs	2.0
871.0597842923706	0.041769699999917975	epochs	3.0
871.1015539923706	0.04137180000009266	epochs	3.0
871.1429257923706	0.08157969999990655	epochs	2.0
871.1429257923706	0.040981399999964196	epochs	3.0
871.1839071923706	0.040598299999942355	epochs	3.0
871.2245054923706	0.08007550000002084	epochs	2.0
871.2245054923706	0.040222300000095856	epochs	3.0
871.2647277923706	0.03985319999992498	epochs	3.0
871.3045809923706	0.07862569999997504	epochs	2.0
871.3045809923706	0.039490800000066884	epochs	3.0
871.3440717923706	0.03913489999990816	epochs	3.0
871.3832066923705	0.07722760000001472	epochs	2.0
871.3832066923705	0.038785400000051595	epochs	3.0
871.4219920923706	0.03844219999996312	epochs	3.0
871.4604342923706	0.07587820000003376	epochs	2.0
871.4604342923706	0.038104800000041905	epochs	3.0
871.4985390923706	0.03777339999999185	epochs	3.0
871.5363124923706	0.0745752000000266	epochs	2.0
871.5363124923706	0.03744770000002973	epochs	3.0
871.5737601923706	0.03712749999999687	epochs	3.0
871.6108876923706	0.07331629999998768	epochs	2.0
871.6108876923706	0.036812899999972615	epochs	3.0
871.6477005923706	0.03650340000001506	epochs	3.0
871.6842039923706	0.07209899999998015	epochs	2.0
871.6842039923706	0.03619909999997617	epochs	3.0
871.7204030923706	0.03589990000000398	epochs	3.0
871.7563029923706	0.07092169999998532	epochs	2.0
871.7563029923706	0.03560560000005353	epochs	3.0
871.7919085923706	0.035316099999931794	epochs	3.0
871.8272246923706	0.06978200000003199	epochs	2.0
871.8272246923706	0.03503120000004856	epochs	3.0
871.8622558923706	0.03475079999998343	epochs	3.0
871.8970066923706	0.06867859999999837	epochs	2.0
871.8970066923706	0.03447510000000875	epochs	3.0
871.9314817923706	0.03420349999998962	epochs	3.0
871.9656852923706	0.06760929999995824	epochs	2.0
871.9656852923706	0.033936199999970995	epochs	3.0
871.9996214923706	0.033673099999987244	epochs	3.0
872.0332945923706	0.06657289999998284	epochs	2.0
872.0332945923706	0.03341399999999339	epochs	3.0
872.0667085923706	0.033158899999989444	epochs	3.0
872.0998674923705	0.06556780000005347	epochs	2.0
872.0998674923705	0.032907700000009754	epochs	3.0
872.1327751923706	0.03266010000004371	epochs	3.0
872.1654352923706	0.06459259999996902	epochs	2.0
872.1654352923706	0.032416399999988244	epochs	3.0
872.1978516923706	0.03217619999998078	epochs	3.0
872.2300278923706	0.06364600000006249	epochs	2.0
872.2300278923706	0.03193959999998697	epochs	3.0
872.2619674923706	0.03170640000007552	epochs	3.0
872.2936738923706	0.0627266999999847	epochs	2.0
872.2936738923706	0.03147660000001906	epochs	3.0
872.3251504923707	0.03125009999996564	epochs	3.0
872.3564005923706	0.06183359999999993	epochs	2.0
872.3564005923706	0.031026900000028945	epochs	3.0
872.3874274923706	0.030806699999970988	epochs	3.0
872.4182341923706	0.06096560000003137	epochs	2.0
872.4182341923706	0.030589800000029754	epochs	3.0
872.4488239923706	0.030375800000001618	epochs	3.0
872.4791997923707	0.06012160000000222	epochs	2.0
872.4791997923707	0.03016489999993155	epochs	3.0
872.5093646923706	0.02995670000007067	epochs	3.0
872.5393213923707	0.05930069999999432	epochs	2.0
872.5393213923707	0.02975159999994048	epochs	3.0
872.5690729923706	0.02954910000005384	epochs	3.0
872.5986220923706	0.05850179999993088	epochs	2.0
872.5986220923706	0.02934940000000097	epochs	3.0
872.6279714923706	0.029152399999929912	epochs	3.0
872.6571238923706	0.057724200000052406	epochs	2.0
872.6571238923706	0.028957999999988715	epochs	3.0
872.6860818923706	0.02876620000006369	epochs	3.0
872.7148480923706	0.05696709999995164	epochs	2.0
872.7148480923706	0.028576999999927466	epochs	3.0
872.7434250923706	0.028390100000024177	epochs	3.0
872.7718151923706	0.05622949999997218	epochs	2.0
872.7718151923706	0.028205700000057732	epochs	3.0
872.8000208923706	0.028023799999914445	epochs	3.0
872.8280446923706	0.05551070000001346	epochs	2.0
872.8280446923706	0.02784400000007281	epochs	3.0
872.8558886923706	0.027666699999940647	epochs	3.0
872.8835553923706	0.054810200000019904	epochs	2.0
872.8835553923706	0.02749149999999645	epochs	3.0
872.9110468923706	0.027318700000023455	epochs	3.0
872.9383655923706	0.05412699999999404	epochs	2.0
872.9383655923706	0.027147799999966082	epochs	3.0
872.9655133923706	0.02697920000002796	epochs	3.0
872.9924925923706	0.0534607000000733	epochs	2.0
872.9924925923706	0.0268125999999711	epochs	3.0
873.0193051923706	0.026648100000102204	epochs	3.0
873.0459532923707	0.052810699999895405	epochs	2.0
873.0459532923707	0.026485600000000886	epochs	3.0
873.0724388923707	0.02632509999989452	epochs	3.0
873.0987639923706	0.05217620000007628	epochs	2.0
873.0987639923706	0.026166400000079193	epochs	3.0
873.1249303923706	0.026009799999997085	epochs	3.0
873.1509401923706	0.051556699999991906	epochs	2.0
873.1509401923706	0.025854799999933675	epochs	3.0
873.1767949923706	0.02570190000005823	epochs	3.0
873.2024968923706	0.05095189999997274	epochs	2.0
873.2024968923706	0.025550699999939752	epochs	3.0
873.2280475923706	0.025401200000032986	epochs	3.0
873.2534487923706	0.05036100000006627	epochs	2.0
873.2534487923706	0.025253499999962514	epochs	3.0
873.2787022923706	0.025107500000103755	epochs	3.0
873.3038097923707	0.049783800000000156	epochs	2.0
873.3038097923707	0.02496320000000196	epochs	3.0
873.3287729923707	0.024820599999998194	epochs	3.0
873.3535935923707	0.04921949999993558	epochs	2.0
873.3535935923707	0.024679399999968155	epochs	3.0
873.3782729923706	0.024540099999967424	epochs	3.0
873.4028130923706	0.04866790000005494	epochs	2.0
873.4028130923706	0.02440209999997478	epochs	3.0
873.4272151923706	0.024265800000080162	epochs	3.0
873.4514809923706	0.048128599999927246	epochs	2.0
873.4514809923706	0.024131000000011227	epochs	3.0
873.4756119923707	0.02399759999991602	epochs	3.0
873.4996095923706	0.047601100000065344	epochs	2.0
873.4996095923706	0.023865800000066884	epochs	3.0
873.5234753923706	0.02373529999999846	epochs	3.0
873.5472106923706	0.04708499999992455	epochs	2.0
873.5472106923706	0.023606299999983094	epochs	3.0
873.5708169923706	0.023478699999941455	epochs	3.0
873.5942956923706	0.04658000000006268	epochs	2.0
873.5942956923706	0.02335249999998723	epochs	3.0
873.6176481923706	0.02322750000007545	epochs	3.0
873.6408756923706	0.04608569999993506	epochs	2.0
873.6408756923706	0.023103999999989355	epochs	3.0
873.6639796923706	0.022981699999945704	epochs	3.0
873.6869613923706	0.0456018000000995	epochs	2.0
873.6869613923706	0.022860700000023826	epochs	3.0
873.7098220923706	0.022741100000075676	epochs	3.0
873.7325631923707	0.045127899999897636	epochs	2.0
873.7325631923707	0.022622499999897627	epochs	3.0
873.7551856923706	0.02250540000000001	epochs	3.0
873.7776910923706	0.0446638000000803	epochs	2.0
873.7776910923706	0.022389300000099865	epochs	3.0
873.8000803923707	0.022274499999980435	epochs	3.0
873.8223548923706	0.04420919999995476	epochs	2.0
873.8223548923706	0.022160799999937808	epochs	3.0
873.8445156923706	0.022048400000016954	epochs	3.0
873.8665640923706	0.043763600000033875	epochs	2.0
873.8665640923706	0.021936900000014248	epochs	3.0
873.8885009923706	0.021826700000019628	epochs	3.0
873.9103276923706	0.04332709999994222	epochs	2.0
873.9103276923706	0.021717599999988124	epochs	3.0
873.9320452923706	0.021609499999954096	epochs	3.0
873.9536547923706	0.04289900000003399	epochs	2.0
873.9536547923706	0.02150249999999687	epochs	3.0
873.9751572923706	0.021396500000037122	epochs	3.0
873.9965537923706	0.042479500000013104	epochs	2.0
873.9965537923706	0.02129170000000613	epochs	3.0
874.0178454923706	0.021187800000006973	epochs	3.0
874.0390332923706	0.042067900000006375	epochs	2.0
874.0390332923706	0.02108490000000529	epochs	3.0
874.0601181923706	0.020983000000001084	epochs	3.0
874.0811011923706	0.04166439999994509	epochs	2.0
874.0811011923706	0.020882199999959994	epochs	3.0
874.1019833923706	0.020782199999985096	epochs	3.0
874.1227655923706	0.04126850000000104	epochs	2.0
874.1227655923706	0.020683300000087	epochs	3.0
874.1434488923707	0.02058519999991404	epochs	3.0
874.1640340923706	0.04088000000001557	epochs	2.0
874.1640340923706	0.020488100000079612	epochs	3.0
874.1845221923707	0.02039189999993596	epochs	3.0
874.2049140923706	0.04049880000002304	epochs	2.0
874.2049140923706	0.020296600000051512	epochs	3.0
874.2252106923706	0.020202199999971526	epochs	3.0
874.2454128923706	0.04012460000001283	epochs	2.0
874.2454128923706	0.02010870000003706	epochs	3.0
874.2655215923706	0.020015899999975773	epochs	3.0
874.2855374923706	0.03975730000001931	epochs	2.0
874.2855374923706	0.019924199999991288	epochs	3.0
874.3054616923706	0.019833100000028026	epochs	3.0
874.3252947923706	0.03939669999999751	epochs	2.0
874.3252947923706	0.01974299999994855	epochs	3.0
874.3450377923706	0.019653700000048957	epochs	3.0
874.3646914923706	0.03904239999997117	epochs	2.0
874.3646914923706	0.019565099999908853	epochs	3.0
874.3842565923705	0.019477300000062314	epochs	3.0
874.4037338923706	0.03869459999998526	epochs	2.0
874.4037338923706	0.019390400000020236	epochs	3.0
874.4231242923706	0.01930419999996502	epochs	3.0
874.4424284923706	0.03835290000006353	epochs	2.0
874.4424284923706	0.019218799999976	epochs	3.0
874.4616472923706	0.01913410000008753	epochs	3.0
874.4807813923707	0.038017199999899276	epochs	2.0
874.4807813923707	0.01905019999992419	epochs	3.0
874.4998315923706	0.018966999999975087	epochs	3.0
874.5187985923706	0.037687200000050325	epochs	2.0
874.5187985923706	0.01888450000001285	epochs	3.0
874.5376830923706	0.018802700000037476	epochs	3.0
874.5564857923706	0.03736309999999321	epochs	2.0
874.5564857923706	0.018721700000014607	epochs	3.0
874.5752074923706	0.018641399999978603	epochs	3.0
874.5938488923706	0.03704430000004777	epochs	2.0
874.5938488923706	0.01856159999999818	epochs	3.0
874.6124104923706	0.01848270000004959	epochs	3.0
874.6308931923706	0.03673099999991791	epochs	2.0
874.6308931923706	0.018404299999929208	epochs	3.0
874.6492974923706	0.018326699999988705	epochs	3.0
874.6676241923706	0.036422900000047775	epochs	2.0
874.6676241923706	0.018249599999990096	epochs	3.0
874.6858737923706	0.01817330000005768	epochs	3.0
874.7040470923706	0.03612009999994825	epochs	2.0
874.7040470923706	0.0180976000000328	epochs	3.0
874.7221446923706	0.018022499999915453	epochs	3.0
874.7401671923706	0.03582210000001851	epochs	2.0
874.7401671923706	0.017947900000081063	epochs	3.0
874.7581150923706	0.017874199999937446	epochs	3.0
874.7759892923706	0.03552899999999681	epochs	2.0
874.7759892923706	0.017800800000031813	epochs	3.0
874.7937900923706	0.017728199999965	epochs	3.0
874.8115182923706	0.03524070000003121	epochs	2.0
874.8115182923706	0.017656100000067454	epochs	3.0
874.8291743923706	0.017584599999963757	epochs	3.0
874.8467589923706	0.034957100000042374	epochs	2.0
874.8467589923706	0.01751369999999497	epochs	3.0
874.8642726923706	0.017443400000047404	epochs	3.0
874.8817160923707	0.034677899999906	epochs	2.0
874.8817160923707	0.017373599999928047	epochs	3.0
874.8990896923706	0.017304299999977957	epochs	3.0
874.9163939923706	0.03440330000000813	epochs	2.0
874.9163939923706	0.01723570000001473	epochs	3.0
874.9336296923706	0.0171675999999934	epochs	3.0
874.9507972923706	0.0341328000000658	epochs	2.0
874.9507972923706	0.017099900000062007	epochs	3.0
874.9678971923706	0.017032900000003792	epochs	3.0
874.9849300923706	0.033866699999975935	epochs	2.0
874.9849300923706	0.01696640000000116	epochs	3.0
875.0018964923706	0.016900299999974777	epochs	3.0
875.0187967923706	0.03360459999998966	epochs	2.0
875.0187967923706	0.01683479999996962	epochs	3.0
875.0356315923706	0.01676980000002004	epochs	3.0
875.0524013923706	0.033346599999958926	epochs	2.0
875.0524013923706	0.016705300000012357	epochs	3.0
875.0691066923706	0.01664129999994657	epochs	3.0
875.0857479923706	0.03309250000006614	epochs	2.0
875.0857479923706	0.016577800000050047	epochs	3.0
875.1023257923706	0.01651470000001609	epochs	3.0
875.1188404923706	0.03284229999997024	epochs	2.0
875.1188404923706	0.01645220000000336	epochs	3.0
875.1352926923706	0.01639009999996688	epochs	3.0
875.1516827923706	0.03259570000000167	epochs	2.0
875.1516827923706	0.016328400000020338	epochs	3.0
875.1680111923706	0.016267299999981333	epochs	3.0
875.1842784923706	0.032352899999978035	epochs	2.0
875.1842784923706	0.016206600000032267	epochs	3.0
875.2004850923706	0.016146299999945768	epochs	3.0
875.2166313923706	0.032113700000081735	epochs	2.0
875.2166313923706	0.016086599999994178	epochs	3.0
875.2327179923706	0.016027100000087557	epochs	3.0
875.2487450923707	0.03187800000000607	epochs	2.0
875.2487450923707	0.015968199999974786	epochs	3.0
875.2647132923706	0.015909800000031282	epochs	3.0
875.2806230923707	0.03164569999989908	epochs	2.0
875.2806230923707	0.015851599999905375	epochs	3.0
875.2964746923706	0.015794099999993705	epochs	3.0
875.3122687923706	0.0314167000000225	epochs	2.0
875.3122687923706	0.015736700000047676	epochs	3.0
875.3280054923706	0.015679999999974825	epochs	3.0
875.3436854923706	0.031191100000000915	epochs	2.0
875.3436854923706	0.015623600000026272	epochs	3.0
875.3593090923706	0.015567499999974643	epochs	3.0
875.3748765923706	0.030968700000016725	epochs	2.0
875.3748765923706	0.015512000000057924	epochs	3.0
875.3903885923706	0.0154566999999588	epochs	3.0
875.4058452923706	0.030749499999956242	epochs	2.0
875.4058452923706	0.015401999999994587	epochs	3.0
875.4212472923706	0.015347499999961656	epochs	3.0
875.4365947923706	0.03053320000003623	epochs	2.0
875.4365947923706	0.015293400000018664	epochs	3.0
875.4518881923706	0.015239800000017567	epochs	3.0
875.4671279923706	0.03032010000003993	epochs	2.0
875.4671279923706	0.015186500000027081	epochs	3.0
875.4823144923706	0.015133600000012848	epochs	3.0
875.4974480923706	0.030109899999956724	epochs	2.0
875.4974480923706	0.015081000000009226	epochs	3.0
875.5125290923706	0.015028899999947498	epochs	3.0
875.5275579923706	0.02990250000004835	epochs	2.0
875.5275579923706	0.014977000000044427	epochs	3.0
875.5425349923706	0.014925500000003922	epochs	3.0
875.5574604923706	0.029698100000018712	epochs	2.0
875.5574604923706	0.01487439999993967	epochs	3.0
875.5723348923706	0.014823700000079043	epochs	3.0
875.5871585923707	0.02949630000000525	epochs	2.0
875.5871585923707	0.014773199999922326	epochs	3.0
875.6019317923706	0.014723100000082923	epochs	3.0
875.6166548923707	0.029297399999904883	epochs	2.0
875.6166548923707	0.014673399999992398	epochs	3.0
875.6313282923707	0.014623999999912485	epochs	3.0
875.6459522923706	0.029101100000048064	epochs	2.0
875.6459522923706	0.014574900000070556	epochs	3.0
875.6605271923706	0.014526199999977507	epochs	3.0
875.6750533923706	0.028907399999980044	epochs	2.0
875.6750533923706	0.014477700000043114	epochs	3.0
875.6895310923707	0.014429699999936929	epochs	3.0
875.7039607923706	0.028716199999962555	epochs	2.0
875.7039607923706	0.014381800000023759	epochs	3.0
875.7183425923706	0.014334399999938796	epochs	3.0
875.7326769923706	0.028527600000074926	epochs	2.0
875.7326769923706	0.01428720000001249	epochs	3.0
875.7469641923706	0.014240400000062436	epochs	3.0
875.7612045923706	0.028341399999931127	epochs	2.0
875.7612045923706	0.014193799999929979	epochs	3.0
875.7753983923706	0.014147600000001148	epochs	3.0
875.7895459923706	0.028157700000065233	epochs	2.0
875.7895459923706	0.014101700000082928	epochs	3.0
875.8036476923706	0.014055999999982305	epochs	3.0
875.8177036923706	0.027976299999977527	epochs	2.0
875.8177036923706	0.01401060000000598	epochs	3.0
875.8317142923706	0.013965699999971548	epochs	3.0
875.8456799923706	0.02779720000000907	epochs	2.0
875.8456799923706	0.013920800000050804	epochs	3.0
875.8596007923707	0.013876399999958267	epochs	3.0
875.8734771923706	0.027620400000046175	epochs	2.0
875.8734771923706	0.013832200000024386	epochs	3.0
875.8873093923706	0.013788200000021789	epochs	3.0
875.9010975923707	0.027445899999975154	epochs	2.0
875.9010975923707	0.013744599999995444	epochs	3.0
875.9148421923707	0.01370129999997971	epochs	3.0
875.9285434923706	0.027273499999978412	epochs	2.0
875.9285434923706	0.013658200000008947	epochs	3.0
875.9422016923706	0.013615299999969466	epochs	3.0
875.9558169923706	0.027103399999987232	epochs	2.0
875.9558169923706	0.013572800000019924	epochs	3.0
875.9693897923706	0.013530599999967308	epochs	3.0
875.9829203923706	0.02693520000002536	epochs	2.0
875.9829203923706	0.013488400000028378	epochs	3.0
875.9964087923706	0.013446799999996983	epochs	3.0
876.0098555923706	0.026769199999989723	epochs	2.0
876.0098555923706	0.013405199999965589	epochs	3.0
876.0232607923706	0.013364000000024134	epochs	3.0
876.0366247923706	0.026605199999949036	epochs	2.0
876.0366247923706	0.013322899999934634	epochs	3.0
876.0499476923706	0.013282300000014402	epochs	3.0
876.0632299923706	0.026443200000016986	epochs	2.0
876.0632299923706	0.01324170000009417	epochs	3.0
876.0764716923707	0.013201499999922817	epochs	3.0
876.0896731923706	0.026283200000079887	epochs	2.0
876.0896731923706	0.013161500000023807	epochs	3.0
876.1028346923706	0.01312170000005608	epochs	3.0
876.1159563923707	0.02612499999997908	epochs	2.0
876.1159563923707	0.01308209999990595	epochs	3.0
876.1290384923706	0.013042900000073132	epochs	3.0
876.1420813923706	0.025968899999952555	epochs	2.0
876.1420813923706	0.013003899999944224	epochs	3.0
876.1550852923706	0.012965000000008331	epochs	3.0
876.1680502923706	0.025814500000024054	epochs	2.0
876.1680502923706	0.012926399999969362	epochs	3.0
876.1809766923706	0.012888100000054692	epochs	3.0
876.1938647923706	0.025661900000045534	epochs	2.0
876.1938647923706	0.012849899999991976	epochs	3.0
876.2067146923706	0.012812000000053558	epochs	3.0
876.2195266923707	0.025511199999982637	epochs	2.0
876.2195266923707	0.012774399999898378	epochs	3.0
876.2323010923706	0.012736800000084258	epochs	3.0
876.2450378923706	0.025362299999983406	epochs	2.0
876.2450378923706	0.01269969999998466	epochs	3.0
876.2577375923706	0.012662599999998747	epochs	3.0
876.2704001923706	0.025215000000002874	epochs	2.0
876.2704001923706	0.012625800000023446	epochs	3.0
876.2830259923707	0.012589199999979428	epochs	3.0
876.2956151923706	0.024584799999956886	epochs	2.0
876.3192700923706	0.5	epochs	-1.0
876.3201999923706	0.5230400000000373	epochs	1.0
876.8432399923706	0.47687999999993735	epochs	0.0
877.2649998664856	0.03719999999998436	epochs	0.0
877.2649998664856	0.013603999999986627	epochs	1.0
877.2786038664856	0.009992000000011103	epochs	1.0
877.2885958664856	0.013603999999986627	epochs	1.0
877.3021998664856	2.0	epochs	0.0
879.3021998664856	21.999919999999975	epochs	0.0
879.3021998664856	1.0	epochs	1.0
879.3022299664856	0.5	epochs	-1.0
879.8022299664856	19.999040000000036	epochs	-1.0
880.3021998664856	20.0	epochs	1.0
880.3021998664856	4.356753900000058	epochs	-1.0
880.3021998664856	1.9745871999999736	epochs	2.0
880.3021998664856	1.0985622000000603	epochs	3.0
881.4007620664856	0.8760249999999132	epochs	3.0
882.2767870664856	1.3524075000000266	epochs	2.0
882.2767870664856	0.7286354999999958	epochs	3.0
883.0054225664855	0.6237720000000309	epochs	3.0
883.6291945664856	1.0297592000000577	epochs	2.0
883.6291945664856	0.5453293000000485	epochs	3.0
884.1745238664856	0.4844299000000092	epochs	3.0
884.6589537664856	0.8317862000000105	epochs	2.0
884.6589537664856	0.4357762999999295	epochs	3.0
885.0947300664856	0.39600990000008096	epochs	3.0
885.4907399664856	0.6977969999999232	epochs	2.0
885.4907399664856	0.36289819999990414	epochs	3.0
885.8536381664856	0.33489880000001904	epochs	3.0
886.1885369664856	0.601045699999986	epochs	2.0
886.1885369664856	0.3109123000000409	epochs	3.0
886.4994492664856	0.29013339999994514	epochs	3.0
886.7895826664856	0.5278859000000011	epochs	2.0
886.7895826664856	0.2719586000000618	epochs	3.0
887.0615412664856	0.25592729999993935	epochs	3.0
887.3174685664856	0.4706193000000667	epochs	2.0
887.3174685664856	0.241681299999982	epochs	3.0
887.5591498664855	0.22893800000008468	epochs	3.0
887.7880878664856	0.42457039999999324	epochs	2.0
887.7880878664856	0.21747140000002219	epochs	3.0
888.0055592664856	0.20709899999997106	epochs	3.0
888.2126582664856	0.3867354000000205	epochs	2.0
888.2126582664856	0.19767109999997956	epochs	3.0
888.4103293664856	0.18906430000004093	epochs	3.0
888.5993936664856	0.35509529999990264	epochs	2.0
888.5993936664856	0.18117589999997108	epochs	3.0
888.7805695664856	0.17391939999993156	epochs	3.0
888.9544889664855	0.3282431000000088	epochs	2.0
888.9544889664855	0.1672219000000723	epochs	3.0
889.1217108664856	0.16102119999993647	epochs	3.0
889.2827320664856	0.30516800000009425	epochs	2.0
889.2827320664856	0.15526390000002266	epochs	3.0
889.4379959664856	0.1499041000000716	epochs	3.0
889.5879000664856	0.28512530000000424	epochs	2.0
889.5879000664856	0.1449020999999675	epochs	3.0
889.7328021664856	0.14022320000003674	epochs	3.0
889.8730253664856	0.2675537999999733	epochs	2.0
889.8730253664856	0.1358368999999584	epochs	3.0
890.0088622664856	0.1317169000000149	epochs	3.0
890.1405791664856	0.252022899999929	epochs	2.0
890.1405791664856	0.1278393000000051	epochs	3.0
890.2684184664856	0.1241835999999239	epochs	3.0
890.3926020664856	0.23819650000007186	epochs	2.0
890.3926020664856	0.12073110000005727	epochs	3.0
890.5133331664856	0.1174654000000146	epochs	3.0
890.6307985664856	0.2258087999999816	epochs	2.0
890.6307985664856	0.1143718999999237	epochs	3.0
890.7451704664855	0.1114369000000579	epochs	3.0
890.8566073664856	0.2146460000000161	epochs	2.0
890.8566073664856	0.10864889999993466	epochs	3.0
890.9652562664855	0.10599710000008145	epochs	3.0
891.0712533664856	0.20453499999996438	epochs	2.0
891.0712533664856	0.10347149999995509	epochs	3.0
891.1747248664856	0.1010635000000093	epochs	3.0
891.2757883664856	0.19533400000000256	epochs	2.0
891.2757883664856	0.09876510000003691	epochs	3.0
891.3745534664856	0.09656889999996565	epochs	3.0
891.4711223664856	0.18692529999998442	epochs	2.0
891.4711223664856	0.09446830000001682	epochs	3.0
891.5655906664856	0.09245699999996759	epochs	3.0
891.6580476664856	0.17921069999999872	epochs	2.0
891.6580476664856	0.09052959999996801	epochs	3.0
891.7485772664855	0.08868110000003071	epochs	3.0
891.8372583664856	0.17210769999996955	epochs	2.0
891.8372583664856	0.08690630000000965	epochs	3.0
891.9241646664856	0.0852013999999599	epochs	3.0
892.0093660664855	0.16554640000003928	epochs	2.0
892.0093660664855	0.08356190000006336	epochs	3.0
892.0929279664856	0.08198449999997592	epochs	3.0
892.1749124664856	0.15946710000002895	epochs	2.0
892.1749124664856	0.08046539999998004	epochs	3.0
892.2553778664856	0.07900170000004891	epochs	3.0
892.3343795664856	0.15381839999997737	epochs	2.0
892.3343795664856	0.07759009999995214	epochs	3.0
892.4119696664856	0.07622830000002523	epochs	3.0
892.4881979664856	0.14855639999996129	epochs	2.0
892.4881979664856	0.07491330000004837	epochs	3.0
892.5631112664856	0.07364309999991292	epochs	3.0
892.6367543664855	0.14364240000008976	epochs	2.0
892.6367543664855	0.07241500000009182	epochs	3.0
892.7091693664856	0.07122739999999794	epochs	3.0
892.7803967664856	0.13904309999998077	epochs	2.0
892.7803967664856	0.07007799999996678	epochs	3.0
892.8504747664856	0.06896510000001399	epochs	3.0
892.9194398664856	0.1347293000000036	epochs	2.0
892.9194398664856	0.0678871000000072	epochs	3.0
892.9873269664856	0.06684219999999641	epochs	3.0
893.0541691664856	0.13067519999992783	epochs	2.0
893.0541691664856	0.06582909999997355	epochs	3.0
893.1199982664856	0.06484609999995428	epochs	3.0
893.1848443664855	0.12685780000003888	epochs	2.0
893.1848443664855	0.06389200000000983	epochs	3.0
893.2487363664856	0.06296580000002905	epochs	3.0
893.3117021664856	0.12325720000001184	epochs	2.0
893.3117021664856	0.06206580000002759	epochs	3.0
893.3737679664856	0.06119139999998424	epochs	3.0
893.4349593664856	0.11985540000000583	epochs	2.0
893.4349593664856	0.060341099999959624	epochs	3.0
893.4953004664856	0.059514300000046205	epochs	3.0
893.5548147664856	0.11663620000001629	epochs	2.0
893.5548147664856	0.05870960000004288	epochs	3.0
893.6135243664856	0.057926599999973405	epochs	3.0
893.6714509664856	0.11358559999996487	epochs	2.0
893.6714509664856	0.05716419999998834	epochs	3.0
893.7286151664856	0.05642139999997653	epochs	3.0
893.7850365664856	0.11069050000003244	epochs	2.0
893.7850365664856	0.055697900000041045	epochs	3.0
893.8407344664856	0.0549925999999914	epochs	3.0
893.8957270664856	0.10793909999995321	epochs	2.0
893.8957270664856	0.05430489999992005	epochs	3.0
893.9500319664855	0.05363420000003316	epochs	3.0
894.0036661664856	0.10532150000005913	epochs	2.0
894.0036661664856	0.05298000000004777	epochs	3.0
894.0566461664856	0.052341500000011365	epochs	3.0
894.1089876664856	0.10282759999995505	epochs	2.0
894.1089876664856	0.05171810000001642	epochs	3.0
894.1607057664856	0.051109499999938635	epochs	3.0
894.2118152664856	0.10044909999999163	epochs	2.0
894.2118152664856	0.050514900000052876	epochs	3.0
894.2623301664856	0.049934199999938755	epochs	3.0
894.3122643664856	0.0981782999999723	epochs	2.0
894.3122643664856	0.04936659999998483	epochs	3.0
894.3616309664856	0.04881169999998747	epochs	3.0
894.4104426664856	0.09600780000005216	epochs	2.0
894.4104426664856	0.04826920000004975	epochs	3.0
894.4587118664856	0.04773860000000241	epochs	3.0
894.5064504664856	0.09393120000004274	epochs	2.0
894.5064504664856	0.04721949999998287	epochs	3.0
894.5536699664856	0.046711700000059864	epochs	3.0
894.6003816664856	0.09194259999992482	epochs	2.0
894.6003816664856	0.046214599999984785	epochs	3.0
894.6465962664856	0.04572799999994004	epochs	3.0
894.6923242664856	0.09003630000006524	epochs	2.0
894.6923242664856	0.04525150000006306	epochs	3.0
894.7375757664856	0.04478480000000218	epochs	3.0
894.7823605664856	0.08820759999991878	epochs	2.0
894.7823605664856	0.04432779999990544	epochs	3.0
894.8266883664855	0.04387980000001335	epochs	3.0
894.8705681664856	0.0864516999999978	epochs	2.0
894.8705681664856	0.04344100000002982	epochs	3.0
894.9140091664856	0.04301069999996798	epochs	3.0
894.9570198664856	0.0847643000000744	epochs	2.0
894.9570198664856	0.04258900000002086	epochs	3.0
894.9996088664856	0.04217530000005354	epochs	3.0
895.0417841664856	0.08314150000001064	epochs	2.0
895.0417841664856	0.041769699999917975	epochs	3.0
895.0835538664855	0.04137180000009266	epochs	3.0
895.1249256664856	0.08157969999990655	epochs	2.0
895.1249256664856	0.040981399999964196	epochs	3.0
895.1659070664856	0.040598299999942355	epochs	3.0
895.2065053664855	0.08007550000002084	epochs	2.0
895.2065053664855	0.040222300000095856	epochs	3.0
895.2467276664856	0.03985319999992498	epochs	3.0
895.2865808664856	0.07862569999997504	epochs	2.0
895.2865808664856	0.039490800000066884	epochs	3.0
895.3260716664856	0.03913489999990816	epochs	3.0
895.3652065664855	0.07722760000001472	epochs	2.0
895.3652065664855	0.038785400000051595	epochs	3.0
895.4039919664856	0.03844219999996312	epochs	3.0
895.4424341664856	0.07587820000003376	epochs	2.0
895.4424341664856	0.038104800000041905	epochs	3.0
895.4805389664856	0.03777339999999185	epochs	3.0
895.5183123664856	0.0745752000000266	epochs	2.0
895.5183123664856	0.03744770000002973	epochs	3.0
895.5557600664856	0.03712749999999687	epochs	3.0
895.5928875664856	0.07331629999998768	epochs	2.0
895.5928875664856	0.036812899999972615	epochs	3.0
895.6297004664856	0.03650340000001506	epochs	3.0
895.6662038664856	0.07209899999998015	epochs	2.0
895.6662038664856	0.03619909999997617	epochs	3.0
895.7024029664856	0.03589990000000398	epochs	3.0
895.7383028664856	0.07092169999998532	epochs	2.0
895.7383028664856	0.03560560000005353	epochs	3.0
895.7739084664856	0.035316099999931794	epochs	3.0
895.8092245664856	0.06978200000003199	epochs	2.0
895.8092245664856	0.03503120000004856	epochs	3.0
895.8442557664856	0.03475079999998343	epochs	3.0
895.8790065664856	0.06867859999999837	epochs	2.0
895.8790065664856	0.03447510000000875	epochs	3.0
895.9134816664856	0.03420349999998962	epochs	3.0
895.9476851664856	0.06760929999995824	epochs	2.0
895.9476851664856	0.033936199999970995	epochs	3.0
895.9816213664856	0.033673099999987244	epochs	3.0
896.0152944664856	0.06657289999998284	epochs	2.0
896.0152944664856	0.03341399999999339	epochs	3.0
896.0487084664856	0.033158899999989444	epochs	3.0
896.0818673664855	0.06556780000005347	epochs	2.0
896.0818673664855	0.032907700000009754	epochs	3.0
896.1147750664855	0.03266010000004371	epochs	3.0
896.1474351664856	0.06459259999996902	epochs	2.0
896.1474351664856	0.032416399999988244	epochs	3.0
896.1798515664856	0.03217619999998078	epochs	3.0
896.2120277664856	0.06364600000006249	epochs	2.0
896.2120277664856	0.03193959999998697	epochs	3.0
896.2439673664855	0.03170640000007552	epochs	3.0
896.2756737664856	0.0627266999999847	epochs	2.0
896.2756737664856	0.03147660000001906	epochs	3.0
896.3071503664856	0.03125009999996564	epochs	3.0
896.3384004664856	0.06183359999999993	epochs	2.0
896.3384004664856	0.031026900000028945	epochs	3.0
896.3694273664856	0.030806699999970988	epochs	3.0
896.4002340664856	0.06096560000003137	epochs	2.0
896.4002340664856	0.030589800000029754	epochs	3.0
896.4308238664856	0.030375800000001618	epochs	3.0
896.4611996664856	0.06012160000000222	epochs	2.0
896.4611996664856	0.03016489999993155	epochs	3.0
896.4913645664856	0.02995670000007067	epochs	3.0
896.5213212664856	0.05930069999999432	epochs	2.0
896.5213212664856	0.02975159999994048	epochs	3.0
896.5510728664856	0.02954910000005384	epochs	3.0
896.5806219664856	0.05850179999993088	epochs	2.0
896.5806219664856	0.02934940000000097	epochs	3.0
896.6099713664856	0.029152399999929912	epochs	3.0
896.6391237664856	0.057724200000052406	epochs	2.0
896.6391237664856	0.028957999999988715	epochs	3.0
896.6680817664856	0.02876620000006369	epochs	3.0
896.6968479664856	0.05696709999995164	epochs	2.0
896.6968479664856	0.028576999999927466	epochs	3.0
896.7254249664855	0.028390100000024177	epochs	3.0
896.7538150664856	0.05622949999997218	epochs	2.0
896.7538150664856	0.028205700000057732	epochs	3.0
896.7820207664856	0.028023799999914445	epochs	3.0
896.8100445664855	0.05551070000001346	epochs	2.0
896.8100445664855	0.02784400000007281	epochs	3.0
896.8378885664856	0.027666699999940647	epochs	3.0
896.8655552664856	0.054810200000019904	epochs	2.0
896.8655552664856	0.02749149999999645	epochs	3.0
896.8930467664856	0.027318700000023455	epochs	3.0
896.9203654664856	0.05412699999999404	epochs	2.0
896.9203654664856	0.027147799999966082	epochs	3.0
896.9475132664855	0.02697920000002796	epochs	3.0
896.9744924664856	0.0534607000000733	epochs	2.0
896.9744924664856	0.0268125999999711	epochs	3.0
897.0013050664855	0.026648100000102204	epochs	3.0
897.0279531664856	0.052810699999895405	epochs	2.0
897.0279531664856	0.026485600000000886	epochs	3.0
897.0544387664856	0.02632509999989452	epochs	3.0
897.0807638664855	0.05217620000007628	epochs	2.0
897.0807638664855	0.026166400000079193	epochs	3.0
897.1069302664856	0.026009799999997085	epochs	3.0
897.1329400664856	0.051556699999991906	epochs	2.0
897.1329400664856	0.025854799999933675	epochs	3.0
897.1587948664856	0.02570190000005823	epochs	3.0
897.1844967664856	0.05095189999997274	epochs	2.0
897.1844967664856	0.025550699999939752	epochs	3.0
897.2100474664855	0.025401200000032986	epochs	3.0
897.2354486664856	0.05036100000006627	epochs	2.0
897.2354486664856	0.025253499999962514	epochs	3.0
897.2607021664855	0.025107500000103755	epochs	3.0
897.2858096664856	0.049783800000000156	epochs	2.0
897.2858096664856	0.02496320000000196	epochs	3.0
897.3107728664856	0.024820599999998194	epochs	3.0
897.3355934664856	0.04921949999993558	epochs	2.0
897.3355934664856	0.024679399999968155	epochs	3.0
897.3602728664856	0.024540099999967424	epochs	3.0
897.3848129664856	0.04866790000005494	epochs	2.0
897.3848129664856	0.02440209999997478	epochs	3.0
897.4092150664856	0.024265800000080162	epochs	3.0
897.4334808664856	0.048128599999927246	epochs	2.0
897.4334808664856	0.024131000000011227	epochs	3.0
897.4576118664856	0.02399759999991602	epochs	3.0
897.4816094664856	0.047601100000065344	epochs	2.0
897.4816094664856	0.023865800000066884	epochs	3.0
897.5054752664856	0.02373529999999846	epochs	3.0
897.5292105664856	0.04708499999992455	epochs	2.0
897.5292105664856	0.023606299999983094	epochs	3.0
897.5528168664856	0.023478699999941455	epochs	3.0
897.5762955664856	0.04658000000006268	epochs	2.0
897.5762955664856	0.02335249999998723	epochs	3.0
897.5996480664855	0.02322750000007545	epochs	3.0
897.6228755664856	0.04608569999993506	epochs	2.0
897.6228755664856	0.023103999999989355	epochs	3.0
897.6459795664856	0.022981699999945704	epochs	3.0
897.6689612664856	0.0456018000000995	epochs	2.0
897.6689612664856	0.022860700000023826	epochs	3.0
897.6918219664856	0.022741100000075676	epochs	3.0
897.7145630664857	0.045127899999897636	epochs	2.0
897.7145630664857	0.022622499999897627	epochs	3.0
897.7371855664856	0.02250540000000001	epochs	3.0
897.7596909664856	0.0446638000000803	epochs	2.0
897.7596909664856	0.022389300000099865	epochs	3.0
897.7820802664857	0.022274499999980435	epochs	3.0
897.8043547664856	0.04420919999995476	epochs	2.0
897.8043547664856	0.022160799999937808	epochs	3.0
897.8265155664856	0.022048400000016954	epochs	3.0
897.8485639664856	0.043763600000033875	epochs	2.0
897.8485639664856	0.021936900000014248	epochs	3.0
897.8705008664856	0.021826700000019628	epochs	3.0
897.8923275664856	0.04332709999994222	epochs	2.0
897.8923275664856	0.021717599999988124	epochs	3.0
897.9140451664856	0.021609499999954096	epochs	3.0
897.9356546664856	0.04289900000003399	epochs	2.0
897.9356546664856	0.02150249999999687	epochs	3.0
897.9571571664856	0.021396500000037122	epochs	3.0
897.9785536664856	0.042479500000013104	epochs	2.0
897.9785536664856	0.02129170000000613	epochs	3.0
897.9998453664856	0.021187800000006973	epochs	3.0
898.0210331664856	0.042067900000006375	epochs	2.0
898.0210331664856	0.02108490000000529	epochs	3.0
898.0421180664856	0.020983000000001084	epochs	3.0
898.0631010664856	0.04166439999994509	epochs	2.0
898.0631010664856	0.020882199999959994	epochs	3.0
898.0839832664856	0.020782199999985096	epochs	3.0
898.1047654664856	0.04126850000000104	epochs	2.0
898.1047654664856	0.020683300000087	epochs	3.0
898.1254487664856	0.02058519999991404	epochs	3.0
898.1460339664856	0.04088000000001557	epochs	2.0
898.1460339664856	0.020488100000079612	epochs	3.0
898.1665220664856	0.02039189999993596	epochs	3.0
898.1869139664856	0.04049880000002304	epochs	2.0
898.1869139664856	0.020296600000051512	epochs	3.0
898.2072105664856	0.020202199999971526	epochs	3.0
898.2274127664856	0.04012460000001283	epochs	2.0
898.2274127664856	0.02010870000003706	epochs	3.0
898.2475214664856	0.020015899999975773	epochs	3.0
898.2675373664856	0.03975730000001931	epochs	2.0
898.2675373664856	0.019924199999991288	epochs	3.0
898.2874615664856	0.019833100000028026	epochs	3.0
898.3072946664856	0.03939669999999751	epochs	2.0
898.3072946664856	0.01974299999994855	epochs	3.0
898.3270376664856	0.019653700000048957	epochs	3.0
898.3466913664856	0.03904239999997117	epochs	2.0
898.3466913664856	0.019565099999908853	epochs	3.0
898.3662564664855	0.019477300000062314	epochs	3.0
898.3857337664856	0.03869459999998526	epochs	2.0
898.3857337664856	0.019390400000020236	epochs	3.0
898.4051241664856	0.01930419999996502	epochs	3.0
898.4244283664856	0.03835290000006353	epochs	2.0
898.4244283664856	0.019218799999976	epochs	3.0
898.4436471664856	0.01913410000008753	epochs	3.0
898.4627812664856	0.038017199999899276	epochs	2.0
898.4627812664856	0.01905019999992419	epochs	3.0
898.4818314664856	0.018966999999975087	epochs	3.0
898.5007984664855	0.037687200000050325	epochs	2.0
898.5007984664855	0.01888450000001285	epochs	3.0
898.5196829664856	0.018802700000037476	epochs	3.0
898.5384856664856	0.03736309999999321	epochs	2.0
898.5384856664856	0.018721700000014607	epochs	3.0
898.5572073664856	0.018641399999978603	epochs	3.0
898.5758487664856	0.03704430000004777	epochs	2.0
898.5758487664856	0.01856159999999818	epochs	3.0
898.5944103664856	0.01848270000004959	epochs	3.0
898.6128930664856	0.03673099999991791	epochs	2.0
898.6128930664856	0.018404299999929208	epochs	3.0
898.6312973664856	0.018326699999988705	epochs	3.0
898.6496240664856	0.036422900000047775	epochs	2.0
898.6496240664856	0.018249599999990096	epochs	3.0
898.6678736664855	0.01817330000005768	epochs	3.0
898.6860469664856	0.03612009999994825	epochs	2.0
898.6860469664856	0.0180976000000328	epochs	3.0
898.7041445664856	0.018022499999915453	epochs	3.0
898.7221670664856	0.03582210000001851	epochs	2.0
898.7221670664856	0.017947900000081063	epochs	3.0
898.7401149664856	0.017874199999937446	epochs	3.0
898.7579891664856	0.03552899999999681	epochs	2.0
898.7579891664856	0.017800800000031813	epochs	3.0
898.7757899664856	0.017728199999965	epochs	3.0
898.7935181664856	0.03524070000003121	epochs	2.0
898.7935181664856	0.017656100000067454	epochs	3.0
898.8111742664856	0.017584599999963757	epochs	3.0
898.8287588664856	0.034957100000042374	epochs	2.0
898.8287588664856	0.01751369999999497	epochs	3.0
898.8462725664856	0.017443400000047404	epochs	3.0
898.8637159664856	0.034677899999906	epochs	2.0
898.8637159664856	0.017373599999928047	epochs	3.0
898.8810895664856	0.017304299999977957	epochs	3.0
898.8983938664855	0.03440330000000813	epochs	2.0
898.8983938664855	0.01723570000001473	epochs	3.0
898.9156295664856	0.0171675999999934	epochs	3.0
898.9327971664856	0.0341328000000658	epochs	2.0
898.9327971664856	0.017099900000062007	epochs	3.0
898.9498970664856	0.017032900000003792	epochs	3.0
898.9669299664856	0.033866699999975935	epochs	2.0
898.9669299664856	0.01696640000000116	epochs	3.0
898.9838963664856	0.016900299999974777	epochs	3.0
899.0007966664856	0.03360459999998966	epochs	2.0
899.0007966664856	0.01683479999996962	epochs	3.0
899.0176314664856	0.01676980000002004	epochs	3.0
899.0344012664856	0.033346599999958926	epochs	2.0
899.0344012664856	0.016705300000012357	epochs	3.0
899.0511065664856	0.01664129999994657	epochs	3.0
899.0677478664855	0.03309250000006614	epochs	2.0
899.0677478664855	0.016577800000050047	epochs	3.0
899.0843256664856	0.01651470000001609	epochs	3.0
899.1008403664856	0.03284229999997024	epochs	2.0
899.1008403664856	0.01645220000000336	epochs	3.0
899.1172925664856	0.01639009999996688	epochs	3.0
899.1336826664856	0.03259570000000167	epochs	2.0
899.1336826664856	0.016328400000020338	epochs	3.0
899.1500110664856	0.016267299999981333	epochs	3.0
899.1662783664856	0.032352899999978035	epochs	2.0
899.1662783664856	0.016206600000032267	epochs	3.0
899.1824849664856	0.016146299999945768	epochs	3.0
899.1986312664856	0.032113700000081735	epochs	2.0
899.1986312664856	0.016086599999994178	epochs	3.0
899.2147178664856	0.016027100000087557	epochs	3.0
899.2307449664856	0.03187800000000607	epochs	2.0
899.2307449664856	0.015968199999974786	epochs	3.0
899.2467131664856	0.015909800000031282	epochs	3.0
899.2626229664857	0.03164569999989908	epochs	2.0
899.2626229664857	0.015851599999905375	epochs	3.0
899.2784745664856	0.015794099999993705	epochs	3.0
899.2942686664856	0.0314167000000225	epochs	2.0
899.2942686664856	0.015736700000047676	epochs	3.0
899.3100053664856	0.015679999999974825	epochs	3.0
899.3256853664856	0.031191100000000915	epochs	2.0
899.3256853664856	0.015623600000026272	epochs	3.0
899.3413089664856	0.015567499999974643	epochs	3.0
899.3568764664856	0.030968700000016725	epochs	2.0
899.3568764664856	0.015512000000057924	epochs	3.0
899.3723884664856	0.0154566999999588	epochs	3.0
899.3878451664856	0.030749499999956242	epochs	2.0
899.3878451664856	0.015401999999994587	epochs	3.0
899.4032471664856	0.015347499999961656	epochs	3.0
899.4185946664855	0.03053320000003623	epochs	2.0
899.4185946664855	0.015293400000018664	epochs	3.0
899.4338880664856	0.015239800000017567	epochs	3.0
899.4491278664856	0.03032010000003993	epochs	2.0
899.4491278664856	0.015186500000027081	epochs	3.0
899.4643143664856	0.015133600000012848	epochs	3.0
899.4794479664856	0.030109899999956724	epochs	2.0
899.4794479664856	0.015081000000009226	epochs	3.0
899.4945289664856	0.015028899999947498	epochs	3.0
899.5095578664856	0.02990250000004835	epochs	2.0
899.5095578664856	0.014977000000044427	epochs	3.0
899.5245348664856	0.014925500000003922	epochs	3.0
899.5394603664856	0.029698100000018712	epochs	2.0
899.5394603664856	0.01487439999993967	epochs	3.0
899.5543347664856	0.014823700000079043	epochs	3.0
899.5691584664856	0.02949630000000525	epochs	2.0
899.5691584664856	0.014773199999922326	epochs	3.0
899.5839316664856	0.014723100000082923	epochs	3.0
899.5986547664857	0.029297399999904883	epochs	2.0
899.5986547664857	0.014673399999992398	epochs	3.0
899.6133281664856	0.014623999999912485	epochs	3.0
899.6279521664856	0.029101100000048064	epochs	2.0
899.6279521664856	0.014574900000070556	epochs	3.0
899.6425270664856	0.014526199999977507	epochs	3.0
899.6570532664856	0.028907399999980044	epochs	2.0
899.6570532664856	0.014477700000043114	epochs	3.0
899.6715309664856	0.014429699999936929	epochs	3.0
899.6859606664856	0.028716199999962555	epochs	2.0
899.6859606664856	0.014381800000023759	epochs	3.0
899.7003424664856	0.014334399999938796	epochs	3.0
899.7146768664855	0.028527600000074926	epochs	2.0
899.7146768664855	0.01428720000001249	epochs	3.0
899.7289640664856	0.014240400000062436	epochs	3.0
899.7432044664856	0.028341399999931127	epochs	2.0
899.7432044664856	0.014193799999929979	epochs	3.0
899.7573982664856	0.014147600000001148	epochs	3.0
899.7715458664856	0.028157700000065233	epochs	2.0
899.7715458664856	0.014101700000082928	epochs	3.0
899.7856475664856	0.014055999999982305	epochs	3.0
899.7997035664856	0.027976299999977527	epochs	2.0
899.7997035664856	0.01401060000000598	epochs	3.0
899.8137141664856	0.013965699999971548	epochs	3.0
899.8276798664856	0.02779720000000907	epochs	2.0
899.8276798664856	0.013920800000050804	epochs	3.0
899.8416006664856	0.013876399999958267	epochs	3.0
899.8554770664856	0.027620400000046175	epochs	2.0
899.8554770664856	0.013832200000024386	epochs	3.0
899.8693092664856	0.013788200000021789	epochs	3.0
899.8830974664857	0.027445899999975154	epochs	2.0
899.8830974664857	0.013744599999995444	epochs	3.0
899.8968420664856	0.01370129999997971	epochs	3.0
899.9105433664856	0.027273499999978412	epochs	2.0
899.9105433664856	0.013658200000008947	epochs	3.0
899.9242015664856	0.013615299999969466	epochs	3.0
899.9378168664856	0.027103399999987232	epochs	2.0
899.9378168664856	0.013572800000019924	epochs	3.0
899.9513896664856	0.013530599999967308	epochs	3.0
899.9649202664856	0.02693520000002536	epochs	2.0
899.9649202664856	0.013488400000028378	epochs	3.0
899.9784086664856	0.013446799999996983	epochs	3.0
899.9918554664856	0.026769199999989723	epochs	2.0
899.9918554664856	0.013405199999965589	epochs	3.0
900.0052606664856	0.013364000000024134	epochs	3.0
900.0186246664856	0.026605199999949036	epochs	2.0
900.0186246664856	0.013322899999934634	epochs	3.0
900.0319475664855	0.013282300000014402	epochs	3.0
900.0452298664856	0.026443200000016986	epochs	2.0
900.0452298664856	0.01324170000009417	epochs	3.0
900.0584715664857	0.013201499999922817	epochs	3.0
900.0716730664856	0.026283200000079887	epochs	2.0
900.0716730664856	0.013161500000023807	epochs	3.0
900.0848345664856	0.01312170000005608	epochs	3.0
900.0979562664857	0.02612499999997908	epochs	2.0
900.0979562664857	0.01308209999990595	epochs	3.0
900.1110383664856	0.013042900000073132	epochs	3.0
900.1240812664856	0.025968899999952555	epochs	2.0
900.1240812664856	0.013003899999944224	epochs	3.0
900.1370851664856	0.012965000000008331	epochs	3.0
900.1500501664856	0.025814500000024054	epochs	2.0
900.1500501664856	0.012926399999969362	epochs	3.0
900.1629765664856	0.012888100000054692	epochs	3.0
900.1758646664856	0.025661900000045534	epochs	2.0
900.1758646664856	0.012849899999991976	epochs	3.0
900.1887145664856	0.012812000000053558	epochs	3.0
900.2015265664857	0.025511199999982637	epochs	2.0
900.2015265664857	0.012774399999898378	epochs	3.0
900.2143009664856	0.012736800000084258	epochs	3.0
900.2270377664856	0.025362299999983406	epochs	2.0
900.2270377664856	0.01269969999998466	epochs	3.0
900.2397374664856	0.012662599999998747	epochs	3.0
900.2524000664856	0.025215000000002874	epochs	2.0
900.2524000664856	0.012625800000023446	epochs	3.0
900.2650258664856	0.012589199999979428	epochs	3.0
900.2776150664856	0.024584799999956886	epochs	2.0
900.3012699664856	0.5	epochs	-1.0
900.3021998664856	0.9999199999999746	epochs	1.0
900.8012699664856	0.5	epochs	-1.0
901.8010001182556	0.03719999999998436	epochs	0.0
901.8010001182556	0.013603999999986627	epochs	1.0
901.8146041182556	0.009992000000011103	epochs	1.0
901.8245961182556	0.013603999999986627	epochs	1.0
901.8382001182556	2.0	epochs	0.0
903.8382001182556	0.5213599999999587	epochs	0.0
903.8382001182556	0.5213599999999587	epochs	1.0
903.8382302182556	0.5	epochs	-1.0
904.3382302182556	0.02132989999995516	epochs	-1.0
904.3595601182556	21.478560000000016	epochs	0.0
905.7870001792908	0.03719999999998436	epochs	0.0
905.7870001792908	0.013603999999986627	epochs	1.0
905.8006041792908	0.009992000000011103	epochs	1.0
905.8105961792908	0.013603999999986627	epochs	1.0
905.8242001792908	2.0	epochs	0.0
907.8242001792908	21.522640000000024	epochs	0.0
907.8242001792908	1.0	epochs	1.0
907.8242302792908	0.5	epochs	-1.0
908.3242302792908	19.999040000000036	epochs	-1.0
908.8242001792908	20.0	epochs	1.0
908.8242001792908	4.356753900000058	epochs	-1.0
908.8242001792908	1.9745871999999736	epochs	2.0
908.8242001792908	1.0985622000000603	epochs	3.0
909.9227623792908	0.8760249999999132	epochs	3.0
910.7987873792907	1.3524075000000266	epochs	2.0
910.7987873792907	0.7286354999999958	epochs	3.0
911.5274228792907	0.6237720000000309	epochs	3.0
912.1511948792908	1.0297592000000577	epochs	2.0
912.1511948792908	0.5453293000000485	epochs	3.0
912.6965241792908	0.4844299000000092	epochs	3.0
913.1809540792908	0.8317862000000105	epochs	2.0
913.1809540792908	0.4357762999999295	epochs	3.0
913.6167303792907	0.39600990000008096	epochs	3.0
914.0127402792908	0.6977969999999232	epochs	2.0
914.0127402792908	0.36289819999990414	epochs	3.0
914.3756384792907	0.33489880000001904	epochs	3.0
914.7105372792907	0.601045699999986	epochs	2.0
914.7105372792907	0.3109123000000409	epochs	3.0
915.0214495792908	0.29013339999994514	epochs	3.0
915.3115829792907	0.5278859000000011	epochs	2.0
915.3115829792907	0.2719586000000618	epochs	3.0
915.5835415792908	0.25592729999993935	epochs	3.0
915.8394688792907	0.4706193000000667	epochs	2.0
915.8394688792907	0.241681299999982	epochs	3.0
916.0811501792907	0.22893800000008468	epochs	3.0
916.3100881792908	0.42457039999999324	epochs	2.0
916.3100881792908	0.21747140000002219	epochs	3.0
916.5275595792908	0.20709899999997106	epochs	3.0
916.7346585792908	0.3867354000000205	epochs	2.0
916.7346585792908	0.19767109999997956	epochs	3.0
916.9323296792908	0.18906430000004093	epochs	3.0
917.1213939792908	0.35509529999990264	epochs	2.0
917.1213939792908	0.18117589999997108	epochs	3.0
917.3025698792908	0.17391939999993156	epochs	3.0
917.4764892792907	0.3282431000000088	epochs	2.0
917.4764892792907	0.1672219000000723	epochs	3.0
917.6437111792908	0.16102119999993647	epochs	3.0
917.8047323792907	0.30516800000009425	epochs	2.0
917.8047323792907	0.15526390000002266	epochs	3.0
917.9599962792907	0.1499041000000716	epochs	3.0
918.1099003792908	0.28512530000000424	epochs	2.0
918.1099003792908	0.1449020999999675	epochs	3.0
918.2548024792908	0.14022320000003674	epochs	3.0
918.3950256792908	0.2675537999999733	epochs	2.0
918.3950256792908	0.1358368999999584	epochs	3.0
918.5308625792908	0.1317169000000149	epochs	3.0
918.6625794792908	0.252022899999929	epochs	2.0
918.6625794792908	0.1278393000000051	epochs	3.0
918.7904187792908	0.1241835999999239	epochs	3.0
918.9146023792907	0.23819650000007186	epochs	2.0
918.9146023792907	0.12073110000005727	epochs	3.0
919.0353334792908	0.1174654000000146	epochs	3.0
919.1527988792908	0.2258087999999816	epochs	2.0
919.1527988792908	0.1143718999999237	epochs	3.0
919.2671707792907	0.1114369000000579	epochs	3.0
919.3786076792908	0.2146460000000161	epochs	2.0
919.3786076792908	0.10864889999993466	epochs	3.0
919.4872565792907	0.10599710000008145	epochs	3.0
919.5932536792908	0.20453499999996438	epochs	2.0
919.5932536792908	0.10347149999995509	epochs	3.0
919.6967251792908	0.1010635000000093	epochs	3.0
919.7977886792908	0.19533400000000256	epochs	2.0
919.7977886792908	0.09876510000003691	epochs	3.0
919.8965537792908	0.09656889999996565	epochs	3.0
919.9931226792908	0.18692529999998442	epochs	2.0
919.9931226792908	0.09446830000001682	epochs	3.0
920.0875909792908	0.09245699999996759	epochs	3.0
920.1800479792907	0.17921069999999872	epochs	2.0
920.1800479792907	0.09052959999996801	epochs	3.0
920.2705775792907	0.08868110000003071	epochs	3.0
920.3592586792907	0.17210769999996955	epochs	2.0
920.3592586792907	0.08690630000000965	epochs	3.0
920.4461649792908	0.0852013999999599	epochs	3.0
920.5313663792907	0.16554640000003928	epochs	2.0
920.5313663792907	0.08356190000006336	epochs	3.0
920.6149282792908	0.08198449999997592	epochs	3.0
920.6969127792908	0.15946710000002895	epochs	2.0
920.6969127792908	0.08046539999998004	epochs	3.0
920.7773781792907	0.07900170000004891	epochs	3.0
920.8563798792908	0.15381839999997737	epochs	2.0
920.8563798792908	0.07759009999995214	epochs	3.0
920.9339699792907	0.07622830000002523	epochs	3.0
921.0101982792908	0.14855639999996129	epochs	2.0
921.0101982792908	0.07491330000004837	epochs	3.0
921.0851115792908	0.07364309999991292	epochs	3.0
921.1587546792907	0.14364240000008976	epochs	2.0
921.1587546792907	0.07241500000009182	epochs	3.0
921.2311696792908	0.07122739999999794	epochs	3.0
921.3023970792908	0.13904309999998077	epochs	2.0
921.3023970792908	0.07007799999996678	epochs	3.0
921.3724750792908	0.06896510000001399	epochs	3.0
921.4414401792908	0.1347293000000036	epochs	2.0
921.4414401792908	0.0678871000000072	epochs	3.0
921.5093272792908	0.06684219999999641	epochs	3.0
921.5761694792908	0.13067519999992783	epochs	2.0
921.5761694792908	0.06582909999997355	epochs	3.0
921.6419985792908	0.06484609999995428	epochs	3.0
921.7068446792907	0.12685780000003888	epochs	2.0
921.7068446792907	0.06389200000000983	epochs	3.0
921.7707366792907	0.06296580000002905	epochs	3.0
921.8337024792908	0.12325720000001184	epochs	2.0
921.8337024792908	0.06206580000002759	epochs	3.0
921.8957682792908	0.06119139999998424	epochs	3.0
921.9569596792908	0.11985540000000583	epochs	2.0
921.9569596792908	0.060341099999959624	epochs	3.0
922.0173007792907	0.059514300000046205	epochs	3.0
922.0768150792908	0.11663620000001629	epochs	2.0
922.0768150792908	0.05870960000004288	epochs	3.0
922.1355246792908	0.057926599999973405	epochs	3.0
922.1934512792908	0.11358559999996487	epochs	2.0
922.1934512792908	0.05716419999998834	epochs	3.0
922.2506154792908	0.05642139999997653	epochs	3.0
922.3070368792908	0.11069050000003244	epochs	2.0
922.3070368792908	0.055697900000041045	epochs	3.0
922.3627347792908	0.0549925999999914	epochs	3.0
922.4177273792908	0.10793909999995321	epochs	2.0
922.4177273792908	0.05430489999992005	epochs	3.0
922.4720322792907	0.05363420000003316	epochs	3.0
922.5256664792907	0.10532150000005913	epochs	2.0
922.5256664792907	0.05298000000004777	epochs	3.0
922.5786464792908	0.052341500000011365	epochs	3.0
922.6309879792908	0.10282759999995505	epochs	2.0
922.6309879792908	0.05171810000001642	epochs	3.0
922.6827060792908	0.051109499999938635	epochs	3.0
922.7338155792908	0.10044909999999163	epochs	2.0
922.7338155792908	0.050514900000052876	epochs	3.0
922.7843304792908	0.049934199999938755	epochs	3.0
922.8342646792908	0.0981782999999723	epochs	2.0
922.8342646792908	0.04936659999998483	epochs	3.0
922.8836312792907	0.04881169999998747	epochs	3.0
922.9324429792907	0.09600780000005216	epochs	2.0
922.9324429792907	0.04826920000004975	epochs	3.0
922.9807121792908	0.04773860000000241	epochs	3.0
923.0284507792908	0.09393120000004274	epochs	2.0
923.0284507792908	0.04721949999998287	epochs	3.0
923.0756702792908	0.046711700000059864	epochs	3.0
923.1223819792908	0.09194259999992482	epochs	2.0
923.1223819792908	0.046214599999984785	epochs	3.0
923.1685965792908	0.04572799999994004	epochs	3.0
923.2143245792907	0.09003630000006524	epochs	2.0
923.2143245792907	0.04525150000006306	epochs	3.0
923.2595760792908	0.04478480000000218	epochs	3.0
923.3043608792908	0.08820759999991878	epochs	2.0
923.3043608792908	0.04432779999990544	epochs	3.0
923.3486886792907	0.04387980000001335	epochs	3.0
923.3925684792907	0.0864516999999978	epochs	2.0
923.3925684792907	0.04344100000002982	epochs	3.0
923.4360094792908	0.04301069999996798	epochs	3.0
923.4790201792907	0.0847643000000744	epochs	2.0
923.4790201792907	0.04258900000002086	epochs	3.0
923.5216091792907	0.04217530000005354	epochs	3.0
923.5637844792908	0.08314150000001064	epochs	2.0
923.5637844792908	0.041769699999917975	epochs	3.0
923.6055541792907	0.04137180000009266	epochs	3.0
923.6469259792908	0.08157969999990655	epochs	2.0
923.6469259792908	0.040981399999964196	epochs	3.0
923.6879073792908	0.040598299999942355	epochs	3.0
923.7285056792907	0.08007550000002084	epochs	2.0
923.7285056792907	0.040222300000095856	epochs	3.0
923.7687279792908	0.03985319999992498	epochs	3.0
923.8085811792907	0.07862569999997504	epochs	2.0
923.8085811792907	0.039490800000066884	epochs	3.0
923.8480719792908	0.03913489999990816	epochs	3.0
923.8872068792907	0.07722760000001472	epochs	2.0
923.8872068792907	0.038785400000051595	epochs	3.0
923.9259922792908	0.03844219999996312	epochs	3.0
923.9644344792907	0.07587820000003376	epochs	2.0
923.9644344792907	0.038104800000041905	epochs	3.0
924.0025392792908	0.03777339999999185	epochs	3.0
924.0403126792908	0.0745752000000266	epochs	2.0
924.0403126792908	0.03744770000002973	epochs	3.0
924.0777603792908	0.03712749999999687	epochs	3.0
924.1148878792908	0.07331629999998768	epochs	2.0
924.1148878792908	0.036812899999972615	epochs	3.0
924.1517007792908	0.03650340000001506	epochs	3.0
924.1882041792908	0.07209899999998015	epochs	2.0
924.1882041792908	0.03619909999997617	epochs	3.0
924.2244032792908	0.03589990000000398	epochs	3.0
924.2603031792908	0.07092169999998532	epochs	2.0
924.2603031792908	0.03560560000005353	epochs	3.0
924.2959087792908	0.035316099999931794	epochs	3.0
924.3312248792907	0.06978200000003199	epochs	2.0
924.3312248792907	0.03503120000004856	epochs	3.0
924.3662560792908	0.03475079999998343	epochs	3.0
924.4010068792908	0.06867859999999837	epochs	2.0
924.4010068792908	0.03447510000000875	epochs	3.0
924.4354819792908	0.03420349999998962	epochs	3.0
924.4696854792908	0.06760929999995824	epochs	2.0
924.4696854792908	0.033936199999970995	epochs	3.0
924.5036216792907	0.033673099999987244	epochs	3.0
924.5372947792907	0.06657289999998284	epochs	2.0
924.5372947792907	0.03341399999999339	epochs	3.0
924.5707087792907	0.033158899999989444	epochs	3.0
924.6038676792907	0.06556780000005347	epochs	2.0
924.6038676792907	0.032907700000009754	epochs	3.0
924.6367753792907	0.03266010000004371	epochs	3.0
924.6694354792908	0.06459259999996902	epochs	2.0
924.6694354792908	0.032416399999988244	epochs	3.0
924.7018518792908	0.03217619999998078	epochs	3.0
924.7340280792907	0.06364600000006249	epochs	2.0
924.7340280792907	0.03193959999998697	epochs	3.0
924.7659676792907	0.03170640000007552	epochs	3.0
924.7976740792908	0.0627266999999847	epochs	2.0
924.7976740792908	0.03147660000001906	epochs	3.0
924.8291506792908	0.03125009999996564	epochs	3.0
924.8604007792908	0.06183359999999993	epochs	2.0
924.8604007792908	0.031026900000028945	epochs	3.0
924.8914276792908	0.030806699999970988	epochs	3.0
924.9222343792908	0.06096560000003137	epochs	2.0
924.9222343792908	0.030589800000029754	epochs	3.0
924.9528241792908	0.030375800000001618	epochs	3.0
924.9831999792908	0.06012160000000222	epochs	2.0
924.9831999792908	0.03016489999993155	epochs	3.0
925.0133648792907	0.02995670000007067	epochs	3.0
925.0433215792908	0.05930069999999432	epochs	2.0
925.0433215792908	0.02975159999994048	epochs	3.0
925.0730731792908	0.02954910000005384	epochs	3.0
925.1026222792908	0.05850179999993088	epochs	2.0
925.1026222792908	0.02934940000000097	epochs	3.0
925.1319716792908	0.029152399999929912	epochs	3.0
925.1611240792907	0.057724200000052406	epochs	2.0
925.1611240792907	0.028957999999988715	epochs	3.0
925.1900820792907	0.02876620000006369	epochs	3.0
925.2188482792908	0.05696709999995164	epochs	2.0
925.2188482792908	0.028576999999927466	epochs	3.0
925.2474252792907	0.028390100000024177	epochs	3.0
925.2758153792907	0.05622949999997218	epochs	2.0
925.2758153792907	0.028205700000057732	epochs	3.0
925.3040210792908	0.028023799999914445	epochs	3.0
925.3320448792907	0.05551070000001346	epochs	2.0
925.3320448792907	0.02784400000007281	epochs	3.0
925.3598888792908	0.027666699999940647	epochs	3.0
925.3875555792907	0.054810200000019904	epochs	2.0
925.3875555792907	0.02749149999999645	epochs	3.0
925.4150470792907	0.027318700000023455	epochs	3.0
925.4423657792908	0.05412699999999404	epochs	2.0
925.4423657792908	0.027147799999966082	epochs	3.0
925.4695135792907	0.02697920000002796	epochs	3.0
925.4964927792907	0.0534607000000733	epochs	2.0
925.4964927792907	0.0268125999999711	epochs	3.0
925.5233053792907	0.026648100000102204	epochs	3.0
925.5499534792908	0.052810699999895405	epochs	2.0
925.5499534792908	0.026485600000000886	epochs	3.0
925.5764390792908	0.02632509999989452	epochs	3.0
925.6027641792907	0.05217620000007628	epochs	2.0
925.6027641792907	0.026166400000079193	epochs	3.0
925.6289305792908	0.026009799999997085	epochs	3.0
925.6549403792908	0.051556699999991906	epochs	2.0
925.6549403792908	0.025854799999933675	epochs	3.0
925.6807951792907	0.02570190000005823	epochs	3.0
925.7064970792908	0.05095189999997274	epochs	2.0
925.7064970792908	0.025550699999939752	epochs	3.0
925.7320477792907	0.025401200000032986	epochs	3.0
925.7574489792908	0.05036100000006627	epochs	2.0
925.7574489792908	0.025253499999962514	epochs	3.0
925.7827024792907	0.025107500000103755	epochs	3.0
925.8078099792908	0.049783800000000156	epochs	2.0
925.8078099792908	0.02496320000000196	epochs	3.0
925.8327731792908	0.024820599999998194	epochs	3.0
925.8575937792908	0.04921949999993558	epochs	2.0
925.8575937792908	0.024679399999968155	epochs	3.0
925.8822731792908	0.024540099999967424	epochs	3.0
925.9068132792908	0.04866790000005494	epochs	2.0
925.9068132792908	0.02440209999997478	epochs	3.0
925.9312153792907	0.024265800000080162	epochs	3.0
925.9554811792908	0.048128599999927246	epochs	2.0
925.9554811792908	0.024131000000011227	epochs	3.0
925.9796121792908	0.02399759999991602	epochs	3.0
926.0036097792907	0.047601100000065344	epochs	2.0
926.0036097792907	0.023865800000066884	epochs	3.0
926.0274755792908	0.02373529999999846	epochs	3.0
926.0512108792908	0.04708499999992455	epochs	2.0
926.0512108792908	0.023606299999983094	epochs	3.0
926.0748171792908	0.023478699999941455	epochs	3.0
926.0982958792907	0.04658000000006268	epochs	2.0
926.0982958792907	0.02335249999998723	epochs	3.0
926.1216483792907	0.02322750000007545	epochs	3.0
926.1448758792908	0.04608569999993506	epochs	2.0
926.1448758792908	0.023103999999989355	epochs	3.0
926.1679798792908	0.022981699999945704	epochs	3.0
926.1909615792907	0.0456018000000995	epochs	2.0
926.1909615792907	0.022860700000023826	epochs	3.0
926.2138222792908	0.022741100000075676	epochs	3.0
926.2365633792908	0.045127899999897636	epochs	2.0
926.2365633792908	0.022622499999897627	epochs	3.0
926.2591858792907	0.02250540000000001	epochs	3.0
926.2816912792907	0.0446638000000803	epochs	2.0
926.2816912792907	0.022389300000099865	epochs	3.0
926.3040805792908	0.022274499999980435	epochs	3.0
926.3263550792908	0.04420919999995476	epochs	2.0
926.3263550792908	0.022160799999937808	epochs	3.0
926.3485158792907	0.022048400000016954	epochs	3.0
926.3705642792908	0.043763600000033875	epochs	2.0
926.3705642792908	0.021936900000014248	epochs	3.0
926.3925011792908	0.021826700000019628	epochs	3.0
926.4143278792908	0.04332709999994222	epochs	2.0
926.4143278792908	0.021717599999988124	epochs	3.0
926.4360454792908	0.021609499999954096	epochs	3.0
926.4576549792907	0.04289900000003399	epochs	2.0
926.4576549792907	0.02150249999999687	epochs	3.0
926.4791574792907	0.021396500000037122	epochs	3.0
926.5005539792908	0.042479500000013104	epochs	2.0
926.5005539792908	0.02129170000000613	epochs	3.0
926.5218456792908	0.021187800000006973	epochs	3.0
926.5430334792908	0.042067900000006375	epochs	2.0
926.5430334792908	0.02108490000000529	epochs	3.0
926.5641183792908	0.020983000000001084	epochs	3.0
926.5851013792908	0.04166439999994509	epochs	2.0
926.5851013792908	0.020882199999959994	epochs	3.0
926.6059835792908	0.020782199999985096	epochs	3.0
926.6267657792907	0.04126850000000104	epochs	2.0
926.6267657792907	0.020683300000087	epochs	3.0
926.6474490792908	0.02058519999991404	epochs	3.0
926.6680342792907	0.04088000000001557	epochs	2.0
926.6680342792907	0.020488100000079612	epochs	3.0
926.6885223792908	0.02039189999993596	epochs	3.0
926.7089142792908	0.04049880000002304	epochs	2.0
926.7089142792908	0.020296600000051512	epochs	3.0
926.7292108792908	0.020202199999971526	epochs	3.0
926.7494130792908	0.04012460000001283	epochs	2.0
926.7494130792908	0.02010870000003706	epochs	3.0
926.7695217792908	0.020015899999975773	epochs	3.0
926.7895376792908	0.03975730000001931	epochs	2.0
926.7895376792908	0.019924199999991288	epochs	3.0
926.8094618792908	0.019833100000028026	epochs	3.0
926.8292949792908	0.03939669999999751	epochs	2.0
926.8292949792908	0.01974299999994855	epochs	3.0
926.8490379792908	0.019653700000048957	epochs	3.0
926.8686916792908	0.03904239999997117	epochs	2.0
926.8686916792908	0.019565099999908853	epochs	3.0
926.8882567792907	0.019477300000062314	epochs	3.0
926.9077340792908	0.03869459999998526	epochs	2.0
926.9077340792908	0.019390400000020236	epochs	3.0
926.9271244792908	0.01930419999996502	epochs	3.0
926.9464286792908	0.03835290000006353	epochs	2.0
926.9464286792908	0.019218799999976	epochs	3.0
926.9656474792907	0.01913410000008753	epochs	3.0
926.9847815792908	0.038017199999899276	epochs	2.0
926.9847815792908	0.01905019999992419	epochs	3.0
927.0038317792907	0.018966999999975087	epochs	3.0
927.0227987792907	0.037687200000050325	epochs	2.0
927.0227987792907	0.01888450000001285	epochs	3.0
927.0416832792907	0.018802700000037476	epochs	3.0
927.0604859792908	0.03736309999999321	epochs	2.0
927.0604859792908	0.018721700000014607	epochs	3.0
927.0792076792908	0.018641399999978603	epochs	3.0
927.0978490792908	0.03704430000004777	epochs	2.0
927.0978490792908	0.01856159999999818	epochs	3.0
927.1164106792908	0.01848270000004959	epochs	3.0
927.1348933792908	0.03673099999991791	epochs	2.0
927.1348933792908	0.018404299999929208	epochs	3.0
927.1532976792907	0.018326699999988705	epochs	3.0
927.1716243792907	0.036422900000047775	epochs	2.0
927.1716243792907	0.018249599999990096	epochs	3.0
927.1898739792907	0.01817330000005768	epochs	3.0
927.2080472792908	0.03612009999994825	epochs	2.0
927.2080472792908	0.0180976000000328	epochs	3.0
927.2261448792908	0.018022499999915453	epochs	3.0
927.2441673792907	0.03582210000001851	epochs	2.0
927.2441673792907	0.017947900000081063	epochs	3.0
927.2621152792908	0.017874199999937446	epochs	3.0
927.2799894792907	0.03552899999999681	epochs	2.0
927.2799894792907	0.017800800000031813	epochs	3.0
927.2977902792908	0.017728199999965	epochs	3.0
927.3155184792907	0.03524070000003121	epochs	2.0
927.3155184792907	0.017656100000067454	epochs	3.0
927.3331745792908	0.017584599999963757	epochs	3.0
927.3507591792908	0.034957100000042374	epochs	2.0
927.3507591792908	0.01751369999999497	epochs	3.0
927.3682728792908	0.017443400000047404	epochs	3.0
927.3857162792908	0.034677899999906	epochs	2.0
927.3857162792908	0.017373599999928047	epochs	3.0
927.4030898792907	0.017304299999977957	epochs	3.0
927.4203941792907	0.03440330000000813	epochs	2.0
927.4203941792907	0.01723570000001473	epochs	3.0
927.4376298792907	0.0171675999999934	epochs	3.0
927.4547974792907	0.0341328000000658	epochs	2.0
927.4547974792907	0.017099900000062007	epochs	3.0
927.4718973792908	0.017032900000003792	epochs	3.0
927.4889302792908	0.033866699999975935	epochs	2.0
927.4889302792908	0.01696640000000116	epochs	3.0
927.5058966792908	0.016900299999974777	epochs	3.0
927.5227969792908	0.03360459999998966	epochs	2.0
927.5227969792908	0.01683479999996962	epochs	3.0
927.5396317792907	0.01676980000002004	epochs	3.0
927.5564015792908	0.033346599999958926	epochs	2.0
927.5564015792908	0.016705300000012357	epochs	3.0
927.5731068792908	0.01664129999994657	epochs	3.0
927.5897481792907	0.03309250000006614	epochs	2.0
927.5897481792907	0.016577800000050047	epochs	3.0
927.6063259792908	0.01651470000001609	epochs	3.0
927.6228406792908	0.03284229999997024	epochs	2.0
927.6228406792908	0.01645220000000336	epochs	3.0
927.6392928792908	0.01639009999996688	epochs	3.0
927.6556829792908	0.03259570000000167	epochs	2.0
927.6556829792908	0.016328400000020338	epochs	3.0
927.6720113792908	0.016267299999981333	epochs	3.0
927.6882786792908	0.032352899999978035	epochs	2.0
927.6882786792908	0.016206600000032267	epochs	3.0
927.7044852792908	0.016146299999945768	epochs	3.0
927.7206315792907	0.032113700000081735	epochs	2.0
927.7206315792907	0.016086599999994178	epochs	3.0
927.7367181792907	0.016027100000087557	epochs	3.0
927.7527452792908	0.03187800000000607	epochs	2.0
927.7527452792908	0.015968199999974786	epochs	3.0
927.7687134792908	0.015909800000031282	epochs	3.0
927.7846232792908	0.03164569999989908	epochs	2.0
927.7846232792908	0.015851599999905375	epochs	3.0
927.8004748792907	0.015794099999993705	epochs	3.0
927.8162689792907	0.0314167000000225	epochs	2.0
927.8162689792907	0.015736700000047676	epochs	3.0
927.8320056792908	0.015679999999974825	epochs	3.0
927.8476856792907	0.031191100000000915	epochs	2.0
927.8476856792907	0.015623600000026272	epochs	3.0
927.8633092792908	0.015567499999974643	epochs	3.0
927.8788767792907	0.030968700000016725	epochs	2.0
927.8788767792907	0.015512000000057924	epochs	3.0
927.8943887792908	0.0154566999999588	epochs	3.0
927.9098454792908	0.030749499999956242	epochs	2.0
927.9098454792908	0.015401999999994587	epochs	3.0
927.9252474792908	0.015347499999961656	epochs	3.0
927.9405949792907	0.03053320000003623	epochs	2.0
927.9405949792907	0.015293400000018664	epochs	3.0
927.9558883792907	0.015239800000017567	epochs	3.0
927.9711281792908	0.03032010000003993	epochs	2.0
927.9711281792908	0.015186500000027081	epochs	3.0
927.9863146792908	0.015133600000012848	epochs	3.0
928.0014482792908	0.030109899999956724	epochs	2.0
928.0014482792908	0.015081000000009226	epochs	3.0
928.0165292792908	0.015028899999947498	epochs	3.0
928.0315581792908	0.02990250000004835	epochs	2.0
928.0315581792908	0.014977000000044427	epochs	3.0
928.0465351792908	0.014925500000003922	epochs	3.0
928.0614606792908	0.029698100000018712	epochs	2.0
928.0614606792908	0.01487439999993967	epochs	3.0
928.0763350792907	0.014823700000079043	epochs	3.0
928.0911587792908	0.02949630000000525	epochs	2.0
928.0911587792908	0.014773199999922326	epochs	3.0
928.1059319792907	0.014723100000082923	epochs	3.0
928.1206550792908	0.029297399999904883	epochs	2.0
928.1206550792908	0.014673399999992398	epochs	3.0
928.1353284792908	0.014623999999912485	epochs	3.0
928.1499524792907	0.029101100000048064	epochs	2.0
928.1499524792907	0.014574900000070556	epochs	3.0
928.1645273792908	0.014526199999977507	epochs	3.0
928.1790535792908	0.028907399999980044	epochs	2.0
928.1790535792908	0.014477700000043114	epochs	3.0
928.1935312792908	0.014429699999936929	epochs	3.0
928.2079609792908	0.028716199999962555	epochs	2.0
928.2079609792908	0.014381800000023759	epochs	3.0
928.2223427792908	0.014334399999938796	epochs	3.0
928.2366771792907	0.028527600000074926	epochs	2.0
928.2366771792907	0.01428720000001249	epochs	3.0
928.2509643792907	0.014240400000062436	epochs	3.0
928.2652047792908	0.028341399999931127	epochs	2.0
928.2652047792908	0.014193799999929979	epochs	3.0
928.2793985792907	0.014147600000001148	epochs	3.0
928.2935461792907	0.028157700000065233	epochs	2.0
928.2935461792907	0.014101700000082928	epochs	3.0
928.3076478792908	0.014055999999982305	epochs	3.0
928.3217038792908	0.027976299999977527	epochs	2.0
928.3217038792908	0.01401060000000598	epochs	3.0
928.3357144792908	0.013965699999971548	epochs	3.0
928.3496801792908	0.02779720000000907	epochs	2.0
928.3496801792908	0.013920800000050804	epochs	3.0
928.3636009792908	0.013876399999958267	epochs	3.0
928.3774773792908	0.027620400000046175	epochs	2.0
928.3774773792908	0.013832200000024386	epochs	3.0
928.3913095792908	0.013788200000021789	epochs	3.0
928.4050977792908	0.027445899999975154	epochs	2.0
928.4050977792908	0.013744599999995444	epochs	3.0
928.4188423792908	0.01370129999997971	epochs	3.0
928.4325436792908	0.027273499999978412	epochs	2.0
928.4325436792908	0.013658200000008947	epochs	3.0
928.4462018792908	0.013615299999969466	epochs	3.0
928.4598171792908	0.027103399999987232	epochs	2.0
928.4598171792908	0.013572800000019924	epochs	3.0
928.4733899792908	0.013530599999967308	epochs	3.0
928.4869205792908	0.02693520000002536	epochs	2.0
928.4869205792908	0.013488400000028378	epochs	3.0
928.5004089792908	0.013446799999996983	epochs	3.0
928.5138557792908	0.026769199999989723	epochs	2.0
928.5138557792908	0.013405199999965589	epochs	3.0
928.5272609792908	0.013364000000024134	epochs	3.0
928.5406249792908	0.026605199999949036	epochs	2.0
928.5406249792908	0.013322899999934634	epochs	3.0
928.5539478792907	0.013282300000014402	epochs	3.0
928.5672301792907	0.026443200000016986	epochs	2.0
928.5672301792907	0.01324170000009417	epochs	3.0
928.5804718792908	0.013201499999922817	epochs	3.0
928.5936733792907	0.026283200000079887	epochs	2.0
928.5936733792907	0.013161500000023807	epochs	3.0
928.6068348792908	0.01312170000005608	epochs	3.0
928.6199565792908	0.02612499999997908	epochs	2.0
928.6199565792908	0.01308209999990595	epochs	3.0
928.6330386792907	0.013042900000073132	epochs	3.0
928.6460815792908	0.025968899999952555	epochs	2.0
928.6460815792908	0.013003899999944224	epochs	3.0
928.6590854792908	0.012965000000008331	epochs	3.0
928.6720504792908	0.025814500000024054	epochs	2.0
928.6720504792908	0.012926399999969362	epochs	3.0
928.6849768792907	0.012888100000054692	epochs	3.0
928.6978649792908	0.025661900000045534	epochs	2.0
928.6978649792908	0.012849899999991976	epochs	3.0
928.7107148792908	0.012812000000053558	epochs	3.0
928.7235268792908	0.025511199999982637	epochs	2.0
928.7235268792908	0.012774399999898378	epochs	3.0
928.7363012792907	0.012736800000084258	epochs	3.0
928.7490380792908	0.025362299999983406	epochs	2.0
928.7490380792908	0.01269969999998466	epochs	3.0
928.7617377792908	0.012662599999998747	epochs	3.0
928.7744003792908	0.025215000000002874	epochs	2.0
928.7744003792908	0.012625800000023446	epochs	3.0
928.7870261792908	0.012589199999979428	epochs	3.0
928.7996153792908	0.024584799999956886	epochs	2.0
928.8232702792908	0.5	epochs	-1.0
928.8242001792908	0.522640000000024	epochs	1.0
929.3468401792908	0.47727999999995063	epochs	0.0
929.664999961853	0.03719999999998436	epochs	0.0
929.664999961853	0.013603999999986627	epochs	1.0
929.678603961853	0.009992000000011103	epochs	1.0
929.688595961853	0.013603999999986627	epochs	1.0
929.702199961853	2.0	epochs	0.0
931.702199961853	21.52224000000001	epochs	0.0
931.702199961853	1.0	epochs	1.0
931.702230061853	0.5	epochs	-1.0
932.202230061853	19.999040000000036	epochs	-1.0
932.702199961853	20.0	epochs	1.0
932.702199961853	4.356753900000058	epochs	-1.0
932.702199961853	1.9745871999999736	epochs	2.0
932.702199961853	1.0985622000000603	epochs	3.0
933.8007621618531	0.8760249999999132	epochs	3.0
934.676787161853	1.3524075000000266	epochs	2.0
934.676787161853	0.7286354999999958	epochs	3.0
935.405422661853	0.6237720000000309	epochs	3.0
936.029194661853	1.0297592000000577	epochs	2.0
936.029194661853	0.5453293000000485	epochs	3.0
936.5745239618531	0.4844299000000092	epochs	3.0
937.0589538618531	0.8317862000000105	epochs	2.0
937.0589538618531	0.4357762999999295	epochs	3.0
937.494730161853	0.39600990000008096	epochs	3.0
937.8907400618531	0.6977969999999232	epochs	2.0
937.8907400618531	0.36289819999990414	epochs	3.0
938.253638261853	0.33489880000001904	epochs	3.0
938.588537061853	0.601045699999986	epochs	2.0
938.588537061853	0.3109123000000409	epochs	3.0
938.899449361853	0.29013339999994514	epochs	3.0
939.189582761853	0.5278859000000011	epochs	2.0
939.189582761853	0.2719586000000618	epochs	3.0
939.461541361853	0.25592729999993935	epochs	3.0
939.717468661853	0.4706193000000667	epochs	2.0
939.717468661853	0.241681299999982	epochs	3.0
939.959149961853	0.22893800000008468	epochs	3.0
940.1880879618531	0.42457039999999324	epochs	2.0
940.1880879618531	0.21747140000002219	epochs	3.0
940.4055593618531	0.20709899999997106	epochs	3.0
940.612658361853	0.3867354000000205	epochs	2.0
940.612658361853	0.19767109999997956	epochs	3.0
940.810329461853	0.18906430000004093	epochs	3.0
940.9993937618531	0.35509529999990264	epochs	2.0
940.9993937618531	0.18117589999997108	epochs	3.0
941.180569661853	0.17391939999993156	epochs	3.0
941.354489061853	0.3282431000000088	epochs	2.0
941.354489061853	0.1672219000000723	epochs	3.0
941.521710961853	0.16102119999993647	epochs	3.0
941.682732161853	0.30516800000009425	epochs	2.0
941.682732161853	0.15526390000002266	epochs	3.0
941.837996061853	0.1499041000000716	epochs	3.0
941.9879001618531	0.28512530000000424	epochs	2.0
941.9879001618531	0.1449020999999675	epochs	3.0
942.132802261853	0.14022320000003674	epochs	3.0
942.2730254618531	0.2675537999999733	epochs	2.0
942.2730254618531	0.1358368999999584	epochs	3.0
942.408862361853	0.1317169000000149	epochs	3.0
942.540579261853	0.252022899999929	epochs	2.0
942.540579261853	0.1278393000000051	epochs	3.0
942.6684185618531	0.1241835999999239	epochs	3.0
942.792602161853	0.23819650000007186	epochs	2.0
942.792602161853	0.12073110000005727	epochs	3.0
942.913333261853	0.1174654000000146	epochs	3.0
943.030798661853	0.2258087999999816	epochs	2.0
943.030798661853	0.1143718999999237	epochs	3.0
943.145170561853	0.1114369000000579	epochs	3.0
943.256607461853	0.2146460000000161	epochs	2.0
943.256607461853	0.10864889999993466	epochs	3.0
943.365256361853	0.10599710000008145	epochs	3.0
943.471253461853	0.20453499999996438	epochs	2.0
943.471253461853	0.10347149999995509	epochs	3.0
943.574724961853	0.1010635000000093	epochs	3.0
943.675788461853	0.19533400000000256	epochs	2.0
943.675788461853	0.09876510000003691	epochs	3.0
943.774553561853	0.09656889999996565	epochs	3.0
943.871122461853	0.18692529999998442	epochs	2.0
943.871122461853	0.09446830000001682	epochs	3.0
943.965590761853	0.09245699999996759	epochs	3.0
944.058047761853	0.17921069999999872	epochs	2.0
944.058047761853	0.09052959999996801	epochs	3.0
944.148577361853	0.08868110000003071	epochs	3.0
944.237258461853	0.17210769999996955	epochs	2.0
944.237258461853	0.08690630000000965	epochs	3.0
944.324164761853	0.0852013999999599	epochs	3.0
944.409366161853	0.16554640000003928	epochs	2.0
944.409366161853	0.08356190000006336	epochs	3.0
944.492928061853	0.08198449999997592	epochs	3.0
944.574912561853	0.15946710000002895	epochs	2.0
944.574912561853	0.08046539999998004	epochs	3.0
944.655377961853	0.07900170000004891	epochs	3.0
944.734379661853	0.15381839999997737	epochs	2.0
944.734379661853	0.07759009999995214	epochs	3.0
944.811969761853	0.07622830000002523	epochs	3.0
944.888198061853	0.14855639999996129	epochs	2.0
944.888198061853	0.07491330000004837	epochs	3.0
944.9631113618531	0.07364309999991292	epochs	3.0
945.036754461853	0.14364240000008976	epochs	2.0
945.036754461853	0.07241500000009182	epochs	3.0
945.1091694618531	0.07122739999999794	epochs	3.0
945.1803968618531	0.13904309999998077	epochs	2.0
945.1803968618531	0.07007799999996678	epochs	3.0
945.250474861853	0.06896510000001399	epochs	3.0
945.319439961853	0.1347293000000036	epochs	2.0
945.319439961853	0.0678871000000072	epochs	3.0
945.3873270618531	0.06684219999999641	epochs	3.0
945.454169261853	0.13067519999992783	epochs	2.0
945.454169261853	0.06582909999997355	epochs	3.0
945.519998361853	0.06484609999995428	epochs	3.0
945.584844461853	0.12685780000003888	epochs	2.0
945.584844461853	0.06389200000000983	epochs	3.0
945.648736461853	0.06296580000002905	epochs	3.0
945.711702261853	0.12325720000001184	epochs	2.0
945.711702261853	0.06206580000002759	epochs	3.0
945.773768061853	0.06119139999998424	epochs	3.0
945.834959461853	0.11985540000000583	epochs	2.0
945.834959461853	0.060341099999959624	epochs	3.0
945.895300561853	0.059514300000046205	epochs	3.0
945.954814861853	0.11663620000001629	epochs	2.0
945.954814861853	0.05870960000004288	epochs	3.0
946.0135244618531	0.057926599999973405	epochs	3.0
946.071451061853	0.11358559999996487	epochs	2.0
946.071451061853	0.05716419999998834	epochs	3.0
946.128615261853	0.05642139999997653	epochs	3.0
946.185036661853	0.11069050000003244	epochs	2.0
946.185036661853	0.055697900000041045	epochs	3.0
946.2407345618531	0.0549925999999914	epochs	3.0
946.295727161853	0.10793909999995321	epochs	2.0
946.295727161853	0.05430489999992005	epochs	3.0
946.350032061853	0.05363420000003316	epochs	3.0
946.403666261853	0.10532150000005913	epochs	2.0
946.403666261853	0.05298000000004777	epochs	3.0
946.456646261853	0.052341500000011365	epochs	3.0
946.5089877618531	0.10282759999995505	epochs	2.0
946.5089877618531	0.05171810000001642	epochs	3.0
946.5607058618531	0.051109499999938635	epochs	3.0
946.611815361853	0.10044909999999163	epochs	2.0
946.611815361853	0.050514900000052876	epochs	3.0
946.6623302618531	0.049934199999938755	epochs	3.0
946.712264461853	0.0981782999999723	epochs	2.0
946.712264461853	0.04936659999998483	epochs	3.0
946.761631061853	0.04881169999998747	epochs	3.0
946.810442761853	0.09600780000005216	epochs	2.0
946.810442761853	0.04826920000004975	epochs	3.0
946.858711961853	0.04773860000000241	epochs	3.0
946.906450561853	0.09393120000004274	epochs	2.0
946.906450561853	0.04721949999998287	epochs	3.0
946.953670061853	0.046711700000059864	epochs	3.0
947.0003817618531	0.09194259999992482	epochs	2.0
947.0003817618531	0.046214599999984785	epochs	3.0
947.0465963618531	0.04572799999994004	epochs	3.0
947.092324361853	0.09003630000006524	epochs	2.0
947.092324361853	0.04525150000006306	epochs	3.0
947.1375758618531	0.04478480000000218	epochs	3.0
947.1823606618531	0.08820759999991878	epochs	2.0
947.1823606618531	0.04432779999990544	epochs	3.0
947.226688461853	0.04387980000001335	epochs	3.0
947.270568261853	0.0864516999999978	epochs	2.0
947.270568261853	0.04344100000002982	epochs	3.0
947.314009261853	0.04301069999996798	epochs	3.0
947.357019961853	0.0847643000000744	epochs	2.0
947.357019961853	0.04258900000002086	epochs	3.0
947.399608961853	0.04217530000005354	epochs	3.0
947.4417842618531	0.08314150000001064	epochs	2.0
947.4417842618531	0.041769699999917975	epochs	3.0
947.483553961853	0.04137180000009266	epochs	3.0
947.5249257618531	0.08157969999990655	epochs	2.0
947.5249257618531	0.040981399999964196	epochs	3.0
947.565907161853	0.040598299999942355	epochs	3.0
947.606505461853	0.08007550000002084	epochs	2.0
947.606505461853	0.040222300000095856	epochs	3.0
947.6467277618531	0.03985319999992498	epochs	3.0
947.686580961853	0.07862569999997504	epochs	2.0
947.686580961853	0.039490800000066884	epochs	3.0
947.7260717618531	0.03913489999990816	epochs	3.0
947.765206661853	0.07722760000001472	epochs	2.0
947.765206661853	0.038785400000051595	epochs	3.0
947.803992061853	0.03844219999996312	epochs	3.0
947.842434261853	0.07587820000003376	epochs	2.0
947.842434261853	0.038104800000041905	epochs	3.0
947.880539061853	0.03777339999999185	epochs	3.0
947.918312461853	0.0745752000000266	epochs	2.0
947.918312461853	0.03744770000002973	epochs	3.0
947.955760161853	0.03712749999999687	epochs	3.0
947.992887661853	0.07331629999998768	epochs	2.0
947.992887661853	0.036812899999972615	epochs	3.0
948.029700561853	0.03650340000001506	epochs	3.0
948.066203961853	0.07209899999998015	epochs	2.0
948.066203961853	0.03619909999997617	epochs	3.0
948.102403061853	0.03589990000000398	epochs	3.0
948.138302961853	0.07092169999998532	epochs	2.0
948.138302961853	0.03560560000005353	epochs	3.0
948.1739085618531	0.035316099999931794	epochs	3.0
948.209224661853	0.06978200000003199	epochs	2.0
948.209224661853	0.03503120000004856	epochs	3.0
948.244255861853	0.03475079999998343	epochs	3.0
948.279006661853	0.06867859999999837	epochs	2.0
948.279006661853	0.03447510000000875	epochs	3.0
948.313481761853	0.03420349999998962	epochs	3.0
948.347685261853	0.06760929999995824	epochs	2.0
948.347685261853	0.033936199999970995	epochs	3.0
948.381621461853	0.033673099999987244	epochs	3.0
948.415294561853	0.06657289999998284	epochs	2.0
948.415294561853	0.03341399999999339	epochs	3.0
948.448708561853	0.033158899999989444	epochs	3.0
948.481867461853	0.06556780000005347	epochs	2.0
948.481867461853	0.032907700000009754	epochs	3.0
948.514775161853	0.03266010000004371	epochs	3.0
948.547435261853	0.06459259999996902	epochs	2.0
948.547435261853	0.032416399999988244	epochs	3.0
948.579851661853	0.03217619999998078	epochs	3.0
948.612027861853	0.06364600000006249	epochs	2.0
948.612027861853	0.03193959999998697	epochs	3.0
948.643967461853	0.03170640000007552	epochs	3.0
948.675673861853	0.0627266999999847	epochs	2.0
948.675673861853	0.03147660000001906	epochs	3.0
948.7071504618531	0.03125009999996564	epochs	3.0
948.738400561853	0.06183359999999993	epochs	2.0
948.738400561853	0.031026900000028945	epochs	3.0
948.7694274618531	0.030806699999970988	epochs	3.0
948.800234161853	0.06096560000003137	epochs	2.0
948.800234161853	0.030589800000029754	epochs	3.0
948.8308239618531	0.030375800000001618	epochs	3.0
948.8611997618531	0.06012160000000222	epochs	2.0
948.8611997618531	0.03016489999993155	epochs	3.0
948.891364661853	0.02995670000007067	epochs	3.0
948.9213213618531	0.05930069999999432	epochs	2.0
948.9213213618531	0.02975159999994048	epochs	3.0
948.951072961853	0.02954910000005384	epochs	3.0
948.9806220618531	0.05850179999993088	epochs	2.0
948.9806220618531	0.02934940000000097	epochs	3.0
949.0099714618531	0.029152399999929912	epochs	3.0
949.039123861853	0.057724200000052406	epochs	2.0
949.039123861853	0.028957999999988715	epochs	3.0
949.068081861853	0.02876620000006369	epochs	3.0
949.096848061853	0.05696709999995164	epochs	2.0
949.096848061853	0.028576999999927466	epochs	3.0
949.125425061853	0.028390100000024177	epochs	3.0
949.153815161853	0.05622949999997218	epochs	2.0
949.153815161853	0.028205700000057732	epochs	3.0
949.1820208618531	0.028023799999914445	epochs	3.0
949.210044661853	0.05551070000001346	epochs	2.0
949.210044661853	0.02784400000007281	epochs	3.0
949.237888661853	0.027666699999940647	epochs	3.0
949.265555361853	0.054810200000019904	epochs	2.0
949.265555361853	0.02749149999999645	epochs	3.0
949.293046861853	0.027318700000023455	epochs	3.0
949.320365561853	0.05412699999999404	epochs	2.0
949.320365561853	0.027147799999966082	epochs	3.0
949.347513361853	0.02697920000002796	epochs	3.0
949.374492561853	0.0534607000000733	epochs	2.0
949.374492561853	0.0268125999999711	epochs	3.0
949.401305161853	0.026648100000102204	epochs	3.0
949.4279532618531	0.052810699999895405	epochs	2.0
949.4279532618531	0.026485600000000886	epochs	3.0
949.4544388618531	0.02632509999989452	epochs	3.0
949.480763961853	0.05217620000007628	epochs	2.0
949.480763961853	0.026166400000079193	epochs	3.0
949.506930361853	0.026009799999997085	epochs	3.0
949.532940161853	0.051556699999991906	epochs	2.0
949.532940161853	0.025854799999933675	epochs	3.0
949.558794961853	0.02570190000005823	epochs	3.0
949.584496861853	0.05095189999997274	epochs	2.0
949.584496861853	0.025550699999939752	epochs	3.0
949.610047561853	0.025401200000032986	epochs	3.0
949.635448761853	0.05036100000006627	epochs	2.0
949.635448761853	0.025253499999962514	epochs	3.0
949.660702261853	0.025107500000103755	epochs	3.0
949.6858097618531	0.049783800000000156	epochs	2.0
949.6858097618531	0.02496320000000196	epochs	3.0
949.7107729618531	0.024820599999998194	epochs	3.0
949.7355935618531	0.04921949999993558	epochs	2.0
949.7355935618531	0.024679399999968155	epochs	3.0
949.760272961853	0.024540099999967424	epochs	3.0
949.784813061853	0.04866790000005494	epochs	2.0
949.784813061853	0.02440209999997478	epochs	3.0
949.809215161853	0.024265800000080162	epochs	3.0
949.8334809618531	0.048128599999927246	epochs	2.0
949.8334809618531	0.024131000000011227	epochs	3.0
949.8576119618531	0.02399759999991602	epochs	3.0
949.881609561853	0.047601100000065344	epochs	2.0
949.881609561853	0.023865800000066884	epochs	3.0
949.9054753618531	0.02373529999999846	epochs	3.0
949.9292106618531	0.04708499999992455	epochs	2.0
949.9292106618531	0.023606299999983094	epochs	3.0
949.952816961853	0.023478699999941455	epochs	3.0
949.976295661853	0.04658000000006268	epochs	2.0
949.976295661853	0.02335249999998723	epochs	3.0
949.999648161853	0.02322750000007545	epochs	3.0
950.022875661853	0.04608569999993506	epochs	2.0
950.022875661853	0.023103999999989355	epochs	3.0
950.045979661853	0.022981699999945704	epochs	3.0
950.068961361853	0.0456018000000995	epochs	2.0
950.068961361853	0.022860700000023826	epochs	3.0
950.091822061853	0.022741100000075676	epochs	3.0
950.1145631618531	0.045127899999897636	epochs	2.0
950.1145631618531	0.022622499999897627	epochs	3.0
950.137185661853	0.02250540000000001	epochs	3.0
950.159691061853	0.0446638000000803	epochs	2.0
950.159691061853	0.022389300000099865	epochs	3.0
950.1820803618531	0.022274499999980435	epochs	3.0
950.2043548618531	0.04420919999995476	epochs	2.0
950.2043548618531	0.022160799999937808	epochs	3.0
950.226515661853	0.022048400000016954	epochs	3.0
950.248564061853	0.043763600000033875	epochs	2.0
950.248564061853	0.021936900000014248	epochs	3.0
950.270500961853	0.021826700000019628	epochs	3.0
950.292327661853	0.04332709999994222	epochs	2.0
950.292327661853	0.021717599999988124	epochs	3.0
950.314045261853	0.021609499999954096	epochs	3.0
950.335654761853	0.04289900000003399	epochs	2.0
950.335654761853	0.02150249999999687	epochs	3.0
950.357157261853	0.021396500000037122	epochs	3.0
950.378553761853	0.042479500000013104	epochs	2.0
950.378553761853	0.02129170000000613	epochs	3.0
950.399845461853	0.021187800000006973	epochs	3.0
950.421033261853	0.042067900000006375	epochs	2.0
950.421033261853	0.02108490000000529	epochs	3.0
950.442118161853	0.020983000000001084	epochs	3.0
950.463101161853	0.04166439999994509	epochs	2.0
950.463101161853	0.020882199999959994	epochs	3.0
950.483983361853	0.020782199999985096	epochs	3.0
950.504765561853	0.04126850000000104	epochs	2.0
950.504765561853	0.020683300000087	epochs	3.0
950.5254488618531	0.02058519999991404	epochs	3.0
950.546034061853	0.04088000000001557	epochs	2.0
950.546034061853	0.020488100000079612	epochs	3.0
950.5665221618531	0.02039189999993596	epochs	3.0
950.586914061853	0.04049880000002304	epochs	2.0
950.586914061853	0.020296600000051512	epochs	3.0
950.6072106618531	0.020202199999971526	epochs	3.0
950.627412861853	0.04012460000001283	epochs	2.0
950.627412861853	0.02010870000003706	epochs	3.0
950.6475215618531	0.020015899999975773	epochs	3.0
950.667537461853	0.03975730000001931	epochs	2.0
950.667537461853	0.019924199999991288	epochs	3.0
950.687461661853	0.019833100000028026	epochs	3.0
950.7072947618531	0.03939669999999751	epochs	2.0
950.7072947618531	0.01974299999994855	epochs	3.0
950.727037761853	0.019653700000048957	epochs	3.0
950.7466914618531	0.03904239999997117	epochs	2.0
950.7466914618531	0.019565099999908853	epochs	3.0
950.766256561853	0.019477300000062314	epochs	3.0
950.785733861853	0.03869459999998526	epochs	2.0
950.785733861853	0.019390400000020236	epochs	3.0
950.805124261853	0.01930419999996502	epochs	3.0
950.824428461853	0.03835290000006353	epochs	2.0
950.824428461853	0.019218799999976	epochs	3.0
950.843647261853	0.01913410000008753	epochs	3.0
950.8627813618531	0.038017199999899276	epochs	2.0
950.8627813618531	0.01905019999992419	epochs	3.0
950.881831561853	0.018966999999975087	epochs	3.0
950.900798561853	0.037687200000050325	epochs	2.0
950.900798561853	0.01888450000001285	epochs	3.0
950.919683061853	0.018802700000037476	epochs	3.0
950.938485761853	0.03736309999999321	epochs	2.0
950.938485761853	0.018721700000014607	epochs	3.0
950.957207461853	0.018641399999978603	epochs	3.0
950.975848861853	0.03704430000004777	epochs	2.0
950.975848861853	0.01856159999999818	epochs	3.0
950.994410461853	0.01848270000004959	epochs	3.0
951.0128931618531	0.03673099999991791	epochs	2.0
951.0128931618531	0.018404299999929208	epochs	3.0
951.031297461853	0.018326699999988705	epochs	3.0
951.049624161853	0.036422900000047775	epochs	2.0
951.049624161853	0.018249599999990096	epochs	3.0
951.067873761853	0.01817330000005768	epochs	3.0
951.086047061853	0.03612009999994825	epochs	2.0
951.086047061853	0.0180976000000328	epochs	3.0
951.1041446618531	0.018022499999915453	epochs	3.0
951.122167161853	0.03582210000001851	epochs	2.0
951.122167161853	0.017947900000081063	epochs	3.0
951.1401150618531	0.017874199999937446	epochs	3.0
951.157989261853	0.03552899999999681	epochs	2.0
951.157989261853	0.017800800000031813	epochs	3.0
951.175790061853	0.017728199999965	epochs	3.0
951.193518261853	0.03524070000003121	epochs	2.0
951.193518261853	0.017656100000067454	epochs	3.0
951.2111743618531	0.017584599999963757	epochs	3.0
951.228758961853	0.034957100000042374	epochs	2.0
951.228758961853	0.01751369999999497	epochs	3.0
951.246272661853	0.017443400000047404	epochs	3.0
951.2637160618531	0.034677899999906	epochs	2.0
951.2637160618531	0.017373599999928047	epochs	3.0
951.281089661853	0.017304299999977957	epochs	3.0
951.298393961853	0.03440330000000813	epochs	2.0
951.298393961853	0.01723570000001473	epochs	3.0
951.315629661853	0.0171675999999934	epochs	3.0
951.332797261853	0.0341328000000658	epochs	2.0
951.332797261853	0.017099900000062007	epochs	3.0
951.349897161853	0.017032900000003792	epochs	3.0
951.366930061853	0.033866699999975935	epochs	2.0
951.366930061853	0.01696640000000116	epochs	3.0
951.383896461853	0.016900299999974777	epochs	3.0
951.400796761853	0.03360459999998966	epochs	2.0
951.400796761853	0.01683479999996962	epochs	3.0
951.417631561853	0.01676980000002004	epochs	3.0
951.434401361853	0.033346599999958926	epochs	2.0
951.434401361853	0.016705300000012357	epochs	3.0
951.451106661853	0.01664129999994657	epochs	3.0
951.467747961853	0.03309250000006614	epochs	2.0
951.467747961853	0.016577800000050047	epochs	3.0
951.484325761853	0.01651470000001609	epochs	3.0
951.500840461853	0.03284229999997024	epochs	2.0
951.500840461853	0.01645220000000336	epochs	3.0
951.517292661853	0.01639009999996688	epochs	3.0
951.533682761853	0.03259570000000167	epochs	2.0
951.533682761853	0.016328400000020338	epochs	3.0
951.550011161853	0.016267299999981333	epochs	3.0
951.566278461853	0.032352899999978035	epochs	2.0
951.566278461853	0.016206600000032267	epochs	3.0
951.582485061853	0.016146299999945768	epochs	3.0
951.598631361853	0.032113700000081735	epochs	2.0
951.598631361853	0.016086599999994178	epochs	3.0
951.614717961853	0.016027100000087557	epochs	3.0
951.6307450618531	0.03187800000000607	epochs	2.0
951.6307450618531	0.015968199999974786	epochs	3.0
951.646713261853	0.015909800000031282	epochs	3.0
951.6626230618531	0.03164569999989908	epochs	2.0
951.6626230618531	0.015851599999905375	epochs	3.0
951.678474661853	0.015794099999993705	epochs	3.0
951.694268761853	0.0314167000000225	epochs	2.0
951.694268761853	0.015736700000047676	epochs	3.0
951.710005461853	0.015679999999974825	epochs	3.0
951.725685461853	0.031191100000000915	epochs	2.0
951.725685461853	0.015623600000026272	epochs	3.0
951.741309061853	0.015567499999974643	epochs	3.0
951.756876561853	0.030968700000016725	epochs	2.0
951.756876561853	0.015512000000057924	epochs	3.0
951.7723885618531	0.0154566999999588	epochs	3.0
951.787845261853	0.030749499999956242	epochs	2.0
951.787845261853	0.015401999999994587	epochs	3.0
951.803247261853	0.015347499999961656	epochs	3.0
951.818594761853	0.03053320000003623	epochs	2.0
951.818594761853	0.015293400000018664	epochs	3.0
951.833888161853	0.015239800000017567	epochs	3.0
951.849127961853	0.03032010000003993	epochs	2.0
951.849127961853	0.015186500000027081	epochs	3.0
951.864314461853	0.015133600000012848	epochs	3.0
951.879448061853	0.030109899999956724	epochs	2.0
951.879448061853	0.015081000000009226	epochs	3.0
951.8945290618531	0.015028899999947498	epochs	3.0
951.909557961853	0.02990250000004835	epochs	2.0
951.909557961853	0.014977000000044427	epochs	3.0
951.924534961853	0.014925500000003922	epochs	3.0
951.9394604618531	0.029698100000018712	epochs	2.0
951.9394604618531	0.01487439999993967	epochs	3.0
951.954334861853	0.014823700000079043	epochs	3.0
951.9691585618531	0.02949630000000525	epochs	2.0
951.9691585618531	0.014773199999922326	epochs	3.0
951.983931761853	0.014723100000082923	epochs	3.0
951.9986548618531	0.029297399999904883	epochs	2.0
951.9986548618531	0.014673399999992398	epochs	3.0
952.0133282618531	0.014623999999912485	epochs	3.0
952.027952261853	0.029101100000048064	epochs	2.0
952.027952261853	0.014574900000070556	epochs	3.0
952.0425271618531	0.014526199999977507	epochs	3.0
952.057053361853	0.028907399999980044	epochs	2.0
952.057053361853	0.014477700000043114	epochs	3.0
952.0715310618531	0.014429699999936929	epochs	3.0
952.085960761853	0.028716199999962555	epochs	2.0
952.085960761853	0.014381800000023759	epochs	3.0
952.100342561853	0.014334399999938796	epochs	3.0
952.114676961853	0.028527600000074926	epochs	2.0
952.114676961853	0.01428720000001249	epochs	3.0
952.128964161853	0.014240400000062436	epochs	3.0
952.143204561853	0.028341399999931127	epochs	2.0
952.143204561853	0.014193799999929979	epochs	3.0
952.157398361853	0.014147600000001148	epochs	3.0
952.171545961853	0.028157700000065233	epochs	2.0
952.171545961853	0.014101700000082928	epochs	3.0
952.1856476618531	0.014055999999982305	epochs	3.0
952.199703661853	0.027976299999977527	epochs	2.0
952.199703661853	0.01401060000000598	epochs	3.0
952.213714261853	0.013965699999971548	epochs	3.0
952.227679961853	0.02779720000000907	epochs	2.0
952.227679961853	0.013920800000050804	epochs	3.0
952.2416007618531	0.013876399999958267	epochs	3.0
952.255477161853	0.027620400000046175	epochs	2.0
952.255477161853	0.013832200000024386	epochs	3.0
952.2693093618531	0.013788200000021789	epochs	3.0
952.2830975618531	0.027445899999975154	epochs	2.0
952.2830975618531	0.013744599999995444	epochs	3.0
952.2968421618531	0.01370129999997971	epochs	3.0
952.3105434618531	0.027273499999978412	epochs	2.0
952.3105434618531	0.013658200000008947	epochs	3.0
952.3242016618531	0.013615299999969466	epochs	3.0
952.337816961853	0.027103399999987232	epochs	2.0
952.337816961853	0.013572800000019924	epochs	3.0
952.351389761853	0.013530599999967308	epochs	3.0
952.364920361853	0.02693520000002536	epochs	2.0
952.364920361853	0.013488400000028378	epochs	3.0
952.378408761853	0.013446799999996983	epochs	3.0
952.391855561853	0.026769199999989723	epochs	2.0
952.391855561853	0.013405199999965589	epochs	3.0
952.405260761853	0.013364000000024134	epochs	3.0
952.418624761853	0.026605199999949036	epochs	2.0
952.418624761853	0.013322899999934634	epochs	3.0
952.431947661853	0.013282300000014402	epochs	3.0
952.445229961853	0.026443200000016986	epochs	2.0
952.445229961853	0.01324170000009417	epochs	3.0
952.4584716618531	0.013201499999922817	epochs	3.0
952.471673161853	0.026283200000079887	epochs	2.0
952.471673161853	0.013161500000023807	epochs	3.0
952.484834661853	0.01312170000005608	epochs	3.0
952.4979563618531	0.02612499999997908	epochs	2.0
952.4979563618531	0.01308209999990595	epochs	3.0
952.511038461853	0.013042900000073132	epochs	3.0
952.5240813618531	0.025968899999952555	epochs	2.0
952.5240813618531	0.013003899999944224	epochs	3.0
952.537085261853	0.012965000000008331	epochs	3.0
952.550050261853	0.025814500000024054	epochs	2.0
952.550050261853	0.012926399999969362	epochs	3.0
952.562976661853	0.012888100000054692	epochs	3.0
952.575864761853	0.025661900000045534	epochs	2.0
952.575864761853	0.012849899999991976	epochs	3.0
952.588714661853	0.012812000000053558	epochs	3.0
952.6015266618531	0.025511199999982637	epochs	2.0
952.6015266618531	0.012774399999898378	epochs	3.0
952.614301061853	0.012736800000084258	epochs	3.0
952.6270378618531	0.025362299999983406	epochs	2.0
952.6270378618531	0.01269969999998466	epochs	3.0
952.639737561853	0.012662599999998747	epochs	3.0
952.652400161853	0.025215000000002874	epochs	2.0
952.652400161853	0.012625800000023446	epochs	3.0
952.6650259618531	0.012589199999979428	epochs	3.0
952.677615161853	0.024584799999956886	epochs	2.0
952.701270061853	0.5	epochs	-1.0
952.702199961853	0.5222400000000107	epochs	1.0
953.224439961853	0.4776799999999639	epochs	0.0
953.6529998779297	0.03719999999998436	epochs	0.0
953.6529998779297	0.013603999999986627	epochs	1.0
953.6666038779297	0.009992000000011103	epochs	1.0
953.6765958779297	0.013603999999986627	epochs	1.0
953.6901998779297	2.0	epochs	0.0
955.6901998779297	0.5218399999999974	epochs	0.0
955.6901998779297	0.5218399999999974	epochs	1.0
955.6902299779297	0.5	epochs	-1.0
956.1902299779297	0.02180989999999383	epochs	-1.0
956.2120398779297	21.478079999999977	epochs	0.0
957.4299998283386	0.03719999999998436	epochs	0.0
957.4299998283386	0.013603999999986627	epochs	1.0
957.4436038283386	0.009992000000011103	epochs	1.0
957.4535958283386	0.013603999999986627	epochs	1.0
957.4671998283386	2.0	epochs	0.0
959.4671998283386	0.5218399999999974	epochs	0.0
959.4671998283386	0.5218399999999974	epochs	1.0
959.4672299283386	0.5	epochs	-1.0
959.9672299283386	0.02180989999999383	epochs	-1.0
959.9890398283386	21.478079999999977	epochs	0.0
961.2420001029968	0.03719999999998436	epochs	0.0
961.2420001029968	0.013603999999986627	epochs	1.0
961.2556041029968	0.009992000000011103	epochs	1.0
961.2655961029968	0.013603999999986627	epochs	1.0
961.2792001029968	2.0	epochs	0.0
963.2792001029968	0.5216800000000603	epochs	0.0
963.2792001029968	0.5216800000000603	epochs	1.0
963.2792302029968	0.5	epochs	-1.0
963.7792302029968	0.021649900000056732	epochs	-1.0
963.8008801029969	21.478239999999914	epochs	0.0
965.2769999504089	0.03719999999998436	epochs	0.0
965.2769999504089	0.013603999999986627	epochs	1.0
965.2906039504089	0.009992000000011103	epochs	1.0
965.3005959504089	0.013603999999986627	epochs	1.0
965.3141999504089	2.0	epochs	0.0
967.3141999504089	0.5227200000000494	epochs	0.0
967.3141999504089	0.5227200000000494	epochs	1.0
967.3142300504089	0.5	epochs	-1.0
967.8142300504089	0.022689900000045782	epochs	-1.0
967.836919950409	21.477199999999925	epochs	0.0
969.2399997711182	0.03719999999998436	epochs	0.0
969.2399997711182	0.013603999999986627	epochs	1.0
969.2536037711182	0.009992000000011103	epochs	1.0
969.2635957711182	0.013603999999986627	epochs	1.0
969.2771997711181	2.0	epochs	0.0
971.2771997711181	0.5222400000000107	epochs	0.0
971.2771997711181	0.5222400000000107	epochs	1.0
971.2772298711182	0.5	epochs	-1.0
971.7772298711182	0.02220990000000711	epochs	-1.0
971.7994397711182	21.477679999999964	epochs	0.0
973.2670001983643	0.03719999999998436	epochs	0.0
973.2670001983643	0.013603999999986627	epochs	1.0
973.2806041983642	0.009992000000011103	epochs	1.0
973.2905961983643	0.013603999999986627	epochs	1.0
973.3042001983642	2.0	epochs	0.0
975.3042001983642	1.2828799999999774	epochs	0.0
975.3042001983642	1.0	epochs	1.0
975.3042302983642	0.5	epochs	-1.0
975.8042302983642	0.7828498999999738	epochs	-1.0
976.3042001983642	0.28287999999997737	epochs	-1.0
976.3042001983642	0.28287999999997737	epochs	1.0
976.3042001983642	0.28287999999997737	epochs	2.0
976.3042001983642	0.28287999999997737	epochs	3.0
976.5870801983642	20.717039999999997	epochs	0.0
976.9349999427795	0.03719999999998436	epochs	0.0
976.9349999427795	0.013603999999986627	epochs	1.0
976.9486039427795	0.009992000000011103	epochs	1.0
976.9585959427795	0.013603999999986627	epochs	1.0
976.9721999427795	2.0	epochs	0.0
978.9721999427795	1.322400000000016	epochs	0.0
978.9721999427795	1.0	epochs	1.0
978.9722300427795	0.5	epochs	-1.0
979.4722300427795	0.8223699000000124	epochs	-1.0
979.9721999427795	0.322400000000016	epochs	-1.0
979.9721999427795	0.322400000000016	epochs	1.0
979.9721999427795	0.322400000000016	epochs	2.0
979.9721999427795	0.322400000000016	epochs	3.0
980.2945999427795	20.67751999999996	epochs	0.0
980.6589999198914	0.03719999999998436	epochs	0.0
980.6589999198914	0.013603999999986627	epochs	1.0
980.6726039198913	0.009992000000011103	epochs	1.0
980.6825959198914	0.013603999999986627	epochs	1.0
980.6961999198913	2.0	epochs	0.0
982.6961999198913	1.3226399999999785	epochs	0.0
982.6961999198913	1.0	epochs	1.0
982.6962300198913	0.5	epochs	-1.0
983.1962300198913	0.8226098999999749	epochs	-1.0
983.6961999198913	0.3226399999999785	epochs	-1.0
983.6961999198913	0.3226399999999785	epochs	1.0
983.6961999198913	0.3226399999999785	epochs	2.0
983.6961999198913	0.3226399999999785	epochs	3.0
984.0188399198913	20.677279999999996	epochs	0.0
984.3819999694824	0.03719999999998436	epochs	0.0
984.3819999694824	0.013603999999986627	epochs	1.0
984.3956039694824	0.009992000000011103	epochs	1.0
984.4055959694824	0.013603999999986627	epochs	1.0
984.4191999694824	2.0	epochs	0.0
986.4191999694824	0.5224799999999732	epochs	0.0
986.4191999694824	0.5224799999999732	epochs	1.0
986.4192300694824	0.5	epochs	-1.0
986.9192300694824	0.022449899999969603	epochs	-1.0
986.9416799694824	21.47744	epochs	0.0
1016.9400000572205	0.03719999999998436	epochs	0.0
1016.9400000572205	0.013603999999986627	epochs	1.0
1016.9536040572204	0.009992000000011103	epochs	1.0
1016.9635960572205	0.013603999999986627	epochs	1.0
1016.9772000572204	0.2299199999999928	epochs	0.0
1016.9772000572204	0.05000000000006821	epochs	1.0
1017.0272000572205	0.009999999999990905	epochs	1.0
1017.0372000572205	0.049999999999954525	epochs	1.0
1017.0872000572205	0.009999999999990905	epochs	1.0
1017.0972000572204	0.049999999999954525	epochs	1.0
1017.1472000572204	0.010000000000104592	epochs	1.0
1017.1572000572205	0.04991999999992913	epochs	1.0
1536.9029998779297	0.03719999999998436	epochs	0.0
1536.9029998779297	0.013603999999986627	epochs	1.0
1536.9166038779297	0.009992000000011103	epochs	1.0
1536.9265958779297	0.013603999999986627	epochs	1.0
1536.9401998779297	0.2299199999999928	epochs	0.0
1536.9401998779297	0.049999999999954525	epochs	1.0
1536.9901998779296	0.009999999999990905	epochs	1.0
1537.0001998779296	0.0500000000001819	epochs	1.0
1537.0501998779298	0.009999999999990905	epochs	1.0
1537.0601998779298	0.049999999999954525	epochs	1.0
1537.1101998779297	0.009999999999990905	epochs	1.0
1537.1201998779297	0.04991999999992913	epochs	1.0
1568.5460000038147	0.03719999999998436	epochs	0.0
1568.5460000038147	0.013603999999986627	epochs	1.0
1568.5596040038147	0.009992000000011103	epochs	1.0
1568.5695960038147	0.013603999999986627	epochs	1.0
1568.5832000038147	2.9999199999999746	epochs	0.0
1568.5832000038147	1.0	epochs	1.0
1569.5832000038147	1.0	epochs	1.0
1570.5832000038147	0.9999199999999746	epochs	1.0
1572.7509999275208	0.03719999999998436	epochs	0.0
1572.7509999275208	0.013603999999986627	epochs	1.0
1572.7646039275207	0.009992000000011103	epochs	1.0
1572.7745959275207	0.013603999999986627	epochs	1.0
1572.7881999275207	2.9999199999999746	epochs	0.0
1572.7881999275207	1.0	epochs	1.0
1573.7881999275207	1.0	epochs	1.0
1574.7881999275207	0.9999199999999746	epochs	1.0
1577.0830001831055	0.03719999999998436	epochs	0.0
1577.0830001831055	0.013603999999986627	epochs	1.0
1577.0966041831055	0.009992000000011103	epochs	1.0
1577.1065961831055	0.013603999999986627	epochs	1.0
1577.1202001831055	2.9999199999999746	epochs	0.0
1577.1202001831055	1.0	epochs	1.0
1578.1202001831055	1.0	epochs	1.0
1579.1202001831055	0.9999199999999746	epochs	1.0
1581.284999847412	0.03719999999998436	epochs	0.0
1581.284999847412	0.013603999999986627	epochs	1.0
1581.298603847412	0.009992000000011103	epochs	1.0
1581.308595847412	0.013603999999986627	epochs	1.0
1581.322199847412	2.9999199999999746	epochs	0.0
1581.322199847412	1.0	epochs	1.0
1582.322199847412	1.0	epochs	1.0
1583.322199847412	0.9999199999999746	epochs	1.0
1585.5770001411438	0.03719999999998436	epochs	0.0
1585.5770001411438	0.013603999999986627	epochs	1.0
1585.5906041411438	0.009992000000011103	epochs	1.0
1585.6005961411438	0.013603999999986627	epochs	1.0
1585.6142001411438	2.9999199999999746	epochs	0.0
1585.6142001411438	1.0	epochs	1.0
1586.6142001411438	1.0	epochs	1.0
1587.6142001411438	0.9999199999999746	epochs	1.0
1589.8099999427795	0.03719999999998436	epochs	0.0
1589.8099999427795	0.013603999999986627	epochs	1.0
1589.8236039427795	0.009992000000011103	epochs	1.0
1589.8335959427795	0.013603999999986627	epochs	1.0
1589.8471999427795	2.9999199999999746	epochs	0.0
1589.8471999427795	1.0	epochs	1.0
1590.8471999427795	1.0	epochs	1.0
1591.8471999427795	0.9999199999999746	epochs	1.0
1594.0	0.03719999999998436	epochs	0.0
1594.0	0.013603999999986627	epochs	1.0
1594.013604	0.009992000000011103	epochs	1.0
1594.023596	0.013603999999986627	epochs	1.0
1594.0372	2.9999199999999746	epochs	0.0
1594.0372	1.0	epochs	1.0
1595.0372	1.0	epochs	1.0
1596.0372	0.9999199999999746	epochs	1.0
1598.2760000228882	0.03719999999998436	epochs	0.0
1598.2760000228882	0.013603999999986627	epochs	1.0
1598.2896040228882	0.009992000000011103	epochs	1.0
1598.2995960228882	0.013603999999986627	epochs	1.0
1598.3132000228882	2.9999199999999746	epochs	0.0
1598.3132000228882	1.0	epochs	1.0
1599.3132000228882	1.0	epochs	1.0
1600.3132000228882	0.9999199999999746	epochs	1.0
1602.5929999351501	0.03719999999998436	epochs	0.0
1602.5929999351501	0.013603999999986627	epochs	1.0
1602.6066039351501	0.009992000000011103	epochs	1.0
1602.6165959351501	0.013603999999986627	epochs	1.0
1602.6301999351501	2.9999199999999746	epochs	0.0
1602.6301999351501	1.0	epochs	1.0
1603.6301999351501	1.0	epochs	1.0
1604.6301999351501	0.9999199999999746	epochs	1.0
1606.8289999961853	0.03719999999998436	epochs	0.0
1606.8289999961853	0.013603999999986627	epochs	1.0
1606.8426039961853	0.009992000000011103	epochs	1.0
1606.8525959961853	0.013603999999986627	epochs	1.0
1606.8661999961853	2.0217600000000857	epochs	0.0
1606.8661999961853	1.0	epochs	1.0
1607.8661999961853	1.0	epochs	1.0
1608.8661999961853	0.02176000000008571	epochs	1.0
1608.8879599961854	0.9781599999998889	epochs	0.0
